ISO-10303-21;
HEADER;
/****************************************************************
 * Generated by software with PDElib inside                    *
 * PDElib Version v51a, created Wed 07/06/2011                  *
 * ITI Transcendata (http://www.transcendata.com/)              *
 ****************************************************************/
FILE_DESCRIPTION((''),'2;1');
FILE_NAME('C:\\Users\\LOGG\\Documents\\Inventor Lego\\Modelle\\Lochelemente\\64178 Technic Brick 5 x 11 with open Center 3 x 5.stp','2012-03-08T18:38:02',('LOGG'),(''),'Autodesk Inventor 2012','Autodesk Inventor 2012','');
FILE_SCHEMA(('AUTOMOTIVE_DESIGN { 1 0 10303 214 1 1 1 1 }'));
ENDSEC;
DATA;
#5=APPLICATION_CONTEXT('automotive design');
#6=APPLICATION_PROTOCOL_DEFINITION('International Standard','automotive_design',2001,#5);
#7=PRODUCT_CONTEXT('',#5,'mechanical');
#8=PRODUCT('64178 Technic Brick 5 x 11 with open Center 3 x 5','64178 Technic Brick 5 x 11 with open Center 3 x 5',$,(#7));
#9=PRODUCT_RELATED_PRODUCT_CATEGORY('part',$,(#8));
#10=PRODUCT_DEFINITION_FORMATION('',$,#8);
#11=PRODUCT_DEFINITION_CONTEXT('part definition',#5,'design');
#12=PRODUCT_DEFINITION('',$,#10,#11);
#18=(NAMED_UNIT(*)PLANE_ANGLE_UNIT()SI_UNIT($,.RADIAN.));
#19=DIMENSIONAL_EXPONENTS(0.0,0.0,0.0,0.0,0.0,0.0,0.0);
#20=PLANE_ANGLE_MEASURE_WITH_UNIT(PLANE_ANGLE_MEASURE(0.0174532925),#18);
#24=(CONVERSION_BASED_UNIT('DEGREE',#20)NAMED_UNIT(#19)PLANE_ANGLE_UNIT());
#28=(NAMED_UNIT(*)SI_UNIT($,.STERADIAN.)SOLID_ANGLE_UNIT());
#32=(LENGTH_UNIT()NAMED_UNIT(*)SI_UNIT(.MILLI.,.METRE.));
#34=UNCERTAINTY_MEASURE_WITH_UNIT(LENGTH_MEASURE(0.01),#32,'DISTANCE_ACCURACY_VALUE','');
#36=(GEOMETRIC_REPRESENTATION_CONTEXT(3)GLOBAL_UNCERTAINTY_ASSIGNED_CONTEXT((#34))GLOBAL_UNIT_ASSIGNED_CONTEXT((#24,#28,#32))REPRESENTATION_CONTEXT('None','None'));
#37=AXIS2_PLACEMENT_3D('',#38,#39,#40);
#38=CARTESIAN_POINT('',(0.0,0.0,0.0));
#39=DIRECTION('',(0.0,0.0,1.0));
#40=DIRECTION('',(1.0,0.0,0.0));
#41=SHAPE_REPRESENTATION('',(#37),#36);
#42=PRODUCT_DEFINITION_SHAPE('','',#12);
#43=SHAPE_DEFINITION_REPRESENTATION(#42,#41);
#49=(NAMED_UNIT(*)PLANE_ANGLE_UNIT()SI_UNIT($,.RADIAN.));
#50=DIMENSIONAL_EXPONENTS(0.0,0.0,0.0,0.0,0.0,0.0,0.0);
#51=PLANE_ANGLE_MEASURE_WITH_UNIT(PLANE_ANGLE_MEASURE(0.0174532925),#49);
#55=(CONVERSION_BASED_UNIT('DEGREE',#51)NAMED_UNIT(#50)PLANE_ANGLE_UNIT());
#59=(NAMED_UNIT(*)SI_UNIT($,.STERADIAN.)SOLID_ANGLE_UNIT());
#63=(LENGTH_UNIT()NAMED_UNIT(*)SI_UNIT(.MILLI.,.METRE.));
#65=UNCERTAINTY_MEASURE_WITH_UNIT(LENGTH_MEASURE(0.000001),#63,'DISTANCE_ACCURACY_VALUE','');
#67=(GEOMETRIC_REPRESENTATION_CONTEXT(3)GLOBAL_UNCERTAINTY_ASSIGNED_CONTEXT((#65))GLOBAL_UNIT_ASSIGNED_CONTEXT((#55,#59,#63))REPRESENTATION_CONTEXT('','3D'));
#68=CARTESIAN_POINT('',(0.308985935806045,19.899999999999999,3.7));
#69=DIRECTION('',(1.0,0.0,0.0));
#70=DIRECTION('',(0.0,0.70710678118654,0.707106781186555));
#71=AXIS2_PLACEMENT_3D('',#68,#69,#70);
#72=CYLINDRICAL_SURFACE('',#71,0.1);
#73=CARTESIAN_POINT('',(40.0,19.899999999999999,3.8));
#74=VERTEX_POINT('',#73);
#75=CARTESIAN_POINT('',(40.0,19.999999999999996,3.7));
#76=VERTEX_POINT('',#75);
#77=CARTESIAN_POINT('',(40.0,19.899999999999999,3.7));
#78=DIRECTION('',(-1.0,0.0,0.0));
#79=DIRECTION('',(0.0,0.0,1.0));
#80=AXIS2_PLACEMENT_3D('',#77,#78,#79);
#81=CIRCLE('',#80,0.1);
#82=EDGE_CURVE('',#74,#76,#81,.T.);
#83=ORIENTED_EDGE('',*,*,#82,.T.);
#84=CARTESIAN_POINT('',(24.000000000000004,19.999999999999996,3.7));
#85=VERTEX_POINT('',#84);
#86=CARTESIAN_POINT('',(39.999999999999993,19.999999999999996,3.7));
#87=DIRECTION('',(-1.0,0.0,0.0));
#88=VECTOR('',#87,15.999999999999989);
#89=LINE('',#86,#88);
#90=EDGE_CURVE('',#76,#85,#89,.T.);
#91=ORIENTED_EDGE('',*,*,#90,.T.);
#92=CARTESIAN_POINT('',(24.888819441731567,19.899999999999999,3.8));
#93=VERTEX_POINT('',#92);
#94=CARTESIAN_POINT('',(24.888819441731567,19.899999999999999,3.8));
#95=CARTESIAN_POINT('',(24.750789840896488,19.931457280194014,3.8));
#96=CARTESIAN_POINT('',(24.598729143932484,19.957922097498752,3.785539317448155));
#97=CARTESIAN_POINT('',(24.293247777654056,19.992195962717005,3.746614261389881));
#98=CARTESIAN_POINT('',(24.13983171482927,19.999999999999996,3.722109335399381));
#99=CARTESIAN_POINT('',(24.000000000000004,19.999999999999996,3.7));
#100=B_SPLINE_CURVE_WITH_KNOTS('',3,(#94,#95,#96,#97,#98,#99),.UNSPECIFIED.,.F.,.U.,(4,2,4),(0.161940039036326,0.204410685447119,0.246881331857912),.UNSPECIFIED.);
#101=EDGE_CURVE('',#85,#93,#100,.F.);
#102=ORIENTED_EDGE('',*,*,#101,.T.);
#103=CARTESIAN_POINT('',(24.888819441731567,19.899999999999999,3.8));
#104=DIRECTION('',(1.0,0.0,0.0));
#105=VECTOR('',#104,15.111180558268426);
#106=LINE('',#103,#105);
#107=EDGE_CURVE('',#93,#74,#106,.T.);
#108=ORIENTED_EDGE('',*,*,#107,.T.);
#109=EDGE_LOOP('',(#83,#91,#102,#108));
#110=FACE_OUTER_BOUND('',#109,.T.);
#111=ADVANCED_FACE('',(#110),#72,.T.);
#112=CARTESIAN_POINT('',(40.0,19.899999999999999,-2.220446E-015));
#113=DIRECTION('',(0.0,1.0,0.0));
#114=DIRECTION('',(0.0,0.0,1.0));
#115=AXIS2_PLACEMENT_3D('',#112,#113,#114);
#116=TOROIDAL_SURFACE('',#115,3.7,0.1);
#117=CARTESIAN_POINT('',(40.0,19.899999999999999,-3.800000000000003));
#118=VERTEX_POINT('',#117);
#119=CARTESIAN_POINT('',(40.0,19.999999999999996,-3.700000000000002));
#120=VERTEX_POINT('',#119);
#121=CARTESIAN_POINT('',(40.0,19.899999999999999,-3.700000000000002));
#122=DIRECTION('',(1.0,0.0,0.0));
#123=DIRECTION('',(0.0,0.0,-1.0));
#124=AXIS2_PLACEMENT_3D('',#121,#122,#123);
#125=CIRCLE('',#124,0.1);
#126=EDGE_CURVE('',#118,#120,#125,.T.);
#127=ORIENTED_EDGE('',*,*,#126,.T.);
#128=CARTESIAN_POINT('',(40.0,19.999999999999996,-2.220446E-015));
#129=DIRECTION('',(0.0,-1.0,0.0));
#130=DIRECTION('',(1.0,0.0,0.0));
#131=AXIS2_PLACEMENT_3D('',#128,#129,#130);
#132=CIRCLE('',#131,3.7);
#133=EDGE_CURVE('',#120,#76,#132,.T.);
#134=ORIENTED_EDGE('',*,*,#133,.T.);
#135=ORIENTED_EDGE('',*,*,#82,.F.);
#136=CARTESIAN_POINT('',(40.0,19.899999999999999,-2.220446E-015));
#137=DIRECTION('',(0.0,1.0,0.0));
#138=DIRECTION('',(1.0,0.0,0.0));
#139=AXIS2_PLACEMENT_3D('',#136,#137,#138);
#140=CIRCLE('',#139,3.8);
#141=EDGE_CURVE('',#74,#118,#140,.T.);
#142=ORIENTED_EDGE('',*,*,#141,.T.);
#143=EDGE_LOOP('',(#127,#134,#135,#142));
#144=FACE_OUTER_BOUND('',#143,.T.);
#145=ADVANCED_FACE('',(#144),#116,.T.);
#146=CARTESIAN_POINT('',(0.308985935806048,19.899999999999999,-3.7));
#147=DIRECTION('',(-1.0,0.0,0.0));
#148=DIRECTION('',(0.0,0.70710678118654,-0.707106781186555));
#149=AXIS2_PLACEMENT_3D('',#146,#147,#148);
#150=CYLINDRICAL_SURFACE('',#149,0.1);
#151=CARTESIAN_POINT('',(24.888819441731567,19.899999999999999,-3.8));
#152=VERTEX_POINT('',#151);
#153=CARTESIAN_POINT('',(24.0,19.999999999999996,-3.7));
#154=VERTEX_POINT('',#153);
#155=CARTESIAN_POINT('',(24.0,19.999999999999996,-3.7));
#156=CARTESIAN_POINT('',(24.139831714829263,19.999999999999996,-3.722109335399382));
#157=CARTESIAN_POINT('',(24.293247777654052,19.992195962717005,-3.74661426138988));
#158=CARTESIAN_POINT('',(24.598729143932488,19.957922097498752,-3.785539317448155));
#159=CARTESIAN_POINT('',(24.750789840896488,19.931457280194014,-3.8));
#160=CARTESIAN_POINT('',(24.888819441731567,19.899999999999999,-3.8));
#161=B_SPLINE_CURVE_WITH_KNOTS('',3,(#155,#156,#157,#158,#159,#160),.UNSPECIFIED.,.F.,.U.,(4,2,4),(0.0,0.042470646410793,0.084941292821586),.UNSPECIFIED.);
#162=EDGE_CURVE('',#152,#154,#161,.F.);
#163=ORIENTED_EDGE('',*,*,#162,.T.);
#164=CARTESIAN_POINT('',(24.0,19.999999999999996,-3.7));
#165=DIRECTION('',(1.0,0.0,0.0));
#166=VECTOR('',#165,16.0);
#167=LINE('',#164,#166);
#168=EDGE_CURVE('',#154,#120,#167,.T.);
#169=ORIENTED_EDGE('',*,*,#168,.T.);
#170=ORIENTED_EDGE('',*,*,#126,.F.);
#171=CARTESIAN_POINT('',(40.0,19.899999999999999,-3.8));
#172=DIRECTION('',(-1.0,0.0,0.0));
#173=VECTOR('',#172,15.11118055826843);
#174=LINE('',#171,#173);
#175=EDGE_CURVE('',#118,#152,#174,.T.);
#176=ORIENTED_EDGE('',*,*,#175,.T.);
#177=EDGE_LOOP('',(#163,#169,#170,#176));
#178=FACE_OUTER_BOUND('',#177,.T.);
#179=ADVANCED_FACE('',(#178),#150,.T.);
#180=CARTESIAN_POINT('',(24.617971871612099,-2.122596E-015,-3.8));
#181=DIRECTION('',(0.0,0.0,1.0));
#182=DIRECTION('',(1.0,0.0,0.0));
#183=AXIS2_PLACEMENT_3D('',#180,#181,#182);
#184=PLANE('',#183);
#185=ORIENTED_EDGE('',*,*,#175,.F.);
#186=CARTESIAN_POINT('',(40.0,12.799999999999995,-3.800000000000002));
#187=VERTEX_POINT('',#186);
#188=CARTESIAN_POINT('',(40.0,19.899999999999999,-3.800000000000003));
#189=DIRECTION('',(0.0,-1.0,0.0));
#190=VECTOR('',#189,7.100000000000003);
#191=LINE('',#188,#190);
#192=EDGE_CURVE('',#118,#187,#191,.T.);
#193=ORIENTED_EDGE('',*,*,#192,.T.);
#194=CARTESIAN_POINT('',(40.0,11.999999999999996,-3.800000000000003));
#195=VERTEX_POINT('',#194);
#196=CARTESIAN_POINT('',(40.0,12.799999999999995,-3.800000000000003));
#197=DIRECTION('',(0.0,-1.0,0.0));
#198=VECTOR('',#197,0.799999999999999);
#199=LINE('',#196,#198);
#200=EDGE_CURVE('',#187,#195,#199,.T.);
#201=ORIENTED_EDGE('',*,*,#200,.T.);
#202=CARTESIAN_POINT('',(27.899999999999999,11.999999999999996,-3.8));
#203=VERTEX_POINT('',#202);
#204=CARTESIAN_POINT('',(27.900000000000002,11.999999999999996,-3.8));
#205=DIRECTION('',(1.0,0.0,0.0));
#206=VECTOR('',#205,12.099999999999998);
#207=LINE('',#204,#206);
#208=EDGE_CURVE('',#203,#195,#207,.T.);
#209=ORIENTED_EDGE('',*,*,#208,.F.);
#210=CARTESIAN_POINT('',(27.900000000000006,-11.999999999999996,-3.8));
#211=VERTEX_POINT('',#210);
#212=CARTESIAN_POINT('',(27.900000000000002,-11.999999999999996,-3.8));
#213=DIRECTION('',(0.0,1.0,0.0));
#214=VECTOR('',#213,23.999999999999993);
#215=LINE('',#212,#214);
#216=EDGE_CURVE('',#211,#203,#215,.T.);
#217=ORIENTED_EDGE('',*,*,#216,.F.);
#218=CARTESIAN_POINT('',(40.0,-11.999999999999996,-3.800000000000003));
#219=VERTEX_POINT('',#218);
#220=CARTESIAN_POINT('',(40.0,-11.999999999999996,-3.8));
#221=DIRECTION('',(-1.0,0.0,0.0));
#222=VECTOR('',#221,12.099999999999994);
#223=LINE('',#220,#222);
#224=EDGE_CURVE('',#219,#211,#223,.T.);
#225=ORIENTED_EDGE('',*,*,#224,.F.);
#226=CARTESIAN_POINT('',(40.0,-12.799999999999995,-3.800000000000002));
#227=VERTEX_POINT('',#226);
#228=CARTESIAN_POINT('',(40.0,-12.799999999999995,-3.800000000000003));
#229=DIRECTION('',(0.0,1.0,0.0));
#230=VECTOR('',#229,0.799999999999999);
#231=LINE('',#228,#230);
#232=EDGE_CURVE('',#227,#219,#231,.T.);
#233=ORIENTED_EDGE('',*,*,#232,.F.);
#234=CARTESIAN_POINT('',(40.0,-19.899999999999999,-3.800000000000003));
#235=VERTEX_POINT('',#234);
#236=CARTESIAN_POINT('',(40.0,-19.899999999999999,-3.800000000000003));
#237=DIRECTION('',(0.0,1.0,0.0));
#238=VECTOR('',#237,7.100000000000003);
#239=LINE('',#236,#238);
#240=EDGE_CURVE('',#235,#227,#239,.T.);
#241=ORIENTED_EDGE('',*,*,#240,.F.);
#242=CARTESIAN_POINT('',(24.888819441731577,-19.899999999999999,-3.8));
#243=VERTEX_POINT('',#242);
#244=CARTESIAN_POINT('',(24.888819441731574,-19.899999999999999,-3.8));
#245=DIRECTION('',(1.0,0.0,0.0));
#246=VECTOR('',#245,15.111180558268426);
#247=LINE('',#244,#246);
#248=EDGE_CURVE('',#243,#235,#247,.T.);
#249=ORIENTED_EDGE('',*,*,#248,.F.);
#250=CARTESIAN_POINT('',(28.000000000000004,-16.0,-3.8));
#251=VERTEX_POINT('',#250);
#252=CARTESIAN_POINT('',(24.0,-16.0,-3.8));
#253=DIRECTION('',(0.0,0.0,-1.0));
#254=DIRECTION('',(-1.0,0.0,0.0));
#255=AXIS2_PLACEMENT_3D('',#252,#253,#254);
#256=CIRCLE('',#255,4.000000000000004);
#257=EDGE_CURVE('',#251,#243,#256,.T.);
#258=ORIENTED_EDGE('',*,*,#257,.F.);
#259=CARTESIAN_POINT('',(28.000000000000004,-18.900000000000002,-3.8));
#260=VERTEX_POINT('',#259);
#261=CARTESIAN_POINT('',(28.000000000000007,-16.0,-3.8));
#262=DIRECTION('',(0.0,-1.0,0.0));
#263=VECTOR('',#262,2.900000000000006);
#264=LINE('',#261,#263);
#265=EDGE_CURVE('',#251,#260,#264,.T.);
#266=ORIENTED_EDGE('',*,*,#265,.T.);
#267=CARTESIAN_POINT('',(32.0,-18.900000000000002,-3.800000000000004));
#268=VERTEX_POINT('',#267);
#269=CARTESIAN_POINT('',(28.000000000000004,-18.900000000000002,-3.8));
#270=DIRECTION('',(1.0,0.0,0.0));
#271=VECTOR('',#270,3.999999999999996);
#272=LINE('',#269,#271);
#273=EDGE_CURVE('',#260,#268,#272,.T.);
#274=ORIENTED_EDGE('',*,*,#273,.T.);
#275=CARTESIAN_POINT('',(32.0,-13.100000000000003,-3.800000000000004));
#276=VERTEX_POINT('',#275);
#277=CARTESIAN_POINT('',(32.0,-18.900000000000002,-3.8));
#278=DIRECTION('',(0.0,1.0,0.0));
#279=VECTOR('',#278,5.800000000000001);
#280=LINE('',#277,#279);
#281=EDGE_CURVE('',#268,#276,#280,.T.);
#282=ORIENTED_EDGE('',*,*,#281,.T.);
#283=CARTESIAN_POINT('',(28.000000000000004,-13.100000000000003,-3.8));
#284=VERTEX_POINT('',#283);
#285=CARTESIAN_POINT('',(32.0,-13.100000000000003,-3.8));
#286=DIRECTION('',(-1.0,0.0,0.0));
#287=VECTOR('',#286,3.999999999999996);
#288=LINE('',#285,#287);
#289=EDGE_CURVE('',#276,#284,#288,.T.);
#290=ORIENTED_EDGE('',*,*,#289,.T.);
#291=CARTESIAN_POINT('',(28.000000000000007,-13.100000000000001,-3.8));
#292=DIRECTION('',(0.0,-1.0,0.0));
#293=VECTOR('',#292,2.899999999999999);
#294=LINE('',#291,#293);
#295=EDGE_CURVE('',#284,#251,#294,.T.);
#296=ORIENTED_EDGE('',*,*,#295,.T.);
#297=CARTESIAN_POINT('',(23.999999999999993,-12.000000000000007,-3.8));
#298=VERTEX_POINT('',#297);
#299=CARTESIAN_POINT('',(24.0,-16.0,-3.8));
#300=DIRECTION('',(0.0,0.0,-1.0));
#301=DIRECTION('',(-1.0,0.0,0.0));
#302=AXIS2_PLACEMENT_3D('',#299,#300,#301);
#303=CIRCLE('',#302,4.000000000000004);
#304=EDGE_CURVE('',#298,#251,#303,.T.);
#305=ORIENTED_EDGE('',*,*,#304,.F.);
#306=CARTESIAN_POINT('',(20.099999999999987,-12.000000000000007,-3.8));
#307=VERTEX_POINT('',#306);
#308=CARTESIAN_POINT('',(20.099999999999991,-12.000000000000005,-3.8));
#309=DIRECTION('',(1.0,0.0,0.0));
#310=VECTOR('',#309,3.900000000000006);
#311=LINE('',#308,#310);
#312=EDGE_CURVE('',#307,#298,#311,.T.);
#313=ORIENTED_EDGE('',*,*,#312,.F.);
#314=CARTESIAN_POINT('',(20.099999999999987,-11.200000000000001,-3.8));
#315=VERTEX_POINT('',#314);
#316=CARTESIAN_POINT('',(20.099999999999987,-11.200000000000001,-3.8));
#317=DIRECTION('',(0.0,-1.0,0.0));
#318=VECTOR('',#317,0.800000000000006);
#319=LINE('',#316,#318);
#320=EDGE_CURVE('',#315,#307,#319,.T.);
#321=ORIENTED_EDGE('',*,*,#320,.F.);
#322=CARTESIAN_POINT('',(20.800000000000001,-11.200000000000001,-3.800000000000001));
#323=VERTEX_POINT('',#322);
#324=CARTESIAN_POINT('',(20.099999999999987,-11.200000000000001,-3.8));
#325=DIRECTION('',(1.0,0.0,0.0));
#326=VECTOR('',#325,0.700000000000014);
#327=LINE('',#324,#326);
#328=EDGE_CURVE('',#315,#323,#327,.T.);
#329=ORIENTED_EDGE('',*,*,#328,.T.);
#330=CARTESIAN_POINT('',(20.800000000000001,-4.8,-3.799999999999999));
#331=VERTEX_POINT('',#330);
#332=CARTESIAN_POINT('',(20.800000000000001,-11.200000000000003,-3.8));
#333=DIRECTION('',(0.0,1.0,0.0));
#334=VECTOR('',#333,6.400000000000003);
#335=LINE('',#332,#334);
#336=EDGE_CURVE('',#323,#331,#335,.T.);
#337=ORIENTED_EDGE('',*,*,#336,.T.);
#338=CARTESIAN_POINT('',(20.099999999999987,-4.8,-3.8));
#339=VERTEX_POINT('',#338);
#340=CARTESIAN_POINT('',(20.800000000000001,-4.8,-3.8));
#341=DIRECTION('',(-1.0,0.0,0.0));
#342=VECTOR('',#341,0.700000000000014);
#343=LINE('',#340,#342);
#344=EDGE_CURVE('',#331,#339,#343,.T.);
#345=ORIENTED_EDGE('',*,*,#344,.T.);
#346=CARTESIAN_POINT('',(20.099999999999987,-3.200000000000001,-3.8));
#347=VERTEX_POINT('',#346);
#348=CARTESIAN_POINT('',(20.099999999999987,-3.2,-3.8));
#349=DIRECTION('',(0.0,-1.0,0.0));
#350=VECTOR('',#349,1.6);
#351=LINE('',#348,#350);
#352=EDGE_CURVE('',#347,#339,#351,.T.);
#353=ORIENTED_EDGE('',*,*,#352,.F.);
#354=CARTESIAN_POINT('',(20.800000000000001,-3.200000000000001,-3.8));
#355=VERTEX_POINT('',#354);
#356=CARTESIAN_POINT('',(20.099999999999987,-3.200000000000001,-3.8));
#357=DIRECTION('',(1.0,0.0,0.0));
#358=VECTOR('',#357,0.700000000000014);
#359=LINE('',#356,#358);
#360=EDGE_CURVE('',#347,#355,#359,.T.);
#361=ORIENTED_EDGE('',*,*,#360,.T.);
#362=CARTESIAN_POINT('',(20.800000000000001,3.200000000000001,-3.8));
#363=VERTEX_POINT('',#362);
#364=CARTESIAN_POINT('',(20.800000000000001,-3.2,-3.8));
#365=DIRECTION('',(0.0,1.0,0.0));
#366=VECTOR('',#365,6.400000000000001);
#367=LINE('',#364,#366);
#368=EDGE_CURVE('',#355,#363,#367,.T.);
#369=ORIENTED_EDGE('',*,*,#368,.T.);
#370=CARTESIAN_POINT('',(20.099999999999987,3.200000000000001,-3.8));
#371=VERTEX_POINT('',#370);
#372=CARTESIAN_POINT('',(20.800000000000001,3.200000000000001,-3.8));
#373=DIRECTION('',(-1.0,0.0,0.0));
#374=VECTOR('',#373,0.700000000000014);
#375=LINE('',#372,#374);
#376=EDGE_CURVE('',#363,#371,#375,.T.);
#377=ORIENTED_EDGE('',*,*,#376,.T.);
#378=CARTESIAN_POINT('',(20.099999999999987,4.800000000000001,-3.8));
#379=VERTEX_POINT('',#378);
#380=CARTESIAN_POINT('',(20.099999999999984,4.800000000000001,-3.8));
#381=DIRECTION('',(0.0,-1.0,0.0));
#382=VECTOR('',#381,1.6);
#383=LINE('',#380,#382);
#384=EDGE_CURVE('',#379,#371,#383,.T.);
#385=ORIENTED_EDGE('',*,*,#384,.F.);
#386=CARTESIAN_POINT('',(20.800000000000001,4.800000000000001,-3.800000000000001));
#387=VERTEX_POINT('',#386);
#388=CARTESIAN_POINT('',(20.099999999999987,4.800000000000001,-3.8));
#389=DIRECTION('',(1.0,0.0,0.0));
#390=VECTOR('',#389,0.700000000000014);
#391=LINE('',#388,#390);
#392=EDGE_CURVE('',#379,#387,#391,.T.);
#393=ORIENTED_EDGE('',*,*,#392,.T.);
#394=CARTESIAN_POINT('',(20.800000000000001,11.200000000000001,-3.8));
#395=VERTEX_POINT('',#394);
#396=CARTESIAN_POINT('',(20.800000000000001,4.800000000000001,-3.8));
#397=DIRECTION('',(0.0,1.0,0.0));
#398=VECTOR('',#397,6.399999999999999);
#399=LINE('',#396,#398);
#400=EDGE_CURVE('',#387,#395,#399,.T.);
#401=ORIENTED_EDGE('',*,*,#400,.T.);
#402=CARTESIAN_POINT('',(20.099999999999984,11.200000000000001,-3.8));
#403=VERTEX_POINT('',#402);
#404=CARTESIAN_POINT('',(20.800000000000001,11.200000000000001,-3.8));
#405=DIRECTION('',(-1.0,0.0,0.0));
#406=VECTOR('',#405,0.700000000000017);
#407=LINE('',#404,#406);
#408=EDGE_CURVE('',#395,#403,#407,.T.);
#409=ORIENTED_EDGE('',*,*,#408,.T.);
#410=CARTESIAN_POINT('',(20.099999999999984,12.0,-3.8));
#411=VERTEX_POINT('',#410);
#412=CARTESIAN_POINT('',(20.099999999999984,12.000000000000002,-3.8));
#413=DIRECTION('',(0.0,-1.0,0.0));
#414=VECTOR('',#413,0.800000000000001);
#415=LINE('',#412,#414);
#416=EDGE_CURVE('',#411,#403,#415,.T.);
#417=ORIENTED_EDGE('',*,*,#416,.F.);
#418=CARTESIAN_POINT('',(23.999999999999993,12.0,-3.8));
#419=VERTEX_POINT('',#418);
#420=CARTESIAN_POINT('',(23.999999999999993,12.0,-3.8));
#421=DIRECTION('',(-1.0,0.0,0.0));
#422=VECTOR('',#421,3.900000000000009);
#423=LINE('',#420,#422);
#424=EDGE_CURVE('',#419,#411,#423,.T.);
#425=ORIENTED_EDGE('',*,*,#424,.F.);
#426=CARTESIAN_POINT('',(28.000000000000004,16.0,-3.8));
#427=VERTEX_POINT('',#426);
#428=CARTESIAN_POINT('',(24.0,16.0,-3.8));
#429=DIRECTION('',(0.0,0.0,-1.0));
#430=DIRECTION('',(-1.0,0.0,0.0));
#431=AXIS2_PLACEMENT_3D('',#428,#429,#430);
#432=CIRCLE('',#431,3.999999999999999);
#433=EDGE_CURVE('',#427,#419,#432,.T.);
#434=ORIENTED_EDGE('',*,*,#433,.F.);
#435=CARTESIAN_POINT('',(28.000000000000004,13.100000000000003,-3.8));
#436=VERTEX_POINT('',#435);
#437=CARTESIAN_POINT('',(28.000000000000007,16.0,-3.8));
#438=DIRECTION('',(0.0,-1.0,0.0));
#439=VECTOR('',#438,2.899999999999999);
#440=LINE('',#437,#439);
#441=EDGE_CURVE('',#427,#436,#440,.T.);
#442=ORIENTED_EDGE('',*,*,#441,.T.);
#443=CARTESIAN_POINT('',(32.0,13.100000000000003,-3.800000000000004));
#444=VERTEX_POINT('',#443);
#445=CARTESIAN_POINT('',(28.000000000000004,13.100000000000003,-3.8));
#446=DIRECTION('',(1.0,0.0,0.0));
#447=VECTOR('',#446,3.999999999999996);
#448=LINE('',#445,#447);
#449=EDGE_CURVE('',#436,#444,#448,.T.);
#450=ORIENTED_EDGE('',*,*,#449,.T.);
#451=CARTESIAN_POINT('',(32.0,18.900000000000002,-3.800000000000004));
#452=VERTEX_POINT('',#451);
#453=CARTESIAN_POINT('',(32.0,13.100000000000001,-3.8));
#454=DIRECTION('',(0.0,1.0,0.0));
#455=VECTOR('',#454,5.800000000000001);
#456=LINE('',#453,#455);
#457=EDGE_CURVE('',#444,#452,#456,.T.);
#458=ORIENTED_EDGE('',*,*,#457,.T.);
#459=CARTESIAN_POINT('',(28.000000000000004,18.900000000000002,-3.8));
#460=VERTEX_POINT('',#459);
#461=CARTESIAN_POINT('',(32.0,18.900000000000002,-3.8));
#462=DIRECTION('',(-1.0,0.0,0.0));
#463=VECTOR('',#462,3.999999999999996);
#464=LINE('',#461,#463);
#465=EDGE_CURVE('',#452,#460,#464,.T.);
#466=ORIENTED_EDGE('',*,*,#465,.T.);
#467=CARTESIAN_POINT('',(28.000000000000007,18.900000000000006,-3.8));
#468=DIRECTION('',(0.0,-1.0,0.0));
#469=VECTOR('',#468,2.900000000000006);
#470=LINE('',#467,#469);
#471=EDGE_CURVE('',#460,#427,#470,.T.);
#472=ORIENTED_EDGE('',*,*,#471,.T.);
#473=CARTESIAN_POINT('',(24.0,16.0,-3.8));
#474=DIRECTION('',(0.0,0.0,-1.0));
#475=DIRECTION('',(-1.0,0.0,0.0));
#476=AXIS2_PLACEMENT_3D('',#473,#474,#475);
#477=CIRCLE('',#476,3.999999999999999);
#478=EDGE_CURVE('',#152,#427,#477,.T.);
#479=ORIENTED_EDGE('',*,*,#478,.F.);
#480=EDGE_LOOP('',(#185,#193,#201,#209,#217,#225,#233,#241,#249,#258,#266,#274,#282,#290,#296,#305,#313,#321,#329,#337,#345,#353,#361,#369,#377,#385,#393,#401,#409,#417,#425,#434,#442,#450,#458,#466,#472,#479));
#481=FACE_OUTER_BOUND('',#480,.T.);
#482=ADVANCED_FACE('',(#481),#184,.F.);
#483=CARTESIAN_POINT('',(40.0,20.0,-2.220446E-015));
#484=DIRECTION('',(0.0,-1.0,0.0));
#485=DIRECTION('',(0.0,0.0,1.0));
#486=AXIS2_PLACEMENT_3D('',#483,#484,#485);
#487=CYLINDRICAL_SURFACE('',#486,3.8);
#488=ORIENTED_EDGE('',*,*,#141,.F.);
#489=CARTESIAN_POINT('',(40.0,12.799999999999995,3.8));
#490=VERTEX_POINT('',#489);
#491=CARTESIAN_POINT('',(40.0,19.899999999999999,3.8));
#492=DIRECTION('',(0.0,-1.0,0.0));
#493=VECTOR('',#492,7.100000000000003);
#494=LINE('',#491,#493);
#495=EDGE_CURVE('',#74,#490,#494,.T.);
#496=ORIENTED_EDGE('',*,*,#495,.T.);
#497=CARTESIAN_POINT('',(40.0,12.799999999999995,-2.220446E-015));
#498=DIRECTION('',(0.0,1.0,0.0));
#499=DIRECTION('',(0.0,0.0,1.0));
#500=AXIS2_PLACEMENT_3D('',#497,#498,#499);
#501=CIRCLE('',#500,3.8);
#502=EDGE_CURVE('',#490,#187,#501,.T.);
#503=ORIENTED_EDGE('',*,*,#502,.T.);
#504=ORIENTED_EDGE('',*,*,#192,.F.);
#505=EDGE_LOOP('',(#488,#496,#503,#504));
#506=FACE_OUTER_BOUND('',#505,.T.);
#507=ADVANCED_FACE('',(#506),#487,.T.);
#508=CARTESIAN_POINT('',(24.617971871612095,-2.081668E-015,3.8));
#509=DIRECTION('',(0.0,0.0,1.0));
#510=DIRECTION('',(1.0,0.0,0.0));
#511=AXIS2_PLACEMENT_3D('',#508,#509,#510);
#512=PLANE('',#511);
#513=ORIENTED_EDGE('',*,*,#107,.F.);
#514=CARTESIAN_POINT('',(28.000000000000004,16.0,3.8));
#515=VERTEX_POINT('',#514);
#516=CARTESIAN_POINT('',(24.0,16.0,3.8));
#517=DIRECTION('',(0.0,0.0,1.0));
#518=DIRECTION('',(-1.0,0.0,0.0));
#519=AXIS2_PLACEMENT_3D('',#516,#517,#518);
#520=CIRCLE('',#519,3.999999999999999);
#521=EDGE_CURVE('',#515,#93,#520,.T.);
#522=ORIENTED_EDGE('',*,*,#521,.F.);
#523=CARTESIAN_POINT('',(28.000000000000004,18.900000000000002,3.8));
#524=VERTEX_POINT('',#523);
#525=CARTESIAN_POINT('',(28.000000000000004,16.0,3.8));
#526=DIRECTION('',(0.0,1.0,0.0));
#527=VECTOR('',#526,2.900000000000006);
#528=LINE('',#525,#527);
#529=EDGE_CURVE('',#515,#524,#528,.T.);
#530=ORIENTED_EDGE('',*,*,#529,.T.);
#531=CARTESIAN_POINT('',(32.0,18.900000000000002,3.8));
#532=VERTEX_POINT('',#531);
#533=CARTESIAN_POINT('',(28.000000000000004,18.900000000000002,3.8));
#534=DIRECTION('',(1.0,0.0,0.0));
#535=VECTOR('',#534,3.999999999999996);
#536=LINE('',#533,#535);
#537=EDGE_CURVE('',#524,#532,#536,.T.);
#538=ORIENTED_EDGE('',*,*,#537,.T.);
#539=CARTESIAN_POINT('',(32.0,13.100000000000003,3.8));
#540=VERTEX_POINT('',#539);
#541=CARTESIAN_POINT('',(32.0,13.100000000000001,3.8));
#542=DIRECTION('',(0.0,1.0,0.0));
#543=VECTOR('',#542,5.800000000000001);
#544=LINE('',#541,#543);
#545=EDGE_CURVE('',#540,#532,#544,.T.);
#546=ORIENTED_EDGE('',*,*,#545,.F.);
#547=CARTESIAN_POINT('',(28.000000000000004,13.100000000000003,3.8));
#548=VERTEX_POINT('',#547);
#549=CARTESIAN_POINT('',(32.0,13.100000000000003,3.8));
#550=DIRECTION('',(-1.0,0.0,0.0));
#551=VECTOR('',#550,3.999999999999996);
#552=LINE('',#549,#551);
#553=EDGE_CURVE('',#540,#548,#552,.T.);
#554=ORIENTED_EDGE('',*,*,#553,.T.);
#555=CARTESIAN_POINT('',(28.000000000000004,13.100000000000001,3.8));
#556=DIRECTION('',(0.0,1.0,0.0));
#557=VECTOR('',#556,2.899999999999999);
#558=LINE('',#555,#557);
#559=EDGE_CURVE('',#548,#515,#558,.T.);
#560=ORIENTED_EDGE('',*,*,#559,.T.);
#561=CARTESIAN_POINT('',(23.999999999999993,12.0,3.8));
#562=VERTEX_POINT('',#561);
#563=CARTESIAN_POINT('',(24.0,16.0,3.8));
#564=DIRECTION('',(0.0,0.0,1.0));
#565=DIRECTION('',(-1.0,0.0,0.0));
#566=AXIS2_PLACEMENT_3D('',#563,#564,#565);
#567=CIRCLE('',#566,3.999999999999999);
#568=EDGE_CURVE('',#562,#515,#567,.T.);
#569=ORIENTED_EDGE('',*,*,#568,.F.);
#570=CARTESIAN_POINT('',(26.900000000000009,12.0,3.8));
#571=VERTEX_POINT('',#570);
#572=CARTESIAN_POINT('',(23.999999999999993,12.0,3.8));
#573=DIRECTION('',(1.0,0.0,0.0));
#574=VECTOR('',#573,2.900000000000016);
#575=LINE('',#572,#574);
#576=EDGE_CURVE('',#562,#571,#575,.T.);
#577=ORIENTED_EDGE('',*,*,#576,.T.);
#578=CARTESIAN_POINT('',(26.900000000000009,7.999999999999996,3.8));
#579=VERTEX_POINT('',#578);
#580=CARTESIAN_POINT('',(26.900000000000009,12.0,3.8));
#581=DIRECTION('',(0.0,-1.0,0.0));
#582=VECTOR('',#581,4.000000000000004);
#583=LINE('',#580,#582);
#584=EDGE_CURVE('',#571,#579,#583,.T.);
#585=ORIENTED_EDGE('',*,*,#584,.T.);
#586=CARTESIAN_POINT('',(21.100000000000009,7.999999999999996,3.8));
#587=VERTEX_POINT('',#586);
#588=CARTESIAN_POINT('',(21.100000000000009,8.0,3.8));
#589=DIRECTION('',(1.0,0.0,0.0));
#590=VECTOR('',#589,5.800000000000001);
#591=LINE('',#588,#590);
#592=EDGE_CURVE('',#587,#579,#591,.T.);
#593=ORIENTED_EDGE('',*,*,#592,.F.);
#594=CARTESIAN_POINT('',(21.100000000000009,12.0,3.8));
#595=VERTEX_POINT('',#594);
#596=CARTESIAN_POINT('',(21.100000000000009,7.999999999999996,3.8));
#597=DIRECTION('',(0.0,1.0,0.0));
#598=VECTOR('',#597,4.000000000000004);
#599=LINE('',#596,#598);
#600=EDGE_CURVE('',#587,#595,#599,.T.);
#601=ORIENTED_EDGE('',*,*,#600,.T.);
#602=CARTESIAN_POINT('',(20.09999999999998,12.0,3.8));
#603=VERTEX_POINT('',#602);
#604=CARTESIAN_POINT('',(20.09999999999998,12.0,3.8));
#605=DIRECTION('',(1.0,0.0,0.0));
#606=VECTOR('',#605,1.000000000000025);
#607=LINE('',#604,#606);
#608=EDGE_CURVE('',#603,#595,#607,.T.);
#609=ORIENTED_EDGE('',*,*,#608,.F.);
#610=CARTESIAN_POINT('',(20.09999999999998,-12.000000000000007,3.8));
#611=VERTEX_POINT('',#610);
#612=CARTESIAN_POINT('',(20.099999999999984,-12.000000000000007,3.8));
#613=DIRECTION('',(0.0,1.0,0.0));
#614=VECTOR('',#613,24.000000000000007);
#615=LINE('',#612,#614);
#616=EDGE_CURVE('',#611,#603,#615,.T.);
#617=ORIENTED_EDGE('',*,*,#616,.F.);
#618=CARTESIAN_POINT('',(21.100000000000009,-12.0,3.8));
#619=VERTEX_POINT('',#618);
#620=CARTESIAN_POINT('',(21.100000000000012,-12.000000000000005,3.8));
#621=DIRECTION('',(-1.0,0.0,0.0));
#622=VECTOR('',#621,1.000000000000036);
#623=LINE('',#620,#622);
#624=EDGE_CURVE('',#619,#611,#623,.T.);
#625=ORIENTED_EDGE('',*,*,#624,.F.);
#626=CARTESIAN_POINT('',(21.100000000000009,-7.999999999999996,3.8));
#627=VERTEX_POINT('',#626);
#628=CARTESIAN_POINT('',(21.100000000000009,-12.0,3.8));
#629=DIRECTION('',(0.0,1.0,0.0));
#630=VECTOR('',#629,4.000000000000004);
#631=LINE('',#628,#630);
#632=EDGE_CURVE('',#619,#627,#631,.T.);
#633=ORIENTED_EDGE('',*,*,#632,.T.);
#634=CARTESIAN_POINT('',(26.900000000000009,-7.999999999999996,3.8));
#635=VERTEX_POINT('',#634);
#636=CARTESIAN_POINT('',(26.900000000000009,-8.0,3.8));
#637=DIRECTION('',(-1.0,0.0,0.0));
#638=VECTOR('',#637,5.800000000000001);
#639=LINE('',#636,#638);
#640=EDGE_CURVE('',#635,#627,#639,.T.);
#641=ORIENTED_EDGE('',*,*,#640,.F.);
#642=CARTESIAN_POINT('',(26.900000000000009,-12.0,3.8));
#643=VERTEX_POINT('',#642);
#644=CARTESIAN_POINT('',(26.900000000000009,-7.999999999999996,3.8));
#645=DIRECTION('',(0.0,-1.0,0.0));
#646=VECTOR('',#645,4.000000000000004);
#647=LINE('',#644,#646);
#648=EDGE_CURVE('',#635,#643,#647,.T.);
#649=ORIENTED_EDGE('',*,*,#648,.T.);
#650=CARTESIAN_POINT('',(23.999999999999993,-12.000000000000007,3.8));
#651=VERTEX_POINT('',#650);
#652=CARTESIAN_POINT('',(26.900000000000009,-12.0,3.8));
#653=DIRECTION('',(-1.0,0.0,0.0));
#654=VECTOR('',#653,2.900000000000016);
#655=LINE('',#652,#654);
#656=EDGE_CURVE('',#643,#651,#655,.T.);
#657=ORIENTED_EDGE('',*,*,#656,.T.);
#658=CARTESIAN_POINT('',(28.000000000000004,-16.0,3.8));
#659=VERTEX_POINT('',#658);
#660=CARTESIAN_POINT('',(24.0,-16.0,3.8));
#661=DIRECTION('',(0.0,0.0,1.0));
#662=DIRECTION('',(-1.0,0.0,0.0));
#663=AXIS2_PLACEMENT_3D('',#660,#661,#662);
#664=CIRCLE('',#663,4.000000000000004);
#665=EDGE_CURVE('',#659,#651,#664,.T.);
#666=ORIENTED_EDGE('',*,*,#665,.F.);
#667=CARTESIAN_POINT('',(28.000000000000004,-13.100000000000003,3.8));
#668=VERTEX_POINT('',#667);
#669=CARTESIAN_POINT('',(28.000000000000004,-16.0,3.8));
#670=DIRECTION('',(0.0,1.0,0.0));
#671=VECTOR('',#670,2.899999999999999);
#672=LINE('',#669,#671);
#673=EDGE_CURVE('',#659,#668,#672,.T.);
#674=ORIENTED_EDGE('',*,*,#673,.T.);
#675=CARTESIAN_POINT('',(32.0,-13.100000000000003,3.8));
#676=VERTEX_POINT('',#675);
#677=CARTESIAN_POINT('',(28.000000000000004,-13.100000000000003,3.8));
#678=DIRECTION('',(1.0,0.0,0.0));
#679=VECTOR('',#678,3.999999999999996);
#680=LINE('',#677,#679);
#681=EDGE_CURVE('',#668,#676,#680,.T.);
#682=ORIENTED_EDGE('',*,*,#681,.T.);
#683=CARTESIAN_POINT('',(32.0,-18.900000000000002,3.8));
#684=VERTEX_POINT('',#683);
#685=CARTESIAN_POINT('',(32.0,-18.900000000000002,3.8));
#686=DIRECTION('',(0.0,1.0,0.0));
#687=VECTOR('',#686,5.800000000000001);
#688=LINE('',#685,#687);
#689=EDGE_CURVE('',#684,#676,#688,.T.);
#690=ORIENTED_EDGE('',*,*,#689,.F.);
#691=CARTESIAN_POINT('',(28.000000000000004,-18.900000000000002,3.8));
#692=VERTEX_POINT('',#691);
#693=CARTESIAN_POINT('',(32.0,-18.900000000000002,3.8));
#694=DIRECTION('',(-1.0,0.0,0.0));
#695=VECTOR('',#694,3.999999999999996);
#696=LINE('',#693,#695);
#697=EDGE_CURVE('',#684,#692,#696,.T.);
#698=ORIENTED_EDGE('',*,*,#697,.T.);
#699=CARTESIAN_POINT('',(28.000000000000004,-18.900000000000006,3.8));
#700=DIRECTION('',(0.0,1.0,0.0));
#701=VECTOR('',#700,2.900000000000006);
#702=LINE('',#699,#701);
#703=EDGE_CURVE('',#692,#659,#702,.T.);
#704=ORIENTED_EDGE('',*,*,#703,.T.);
#705=CARTESIAN_POINT('',(24.888819441731577,-19.899999999999999,3.8));
#706=VERTEX_POINT('',#705);
#707=CARTESIAN_POINT('',(24.0,-16.0,3.8));
#708=DIRECTION('',(0.0,0.0,1.0));
#709=DIRECTION('',(-1.0,0.0,0.0));
#710=AXIS2_PLACEMENT_3D('',#707,#708,#709);
#711=CIRCLE('',#710,4.000000000000004);
#712=EDGE_CURVE('',#706,#659,#711,.T.);
#713=ORIENTED_EDGE('',*,*,#712,.F.);
#714=CARTESIAN_POINT('',(40.0,-19.899999999999999,3.8));
#715=VERTEX_POINT('',#714);
#716=CARTESIAN_POINT('',(40.0,-19.899999999999999,3.8));
#717=DIRECTION('',(-1.0,0.0,0.0));
#718=VECTOR('',#717,15.111180558268423);
#719=LINE('',#716,#718);
#720=EDGE_CURVE('',#715,#706,#719,.T.);
#721=ORIENTED_EDGE('',*,*,#720,.F.);
#722=CARTESIAN_POINT('',(40.0,-12.799999999999995,3.8));
#723=VERTEX_POINT('',#722);
#724=CARTESIAN_POINT('',(40.0,-19.899999999999999,3.8));
#725=DIRECTION('',(0.0,1.0,0.0));
#726=VECTOR('',#725,7.100000000000003);
#727=LINE('',#724,#726);
#728=EDGE_CURVE('',#715,#723,#727,.T.);
#729=ORIENTED_EDGE('',*,*,#728,.T.);
#730=CARTESIAN_POINT('',(40.0,-11.999999999999996,3.8));
#731=VERTEX_POINT('',#730);
#732=CARTESIAN_POINT('',(40.0,-12.799999999999995,3.8));
#733=DIRECTION('',(0.0,1.0,0.0));
#734=VECTOR('',#733,0.799999999999999);
#735=LINE('',#732,#734);
#736=EDGE_CURVE('',#723,#731,#735,.T.);
#737=ORIENTED_EDGE('',*,*,#736,.T.);
#738=CARTESIAN_POINT('',(27.900000000000006,-11.999999999999996,3.8));
#739=VERTEX_POINT('',#738);
#740=CARTESIAN_POINT('',(27.900000000000006,-11.999999999999996,3.8));
#741=DIRECTION('',(1.0,0.0,0.0));
#742=VECTOR('',#741,12.099999999999994);
#743=LINE('',#740,#742);
#744=EDGE_CURVE('',#739,#731,#743,.T.);
#745=ORIENTED_EDGE('',*,*,#744,.F.);
#746=CARTESIAN_POINT('',(27.899999999999999,11.999999999999996,3.8));
#747=VERTEX_POINT('',#746);
#748=CARTESIAN_POINT('',(27.899999999999999,11.999999999999996,3.8));
#749=DIRECTION('',(0.0,-1.0,0.0));
#750=VECTOR('',#749,23.999999999999993);
#751=LINE('',#748,#750);
#752=EDGE_CURVE('',#747,#739,#751,.T.);
#753=ORIENTED_EDGE('',*,*,#752,.F.);
#754=CARTESIAN_POINT('',(40.0,11.999999999999996,3.8));
#755=VERTEX_POINT('',#754);
#756=CARTESIAN_POINT('',(40.0,11.999999999999996,3.8));
#757=DIRECTION('',(-1.0,0.0,0.0));
#758=VECTOR('',#757,12.100000000000001);
#759=LINE('',#756,#758);
#760=EDGE_CURVE('',#755,#747,#759,.T.);
#761=ORIENTED_EDGE('',*,*,#760,.F.);
#762=CARTESIAN_POINT('',(40.0,12.799999999999995,3.8));
#763=DIRECTION('',(0.0,-1.0,0.0));
#764=VECTOR('',#763,0.799999999999999);
#765=LINE('',#762,#764);
#766=EDGE_CURVE('',#490,#755,#765,.T.);
#767=ORIENTED_EDGE('',*,*,#766,.F.);
#768=ORIENTED_EDGE('',*,*,#495,.F.);
#769=EDGE_LOOP('',(#513,#522,#530,#538,#546,#554,#560,#569,#577,#585,#593,#601,#609,#617,#625,#633,#641,#649,#657,#666,#674,#682,#690,#698,#704,#713,#721,#729,#737,#745,#753,#761,#767,#768));
#770=FACE_OUTER_BOUND('',#769,.T.);
#771=ADVANCED_FACE('',(#770),#512,.T.);
#772=CARTESIAN_POINT('',(24.308985935806042,-19.899999999999999,3.7));
#773=DIRECTION('',(1.0,9.251859E-017,0.0));
#774=DIRECTION('',(0.0,-0.707106781186555,0.70710678118654));
#775=AXIS2_PLACEMENT_3D('',#772,#773,#774);
#776=CYLINDRICAL_SURFACE('',#775,0.1);
#777=CARTESIAN_POINT('',(40.0,-19.999999999999996,3.7));
#778=VERTEX_POINT('',#777);
#779=CARTESIAN_POINT('',(40.0,-19.899999999999999,3.7));
#780=DIRECTION('',(-1.0,0.0,0.0));
#781=DIRECTION('',(0.0,-1.0,0.0));
#782=AXIS2_PLACEMENT_3D('',#779,#780,#781);
#783=CIRCLE('',#782,0.1);
#784=EDGE_CURVE('',#778,#715,#783,.T.);
#785=ORIENTED_EDGE('',*,*,#784,.T.);
#786=ORIENTED_EDGE('',*,*,#720,.T.);
#787=CARTESIAN_POINT('',(24.0,-20.0,3.7));
#788=VERTEX_POINT('',#787);
#789=CARTESIAN_POINT('',(24.0,-20.0,3.7));
#790=CARTESIAN_POINT('',(24.151189108241695,-20.0,3.723905096972675));
#791=CARTESIAN_POINT('',(24.332323629652635,-19.989066765465829,3.752354590771478));
#792=CARTESIAN_POINT('',(24.610566963728267,-19.955208889788981,3.786212466448329));
#793=CARTESIAN_POINT('',(24.762785145481907,-19.92872352123889,3.800000000000001));
#794=CARTESIAN_POINT('',(24.888819441731584,-19.899999999999999,3.8));
#795=B_SPLINE_CURVE_WITH_KNOTS('',3,(#789,#790,#791,#792,#793,#794),.UNSPECIFIED.,.F.,.U.,(4,2,4),(0.0,0.045920191747175,0.084699975208615),.UNSPECIFIED.);
#796=EDGE_CURVE('',#706,#788,#795,.F.);
#797=ORIENTED_EDGE('',*,*,#796,.T.);
#798=CARTESIAN_POINT('',(24.0,-20.0,3.7));
#799=DIRECTION('',(1.0,0.0,0.0));
#800=VECTOR('',#799,16.0);
#801=LINE('',#798,#800);
#802=EDGE_CURVE('',#788,#778,#801,.T.);
#803=ORIENTED_EDGE('',*,*,#802,.T.);
#804=EDGE_LOOP('',(#785,#786,#797,#803));
#805=FACE_OUTER_BOUND('',#804,.T.);
#806=ADVANCED_FACE('',(#805),#776,.T.);
#807=CARTESIAN_POINT('',(40.0,-19.899999999999999,-2.220446E-015));
#808=DIRECTION('',(-9.251859E-017,1.0,0.0));
#809=DIRECTION('',(0.0,0.0,1.0));
#810=AXIS2_PLACEMENT_3D('',#807,#808,#809);
#811=TOROIDAL_SURFACE('',#810,3.7,0.1);
#812=CARTESIAN_POINT('',(40.0,-19.999999999999996,-3.700000000000002));
#813=VERTEX_POINT('',#812);
#814=CARTESIAN_POINT('',(40.0,-19.899999999999999,-3.700000000000002));
#815=DIRECTION('',(1.0,0.0,0.0));
#816=DIRECTION('',(0.0,-1.0,0.0));
#817=AXIS2_PLACEMENT_3D('',#814,#815,#816);
#818=CIRCLE('',#817,0.099999999999998);
#819=EDGE_CURVE('',#813,#235,#818,.T.);
#820=ORIENTED_EDGE('',*,*,#819,.T.);
#821=CARTESIAN_POINT('',(40.0,-19.899999999999999,-2.220446E-015));
#822=DIRECTION('',(0.0,-1.0,0.0));
#823=DIRECTION('',(1.0,0.0,0.0));
#824=AXIS2_PLACEMENT_3D('',#821,#822,#823);
#825=CIRCLE('',#824,3.8);
#826=EDGE_CURVE('',#235,#715,#825,.T.);
#827=ORIENTED_EDGE('',*,*,#826,.T.);
#828=ORIENTED_EDGE('',*,*,#784,.F.);
#829=CARTESIAN_POINT('',(40.0,-19.999999999999996,-2.220446E-015));
#830=DIRECTION('',(0.0,1.0,0.0));
#831=DIRECTION('',(1.0,0.0,0.0));
#832=AXIS2_PLACEMENT_3D('',#829,#830,#831);
#833=CIRCLE('',#832,3.7);
#834=EDGE_CURVE('',#778,#813,#833,.T.);
#835=ORIENTED_EDGE('',*,*,#834,.T.);
#836=EDGE_LOOP('',(#820,#827,#828,#835));
#837=FACE_OUTER_BOUND('',#836,.T.);
#838=ADVANCED_FACE('',(#837),#811,.T.);
#839=CARTESIAN_POINT('',(24.308985935806046,-19.899999999999999,-3.7));
#840=DIRECTION('',(-1.0,-9.251859E-017,0.0));
#841=DIRECTION('',(0.0,-0.707106781186555,-0.70710678118654));
#842=AXIS2_PLACEMENT_3D('',#839,#840,#841);
#843=CYLINDRICAL_SURFACE('',#842,0.1);
#844=CARTESIAN_POINT('',(24.0,-20.0,-3.7));
#845=VERTEX_POINT('',#844);
#846=CARTESIAN_POINT('',(24.888819441731588,-19.899999999999999,-3.8));
#847=CARTESIAN_POINT('',(24.76278514548191,-19.92872352123889,-3.800000000000001));
#848=CARTESIAN_POINT('',(24.610566963728267,-19.955208889788981,-3.786212466448329));
#849=CARTESIAN_POINT('',(24.332323629652635,-19.989066765465829,-3.752354590771478));
#850=CARTESIAN_POINT('',(24.151189108241695,-20.0,-3.723905096972675));
#851=CARTESIAN_POINT('',(24.0,-20.0,-3.7));
#852=B_SPLINE_CURVE_WITH_KNOTS('',3,(#846,#847,#848,#849,#850,#851),.UNSPECIFIED.,.F.,.U.,(4,2,4),(0.161940039036326,0.200719822497765,0.24664001424494),.UNSPECIFIED.);
#853=EDGE_CURVE('',#845,#243,#852,.F.);
#854=ORIENTED_EDGE('',*,*,#853,.T.);
#855=ORIENTED_EDGE('',*,*,#248,.T.);
#856=ORIENTED_EDGE('',*,*,#819,.F.);
#857=CARTESIAN_POINT('',(40.0,-20.0,-3.7));
#858=DIRECTION('',(-1.0,0.0,0.0));
#859=VECTOR('',#858,16.0);
#860=LINE('',#857,#859);
#861=EDGE_CURVE('',#813,#845,#860,.T.);
#862=ORIENTED_EDGE('',*,*,#861,.T.);
#863=EDGE_LOOP('',(#854,#855,#856,#862));
#864=FACE_OUTER_BOUND('',#863,.T.);
#865=ADVANCED_FACE('',(#864),#843,.T.);
#866=CARTESIAN_POINT('',(23.999999999999993,-20.0,0.0));
#867=DIRECTION('',(0.0,-1.0,0.0));
#868=DIRECTION('',(0.0,0.0,-1.0));
#869=AXIS2_PLACEMENT_3D('',#866,#867,#868);
#870=PLANE('',#869);
#871=CARTESIAN_POINT('',(24.0,-20.0,-3.9));
#872=VERTEX_POINT('',#871);
#873=CARTESIAN_POINT('',(24.0,-20.0,-3.9));
#874=DIRECTION('',(0.0,0.0,1.0));
#875=VECTOR('',#874,0.2);
#876=LINE('',#873,#875);
#877=EDGE_CURVE('',#872,#845,#876,.T.);
#878=ORIENTED_EDGE('',*,*,#877,.T.);
#879=ORIENTED_EDGE('',*,*,#861,.F.);
#880=ORIENTED_EDGE('',*,*,#834,.F.);
#881=ORIENTED_EDGE('',*,*,#802,.F.);
#882=CARTESIAN_POINT('',(24.0,-20.0,3.9));
#883=VERTEX_POINT('',#882);
#884=CARTESIAN_POINT('',(24.0,-20.0,3.7));
#885=DIRECTION('',(0.0,0.0,1.0));
#886=VECTOR('',#885,0.2);
#887=LINE('',#884,#886);
#888=EDGE_CURVE('',#788,#883,#887,.T.);
#889=ORIENTED_EDGE('',*,*,#888,.T.);
#890=CARTESIAN_POINT('',(-24.000000000000004,-20.0,3.9));
#891=VERTEX_POINT('',#890);
#892=CARTESIAN_POINT('',(-24.000000000000004,-20.000000000000004,3.9));
#893=DIRECTION('',(1.0,0.0,0.0));
#894=VECTOR('',#893,48.0);
#895=LINE('',#892,#894);
#896=EDGE_CURVE('',#891,#883,#895,.T.);
#897=ORIENTED_EDGE('',*,*,#896,.F.);
#898=CARTESIAN_POINT('',(-24.000000000000004,-20.000000000000004,3.7));
#899=VERTEX_POINT('',#898);
#900=CARTESIAN_POINT('',(-24.000000000000004,-20.0,3.7));
#901=DIRECTION('',(0.0,0.0,1.0));
#902=VECTOR('',#901,0.2);
#903=LINE('',#900,#902);
#904=EDGE_CURVE('',#899,#891,#903,.T.);
#905=ORIENTED_EDGE('',*,*,#904,.F.);
#906=CARTESIAN_POINT('',(-40.0,-20.000000000000007,3.7));
#907=VERTEX_POINT('',#906);
#908=CARTESIAN_POINT('',(-40.000000000000007,-20.000000000000007,3.7));
#909=DIRECTION('',(1.0,0.0,0.0));
#910=VECTOR('',#909,16.000000000000004);
#911=LINE('',#908,#910);
#912=EDGE_CURVE('',#907,#899,#911,.T.);
#913=ORIENTED_EDGE('',*,*,#912,.F.);
#914=CARTESIAN_POINT('',(-40.0,-20.000000000000004,-3.700000000000002));
#915=VERTEX_POINT('',#914);
#916=CARTESIAN_POINT('',(-40.0,-20.000000000000004,-2.220446E-015));
#917=DIRECTION('',(0.0,1.0,0.0));
#918=DIRECTION('',(-1.0,0.0,0.0));
#919=AXIS2_PLACEMENT_3D('',#916,#917,#918);
#920=CIRCLE('',#919,3.7);
#921=EDGE_CURVE('',#915,#907,#920,.T.);
#922=ORIENTED_EDGE('',*,*,#921,.F.);
#923=CARTESIAN_POINT('',(-24.000000000000004,-20.000000000000004,-3.7));
#924=VERTEX_POINT('',#923);
#925=CARTESIAN_POINT('',(-24.000000000000004,-20.000000000000007,-3.7));
#926=DIRECTION('',(-1.0,0.0,0.0));
#927=VECTOR('',#926,16.000000000000004);
#928=LINE('',#925,#927);
#929=EDGE_CURVE('',#924,#915,#928,.T.);
#930=ORIENTED_EDGE('',*,*,#929,.F.);
#931=CARTESIAN_POINT('',(-24.000000000000004,-20.0,-3.9));
#932=VERTEX_POINT('',#931);
#933=CARTESIAN_POINT('',(-24.000000000000004,-20.0,-3.9));
#934=DIRECTION('',(0.0,0.0,1.0));
#935=VECTOR('',#934,0.2);
#936=LINE('',#933,#935);
#937=EDGE_CURVE('',#932,#924,#936,.T.);
#938=ORIENTED_EDGE('',*,*,#937,.F.);
#939=CARTESIAN_POINT('',(24.0,-19.999999999999996,-3.9));
#940=DIRECTION('',(-1.0,0.0,0.0));
#941=VECTOR('',#940,48.0);
#942=LINE('',#939,#941);
#943=EDGE_CURVE('',#872,#932,#942,.T.);
#944=ORIENTED_EDGE('',*,*,#943,.F.);
#945=EDGE_LOOP('',(#878,#879,#880,#881,#889,#897,#905,#913,#922,#930,#938,#944));
#946=FACE_OUTER_BOUND('',#945,.T.);
#947=CARTESIAN_POINT('',(-12.800000000000001,-20.000000000000004,0.0));
#948=VERTEX_POINT('',#947);
#949=CARTESIAN_POINT('',(-16.0,-20.000000000000004,0.0));
#950=DIRECTION('',(0.0,1.0,0.0));
#951=DIRECTION('',(1.0,0.0,0.0));
#952=AXIS2_PLACEMENT_3D('',#949,#950,#951);
#953=CIRCLE('',#952,3.200000000000001);
#954=EDGE_CURVE('',#948,#948,#953,.T.);
#955=ORIENTED_EDGE('',*,*,#954,.T.);
#956=EDGE_LOOP('',(#955));
#957=FACE_BOUND('',#956,.T.);
#958=CARTESIAN_POINT('',(3.200000000000001,-20.000000000000004,0.0));
#959=VERTEX_POINT('',#958);
#960=CARTESIAN_POINT('',(3.700743E-017,-20.0,0.0));
#961=DIRECTION('',(0.0,1.0,0.0));
#962=DIRECTION('',(1.0,0.0,0.0));
#963=AXIS2_PLACEMENT_3D('',#960,#961,#962);
#964=CIRCLE('',#963,3.200000000000001);
#965=EDGE_CURVE('',#959,#959,#964,.T.);
#966=ORIENTED_EDGE('',*,*,#965,.T.);
#967=EDGE_LOOP('',(#966));
#968=FACE_BOUND('',#967,.T.);
#969=CARTESIAN_POINT('',(19.200000000000003,-20.000000000000004,0.0));
#970=VERTEX_POINT('',#969);
#971=CARTESIAN_POINT('',(16.0,-20.0,0.0));
#972=DIRECTION('',(0.0,1.0,0.0));
#973=DIRECTION('',(1.0,0.0,0.0));
#974=AXIS2_PLACEMENT_3D('',#971,#972,#973);
#975=CIRCLE('',#974,3.200000000000001);
#976=EDGE_CURVE('',#970,#970,#975,.T.);
#977=ORIENTED_EDGE('',*,*,#976,.T.);
#978=EDGE_LOOP('',(#977));
#979=FACE_BOUND('',#978,.T.);
#980=CARTESIAN_POINT('',(-34.381176179958132,-19.999999999999996,2.7));
#981=VERTEX_POINT('',#980);
#982=CARTESIAN_POINT('',(-34.381176179958132,-20.0,-2.700000000000001));
#983=VERTEX_POINT('',#982);
#984=CARTESIAN_POINT('',(-32.0,-20.000000000000004,-2.220446E-015));
#985=DIRECTION('',(4.047688E-017,-1.0,-4.589647E-017));
#986=DIRECTION('',(-0.661437827766147,-6.119529E-017,0.750000000000001));
#987=AXIS2_PLACEMENT_3D('',#984,#985,#986);
#988=CIRCLE('',#987,3.599999999999999);
#989=EDGE_CURVE('',#981,#983,#988,.T.);
#990=ORIENTED_EDGE('',*,*,#989,.T.);
#991=CARTESIAN_POINT('',(-37.618823820041868,-20.0,-2.700000000000001));
#992=VERTEX_POINT('',#991);
#993=CARTESIAN_POINT('',(-34.381176179958132,-19.999999999999996,-2.700000000000001));
#994=DIRECTION('',(-1.0,0.0,0.0));
#995=VECTOR('',#994,3.237647640083736);
#996=LINE('',#993,#995);
#997=EDGE_CURVE('',#983,#992,#996,.T.);
#998=ORIENTED_EDGE('',*,*,#997,.T.);
#999=CARTESIAN_POINT('',(-37.618823820041868,-19.999999999999996,2.699999999999998));
#1000=VERTEX_POINT('',#999);
#1001=CARTESIAN_POINT('',(-40.0,-20.000000000000004,-2.220446E-015));
#1002=DIRECTION('',(4.047688E-017,-1.0,-4.589647E-017));
#1003=DIRECTION('',(0.661437827766148,6.119529E-017,-0.75));
#1004=AXIS2_PLACEMENT_3D('',#1001,#1002,#1003);
#1005=CIRCLE('',#1004,3.6);
#1006=EDGE_CURVE('',#992,#1000,#1005,.T.);
#1007=ORIENTED_EDGE('',*,*,#1006,.T.);
#1008=CARTESIAN_POINT('',(-37.618823820041868,-19.999999999999996,2.699999999999998));
#1009=DIRECTION('',(1.0,0.0,0.0));
#1010=VECTOR('',#1009,3.237647640083743);
#1011=LINE('',#1008,#1010);
#1012=EDGE_CURVE('',#1000,#981,#1011,.T.);
#1013=ORIENTED_EDGE('',*,*,#1012,.T.);
#1014=EDGE_LOOP('',(#990,#998,#1007,#1013));
#1015=FACE_BOUND('',#1014,.T.);
#1016=CARTESIAN_POINT('',(-28.799999999999997,-20.000000000000004,-2.220446E-015));
#1017=VERTEX_POINT('',#1016);
#1018=CARTESIAN_POINT('',(-32.0,-20.000000000000004,-2.220446E-015));
#1019=DIRECTION('',(0.0,1.0,0.0));
#1020=DIRECTION('',(1.0,0.0,0.0));
#1021=AXIS2_PLACEMENT_3D('',#1018,#1019,#1020);
#1022=CIRCLE('',#1021,3.200000000000001);
#1023=EDGE_CURVE('',#1017,#1017,#1022,.T.);
#1024=ORIENTED_EDGE('',*,*,#1023,.T.);
#1025=EDGE_LOOP('',(#1024));
#1026=FACE_BOUND('',#1025,.T.);
#1027=CARTESIAN_POINT('',(-36.799999999999997,-20.000000000000004,-2.220446E-015));
#1028=VERTEX_POINT('',#1027);
#1029=CARTESIAN_POINT('',(-40.0,-20.000000000000004,-2.220446E-015));
#1030=DIRECTION('',(0.0,1.0,0.0));
#1031=DIRECTION('',(1.0,0.0,0.0));
#1032=AXIS2_PLACEMENT_3D('',#1029,#1030,#1031);
#1033=CIRCLE('',#1032,3.200000000000001);
#1034=EDGE_CURVE('',#1028,#1028,#1033,.T.);
#1035=ORIENTED_EDGE('',*,*,#1034,.T.);
#1036=EDGE_LOOP('',(#1035));
#1037=FACE_BOUND('',#1036,.T.);
#1038=CARTESIAN_POINT('',(34.381176179958132,-20.0,-2.700000000000001));
#1039=VERTEX_POINT('',#1038);
#1040=CARTESIAN_POINT('',(37.618823820041868,-20.0,-2.700000000000001));
#1041=VERTEX_POINT('',#1040);
#1042=CARTESIAN_POINT('',(34.381176179958132,-19.999999999999996,-2.700000000000001));
#1043=DIRECTION('',(1.0,0.0,0.0));
#1044=VECTOR('',#1043,3.237647640083736);
#1045=LINE('',#1042,#1044);
#1046=EDGE_CURVE('',#1039,#1041,#1045,.T.);
#1047=ORIENTED_EDGE('',*,*,#1046,.F.);
#1048=CARTESIAN_POINT('',(34.381176179958132,-19.999999999999996,2.7));
#1049=VERTEX_POINT('',#1048);
#1050=CARTESIAN_POINT('',(32.0,-20.000000000000004,-2.220446E-015));
#1051=DIRECTION('',(4.047688E-017,1.0,4.589647E-017));
#1052=DIRECTION('',(0.661437827766147,-6.119529E-017,0.750000000000001));
#1053=AXIS2_PLACEMENT_3D('',#1050,#1051,#1052);
#1054=CIRCLE('',#1053,3.599999999999999);
#1055=EDGE_CURVE('',#1049,#1039,#1054,.T.);
#1056=ORIENTED_EDGE('',*,*,#1055,.F.);
#1057=CARTESIAN_POINT('',(37.618823820041868,-19.999999999999996,2.699999999999998));
#1058=VERTEX_POINT('',#1057);
#1059=CARTESIAN_POINT('',(37.618823820041868,-19.999999999999996,2.699999999999998));
#1060=DIRECTION('',(-1.0,0.0,0.0));
#1061=VECTOR('',#1060,3.237647640083743);
#1062=LINE('',#1059,#1061);
#1063=EDGE_CURVE('',#1058,#1049,#1062,.T.);
#1064=ORIENTED_EDGE('',*,*,#1063,.F.);
#1065=CARTESIAN_POINT('',(40.0,-20.000000000000004,-2.220446E-015));
#1066=DIRECTION('',(4.047688E-017,1.0,4.589647E-017));
#1067=DIRECTION('',(-0.661437827766148,6.119529E-017,-0.75));
#1068=AXIS2_PLACEMENT_3D('',#1065,#1066,#1067);
#1069=CIRCLE('',#1068,3.6);
#1070=EDGE_CURVE('',#1041,#1058,#1069,.T.);
#1071=ORIENTED_EDGE('',*,*,#1070,.F.);
#1072=EDGE_LOOP('',(#1047,#1056,#1064,#1071));
#1073=FACE_BOUND('',#1072,.T.);
#1074=CARTESIAN_POINT('',(28.799999999999997,-20.000000000000004,-2.220446E-015));
#1075=VERTEX_POINT('',#1074);
#1076=CARTESIAN_POINT('',(32.0,-20.0,-2.220446E-015));
#1077=DIRECTION('',(0.0,1.0,0.0));
#1078=DIRECTION('',(-1.0,0.0,0.0));
#1079=AXIS2_PLACEMENT_3D('',#1076,#1077,#1078);
#1080=CIRCLE('',#1079,3.200000000000001);
#1081=EDGE_CURVE('',#1075,#1075,#1080,.T.);
#1082=ORIENTED_EDGE('',*,*,#1081,.T.);
#1083=EDGE_LOOP('',(#1082));
#1084=FACE_BOUND('',#1083,.T.);
#1085=CARTESIAN_POINT('',(36.799999999999997,-20.000000000000004,-2.220446E-015));
#1086=VERTEX_POINT('',#1085);
#1087=CARTESIAN_POINT('',(40.0,-20.0,-2.220446E-015));
#1088=DIRECTION('',(0.0,1.0,0.0));
#1089=DIRECTION('',(-1.0,0.0,0.0));
#1090=AXIS2_PLACEMENT_3D('',#1087,#1088,#1089);
#1091=CIRCLE('',#1090,3.200000000000001);
#1092=EDGE_CURVE('',#1086,#1086,#1091,.T.);
#1093=ORIENTED_EDGE('',*,*,#1092,.T.);
#1094=EDGE_LOOP('',(#1093));
#1095=FACE_BOUND('',#1094,.T.);
#1096=ADVANCED_FACE('',(#946,#957,#968,#979,#1015,#1026,#1037,#1073,#1084,#1095),#870,.T.);
#1097=CARTESIAN_POINT('',(-0.308985935806053,-19.900000000000002,3.7));
#1098=DIRECTION('',(-1.0,-9.251859E-017,0.0));
#1099=DIRECTION('',(0.0,-0.707106781186555,0.70710678118654));
#1100=AXIS2_PLACEMENT_3D('',#1097,#1098,#1099);
#1101=CYLINDRICAL_SURFACE('',#1100,0.1);
#1102=CARTESIAN_POINT('',(-40.0,-19.900000000000006,3.8));
#1103=VERTEX_POINT('',#1102);
#1104=CARTESIAN_POINT('',(-40.0,-19.900000000000006,3.7));
#1105=DIRECTION('',(1.0,0.0,0.0));
#1106=DIRECTION('',(0.0,0.0,1.0));
#1107=AXIS2_PLACEMENT_3D('',#1104,#1105,#1106);
#1108=CIRCLE('',#1107,0.1);
#1109=EDGE_CURVE('',#1103,#907,#1108,.T.);
#1110=ORIENTED_EDGE('',*,*,#1109,.T.);
#1111=ORIENTED_EDGE('',*,*,#912,.T.);
#1112=CARTESIAN_POINT('',(-24.888819441731552,-19.900000000000002,3.8));
#1113=VERTEX_POINT('',#1112);
#1114=CARTESIAN_POINT('',(-24.888819441731552,-19.900000000000002,3.8));
#1115=CARTESIAN_POINT('',(-24.612760240061405,-19.962914560388032,3.800000000000001));
#1116=CARTESIAN_POINT('',(-24.27966342965853,-20.0,3.744218670798762));
#1117=CARTESIAN_POINT('',(-24.000000000000004,-20.0,3.7));
#1118=B_SPLINE_CURVE_WITH_KNOTS('',3,(#1114,#1115,#1116,#1117),.UNSPECIFIED.,.F.,.U.,(4,4),(0.161963445688577,0.246904738510162),.UNSPECIFIED.);
#1119=EDGE_CURVE('',#899,#1113,#1118,.F.);
#1120=ORIENTED_EDGE('',*,*,#1119,.T.);
#1121=CARTESIAN_POINT('',(-24.888819441731552,-19.900000000000006,3.8));
#1122=DIRECTION('',(-1.0,0.0,0.0));
#1123=VECTOR('',#1122,15.111180558268455);
#1124=LINE('',#1121,#1123);
#1125=EDGE_CURVE('',#1113,#1103,#1124,.T.);
#1126=ORIENTED_EDGE('',*,*,#1125,.T.);
#1127=EDGE_LOOP('',(#1110,#1111,#1120,#1126));
#1128=FACE_OUTER_BOUND('',#1127,.T.);
#1129=ADVANCED_FACE('',(#1128),#1101,.T.);
#1130=CARTESIAN_POINT('',(-40.0,-19.899999999999999,-2.220446E-015));
#1131=DIRECTION('',(9.251859E-017,-1.0,0.0));
#1132=DIRECTION('',(0.0,0.0,-1.0));
#1133=AXIS2_PLACEMENT_3D('',#1130,#1131,#1132);
#1134=TOROIDAL_SURFACE('',#1133,3.7,0.1);
#1135=CARTESIAN_POINT('',(-40.0,-19.899999999999999,-3.800000000000003));
#1136=VERTEX_POINT('',#1135);
#1137=CARTESIAN_POINT('',(-40.0,-19.899999999999999,-3.700000000000002));
#1138=DIRECTION('',(-1.0,0.0,0.0));
#1139=DIRECTION('',(0.0,0.0,-1.0));
#1140=AXIS2_PLACEMENT_3D('',#1137,#1138,#1139);
#1141=CIRCLE('',#1140,0.1);
#1142=EDGE_CURVE('',#1136,#915,#1141,.T.);
#1143=ORIENTED_EDGE('',*,*,#1142,.T.);
#1144=ORIENTED_EDGE('',*,*,#921,.T.);
#1145=ORIENTED_EDGE('',*,*,#1109,.F.);
#1146=CARTESIAN_POINT('',(-40.0,-19.899999999999999,-2.220446E-015));
#1147=DIRECTION('',(0.0,-1.0,0.0));
#1148=DIRECTION('',(-1.0,0.0,0.0));
#1149=AXIS2_PLACEMENT_3D('',#1146,#1147,#1148);
#1150=CIRCLE('',#1149,3.8);
#1151=EDGE_CURVE('',#1103,#1136,#1150,.T.);
#1152=ORIENTED_EDGE('',*,*,#1151,.T.);
#1153=EDGE_LOOP('',(#1143,#1144,#1145,#1152));
#1154=FACE_OUTER_BOUND('',#1153,.T.);
#1155=ADVANCED_FACE('',(#1154),#1134,.T.);
#1156=CARTESIAN_POINT('',(-0.308985935806053,-19.900000000000002,-3.7));
#1157=DIRECTION('',(1.0,9.251859E-017,0.0));
#1158=DIRECTION('',(0.0,-0.707106781186555,-0.70710678118654));
#1159=AXIS2_PLACEMENT_3D('',#1156,#1157,#1158);
#1160=CYLINDRICAL_SURFACE('',#1159,0.1);
#1161=CARTESIAN_POINT('',(-24.888819441731552,-19.900000000000002,-3.8));
#1162=VERTEX_POINT('',#1161);
#1163=CARTESIAN_POINT('',(-24.000000000000004,-20.0,-3.7));
#1164=CARTESIAN_POINT('',(-24.27966342965853,-20.0,-3.744218670798762));
#1165=CARTESIAN_POINT('',(-24.612760240061398,-19.962914560388032,-3.800000000000002));
#1166=CARTESIAN_POINT('',(-24.888819441731549,-19.899999999999999,-3.800000000000001));
#1167=B_SPLINE_CURVE_WITH_KNOTS('',3,(#1163,#1164,#1165,#1166),.UNSPECIFIED.,.F.,.U.,(4,4),(0.0,0.084941292821585),.UNSPECIFIED.);
#1168=EDGE_CURVE('',#1162,#924,#1167,.F.);
#1169=ORIENTED_EDGE('',*,*,#1168,.T.);
#1170=ORIENTED_EDGE('',*,*,#929,.T.);
#1171=ORIENTED_EDGE('',*,*,#1142,.F.);
#1172=CARTESIAN_POINT('',(-40.000000000000007,-19.900000000000006,-3.8));
#1173=DIRECTION('',(1.0,0.0,0.0));
#1174=VECTOR('',#1173,15.111180558268455);
#1175=LINE('',#1172,#1174);
#1176=EDGE_CURVE('',#1136,#1162,#1175,.T.);
#1177=ORIENTED_EDGE('',*,*,#1176,.T.);
#1178=EDGE_LOOP('',(#1169,#1170,#1171,#1177));
#1179=FACE_OUTER_BOUND('',#1178,.T.);
#1180=ADVANCED_FACE('',(#1179),#1160,.T.);
#1181=CARTESIAN_POINT('',(-24.617971871612102,-2.370201E-015,-3.8));
#1182=DIRECTION('',(0.0,0.0,1.0));
#1183=DIRECTION('',(1.0,0.0,0.0));
#1184=AXIS2_PLACEMENT_3D('',#1181,#1182,#1183);
#1185=PLANE('',#1184);
#1186=ORIENTED_EDGE('',*,*,#1176,.F.);
#1187=CARTESIAN_POINT('',(-40.0,-12.799999999999995,-3.800000000000002));
#1188=VERTEX_POINT('',#1187);
#1189=CARTESIAN_POINT('',(-40.0,-19.899999999999999,-3.800000000000003));
#1190=DIRECTION('',(0.0,1.0,0.0));
#1191=VECTOR('',#1190,7.100000000000003);
#1192=LINE('',#1189,#1191);
#1193=EDGE_CURVE('',#1136,#1188,#1192,.T.);
#1194=ORIENTED_EDGE('',*,*,#1193,.T.);
#1195=CARTESIAN_POINT('',(-40.0,-11.999999999999996,-3.800000000000003));
#1196=VERTEX_POINT('',#1195);
#1197=CARTESIAN_POINT('',(-40.0,-12.799999999999995,-3.800000000000003));
#1198=DIRECTION('',(0.0,1.0,0.0));
#1199=VECTOR('',#1198,0.799999999999999);
#1200=LINE('',#1197,#1199);
#1201=EDGE_CURVE('',#1188,#1196,#1200,.T.);
#1202=ORIENTED_EDGE('',*,*,#1201,.T.);
#1203=CARTESIAN_POINT('',(-27.900000000000009,-11.999999999999996,-3.8));
#1204=VERTEX_POINT('',#1203);
#1205=CARTESIAN_POINT('',(-27.900000000000013,-11.999999999999996,-3.8));
#1206=DIRECTION('',(-1.0,0.0,0.0));
#1207=VECTOR('',#1206,12.099999999999987);
#1208=LINE('',#1205,#1207);
#1209=EDGE_CURVE('',#1204,#1196,#1208,.T.);
#1210=ORIENTED_EDGE('',*,*,#1209,.F.);
#1211=CARTESIAN_POINT('',(-27.900000000000009,11.999999999999996,-3.8));
#1212=VERTEX_POINT('',#1211);
#1213=CARTESIAN_POINT('',(-27.900000000000009,11.999999999999996,-3.8));
#1214=DIRECTION('',(0.0,-1.0,0.0));
#1215=VECTOR('',#1214,23.999999999999993);
#1216=LINE('',#1213,#1215);
#1217=EDGE_CURVE('',#1212,#1204,#1216,.T.);
#1218=ORIENTED_EDGE('',*,*,#1217,.F.);
#1219=CARTESIAN_POINT('',(-40.0,11.999999999999996,-3.800000000000003));
#1220=VERTEX_POINT('',#1219);
#1221=CARTESIAN_POINT('',(-40.0,11.999999999999996,-3.8));
#1222=DIRECTION('',(1.0,0.0,0.0));
#1223=VECTOR('',#1222,12.099999999999987);
#1224=LINE('',#1221,#1223);
#1225=EDGE_CURVE('',#1220,#1212,#1224,.T.);
#1226=ORIENTED_EDGE('',*,*,#1225,.F.);
#1227=CARTESIAN_POINT('',(-40.0,12.799999999999995,-3.800000000000002));
#1228=VERTEX_POINT('',#1227);
#1229=CARTESIAN_POINT('',(-40.0,12.799999999999995,-3.800000000000003));
#1230=DIRECTION('',(0.0,-1.0,0.0));
#1231=VECTOR('',#1230,0.799999999999999);
#1232=LINE('',#1229,#1231);
#1233=EDGE_CURVE('',#1228,#1220,#1232,.T.);
#1234=ORIENTED_EDGE('',*,*,#1233,.F.);
#1235=CARTESIAN_POINT('',(-40.0,19.899999999999999,-3.800000000000003));
#1236=VERTEX_POINT('',#1235);
#1237=CARTESIAN_POINT('',(-40.0,19.899999999999999,-3.800000000000003));
#1238=DIRECTION('',(0.0,-1.0,0.0));
#1239=VECTOR('',#1238,7.100000000000003);
#1240=LINE('',#1237,#1239);
#1241=EDGE_CURVE('',#1236,#1228,#1240,.T.);
#1242=ORIENTED_EDGE('',*,*,#1241,.F.);
#1243=CARTESIAN_POINT('',(-24.888819441731577,19.899999999999999,-3.8));
#1244=VERTEX_POINT('',#1243);
#1245=CARTESIAN_POINT('',(-24.888819441731574,19.899999999999999,-3.8));
#1246=DIRECTION('',(-1.0,0.0,0.0));
#1247=VECTOR('',#1246,15.111180558268426);
#1248=LINE('',#1245,#1247);
#1249=EDGE_CURVE('',#1244,#1236,#1248,.T.);
#1250=ORIENTED_EDGE('',*,*,#1249,.F.);
#1251=CARTESIAN_POINT('',(-28.000000000000004,16.0,-3.8));
#1252=VERTEX_POINT('',#1251);
#1253=CARTESIAN_POINT('',(-24.000000000000004,16.0,-3.8));
#1254=DIRECTION('',(0.0,0.0,-1.0));
#1255=DIRECTION('',(-1.0,0.0,0.0));
#1256=AXIS2_PLACEMENT_3D('',#1253,#1254,#1255);
#1257=CIRCLE('',#1256,4.0);
#1258=EDGE_CURVE('',#1252,#1244,#1257,.T.);
#1259=ORIENTED_EDGE('',*,*,#1258,.F.);
#1260=CARTESIAN_POINT('',(-28.000000000000004,18.900000000000002,-3.8));
#1261=VERTEX_POINT('',#1260);
#1262=CARTESIAN_POINT('',(-28.000000000000004,16.0,-3.8));
#1263=DIRECTION('',(0.0,1.0,0.0));
#1264=VECTOR('',#1263,2.900000000000006);
#1265=LINE('',#1262,#1264);
#1266=EDGE_CURVE('',#1252,#1261,#1265,.T.);
#1267=ORIENTED_EDGE('',*,*,#1266,.T.);
#1268=CARTESIAN_POINT('',(-32.0,18.900000000000002,-3.800000000000004));
#1269=VERTEX_POINT('',#1268);
#1270=CARTESIAN_POINT('',(-28.000000000000004,18.900000000000002,-3.8));
#1271=DIRECTION('',(-1.0,0.0,0.0));
#1272=VECTOR('',#1271,3.999999999999996);
#1273=LINE('',#1270,#1272);
#1274=EDGE_CURVE('',#1261,#1269,#1273,.T.);
#1275=ORIENTED_EDGE('',*,*,#1274,.T.);
#1276=CARTESIAN_POINT('',(-32.0,13.100000000000003,-3.800000000000004));
#1277=VERTEX_POINT('',#1276);
#1278=CARTESIAN_POINT('',(-32.0,18.900000000000002,-3.8));
#1279=DIRECTION('',(0.0,-1.0,0.0));
#1280=VECTOR('',#1279,5.800000000000001);
#1281=LINE('',#1278,#1280);
#1282=EDGE_CURVE('',#1269,#1277,#1281,.T.);
#1283=ORIENTED_EDGE('',*,*,#1282,.T.);
#1284=CARTESIAN_POINT('',(-28.000000000000004,13.100000000000003,-3.8));
#1285=VERTEX_POINT('',#1284);
#1286=CARTESIAN_POINT('',(-32.0,13.100000000000003,-3.8));
#1287=DIRECTION('',(1.0,0.0,0.0));
#1288=VECTOR('',#1287,3.999999999999996);
#1289=LINE('',#1286,#1288);
#1290=EDGE_CURVE('',#1277,#1285,#1289,.T.);
#1291=ORIENTED_EDGE('',*,*,#1290,.T.);
#1292=CARTESIAN_POINT('',(-28.000000000000004,13.100000000000003,-3.8));
#1293=DIRECTION('',(0.0,1.0,0.0));
#1294=VECTOR('',#1293,2.899999999999997);
#1295=LINE('',#1292,#1294);
#1296=EDGE_CURVE('',#1285,#1252,#1295,.T.);
#1297=ORIENTED_EDGE('',*,*,#1296,.T.);
#1298=CARTESIAN_POINT('',(-24.000000000000004,12.0,-3.8));
#1299=VERTEX_POINT('',#1298);
#1300=CARTESIAN_POINT('',(-24.000000000000004,16.0,-3.8));
#1301=DIRECTION('',(0.0,0.0,-1.0));
#1302=DIRECTION('',(-1.0,0.0,0.0));
#1303=AXIS2_PLACEMENT_3D('',#1300,#1301,#1302);
#1304=CIRCLE('',#1303,4.0);
#1305=EDGE_CURVE('',#1299,#1252,#1304,.T.);
#1306=ORIENTED_EDGE('',*,*,#1305,.F.);
#1307=CARTESIAN_POINT('',(-20.100000000000009,12.0,-3.8));
#1308=VERTEX_POINT('',#1307);
#1309=CARTESIAN_POINT('',(-20.100000000000009,12.0,-3.8));
#1310=DIRECTION('',(-1.0,0.0,0.0));
#1311=VECTOR('',#1310,3.899999999999999);
#1312=LINE('',#1309,#1311);
#1313=EDGE_CURVE('',#1308,#1299,#1312,.T.);
#1314=ORIENTED_EDGE('',*,*,#1313,.F.);
#1315=CARTESIAN_POINT('',(-20.100000000000009,11.200000000000001,-3.8));
#1316=VERTEX_POINT('',#1315);
#1317=CARTESIAN_POINT('',(-20.100000000000009,11.200000000000001,-3.8));
#1318=DIRECTION('',(0.0,1.0,0.0));
#1319=VECTOR('',#1318,0.799999999999999);
#1320=LINE('',#1317,#1319);
#1321=EDGE_CURVE('',#1316,#1308,#1320,.T.);
#1322=ORIENTED_EDGE('',*,*,#1321,.F.);
#1323=CARTESIAN_POINT('',(-20.800000000000011,11.200000000000001,-3.8));
#1324=VERTEX_POINT('',#1323);
#1325=CARTESIAN_POINT('',(-20.100000000000009,11.200000000000001,-3.8));
#1326=DIRECTION('',(-1.0,0.0,0.0));
#1327=VECTOR('',#1326,0.700000000000003);
#1328=LINE('',#1325,#1327);
#1329=EDGE_CURVE('',#1316,#1324,#1328,.T.);
#1330=ORIENTED_EDGE('',*,*,#1329,.T.);
#1331=CARTESIAN_POINT('',(-20.800000000000011,4.800000000000001,-3.800000000000001));
#1332=VERTEX_POINT('',#1331);
#1333=CARTESIAN_POINT('',(-20.800000000000011,11.200000000000001,-3.8));
#1334=DIRECTION('',(0.0,-1.0,0.0));
#1335=VECTOR('',#1334,6.4);
#1336=LINE('',#1333,#1335);
#1337=EDGE_CURVE('',#1324,#1332,#1336,.T.);
#1338=ORIENTED_EDGE('',*,*,#1337,.T.);
#1339=CARTESIAN_POINT('',(-20.100000000000009,4.800000000000001,-3.8));
#1340=VERTEX_POINT('',#1339);
#1341=CARTESIAN_POINT('',(-20.800000000000011,4.800000000000001,-3.8));
#1342=DIRECTION('',(1.0,0.0,0.0));
#1343=VECTOR('',#1342,0.700000000000003);
#1344=LINE('',#1341,#1343);
#1345=EDGE_CURVE('',#1332,#1340,#1344,.T.);
#1346=ORIENTED_EDGE('',*,*,#1345,.T.);
#1347=CARTESIAN_POINT('',(-20.100000000000009,3.200000000000001,-3.8));
#1348=VERTEX_POINT('',#1347);
#1349=CARTESIAN_POINT('',(-20.100000000000009,3.2,-3.8));
#1350=DIRECTION('',(0.0,1.0,0.0));
#1351=VECTOR('',#1350,1.600000000000001);
#1352=LINE('',#1349,#1351);
#1353=EDGE_CURVE('',#1348,#1340,#1352,.T.);
#1354=ORIENTED_EDGE('',*,*,#1353,.F.);
#1355=CARTESIAN_POINT('',(-20.800000000000011,3.200000000000001,-3.8));
#1356=VERTEX_POINT('',#1355);
#1357=CARTESIAN_POINT('',(-20.100000000000009,3.200000000000001,-3.8));
#1358=DIRECTION('',(-1.0,0.0,0.0));
#1359=VECTOR('',#1358,0.700000000000003);
#1360=LINE('',#1357,#1359);
#1361=EDGE_CURVE('',#1348,#1356,#1360,.T.);
#1362=ORIENTED_EDGE('',*,*,#1361,.T.);
#1363=CARTESIAN_POINT('',(-20.800000000000011,-3.200000000000001,-3.8));
#1364=VERTEX_POINT('',#1363);
#1365=CARTESIAN_POINT('',(-20.800000000000011,3.200000000000001,-3.8));
#1366=DIRECTION('',(0.0,-1.0,0.0));
#1367=VECTOR('',#1366,6.400000000000001);
#1368=LINE('',#1365,#1367);
#1369=EDGE_CURVE('',#1356,#1364,#1368,.T.);
#1370=ORIENTED_EDGE('',*,*,#1369,.T.);
#1371=CARTESIAN_POINT('',(-20.100000000000009,-3.200000000000001,-3.8));
#1372=VERTEX_POINT('',#1371);
#1373=CARTESIAN_POINT('',(-20.800000000000011,-3.200000000000001,-3.8));
#1374=DIRECTION('',(1.0,0.0,0.0));
#1375=VECTOR('',#1374,0.700000000000003);
#1376=LINE('',#1373,#1375);
#1377=EDGE_CURVE('',#1364,#1372,#1376,.T.);
#1378=ORIENTED_EDGE('',*,*,#1377,.T.);
#1379=CARTESIAN_POINT('',(-20.100000000000009,-4.8,-3.8));
#1380=VERTEX_POINT('',#1379);
#1381=CARTESIAN_POINT('',(-20.100000000000009,-4.8,-3.8));
#1382=DIRECTION('',(0.0,1.0,0.0));
#1383=VECTOR('',#1382,1.6);
#1384=LINE('',#1381,#1383);
#1385=EDGE_CURVE('',#1380,#1372,#1384,.T.);
#1386=ORIENTED_EDGE('',*,*,#1385,.F.);
#1387=CARTESIAN_POINT('',(-20.800000000000011,-4.8,-3.799999999999999));
#1388=VERTEX_POINT('',#1387);
#1389=CARTESIAN_POINT('',(-20.100000000000009,-4.8,-3.8));
#1390=DIRECTION('',(-1.0,0.0,0.0));
#1391=VECTOR('',#1390,0.700000000000003);
#1392=LINE('',#1389,#1391);
#1393=EDGE_CURVE('',#1380,#1388,#1392,.T.);
#1394=ORIENTED_EDGE('',*,*,#1393,.T.);
#1395=CARTESIAN_POINT('',(-20.800000000000011,-11.200000000000001,-3.800000000000001));
#1396=VERTEX_POINT('',#1395);
#1397=CARTESIAN_POINT('',(-20.800000000000011,-4.8,-3.8));
#1398=DIRECTION('',(0.0,-1.0,0.0));
#1399=VECTOR('',#1398,6.400000000000001);
#1400=LINE('',#1397,#1399);
#1401=EDGE_CURVE('',#1388,#1396,#1400,.T.);
#1402=ORIENTED_EDGE('',*,*,#1401,.T.);
#1403=CARTESIAN_POINT('',(-20.100000000000009,-11.200000000000001,-3.8));
#1404=VERTEX_POINT('',#1403);
#1405=CARTESIAN_POINT('',(-20.800000000000011,-11.200000000000001,-3.8));
#1406=DIRECTION('',(1.0,0.0,0.0));
#1407=VECTOR('',#1406,0.700000000000003);
#1408=LINE('',#1405,#1407);
#1409=EDGE_CURVE('',#1396,#1404,#1408,.T.);
#1410=ORIENTED_EDGE('',*,*,#1409,.T.);
#1411=CARTESIAN_POINT('',(-20.100000000000009,-12.000000000000002,-3.8));
#1412=VERTEX_POINT('',#1411);
#1413=CARTESIAN_POINT('',(-20.100000000000009,-12.000000000000004,-3.8));
#1414=DIRECTION('',(0.0,1.0,0.0));
#1415=VECTOR('',#1414,0.800000000000004);
#1416=LINE('',#1413,#1415);
#1417=EDGE_CURVE('',#1412,#1404,#1416,.T.);
#1418=ORIENTED_EDGE('',*,*,#1417,.F.);
#1419=CARTESIAN_POINT('',(-24.000000000000004,-12.000000000000002,-3.8));
#1420=VERTEX_POINT('',#1419);
#1421=CARTESIAN_POINT('',(-24.000000000000004,-12.000000000000002,-3.8));
#1422=DIRECTION('',(1.0,0.0,0.0));
#1423=VECTOR('',#1422,3.899999999999995);
#1424=LINE('',#1421,#1423);
#1425=EDGE_CURVE('',#1420,#1412,#1424,.T.);
#1426=ORIENTED_EDGE('',*,*,#1425,.F.);
#1427=CARTESIAN_POINT('',(-28.000000000000004,-16.0,-3.8));
#1428=VERTEX_POINT('',#1427);
#1429=CARTESIAN_POINT('',(-24.000000000000004,-16.0,-3.8));
#1430=DIRECTION('',(0.0,0.0,-1.0));
#1431=DIRECTION('',(-1.0,0.0,0.0));
#1432=AXIS2_PLACEMENT_3D('',#1429,#1430,#1431);
#1433=CIRCLE('',#1432,4.0);
#1434=EDGE_CURVE('',#1428,#1420,#1433,.T.);
#1435=ORIENTED_EDGE('',*,*,#1434,.F.);
#1436=CARTESIAN_POINT('',(-28.000000000000004,-13.100000000000003,-3.8));
#1437=VERTEX_POINT('',#1436);
#1438=CARTESIAN_POINT('',(-28.000000000000004,-16.0,-3.8));
#1439=DIRECTION('',(0.0,1.0,0.0));
#1440=VECTOR('',#1439,2.899999999999999);
#1441=LINE('',#1438,#1440);
#1442=EDGE_CURVE('',#1428,#1437,#1441,.T.);
#1443=ORIENTED_EDGE('',*,*,#1442,.T.);
#1444=CARTESIAN_POINT('',(-32.0,-13.100000000000003,-3.800000000000004));
#1445=VERTEX_POINT('',#1444);
#1446=CARTESIAN_POINT('',(-28.000000000000004,-13.100000000000003,-3.8));
#1447=DIRECTION('',(-1.0,0.0,0.0));
#1448=VECTOR('',#1447,3.999999999999996);
#1449=LINE('',#1446,#1448);
#1450=EDGE_CURVE('',#1437,#1445,#1449,.T.);
#1451=ORIENTED_EDGE('',*,*,#1450,.T.);
#1452=CARTESIAN_POINT('',(-32.0,-18.900000000000002,-3.800000000000004));
#1453=VERTEX_POINT('',#1452);
#1454=CARTESIAN_POINT('',(-32.0,-13.100000000000001,-3.8));
#1455=DIRECTION('',(0.0,-1.0,0.0));
#1456=VECTOR('',#1455,5.800000000000001);
#1457=LINE('',#1454,#1456);
#1458=EDGE_CURVE('',#1445,#1453,#1457,.T.);
#1459=ORIENTED_EDGE('',*,*,#1458,.T.);
#1460=CARTESIAN_POINT('',(-28.000000000000004,-18.900000000000002,-3.8));
#1461=VERTEX_POINT('',#1460);
#1462=CARTESIAN_POINT('',(-32.0,-18.900000000000002,-3.8));
#1463=DIRECTION('',(1.0,0.0,0.0));
#1464=VECTOR('',#1463,3.999999999999996);
#1465=LINE('',#1462,#1464);
#1466=EDGE_CURVE('',#1453,#1461,#1465,.T.);
#1467=ORIENTED_EDGE('',*,*,#1466,.T.);
#1468=CARTESIAN_POINT('',(-28.000000000000004,-18.900000000000002,-3.8));
#1469=DIRECTION('',(0.0,1.0,0.0));
#1470=VECTOR('',#1469,2.900000000000002);
#1471=LINE('',#1468,#1470);
#1472=EDGE_CURVE('',#1461,#1428,#1471,.T.);
#1473=ORIENTED_EDGE('',*,*,#1472,.T.);
#1474=CARTESIAN_POINT('',(-24.000000000000004,-16.0,-3.8));
#1475=DIRECTION('',(0.0,0.0,-1.0));
#1476=DIRECTION('',(-1.0,0.0,0.0));
#1477=AXIS2_PLACEMENT_3D('',#1474,#1475,#1476);
#1478=CIRCLE('',#1477,4.0);
#1479=EDGE_CURVE('',#1162,#1428,#1478,.T.);
#1480=ORIENTED_EDGE('',*,*,#1479,.F.);
#1481=EDGE_LOOP('',(#1186,#1194,#1202,#1210,#1218,#1226,#1234,#1242,#1250,#1259,#1267,#1275,#1283,#1291,#1297,#1306,#1314,#1322,#1330,#1338,#1346,#1354,#1362,#1370,#1378,#1386,#1394,#1402,#1410,#1418,#1426,#1435,#1443,#1451,#1459,#1467,#1473,#1480));
#1482=FACE_OUTER_BOUND('',#1481,.T.);
#1483=ADVANCED_FACE('',(#1482),#1185,.F.);
#1484=CARTESIAN_POINT('',(-40.0,-20.0,-2.220446E-015));
#1485=DIRECTION('',(0.0,1.0,0.0));
#1486=DIRECTION('',(0.0,0.0,1.0));
#1487=AXIS2_PLACEMENT_3D('',#1484,#1485,#1486);
#1488=CYLINDRICAL_SURFACE('',#1487,3.8);
#1489=ORIENTED_EDGE('',*,*,#1151,.F.);
#1490=CARTESIAN_POINT('',(-40.0,-12.799999999999995,3.8));
#1491=VERTEX_POINT('',#1490);
#1492=CARTESIAN_POINT('',(-40.0,-19.900000000000006,3.8));
#1493=DIRECTION('',(0.0,1.0,0.0));
#1494=VECTOR('',#1493,7.10000000000001);
#1495=LINE('',#1492,#1494);
#1496=EDGE_CURVE('',#1103,#1491,#1495,.T.);
#1497=ORIENTED_EDGE('',*,*,#1496,.T.);
#1498=CARTESIAN_POINT('',(-40.0,-12.799999999999995,-2.220446E-015));
#1499=DIRECTION('',(0.0,-1.0,0.0));
#1500=DIRECTION('',(0.0,0.0,1.0));
#1501=AXIS2_PLACEMENT_3D('',#1498,#1499,#1500);
#1502=CIRCLE('',#1501,3.8);
#1503=EDGE_CURVE('',#1491,#1188,#1502,.T.);
#1504=ORIENTED_EDGE('',*,*,#1503,.T.);
#1505=ORIENTED_EDGE('',*,*,#1193,.F.);
#1506=EDGE_LOOP('',(#1489,#1497,#1504,#1505));
#1507=FACE_OUTER_BOUND('',#1506,.T.);
#1508=ADVANCED_FACE('',(#1507),#1488,.T.);
#1509=CARTESIAN_POINT('',(-24.617971871612102,-2.498002E-015,3.8));
#1510=DIRECTION('',(0.0,0.0,1.0));
#1511=DIRECTION('',(1.0,0.0,0.0));
#1512=AXIS2_PLACEMENT_3D('',#1509,#1510,#1511);
#1513=PLANE('',#1512);
#1514=ORIENTED_EDGE('',*,*,#1125,.F.);
#1515=CARTESIAN_POINT('',(-28.000000000000004,-16.0,3.8));
#1516=VERTEX_POINT('',#1515);
#1517=CARTESIAN_POINT('',(-24.000000000000004,-16.0,3.8));
#1518=DIRECTION('',(0.0,0.0,1.0));
#1519=DIRECTION('',(-1.0,0.0,0.0));
#1520=AXIS2_PLACEMENT_3D('',#1517,#1518,#1519);
#1521=CIRCLE('',#1520,4.0);
#1522=EDGE_CURVE('',#1516,#1113,#1521,.T.);
#1523=ORIENTED_EDGE('',*,*,#1522,.F.);
#1524=CARTESIAN_POINT('',(-28.000000000000004,-18.900000000000002,3.8));
#1525=VERTEX_POINT('',#1524);
#1526=CARTESIAN_POINT('',(-28.000000000000004,-16.0,3.8));
#1527=DIRECTION('',(0.0,-1.0,0.0));
#1528=VECTOR('',#1527,2.900000000000002);
#1529=LINE('',#1526,#1528);
#1530=EDGE_CURVE('',#1516,#1525,#1529,.T.);
#1531=ORIENTED_EDGE('',*,*,#1530,.T.);
#1532=CARTESIAN_POINT('',(-32.0,-18.900000000000002,3.8));
#1533=VERTEX_POINT('',#1532);
#1534=CARTESIAN_POINT('',(-28.000000000000004,-18.900000000000002,3.8));
#1535=DIRECTION('',(-1.0,0.0,0.0));
#1536=VECTOR('',#1535,3.999999999999996);
#1537=LINE('',#1534,#1536);
#1538=EDGE_CURVE('',#1525,#1533,#1537,.T.);
#1539=ORIENTED_EDGE('',*,*,#1538,.T.);
#1540=CARTESIAN_POINT('',(-32.0,-13.100000000000003,3.8));
#1541=VERTEX_POINT('',#1540);
#1542=CARTESIAN_POINT('',(-32.0,-13.100000000000001,3.8));
#1543=DIRECTION('',(0.0,-1.0,0.0));
#1544=VECTOR('',#1543,5.800000000000001);
#1545=LINE('',#1542,#1544);
#1546=EDGE_CURVE('',#1541,#1533,#1545,.T.);
#1547=ORIENTED_EDGE('',*,*,#1546,.F.);
#1548=CARTESIAN_POINT('',(-28.000000000000004,-13.100000000000003,3.8));
#1549=VERTEX_POINT('',#1548);
#1550=CARTESIAN_POINT('',(-32.0,-13.100000000000003,3.8));
#1551=DIRECTION('',(1.0,0.0,0.0));
#1552=VECTOR('',#1551,3.999999999999996);
#1553=LINE('',#1550,#1552);
#1554=EDGE_CURVE('',#1541,#1549,#1553,.T.);
#1555=ORIENTED_EDGE('',*,*,#1554,.T.);
#1556=CARTESIAN_POINT('',(-28.000000000000004,-13.100000000000001,3.8));
#1557=DIRECTION('',(0.0,-1.0,0.0));
#1558=VECTOR('',#1557,2.899999999999999);
#1559=LINE('',#1556,#1558);
#1560=EDGE_CURVE('',#1549,#1516,#1559,.T.);
#1561=ORIENTED_EDGE('',*,*,#1560,.T.);
#1562=CARTESIAN_POINT('',(-24.000000000000004,-12.000000000000002,3.8));
#1563=VERTEX_POINT('',#1562);
#1564=CARTESIAN_POINT('',(-24.000000000000004,-16.0,3.8));
#1565=DIRECTION('',(0.0,0.0,1.0));
#1566=DIRECTION('',(-1.0,0.0,0.0));
#1567=AXIS2_PLACEMENT_3D('',#1564,#1565,#1566);
#1568=CIRCLE('',#1567,4.0);
#1569=EDGE_CURVE('',#1563,#1516,#1568,.T.);
#1570=ORIENTED_EDGE('',*,*,#1569,.F.);
#1571=CARTESIAN_POINT('',(-26.900000000000009,-12.0,3.8));
#1572=VERTEX_POINT('',#1571);
#1573=CARTESIAN_POINT('',(-24.000000000000004,-12.0,3.8));
#1574=DIRECTION('',(-1.0,0.0,0.0));
#1575=VECTOR('',#1574,2.900000000000006);
#1576=LINE('',#1573,#1575);
#1577=EDGE_CURVE('',#1563,#1572,#1576,.T.);
#1578=ORIENTED_EDGE('',*,*,#1577,.T.);
#1579=CARTESIAN_POINT('',(-26.900000000000009,-7.999999999999996,3.8));
#1580=VERTEX_POINT('',#1579);
#1581=CARTESIAN_POINT('',(-26.900000000000009,-12.0,3.8));
#1582=DIRECTION('',(0.0,1.0,0.0));
#1583=VECTOR('',#1582,4.000000000000004);
#1584=LINE('',#1581,#1583);
#1585=EDGE_CURVE('',#1572,#1580,#1584,.T.);
#1586=ORIENTED_EDGE('',*,*,#1585,.T.);
#1587=CARTESIAN_POINT('',(-21.100000000000009,-7.999999999999996,3.8));
#1588=VERTEX_POINT('',#1587);
#1589=CARTESIAN_POINT('',(-21.100000000000009,-8.0,3.8));
#1590=DIRECTION('',(-1.0,0.0,0.0));
#1591=VECTOR('',#1590,5.800000000000001);
#1592=LINE('',#1589,#1591);
#1593=EDGE_CURVE('',#1588,#1580,#1592,.T.);
#1594=ORIENTED_EDGE('',*,*,#1593,.F.);
#1595=CARTESIAN_POINT('',(-21.100000000000009,-12.0,3.8));
#1596=VERTEX_POINT('',#1595);
#1597=CARTESIAN_POINT('',(-21.100000000000009,-7.999999999999996,3.8));
#1598=DIRECTION('',(0.0,-1.0,0.0));
#1599=VECTOR('',#1598,4.000000000000004);
#1600=LINE('',#1597,#1599);
#1601=EDGE_CURVE('',#1588,#1596,#1600,.T.);
#1602=ORIENTED_EDGE('',*,*,#1601,.T.);
#1603=CARTESIAN_POINT('',(-20.100000000000009,-12.000000000000002,3.8));
#1604=VERTEX_POINT('',#1603);
#1605=CARTESIAN_POINT('',(-20.100000000000009,-12.000000000000002,3.8));
#1606=DIRECTION('',(-1.0,0.0,0.0));
#1607=VECTOR('',#1606,1.0);
#1608=LINE('',#1605,#1607);
#1609=EDGE_CURVE('',#1604,#1596,#1608,.T.);
#1610=ORIENTED_EDGE('',*,*,#1609,.F.);
#1611=CARTESIAN_POINT('',(-20.100000000000009,12.0,3.8));
#1612=VERTEX_POINT('',#1611);
#1613=CARTESIAN_POINT('',(-20.100000000000009,12.0,3.8));
#1614=DIRECTION('',(0.0,-1.0,0.0));
#1615=VECTOR('',#1614,24.000000000000004);
#1616=LINE('',#1613,#1615);
#1617=EDGE_CURVE('',#1612,#1604,#1616,.T.);
#1618=ORIENTED_EDGE('',*,*,#1617,.F.);
#1619=CARTESIAN_POINT('',(-21.100000000000009,12.0,3.8));
#1620=VERTEX_POINT('',#1619);
#1621=CARTESIAN_POINT('',(-21.100000000000001,12.0,3.8));
#1622=DIRECTION('',(1.0,0.0,0.0));
#1623=VECTOR('',#1622,0.999999999999993);
#1624=LINE('',#1621,#1623);
#1625=EDGE_CURVE('',#1620,#1612,#1624,.T.);
#1626=ORIENTED_EDGE('',*,*,#1625,.F.);
#1627=CARTESIAN_POINT('',(-21.100000000000009,7.999999999999996,3.8));
#1628=VERTEX_POINT('',#1627);
#1629=CARTESIAN_POINT('',(-21.100000000000009,12.0,3.8));
#1630=DIRECTION('',(0.0,-1.0,0.0));
#1631=VECTOR('',#1630,4.000000000000004);
#1632=LINE('',#1629,#1631);
#1633=EDGE_CURVE('',#1620,#1628,#1632,.T.);
#1634=ORIENTED_EDGE('',*,*,#1633,.T.);
#1635=CARTESIAN_POINT('',(-26.900000000000009,7.999999999999996,3.8));
#1636=VERTEX_POINT('',#1635);
#1637=CARTESIAN_POINT('',(-26.900000000000009,8.0,3.8));
#1638=DIRECTION('',(1.0,0.0,0.0));
#1639=VECTOR('',#1638,5.800000000000001);
#1640=LINE('',#1637,#1639);
#1641=EDGE_CURVE('',#1636,#1628,#1640,.T.);
#1642=ORIENTED_EDGE('',*,*,#1641,.F.);
#1643=CARTESIAN_POINT('',(-26.900000000000009,12.0,3.8));
#1644=VERTEX_POINT('',#1643);
#1645=CARTESIAN_POINT('',(-26.900000000000009,7.999999999999996,3.8));
#1646=DIRECTION('',(0.0,1.0,0.0));
#1647=VECTOR('',#1646,4.000000000000004);
#1648=LINE('',#1645,#1647);
#1649=EDGE_CURVE('',#1636,#1644,#1648,.T.);
#1650=ORIENTED_EDGE('',*,*,#1649,.T.);
#1651=CARTESIAN_POINT('',(-24.000000000000004,12.0,3.8));
#1652=VERTEX_POINT('',#1651);
#1653=CARTESIAN_POINT('',(-26.900000000000009,12.0,3.8));
#1654=DIRECTION('',(1.0,0.0,0.0));
#1655=VECTOR('',#1654,2.900000000000006);
#1656=LINE('',#1653,#1655);
#1657=EDGE_CURVE('',#1644,#1652,#1656,.T.);
#1658=ORIENTED_EDGE('',*,*,#1657,.T.);
#1659=CARTESIAN_POINT('',(-28.000000000000004,16.0,3.8));
#1660=VERTEX_POINT('',#1659);
#1661=CARTESIAN_POINT('',(-24.000000000000004,16.0,3.8));
#1662=DIRECTION('',(0.0,0.0,1.0));
#1663=DIRECTION('',(-1.0,0.0,0.0));
#1664=AXIS2_PLACEMENT_3D('',#1661,#1662,#1663);
#1665=CIRCLE('',#1664,4.0);
#1666=EDGE_CURVE('',#1660,#1652,#1665,.T.);
#1667=ORIENTED_EDGE('',*,*,#1666,.F.);
#1668=CARTESIAN_POINT('',(-28.000000000000004,13.100000000000003,3.8));
#1669=VERTEX_POINT('',#1668);
#1670=CARTESIAN_POINT('',(-28.000000000000004,16.0,3.8));
#1671=DIRECTION('',(0.0,-1.0,0.0));
#1672=VECTOR('',#1671,2.899999999999997);
#1673=LINE('',#1670,#1672);
#1674=EDGE_CURVE('',#1660,#1669,#1673,.T.);
#1675=ORIENTED_EDGE('',*,*,#1674,.T.);
#1676=CARTESIAN_POINT('',(-32.0,13.100000000000003,3.8));
#1677=VERTEX_POINT('',#1676);
#1678=CARTESIAN_POINT('',(-28.000000000000004,13.100000000000003,3.8));
#1679=DIRECTION('',(-1.0,0.0,0.0));
#1680=VECTOR('',#1679,3.999999999999996);
#1681=LINE('',#1678,#1680);
#1682=EDGE_CURVE('',#1669,#1677,#1681,.T.);
#1683=ORIENTED_EDGE('',*,*,#1682,.T.);
#1684=CARTESIAN_POINT('',(-32.0,18.900000000000002,3.8));
#1685=VERTEX_POINT('',#1684);
#1686=CARTESIAN_POINT('',(-32.0,18.900000000000002,3.8));
#1687=DIRECTION('',(0.0,-1.0,0.0));
#1688=VECTOR('',#1687,5.800000000000001);
#1689=LINE('',#1686,#1688);
#1690=EDGE_CURVE('',#1685,#1677,#1689,.T.);
#1691=ORIENTED_EDGE('',*,*,#1690,.F.);
#1692=CARTESIAN_POINT('',(-28.000000000000004,18.900000000000002,3.8));
#1693=VERTEX_POINT('',#1692);
#1694=CARTESIAN_POINT('',(-32.0,18.900000000000002,3.8));
#1695=DIRECTION('',(1.0,0.0,0.0));
#1696=VECTOR('',#1695,3.999999999999996);
#1697=LINE('',#1694,#1696);
#1698=EDGE_CURVE('',#1685,#1693,#1697,.T.);
#1699=ORIENTED_EDGE('',*,*,#1698,.T.);
#1700=CARTESIAN_POINT('',(-28.000000000000004,18.900000000000006,3.8));
#1701=DIRECTION('',(0.0,-1.0,0.0));
#1702=VECTOR('',#1701,2.900000000000006);
#1703=LINE('',#1700,#1702);
#1704=EDGE_CURVE('',#1693,#1660,#1703,.T.);
#1705=ORIENTED_EDGE('',*,*,#1704,.T.);
#1706=CARTESIAN_POINT('',(-24.888819441731577,19.899999999999999,3.8));
#1707=VERTEX_POINT('',#1706);
#1708=CARTESIAN_POINT('',(-24.000000000000004,16.0,3.8));
#1709=DIRECTION('',(0.0,0.0,1.0));
#1710=DIRECTION('',(-1.0,0.0,0.0));
#1711=AXIS2_PLACEMENT_3D('',#1708,#1709,#1710);
#1712=CIRCLE('',#1711,4.0);
#1713=EDGE_CURVE('',#1707,#1660,#1712,.T.);
#1714=ORIENTED_EDGE('',*,*,#1713,.F.);
#1715=CARTESIAN_POINT('',(-40.0,19.899999999999999,3.8));
#1716=VERTEX_POINT('',#1715);
#1717=CARTESIAN_POINT('',(-40.0,19.899999999999999,3.8));
#1718=DIRECTION('',(1.0,0.0,0.0));
#1719=VECTOR('',#1718,15.111180558268426);
#1720=LINE('',#1717,#1719);
#1721=EDGE_CURVE('',#1716,#1707,#1720,.T.);
#1722=ORIENTED_EDGE('',*,*,#1721,.F.);
#1723=CARTESIAN_POINT('',(-40.0,12.799999999999995,3.8));
#1724=VERTEX_POINT('',#1723);
#1725=CARTESIAN_POINT('',(-40.0,19.899999999999999,3.8));
#1726=DIRECTION('',(0.0,-1.0,0.0));
#1727=VECTOR('',#1726,7.100000000000003);
#1728=LINE('',#1725,#1727);
#1729=EDGE_CURVE('',#1716,#1724,#1728,.T.);
#1730=ORIENTED_EDGE('',*,*,#1729,.T.);
#1731=CARTESIAN_POINT('',(-40.0,11.999999999999996,3.8));
#1732=VERTEX_POINT('',#1731);
#1733=CARTESIAN_POINT('',(-40.0,12.799999999999995,3.8));
#1734=DIRECTION('',(0.0,-1.0,0.0));
#1735=VECTOR('',#1734,0.799999999999999);
#1736=LINE('',#1733,#1735);
#1737=EDGE_CURVE('',#1724,#1732,#1736,.T.);
#1738=ORIENTED_EDGE('',*,*,#1737,.T.);
#1739=CARTESIAN_POINT('',(-27.900000000000009,11.999999999999996,3.8));
#1740=VERTEX_POINT('',#1739);
#1741=CARTESIAN_POINT('',(-27.900000000000013,11.999999999999996,3.8));
#1742=DIRECTION('',(-1.0,0.0,0.0));
#1743=VECTOR('',#1742,12.099999999999987);
#1744=LINE('',#1741,#1743);
#1745=EDGE_CURVE('',#1740,#1732,#1744,.T.);
#1746=ORIENTED_EDGE('',*,*,#1745,.F.);
#1747=CARTESIAN_POINT('',(-27.900000000000009,-11.999999999999996,3.8));
#1748=VERTEX_POINT('',#1747);
#1749=CARTESIAN_POINT('',(-27.900000000000009,-11.999999999999996,3.8));
#1750=DIRECTION('',(0.0,1.0,0.0));
#1751=VECTOR('',#1750,23.999999999999993);
#1752=LINE('',#1749,#1751);
#1753=EDGE_CURVE('',#1748,#1740,#1752,.T.);
#1754=ORIENTED_EDGE('',*,*,#1753,.F.);
#1755=CARTESIAN_POINT('',(-40.0,-11.999999999999996,3.8));
#1756=VERTEX_POINT('',#1755);
#1757=CARTESIAN_POINT('',(-40.0,-11.999999999999996,3.8));
#1758=DIRECTION('',(1.0,0.0,0.0));
#1759=VECTOR('',#1758,12.099999999999987);
#1760=LINE('',#1757,#1759);
#1761=EDGE_CURVE('',#1756,#1748,#1760,.T.);
#1762=ORIENTED_EDGE('',*,*,#1761,.F.);
#1763=CARTESIAN_POINT('',(-40.0,-12.799999999999995,3.8));
#1764=DIRECTION('',(0.0,1.0,0.0));
#1765=VECTOR('',#1764,0.799999999999999);
#1766=LINE('',#1763,#1765);
#1767=EDGE_CURVE('',#1491,#1756,#1766,.T.);
#1768=ORIENTED_EDGE('',*,*,#1767,.F.);
#1769=ORIENTED_EDGE('',*,*,#1496,.F.);
#1770=EDGE_LOOP('',(#1514,#1523,#1531,#1539,#1547,#1555,#1561,#1570,#1578,#1586,#1594,#1602,#1610,#1618,#1626,#1634,#1642,#1650,#1658,#1667,#1675,#1683,#1691,#1699,#1705,#1714,#1722,#1730,#1738,#1746,#1754,#1762,#1768,#1769));
#1771=FACE_OUTER_BOUND('',#1770,.T.);
#1772=ADVANCED_FACE('',(#1771),#1513,.T.);
#1773=CARTESIAN_POINT('',(-24.308985935806049,19.899999999999999,3.7));
#1774=DIRECTION('',(-1.0,0.0,0.0));
#1775=DIRECTION('',(0.0,0.70710678118654,0.707106781186555));
#1776=AXIS2_PLACEMENT_3D('',#1773,#1774,#1775);
#1777=CYLINDRICAL_SURFACE('',#1776,0.1);
#1778=CARTESIAN_POINT('',(-40.0,19.999999999999996,3.7));
#1779=VERTEX_POINT('',#1778);
#1780=CARTESIAN_POINT('',(-40.0,19.899999999999999,3.7));
#1781=DIRECTION('',(1.0,0.0,0.0));
#1782=DIRECTION('',(0.0,1.0,0.0));
#1783=AXIS2_PLACEMENT_3D('',#1780,#1781,#1782);
#1784=CIRCLE('',#1783,0.1);
#1785=EDGE_CURVE('',#1779,#1716,#1784,.T.);
#1786=ORIENTED_EDGE('',*,*,#1785,.T.);
#1787=ORIENTED_EDGE('',*,*,#1721,.T.);
#1788=CARTESIAN_POINT('',(-24.000000000000004,19.999999999999996,3.7));
#1789=VERTEX_POINT('',#1788);
#1790=CARTESIAN_POINT('',(-24.000000000000004,19.999999999999996,3.7));
#1791=CARTESIAN_POINT('',(-24.279663429658541,19.999999999999996,3.744218670798763));
#1792=CARTESIAN_POINT('',(-24.612760240061419,19.962914560388032,3.8));
#1793=CARTESIAN_POINT('',(-24.888819441731577,19.899999999999999,3.799999999999999));
#1794=B_SPLINE_CURVE_WITH_KNOTS('',3,(#1790,#1791,#1792,#1793),.UNSPECIFIED.,.F.,.U.,(4,4),(0.0,0.084941292821587),.UNSPECIFIED.);
#1795=EDGE_CURVE('',#1707,#1789,#1794,.F.);
#1796=ORIENTED_EDGE('',*,*,#1795,.T.);
#1797=CARTESIAN_POINT('',(-24.0,19.999999999999996,3.7));
#1798=DIRECTION('',(-1.0,0.0,0.0));
#1799=VECTOR('',#1798,16.0);
#1800=LINE('',#1797,#1799);
#1801=EDGE_CURVE('',#1789,#1779,#1800,.T.);
#1802=ORIENTED_EDGE('',*,*,#1801,.T.);
#1803=EDGE_LOOP('',(#1786,#1787,#1796,#1802));
#1804=FACE_OUTER_BOUND('',#1803,.T.);
#1805=ADVANCED_FACE('',(#1804),#1777,.T.);
#1806=CARTESIAN_POINT('',(-40.0,19.899999999999999,-2.220446E-015));
#1807=DIRECTION('',(0.0,-1.0,0.0));
#1808=DIRECTION('',(0.0,0.0,-1.0));
#1809=AXIS2_PLACEMENT_3D('',#1806,#1807,#1808);
#1810=TOROIDAL_SURFACE('',#1809,3.7,0.1);
#1811=CARTESIAN_POINT('',(-40.0,19.999999999999996,-3.700000000000002));
#1812=VERTEX_POINT('',#1811);
#1813=CARTESIAN_POINT('',(-40.0,19.899999999999999,-3.700000000000002));
#1814=DIRECTION('',(-1.0,0.0,0.0));
#1815=DIRECTION('',(0.0,1.0,0.0));
#1816=AXIS2_PLACEMENT_3D('',#1813,#1814,#1815);
#1817=CIRCLE('',#1816,0.1);
#1818=EDGE_CURVE('',#1812,#1236,#1817,.T.);
#1819=ORIENTED_EDGE('',*,*,#1818,.T.);
#1820=CARTESIAN_POINT('',(-40.0,19.899999999999999,-2.220446E-015));
#1821=DIRECTION('',(0.0,1.0,0.0));
#1822=DIRECTION('',(-1.0,0.0,0.0));
#1823=AXIS2_PLACEMENT_3D('',#1820,#1821,#1822);
#1824=CIRCLE('',#1823,3.8);
#1825=EDGE_CURVE('',#1236,#1716,#1824,.T.);
#1826=ORIENTED_EDGE('',*,*,#1825,.T.);
#1827=ORIENTED_EDGE('',*,*,#1785,.F.);
#1828=CARTESIAN_POINT('',(-40.0,19.999999999999996,-2.220446E-015));
#1829=DIRECTION('',(0.0,-1.0,0.0));
#1830=DIRECTION('',(-1.0,0.0,0.0));
#1831=AXIS2_PLACEMENT_3D('',#1828,#1829,#1830);
#1832=CIRCLE('',#1831,3.7);
#1833=EDGE_CURVE('',#1779,#1812,#1832,.T.);
#1834=ORIENTED_EDGE('',*,*,#1833,.T.);
#1835=EDGE_LOOP('',(#1819,#1826,#1827,#1834));
#1836=FACE_OUTER_BOUND('',#1835,.T.);
#1837=ADVANCED_FACE('',(#1836),#1810,.T.);
#1838=CARTESIAN_POINT('',(-24.308985935806049,19.899999999999999,-3.7));
#1839=DIRECTION('',(1.0,0.0,0.0));
#1840=DIRECTION('',(0.0,0.70710678118654,-0.707106781186555));
#1841=AXIS2_PLACEMENT_3D('',#1838,#1839,#1840);
#1842=CYLINDRICAL_SURFACE('',#1841,0.1);
#1843=CARTESIAN_POINT('',(-24.000000000000004,19.999999999999996,-3.7));
#1844=VERTEX_POINT('',#1843);
#1845=CARTESIAN_POINT('',(-24.888819441731577,19.899999999999999,-3.8));
#1846=CARTESIAN_POINT('',(-24.612760240061419,19.962914560388032,-3.8));
#1847=CARTESIAN_POINT('',(-24.279663429658541,19.999999999999996,-3.744218670798763));
#1848=CARTESIAN_POINT('',(-24.000000000000004,19.999999999999996,-3.7));
#1849=B_SPLINE_CURVE_WITH_KNOTS('',3,(#1845,#1846,#1847,#1848),.UNSPECIFIED.,.F.,.U.,(4,4),(0.16196344568858,0.246904738510167),.UNSPECIFIED.);
#1850=EDGE_CURVE('',#1844,#1244,#1849,.F.);
#1851=ORIENTED_EDGE('',*,*,#1850,.T.);
#1852=ORIENTED_EDGE('',*,*,#1249,.T.);
#1853=ORIENTED_EDGE('',*,*,#1818,.F.);
#1854=CARTESIAN_POINT('',(-40.0,19.999999999999996,-3.7));
#1855=DIRECTION('',(1.0,0.0,0.0));
#1856=VECTOR('',#1855,16.0);
#1857=LINE('',#1854,#1856);
#1858=EDGE_CURVE('',#1812,#1844,#1857,.T.);
#1859=ORIENTED_EDGE('',*,*,#1858,.T.);
#1860=EDGE_LOOP('',(#1851,#1852,#1853,#1859));
#1861=FACE_OUTER_BOUND('',#1860,.T.);
#1862=ADVANCED_FACE('',(#1861),#1842,.T.);
#1863=CARTESIAN_POINT('',(-24.000000000000004,19.999999999999996,0.0));
#1864=DIRECTION('',(0.0,1.0,0.0));
#1865=DIRECTION('',(0.0,0.0,1.0));
#1866=AXIS2_PLACEMENT_3D('',#1863,#1864,#1865);
#1867=PLANE('',#1866);
#1868=CARTESIAN_POINT('',(24.0,19.999999999999996,-3.9));
#1869=VERTEX_POINT('',#1868);
#1870=CARTESIAN_POINT('',(24.0,19.999999999999996,-3.9));
#1871=DIRECTION('',(0.0,0.0,1.0));
#1872=VECTOR('',#1871,0.2);
#1873=LINE('',#1870,#1872);
#1874=EDGE_CURVE('',#1869,#154,#1873,.T.);
#1875=ORIENTED_EDGE('',*,*,#1874,.F.);
#1876=CARTESIAN_POINT('',(-24.000000000000004,19.999999999999996,-3.9));
#1877=VERTEX_POINT('',#1876);
#1878=CARTESIAN_POINT('',(-24.000000000000007,19.999999999999996,-3.9));
#1879=DIRECTION('',(1.0,0.0,0.0));
#1880=VECTOR('',#1879,48.000000000000007);
#1881=LINE('',#1878,#1880);
#1882=EDGE_CURVE('',#1877,#1869,#1881,.T.);
#1883=ORIENTED_EDGE('',*,*,#1882,.F.);
#1884=CARTESIAN_POINT('',(-24.000000000000004,19.999999999999996,-3.9));
#1885=DIRECTION('',(0.0,0.0,1.0));
#1886=VECTOR('',#1885,0.2);
#1887=LINE('',#1884,#1886);
#1888=EDGE_CURVE('',#1877,#1844,#1887,.T.);
#1889=ORIENTED_EDGE('',*,*,#1888,.T.);
#1890=ORIENTED_EDGE('',*,*,#1858,.F.);
#1891=ORIENTED_EDGE('',*,*,#1833,.F.);
#1892=ORIENTED_EDGE('',*,*,#1801,.F.);
#1893=CARTESIAN_POINT('',(-24.000000000000004,19.999999999999996,3.9));
#1894=VERTEX_POINT('',#1893);
#1895=CARTESIAN_POINT('',(-24.000000000000004,19.999999999999996,3.7));
#1896=DIRECTION('',(0.0,0.0,1.0));
#1897=VECTOR('',#1896,0.2);
#1898=LINE('',#1895,#1897);
#1899=EDGE_CURVE('',#1789,#1894,#1898,.T.);
#1900=ORIENTED_EDGE('',*,*,#1899,.T.);
#1901=CARTESIAN_POINT('',(24.0,19.999999999999996,3.9));
#1902=VERTEX_POINT('',#1901);
#1903=CARTESIAN_POINT('',(24.0,19.999999999999996,3.9));
#1904=DIRECTION('',(-1.0,0.0,0.0));
#1905=VECTOR('',#1904,48.000000000000007);
#1906=LINE('',#1903,#1905);
#1907=EDGE_CURVE('',#1902,#1894,#1906,.T.);
#1908=ORIENTED_EDGE('',*,*,#1907,.F.);
#1909=CARTESIAN_POINT('',(24.0,19.999999999999996,3.7));
#1910=DIRECTION('',(0.0,0.0,1.0));
#1911=VECTOR('',#1910,0.2);
#1912=LINE('',#1909,#1911);
#1913=EDGE_CURVE('',#85,#1902,#1912,.T.);
#1914=ORIENTED_EDGE('',*,*,#1913,.F.);
#1915=ORIENTED_EDGE('',*,*,#90,.F.);
#1916=ORIENTED_EDGE('',*,*,#133,.F.);
#1917=ORIENTED_EDGE('',*,*,#168,.F.);
#1918=EDGE_LOOP('',(#1875,#1883,#1889,#1890,#1891,#1892,#1900,#1908,#1914,#1915,#1916,#1917));
#1919=FACE_OUTER_BOUND('',#1918,.T.);
#1920=CARTESIAN_POINT('',(-19.200000000000003,20.0,0.0));
#1921=VERTEX_POINT('',#1920);
#1922=CARTESIAN_POINT('',(-16.0,19.999999999999996,0.0));
#1923=DIRECTION('',(0.0,-1.0,0.0));
#1924=DIRECTION('',(-1.0,0.0,0.0));
#1925=AXIS2_PLACEMENT_3D('',#1922,#1923,#1924);
#1926=CIRCLE('',#1925,3.200000000000001);
#1927=EDGE_CURVE('',#1921,#1921,#1926,.T.);
#1928=ORIENTED_EDGE('',*,*,#1927,.T.);
#1929=EDGE_LOOP('',(#1928));
#1930=FACE_BOUND('',#1929,.T.);
#1931=CARTESIAN_POINT('',(-3.200000000000001,20.0,0.0));
#1932=VERTEX_POINT('',#1931);
#1933=CARTESIAN_POINT('',(3.700743E-017,19.999999999999996,0.0));
#1934=DIRECTION('',(0.0,-1.0,0.0));
#1935=DIRECTION('',(-1.0,0.0,0.0));
#1936=AXIS2_PLACEMENT_3D('',#1933,#1934,#1935);
#1937=CIRCLE('',#1936,3.200000000000001);
#1938=EDGE_CURVE('',#1932,#1932,#1937,.T.);
#1939=ORIENTED_EDGE('',*,*,#1938,.T.);
#1940=EDGE_LOOP('',(#1939));
#1941=FACE_BOUND('',#1940,.T.);
#1942=CARTESIAN_POINT('',(12.800000000000001,20.0,0.0));
#1943=VERTEX_POINT('',#1942);
#1944=CARTESIAN_POINT('',(16.0,19.999999999999993,0.0));
#1945=DIRECTION('',(0.0,-1.0,0.0));
#1946=DIRECTION('',(-1.0,0.0,0.0));
#1947=AXIS2_PLACEMENT_3D('',#1944,#1945,#1946);
#1948=CIRCLE('',#1947,3.200000000000001);
#1949=EDGE_CURVE('',#1943,#1943,#1948,.T.);
#1950=ORIENTED_EDGE('',*,*,#1949,.T.);
#1951=EDGE_LOOP('',(#1950));
#1952=FACE_BOUND('',#1951,.T.);
#1953=CARTESIAN_POINT('',(-34.381176179958132,20.0,-2.700000000000001));
#1954=VERTEX_POINT('',#1953);
#1955=CARTESIAN_POINT('',(-37.618823820041868,20.0,-2.700000000000001));
#1956=VERTEX_POINT('',#1955);
#1957=CARTESIAN_POINT('',(-34.381176179958132,19.999999999999996,-2.700000000000001));
#1958=DIRECTION('',(-1.0,0.0,0.0));
#1959=VECTOR('',#1958,3.237647640083736);
#1960=LINE('',#1957,#1959);
#1961=EDGE_CURVE('',#1954,#1956,#1960,.T.);
#1962=ORIENTED_EDGE('',*,*,#1961,.F.);
#1963=CARTESIAN_POINT('',(-34.381176179958132,19.999999999999996,2.7));
#1964=VERTEX_POINT('',#1963);
#1965=CARTESIAN_POINT('',(-32.0,20.000000000000004,-2.220446E-015));
#1966=DIRECTION('',(-4.047688E-017,-1.0,4.589647E-017));
#1967=DIRECTION('',(-0.661437827766147,6.119529E-017,0.750000000000001));
#1968=AXIS2_PLACEMENT_3D('',#1965,#1966,#1967);
#1969=CIRCLE('',#1968,3.599999999999999);
#1970=EDGE_CURVE('',#1964,#1954,#1969,.T.);
#1971=ORIENTED_EDGE('',*,*,#1970,.F.);
#1972=CARTESIAN_POINT('',(-37.618823820041868,19.999999999999996,2.699999999999998));
#1973=VERTEX_POINT('',#1972);
#1974=CARTESIAN_POINT('',(-37.618823820041868,19.999999999999996,2.699999999999998));
#1975=DIRECTION('',(1.0,0.0,0.0));
#1976=VECTOR('',#1975,3.237647640083743);
#1977=LINE('',#1974,#1976);
#1978=EDGE_CURVE('',#1973,#1964,#1977,.T.);
#1979=ORIENTED_EDGE('',*,*,#1978,.F.);
#1980=CARTESIAN_POINT('',(-40.0,20.000000000000004,-2.220446E-015));
#1981=DIRECTION('',(-4.047688E-017,-1.0,4.589647E-017));
#1982=DIRECTION('',(0.661437827766148,-6.119529E-017,-0.75));
#1983=AXIS2_PLACEMENT_3D('',#1980,#1981,#1982);
#1984=CIRCLE('',#1983,3.6);
#1985=EDGE_CURVE('',#1956,#1973,#1984,.T.);
#1986=ORIENTED_EDGE('',*,*,#1985,.F.);
#1987=EDGE_LOOP('',(#1962,#1971,#1979,#1986));
#1988=FACE_BOUND('',#1987,.T.);
#1989=CARTESIAN_POINT('',(-28.799999999999997,20.000000000000004,-2.220446E-015));
#1990=VERTEX_POINT('',#1989);
#1991=CARTESIAN_POINT('',(-32.0,19.999999999999996,-2.220446E-015));
#1992=DIRECTION('',(0.0,-1.0,0.0));
#1993=DIRECTION('',(1.0,0.0,0.0));
#1994=AXIS2_PLACEMENT_3D('',#1991,#1992,#1993);
#1995=CIRCLE('',#1994,3.200000000000001);
#1996=EDGE_CURVE('',#1990,#1990,#1995,.T.);
#1997=ORIENTED_EDGE('',*,*,#1996,.T.);
#1998=EDGE_LOOP('',(#1997));
#1999=FACE_BOUND('',#1998,.T.);
#2000=CARTESIAN_POINT('',(-36.799999999999997,20.000000000000004,-2.220446E-015));
#2001=VERTEX_POINT('',#2000);
#2002=CARTESIAN_POINT('',(-40.0,20.0,-2.220446E-015));
#2003=DIRECTION('',(0.0,-1.0,0.0));
#2004=DIRECTION('',(1.0,0.0,0.0));
#2005=AXIS2_PLACEMENT_3D('',#2002,#2003,#2004);
#2006=CIRCLE('',#2005,3.200000000000001);
#2007=EDGE_CURVE('',#2001,#2001,#2006,.T.);
#2008=ORIENTED_EDGE('',*,*,#2007,.T.);
#2009=EDGE_LOOP('',(#2008));
#2010=FACE_BOUND('',#2009,.T.);
#2011=CARTESIAN_POINT('',(34.381176179958132,20.0,-2.700000000000001));
#2012=VERTEX_POINT('',#2011);
#2013=CARTESIAN_POINT('',(37.618823820041868,20.0,-2.700000000000001));
#2014=VERTEX_POINT('',#2013);
#2015=CARTESIAN_POINT('',(34.381176179958132,19.999999999999996,-2.700000000000001));
#2016=DIRECTION('',(1.0,0.0,0.0));
#2017=VECTOR('',#2016,3.237647640083736);
#2018=LINE('',#2015,#2017);
#2019=EDGE_CURVE('',#2012,#2014,#2018,.T.);
#2020=ORIENTED_EDGE('',*,*,#2019,.T.);
#2021=CARTESIAN_POINT('',(37.618823820041868,19.999999999999996,2.699999999999998));
#2022=VERTEX_POINT('',#2021);
#2023=CARTESIAN_POINT('',(40.0,20.000000000000004,-2.220446E-015));
#2024=DIRECTION('',(-4.047688E-017,1.0,-4.589647E-017));
#2025=DIRECTION('',(-0.661437827766148,-6.119529E-017,-0.75));
#2026=AXIS2_PLACEMENT_3D('',#2023,#2024,#2025);
#2027=CIRCLE('',#2026,3.6);
#2028=EDGE_CURVE('',#2014,#2022,#2027,.T.);
#2029=ORIENTED_EDGE('',*,*,#2028,.T.);
#2030=CARTESIAN_POINT('',(34.381176179958132,19.999999999999996,2.7));
#2031=VERTEX_POINT('',#2030);
#2032=CARTESIAN_POINT('',(37.618823820041868,19.999999999999996,2.699999999999998));
#2033=DIRECTION('',(-1.0,0.0,0.0));
#2034=VECTOR('',#2033,3.237647640083743);
#2035=LINE('',#2032,#2034);
#2036=EDGE_CURVE('',#2022,#2031,#2035,.T.);
#2037=ORIENTED_EDGE('',*,*,#2036,.T.);
#2038=CARTESIAN_POINT('',(32.0,20.000000000000004,-2.220446E-015));
#2039=DIRECTION('',(-4.047688E-017,1.0,-4.589647E-017));
#2040=DIRECTION('',(0.661437827766147,6.119529E-017,0.750000000000001));
#2041=AXIS2_PLACEMENT_3D('',#2038,#2039,#2040);
#2042=CIRCLE('',#2041,3.599999999999999);
#2043=EDGE_CURVE('',#2031,#2012,#2042,.T.);
#2044=ORIENTED_EDGE('',*,*,#2043,.T.);
#2045=EDGE_LOOP('',(#2020,#2029,#2037,#2044));
#2046=FACE_BOUND('',#2045,.T.);
#2047=CARTESIAN_POINT('',(28.799999999999997,20.000000000000004,-2.220446E-015));
#2048=VERTEX_POINT('',#2047);
#2049=CARTESIAN_POINT('',(32.0,20.000000000000004,-2.220446E-015));
#2050=DIRECTION('',(0.0,-1.0,0.0));
#2051=DIRECTION('',(-1.0,0.0,0.0));
#2052=AXIS2_PLACEMENT_3D('',#2049,#2050,#2051);
#2053=CIRCLE('',#2052,3.200000000000001);
#2054=EDGE_CURVE('',#2048,#2048,#2053,.T.);
#2055=ORIENTED_EDGE('',*,*,#2054,.T.);
#2056=EDGE_LOOP('',(#2055));
#2057=FACE_BOUND('',#2056,.T.);
#2058=CARTESIAN_POINT('',(36.799999999999997,20.000000000000004,-2.220446E-015));
#2059=VERTEX_POINT('',#2058);
#2060=CARTESIAN_POINT('',(40.0,20.000000000000004,-2.220446E-015));
#2061=DIRECTION('',(0.0,-1.0,0.0));
#2062=DIRECTION('',(-1.0,0.0,0.0));
#2063=AXIS2_PLACEMENT_3D('',#2060,#2061,#2062);
#2064=CIRCLE('',#2063,3.200000000000001);
#2065=EDGE_CURVE('',#2059,#2059,#2064,.T.);
#2066=ORIENTED_EDGE('',*,*,#2065,.T.);
#2067=EDGE_LOOP('',(#2066));
#2068=FACE_BOUND('',#2067,.T.);
#2069=ADVANCED_FACE('',(#1919,#1930,#1941,#1952,#1988,#1999,#2010,#2046,#2057,#2068),#1867,.T.);
#2070=CARTESIAN_POINT('',(20.099999999999987,-6.000000000000002,-3.7));
#2071=DIRECTION('',(1.850372E-016,-1.0,0.0));
#2072=DIRECTION('',(-0.70710678118654,0.0,-0.707106781186555));
#2073=AXIS2_PLACEMENT_3D('',#2070,#2071,#2072);
#2074=CYLINDRICAL_SURFACE('',#2073,0.1);
#2075=CARTESIAN_POINT('',(19.999999999999986,11.200000000000001,-3.7));
#2076=VERTEX_POINT('',#2075);
#2077=CARTESIAN_POINT('',(20.099999999999984,11.200000000000006,-3.7));
#2078=DIRECTION('',(0.0,1.0,0.0));
#2079=DIRECTION('',(-0.70710678118654,0.0,-0.707106781186555));
#2080=AXIS2_PLACEMENT_3D('',#2077,#2078,#2079);
#2081=CIRCLE('',#2080,0.1);
#2082=EDGE_CURVE('',#403,#2076,#2081,.T.);
#2083=ORIENTED_EDGE('',*,*,#2082,.T.);
#2084=CARTESIAN_POINT('',(19.999999999999986,11.999999999999996,-3.7));
#2085=VERTEX_POINT('',#2084);
#2086=CARTESIAN_POINT('',(19.999999999999989,11.200000000000001,-3.7));
#2087=DIRECTION('',(0.0,1.0,0.0));
#2088=VECTOR('',#2087,0.799999999999997);
#2089=LINE('',#2086,#2088);
#2090=EDGE_CURVE('',#2076,#2085,#2089,.T.);
#2091=ORIENTED_EDGE('',*,*,#2090,.T.);
#2092=CARTESIAN_POINT('',(20.099999999999984,12.000000000000002,-3.7));
#2093=DIRECTION('',(0.0,1.0,0.0));
#2094=DIRECTION('',(-0.70710678118654,0.0,-0.707106781186555));
#2095=AXIS2_PLACEMENT_3D('',#2092,#2093,#2094);
#2096=CIRCLE('',#2095,0.1);
#2097=EDGE_CURVE('',#2085,#411,#2096,.F.);
#2098=ORIENTED_EDGE('',*,*,#2097,.T.);
#2099=ORIENTED_EDGE('',*,*,#416,.T.);
#2100=EDGE_LOOP('',(#2083,#2091,#2098,#2099));
#2101=FACE_OUTER_BOUND('',#2100,.T.);
#2102=ADVANCED_FACE('',(#2101),#2074,.T.);
#2103=CARTESIAN_POINT('',(20.099999999999987,-6.000000000000002,-3.7));
#2104=DIRECTION('',(1.850372E-016,-1.0,0.0));
#2105=DIRECTION('',(-0.70710678118654,0.0,-0.707106781186555));
#2106=AXIS2_PLACEMENT_3D('',#2103,#2104,#2105);
#2107=CYLINDRICAL_SURFACE('',#2106,0.1);
#2108=CARTESIAN_POINT('',(19.999999999999986,3.200000000000001,-3.7));
#2109=VERTEX_POINT('',#2108);
#2110=CARTESIAN_POINT('',(20.099999999999987,3.200000000000004,-3.7));
#2111=DIRECTION('',(0.0,1.0,0.0));
#2112=DIRECTION('',(-0.70710678118654,0.0,-0.707106781186555));
#2113=AXIS2_PLACEMENT_3D('',#2110,#2111,#2112);
#2114=CIRCLE('',#2113,0.1);
#2115=EDGE_CURVE('',#371,#2109,#2114,.T.);
#2116=ORIENTED_EDGE('',*,*,#2115,.T.);
#2117=CARTESIAN_POINT('',(19.999999999999986,4.800000000000001,-3.7));
#2118=VERTEX_POINT('',#2117);
#2119=CARTESIAN_POINT('',(19.999999999999993,3.200000000000001,-3.7));
#2120=DIRECTION('',(0.0,1.0,0.0));
#2121=VECTOR('',#2120,1.6);
#2122=LINE('',#2119,#2121);
#2123=EDGE_CURVE('',#2109,#2118,#2122,.T.);
#2124=ORIENTED_EDGE('',*,*,#2123,.T.);
#2125=CARTESIAN_POINT('',(20.099999999999987,4.800000000000005,-3.7));
#2126=DIRECTION('',(0.0,-1.0,0.0));
#2127=DIRECTION('',(-0.70710678118654,0.0,-0.707106781186555));
#2128=AXIS2_PLACEMENT_3D('',#2125,#2126,#2127);
#2129=CIRCLE('',#2128,0.1);
#2130=EDGE_CURVE('',#2118,#379,#2129,.T.);
#2131=ORIENTED_EDGE('',*,*,#2130,.T.);
#2132=ORIENTED_EDGE('',*,*,#384,.T.);
#2133=EDGE_LOOP('',(#2116,#2124,#2131,#2132));
#2134=FACE_OUTER_BOUND('',#2133,.T.);
#2135=ADVANCED_FACE('',(#2134),#2107,.T.);
#2136=CARTESIAN_POINT('',(0.0,4.800000000000001,-3.800000000000001));
#2137=DIRECTION('',(0.0,-1.0,0.0));
#2138=DIRECTION('',(0.0,0.0,-1.0));
#2139=AXIS2_PLACEMENT_3D('',#2136,#2137,#2138);
#2140=PLANE('',#2139);
#2141=ORIENTED_EDGE('',*,*,#2130,.F.);
#2142=CARTESIAN_POINT('',(20.0,4.8,0.0));
#2143=VERTEX_POINT('',#2142);
#2144=CARTESIAN_POINT('',(19.999999999999986,4.799999999999999,0.0));
#2145=DIRECTION('',(0.0,0.0,-1.0));
#2146=VECTOR('',#2145,3.7);
#2147=LINE('',#2144,#2146);
#2148=EDGE_CURVE('',#2143,#2118,#2147,.T.);
#2149=ORIENTED_EDGE('',*,*,#2148,.F.);
#2150=CARTESIAN_POINT('',(20.800000000000001,4.8,0.0));
#2151=VERTEX_POINT('',#2150);
#2152=CARTESIAN_POINT('',(20.0,4.799999999999999,-8.326673E-016));
#2153=DIRECTION('',(1.0,0.0,0.0));
#2154=VECTOR('',#2153,0.799999999999997);
#2155=LINE('',#2152,#2154);
#2156=EDGE_CURVE('',#2143,#2151,#2155,.T.);
#2157=ORIENTED_EDGE('',*,*,#2156,.T.);
#2158=CARTESIAN_POINT('',(20.800000000000001,4.8,-3.800000000000001));
#2159=DIRECTION('',(0.0,0.0,1.0));
#2160=VECTOR('',#2159,3.800000000000001);
#2161=LINE('',#2158,#2160);
#2162=EDGE_CURVE('',#387,#2151,#2161,.T.);
#2163=ORIENTED_EDGE('',*,*,#2162,.F.);
#2164=ORIENTED_EDGE('',*,*,#392,.F.);
#2165=EDGE_LOOP('',(#2141,#2149,#2157,#2163,#2164));
#2166=FACE_OUTER_BOUND('',#2165,.T.);
#2167=ADVANCED_FACE('',(#2166),#2140,.F.);
#2168=CARTESIAN_POINT('',(19.999999999999993,-12.000000000000002,0.0));
#2169=DIRECTION('',(-1.0,0.0,0.0));
#2170=DIRECTION('',(0.0,0.0,1.0));
#2171=AXIS2_PLACEMENT_3D('',#2168,#2169,#2170);
#2172=PLANE('',#2171);
#2173=ORIENTED_EDGE('',*,*,#2090,.F.);
#2174=CARTESIAN_POINT('',(19.999999999999993,11.200000000000001,0.0));
#2175=VERTEX_POINT('',#2174);
#2176=CARTESIAN_POINT('',(19.999999999999986,11.200000000000001,-3.7));
#2177=DIRECTION('',(0.0,0.0,1.0));
#2178=VECTOR('',#2177,3.7);
#2179=LINE('',#2176,#2178);
#2180=EDGE_CURVE('',#2076,#2175,#2179,.T.);
#2181=ORIENTED_EDGE('',*,*,#2180,.T.);
#2182=CARTESIAN_POINT('',(19.999999999999993,8.0,0.0));
#2183=DIRECTION('',(1.0,0.0,0.0));
#2184=DIRECTION('',(0.0,-1.0,0.0));
#2185=AXIS2_PLACEMENT_3D('',#2182,#2183,#2184);
#2186=CIRCLE('',#2185,3.200000000000001);
#2187=EDGE_CURVE('',#2175,#2143,#2186,.T.);
#2188=ORIENTED_EDGE('',*,*,#2187,.T.);
#2189=ORIENTED_EDGE('',*,*,#2148,.T.);
#2190=ORIENTED_EDGE('',*,*,#2123,.F.);
#2191=CARTESIAN_POINT('',(19.999999999999993,3.200000000000001,0.0));
#2192=VERTEX_POINT('',#2191);
#2193=CARTESIAN_POINT('',(19.999999999999986,3.200000000000001,-3.7));
#2194=DIRECTION('',(0.0,0.0,1.0));
#2195=VECTOR('',#2194,3.7);
#2196=LINE('',#2193,#2195);
#2197=EDGE_CURVE('',#2109,#2192,#2196,.T.);
#2198=ORIENTED_EDGE('',*,*,#2197,.T.);
#2199=CARTESIAN_POINT('',(20.0,-3.200000000000001,0.0));
#2200=VERTEX_POINT('',#2199);
#2201=CARTESIAN_POINT('',(19.999999999999993,0.0,0.0));
#2202=DIRECTION('',(1.0,0.0,0.0));
#2203=DIRECTION('',(0.0,-1.0,0.0));
#2204=AXIS2_PLACEMENT_3D('',#2201,#2202,#2203);
#2205=CIRCLE('',#2204,3.200000000000001);
#2206=EDGE_CURVE('',#2192,#2200,#2205,.T.);
#2207=ORIENTED_EDGE('',*,*,#2206,.T.);
#2208=CARTESIAN_POINT('',(19.999999999999993,-3.200000000000001,-3.7));
#2209=VERTEX_POINT('',#2208);
#2210=CARTESIAN_POINT('',(19.999999999999993,-3.200000000000001,0.0));
#2211=DIRECTION('',(0.0,0.0,-1.0));
#2212=VECTOR('',#2211,3.7);
#2213=LINE('',#2210,#2212);
#2214=EDGE_CURVE('',#2200,#2209,#2213,.T.);
#2215=ORIENTED_EDGE('',*,*,#2214,.T.);
#2216=CARTESIAN_POINT('',(19.999999999999993,-4.8,-3.7));
#2217=VERTEX_POINT('',#2216);
#2218=CARTESIAN_POINT('',(19.999999999999993,-4.8,-3.7));
#2219=DIRECTION('',(0.0,1.0,0.0));
#2220=VECTOR('',#2219,1.6);
#2221=LINE('',#2218,#2220);
#2222=EDGE_CURVE('',#2217,#2209,#2221,.T.);
#2223=ORIENTED_EDGE('',*,*,#2222,.F.);
#2224=CARTESIAN_POINT('',(19.999999999999993,-4.8,0.0));
#2225=VERTEX_POINT('',#2224);
#2226=CARTESIAN_POINT('',(19.999999999999993,-4.8,-3.7));
#2227=DIRECTION('',(0.0,0.0,1.0));
#2228=VECTOR('',#2227,3.7);
#2229=LINE('',#2226,#2228);
#2230=EDGE_CURVE('',#2217,#2225,#2229,.T.);
#2231=ORIENTED_EDGE('',*,*,#2230,.T.);
#2232=CARTESIAN_POINT('',(20.0,-11.200000000000001,0.0));
#2233=VERTEX_POINT('',#2232);
#2234=CARTESIAN_POINT('',(19.999999999999993,-8.0,0.0));
#2235=DIRECTION('',(1.0,0.0,0.0));
#2236=DIRECTION('',(0.0,-1.0,0.0));
#2237=AXIS2_PLACEMENT_3D('',#2234,#2235,#2236);
#2238=CIRCLE('',#2237,3.200000000000001);
#2239=EDGE_CURVE('',#2225,#2233,#2238,.T.);
#2240=ORIENTED_EDGE('',*,*,#2239,.T.);
#2241=CARTESIAN_POINT('',(19.999999999999993,-11.200000000000001,-3.7));
#2242=VERTEX_POINT('',#2241);
#2243=CARTESIAN_POINT('',(19.999999999999993,-11.200000000000001,0.0));
#2244=DIRECTION('',(0.0,0.0,-1.0));
#2245=VECTOR('',#2244,3.7);
#2246=LINE('',#2243,#2245);
#2247=EDGE_CURVE('',#2233,#2242,#2246,.T.);
#2248=ORIENTED_EDGE('',*,*,#2247,.T.);
#2249=CARTESIAN_POINT('',(19.999999999999993,-12.000000000000002,-3.7));
#2250=VERTEX_POINT('',#2249);
#2251=CARTESIAN_POINT('',(19.999999999999993,-12.000000000000002,-3.7));
#2252=DIRECTION('',(0.0,1.0,0.0));
#2253=VECTOR('',#2252,0.800000000000001);
#2254=LINE('',#2251,#2253);
#2255=EDGE_CURVE('',#2250,#2242,#2254,.T.);
#2256=ORIENTED_EDGE('',*,*,#2255,.F.);
#2257=CARTESIAN_POINT('',(19.999999999999993,-12.000000000000002,3.7));
#2258=VERTEX_POINT('',#2257);
#2259=CARTESIAN_POINT('',(19.999999999999993,-12.000000000000002,-3.7));
#2260=DIRECTION('',(0.0,0.0,1.0));
#2261=VECTOR('',#2260,7.4);
#2262=LINE('',#2259,#2261);
#2263=EDGE_CURVE('',#2250,#2258,#2262,.T.);
#2264=ORIENTED_EDGE('',*,*,#2263,.T.);
#2265=CARTESIAN_POINT('',(19.999999999999986,11.999999999999996,3.7));
#2266=VERTEX_POINT('',#2265);
#2267=CARTESIAN_POINT('',(19.999999999999989,11.999999999999998,3.7));
#2268=DIRECTION('',(0.0,-1.0,0.0));
#2269=VECTOR('',#2268,24.0);
#2270=LINE('',#2267,#2269);
#2271=EDGE_CURVE('',#2266,#2258,#2270,.T.);
#2272=ORIENTED_EDGE('',*,*,#2271,.F.);
#2273=CARTESIAN_POINT('',(19.999999999999986,11.999999999999996,-3.7));
#2274=DIRECTION('',(0.0,0.0,1.0));
#2275=VECTOR('',#2274,7.4);
#2276=LINE('',#2273,#2275);
#2277=EDGE_CURVE('',#2085,#2266,#2276,.T.);
#2278=ORIENTED_EDGE('',*,*,#2277,.F.);
#2279=EDGE_LOOP('',(#2173,#2181,#2188,#2189,#2190,#2198,#2207,#2215,#2223,#2231,#2240,#2248,#2256,#2264,#2272,#2278));
#2280=FACE_OUTER_BOUND('',#2279,.T.);
#2281=ADVANCED_FACE('',(#2280),#2172,.T.);
#2282=CARTESIAN_POINT('',(20.099999999999987,-6.000000000000002,-3.7));
#2283=DIRECTION('',(1.850372E-016,-1.0,0.0));
#2284=DIRECTION('',(-0.70710678118654,0.0,-0.707106781186555));
#2285=AXIS2_PLACEMENT_3D('',#2282,#2283,#2284);
#2286=CYLINDRICAL_SURFACE('',#2285,0.1);
#2287=CARTESIAN_POINT('',(20.099999999999987,-4.799999999999996,-3.7));
#2288=DIRECTION('',(0.0,1.0,0.0));
#2289=DIRECTION('',(-0.70710678118654,0.0,-0.707106781186555));
#2290=AXIS2_PLACEMENT_3D('',#2287,#2288,#2289);
#2291=CIRCLE('',#2290,0.1);
#2292=EDGE_CURVE('',#339,#2217,#2291,.T.);
#2293=ORIENTED_EDGE('',*,*,#2292,.T.);
#2294=ORIENTED_EDGE('',*,*,#2222,.T.);
#2295=CARTESIAN_POINT('',(20.099999999999987,-3.199999999999997,-3.7));
#2296=DIRECTION('',(0.0,-1.0,0.0));
#2297=DIRECTION('',(-0.70710678118654,0.0,-0.707106781186555));
#2298=AXIS2_PLACEMENT_3D('',#2295,#2296,#2297);
#2299=CIRCLE('',#2298,0.1);
#2300=EDGE_CURVE('',#2209,#347,#2299,.T.);
#2301=ORIENTED_EDGE('',*,*,#2300,.T.);
#2302=ORIENTED_EDGE('',*,*,#352,.T.);
#2303=EDGE_LOOP('',(#2293,#2294,#2301,#2302));
#2304=FACE_OUTER_BOUND('',#2303,.T.);
#2305=ADVANCED_FACE('',(#2304),#2286,.T.);
#2306=CARTESIAN_POINT('',(0.0,-4.8,0.0));
#2307=DIRECTION('',(0.0,1.0,0.0));
#2308=DIRECTION('',(0.0,0.0,1.0));
#2309=AXIS2_PLACEMENT_3D('',#2306,#2307,#2308);
#2310=PLANE('',#2309);
#2311=ORIENTED_EDGE('',*,*,#2292,.F.);
#2312=ORIENTED_EDGE('',*,*,#344,.F.);
#2313=CARTESIAN_POINT('',(20.800000000000001,-4.8,0.0));
#2314=VERTEX_POINT('',#2313);
#2315=CARTESIAN_POINT('',(20.800000000000001,-4.8,0.0));
#2316=DIRECTION('',(0.0,0.0,-1.0));
#2317=VECTOR('',#2316,3.799999999999999);
#2318=LINE('',#2315,#2317);
#2319=EDGE_CURVE('',#2314,#331,#2318,.T.);
#2320=ORIENTED_EDGE('',*,*,#2319,.F.);
#2321=CARTESIAN_POINT('',(19.999999999999989,-4.8,0.0));
#2322=DIRECTION('',(1.0,0.0,0.0));
#2323=VECTOR('',#2322,0.800000000000008);
#2324=LINE('',#2321,#2323);
#2325=EDGE_CURVE('',#2225,#2314,#2324,.T.);
#2326=ORIENTED_EDGE('',*,*,#2325,.F.);
#2327=ORIENTED_EDGE('',*,*,#2230,.F.);
#2328=EDGE_LOOP('',(#2311,#2312,#2320,#2326,#2327));
#2329=FACE_OUTER_BOUND('',#2328,.T.);
#2330=ADVANCED_FACE('',(#2329),#2310,.F.);
#2331=CARTESIAN_POINT('',(20.099999999999987,-6.000000000000002,-3.7));
#2332=DIRECTION('',(1.850372E-016,-1.0,0.0));
#2333=DIRECTION('',(-0.70710678118654,0.0,-0.707106781186555));
#2334=AXIS2_PLACEMENT_3D('',#2331,#2332,#2333);
#2335=CYLINDRICAL_SURFACE('',#2334,0.1);
#2336=CARTESIAN_POINT('',(20.099999999999987,-11.199999999999996,-3.7));
#2337=DIRECTION('',(0.0,-1.0,0.0));
#2338=DIRECTION('',(-0.70710678118654,0.0,-0.707106781186555));
#2339=AXIS2_PLACEMENT_3D('',#2336,#2337,#2338);
#2340=CIRCLE('',#2339,0.1);
#2341=EDGE_CURVE('',#2242,#315,#2340,.T.);
#2342=ORIENTED_EDGE('',*,*,#2341,.T.);
#2343=ORIENTED_EDGE('',*,*,#320,.T.);
#2344=CARTESIAN_POINT('',(20.099999999999987,-12.000000000000002,-3.7));
#2345=DIRECTION('',(0.0,-1.0,0.0));
#2346=DIRECTION('',(-0.70710678118654,0.0,-0.707106781186555));
#2347=AXIS2_PLACEMENT_3D('',#2344,#2345,#2346);
#2348=CIRCLE('',#2347,0.1);
#2349=EDGE_CURVE('',#307,#2250,#2348,.F.);
#2350=ORIENTED_EDGE('',*,*,#2349,.T.);
#2351=ORIENTED_EDGE('',*,*,#2255,.T.);
#2352=EDGE_LOOP('',(#2342,#2343,#2350,#2351));
#2353=FACE_OUTER_BOUND('',#2352,.T.);
#2354=ADVANCED_FACE('',(#2353),#2335,.T.);
#2355=CARTESIAN_POINT('',(27.899999999999999,7.999999999999999,-3.7));
#2356=DIRECTION('',(-1.387779E-016,1.0,0.0));
#2357=DIRECTION('',(0.70710678118654,0.0,-0.707106781186555));
#2358=AXIS2_PLACEMENT_3D('',#2355,#2356,#2357);
#2359=CYLINDRICAL_SURFACE('',#2358,0.1);
#2360=CARTESIAN_POINT('',(28.000000000000007,-11.999999999999996,-3.7));
#2361=VERTEX_POINT('',#2360);
#2362=CARTESIAN_POINT('',(27.900000000000006,-11.999999999999996,-3.7));
#2363=DIRECTION('',(0.0,-1.0,0.0));
#2364=DIRECTION('',(0.70710678118654,0.0,-0.707106781186555));
#2365=AXIS2_PLACEMENT_3D('',#2362,#2363,#2364);
#2366=CIRCLE('',#2365,0.1);
#2367=EDGE_CURVE('',#2361,#211,#2366,.F.);
#2368=ORIENTED_EDGE('',*,*,#2367,.T.);
#2369=ORIENTED_EDGE('',*,*,#216,.T.);
#2370=CARTESIAN_POINT('',(28.0,11.999999999999996,-3.7));
#2371=VERTEX_POINT('',#2370);
#2372=CARTESIAN_POINT('',(27.899999999999999,11.999999999999996,-3.7));
#2373=DIRECTION('',(0.0,1.0,0.0));
#2374=DIRECTION('',(0.70710678118654,0.0,-0.707106781186555));
#2375=AXIS2_PLACEMENT_3D('',#2372,#2373,#2374);
#2376=CIRCLE('',#2375,0.1);
#2377=EDGE_CURVE('',#203,#2371,#2376,.F.);
#2378=ORIENTED_EDGE('',*,*,#2377,.T.);
#2379=CARTESIAN_POINT('',(28.0,11.999999999999996,-3.7));
#2380=DIRECTION('',(0.0,-1.0,0.0));
#2381=VECTOR('',#2380,23.999999999999993);
#2382=LINE('',#2379,#2381);
#2383=EDGE_CURVE('',#2371,#2361,#2382,.T.);
#2384=ORIENTED_EDGE('',*,*,#2383,.T.);
#2385=EDGE_LOOP('',(#2368,#2369,#2378,#2384));
#2386=FACE_OUTER_BOUND('',#2385,.T.);
#2387=ADVANCED_FACE('',(#2386),#2359,.T.);
#2388=CARTESIAN_POINT('',(27.899999999999999,7.999999999999999,3.7));
#2389=DIRECTION('',(1.387779E-016,-1.0,0.0));
#2390=DIRECTION('',(0.70710678118654,0.0,0.707106781186555));
#2391=AXIS2_PLACEMENT_3D('',#2388,#2389,#2390);
#2392=CYLINDRICAL_SURFACE('',#2391,0.1);
#2393=CARTESIAN_POINT('',(28.0,11.999999999999996,3.7));
#2394=VERTEX_POINT('',#2393);
#2395=CARTESIAN_POINT('',(27.899999999999999,11.999999999999996,3.7));
#2396=DIRECTION('',(0.0,1.0,0.0));
#2397=DIRECTION('',(0.70710678118654,0.0,0.707106781186555));
#2398=AXIS2_PLACEMENT_3D('',#2395,#2396,#2397);
#2399=CIRCLE('',#2398,0.1);
#2400=EDGE_CURVE('',#2394,#747,#2399,.F.);
#2401=ORIENTED_EDGE('',*,*,#2400,.T.);
#2402=ORIENTED_EDGE('',*,*,#752,.T.);
#2403=CARTESIAN_POINT('',(28.000000000000007,-11.999999999999996,3.7));
#2404=VERTEX_POINT('',#2403);
#2405=CARTESIAN_POINT('',(27.900000000000006,-11.999999999999996,3.7));
#2406=DIRECTION('',(0.0,-1.0,0.0));
#2407=DIRECTION('',(0.70710678118654,0.0,0.707106781186555));
#2408=AXIS2_PLACEMENT_3D('',#2405,#2406,#2407);
#2409=CIRCLE('',#2408,0.1);
#2410=EDGE_CURVE('',#739,#2404,#2409,.F.);
#2411=ORIENTED_EDGE('',*,*,#2410,.T.);
#2412=CARTESIAN_POINT('',(28.000000000000004,-11.999999999999996,3.7));
#2413=DIRECTION('',(0.0,1.0,0.0));
#2414=VECTOR('',#2413,23.999999999999993);
#2415=LINE('',#2412,#2414);
#2416=EDGE_CURVE('',#2404,#2394,#2415,.T.);
#2417=ORIENTED_EDGE('',*,*,#2416,.T.);
#2418=EDGE_LOOP('',(#2401,#2402,#2411,#2417));
#2419=FACE_OUTER_BOUND('',#2418,.T.);
#2420=ADVANCED_FACE('',(#2419),#2392,.T.);
#2421=CARTESIAN_POINT('',(20.099999999999984,-6.000000000000002,3.7));
#2422=DIRECTION('',(-1.850372E-016,1.0,0.0));
#2423=DIRECTION('',(-0.707106781186508,0.0,0.707106781186587));
#2424=AXIS2_PLACEMENT_3D('',#2421,#2422,#2423);
#2425=CYLINDRICAL_SURFACE('',#2424,0.1);
#2426=CARTESIAN_POINT('',(20.099999999999984,-12.000000000000002,3.7));
#2427=DIRECTION('',(0.0,-1.0,0.0));
#2428=DIRECTION('',(-0.707106781186508,0.0,0.707106781186587));
#2429=AXIS2_PLACEMENT_3D('',#2426,#2427,#2428);
#2430=CIRCLE('',#2429,0.1);
#2431=EDGE_CURVE('',#2258,#611,#2430,.F.);
#2432=ORIENTED_EDGE('',*,*,#2431,.T.);
#2433=ORIENTED_EDGE('',*,*,#616,.T.);
#2434=CARTESIAN_POINT('',(20.09999999999998,12.000000000000002,3.7));
#2435=DIRECTION('',(0.0,1.0,0.0));
#2436=DIRECTION('',(-0.707106781186508,0.0,0.707106781186587));
#2437=AXIS2_PLACEMENT_3D('',#2434,#2435,#2436);
#2438=CIRCLE('',#2437,0.1);
#2439=EDGE_CURVE('',#603,#2266,#2438,.F.);
#2440=ORIENTED_EDGE('',*,*,#2439,.T.);
#2441=ORIENTED_EDGE('',*,*,#2271,.T.);
#2442=EDGE_LOOP('',(#2432,#2433,#2440,#2441));
#2443=FACE_OUTER_BOUND('',#2442,.T.);
#2444=ADVANCED_FACE('',(#2443),#2425,.T.);
#2445=CARTESIAN_POINT('',(-27.900000000000009,-5.725555220285524,3.7));
#2446=DIRECTION('',(1.937015E-028,1.0,0.0));
#2447=DIRECTION('',(-0.70710678118654,0.0,0.707106781186555));
#2448=AXIS2_PLACEMENT_3D('',#2445,#2446,#2447);
#2449=CYLINDRICAL_SURFACE('',#2448,0.1);
#2450=CARTESIAN_POINT('',(-28.000000000000007,-11.999999999999996,3.7));
#2451=VERTEX_POINT('',#2450);
#2452=CARTESIAN_POINT('',(-27.900000000000009,-11.999999999999996,3.7));
#2453=DIRECTION('',(0.0,-1.0,0.0));
#2454=DIRECTION('',(-0.70710678118654,0.0,0.707106781186555));
#2455=AXIS2_PLACEMENT_3D('',#2452,#2453,#2454);
#2456=CIRCLE('',#2455,0.1);
#2457=EDGE_CURVE('',#2451,#1748,#2456,.F.);
#2458=ORIENTED_EDGE('',*,*,#2457,.T.);
#2459=ORIENTED_EDGE('',*,*,#1753,.T.);
#2460=CARTESIAN_POINT('',(-28.000000000000007,11.999999999999996,3.7));
#2461=VERTEX_POINT('',#2460);
#2462=CARTESIAN_POINT('',(-27.900000000000009,11.999999999999996,3.7));
#2463=DIRECTION('',(0.0,1.0,0.0));
#2464=DIRECTION('',(-0.70710678118654,0.0,0.707106781186555));
#2465=AXIS2_PLACEMENT_3D('',#2462,#2463,#2464);
#2466=CIRCLE('',#2465,0.1);
#2467=EDGE_CURVE('',#1740,#2461,#2466,.F.);
#2468=ORIENTED_EDGE('',*,*,#2467,.T.);
#2469=CARTESIAN_POINT('',(-28.000000000000007,11.999999999999996,3.7));
#2470=DIRECTION('',(0.0,-1.0,0.0));
#2471=VECTOR('',#2470,23.999999999999993);
#2472=LINE('',#2469,#2471);
#2473=EDGE_CURVE('',#2461,#2451,#2472,.T.);
#2474=ORIENTED_EDGE('',*,*,#2473,.T.);
#2475=EDGE_LOOP('',(#2458,#2459,#2468,#2474));
#2476=FACE_OUTER_BOUND('',#2475,.T.);
#2477=ADVANCED_FACE('',(#2476),#2449,.T.);
#2478=CARTESIAN_POINT('',(-27.900000000000009,-5.725555220285524,-3.7));
#2479=DIRECTION('',(-1.937015E-028,-1.0,0.0));
#2480=DIRECTION('',(-0.70710678118654,0.0,-0.707106781186555));
#2481=AXIS2_PLACEMENT_3D('',#2478,#2479,#2480);
#2482=CYLINDRICAL_SURFACE('',#2481,0.1);
#2483=CARTESIAN_POINT('',(-28.000000000000007,11.999999999999996,-3.7));
#2484=VERTEX_POINT('',#2483);
#2485=CARTESIAN_POINT('',(-27.900000000000009,11.999999999999996,-3.7));
#2486=DIRECTION('',(0.0,1.0,0.0));
#2487=DIRECTION('',(-0.70710678118654,0.0,-0.707106781186555));
#2488=AXIS2_PLACEMENT_3D('',#2485,#2486,#2487);
#2489=CIRCLE('',#2488,0.1);
#2490=EDGE_CURVE('',#2484,#1212,#2489,.F.);
#2491=ORIENTED_EDGE('',*,*,#2490,.T.);
#2492=ORIENTED_EDGE('',*,*,#1217,.T.);
#2493=CARTESIAN_POINT('',(-28.000000000000007,-11.999999999999996,-3.7));
#2494=VERTEX_POINT('',#2493);
#2495=CARTESIAN_POINT('',(-27.900000000000009,-11.999999999999996,-3.7));
#2496=DIRECTION('',(0.0,-1.0,0.0));
#2497=DIRECTION('',(-0.70710678118654,0.0,-0.707106781186555));
#2498=AXIS2_PLACEMENT_3D('',#2495,#2496,#2497);
#2499=CIRCLE('',#2498,0.1);
#2500=EDGE_CURVE('',#1204,#2494,#2499,.F.);
#2501=ORIENTED_EDGE('',*,*,#2500,.T.);
#2502=CARTESIAN_POINT('',(-28.000000000000007,-11.999999999999996,-3.7));
#2503=DIRECTION('',(0.0,1.0,0.0));
#2504=VECTOR('',#2503,23.999999999999993);
#2505=LINE('',#2502,#2504);
#2506=EDGE_CURVE('',#2494,#2484,#2505,.T.);
#2507=ORIENTED_EDGE('',*,*,#2506,.T.);
#2508=EDGE_LOOP('',(#2491,#2492,#2501,#2507));
#2509=FACE_OUTER_BOUND('',#2508,.T.);
#2510=ADVANCED_FACE('',(#2509),#2482,.T.);
#2511=CARTESIAN_POINT('',(-20.100000000000009,5.999999999999997,3.7));
#2512=DIRECTION('',(0.0,-1.0,0.0));
#2513=DIRECTION('',(0.70710678118654,0.0,0.707106781186555));
#2514=AXIS2_PLACEMENT_3D('',#2511,#2512,#2513);
#2515=CYLINDRICAL_SURFACE('',#2514,0.1);
#2516=CARTESIAN_POINT('',(-20.000000000000007,11.999999999999996,3.7));
#2517=VERTEX_POINT('',#2516);
#2518=CARTESIAN_POINT('',(-20.100000000000009,11.999999999999996,3.7));
#2519=DIRECTION('',(0.0,1.0,0.0));
#2520=DIRECTION('',(0.70710678118654,0.0,0.707106781186555));
#2521=AXIS2_PLACEMENT_3D('',#2518,#2519,#2520);
#2522=CIRCLE('',#2521,0.1);
#2523=EDGE_CURVE('',#2517,#1612,#2522,.F.);
#2524=ORIENTED_EDGE('',*,*,#2523,.T.);
#2525=ORIENTED_EDGE('',*,*,#1617,.T.);
#2526=CARTESIAN_POINT('',(-20.000000000000007,-12.000000000000002,3.7));
#2527=VERTEX_POINT('',#2526);
#2528=CARTESIAN_POINT('',(-20.100000000000009,-12.000000000000002,3.7));
#2529=DIRECTION('',(0.0,-1.0,0.0));
#2530=DIRECTION('',(0.70710678118654,0.0,0.707106781186555));
#2531=AXIS2_PLACEMENT_3D('',#2528,#2529,#2530);
#2532=CIRCLE('',#2531,0.1);
#2533=EDGE_CURVE('',#1604,#2527,#2532,.F.);
#2534=ORIENTED_EDGE('',*,*,#2533,.T.);
#2535=CARTESIAN_POINT('',(-20.000000000000007,-12.000000000000004,3.7));
#2536=DIRECTION('',(0.0,1.0,0.0));
#2537=VECTOR('',#2536,24.0);
#2538=LINE('',#2535,#2537);
#2539=EDGE_CURVE('',#2527,#2517,#2538,.T.);
#2540=ORIENTED_EDGE('',*,*,#2539,.T.);
#2541=EDGE_LOOP('',(#2524,#2525,#2534,#2540));
#2542=FACE_OUTER_BOUND('',#2541,.T.);
#2543=ADVANCED_FACE('',(#2542),#2515,.T.);
#2544=CARTESIAN_POINT('',(-20.100000000000009,5.999999999999997,-3.7));
#2545=DIRECTION('',(0.0,1.0,0.0));
#2546=DIRECTION('',(0.70710678118654,0.0,-0.707106781186555));
#2547=AXIS2_PLACEMENT_3D('',#2544,#2545,#2546);
#2548=CYLINDRICAL_SURFACE('',#2547,0.1);
#2549=CARTESIAN_POINT('',(-20.000000000000007,-11.200000000000001,-3.7));
#2550=VERTEX_POINT('',#2549);
#2551=CARTESIAN_POINT('',(-20.100000000000009,-11.200000000000001,-3.7));
#2552=DIRECTION('',(0.0,-1.0,0.0));
#2553=DIRECTION('',(0.70710678118654,0.0,-0.707106781186555));
#2554=AXIS2_PLACEMENT_3D('',#2551,#2552,#2553);
#2555=CIRCLE('',#2554,0.1);
#2556=EDGE_CURVE('',#1404,#2550,#2555,.T.);
#2557=ORIENTED_EDGE('',*,*,#2556,.T.);
#2558=CARTESIAN_POINT('',(-20.000000000000007,-12.000000000000002,-3.7));
#2559=VERTEX_POINT('',#2558);
#2560=CARTESIAN_POINT('',(-20.000000000000007,-11.199999999999999,-3.7));
#2561=DIRECTION('',(0.0,-1.0,0.0));
#2562=VECTOR('',#2561,0.800000000000004);
#2563=LINE('',#2560,#2562);
#2564=EDGE_CURVE('',#2550,#2559,#2563,.T.);
#2565=ORIENTED_EDGE('',*,*,#2564,.T.);
#2566=CARTESIAN_POINT('',(-20.100000000000009,-12.000000000000002,-3.7));
#2567=DIRECTION('',(0.0,-1.0,0.0));
#2568=DIRECTION('',(0.70710678118654,0.0,-0.707106781186555));
#2569=AXIS2_PLACEMENT_3D('',#2566,#2567,#2568);
#2570=CIRCLE('',#2569,0.1);
#2571=EDGE_CURVE('',#2559,#1412,#2570,.F.);
#2572=ORIENTED_EDGE('',*,*,#2571,.T.);
#2573=ORIENTED_EDGE('',*,*,#1417,.T.);
#2574=EDGE_LOOP('',(#2557,#2565,#2572,#2573));
#2575=FACE_OUTER_BOUND('',#2574,.T.);
#2576=ADVANCED_FACE('',(#2575),#2548,.T.);
#2577=CARTESIAN_POINT('',(-20.100000000000009,5.999999999999997,-3.7));
#2578=DIRECTION('',(0.0,1.0,0.0));
#2579=DIRECTION('',(0.70710678118654,0.0,-0.707106781186555));
#2580=AXIS2_PLACEMENT_3D('',#2577,#2578,#2579);
#2581=CYLINDRICAL_SURFACE('',#2580,0.1);
#2582=CARTESIAN_POINT('',(-20.000000000000007,-3.200000000000001,-3.7));
#2583=VERTEX_POINT('',#2582);
#2584=CARTESIAN_POINT('',(-20.100000000000009,-3.200000000000001,-3.7));
#2585=DIRECTION('',(0.0,-1.0,0.0));
#2586=DIRECTION('',(0.70710678118654,0.0,-0.707106781186555));
#2587=AXIS2_PLACEMENT_3D('',#2584,#2585,#2586);
#2588=CIRCLE('',#2587,0.1);
#2589=EDGE_CURVE('',#1372,#2583,#2588,.T.);
#2590=ORIENTED_EDGE('',*,*,#2589,.T.);
#2591=CARTESIAN_POINT('',(-20.000000000000007,-4.8,-3.7));
#2592=VERTEX_POINT('',#2591);
#2593=CARTESIAN_POINT('',(-20.000000000000007,-3.2,-3.7));
#2594=DIRECTION('',(0.0,-1.0,0.0));
#2595=VECTOR('',#2594,1.6);
#2596=LINE('',#2593,#2595);
#2597=EDGE_CURVE('',#2583,#2592,#2596,.T.);
#2598=ORIENTED_EDGE('',*,*,#2597,.T.);
#2599=CARTESIAN_POINT('',(-20.100000000000009,-4.799999999999999,-3.7));
#2600=DIRECTION('',(0.0,1.0,0.0));
#2601=DIRECTION('',(0.70710678118654,0.0,-0.707106781186555));
#2602=AXIS2_PLACEMENT_3D('',#2599,#2600,#2601);
#2603=CIRCLE('',#2602,0.1);
#2604=EDGE_CURVE('',#2592,#1380,#2603,.T.);
#2605=ORIENTED_EDGE('',*,*,#2604,.T.);
#2606=ORIENTED_EDGE('',*,*,#1385,.T.);
#2607=EDGE_LOOP('',(#2590,#2598,#2605,#2606));
#2608=FACE_OUTER_BOUND('',#2607,.T.);
#2609=ADVANCED_FACE('',(#2608),#2581,.T.);
#2610=CARTESIAN_POINT('',(0.0,-4.8,0.0));
#2611=DIRECTION('',(0.0,1.0,0.0));
#2612=DIRECTION('',(0.0,0.0,1.0));
#2613=AXIS2_PLACEMENT_3D('',#2610,#2611,#2612);
#2614=PLANE('',#2613);
#2615=ORIENTED_EDGE('',*,*,#2604,.F.);
#2616=CARTESIAN_POINT('',(-20.000000000000007,-4.8,0.0));
#2617=VERTEX_POINT('',#2616);
#2618=CARTESIAN_POINT('',(-20.000000000000007,-4.8,0.0));
#2619=DIRECTION('',(0.0,0.0,-1.0));
#2620=VECTOR('',#2619,3.7);
#2621=LINE('',#2618,#2620);
#2622=EDGE_CURVE('',#2617,#2592,#2621,.T.);
#2623=ORIENTED_EDGE('',*,*,#2622,.F.);
#2624=CARTESIAN_POINT('',(-20.800000000000011,-4.8,0.0));
#2625=VERTEX_POINT('',#2624);
#2626=CARTESIAN_POINT('',(-20.000000000000007,-4.8,0.0));
#2627=DIRECTION('',(-1.0,0.0,0.0));
#2628=VECTOR('',#2627,0.800000000000004);
#2629=LINE('',#2626,#2628);
#2630=EDGE_CURVE('',#2617,#2625,#2629,.T.);
#2631=ORIENTED_EDGE('',*,*,#2630,.T.);
#2632=CARTESIAN_POINT('',(-20.800000000000011,-4.8,-3.799999999999999));
#2633=DIRECTION('',(0.0,0.0,1.0));
#2634=VECTOR('',#2633,3.799999999999999);
#2635=LINE('',#2632,#2634);
#2636=EDGE_CURVE('',#1388,#2625,#2635,.T.);
#2637=ORIENTED_EDGE('',*,*,#2636,.F.);
#2638=ORIENTED_EDGE('',*,*,#1393,.F.);
#2639=EDGE_LOOP('',(#2615,#2623,#2631,#2637,#2638));
#2640=FACE_OUTER_BOUND('',#2639,.T.);
#2641=ADVANCED_FACE('',(#2640),#2614,.F.);
#2642=CARTESIAN_POINT('',(-20.000000000000007,11.999999999999996,0.0));
#2643=DIRECTION('',(1.0,0.0,0.0));
#2644=DIRECTION('',(0.0,0.0,-1.0));
#2645=AXIS2_PLACEMENT_3D('',#2642,#2643,#2644);
#2646=PLANE('',#2645);
#2647=ORIENTED_EDGE('',*,*,#2539,.F.);
#2648=CARTESIAN_POINT('',(-20.000000000000007,-12.000000000000002,-3.7));
#2649=DIRECTION('',(0.0,0.0,1.0));
#2650=VECTOR('',#2649,7.4);
#2651=LINE('',#2648,#2650);
#2652=EDGE_CURVE('',#2559,#2527,#2651,.T.);
#2653=ORIENTED_EDGE('',*,*,#2652,.F.);
#2654=ORIENTED_EDGE('',*,*,#2564,.F.);
#2655=CARTESIAN_POINT('',(-20.000000000000007,-11.200000000000001,0.0));
#2656=VERTEX_POINT('',#2655);
#2657=CARTESIAN_POINT('',(-20.000000000000007,-11.200000000000001,-3.7));
#2658=DIRECTION('',(0.0,0.0,1.0));
#2659=VECTOR('',#2658,3.7);
#2660=LINE('',#2657,#2659);
#2661=EDGE_CURVE('',#2550,#2656,#2660,.T.);
#2662=ORIENTED_EDGE('',*,*,#2661,.T.);
#2663=CARTESIAN_POINT('',(-20.000000000000007,-8.0,0.0));
#2664=DIRECTION('',(-1.0,0.0,0.0));
#2665=DIRECTION('',(0.0,1.0,0.0));
#2666=AXIS2_PLACEMENT_3D('',#2663,#2664,#2665);
#2667=CIRCLE('',#2666,3.200000000000001);
#2668=EDGE_CURVE('',#2656,#2617,#2667,.T.);
#2669=ORIENTED_EDGE('',*,*,#2668,.T.);
#2670=ORIENTED_EDGE('',*,*,#2622,.T.);
#2671=ORIENTED_EDGE('',*,*,#2597,.F.);
#2672=CARTESIAN_POINT('',(-20.000000000000007,-3.200000000000001,0.0));
#2673=VERTEX_POINT('',#2672);
#2674=CARTESIAN_POINT('',(-20.000000000000007,-3.200000000000001,-3.7));
#2675=DIRECTION('',(0.0,0.0,1.0));
#2676=VECTOR('',#2675,3.7);
#2677=LINE('',#2674,#2676);
#2678=EDGE_CURVE('',#2583,#2673,#2677,.T.);
#2679=ORIENTED_EDGE('',*,*,#2678,.T.);
#2680=CARTESIAN_POINT('',(-20.000000000000007,3.200000000000001,0.0));
#2681=VERTEX_POINT('',#2680);
#2682=CARTESIAN_POINT('',(-20.000000000000007,0.0,0.0));
#2683=DIRECTION('',(-1.0,0.0,0.0));
#2684=DIRECTION('',(0.0,1.0,0.0));
#2685=AXIS2_PLACEMENT_3D('',#2682,#2683,#2684);
#2686=CIRCLE('',#2685,3.200000000000001);
#2687=EDGE_CURVE('',#2673,#2681,#2686,.T.);
#2688=ORIENTED_EDGE('',*,*,#2687,.T.);
#2689=CARTESIAN_POINT('',(-20.000000000000007,3.200000000000001,-3.7));
#2690=VERTEX_POINT('',#2689);
#2691=CARTESIAN_POINT('',(-20.000000000000007,3.200000000000001,0.0));
#2692=DIRECTION('',(0.0,0.0,-1.0));
#2693=VECTOR('',#2692,3.7);
#2694=LINE('',#2691,#2693);
#2695=EDGE_CURVE('',#2681,#2690,#2694,.T.);
#2696=ORIENTED_EDGE('',*,*,#2695,.T.);
#2697=CARTESIAN_POINT('',(-20.000000000000007,4.8,-3.7));
#2698=VERTEX_POINT('',#2697);
#2699=CARTESIAN_POINT('',(-20.000000000000007,4.8,-3.7));
#2700=DIRECTION('',(0.0,-1.0,0.0));
#2701=VECTOR('',#2700,1.6);
#2702=LINE('',#2699,#2701);
#2703=EDGE_CURVE('',#2698,#2690,#2702,.T.);
#2704=ORIENTED_EDGE('',*,*,#2703,.F.);
#2705=CARTESIAN_POINT('',(-20.000000000000007,4.799999999999999,-8.326673E-016));
#2706=VERTEX_POINT('',#2705);
#2707=CARTESIAN_POINT('',(-20.000000000000007,4.8,-3.7));
#2708=DIRECTION('',(0.0,0.0,1.0));
#2709=VECTOR('',#2708,3.699999999999999);
#2710=LINE('',#2707,#2709);
#2711=EDGE_CURVE('',#2698,#2706,#2710,.T.);
#2712=ORIENTED_EDGE('',*,*,#2711,.T.);
#2713=CARTESIAN_POINT('',(-20.000000000000007,11.200000000000001,0.0));
#2714=VERTEX_POINT('',#2713);
#2715=CARTESIAN_POINT('',(-20.000000000000007,8.0,0.0));
#2716=DIRECTION('',(-1.0,0.0,0.0));
#2717=DIRECTION('',(0.0,1.0,0.0));
#2718=AXIS2_PLACEMENT_3D('',#2715,#2716,#2717);
#2719=CIRCLE('',#2718,3.200000000000001);
#2720=EDGE_CURVE('',#2706,#2714,#2719,.T.);
#2721=ORIENTED_EDGE('',*,*,#2720,.T.);
#2722=CARTESIAN_POINT('',(-20.000000000000007,11.200000000000001,-3.7));
#2723=VERTEX_POINT('',#2722);
#2724=CARTESIAN_POINT('',(-20.000000000000007,11.200000000000001,0.0));
#2725=DIRECTION('',(0.0,0.0,-1.0));
#2726=VECTOR('',#2725,3.7);
#2727=LINE('',#2724,#2726);
#2728=EDGE_CURVE('',#2714,#2723,#2727,.T.);
#2729=ORIENTED_EDGE('',*,*,#2728,.T.);
#2730=CARTESIAN_POINT('',(-20.000000000000007,11.999999999999996,-3.7));
#2731=VERTEX_POINT('',#2730);
#2732=CARTESIAN_POINT('',(-20.000000000000007,11.999999999999996,-3.7));
#2733=DIRECTION('',(0.0,-1.0,0.0));
#2734=VECTOR('',#2733,0.799999999999995);
#2735=LINE('',#2732,#2734);
#2736=EDGE_CURVE('',#2731,#2723,#2735,.T.);
#2737=ORIENTED_EDGE('',*,*,#2736,.F.);
#2738=CARTESIAN_POINT('',(-20.000000000000007,11.999999999999996,-3.7));
#2739=DIRECTION('',(0.0,0.0,1.0));
#2740=VECTOR('',#2739,7.4);
#2741=LINE('',#2738,#2740);
#2742=EDGE_CURVE('',#2731,#2517,#2741,.T.);
#2743=ORIENTED_EDGE('',*,*,#2742,.T.);
#2744=EDGE_LOOP('',(#2647,#2653,#2654,#2662,#2669,#2670,#2671,#2679,#2688,#2696,#2704,#2712,#2721,#2729,#2737,#2743));
#2745=FACE_OUTER_BOUND('',#2744,.T.);
#2746=ADVANCED_FACE('',(#2745),#2646,.T.);
#2747=CARTESIAN_POINT('',(-20.100000000000009,5.999999999999997,-3.7));
#2748=DIRECTION('',(0.0,1.0,0.0));
#2749=DIRECTION('',(0.70710678118654,0.0,-0.707106781186555));
#2750=AXIS2_PLACEMENT_3D('',#2747,#2748,#2749);
#2751=CYLINDRICAL_SURFACE('',#2750,0.1);
#2752=CARTESIAN_POINT('',(-20.100000000000009,4.800000000000001,-3.7));
#2753=DIRECTION('',(0.0,-1.0,0.0));
#2754=DIRECTION('',(0.70710678118654,0.0,-0.707106781186555));
#2755=AXIS2_PLACEMENT_3D('',#2752,#2753,#2754);
#2756=CIRCLE('',#2755,0.1);
#2757=EDGE_CURVE('',#1340,#2698,#2756,.T.);
#2758=ORIENTED_EDGE('',*,*,#2757,.T.);
#2759=ORIENTED_EDGE('',*,*,#2703,.T.);
#2760=CARTESIAN_POINT('',(-20.100000000000009,3.200000000000001,-3.7));
#2761=DIRECTION('',(0.0,1.0,0.0));
#2762=DIRECTION('',(0.70710678118654,0.0,-0.707106781186555));
#2763=AXIS2_PLACEMENT_3D('',#2760,#2761,#2762);
#2764=CIRCLE('',#2763,0.1);
#2765=EDGE_CURVE('',#2690,#1348,#2764,.T.);
#2766=ORIENTED_EDGE('',*,*,#2765,.T.);
#2767=ORIENTED_EDGE('',*,*,#1353,.T.);
#2768=EDGE_LOOP('',(#2758,#2759,#2766,#2767));
#2769=FACE_OUTER_BOUND('',#2768,.T.);
#2770=ADVANCED_FACE('',(#2769),#2751,.T.);
#2771=CARTESIAN_POINT('',(0.0,4.800000000000001,-3.800000000000001));
#2772=DIRECTION('',(0.0,-1.0,0.0));
#2773=DIRECTION('',(0.0,0.0,-1.0));
#2774=AXIS2_PLACEMENT_3D('',#2771,#2772,#2773);
#2775=PLANE('',#2774);
#2776=ORIENTED_EDGE('',*,*,#2757,.F.);
#2777=ORIENTED_EDGE('',*,*,#1345,.F.);
#2778=CARTESIAN_POINT('',(-20.800000000000011,4.799999999999999,4.415877E-034));
#2779=VERTEX_POINT('',#2778);
#2780=CARTESIAN_POINT('',(-20.800000000000011,4.799999999999999,0.0));
#2781=DIRECTION('',(0.0,0.0,-1.0));
#2782=VECTOR('',#2781,3.800000000000001);
#2783=LINE('',#2780,#2782);
#2784=EDGE_CURVE('',#2779,#1332,#2783,.T.);
#2785=ORIENTED_EDGE('',*,*,#2784,.F.);
#2786=CARTESIAN_POINT('',(-20.000000000000007,4.799999999999999,-8.326673E-016));
#2787=DIRECTION('',(-1.0,0.0,0.0));
#2788=VECTOR('',#2787,0.800000000000004);
#2789=LINE('',#2786,#2788);
#2790=EDGE_CURVE('',#2706,#2779,#2789,.T.);
#2791=ORIENTED_EDGE('',*,*,#2790,.F.);
#2792=ORIENTED_EDGE('',*,*,#2711,.F.);
#2793=EDGE_LOOP('',(#2776,#2777,#2785,#2791,#2792));
#2794=FACE_OUTER_BOUND('',#2793,.T.);
#2795=ADVANCED_FACE('',(#2794),#2775,.F.);
#2796=CARTESIAN_POINT('',(-20.100000000000009,5.999999999999997,-3.7));
#2797=DIRECTION('',(0.0,1.0,0.0));
#2798=DIRECTION('',(0.70710678118654,0.0,-0.707106781186555));
#2799=AXIS2_PLACEMENT_3D('',#2796,#2797,#2798);
#2800=CYLINDRICAL_SURFACE('',#2799,0.1);
#2801=CARTESIAN_POINT('',(-20.100000000000009,11.200000000000001,-3.7));
#2802=DIRECTION('',(0.0,1.0,0.0));
#2803=DIRECTION('',(0.70710678118654,0.0,-0.707106781186555));
#2804=AXIS2_PLACEMENT_3D('',#2801,#2802,#2803);
#2805=CIRCLE('',#2804,0.1);
#2806=EDGE_CURVE('',#2723,#1316,#2805,.T.);
#2807=ORIENTED_EDGE('',*,*,#2806,.T.);
#2808=ORIENTED_EDGE('',*,*,#1321,.T.);
#2809=CARTESIAN_POINT('',(-20.100000000000009,11.999999999999996,-3.7));
#2810=DIRECTION('',(0.0,1.0,0.0));
#2811=DIRECTION('',(0.70710678118654,0.0,-0.707106781186555));
#2812=AXIS2_PLACEMENT_3D('',#2809,#2810,#2811);
#2813=CIRCLE('',#2812,0.1);
#2814=EDGE_CURVE('',#1308,#2731,#2813,.F.);
#2815=ORIENTED_EDGE('',*,*,#2814,.T.);
#2816=ORIENTED_EDGE('',*,*,#2736,.T.);
#2817=EDGE_LOOP('',(#2807,#2808,#2815,#2816));
#2818=FACE_OUTER_BOUND('',#2817,.T.);
#2819=ADVANCED_FACE('',(#2818),#2800,.T.);
#2820=CARTESIAN_POINT('',(1.999999999999995,12.099999999999994,-3.9));
#2821=DIRECTION('',(1.0,0.0,0.0));
#2822=DIRECTION('',(0.0,-0.70710678118654,-0.707106781186555));
#2823=AXIS2_PLACEMENT_3D('',#2820,#2821,#2822);
#2824=CYLINDRICAL_SURFACE('',#2823,0.1);
#2825=CARTESIAN_POINT('',(-3.200000000000003,12.099999999999994,-4.0));
#2826=VERTEX_POINT('',#2825);
#2827=CARTESIAN_POINT('',(-3.200000000000002,11.999999999999996,-3.9));
#2828=VERTEX_POINT('',#2827);
#2829=CARTESIAN_POINT('',(-3.200000000000001,12.099999999999994,-3.9));
#2830=DIRECTION('',(-1.0,0.0,0.0));
#2831=DIRECTION('',(0.0,-0.70710678118654,-0.707106781186555));
#2832=AXIS2_PLACEMENT_3D('',#2829,#2830,#2831);
#2833=CIRCLE('',#2832,0.1);
#2834=EDGE_CURVE('',#2826,#2828,#2833,.T.);
#2835=ORIENTED_EDGE('',*,*,#2834,.T.);
#2836=CARTESIAN_POINT('',(-12.800000000000002,11.999999999999996,-3.9));
#2837=VERTEX_POINT('',#2836);
#2838=CARTESIAN_POINT('',(-3.200000000000002,11.999999999999996,-3.9));
#2839=DIRECTION('',(-1.0,0.0,0.0));
#2840=VECTOR('',#2839,9.600000000000001);
#2841=LINE('',#2838,#2840);
#2842=EDGE_CURVE('',#2828,#2837,#2841,.T.);
#2843=ORIENTED_EDGE('',*,*,#2842,.T.);
#2844=CARTESIAN_POINT('',(-12.799999999999997,12.099999999999994,-4.0));
#2845=VERTEX_POINT('',#2844);
#2846=CARTESIAN_POINT('',(-12.800000000000001,12.099999999999994,-3.9));
#2847=DIRECTION('',(1.0,0.0,0.0));
#2848=DIRECTION('',(0.0,-0.70710678118654,-0.707106781186555));
#2849=AXIS2_PLACEMENT_3D('',#2846,#2847,#2848);
#2850=CIRCLE('',#2849,0.1);
#2851=EDGE_CURVE('',#2837,#2845,#2850,.T.);
#2852=ORIENTED_EDGE('',*,*,#2851,.T.);
#2853=CARTESIAN_POINT('',(-12.799999999999999,12.099999999999994,-4.0));
#2854=DIRECTION('',(1.0,0.0,0.0));
#2855=VECTOR('',#2854,9.599999999999996);
#2856=LINE('',#2853,#2855);
#2857=EDGE_CURVE('',#2845,#2826,#2856,.T.);
#2858=ORIENTED_EDGE('',*,*,#2857,.T.);
#2859=EDGE_LOOP('',(#2835,#2843,#2852,#2858));
#2860=FACE_OUTER_BOUND('',#2859,.T.);
#2861=ADVANCED_FACE('',(#2860),#2824,.T.);
#2862=CARTESIAN_POINT('',(-12.800000000000001,0.0,0.0));
#2863=DIRECTION('',(1.0,0.0,0.0));
#2864=DIRECTION('',(0.0,0.0,-1.0));
#2865=AXIS2_PLACEMENT_3D('',#2862,#2863,#2864);
#2866=PLANE('',#2865);
#2867=ORIENTED_EDGE('',*,*,#2851,.F.);
#2868=CARTESIAN_POINT('',(-12.799999999999997,11.999999999999996,0.0));
#2869=VERTEX_POINT('',#2868);
#2870=CARTESIAN_POINT('',(-12.800000000000002,11.999999999999996,0.0));
#2871=DIRECTION('',(0.0,0.0,-1.0));
#2872=VECTOR('',#2871,3.9);
#2873=LINE('',#2870,#2872);
#2874=EDGE_CURVE('',#2869,#2837,#2873,.T.);
#2875=ORIENTED_EDGE('',*,*,#2874,.F.);
#2876=CARTESIAN_POINT('',(-12.799999999999997,12.799999999999997,0.0));
#2877=VERTEX_POINT('',#2876);
#2878=CARTESIAN_POINT('',(-12.800000000000001,11.999999999999998,0.0));
#2879=DIRECTION('',(0.0,1.0,0.0));
#2880=VECTOR('',#2879,0.800000000000001);
#2881=LINE('',#2878,#2880);
#2882=EDGE_CURVE('',#2869,#2877,#2881,.T.);
#2883=ORIENTED_EDGE('',*,*,#2882,.T.);
#2884=CARTESIAN_POINT('',(-12.800000000000001,12.799999999999997,-4.0));
#2885=VERTEX_POINT('',#2884);
#2886=CARTESIAN_POINT('',(-12.800000000000001,12.799999999999997,-4.0));
#2887=DIRECTION('',(0.0,0.0,1.0));
#2888=VECTOR('',#2887,4.0);
#2889=LINE('',#2886,#2888);
#2890=EDGE_CURVE('',#2885,#2877,#2889,.T.);
#2891=ORIENTED_EDGE('',*,*,#2890,.F.);
#2892=CARTESIAN_POINT('',(-12.799999999999997,12.099999999999994,-4.0));
#2893=DIRECTION('',(0.0,1.0,0.0));
#2894=VECTOR('',#2893,0.700000000000003);
#2895=LINE('',#2892,#2894);
#2896=EDGE_CURVE('',#2845,#2885,#2895,.T.);
#2897=ORIENTED_EDGE('',*,*,#2896,.F.);
#2898=EDGE_LOOP('',(#2867,#2875,#2883,#2891,#2897));
#2899=FACE_OUTER_BOUND('',#2898,.T.);
#2900=ADVANCED_FACE('',(#2899),#2866,.F.);
#2901=CARTESIAN_POINT('',(-20.000000000000007,11.999999999999996,0.0));
#2902=DIRECTION('',(0.0,-1.0,0.0));
#2903=DIRECTION('',(0.0,0.0,-1.0));
#2904=AXIS2_PLACEMENT_3D('',#2901,#2902,#2903);
#2905=PLANE('',#2904);
#2906=ORIENTED_EDGE('',*,*,#2842,.F.);
#2907=CARTESIAN_POINT('',(-3.200000000000001,12.0,0.0));
#2908=VERTEX_POINT('',#2907);
#2909=CARTESIAN_POINT('',(-3.200000000000002,11.999999999999996,-3.9));
#2910=DIRECTION('',(0.0,0.0,1.0));
#2911=VECTOR('',#2910,3.9);
#2912=LINE('',#2909,#2911);
#2913=EDGE_CURVE('',#2828,#2908,#2912,.T.);
#2914=ORIENTED_EDGE('',*,*,#2913,.T.);
#2915=CARTESIAN_POINT('',(3.200000000000001,11.999999999999996,0.0));
#2916=VERTEX_POINT('',#2915);
#2917=CARTESIAN_POINT('',(3.700743E-017,12.0,0.0));
#2918=DIRECTION('',(0.0,1.0,0.0));
#2919=DIRECTION('',(1.0,0.0,0.0));
#2920=AXIS2_PLACEMENT_3D('',#2917,#2918,#2919);
#2921=CIRCLE('',#2920,3.200000000000001);
#2922=EDGE_CURVE('',#2908,#2916,#2921,.T.);
#2923=ORIENTED_EDGE('',*,*,#2922,.T.);
#2924=CARTESIAN_POINT('',(3.200000000000002,11.999999999999996,-3.9));
#2925=VERTEX_POINT('',#2924);
#2926=CARTESIAN_POINT('',(3.200000000000002,11.999999999999996,0.0));
#2927=DIRECTION('',(0.0,0.0,-1.0));
#2928=VECTOR('',#2927,3.9);
#2929=LINE('',#2926,#2928);
#2930=EDGE_CURVE('',#2916,#2925,#2929,.T.);
#2931=ORIENTED_EDGE('',*,*,#2930,.T.);
#2932=CARTESIAN_POINT('',(12.800000000000002,11.999999999999996,-3.9));
#2933=VERTEX_POINT('',#2932);
#2934=CARTESIAN_POINT('',(12.800000000000002,11.999999999999996,-3.9));
#2935=DIRECTION('',(-1.0,0.0,0.0));
#2936=VECTOR('',#2935,9.600000000000001);
#2937=LINE('',#2934,#2936);
#2938=EDGE_CURVE('',#2933,#2925,#2937,.T.);
#2939=ORIENTED_EDGE('',*,*,#2938,.F.);
#2940=CARTESIAN_POINT('',(12.800000000000001,12.000000000000002,0.0));
#2941=VERTEX_POINT('',#2940);
#2942=CARTESIAN_POINT('',(12.800000000000002,11.999999999999996,-3.9));
#2943=DIRECTION('',(0.0,0.0,1.0));
#2944=VECTOR('',#2943,3.9);
#2945=LINE('',#2942,#2944);
#2946=EDGE_CURVE('',#2933,#2941,#2945,.T.);
#2947=ORIENTED_EDGE('',*,*,#2946,.T.);
#2948=CARTESIAN_POINT('',(19.200000000000003,11.999999999999996,0.0));
#2949=VERTEX_POINT('',#2948);
#2950=CARTESIAN_POINT('',(16.0,12.000000000000002,0.0));
#2951=DIRECTION('',(0.0,1.0,0.0));
#2952=DIRECTION('',(1.0,0.0,0.0));
#2953=AXIS2_PLACEMENT_3D('',#2950,#2951,#2952);
#2954=CIRCLE('',#2953,3.200000000000001);
#2955=EDGE_CURVE('',#2941,#2949,#2954,.T.);
#2956=ORIENTED_EDGE('',*,*,#2955,.T.);
#2957=CARTESIAN_POINT('',(19.199999999999996,11.999999999999996,-3.9));
#2958=VERTEX_POINT('',#2957);
#2959=CARTESIAN_POINT('',(19.199999999999999,11.999999999999996,1.577722E-030));
#2960=DIRECTION('',(0.0,0.0,-1.0));
#2961=VECTOR('',#2960,3.9);
#2962=LINE('',#2959,#2961);
#2963=EDGE_CURVE('',#2949,#2958,#2962,.T.);
#2964=ORIENTED_EDGE('',*,*,#2963,.T.);
#2965=CARTESIAN_POINT('',(24.0,11.999999999999996,-3.9));
#2966=VERTEX_POINT('',#2965);
#2967=CARTESIAN_POINT('',(23.999999999999996,11.999999999999996,-3.9));
#2968=DIRECTION('',(-1.0,0.0,0.0));
#2969=VECTOR('',#2968,4.799999999999997);
#2970=LINE('',#2967,#2969);
#2971=EDGE_CURVE('',#2966,#2958,#2970,.T.);
#2972=ORIENTED_EDGE('',*,*,#2971,.F.);
#2973=CARTESIAN_POINT('',(24.0,11.999999999999996,-3.9));
#2974=DIRECTION('',(0.0,0.0,1.0));
#2975=VECTOR('',#2974,0.100000000000001);
#2976=LINE('',#2973,#2975);
#2977=EDGE_CURVE('',#2966,#419,#2976,.T.);
#2978=ORIENTED_EDGE('',*,*,#2977,.T.);
#2979=ORIENTED_EDGE('',*,*,#424,.T.);
#2980=ORIENTED_EDGE('',*,*,#2097,.F.);
#2981=ORIENTED_EDGE('',*,*,#2277,.T.);
#2982=ORIENTED_EDGE('',*,*,#2439,.F.);
#2983=ORIENTED_EDGE('',*,*,#608,.T.);
#2984=CARTESIAN_POINT('',(21.100000000000009,12.0,0.800000000000001));
#2985=VERTEX_POINT('',#2984);
#2986=CARTESIAN_POINT('',(21.100000000000009,12.0,0.800000000000001));
#2987=DIRECTION('',(0.0,0.0,1.0));
#2988=VECTOR('',#2987,2.999999999999999);
#2989=LINE('',#2986,#2988);
#2990=EDGE_CURVE('',#2985,#595,#2989,.T.);
#2991=ORIENTED_EDGE('',*,*,#2990,.F.);
#2992=CARTESIAN_POINT('',(26.900000000000009,12.0,0.800000000000001));
#2993=VERTEX_POINT('',#2992);
#2994=CARTESIAN_POINT('',(26.900000000000009,12.0,0.800000000000001));
#2995=DIRECTION('',(-1.0,0.0,0.0));
#2996=VECTOR('',#2995,5.800000000000001);
#2997=LINE('',#2994,#2996);
#2998=EDGE_CURVE('',#2993,#2985,#2997,.T.);
#2999=ORIENTED_EDGE('',*,*,#2998,.F.);
#3000=CARTESIAN_POINT('',(26.900000000000009,12.0,3.8));
#3001=DIRECTION('',(0.0,0.0,-1.0));
#3002=VECTOR('',#3001,2.999999999999999);
#3003=LINE('',#3000,#3002);
#3004=EDGE_CURVE('',#571,#2993,#3003,.T.);
#3005=ORIENTED_EDGE('',*,*,#3004,.F.);
#3006=ORIENTED_EDGE('',*,*,#576,.F.);
#3007=CARTESIAN_POINT('',(24.0,11.999999999999996,3.9));
#3008=VERTEX_POINT('',#3007);
#3009=CARTESIAN_POINT('',(24.0,11.999999999999996,3.8));
#3010=DIRECTION('',(0.0,0.0,1.0));
#3011=VECTOR('',#3010,0.100000000000001);
#3012=LINE('',#3009,#3011);
#3013=EDGE_CURVE('',#562,#3008,#3012,.T.);
#3014=ORIENTED_EDGE('',*,*,#3013,.T.);
#3015=CARTESIAN_POINT('',(-24.000000000000004,11.999999999999996,3.9));
#3016=VERTEX_POINT('',#3015);
#3017=CARTESIAN_POINT('',(-24.0,11.999999999999996,3.9));
#3018=DIRECTION('',(1.0,0.0,0.0));
#3019=VECTOR('',#3018,48.0);
#3020=LINE('',#3017,#3019);
#3021=EDGE_CURVE('',#3016,#3008,#3020,.T.);
#3022=ORIENTED_EDGE('',*,*,#3021,.F.);
#3023=CARTESIAN_POINT('',(-24.000000000000004,11.999999999999996,3.8));
#3024=DIRECTION('',(0.0,0.0,1.0));
#3025=VECTOR('',#3024,0.100000000000001);
#3026=LINE('',#3023,#3025);
#3027=EDGE_CURVE('',#1652,#3016,#3026,.T.);
#3028=ORIENTED_EDGE('',*,*,#3027,.F.);
#3029=ORIENTED_EDGE('',*,*,#1657,.F.);
#3030=CARTESIAN_POINT('',(-26.900000000000009,12.0,0.800000000000001));
#3031=VERTEX_POINT('',#3030);
#3032=CARTESIAN_POINT('',(-26.900000000000009,12.0,3.8));
#3033=DIRECTION('',(0.0,0.0,-1.0));
#3034=VECTOR('',#3033,2.999999999999999);
#3035=LINE('',#3032,#3034);
#3036=EDGE_CURVE('',#1644,#3031,#3035,.T.);
#3037=ORIENTED_EDGE('',*,*,#3036,.T.);
#3038=CARTESIAN_POINT('',(-21.100000000000009,12.0,0.800000000000001));
#3039=VERTEX_POINT('',#3038);
#3040=CARTESIAN_POINT('',(-26.900000000000009,12.0,0.800000000000001));
#3041=DIRECTION('',(1.0,0.0,0.0));
#3042=VECTOR('',#3041,5.800000000000001);
#3043=LINE('',#3040,#3042);
#3044=EDGE_CURVE('',#3031,#3039,#3043,.T.);
#3045=ORIENTED_EDGE('',*,*,#3044,.T.);
#3046=CARTESIAN_POINT('',(-21.100000000000009,12.0,0.800000000000001));
#3047=DIRECTION('',(0.0,0.0,1.0));
#3048=VECTOR('',#3047,2.999999999999999);
#3049=LINE('',#3046,#3048);
#3050=EDGE_CURVE('',#3039,#1620,#3049,.T.);
#3051=ORIENTED_EDGE('',*,*,#3050,.T.);
#3052=ORIENTED_EDGE('',*,*,#1625,.T.);
#3053=ORIENTED_EDGE('',*,*,#2523,.F.);
#3054=ORIENTED_EDGE('',*,*,#2742,.F.);
#3055=ORIENTED_EDGE('',*,*,#2814,.F.);
#3056=ORIENTED_EDGE('',*,*,#1313,.T.);
#3057=CARTESIAN_POINT('',(-24.000000000000004,11.999999999999996,-3.9));
#3058=VERTEX_POINT('',#3057);
#3059=CARTESIAN_POINT('',(-24.000000000000004,11.999999999999996,-3.9));
#3060=DIRECTION('',(0.0,0.0,1.0));
#3061=VECTOR('',#3060,0.100000000000001);
#3062=LINE('',#3059,#3061);
#3063=EDGE_CURVE('',#3058,#1299,#3062,.T.);
#3064=ORIENTED_EDGE('',*,*,#3063,.F.);
#3065=CARTESIAN_POINT('',(-19.199999999999999,11.999999999999996,-3.9));
#3066=VERTEX_POINT('',#3065);
#3067=CARTESIAN_POINT('',(-19.199999999999996,11.999999999999996,-3.9));
#3068=DIRECTION('',(-1.0,0.0,0.0));
#3069=VECTOR('',#3068,4.800000000000004);
#3070=LINE('',#3067,#3069);
#3071=EDGE_CURVE('',#3066,#3058,#3070,.T.);
#3072=ORIENTED_EDGE('',*,*,#3071,.F.);
#3073=CARTESIAN_POINT('',(-19.200000000000003,11.999999999999996,0.0));
#3074=VERTEX_POINT('',#3073);
#3075=CARTESIAN_POINT('',(-19.199999999999999,11.999999999999996,-3.9));
#3076=DIRECTION('',(0.0,0.0,1.0));
#3077=VECTOR('',#3076,3.9);
#3078=LINE('',#3075,#3077);
#3079=EDGE_CURVE('',#3066,#3074,#3078,.T.);
#3080=ORIENTED_EDGE('',*,*,#3079,.T.);
#3081=CARTESIAN_POINT('',(-16.0,11.999999999999996,0.0));
#3082=DIRECTION('',(0.0,1.0,0.0));
#3083=DIRECTION('',(1.0,0.0,0.0));
#3084=AXIS2_PLACEMENT_3D('',#3081,#3082,#3083);
#3085=CIRCLE('',#3084,3.200000000000001);
#3086=EDGE_CURVE('',#3074,#2869,#3085,.T.);
#3087=ORIENTED_EDGE('',*,*,#3086,.T.);
#3088=ORIENTED_EDGE('',*,*,#2874,.T.);
#3089=EDGE_LOOP('',(#2906,#2914,#2923,#2931,#2939,#2947,#2956,#2964,#2972,#2978,#2979,#2980,#2981,#2982,#2983,#2991,#2999,#3005,#3006,#3014,#3022,#3028,#3029,#3037,#3045,#3051,#3052,#3053,#3054,#3055,#3056,#3064,#3072,#3080,#3087,#3088));
#3090=FACE_OUTER_BOUND('',#3089,.T.);
#3091=ADVANCED_FACE('',(#3090),#2905,.T.);
#3092=CARTESIAN_POINT('',(1.999999999999995,12.099999999999994,-3.9));
#3093=DIRECTION('',(1.0,0.0,0.0));
#3094=DIRECTION('',(0.0,-0.70710678118654,-0.707106781186555));
#3095=AXIS2_PLACEMENT_3D('',#3092,#3093,#3094);
#3096=CYLINDRICAL_SURFACE('',#3095,0.1);
#3097=CARTESIAN_POINT('',(12.799999999999997,12.099999999999994,-4.0));
#3098=VERTEX_POINT('',#3097);
#3099=CARTESIAN_POINT('',(12.800000000000001,12.099999999999994,-3.9));
#3100=DIRECTION('',(-1.0,0.0,0.0));
#3101=DIRECTION('',(0.0,-0.70710678118654,-0.707106781186555));
#3102=AXIS2_PLACEMENT_3D('',#3099,#3100,#3101);
#3103=CIRCLE('',#3102,0.1);
#3104=EDGE_CURVE('',#3098,#2933,#3103,.T.);
#3105=ORIENTED_EDGE('',*,*,#3104,.T.);
#3106=ORIENTED_EDGE('',*,*,#2938,.T.);
#3107=CARTESIAN_POINT('',(3.199999999999998,12.099999999999994,-4.0));
#3108=VERTEX_POINT('',#3107);
#3109=CARTESIAN_POINT('',(3.200000000000001,12.099999999999994,-3.9));
#3110=DIRECTION('',(1.0,0.0,0.0));
#3111=DIRECTION('',(0.0,-0.70710678118654,-0.707106781186555));
#3112=AXIS2_PLACEMENT_3D('',#3109,#3110,#3111);
#3113=CIRCLE('',#3112,0.1);
#3114=EDGE_CURVE('',#2925,#3108,#3113,.T.);
#3115=ORIENTED_EDGE('',*,*,#3114,.T.);
#3116=CARTESIAN_POINT('',(3.199999999999998,12.099999999999994,-4.0));
#3117=DIRECTION('',(1.0,0.0,0.0));
#3118=VECTOR('',#3117,9.599999999999998);
#3119=LINE('',#3116,#3118);
#3120=EDGE_CURVE('',#3108,#3098,#3119,.T.);
#3121=ORIENTED_EDGE('',*,*,#3120,.T.);
#3122=EDGE_LOOP('',(#3105,#3106,#3115,#3121));
#3123=FACE_OUTER_BOUND('',#3122,.T.);
#3124=ADVANCED_FACE('',(#3123),#3096,.T.);
#3125=CARTESIAN_POINT('',(3.200000000000001,0.0,0.0));
#3126=DIRECTION('',(1.0,0.0,0.0));
#3127=DIRECTION('',(0.0,0.0,-1.0));
#3128=AXIS2_PLACEMENT_3D('',#3125,#3126,#3127);
#3129=PLANE('',#3128);
#3130=ORIENTED_EDGE('',*,*,#3114,.F.);
#3131=ORIENTED_EDGE('',*,*,#2930,.F.);
#3132=CARTESIAN_POINT('',(3.200000000000001,12.799999999999997,0.0));
#3133=VERTEX_POINT('',#3132);
#3134=CARTESIAN_POINT('',(3.200000000000001,12.799999999999999,0.0));
#3135=DIRECTION('',(0.0,-1.0,0.0));
#3136=VECTOR('',#3135,0.800000000000001);
#3137=LINE('',#3134,#3136);
#3138=EDGE_CURVE('',#3133,#2916,#3137,.T.);
#3139=ORIENTED_EDGE('',*,*,#3138,.F.);
#3140=CARTESIAN_POINT('',(3.200000000000001,12.800000000000001,-4.0));
#3141=VERTEX_POINT('',#3140);
#3142=CARTESIAN_POINT('',(3.200000000000001,12.800000000000001,-4.0));
#3143=DIRECTION('',(0.0,0.0,1.0));
#3144=VECTOR('',#3143,4.0);
#3145=LINE('',#3142,#3144);
#3146=EDGE_CURVE('',#3141,#3133,#3145,.T.);
#3147=ORIENTED_EDGE('',*,*,#3146,.F.);
#3148=CARTESIAN_POINT('',(3.199999999999998,12.099999999999994,-4.0));
#3149=DIRECTION('',(0.0,1.0,0.0));
#3150=VECTOR('',#3149,0.700000000000006);
#3151=LINE('',#3148,#3150);
#3152=EDGE_CURVE('',#3108,#3141,#3151,.T.);
#3153=ORIENTED_EDGE('',*,*,#3152,.F.);
#3154=EDGE_LOOP('',(#3130,#3131,#3139,#3147,#3153));
#3155=FACE_OUTER_BOUND('',#3154,.T.);
#3156=ADVANCED_FACE('',(#3155),#3129,.F.);
#3157=CARTESIAN_POINT('',(-2.000000000000006,-12.100000000000001,-3.9));
#3158=DIRECTION('',(-1.0,9.251859E-017,0.0));
#3159=DIRECTION('',(0.0,0.707106781186555,-0.70710678118654));
#3160=AXIS2_PLACEMENT_3D('',#3157,#3158,#3159);
#3161=CYLINDRICAL_SURFACE('',#3160,0.1);
#3162=CARTESIAN_POINT('',(3.200000000000003,-12.100000000000001,-4.0));
#3163=VERTEX_POINT('',#3162);
#3164=CARTESIAN_POINT('',(3.200000000000002,-12.000000000000002,-3.9));
#3165=VERTEX_POINT('',#3164);
#3166=CARTESIAN_POINT('',(3.199999999999999,-12.100000000000001,-3.9));
#3167=DIRECTION('',(1.0,0.0,0.0));
#3168=DIRECTION('',(0.0,0.707106781186555,-0.70710678118654));
#3169=AXIS2_PLACEMENT_3D('',#3166,#3167,#3168);
#3170=CIRCLE('',#3169,0.1);
#3171=EDGE_CURVE('',#3163,#3165,#3170,.T.);
#3172=ORIENTED_EDGE('',*,*,#3171,.T.);
#3173=CARTESIAN_POINT('',(12.800000000000002,-12.000000000000002,-3.9));
#3174=VERTEX_POINT('',#3173);
#3175=CARTESIAN_POINT('',(3.200000000000002,-12.0,-3.9));
#3176=DIRECTION('',(1.0,0.0,0.0));
#3177=VECTOR('',#3176,9.6);
#3178=LINE('',#3175,#3177);
#3179=EDGE_CURVE('',#3165,#3174,#3178,.T.);
#3180=ORIENTED_EDGE('',*,*,#3179,.T.);
#3181=CARTESIAN_POINT('',(12.800000000000002,-12.100000000000005,-4.0));
#3182=VERTEX_POINT('',#3181);
#3183=CARTESIAN_POINT('',(12.799999999999997,-12.100000000000005,-3.9));
#3184=DIRECTION('',(-1.0,0.0,0.0));
#3185=DIRECTION('',(0.0,0.707106781186555,-0.70710678118654));
#3186=AXIS2_PLACEMENT_3D('',#3183,#3184,#3185);
#3187=CIRCLE('',#3186,0.1);
#3188=EDGE_CURVE('',#3174,#3182,#3187,.T.);
#3189=ORIENTED_EDGE('',*,*,#3188,.T.);
#3190=CARTESIAN_POINT('',(12.800000000000002,-12.100000000000003,-4.0));
#3191=DIRECTION('',(-1.0,0.0,0.0));
#3192=VECTOR('',#3191,9.6);
#3193=LINE('',#3190,#3192);
#3194=EDGE_CURVE('',#3182,#3163,#3193,.T.);
#3195=ORIENTED_EDGE('',*,*,#3194,.T.);
#3196=EDGE_LOOP('',(#3172,#3180,#3189,#3195));
#3197=FACE_OUTER_BOUND('',#3196,.T.);
#3198=ADVANCED_FACE('',(#3197),#3161,.T.);
#3199=CARTESIAN_POINT('',(3.200000000000001,0.0,0.0));
#3200=DIRECTION('',(1.0,0.0,0.0));
#3201=DIRECTION('',(0.0,0.0,-1.0));
#3202=AXIS2_PLACEMENT_3D('',#3199,#3200,#3201);
#3203=PLANE('',#3202);
#3204=ORIENTED_EDGE('',*,*,#3171,.F.);
#3205=CARTESIAN_POINT('',(3.200000000000001,-12.800000000000002,-4.0));
#3206=VERTEX_POINT('',#3205);
#3207=CARTESIAN_POINT('',(3.200000000000003,-12.800000000000002,-4.0));
#3208=DIRECTION('',(0.0,1.0,0.0));
#3209=VECTOR('',#3208,0.700000000000001);
#3210=LINE('',#3207,#3209);
#3211=EDGE_CURVE('',#3206,#3163,#3210,.T.);
#3212=ORIENTED_EDGE('',*,*,#3211,.F.);
#3213=CARTESIAN_POINT('',(3.200000000000001,-12.800000000000002,0.0));
#3214=VERTEX_POINT('',#3213);
#3215=CARTESIAN_POINT('',(3.200000000000001,-12.800000000000002,0.0));
#3216=DIRECTION('',(0.0,0.0,-1.0));
#3217=VECTOR('',#3216,4.0);
#3218=LINE('',#3215,#3217);
#3219=EDGE_CURVE('',#3214,#3206,#3218,.T.);
#3220=ORIENTED_EDGE('',*,*,#3219,.F.);
#3221=CARTESIAN_POINT('',(3.200000000000001,-12.0,0.0));
#3222=VERTEX_POINT('',#3221);
#3223=CARTESIAN_POINT('',(3.200000000000001,-12.0,0.0));
#3224=DIRECTION('',(0.0,-1.0,0.0));
#3225=VECTOR('',#3224,0.800000000000002);
#3226=LINE('',#3223,#3225);
#3227=EDGE_CURVE('',#3222,#3214,#3226,.T.);
#3228=ORIENTED_EDGE('',*,*,#3227,.F.);
#3229=CARTESIAN_POINT('',(3.200000000000002,-12.000000000000002,-3.9));
#3230=DIRECTION('',(0.0,0.0,1.0));
#3231=VECTOR('',#3230,3.9);
#3232=LINE('',#3229,#3231);
#3233=EDGE_CURVE('',#3165,#3222,#3232,.T.);
#3234=ORIENTED_EDGE('',*,*,#3233,.F.);
#3235=EDGE_LOOP('',(#3204,#3212,#3220,#3228,#3234));
#3236=FACE_OUTER_BOUND('',#3235,.T.);
#3237=ADVANCED_FACE('',(#3236),#3203,.F.);
#3238=CARTESIAN_POINT('',(-24.000000000000004,-16.0,-4.0));
#3239=DIRECTION('',(0.0,0.0,-1.0));
#3240=DIRECTION('',(-1.0,0.0,0.0));
#3241=AXIS2_PLACEMENT_3D('',#3238,#3239,#3240);
#3242=PLANE('',#3241);
#3243=ORIENTED_EDGE('',*,*,#3194,.F.);
#3244=CARTESIAN_POINT('',(12.800000000000001,-12.800000000000004,-3.999999999999999));
#3245=VERTEX_POINT('',#3244);
#3246=CARTESIAN_POINT('',(12.800000000000002,-12.100000000000003,-4.0));
#3247=DIRECTION('',(0.0,-1.0,0.0));
#3248=VECTOR('',#3247,0.700000000000001);
#3249=LINE('',#3246,#3248);
#3250=EDGE_CURVE('',#3182,#3245,#3249,.T.);
#3251=ORIENTED_EDGE('',*,*,#3250,.T.);
#3252=CARTESIAN_POINT('',(19.199999999999999,-12.800000000000004,-4.0));
#3253=VERTEX_POINT('',#3252);
#3254=CARTESIAN_POINT('',(12.800000000000002,-12.800000000000004,-4.0));
#3255=DIRECTION('',(1.0,0.0,0.0));
#3256=VECTOR('',#3255,6.4);
#3257=LINE('',#3254,#3256);
#3258=EDGE_CURVE('',#3245,#3253,#3257,.T.);
#3259=ORIENTED_EDGE('',*,*,#3258,.T.);
#3260=CARTESIAN_POINT('',(19.199999999999999,-12.100000000000005,-4.0));
#3261=VERTEX_POINT('',#3260);
#3262=CARTESIAN_POINT('',(19.199999999999999,-12.800000000000004,-4.0));
#3263=DIRECTION('',(0.0,1.0,0.0));
#3264=VECTOR('',#3263,0.700000000000001);
#3265=LINE('',#3262,#3264);
#3266=EDGE_CURVE('',#3253,#3261,#3265,.T.);
#3267=ORIENTED_EDGE('',*,*,#3266,.T.);
#3268=CARTESIAN_POINT('',(24.0,-12.099999999999998,-4.0));
#3269=VERTEX_POINT('',#3268);
#3270=CARTESIAN_POINT('',(24.0,-12.100000000000003,-4.0));
#3271=DIRECTION('',(-1.0,0.0,0.0));
#3272=VECTOR('',#3271,4.800000000000001);
#3273=LINE('',#3270,#3272);
#3274=EDGE_CURVE('',#3269,#3261,#3273,.T.);
#3275=ORIENTED_EDGE('',*,*,#3274,.F.);
#3276=CARTESIAN_POINT('',(24.0,-19.899999999999999,-4.0));
#3277=VERTEX_POINT('',#3276);
#3278=CARTESIAN_POINT('',(24.0,-16.0,-4.0));
#3279=DIRECTION('',(0.0,0.0,1.0));
#3280=DIRECTION('',(1.0,0.0,0.0));
#3281=AXIS2_PLACEMENT_3D('',#3278,#3279,#3280);
#3282=CIRCLE('',#3281,3.900000000000004);
#3283=EDGE_CURVE('',#3277,#3269,#3282,.T.);
#3284=ORIENTED_EDGE('',*,*,#3283,.F.);
#3285=CARTESIAN_POINT('',(-24.000000000000004,-19.900000000000002,-4.0));
#3286=VERTEX_POINT('',#3285);
#3287=CARTESIAN_POINT('',(-24.000000000000004,-19.900000000000006,-4.0));
#3288=DIRECTION('',(1.0,0.0,0.0));
#3289=VECTOR('',#3288,48.0);
#3290=LINE('',#3287,#3289);
#3291=EDGE_CURVE('',#3286,#3277,#3290,.T.);
#3292=ORIENTED_EDGE('',*,*,#3291,.F.);
#3293=CARTESIAN_POINT('',(-24.000000000000004,-12.1,-4.0));
#3294=VERTEX_POINT('',#3293);
#3295=CARTESIAN_POINT('',(-24.000000000000004,-16.0,-4.0));
#3296=DIRECTION('',(0.0,0.0,1.0));
#3297=DIRECTION('',(-1.0,0.0,0.0));
#3298=AXIS2_PLACEMENT_3D('',#3295,#3296,#3297);
#3299=CIRCLE('',#3298,3.9);
#3300=EDGE_CURVE('',#3294,#3286,#3299,.T.);
#3301=ORIENTED_EDGE('',*,*,#3300,.F.);
#3302=CARTESIAN_POINT('',(-19.199999999999999,-12.1,-4.0));
#3303=VERTEX_POINT('',#3302);
#3304=CARTESIAN_POINT('',(-19.199999999999999,-12.1,-4.0));
#3305=DIRECTION('',(-1.0,0.0,0.0));
#3306=VECTOR('',#3305,4.800000000000004);
#3307=LINE('',#3304,#3306);
#3308=EDGE_CURVE('',#3303,#3294,#3307,.T.);
#3309=ORIENTED_EDGE('',*,*,#3308,.F.);
#3310=CARTESIAN_POINT('',(-19.200000000000003,-12.800000000000001,-4.0));
#3311=VERTEX_POINT('',#3310);
#3312=CARTESIAN_POINT('',(-19.199999999999999,-12.1,-4.0));
#3313=DIRECTION('',(0.0,-1.0,0.0));
#3314=VECTOR('',#3313,0.700000000000001);
#3315=LINE('',#3312,#3314);
#3316=EDGE_CURVE('',#3303,#3311,#3315,.T.);
#3317=ORIENTED_EDGE('',*,*,#3316,.T.);
#3318=CARTESIAN_POINT('',(-12.800000000000001,-12.800000000000001,-4.0));
#3319=VERTEX_POINT('',#3318);
#3320=CARTESIAN_POINT('',(-19.200000000000003,-12.800000000000002,-4.0));
#3321=DIRECTION('',(1.0,0.0,0.0));
#3322=VECTOR('',#3321,6.400000000000002);
#3323=LINE('',#3320,#3322);
#3324=EDGE_CURVE('',#3311,#3319,#3323,.T.);
#3325=ORIENTED_EDGE('',*,*,#3324,.T.);
#3326=CARTESIAN_POINT('',(-12.800000000000002,-12.1,-4.0));
#3327=VERTEX_POINT('',#3326);
#3328=CARTESIAN_POINT('',(-12.800000000000002,-12.800000000000001,-4.0));
#3329=DIRECTION('',(0.0,1.0,0.0));
#3330=VECTOR('',#3329,0.700000000000001);
#3331=LINE('',#3328,#3330);
#3332=EDGE_CURVE('',#3319,#3327,#3331,.T.);
#3333=ORIENTED_EDGE('',*,*,#3332,.T.);
#3334=CARTESIAN_POINT('',(-3.200000000000003,-12.100000000000001,-4.0));
#3335=VERTEX_POINT('',#3334);
#3336=CARTESIAN_POINT('',(-3.200000000000003,-12.100000000000001,-4.0));
#3337=DIRECTION('',(-1.0,0.0,0.0));
#3338=VECTOR('',#3337,9.6);
#3339=LINE('',#3336,#3338);
#3340=EDGE_CURVE('',#3335,#3327,#3339,.T.);
#3341=ORIENTED_EDGE('',*,*,#3340,.F.);
#3342=CARTESIAN_POINT('',(-3.200000000000001,-12.800000000000002,-4.0));
#3343=VERTEX_POINT('',#3342);
#3344=CARTESIAN_POINT('',(-3.200000000000003,-12.100000000000001,-4.0));
#3345=DIRECTION('',(0.0,-1.0,0.0));
#3346=VECTOR('',#3345,0.700000000000001);
#3347=LINE('',#3344,#3346);
#3348=EDGE_CURVE('',#3335,#3343,#3347,.T.);
#3349=ORIENTED_EDGE('',*,*,#3348,.T.);
#3350=CARTESIAN_POINT('',(-3.200000000000001,-12.800000000000002,-4.0));
#3351=DIRECTION('',(1.0,0.0,0.0));
#3352=VECTOR('',#3351,6.400000000000002);
#3353=LINE('',#3350,#3352);
#3354=EDGE_CURVE('',#3343,#3206,#3353,.T.);
#3355=ORIENTED_EDGE('',*,*,#3354,.T.);
#3356=ORIENTED_EDGE('',*,*,#3211,.T.);
#3357=EDGE_LOOP('',(#3243,#3251,#3259,#3267,#3275,#3284,#3292,#3301,#3309,#3317,#3325,#3333,#3341,#3349,#3355,#3356));
#3358=FACE_OUTER_BOUND('',#3357,.T.);
#3359=CARTESIAN_POINT('',(-21.245004537208821,-18.900000000000002,-4.0));
#3360=VERTEX_POINT('',#3359);
#3361=CARTESIAN_POINT('',(-10.754995462791188,-18.899999999999999,-4.0));
#3362=VERTEX_POINT('',#3361);
#3363=CARTESIAN_POINT('',(-21.245004537208818,-18.900000000000002,-4.0));
#3364=DIRECTION('',(1.0,0.0,0.0));
#3365=VECTOR('',#3364,10.490009074417632);
#3366=LINE('',#3363,#3365);
#3367=EDGE_CURVE('',#3360,#3362,#3366,.T.);
#3368=ORIENTED_EDGE('',*,*,#3367,.T.);
#3369=CARTESIAN_POINT('',(-10.754995462791188,-13.100000000000003,-4.0));
#3370=VERTEX_POINT('',#3369);
#3371=CARTESIAN_POINT('',(-8.000000000000004,-16.0,-4.0));
#3372=DIRECTION('',(0.0,0.0,-1.0));
#3373=DIRECTION('',(-1.0,0.0,0.0));
#3374=AXIS2_PLACEMENT_3D('',#3371,#3372,#3373);
#3375=CIRCLE('',#3374,4.000000000000002);
#3376=EDGE_CURVE('',#3362,#3370,#3375,.T.);
#3377=ORIENTED_EDGE('',*,*,#3376,.T.);
#3378=CARTESIAN_POINT('',(-21.245004537208821,-13.100000000000003,-4.0));
#3379=VERTEX_POINT('',#3378);
#3380=CARTESIAN_POINT('',(-10.754995462791188,-13.100000000000001,-4.0));
#3381=DIRECTION('',(-1.0,0.0,0.0));
#3382=VECTOR('',#3381,10.490009074417634);
#3383=LINE('',#3380,#3382);
#3384=EDGE_CURVE('',#3370,#3379,#3383,.T.);
#3385=ORIENTED_EDGE('',*,*,#3384,.T.);
#3386=CARTESIAN_POINT('',(-24.000000000000004,-16.0,-4.0));
#3387=DIRECTION('',(0.0,0.0,-1.0));
#3388=DIRECTION('',(-1.0,0.0,0.0));
#3389=AXIS2_PLACEMENT_3D('',#3386,#3387,#3388);
#3390=CIRCLE('',#3389,4.0);
#3391=EDGE_CURVE('',#3379,#3360,#3390,.T.);
#3392=ORIENTED_EDGE('',*,*,#3391,.T.);
#3393=EDGE_LOOP('',(#3368,#3377,#3385,#3392));
#3394=FACE_BOUND('',#3393,.T.);
#3395=CARTESIAN_POINT('',(-5.245004537208824,-18.900000000000002,-4.0));
#3396=VERTEX_POINT('',#3395);
#3397=CARTESIAN_POINT('',(5.245004537208809,-18.899999999999995,-4.0));
#3398=VERTEX_POINT('',#3397);
#3399=CARTESIAN_POINT('',(-5.245004537208824,-18.899999999999999,-4.0));
#3400=DIRECTION('',(1.0,0.0,0.0));
#3401=VECTOR('',#3400,10.490009074417632);
#3402=LINE('',#3399,#3401);
#3403=EDGE_CURVE('',#3396,#3398,#3402,.T.);
#3404=ORIENTED_EDGE('',*,*,#3403,.T.);
#3405=CARTESIAN_POINT('',(5.245004537208812,-13.100000000000003,-4.0));
#3406=VERTEX_POINT('',#3405);
#3407=CARTESIAN_POINT('',(7.999999999999998,-16.0,-4.0));
#3408=DIRECTION('',(0.0,0.0,-1.0));
#3409=DIRECTION('',(-1.0,0.0,0.0));
#3410=AXIS2_PLACEMENT_3D('',#3407,#3408,#3409);
#3411=CIRCLE('',#3410,4.000000000000002);
#3412=EDGE_CURVE('',#3398,#3406,#3411,.T.);
#3413=ORIENTED_EDGE('',*,*,#3412,.T.);
#3414=CARTESIAN_POINT('',(-5.245004537208815,-13.100000000000003,-4.0));
#3415=VERTEX_POINT('',#3414);
#3416=CARTESIAN_POINT('',(5.245004537208812,-13.100000000000001,-4.0));
#3417=DIRECTION('',(-1.0,0.0,0.0));
#3418=VECTOR('',#3417,10.490009074417626);
#3419=LINE('',#3416,#3418);
#3420=EDGE_CURVE('',#3406,#3415,#3419,.T.);
#3421=ORIENTED_EDGE('',*,*,#3420,.T.);
#3422=CARTESIAN_POINT('',(-8.000000000000004,-16.0,-4.0));
#3423=DIRECTION('',(0.0,0.0,-1.0));
#3424=DIRECTION('',(-1.0,0.0,0.0));
#3425=AXIS2_PLACEMENT_3D('',#3422,#3423,#3424);
#3426=CIRCLE('',#3425,4.000000000000002);
#3427=EDGE_CURVE('',#3415,#3396,#3426,.T.);
#3428=ORIENTED_EDGE('',*,*,#3427,.T.);
#3429=EDGE_LOOP('',(#3404,#3413,#3421,#3428));
#3430=FACE_BOUND('',#3429,.T.);
#3431=CARTESIAN_POINT('',(21.245004537208807,-18.899999999999999,-4.0));
#3432=VERTEX_POINT('',#3431);
#3433=CARTESIAN_POINT('',(21.245004537208811,-13.100000000000003,-4.0));
#3434=VERTEX_POINT('',#3433);
#3435=CARTESIAN_POINT('',(24.0,-16.0,-4.0));
#3436=DIRECTION('',(0.0,0.0,-1.0));
#3437=DIRECTION('',(-1.0,0.0,0.0));
#3438=AXIS2_PLACEMENT_3D('',#3435,#3436,#3437);
#3439=CIRCLE('',#3438,4.000000000000004);
#3440=EDGE_CURVE('',#3432,#3434,#3439,.T.);
#3441=ORIENTED_EDGE('',*,*,#3440,.T.);
#3442=CARTESIAN_POINT('',(10.754995462791186,-13.100000000000003,-4.0));
#3443=VERTEX_POINT('',#3442);
#3444=CARTESIAN_POINT('',(21.245004537208814,-13.100000000000001,-4.0));
#3445=DIRECTION('',(-1.0,0.0,0.0));
#3446=VECTOR('',#3445,10.49000907441763);
#3447=LINE('',#3444,#3446);
#3448=EDGE_CURVE('',#3434,#3443,#3447,.T.);
#3449=ORIENTED_EDGE('',*,*,#3448,.T.);
#3450=CARTESIAN_POINT('',(10.754995462791172,-18.900000000000002,-4.0));
#3451=VERTEX_POINT('',#3450);
#3452=CARTESIAN_POINT('',(7.999999999999998,-16.0,-4.0));
#3453=DIRECTION('',(0.0,0.0,-1.0));
#3454=DIRECTION('',(-1.0,0.0,0.0));
#3455=AXIS2_PLACEMENT_3D('',#3452,#3453,#3454);
#3456=CIRCLE('',#3455,4.000000000000002);
#3457=EDGE_CURVE('',#3443,#3451,#3456,.T.);
#3458=ORIENTED_EDGE('',*,*,#3457,.T.);
#3459=CARTESIAN_POINT('',(10.754995462791175,-18.900000000000002,-4.0));
#3460=DIRECTION('',(1.0,0.0,0.0));
#3461=VECTOR('',#3460,10.490009074417635);
#3462=LINE('',#3459,#3461);
#3463=EDGE_CURVE('',#3451,#3432,#3462,.T.);
#3464=ORIENTED_EDGE('',*,*,#3463,.T.);
#3465=EDGE_LOOP('',(#3441,#3449,#3458,#3464));
#3466=FACE_BOUND('',#3465,.T.);
#3467=CARTESIAN_POINT('',(-27.200000000000006,-16.0,-4.0));
#3468=VERTEX_POINT('',#3467);
#3469=CARTESIAN_POINT('',(-24.000000000000004,-16.0,-4.0));
#3470=DIRECTION('',(0.0,0.0,1.0));
#3471=DIRECTION('',(-1.0,0.0,0.0));
#3472=AXIS2_PLACEMENT_3D('',#3469,#3470,#3471);
#3473=CIRCLE('',#3472,3.200000000000001);
#3474=EDGE_CURVE('',#3468,#3468,#3473,.T.);
#3475=ORIENTED_EDGE('',*,*,#3474,.T.);
#3476=EDGE_LOOP('',(#3475));
#3477=FACE_BOUND('',#3476,.T.);
#3478=CARTESIAN_POINT('',(-11.200000000000006,-16.0,-4.0));
#3479=VERTEX_POINT('',#3478);
#3480=CARTESIAN_POINT('',(-8.000000000000004,-16.0,-4.0));
#3481=DIRECTION('',(0.0,0.0,1.0));
#3482=DIRECTION('',(-1.0,0.0,0.0));
#3483=AXIS2_PLACEMENT_3D('',#3480,#3481,#3482);
#3484=CIRCLE('',#3483,3.200000000000001);
#3485=EDGE_CURVE('',#3479,#3479,#3484,.T.);
#3486=ORIENTED_EDGE('',*,*,#3485,.T.);
#3487=EDGE_LOOP('',(#3486));
#3488=FACE_BOUND('',#3487,.T.);
#3489=CARTESIAN_POINT('',(4.799999999999995,-16.0,-4.0));
#3490=VERTEX_POINT('',#3489);
#3491=CARTESIAN_POINT('',(7.999999999999998,-16.0,-4.0));
#3492=DIRECTION('',(0.0,0.0,1.0));
#3493=DIRECTION('',(-1.0,0.0,0.0));
#3494=AXIS2_PLACEMENT_3D('',#3491,#3492,#3493);
#3495=CIRCLE('',#3494,3.200000000000001);
#3496=EDGE_CURVE('',#3490,#3490,#3495,.T.);
#3497=ORIENTED_EDGE('',*,*,#3496,.T.);
#3498=EDGE_LOOP('',(#3497));
#3499=FACE_BOUND('',#3498,.T.);
#3500=CARTESIAN_POINT('',(27.200000000000006,-16.0,-4.000000000000001));
#3501=VERTEX_POINT('',#3500);
#3502=CARTESIAN_POINT('',(24.000000000000004,-16.0,-4.0));
#3503=DIRECTION('',(0.0,0.0,1.0));
#3504=DIRECTION('',(-1.0,0.0,0.0));
#3505=AXIS2_PLACEMENT_3D('',#3502,#3503,#3504);
#3506=CIRCLE('',#3505,3.200000000000001);
#3507=EDGE_CURVE('',#3501,#3501,#3506,.T.);
#3508=ORIENTED_EDGE('',*,*,#3507,.T.);
#3509=EDGE_LOOP('',(#3508));
#3510=FACE_BOUND('',#3509,.T.);
#3511=ADVANCED_FACE('',(#3358,#3394,#3430,#3466,#3477,#3488,#3499,#3510),#3242,.T.);
#3512=CARTESIAN_POINT('',(-2.000000000000006,-12.100000000000001,-3.9));
#3513=DIRECTION('',(-1.0,9.251859E-017,0.0));
#3514=DIRECTION('',(0.0,0.707106781186555,-0.70710678118654));
#3515=AXIS2_PLACEMENT_3D('',#3512,#3513,#3514);
#3516=CYLINDRICAL_SURFACE('',#3515,0.1);
#3517=CARTESIAN_POINT('',(-12.800000000000002,-11.999999999999996,-3.9));
#3518=VERTEX_POINT('',#3517);
#3519=CARTESIAN_POINT('',(-12.800000000000002,-12.100000000000001,-3.9));
#3520=DIRECTION('',(1.0,0.0,0.0));
#3521=DIRECTION('',(0.0,0.707106781186555,-0.70710678118654));
#3522=AXIS2_PLACEMENT_3D('',#3519,#3520,#3521);
#3523=CIRCLE('',#3522,0.1);
#3524=EDGE_CURVE('',#3327,#3518,#3523,.T.);
#3525=ORIENTED_EDGE('',*,*,#3524,.T.);
#3526=CARTESIAN_POINT('',(-3.200000000000002,-12.0,-3.9));
#3527=VERTEX_POINT('',#3526);
#3528=CARTESIAN_POINT('',(-12.800000000000002,-11.999999999999998,-3.9));
#3529=DIRECTION('',(1.0,0.0,0.0));
#3530=VECTOR('',#3529,9.600000000000001);
#3531=LINE('',#3528,#3530);
#3532=EDGE_CURVE('',#3518,#3527,#3531,.T.);
#3533=ORIENTED_EDGE('',*,*,#3532,.T.);
#3534=CARTESIAN_POINT('',(-3.200000000000002,-12.100000000000001,-3.9));
#3535=DIRECTION('',(-1.0,0.0,0.0));
#3536=DIRECTION('',(0.0,0.707106781186555,-0.70710678118654));
#3537=AXIS2_PLACEMENT_3D('',#3534,#3535,#3536);
#3538=CIRCLE('',#3537,0.1);
#3539=EDGE_CURVE('',#3527,#3335,#3538,.T.);
#3540=ORIENTED_EDGE('',*,*,#3539,.T.);
#3541=ORIENTED_EDGE('',*,*,#3340,.T.);
#3542=EDGE_LOOP('',(#3525,#3533,#3540,#3541));
#3543=FACE_OUTER_BOUND('',#3542,.T.);
#3544=ADVANCED_FACE('',(#3543),#3516,.T.);
#3545=CARTESIAN_POINT('',(-3.200000000000001,0.0,-4.0));
#3546=DIRECTION('',(-1.0,0.0,0.0));
#3547=DIRECTION('',(0.0,0.0,1.0));
#3548=AXIS2_PLACEMENT_3D('',#3545,#3546,#3547);
#3549=PLANE('',#3548);
#3550=ORIENTED_EDGE('',*,*,#3539,.F.);
#3551=CARTESIAN_POINT('',(-3.200000000000001,-12.0,0.0));
#3552=VERTEX_POINT('',#3551);
#3553=CARTESIAN_POINT('',(-3.200000000000002,-12.0,0.0));
#3554=DIRECTION('',(0.0,0.0,-1.0));
#3555=VECTOR('',#3554,3.9);
#3556=LINE('',#3553,#3555);
#3557=EDGE_CURVE('',#3552,#3527,#3556,.T.);
#3558=ORIENTED_EDGE('',*,*,#3557,.F.);
#3559=CARTESIAN_POINT('',(-3.200000000000001,-12.800000000000001,0.0));
#3560=VERTEX_POINT('',#3559);
#3561=CARTESIAN_POINT('',(-3.200000000000001,-12.800000000000001,0.0));
#3562=DIRECTION('',(0.0,1.0,0.0));
#3563=VECTOR('',#3562,0.800000000000001);
#3564=LINE('',#3561,#3563);
#3565=EDGE_CURVE('',#3560,#3552,#3564,.T.);
#3566=ORIENTED_EDGE('',*,*,#3565,.F.);
#3567=CARTESIAN_POINT('',(-3.200000000000001,-12.800000000000002,-4.0));
#3568=DIRECTION('',(0.0,0.0,1.0));
#3569=VECTOR('',#3568,4.0);
#3570=LINE('',#3567,#3569);
#3571=EDGE_CURVE('',#3343,#3560,#3570,.T.);
#3572=ORIENTED_EDGE('',*,*,#3571,.F.);
#3573=ORIENTED_EDGE('',*,*,#3348,.F.);
#3574=EDGE_LOOP('',(#3550,#3558,#3566,#3572,#3573));
#3575=FACE_OUTER_BOUND('',#3574,.T.);
#3576=ADVANCED_FACE('',(#3575),#3549,.F.);
#3577=CARTESIAN_POINT('',(19.999999999999993,-12.000000000000002,0.0));
#3578=DIRECTION('',(0.0,1.0,0.0));
#3579=DIRECTION('',(0.0,0.0,1.0));
#3580=AXIS2_PLACEMENT_3D('',#3577,#3578,#3579);
#3581=PLANE('',#3580);
#3582=ORIENTED_EDGE('',*,*,#3179,.F.);
#3583=ORIENTED_EDGE('',*,*,#3233,.T.);
#3584=CARTESIAN_POINT('',(3.700743E-017,-12.0,0.0));
#3585=DIRECTION('',(0.0,-1.0,0.0));
#3586=DIRECTION('',(-1.0,0.0,0.0));
#3587=AXIS2_PLACEMENT_3D('',#3584,#3585,#3586);
#3588=CIRCLE('',#3587,3.200000000000001);
#3589=EDGE_CURVE('',#3222,#3552,#3588,.T.);
#3590=ORIENTED_EDGE('',*,*,#3589,.T.);
#3591=ORIENTED_EDGE('',*,*,#3557,.T.);
#3592=ORIENTED_EDGE('',*,*,#3532,.F.);
#3593=CARTESIAN_POINT('',(-12.800000000000001,-11.999999999999996,0.0));
#3594=VERTEX_POINT('',#3593);
#3595=CARTESIAN_POINT('',(-12.800000000000002,-11.999999999999996,-3.9));
#3596=DIRECTION('',(0.0,0.0,1.0));
#3597=VECTOR('',#3596,3.9);
#3598=LINE('',#3595,#3597);
#3599=EDGE_CURVE('',#3518,#3594,#3598,.T.);
#3600=ORIENTED_EDGE('',*,*,#3599,.T.);
#3601=CARTESIAN_POINT('',(-19.200000000000003,-12.0,0.0));
#3602=VERTEX_POINT('',#3601);
#3603=CARTESIAN_POINT('',(-16.0,-11.999999999999996,0.0));
#3604=DIRECTION('',(0.0,-1.0,0.0));
#3605=DIRECTION('',(-1.0,0.0,0.0));
#3606=AXIS2_PLACEMENT_3D('',#3603,#3604,#3605);
#3607=CIRCLE('',#3606,3.200000000000001);
#3608=EDGE_CURVE('',#3594,#3602,#3607,.T.);
#3609=ORIENTED_EDGE('',*,*,#3608,.T.);
#3610=CARTESIAN_POINT('',(-19.199999999999999,-11.999999999999996,-3.9));
#3611=VERTEX_POINT('',#3610);
#3612=CARTESIAN_POINT('',(-19.199999999999999,-11.999999999999996,0.0));
#3613=DIRECTION('',(0.0,0.0,-1.0));
#3614=VECTOR('',#3613,3.9);
#3615=LINE('',#3612,#3614);
#3616=EDGE_CURVE('',#3602,#3611,#3615,.T.);
#3617=ORIENTED_EDGE('',*,*,#3616,.T.);
#3618=CARTESIAN_POINT('',(-24.000000000000004,-11.999999999999996,-3.9));
#3619=VERTEX_POINT('',#3618);
#3620=CARTESIAN_POINT('',(-24.000000000000004,-11.999999999999998,-3.9));
#3621=DIRECTION('',(1.0,0.0,0.0));
#3622=VECTOR('',#3621,4.800000000000004);
#3623=LINE('',#3620,#3622);
#3624=EDGE_CURVE('',#3619,#3611,#3623,.T.);
#3625=ORIENTED_EDGE('',*,*,#3624,.F.);
#3626=CARTESIAN_POINT('',(-24.000000000000004,-11.999999999999996,-3.9));
#3627=DIRECTION('',(0.0,0.0,1.0));
#3628=VECTOR('',#3627,0.100000000000001);
#3629=LINE('',#3626,#3628);
#3630=EDGE_CURVE('',#3619,#1420,#3629,.T.);
#3631=ORIENTED_EDGE('',*,*,#3630,.T.);
#3632=ORIENTED_EDGE('',*,*,#1425,.T.);
#3633=ORIENTED_EDGE('',*,*,#2571,.F.);
#3634=ORIENTED_EDGE('',*,*,#2652,.T.);
#3635=ORIENTED_EDGE('',*,*,#2533,.F.);
#3636=ORIENTED_EDGE('',*,*,#1609,.T.);
#3637=CARTESIAN_POINT('',(-21.100000000000009,-12.0,0.800000000000001));
#3638=VERTEX_POINT('',#3637);
#3639=CARTESIAN_POINT('',(-21.100000000000009,-12.0,0.800000000000001));
#3640=DIRECTION('',(0.0,0.0,1.0));
#3641=VECTOR('',#3640,2.999999999999999);
#3642=LINE('',#3639,#3641);
#3643=EDGE_CURVE('',#3638,#1596,#3642,.T.);
#3644=ORIENTED_EDGE('',*,*,#3643,.F.);
#3645=CARTESIAN_POINT('',(-26.900000000000009,-12.0,0.800000000000001));
#3646=VERTEX_POINT('',#3645);
#3647=CARTESIAN_POINT('',(-26.900000000000009,-12.0,0.800000000000001));
#3648=DIRECTION('',(1.0,0.0,0.0));
#3649=VECTOR('',#3648,5.800000000000001);
#3650=LINE('',#3647,#3649);
#3651=EDGE_CURVE('',#3646,#3638,#3650,.T.);
#3652=ORIENTED_EDGE('',*,*,#3651,.F.);
#3653=CARTESIAN_POINT('',(-26.900000000000009,-12.0,3.8));
#3654=DIRECTION('',(0.0,0.0,-1.0));
#3655=VECTOR('',#3654,2.999999999999999);
#3656=LINE('',#3653,#3655);
#3657=EDGE_CURVE('',#1572,#3646,#3656,.T.);
#3658=ORIENTED_EDGE('',*,*,#3657,.F.);
#3659=ORIENTED_EDGE('',*,*,#1577,.F.);
#3660=CARTESIAN_POINT('',(-24.000000000000004,-11.999999999999996,3.9));
#3661=VERTEX_POINT('',#3660);
#3662=CARTESIAN_POINT('',(-24.000000000000004,-11.999999999999996,3.8));
#3663=DIRECTION('',(0.0,0.0,1.0));
#3664=VECTOR('',#3663,0.100000000000001);
#3665=LINE('',#3662,#3664);
#3666=EDGE_CURVE('',#1563,#3661,#3665,.T.);
#3667=ORIENTED_EDGE('',*,*,#3666,.T.);
#3668=CARTESIAN_POINT('',(24.0,-12.000000000000002,3.9));
#3669=VERTEX_POINT('',#3668);
#3670=CARTESIAN_POINT('',(24.0,-12.000000000000002,3.9));
#3671=DIRECTION('',(-1.0,0.0,0.0));
#3672=VECTOR('',#3671,48.0);
#3673=LINE('',#3670,#3672);
#3674=EDGE_CURVE('',#3669,#3661,#3673,.T.);
#3675=ORIENTED_EDGE('',*,*,#3674,.F.);
#3676=CARTESIAN_POINT('',(24.0,-12.000000000000002,3.8));
#3677=DIRECTION('',(0.0,0.0,1.0));
#3678=VECTOR('',#3677,0.100000000000001);
#3679=LINE('',#3676,#3678);
#3680=EDGE_CURVE('',#651,#3669,#3679,.T.);
#3681=ORIENTED_EDGE('',*,*,#3680,.F.);
#3682=ORIENTED_EDGE('',*,*,#656,.F.);
#3683=CARTESIAN_POINT('',(26.900000000000009,-12.0,0.800000000000001));
#3684=VERTEX_POINT('',#3683);
#3685=CARTESIAN_POINT('',(26.900000000000009,-12.0,3.8));
#3686=DIRECTION('',(0.0,0.0,-1.0));
#3687=VECTOR('',#3686,2.999999999999999);
#3688=LINE('',#3685,#3687);
#3689=EDGE_CURVE('',#643,#3684,#3688,.T.);
#3690=ORIENTED_EDGE('',*,*,#3689,.T.);
#3691=CARTESIAN_POINT('',(21.100000000000009,-12.0,0.800000000000001));
#3692=VERTEX_POINT('',#3691);
#3693=CARTESIAN_POINT('',(26.900000000000009,-12.0,0.800000000000001));
#3694=DIRECTION('',(-1.0,0.0,0.0));
#3695=VECTOR('',#3694,5.800000000000001);
#3696=LINE('',#3693,#3695);
#3697=EDGE_CURVE('',#3684,#3692,#3696,.T.);
#3698=ORIENTED_EDGE('',*,*,#3697,.T.);
#3699=CARTESIAN_POINT('',(21.100000000000009,-12.0,0.800000000000001));
#3700=DIRECTION('',(0.0,0.0,1.0));
#3701=VECTOR('',#3700,2.999999999999999);
#3702=LINE('',#3699,#3701);
#3703=EDGE_CURVE('',#3692,#619,#3702,.T.);
#3704=ORIENTED_EDGE('',*,*,#3703,.T.);
#3705=ORIENTED_EDGE('',*,*,#624,.T.);
#3706=ORIENTED_EDGE('',*,*,#2431,.F.);
#3707=ORIENTED_EDGE('',*,*,#2263,.F.);
#3708=ORIENTED_EDGE('',*,*,#2349,.F.);
#3709=ORIENTED_EDGE('',*,*,#312,.T.);
#3710=CARTESIAN_POINT('',(24.0,-12.000000000000002,-3.9));
#3711=VERTEX_POINT('',#3710);
#3712=CARTESIAN_POINT('',(24.0,-12.000000000000002,-3.9));
#3713=DIRECTION('',(0.0,0.0,1.0));
#3714=VECTOR('',#3713,0.100000000000001);
#3715=LINE('',#3712,#3714);
#3716=EDGE_CURVE('',#3711,#298,#3715,.T.);
#3717=ORIENTED_EDGE('',*,*,#3716,.F.);
#3718=CARTESIAN_POINT('',(19.199999999999996,-12.000000000000002,-3.9));
#3719=VERTEX_POINT('',#3718);
#3720=CARTESIAN_POINT('',(19.199999999999996,-12.000000000000002,-3.9));
#3721=DIRECTION('',(1.0,0.0,0.0));
#3722=VECTOR('',#3721,4.800000000000004);
#3723=LINE('',#3720,#3722);
#3724=EDGE_CURVE('',#3719,#3711,#3723,.T.);
#3725=ORIENTED_EDGE('',*,*,#3724,.F.);
#3726=CARTESIAN_POINT('',(19.200000000000003,-12.000000000000002,-1.776357E-015));
#3727=VERTEX_POINT('',#3726);
#3728=CARTESIAN_POINT('',(19.199999999999996,-12.000000000000002,-3.9));
#3729=DIRECTION('',(0.0,0.0,1.0));
#3730=VECTOR('',#3729,3.899999999999999);
#3731=LINE('',#3728,#3730);
#3732=EDGE_CURVE('',#3719,#3727,#3731,.T.);
#3733=ORIENTED_EDGE('',*,*,#3732,.T.);
#3734=CARTESIAN_POINT('',(12.800000000000001,-12.0,0.0));
#3735=VERTEX_POINT('',#3734);
#3736=CARTESIAN_POINT('',(16.0,-12.000000000000002,0.0));
#3737=DIRECTION('',(0.0,-1.0,0.0));
#3738=DIRECTION('',(-1.0,0.0,0.0));
#3739=AXIS2_PLACEMENT_3D('',#3736,#3737,#3738);
#3740=CIRCLE('',#3739,3.200000000000001);
#3741=EDGE_CURVE('',#3727,#3735,#3740,.T.);
#3742=ORIENTED_EDGE('',*,*,#3741,.T.);
#3743=CARTESIAN_POINT('',(12.800000000000002,-12.000000000000002,0.0));
#3744=DIRECTION('',(0.0,0.0,-1.0));
#3745=VECTOR('',#3744,3.9);
#3746=LINE('',#3743,#3745);
#3747=EDGE_CURVE('',#3735,#3174,#3746,.T.);
#3748=ORIENTED_EDGE('',*,*,#3747,.T.);
#3749=EDGE_LOOP('',(#3582,#3583,#3590,#3591,#3592,#3600,#3609,#3617,#3625,#3631,#3632,#3633,#3634,#3635,#3636,#3644,#3652,#3658,#3659,#3667,#3675,#3681,#3682,#3690,#3698,#3704,#3705,#3706,#3707,#3708,#3709,#3717,#3725,#3733,#3742,#3748));
#3750=FACE_OUTER_BOUND('',#3749,.T.);
#3751=ADVANCED_FACE('',(#3750),#3581,.T.);
#3752=CARTESIAN_POINT('',(-2.000000000000006,-12.100000000000001,-3.9));
#3753=DIRECTION('',(-1.0,9.251859E-017,0.0));
#3754=DIRECTION('',(0.0,0.707106781186555,-0.70710678118654));
#3755=AXIS2_PLACEMENT_3D('',#3752,#3753,#3754);
#3756=CYLINDRICAL_SURFACE('',#3755,0.1);
#3757=CARTESIAN_POINT('',(-19.200000000000003,-12.1,-3.9));
#3758=DIRECTION('',(-1.0,0.0,0.0));
#3759=DIRECTION('',(0.0,0.707106781186555,-0.70710678118654));
#3760=AXIS2_PLACEMENT_3D('',#3757,#3758,#3759);
#3761=CIRCLE('',#3760,0.1);
#3762=EDGE_CURVE('',#3611,#3303,#3761,.T.);
#3763=ORIENTED_EDGE('',*,*,#3762,.T.);
#3764=ORIENTED_EDGE('',*,*,#3308,.T.);
#3765=CARTESIAN_POINT('',(-24.000000000000004,-12.1,-3.9));
#3766=DIRECTION('',(1.0,0.0,0.0));
#3767=DIRECTION('',(0.0,0.0,-1.0));
#3768=AXIS2_PLACEMENT_3D('',#3765,#3766,#3767);
#3769=CIRCLE('',#3768,0.1);
#3770=EDGE_CURVE('',#3294,#3619,#3769,.T.);
#3771=ORIENTED_EDGE('',*,*,#3770,.T.);
#3772=ORIENTED_EDGE('',*,*,#3624,.T.);
#3773=EDGE_LOOP('',(#3763,#3764,#3771,#3772));
#3774=FACE_OUTER_BOUND('',#3773,.T.);
#3775=ADVANCED_FACE('',(#3774),#3756,.T.);
#3776=CARTESIAN_POINT('',(-24.000000000000004,-16.0,-3.9));
#3777=DIRECTION('',(0.0,0.0,1.0));
#3778=DIRECTION('',(1.0,0.0,0.0));
#3779=AXIS2_PLACEMENT_3D('',#3776,#3777,#3778);
#3780=TOROIDAL_SURFACE('',#3779,3.9,0.1);
#3781=CARTESIAN_POINT('',(-24.000000000000004,-19.900000000000002,-3.9));
#3782=DIRECTION('',(-1.0,0.0,0.0));
#3783=DIRECTION('',(0.0,0.0,-1.0));
#3784=AXIS2_PLACEMENT_3D('',#3781,#3782,#3783);
#3785=CIRCLE('',#3784,0.1);
#3786=EDGE_CURVE('',#3286,#932,#3785,.T.);
#3787=ORIENTED_EDGE('',*,*,#3786,.T.);
#3788=CARTESIAN_POINT('',(-24.000000000000004,-16.0,-3.9));
#3789=DIRECTION('',(0.0,0.0,-1.0));
#3790=DIRECTION('',(-1.0,0.0,0.0));
#3791=AXIS2_PLACEMENT_3D('',#3788,#3789,#3790);
#3792=CIRCLE('',#3791,4.0);
#3793=EDGE_CURVE('',#932,#3619,#3792,.T.);
#3794=ORIENTED_EDGE('',*,*,#3793,.T.);
#3795=ORIENTED_EDGE('',*,*,#3770,.F.);
#3796=ORIENTED_EDGE('',*,*,#3300,.T.);
#3797=EDGE_LOOP('',(#3787,#3794,#3795,#3796));
#3798=FACE_OUTER_BOUND('',#3797,.T.);
#3799=ADVANCED_FACE('',(#3798),#3780,.T.);
#3800=CARTESIAN_POINT('',(-4.260481E-015,-19.900000000000002,-3.9));
#3801=DIRECTION('',(1.0,9.251859E-017,0.0));
#3802=DIRECTION('',(6.542052E-017,-0.70710678118654,-0.707106781186555));
#3803=AXIS2_PLACEMENT_3D('',#3800,#3801,#3802);
#3804=CYLINDRICAL_SURFACE('',#3803,0.1);
#3805=CARTESIAN_POINT('',(24.0,-19.899999999999999,-3.9));
#3806=DIRECTION('',(-1.0,0.0,0.0));
#3807=DIRECTION('',(0.0,0.0,-1.0));
#3808=AXIS2_PLACEMENT_3D('',#3805,#3806,#3807);
#3809=CIRCLE('',#3808,0.1);
#3810=EDGE_CURVE('',#3277,#872,#3809,.T.);
#3811=ORIENTED_EDGE('',*,*,#3810,.T.);
#3812=ORIENTED_EDGE('',*,*,#943,.T.);
#3813=ORIENTED_EDGE('',*,*,#3786,.F.);
#3814=ORIENTED_EDGE('',*,*,#3291,.T.);
#3815=EDGE_LOOP('',(#3811,#3812,#3813,#3814));
#3816=FACE_OUTER_BOUND('',#3815,.T.);
#3817=ADVANCED_FACE('',(#3816),#3804,.T.);
#3818=CARTESIAN_POINT('',(24.0,-16.0,-3.9));
#3819=DIRECTION('',(0.0,0.0,1.0));
#3820=DIRECTION('',(1.0,0.0,0.0));
#3821=AXIS2_PLACEMENT_3D('',#3818,#3819,#3820);
#3822=TOROIDAL_SURFACE('',#3821,3.900000000000004,0.1);
#3823=CARTESIAN_POINT('',(24.0,-12.099999999999998,-3.9));
#3824=DIRECTION('',(1.0,0.0,0.0));
#3825=DIRECTION('',(0.0,0.0,-1.0));
#3826=AXIS2_PLACEMENT_3D('',#3823,#3824,#3825);
#3827=CIRCLE('',#3826,0.1);
#3828=EDGE_CURVE('',#3269,#3711,#3827,.T.);
#3829=ORIENTED_EDGE('',*,*,#3828,.T.);
#3830=CARTESIAN_POINT('',(24.0,-16.0,-3.9));
#3831=DIRECTION('',(0.0,0.0,-1.0));
#3832=DIRECTION('',(1.0,0.0,0.0));
#3833=AXIS2_PLACEMENT_3D('',#3830,#3831,#3832);
#3834=CIRCLE('',#3833,4.000000000000004);
#3835=EDGE_CURVE('',#3711,#872,#3834,.T.);
#3836=ORIENTED_EDGE('',*,*,#3835,.T.);
#3837=ORIENTED_EDGE('',*,*,#3810,.F.);
#3838=ORIENTED_EDGE('',*,*,#3283,.T.);
#3839=EDGE_LOOP('',(#3829,#3836,#3837,#3838));
#3840=FACE_OUTER_BOUND('',#3839,.T.);
#3841=ADVANCED_FACE('',(#3840),#3822,.T.);
#3842=CARTESIAN_POINT('',(-2.000000000000006,-12.100000000000001,-3.9));
#3843=DIRECTION('',(-1.0,9.251859E-017,0.0));
#3844=DIRECTION('',(0.0,0.707106781186555,-0.70710678118654));
#3845=AXIS2_PLACEMENT_3D('',#3842,#3843,#3844);
#3846=CYLINDRICAL_SURFACE('',#3845,0.1);
#3847=CARTESIAN_POINT('',(19.199999999999999,-12.100000000000005,-3.9));
#3848=DIRECTION('',(1.0,0.0,0.0));
#3849=DIRECTION('',(0.0,0.707106781186555,-0.70710678118654));
#3850=AXIS2_PLACEMENT_3D('',#3847,#3848,#3849);
#3851=CIRCLE('',#3850,0.1);
#3852=EDGE_CURVE('',#3261,#3719,#3851,.T.);
#3853=ORIENTED_EDGE('',*,*,#3852,.T.);
#3854=ORIENTED_EDGE('',*,*,#3724,.T.);
#3855=ORIENTED_EDGE('',*,*,#3828,.F.);
#3856=ORIENTED_EDGE('',*,*,#3274,.T.);
#3857=EDGE_LOOP('',(#3853,#3854,#3855,#3856));
#3858=FACE_OUTER_BOUND('',#3857,.T.);
#3859=ADVANCED_FACE('',(#3858),#3846,.T.);
#3860=CARTESIAN_POINT('',(-19.200000000000003,0.0,-4.0));
#3861=DIRECTION('',(-1.0,0.0,0.0));
#3862=DIRECTION('',(0.0,0.0,1.0));
#3863=AXIS2_PLACEMENT_3D('',#3860,#3861,#3862);
#3864=PLANE('',#3863);
#3865=ORIENTED_EDGE('',*,*,#3762,.F.);
#3866=ORIENTED_EDGE('',*,*,#3616,.F.);
#3867=CARTESIAN_POINT('',(-19.200000000000003,-12.800000000000001,0.0));
#3868=VERTEX_POINT('',#3867);
#3869=CARTESIAN_POINT('',(-19.200000000000003,-12.0,0.0));
#3870=DIRECTION('',(0.0,-1.0,0.0));
#3871=VECTOR('',#3870,0.800000000000001);
#3872=LINE('',#3869,#3871);
#3873=EDGE_CURVE('',#3602,#3868,#3872,.T.);
#3874=ORIENTED_EDGE('',*,*,#3873,.T.);
#3875=CARTESIAN_POINT('',(-19.200000000000003,-12.800000000000001,-4.0));
#3876=DIRECTION('',(0.0,0.0,1.0));
#3877=VECTOR('',#3876,4.0);
#3878=LINE('',#3875,#3877);
#3879=EDGE_CURVE('',#3311,#3868,#3878,.T.);
#3880=ORIENTED_EDGE('',*,*,#3879,.F.);
#3881=ORIENTED_EDGE('',*,*,#3316,.F.);
#3882=EDGE_LOOP('',(#3865,#3866,#3874,#3880,#3881));
#3883=FACE_OUTER_BOUND('',#3882,.T.);
#3884=ADVANCED_FACE('',(#3883),#3864,.F.);
#3885=CARTESIAN_POINT('',(1.999999999999995,12.099999999999994,-3.9));
#3886=DIRECTION('',(1.0,0.0,0.0));
#3887=DIRECTION('',(0.0,-0.70710678118654,-0.707106781186555));
#3888=AXIS2_PLACEMENT_3D('',#3885,#3886,#3887);
#3889=CYLINDRICAL_SURFACE('',#3888,0.1);
#3890=CARTESIAN_POINT('',(19.199999999999999,12.099999999999994,-4.0));
#3891=VERTEX_POINT('',#3890);
#3892=CARTESIAN_POINT('',(19.200000000000003,12.099999999999994,-3.9));
#3893=DIRECTION('',(1.0,0.0,0.0));
#3894=DIRECTION('',(0.0,-0.70710678118654,-0.707106781186555));
#3895=AXIS2_PLACEMENT_3D('',#3892,#3893,#3894);
#3896=CIRCLE('',#3895,0.1);
#3897=EDGE_CURVE('',#2958,#3891,#3896,.T.);
#3898=ORIENTED_EDGE('',*,*,#3897,.T.);
#3899=CARTESIAN_POINT('',(23.999999999999993,12.099999999999994,-4.0));
#3900=VERTEX_POINT('',#3899);
#3901=CARTESIAN_POINT('',(19.199999999999999,12.099999999999994,-4.0));
#3902=DIRECTION('',(1.0,0.0,0.0));
#3903=VECTOR('',#3902,4.799999999999997);
#3904=LINE('',#3901,#3903);
#3905=EDGE_CURVE('',#3891,#3900,#3904,.T.);
#3906=ORIENTED_EDGE('',*,*,#3905,.T.);
#3907=CARTESIAN_POINT('',(23.999999999999993,12.099999999999994,-3.9));
#3908=DIRECTION('',(-1.0,0.0,0.0));
#3909=DIRECTION('',(0.0,0.0,-1.0));
#3910=AXIS2_PLACEMENT_3D('',#3907,#3908,#3909);
#3911=CIRCLE('',#3910,0.1);
#3912=EDGE_CURVE('',#3900,#2966,#3911,.T.);
#3913=ORIENTED_EDGE('',*,*,#3912,.T.);
#3914=ORIENTED_EDGE('',*,*,#2971,.T.);
#3915=EDGE_LOOP('',(#3898,#3906,#3913,#3914));
#3916=FACE_OUTER_BOUND('',#3915,.T.);
#3917=ADVANCED_FACE('',(#3916),#3889,.T.);
#3918=CARTESIAN_POINT('',(24.0,16.0,-3.9));
#3919=DIRECTION('',(0.0,0.0,1.0));
#3920=DIRECTION('',(1.0,0.0,0.0));
#3921=AXIS2_PLACEMENT_3D('',#3918,#3919,#3920);
#3922=TOROIDAL_SURFACE('',#3921,3.899999999999999,0.1);
#3923=CARTESIAN_POINT('',(24.0,19.899999999999999,-4.0));
#3924=VERTEX_POINT('',#3923);
#3925=CARTESIAN_POINT('',(24.0,19.899999999999999,-3.9));
#3926=DIRECTION('',(1.0,0.0,0.0));
#3927=DIRECTION('',(0.0,0.0,-1.0));
#3928=AXIS2_PLACEMENT_3D('',#3925,#3926,#3927);
#3929=CIRCLE('',#3928,0.1);
#3930=EDGE_CURVE('',#3924,#1869,#3929,.T.);
#3931=ORIENTED_EDGE('',*,*,#3930,.T.);
#3932=CARTESIAN_POINT('',(24.0,16.0,-3.9));
#3933=DIRECTION('',(0.0,0.0,-1.0));
#3934=DIRECTION('',(1.0,0.0,0.0));
#3935=AXIS2_PLACEMENT_3D('',#3932,#3933,#3934);
#3936=CIRCLE('',#3935,3.999999999999999);
#3937=EDGE_CURVE('',#1869,#2966,#3936,.T.);
#3938=ORIENTED_EDGE('',*,*,#3937,.T.);
#3939=ORIENTED_EDGE('',*,*,#3912,.F.);
#3940=CARTESIAN_POINT('',(24.0,16.0,-4.0));
#3941=DIRECTION('',(0.0,0.0,1.0));
#3942=DIRECTION('',(1.0,0.0,0.0));
#3943=AXIS2_PLACEMENT_3D('',#3940,#3941,#3942);
#3944=CIRCLE('',#3943,3.899999999999999);
#3945=EDGE_CURVE('',#3900,#3924,#3944,.T.);
#3946=ORIENTED_EDGE('',*,*,#3945,.T.);
#3947=EDGE_LOOP('',(#3931,#3938,#3939,#3946));
#3948=FACE_OUTER_BOUND('',#3947,.T.);
#3949=ADVANCED_FACE('',(#3948),#3922,.T.);
#3950=CARTESIAN_POINT('',(-2.220446E-015,19.899999999999999,-3.9));
#3951=DIRECTION('',(-1.0,0.0,0.0));
#3952=DIRECTION('',(0.0,0.70710678118654,-0.707106781186555));
#3953=AXIS2_PLACEMENT_3D('',#3950,#3951,#3952);
#3954=CYLINDRICAL_SURFACE('',#3953,0.1);
#3955=CARTESIAN_POINT('',(-24.000000000000004,19.899999999999999,-4.0));
#3956=VERTEX_POINT('',#3955);
#3957=CARTESIAN_POINT('',(-24.000000000000004,19.899999999999999,-3.9));
#3958=DIRECTION('',(1.0,0.0,0.0));
#3959=DIRECTION('',(0.0,0.0,-1.0));
#3960=AXIS2_PLACEMENT_3D('',#3957,#3958,#3959);
#3961=CIRCLE('',#3960,0.1);
#3962=EDGE_CURVE('',#3956,#1877,#3961,.T.);
#3963=ORIENTED_EDGE('',*,*,#3962,.T.);
#3964=ORIENTED_EDGE('',*,*,#1882,.T.);
#3965=ORIENTED_EDGE('',*,*,#3930,.F.);
#3966=CARTESIAN_POINT('',(24.0,19.899999999999999,-4.0));
#3967=DIRECTION('',(-1.0,0.0,0.0));
#3968=VECTOR('',#3967,48.000000000000007);
#3969=LINE('',#3966,#3968);
#3970=EDGE_CURVE('',#3924,#3956,#3969,.T.);
#3971=ORIENTED_EDGE('',*,*,#3970,.T.);
#3972=EDGE_LOOP('',(#3963,#3964,#3965,#3971));
#3973=FACE_OUTER_BOUND('',#3972,.T.);
#3974=ADVANCED_FACE('',(#3973),#3954,.T.);
#3975=CARTESIAN_POINT('',(-24.000000000000004,16.0,-3.9));
#3976=DIRECTION('',(0.0,0.0,1.0));
#3977=DIRECTION('',(1.0,0.0,0.0));
#3978=AXIS2_PLACEMENT_3D('',#3975,#3976,#3977);
#3979=TOROIDAL_SURFACE('',#3978,3.9,0.1);
#3980=CARTESIAN_POINT('',(-24.000000000000004,12.1,-4.0));
#3981=VERTEX_POINT('',#3980);
#3982=CARTESIAN_POINT('',(-24.000000000000004,12.1,-3.9));
#3983=DIRECTION('',(-1.0,0.0,0.0));
#3984=DIRECTION('',(0.0,0.0,-1.0));
#3985=AXIS2_PLACEMENT_3D('',#3982,#3983,#3984);
#3986=CIRCLE('',#3985,0.1);
#3987=EDGE_CURVE('',#3981,#3058,#3986,.T.);
#3988=ORIENTED_EDGE('',*,*,#3987,.T.);
#3989=CARTESIAN_POINT('',(-24.000000000000004,16.0,-3.9));
#3990=DIRECTION('',(0.0,0.0,-1.0));
#3991=DIRECTION('',(-1.0,0.0,0.0));
#3992=AXIS2_PLACEMENT_3D('',#3989,#3990,#3991);
#3993=CIRCLE('',#3992,4.0);
#3994=EDGE_CURVE('',#3058,#1877,#3993,.T.);
#3995=ORIENTED_EDGE('',*,*,#3994,.T.);
#3996=ORIENTED_EDGE('',*,*,#3962,.F.);
#3997=CARTESIAN_POINT('',(-24.000000000000004,16.0,-4.0));
#3998=DIRECTION('',(0.0,0.0,1.0));
#3999=DIRECTION('',(-1.0,0.0,0.0));
#4000=AXIS2_PLACEMENT_3D('',#3997,#3998,#3999);
#4001=CIRCLE('',#4000,3.9);
#4002=EDGE_CURVE('',#3956,#3981,#4001,.T.);
#4003=ORIENTED_EDGE('',*,*,#4002,.T.);
#4004=EDGE_LOOP('',(#3988,#3995,#3996,#4003));
#4005=FACE_OUTER_BOUND('',#4004,.T.);
#4006=ADVANCED_FACE('',(#4005),#3979,.T.);
#4007=CARTESIAN_POINT('',(1.999999999999995,12.099999999999994,-3.9));
#4008=DIRECTION('',(1.0,0.0,0.0));
#4009=DIRECTION('',(0.0,-0.70710678118654,-0.707106781186555));
#4010=AXIS2_PLACEMENT_3D('',#4007,#4008,#4009);
#4011=CYLINDRICAL_SURFACE('',#4010,0.1);
#4012=CARTESIAN_POINT('',(-19.200000000000003,12.099999999999994,-4.0));
#4013=VERTEX_POINT('',#4012);
#4014=CARTESIAN_POINT('',(-19.200000000000003,12.099999999999994,-3.9));
#4015=DIRECTION('',(-1.0,0.0,0.0));
#4016=DIRECTION('',(0.0,-0.70710678118654,-0.707106781186555));
#4017=AXIS2_PLACEMENT_3D('',#4014,#4015,#4016);
#4018=CIRCLE('',#4017,0.1);
#4019=EDGE_CURVE('',#4013,#3066,#4018,.T.);
#4020=ORIENTED_EDGE('',*,*,#4019,.T.);
#4021=ORIENTED_EDGE('',*,*,#3071,.T.);
#4022=ORIENTED_EDGE('',*,*,#3987,.F.);
#4023=CARTESIAN_POINT('',(-24.0,12.099999999999994,-4.0));
#4024=DIRECTION('',(1.0,0.0,0.0));
#4025=VECTOR('',#4024,4.799999999999994);
#4026=LINE('',#4023,#4025);
#4027=EDGE_CURVE('',#3981,#4013,#4026,.T.);
#4028=ORIENTED_EDGE('',*,*,#4027,.T.);
#4029=EDGE_LOOP('',(#4020,#4021,#4022,#4028));
#4030=FACE_OUTER_BOUND('',#4029,.T.);
#4031=ADVANCED_FACE('',(#4030),#4011,.T.);
#4032=CARTESIAN_POINT('',(24.0,16.0,0.0));
#4033=DIRECTION('',(0.0,0.0,1.0));
#4034=DIRECTION('',(-1.0,0.0,0.0));
#4035=AXIS2_PLACEMENT_3D('',#4032,#4033,#4034);
#4036=CYLINDRICAL_SURFACE('',#4035,3.999999999999999);
#4037=ORIENTED_EDGE('',*,*,#3937,.F.);
#4038=ORIENTED_EDGE('',*,*,#1874,.T.);
#4039=ORIENTED_EDGE('',*,*,#162,.F.);
#4040=ORIENTED_EDGE('',*,*,#478,.T.);
#4041=ORIENTED_EDGE('',*,*,#433,.T.);
#4042=ORIENTED_EDGE('',*,*,#2977,.F.);
#4043=EDGE_LOOP('',(#4037,#4038,#4039,#4040,#4041,#4042));
#4044=FACE_OUTER_BOUND('',#4043,.T.);
#4045=ADVANCED_FACE('',(#4044),#4036,.T.);
#4046=CARTESIAN_POINT('',(-24.000000000000004,16.0,0.0));
#4047=DIRECTION('',(0.0,0.0,1.0));
#4048=DIRECTION('',(-1.0,0.0,0.0));
#4049=AXIS2_PLACEMENT_3D('',#4046,#4047,#4048);
#4050=CYLINDRICAL_SURFACE('',#4049,4.0);
#4051=ORIENTED_EDGE('',*,*,#3994,.F.);
#4052=ORIENTED_EDGE('',*,*,#3063,.T.);
#4053=ORIENTED_EDGE('',*,*,#1305,.T.);
#4054=ORIENTED_EDGE('',*,*,#1258,.T.);
#4055=ORIENTED_EDGE('',*,*,#1850,.F.);
#4056=ORIENTED_EDGE('',*,*,#1888,.F.);
#4057=EDGE_LOOP('',(#4051,#4052,#4053,#4054,#4055,#4056));
#4058=FACE_OUTER_BOUND('',#4057,.T.);
#4059=ADVANCED_FACE('',(#4058),#4050,.T.);
#4060=CARTESIAN_POINT('',(-19.200000000000003,0.0,-4.0));
#4061=DIRECTION('',(-1.0,0.0,0.0));
#4062=DIRECTION('',(0.0,0.0,1.0));
#4063=AXIS2_PLACEMENT_3D('',#4060,#4061,#4062);
#4064=PLANE('',#4063);
#4065=ORIENTED_EDGE('',*,*,#4019,.F.);
#4066=CARTESIAN_POINT('',(-19.200000000000003,12.799999999999997,-4.0));
#4067=VERTEX_POINT('',#4066);
#4068=CARTESIAN_POINT('',(-19.200000000000003,12.799999999999997,-4.0));
#4069=DIRECTION('',(0.0,-1.0,0.0));
#4070=VECTOR('',#4069,0.700000000000003);
#4071=LINE('',#4068,#4070);
#4072=EDGE_CURVE('',#4067,#4013,#4071,.T.);
#4073=ORIENTED_EDGE('',*,*,#4072,.F.);
#4074=CARTESIAN_POINT('',(-19.200000000000003,12.799999999999997,0.0));
#4075=VERTEX_POINT('',#4074);
#4076=CARTESIAN_POINT('',(-19.200000000000003,12.799999999999997,0.0));
#4077=DIRECTION('',(0.0,0.0,-1.0));
#4078=VECTOR('',#4077,4.0);
#4079=LINE('',#4076,#4078);
#4080=EDGE_CURVE('',#4075,#4067,#4079,.T.);
#4081=ORIENTED_EDGE('',*,*,#4080,.F.);
#4082=CARTESIAN_POINT('',(-19.200000000000003,11.999999999999998,0.0));
#4083=DIRECTION('',(0.0,1.0,0.0));
#4084=VECTOR('',#4083,0.800000000000001);
#4085=LINE('',#4082,#4084);
#4086=EDGE_CURVE('',#3074,#4075,#4085,.T.);
#4087=ORIENTED_EDGE('',*,*,#4086,.F.);
#4088=ORIENTED_EDGE('',*,*,#3079,.F.);
#4089=EDGE_LOOP('',(#4065,#4073,#4081,#4087,#4088));
#4090=FACE_OUTER_BOUND('',#4089,.T.);
#4091=ADVANCED_FACE('',(#4090),#4064,.F.);
#4092=CARTESIAN_POINT('',(24.0,16.0,3.9));
#4093=DIRECTION('',(0.0,0.0,-1.0));
#4094=DIRECTION('',(-1.0,0.0,0.0));
#4095=AXIS2_PLACEMENT_3D('',#4092,#4093,#4094);
#4096=TOROIDAL_SURFACE('',#4095,3.899999999999999,0.1);
#4097=CARTESIAN_POINT('',(24.0,19.899999999999999,4.0));
#4098=VERTEX_POINT('',#4097);
#4099=CARTESIAN_POINT('',(24.0,19.899999999999999,3.9));
#4100=DIRECTION('',(1.0,0.0,0.0));
#4101=DIRECTION('',(0.0,1.0,0.0));
#4102=AXIS2_PLACEMENT_3D('',#4099,#4100,#4101);
#4103=CIRCLE('',#4102,0.099999999999998);
#4104=EDGE_CURVE('',#1902,#4098,#4103,.T.);
#4105=ORIENTED_EDGE('',*,*,#4104,.T.);
#4106=CARTESIAN_POINT('',(24.0,12.100000000000001,4.0));
#4107=VERTEX_POINT('',#4106);
#4108=CARTESIAN_POINT('',(24.0,16.0,4.0));
#4109=DIRECTION('',(0.0,0.0,-1.0));
#4110=DIRECTION('',(1.0,0.0,0.0));
#4111=AXIS2_PLACEMENT_3D('',#4108,#4109,#4110);
#4112=CIRCLE('',#4111,3.899999999999999);
#4113=EDGE_CURVE('',#4098,#4107,#4112,.T.);
#4114=ORIENTED_EDGE('',*,*,#4113,.T.);
#4115=CARTESIAN_POINT('',(24.0,12.100000000000001,3.9));
#4116=DIRECTION('',(1.0,0.0,0.0));
#4117=DIRECTION('',(0.0,0.0,1.0));
#4118=AXIS2_PLACEMENT_3D('',#4115,#4116,#4117);
#4119=CIRCLE('',#4118,0.1);
#4120=EDGE_CURVE('',#4107,#3008,#4119,.T.);
#4121=ORIENTED_EDGE('',*,*,#4120,.T.);
#4122=CARTESIAN_POINT('',(24.0,16.0,3.9));
#4123=DIRECTION('',(0.0,0.0,1.0));
#4124=DIRECTION('',(1.0,0.0,0.0));
#4125=AXIS2_PLACEMENT_3D('',#4122,#4123,#4124);
#4126=CIRCLE('',#4125,3.999999999999999);
#4127=EDGE_CURVE('',#3008,#1902,#4126,.T.);
#4128=ORIENTED_EDGE('',*,*,#4127,.T.);
#4129=EDGE_LOOP('',(#4105,#4114,#4121,#4128));
#4130=FACE_OUTER_BOUND('',#4129,.T.);
#4131=ADVANCED_FACE('',(#4130),#4096,.T.);
#4132=CARTESIAN_POINT('',(1.999999999999995,12.099999999999994,3.9));
#4133=DIRECTION('',(-1.0,0.0,0.0));
#4134=DIRECTION('',(0.0,-0.70710678118654,0.707106781186555));
#4135=AXIS2_PLACEMENT_3D('',#4132,#4133,#4134);
#4136=CYLINDRICAL_SURFACE('',#4135,0.1);
#4137=CARTESIAN_POINT('',(-24.000000000000004,12.099999999999994,4.0));
#4138=VERTEX_POINT('',#4137);
#4139=CARTESIAN_POINT('',(-24.000000000000004,12.099999999999994,3.9));
#4140=DIRECTION('',(1.0,0.0,0.0));
#4141=DIRECTION('',(0.0,0.0,1.0));
#4142=AXIS2_PLACEMENT_3D('',#4139,#4140,#4141);
#4143=CIRCLE('',#4142,0.1);
#4144=EDGE_CURVE('',#4138,#3016,#4143,.T.);
#4145=ORIENTED_EDGE('',*,*,#4144,.T.);
#4146=ORIENTED_EDGE('',*,*,#3021,.T.);
#4147=ORIENTED_EDGE('',*,*,#4120,.F.);
#4148=CARTESIAN_POINT('',(23.999999999999996,12.099999999999994,4.0));
#4149=DIRECTION('',(-1.0,0.0,0.0));
#4150=VECTOR('',#4149,48.0);
#4151=LINE('',#4148,#4150);
#4152=EDGE_CURVE('',#4107,#4138,#4151,.T.);
#4153=ORIENTED_EDGE('',*,*,#4152,.T.);
#4154=EDGE_LOOP('',(#4145,#4146,#4147,#4153));
#4155=FACE_OUTER_BOUND('',#4154,.T.);
#4156=ADVANCED_FACE('',(#4155),#4136,.T.);
#4157=CARTESIAN_POINT('',(-24.000000000000004,16.0,3.9));
#4158=DIRECTION('',(0.0,0.0,-1.0));
#4159=DIRECTION('',(-1.0,0.0,0.0));
#4160=AXIS2_PLACEMENT_3D('',#4157,#4158,#4159);
#4161=TOROIDAL_SURFACE('',#4160,3.9,0.1);
#4162=CARTESIAN_POINT('',(-24.000000000000004,19.900000000000002,4.0));
#4163=VERTEX_POINT('',#4162);
#4164=CARTESIAN_POINT('',(-24.000000000000004,19.900000000000002,3.9));
#4165=DIRECTION('',(-1.0,0.0,0.0));
#4166=DIRECTION('',(0.0,0.0,1.0));
#4167=AXIS2_PLACEMENT_3D('',#4164,#4165,#4166);
#4168=CIRCLE('',#4167,0.1);
#4169=EDGE_CURVE('',#4163,#1894,#4168,.T.);
#4170=ORIENTED_EDGE('',*,*,#4169,.T.);
#4171=CARTESIAN_POINT('',(-24.000000000000004,16.0,3.9));
#4172=DIRECTION('',(0.0,0.0,1.0));
#4173=DIRECTION('',(-1.0,0.0,0.0));
#4174=AXIS2_PLACEMENT_3D('',#4171,#4172,#4173);
#4175=CIRCLE('',#4174,4.0);
#4176=EDGE_CURVE('',#1894,#3016,#4175,.T.);
#4177=ORIENTED_EDGE('',*,*,#4176,.T.);
#4178=ORIENTED_EDGE('',*,*,#4144,.F.);
#4179=CARTESIAN_POINT('',(-24.000000000000004,16.0,4.0));
#4180=DIRECTION('',(0.0,0.0,-1.0));
#4181=DIRECTION('',(-1.0,0.0,0.0));
#4182=AXIS2_PLACEMENT_3D('',#4179,#4180,#4181);
#4183=CIRCLE('',#4182,3.9);
#4184=EDGE_CURVE('',#4138,#4163,#4183,.T.);
#4185=ORIENTED_EDGE('',*,*,#4184,.T.);
#4186=EDGE_LOOP('',(#4170,#4177,#4178,#4185));
#4187=FACE_OUTER_BOUND('',#4186,.T.);
#4188=ADVANCED_FACE('',(#4187),#4161,.T.);
#4189=CARTESIAN_POINT('',(-2.220446E-015,19.899999999999999,3.9));
#4190=DIRECTION('',(1.0,0.0,0.0));
#4191=DIRECTION('',(0.0,0.70710678118654,0.707106781186555));
#4192=AXIS2_PLACEMENT_3D('',#4189,#4190,#4191);
#4193=CYLINDRICAL_SURFACE('',#4192,0.1);
#4194=ORIENTED_EDGE('',*,*,#4104,.F.);
#4195=ORIENTED_EDGE('',*,*,#1907,.T.);
#4196=ORIENTED_EDGE('',*,*,#4169,.F.);
#4197=CARTESIAN_POINT('',(-24.000000000000007,19.899999999999999,4.0));
#4198=DIRECTION('',(1.0,0.0,0.0));
#4199=VECTOR('',#4198,48.000000000000007);
#4200=LINE('',#4197,#4199);
#4201=EDGE_CURVE('',#4163,#4098,#4200,.T.);
#4202=ORIENTED_EDGE('',*,*,#4201,.T.);
#4203=EDGE_LOOP('',(#4194,#4195,#4196,#4202));
#4204=FACE_OUTER_BOUND('',#4203,.T.);
#4205=ADVANCED_FACE('',(#4204),#4193,.T.);
#4206=CARTESIAN_POINT('',(24.0,16.0,0.0));
#4207=DIRECTION('',(0.0,0.0,1.0));
#4208=DIRECTION('',(-1.0,0.0,0.0));
#4209=AXIS2_PLACEMENT_3D('',#4206,#4207,#4208);
#4210=CYLINDRICAL_SURFACE('',#4209,3.999999999999999);
#4211=ORIENTED_EDGE('',*,*,#4127,.F.);
#4212=ORIENTED_EDGE('',*,*,#3013,.F.);
#4213=ORIENTED_EDGE('',*,*,#568,.T.);
#4214=ORIENTED_EDGE('',*,*,#521,.T.);
#4215=ORIENTED_EDGE('',*,*,#101,.F.);
#4216=ORIENTED_EDGE('',*,*,#1913,.T.);
#4217=EDGE_LOOP('',(#4211,#4212,#4213,#4214,#4215,#4216));
#4218=FACE_OUTER_BOUND('',#4217,.T.);
#4219=ADVANCED_FACE('',(#4218),#4210,.T.);
#4220=CARTESIAN_POINT('',(24.0,16.0,4.0));
#4221=DIRECTION('',(0.0,0.0,-1.0));
#4222=DIRECTION('',(-1.0,0.0,0.0));
#4223=AXIS2_PLACEMENT_3D('',#4220,#4221,#4222);
#4224=PLANE('',#4223);
#4225=ORIENTED_EDGE('',*,*,#4113,.F.);
#4226=ORIENTED_EDGE('',*,*,#4201,.F.);
#4227=ORIENTED_EDGE('',*,*,#4184,.F.);
#4228=ORIENTED_EDGE('',*,*,#4152,.F.);
#4229=EDGE_LOOP('',(#4225,#4226,#4227,#4228));
#4230=FACE_OUTER_BOUND('',#4229,.T.);
#4231=CARTESIAN_POINT('',(-10.754995462791182,13.099999999999998,4.0));
#4232=VERTEX_POINT('',#4231);
#4233=CARTESIAN_POINT('',(-21.245004537208825,13.099999999999998,4.0));
#4234=VERTEX_POINT('',#4233);
#4235=CARTESIAN_POINT('',(-10.754995462791182,13.099999999999998,4.0));
#4236=DIRECTION('',(-1.0,0.0,0.0));
#4237=VECTOR('',#4236,10.490009074417642);
#4238=LINE('',#4235,#4237);
#4239=EDGE_CURVE('',#4232,#4234,#4238,.T.);
#4240=ORIENTED_EDGE('',*,*,#4239,.T.);
#4241=CARTESIAN_POINT('',(-21.245004537208814,18.899999999999999,4.0));
#4242=VERTEX_POINT('',#4241);
#4243=CARTESIAN_POINT('',(-24.000000000000004,16.0,4.0));
#4244=DIRECTION('',(0.0,0.0,-1.0));
#4245=DIRECTION('',(-1.0,0.0,0.0));
#4246=AXIS2_PLACEMENT_3D('',#4243,#4244,#4245);
#4247=CIRCLE('',#4246,4.0);
#4248=EDGE_CURVE('',#4242,#4234,#4247,.T.);
#4249=ORIENTED_EDGE('',*,*,#4248,.F.);
#4250=CARTESIAN_POINT('',(-10.754995462791188,18.899999999999999,4.0));
#4251=VERTEX_POINT('',#4250);
#4252=CARTESIAN_POINT('',(-21.245004537208814,18.899999999999999,4.0));
#4253=DIRECTION('',(1.0,0.0,0.0));
#4254=VECTOR('',#4253,10.490009074417625);
#4255=LINE('',#4252,#4254);
#4256=EDGE_CURVE('',#4242,#4251,#4255,.T.);
#4257=ORIENTED_EDGE('',*,*,#4256,.T.);
#4258=CARTESIAN_POINT('',(-8.000000000000004,16.0,4.0));
#4259=DIRECTION('',(0.0,0.0,-1.0));
#4260=DIRECTION('',(-1.0,0.0,0.0));
#4261=AXIS2_PLACEMENT_3D('',#4258,#4259,#4260);
#4262=CIRCLE('',#4261,3.999999999999999);
#4263=EDGE_CURVE('',#4232,#4251,#4262,.T.);
#4264=ORIENTED_EDGE('',*,*,#4263,.F.);
#4265=EDGE_LOOP('',(#4240,#4249,#4257,#4264));
#4266=FACE_BOUND('',#4265,.T.);
#4267=CARTESIAN_POINT('',(5.245004537208819,13.099999999999998,4.0));
#4268=VERTEX_POINT('',#4267);
#4269=CARTESIAN_POINT('',(-5.245004537208824,13.099999999999998,4.0));
#4270=VERTEX_POINT('',#4269);
#4271=CARTESIAN_POINT('',(5.245004537208819,13.099999999999998,4.0));
#4272=DIRECTION('',(-1.0,0.0,0.0));
#4273=VECTOR('',#4272,10.490009074417644);
#4274=LINE('',#4271,#4273);
#4275=EDGE_CURVE('',#4268,#4270,#4274,.T.);
#4276=ORIENTED_EDGE('',*,*,#4275,.T.);
#4277=CARTESIAN_POINT('',(-5.245004537208818,18.899999999999999,4.0));
#4278=VERTEX_POINT('',#4277);
#4279=CARTESIAN_POINT('',(-8.000000000000004,16.0,4.0));
#4280=DIRECTION('',(0.0,0.0,-1.0));
#4281=DIRECTION('',(-1.0,0.0,0.0));
#4282=AXIS2_PLACEMENT_3D('',#4279,#4280,#4281);
#4283=CIRCLE('',#4282,3.999999999999999);
#4284=EDGE_CURVE('',#4278,#4270,#4283,.T.);
#4285=ORIENTED_EDGE('',*,*,#4284,.F.);
#4286=CARTESIAN_POINT('',(5.245004537208815,18.899999999999999,4.0));
#4287=VERTEX_POINT('',#4286);
#4288=CARTESIAN_POINT('',(-5.245004537208817,18.899999999999999,4.0));
#4289=DIRECTION('',(1.0,0.0,0.0));
#4290=VECTOR('',#4289,10.490009074417632);
#4291=LINE('',#4288,#4290);
#4292=EDGE_CURVE('',#4278,#4287,#4291,.T.);
#4293=ORIENTED_EDGE('',*,*,#4292,.T.);
#4294=CARTESIAN_POINT('',(7.999999999999998,16.0,4.0));
#4295=DIRECTION('',(0.0,0.0,-1.0));
#4296=DIRECTION('',(-1.0,0.0,0.0));
#4297=AXIS2_PLACEMENT_3D('',#4294,#4295,#4296);
#4298=CIRCLE('',#4297,3.999999999999999);
#4299=EDGE_CURVE('',#4268,#4287,#4298,.T.);
#4300=ORIENTED_EDGE('',*,*,#4299,.F.);
#4301=EDGE_LOOP('',(#4276,#4285,#4293,#4300));
#4302=FACE_BOUND('',#4301,.T.);
#4303=CARTESIAN_POINT('',(10.754995462791182,18.899999999999999,4.0));
#4304=VERTEX_POINT('',#4303);
#4305=CARTESIAN_POINT('',(10.754995462791177,13.099999999999998,4.0));
#4306=VERTEX_POINT('',#4305);
#4307=CARTESIAN_POINT('',(7.999999999999998,16.0,4.0));
#4308=DIRECTION('',(0.0,0.0,-1.0));
#4309=DIRECTION('',(-1.0,0.0,0.0));
#4310=AXIS2_PLACEMENT_3D('',#4307,#4308,#4309);
#4311=CIRCLE('',#4310,3.999999999999999);
#4312=EDGE_CURVE('',#4304,#4306,#4311,.T.);
#4313=ORIENTED_EDGE('',*,*,#4312,.F.);
#4314=CARTESIAN_POINT('',(21.245004537208814,18.899999999999999,4.0));
#4315=VERTEX_POINT('',#4314);
#4316=CARTESIAN_POINT('',(10.754995462791182,18.899999999999999,4.0));
#4317=DIRECTION('',(1.0,0.0,0.0));
#4318=VECTOR('',#4317,10.490009074417635);
#4319=LINE('',#4316,#4318);
#4320=EDGE_CURVE('',#4304,#4315,#4319,.T.);
#4321=ORIENTED_EDGE('',*,*,#4320,.T.);
#4322=CARTESIAN_POINT('',(21.245004537208821,13.099999999999998,4.0));
#4323=VERTEX_POINT('',#4322);
#4324=CARTESIAN_POINT('',(24.0,16.0,4.0));
#4325=DIRECTION('',(0.0,0.0,-1.0));
#4326=DIRECTION('',(-1.0,0.0,0.0));
#4327=AXIS2_PLACEMENT_3D('',#4324,#4325,#4326);
#4328=CIRCLE('',#4327,3.999999999999999);
#4329=EDGE_CURVE('',#4323,#4315,#4328,.T.);
#4330=ORIENTED_EDGE('',*,*,#4329,.F.);
#4331=CARTESIAN_POINT('',(21.245004537208821,13.099999999999998,4.0));
#4332=DIRECTION('',(-1.0,0.0,0.0));
#4333=VECTOR('',#4332,10.490009074417646);
#4334=LINE('',#4331,#4333);
#4335=EDGE_CURVE('',#4323,#4306,#4334,.T.);
#4336=ORIENTED_EDGE('',*,*,#4335,.T.);
#4337=EDGE_LOOP('',(#4313,#4321,#4330,#4336));
#4338=FACE_BOUND('',#4337,.T.);
#4339=CARTESIAN_POINT('',(-20.800000000000001,16.0,4.0));
#4340=VERTEX_POINT('',#4339);
#4341=CARTESIAN_POINT('',(-24.0,16.0,4.0));
#4342=DIRECTION('',(0.0,0.0,-1.0));
#4343=DIRECTION('',(1.0,0.0,0.0));
#4344=AXIS2_PLACEMENT_3D('',#4341,#4342,#4343);
#4345=CIRCLE('',#4344,3.200000000000001);
#4346=EDGE_CURVE('',#4340,#4340,#4345,.T.);
#4347=ORIENTED_EDGE('',*,*,#4346,.T.);
#4348=EDGE_LOOP('',(#4347));
#4349=FACE_BOUND('',#4348,.T.);
#4350=CARTESIAN_POINT('',(-4.8,16.0,4.0));
#4351=VERTEX_POINT('',#4350);
#4352=CARTESIAN_POINT('',(-8.000000000000004,16.0,4.0));
#4353=DIRECTION('',(0.0,0.0,-1.0));
#4354=DIRECTION('',(1.0,0.0,0.0));
#4355=AXIS2_PLACEMENT_3D('',#4352,#4353,#4354);
#4356=CIRCLE('',#4355,3.200000000000001);
#4357=EDGE_CURVE('',#4351,#4351,#4356,.T.);
#4358=ORIENTED_EDGE('',*,*,#4357,.T.);
#4359=EDGE_LOOP('',(#4358));
#4360=FACE_BOUND('',#4359,.T.);
#4361=CARTESIAN_POINT('',(11.200000000000001,16.0,4.0));
#4362=VERTEX_POINT('',#4361);
#4363=CARTESIAN_POINT('',(7.999999999999998,16.0,4.0));
#4364=DIRECTION('',(0.0,0.0,-1.0));
#4365=DIRECTION('',(1.0,0.0,0.0));
#4366=AXIS2_PLACEMENT_3D('',#4363,#4364,#4365);
#4367=CIRCLE('',#4366,3.200000000000001);
#4368=EDGE_CURVE('',#4362,#4362,#4367,.T.);
#4369=ORIENTED_EDGE('',*,*,#4368,.T.);
#4370=EDGE_LOOP('',(#4369));
#4371=FACE_BOUND('',#4370,.T.);
#4372=CARTESIAN_POINT('',(20.800000000000001,16.0,4.0));
#4373=VERTEX_POINT('',#4372);
#4374=CARTESIAN_POINT('',(24.000000000000004,16.0,4.0));
#4375=DIRECTION('',(0.0,0.0,-1.0));
#4376=DIRECTION('',(1.0,0.0,0.0));
#4377=AXIS2_PLACEMENT_3D('',#4374,#4375,#4376);
#4378=CIRCLE('',#4377,3.200000000000001);
#4379=EDGE_CURVE('',#4373,#4373,#4378,.T.);
#4380=ORIENTED_EDGE('',*,*,#4379,.T.);
#4381=EDGE_LOOP('',(#4380));
#4382=FACE_BOUND('',#4381,.T.);
#4383=ADVANCED_FACE('',(#4230,#4266,#4302,#4338,#4349,#4360,#4371,#4382),#4224,.F.);
#4384=CARTESIAN_POINT('',(24.0,-16.0,3.9));
#4385=DIRECTION('',(0.0,0.0,-1.0));
#4386=DIRECTION('',(-1.0,0.0,0.0));
#4387=AXIS2_PLACEMENT_3D('',#4384,#4385,#4386);
#4388=TOROIDAL_SURFACE('',#4387,3.900000000000004,0.1);
#4389=CARTESIAN_POINT('',(24.0,-12.099999999999998,4.0));
#4390=VERTEX_POINT('',#4389);
#4391=CARTESIAN_POINT('',(24.0,-12.099999999999998,3.9));
#4392=DIRECTION('',(1.0,0.0,0.0));
#4393=DIRECTION('',(0.0,1.0,0.0));
#4394=AXIS2_PLACEMENT_3D('',#4391,#4392,#4393);
#4395=CIRCLE('',#4394,0.099999999999996);
#4396=EDGE_CURVE('',#3669,#4390,#4395,.T.);
#4397=ORIENTED_EDGE('',*,*,#4396,.T.);
#4398=CARTESIAN_POINT('',(24.0,-19.900000000000006,4.0));
#4399=VERTEX_POINT('',#4398);
#4400=CARTESIAN_POINT('',(24.0,-16.0,4.0));
#4401=DIRECTION('',(0.0,0.0,-1.0));
#4402=DIRECTION('',(1.0,0.0,0.0));
#4403=AXIS2_PLACEMENT_3D('',#4400,#4401,#4402);
#4404=CIRCLE('',#4403,3.900000000000004);
#4405=EDGE_CURVE('',#4390,#4399,#4404,.T.);
#4406=ORIENTED_EDGE('',*,*,#4405,.T.);
#4407=CARTESIAN_POINT('',(24.0,-19.900000000000006,3.9));
#4408=DIRECTION('',(1.0,0.0,0.0));
#4409=DIRECTION('',(0.0,0.0,1.0));
#4410=AXIS2_PLACEMENT_3D('',#4407,#4408,#4409);
#4411=CIRCLE('',#4410,0.1);
#4412=EDGE_CURVE('',#4399,#883,#4411,.T.);
#4413=ORIENTED_EDGE('',*,*,#4412,.T.);
#4414=CARTESIAN_POINT('',(24.0,-16.0,3.9));
#4415=DIRECTION('',(0.0,0.0,1.0));
#4416=DIRECTION('',(1.0,0.0,0.0));
#4417=AXIS2_PLACEMENT_3D('',#4414,#4415,#4416);
#4418=CIRCLE('',#4417,4.000000000000004);
#4419=EDGE_CURVE('',#883,#3669,#4418,.T.);
#4420=ORIENTED_EDGE('',*,*,#4419,.T.);
#4421=EDGE_LOOP('',(#4397,#4406,#4413,#4420));
#4422=FACE_OUTER_BOUND('',#4421,.T.);
#4423=ADVANCED_FACE('',(#4422),#4388,.T.);
#4424=CARTESIAN_POINT('',(-4.260481E-015,-19.900000000000002,3.9));
#4425=DIRECTION('',(-1.0,-9.251859E-017,0.0));
#4426=DIRECTION('',(6.542052E-017,-0.70710678118654,0.707106781186555));
#4427=AXIS2_PLACEMENT_3D('',#4424,#4425,#4426);
#4428=CYLINDRICAL_SURFACE('',#4427,0.1);
#4429=CARTESIAN_POINT('',(-24.000000000000004,-19.900000000000006,4.0));
#4430=VERTEX_POINT('',#4429);
#4431=CARTESIAN_POINT('',(-24.000000000000004,-19.900000000000006,3.9));
#4432=DIRECTION('',(1.0,0.0,0.0));
#4433=DIRECTION('',(0.0,0.0,1.0));
#4434=AXIS2_PLACEMENT_3D('',#4431,#4432,#4433);
#4435=CIRCLE('',#4434,0.1);
#4436=EDGE_CURVE('',#4430,#891,#4435,.T.);
#4437=ORIENTED_EDGE('',*,*,#4436,.T.);
#4438=ORIENTED_EDGE('',*,*,#896,.T.);
#4439=ORIENTED_EDGE('',*,*,#4412,.F.);
#4440=CARTESIAN_POINT('',(24.0,-19.899999999999999,4.0));
#4441=DIRECTION('',(-1.0,0.0,0.0));
#4442=VECTOR('',#4441,48.0);
#4443=LINE('',#4440,#4442);
#4444=EDGE_CURVE('',#4399,#4430,#4443,.T.);
#4445=ORIENTED_EDGE('',*,*,#4444,.T.);
#4446=EDGE_LOOP('',(#4437,#4438,#4439,#4445));
#4447=FACE_OUTER_BOUND('',#4446,.T.);
#4448=ADVANCED_FACE('',(#4447),#4428,.T.);
#4449=CARTESIAN_POINT('',(-24.000000000000004,-16.0,3.9));
#4450=DIRECTION('',(0.0,0.0,-1.0));
#4451=DIRECTION('',(-1.0,0.0,0.0));
#4452=AXIS2_PLACEMENT_3D('',#4449,#4450,#4451);
#4453=TOROIDAL_SURFACE('',#4452,3.9,0.1);
#4454=CARTESIAN_POINT('',(-24.000000000000004,-12.1,4.0));
#4455=VERTEX_POINT('',#4454);
#4456=CARTESIAN_POINT('',(-24.000000000000004,-12.1,3.9));
#4457=DIRECTION('',(-1.0,0.0,0.0));
#4458=DIRECTION('',(0.0,0.0,1.0));
#4459=AXIS2_PLACEMENT_3D('',#4456,#4457,#4458);
#4460=CIRCLE('',#4459,0.1);
#4461=EDGE_CURVE('',#4455,#3661,#4460,.T.);
#4462=ORIENTED_EDGE('',*,*,#4461,.T.);
#4463=CARTESIAN_POINT('',(-24.000000000000004,-16.0,3.9));
#4464=DIRECTION('',(0.0,0.0,1.0));
#4465=DIRECTION('',(-1.0,0.0,0.0));
#4466=AXIS2_PLACEMENT_3D('',#4463,#4464,#4465);
#4467=CIRCLE('',#4466,4.0);
#4468=EDGE_CURVE('',#3661,#891,#4467,.T.);
#4469=ORIENTED_EDGE('',*,*,#4468,.T.);
#4470=ORIENTED_EDGE('',*,*,#4436,.F.);
#4471=CARTESIAN_POINT('',(-24.000000000000004,-16.0,4.0));
#4472=DIRECTION('',(0.0,0.0,-1.0));
#4473=DIRECTION('',(-1.0,0.0,0.0));
#4474=AXIS2_PLACEMENT_3D('',#4471,#4472,#4473);
#4475=CIRCLE('',#4474,3.9);
#4476=EDGE_CURVE('',#4430,#4455,#4475,.T.);
#4477=ORIENTED_EDGE('',*,*,#4476,.T.);
#4478=EDGE_LOOP('',(#4462,#4469,#4470,#4477));
#4479=FACE_OUTER_BOUND('',#4478,.T.);
#4480=ADVANCED_FACE('',(#4479),#4453,.T.);
#4481=CARTESIAN_POINT('',(-2.000000000000006,-12.100000000000001,3.9));
#4482=DIRECTION('',(1.0,-9.251859E-017,0.0));
#4483=DIRECTION('',(0.0,0.707106781186555,0.70710678118654));
#4484=AXIS2_PLACEMENT_3D('',#4481,#4482,#4483);
#4485=CYLINDRICAL_SURFACE('',#4484,0.1);
#4486=ORIENTED_EDGE('',*,*,#4396,.F.);
#4487=ORIENTED_EDGE('',*,*,#3674,.T.);
#4488=ORIENTED_EDGE('',*,*,#4461,.F.);
#4489=CARTESIAN_POINT('',(-24.000000000000004,-12.1,4.0));
#4490=DIRECTION('',(1.0,0.0,0.0));
#4491=VECTOR('',#4490,48.0);
#4492=LINE('',#4489,#4491);
#4493=EDGE_CURVE('',#4455,#4390,#4492,.T.);
#4494=ORIENTED_EDGE('',*,*,#4493,.T.);
#4495=EDGE_LOOP('',(#4486,#4487,#4488,#4494));
#4496=FACE_OUTER_BOUND('',#4495,.T.);
#4497=ADVANCED_FACE('',(#4496),#4485,.T.);
#4498=CARTESIAN_POINT('',(24.0,-16.0,0.0));
#4499=DIRECTION('',(0.0,0.0,1.0));
#4500=DIRECTION('',(-1.0,0.0,0.0));
#4501=AXIS2_PLACEMENT_3D('',#4498,#4499,#4500);
#4502=CYLINDRICAL_SURFACE('',#4501,4.000000000000004);
#4503=ORIENTED_EDGE('',*,*,#4419,.F.);
#4504=ORIENTED_EDGE('',*,*,#888,.F.);
#4505=ORIENTED_EDGE('',*,*,#796,.F.);
#4506=ORIENTED_EDGE('',*,*,#712,.T.);
#4507=ORIENTED_EDGE('',*,*,#665,.T.);
#4508=ORIENTED_EDGE('',*,*,#3680,.T.);
#4509=EDGE_LOOP('',(#4503,#4504,#4505,#4506,#4507,#4508));
#4510=FACE_OUTER_BOUND('',#4509,.T.);
#4511=ADVANCED_FACE('',(#4510),#4502,.T.);
#4512=CARTESIAN_POINT('',(-24.000000000000004,-16.0,4.0));
#4513=DIRECTION('',(0.0,0.0,-1.0));
#4514=DIRECTION('',(-1.0,0.0,0.0));
#4515=AXIS2_PLACEMENT_3D('',#4512,#4513,#4514);
#4516=PLANE('',#4515);
#4517=ORIENTED_EDGE('',*,*,#4405,.F.);
#4518=ORIENTED_EDGE('',*,*,#4493,.F.);
#4519=ORIENTED_EDGE('',*,*,#4476,.F.);
#4520=ORIENTED_EDGE('',*,*,#4444,.F.);
#4521=EDGE_LOOP('',(#4517,#4518,#4519,#4520));
#4522=FACE_OUTER_BOUND('',#4521,.T.);
#4523=CARTESIAN_POINT('',(-10.754995462791188,-18.899999999999999,4.0));
#4524=VERTEX_POINT('',#4523);
#4525=CARTESIAN_POINT('',(-21.245004537208821,-18.900000000000002,4.0));
#4526=VERTEX_POINT('',#4525);
#4527=CARTESIAN_POINT('',(-10.754995462791186,-18.900000000000002,4.0));
#4528=DIRECTION('',(-1.0,0.0,0.0));
#4529=VECTOR('',#4528,10.490009074417632);
#4530=LINE('',#4527,#4529);
#4531=EDGE_CURVE('',#4524,#4526,#4530,.T.);
#4532=ORIENTED_EDGE('',*,*,#4531,.T.);
#4533=CARTESIAN_POINT('',(-21.245004537208821,-13.100000000000003,4.0));
#4534=VERTEX_POINT('',#4533);
#4535=CARTESIAN_POINT('',(-24.000000000000004,-16.0,4.0));
#4536=DIRECTION('',(0.0,0.0,1.0));
#4537=DIRECTION('',(-1.0,0.0,0.0));
#4538=AXIS2_PLACEMENT_3D('',#4535,#4536,#4537);
#4539=CIRCLE('',#4538,4.0);
#4540=EDGE_CURVE('',#4526,#4534,#4539,.T.);
#4541=ORIENTED_EDGE('',*,*,#4540,.T.);
#4542=CARTESIAN_POINT('',(-10.754995462791188,-13.100000000000003,4.0));
#4543=VERTEX_POINT('',#4542);
#4544=CARTESIAN_POINT('',(-21.245004537208821,-13.100000000000001,4.0));
#4545=DIRECTION('',(1.0,0.0,0.0));
#4546=VECTOR('',#4545,10.490009074417634);
#4547=LINE('',#4544,#4546);
#4548=EDGE_CURVE('',#4534,#4543,#4547,.T.);
#4549=ORIENTED_EDGE('',*,*,#4548,.T.);
#4550=CARTESIAN_POINT('',(-8.000000000000004,-16.0,4.0));
#4551=DIRECTION('',(0.0,0.0,1.0));
#4552=DIRECTION('',(-1.0,0.0,0.0));
#4553=AXIS2_PLACEMENT_3D('',#4550,#4551,#4552);
#4554=CIRCLE('',#4553,4.000000000000002);
#4555=EDGE_CURVE('',#4543,#4524,#4554,.T.);
#4556=ORIENTED_EDGE('',*,*,#4555,.T.);
#4557=EDGE_LOOP('',(#4532,#4541,#4549,#4556));
#4558=FACE_BOUND('',#4557,.T.);
#4559=CARTESIAN_POINT('',(5.245004537208809,-18.899999999999995,4.0));
#4560=VERTEX_POINT('',#4559);
#4561=CARTESIAN_POINT('',(-5.245004537208824,-18.900000000000002,4.0));
#4562=VERTEX_POINT('',#4561);
#4563=CARTESIAN_POINT('',(5.245004537208809,-18.899999999999991,4.0));
#4564=DIRECTION('',(-1.0,0.0,0.0));
#4565=VECTOR('',#4564,10.490009074417632);
#4566=LINE('',#4563,#4565);
#4567=EDGE_CURVE('',#4560,#4562,#4566,.T.);
#4568=ORIENTED_EDGE('',*,*,#4567,.T.);
#4569=CARTESIAN_POINT('',(-5.245004537208815,-13.100000000000003,4.0));
#4570=VERTEX_POINT('',#4569);
#4571=CARTESIAN_POINT('',(-8.000000000000004,-16.0,4.0));
#4572=DIRECTION('',(0.0,0.0,1.0));
#4573=DIRECTION('',(-1.0,0.0,0.0));
#4574=AXIS2_PLACEMENT_3D('',#4571,#4572,#4573);
#4575=CIRCLE('',#4574,4.000000000000002);
#4576=EDGE_CURVE('',#4562,#4570,#4575,.T.);
#4577=ORIENTED_EDGE('',*,*,#4576,.T.);
#4578=CARTESIAN_POINT('',(5.245004537208812,-13.100000000000003,4.0));
#4579=VERTEX_POINT('',#4578);
#4580=CARTESIAN_POINT('',(-5.245004537208814,-13.100000000000001,4.0));
#4581=DIRECTION('',(1.0,0.0,0.0));
#4582=VECTOR('',#4581,10.490009074417626);
#4583=LINE('',#4580,#4582);
#4584=EDGE_CURVE('',#4570,#4579,#4583,.T.);
#4585=ORIENTED_EDGE('',*,*,#4584,.T.);
#4586=CARTESIAN_POINT('',(7.999999999999998,-16.0,4.0));
#4587=DIRECTION('',(0.0,0.0,1.0));
#4588=DIRECTION('',(-1.0,0.0,0.0));
#4589=AXIS2_PLACEMENT_3D('',#4586,#4587,#4588);
#4590=CIRCLE('',#4589,4.000000000000002);
#4591=EDGE_CURVE('',#4579,#4560,#4590,.T.);
#4592=ORIENTED_EDGE('',*,*,#4591,.T.);
#4593=EDGE_LOOP('',(#4568,#4577,#4585,#4592));
#4594=FACE_BOUND('',#4593,.T.);
#4595=CARTESIAN_POINT('',(21.245004537208811,-13.100000000000003,4.0));
#4596=VERTEX_POINT('',#4595);
#4597=CARTESIAN_POINT('',(21.245004537208807,-18.899999999999999,4.0));
#4598=VERTEX_POINT('',#4597);
#4599=CARTESIAN_POINT('',(24.0,-16.0,4.0));
#4600=DIRECTION('',(0.0,0.0,1.0));
#4601=DIRECTION('',(-1.0,0.0,0.0));
#4602=AXIS2_PLACEMENT_3D('',#4599,#4600,#4601);
#4603=CIRCLE('',#4602,4.000000000000004);
#4604=EDGE_CURVE('',#4596,#4598,#4603,.T.);
#4605=ORIENTED_EDGE('',*,*,#4604,.T.);
#4606=CARTESIAN_POINT('',(10.754995462791172,-18.900000000000002,4.0));
#4607=VERTEX_POINT('',#4606);
#4608=CARTESIAN_POINT('',(21.245004537208811,-18.899999999999995,4.0));
#4609=DIRECTION('',(-1.0,0.0,0.0));
#4610=VECTOR('',#4609,10.490009074417635);
#4611=LINE('',#4608,#4610);
#4612=EDGE_CURVE('',#4598,#4607,#4611,.T.);
#4613=ORIENTED_EDGE('',*,*,#4612,.T.);
#4614=CARTESIAN_POINT('',(10.754995462791186,-13.100000000000003,4.0));
#4615=VERTEX_POINT('',#4614);
#4616=CARTESIAN_POINT('',(7.999999999999998,-16.0,4.0));
#4617=DIRECTION('',(0.0,0.0,1.0));
#4618=DIRECTION('',(-1.0,0.0,0.0));
#4619=AXIS2_PLACEMENT_3D('',#4616,#4617,#4618);
#4620=CIRCLE('',#4619,4.000000000000002);
#4621=EDGE_CURVE('',#4607,#4615,#4620,.T.);
#4622=ORIENTED_EDGE('',*,*,#4621,.T.);
#4623=CARTESIAN_POINT('',(10.754995462791184,-13.100000000000001,4.0));
#4624=DIRECTION('',(1.0,0.0,0.0));
#4625=VECTOR('',#4624,10.49000907441763);
#4626=LINE('',#4623,#4625);
#4627=EDGE_CURVE('',#4615,#4596,#4626,.T.);
#4628=ORIENTED_EDGE('',*,*,#4627,.T.);
#4629=EDGE_LOOP('',(#4605,#4613,#4622,#4628));
#4630=FACE_BOUND('',#4629,.T.);
#4631=CARTESIAN_POINT('',(-20.800000000000001,-16.0,4.0));
#4632=VERTEX_POINT('',#4631);
#4633=CARTESIAN_POINT('',(-24.000000000000004,-16.0,4.0));
#4634=DIRECTION('',(0.0,0.0,-1.0));
#4635=DIRECTION('',(1.0,0.0,0.0));
#4636=AXIS2_PLACEMENT_3D('',#4633,#4634,#4635);
#4637=CIRCLE('',#4636,3.200000000000001);
#4638=EDGE_CURVE('',#4632,#4632,#4637,.T.);
#4639=ORIENTED_EDGE('',*,*,#4638,.T.);
#4640=EDGE_LOOP('',(#4639));
#4641=FACE_BOUND('',#4640,.T.);
#4642=CARTESIAN_POINT('',(-4.8,-16.0,4.0));
#4643=VERTEX_POINT('',#4642);
#4644=CARTESIAN_POINT('',(-8.000000000000004,-16.0,4.0));
#4645=DIRECTION('',(0.0,0.0,-1.0));
#4646=DIRECTION('',(1.0,0.0,0.0));
#4647=AXIS2_PLACEMENT_3D('',#4644,#4645,#4646);
#4648=CIRCLE('',#4647,3.200000000000001);
#4649=EDGE_CURVE('',#4643,#4643,#4648,.T.);
#4650=ORIENTED_EDGE('',*,*,#4649,.T.);
#4651=EDGE_LOOP('',(#4650));
#4652=FACE_BOUND('',#4651,.T.);
#4653=CARTESIAN_POINT('',(11.200000000000001,-16.0,4.0));
#4654=VERTEX_POINT('',#4653);
#4655=CARTESIAN_POINT('',(7.999999999999998,-16.0,4.0));
#4656=DIRECTION('',(0.0,0.0,-1.0));
#4657=DIRECTION('',(1.0,0.0,0.0));
#4658=AXIS2_PLACEMENT_3D('',#4655,#4656,#4657);
#4659=CIRCLE('',#4658,3.200000000000001);
#4660=EDGE_CURVE('',#4654,#4654,#4659,.T.);
#4661=ORIENTED_EDGE('',*,*,#4660,.T.);
#4662=EDGE_LOOP('',(#4661));
#4663=FACE_BOUND('',#4662,.T.);
#4664=CARTESIAN_POINT('',(20.800000000000001,-16.0,4.0));
#4665=VERTEX_POINT('',#4664);
#4666=CARTESIAN_POINT('',(24.000000000000004,-16.0,4.0));
#4667=DIRECTION('',(0.0,0.0,-1.0));
#4668=DIRECTION('',(1.0,0.0,0.0));
#4669=AXIS2_PLACEMENT_3D('',#4666,#4667,#4668);
#4670=CIRCLE('',#4669,3.200000000000001);
#4671=EDGE_CURVE('',#4665,#4665,#4670,.T.);
#4672=ORIENTED_EDGE('',*,*,#4671,.T.);
#4673=EDGE_LOOP('',(#4672));
#4674=FACE_BOUND('',#4673,.T.);
#4675=ADVANCED_FACE('',(#4522,#4558,#4594,#4630,#4641,#4652,#4663,#4674),#4516,.F.);
#4676=CARTESIAN_POINT('',(40.0,19.200000000000003,-2.220446E-015));
#4677=DIRECTION('',(0.0,1.0,0.0));
#4678=DIRECTION('',(-1.0,0.0,0.0));
#4679=AXIS2_PLACEMENT_3D('',#4676,#4677,#4678);
#4680=PLANE('',#4679);
#4681=CARTESIAN_POINT('',(36.799999999999997,19.200000000000003,-2.220446E-015));
#4682=VERTEX_POINT('',#4681);
#4683=CARTESIAN_POINT('',(40.0,19.200000000000003,-2.220446E-015));
#4684=DIRECTION('',(0.0,1.0,0.0));
#4685=DIRECTION('',(-1.0,0.0,0.0));
#4686=AXIS2_PLACEMENT_3D('',#4683,#4684,#4685);
#4687=CIRCLE('',#4686,3.200000000000001);
#4688=EDGE_CURVE('',#4682,#4682,#4687,.T.);
#4689=ORIENTED_EDGE('',*,*,#4688,.T.);
#4690=EDGE_LOOP('',(#4689));
#4691=FACE_OUTER_BOUND('',#4690,.T.);
#4692=CARTESIAN_POINT('',(42.400000000000006,19.200000000000003,-2.514361E-015));
#4693=VERTEX_POINT('',#4692);
#4694=CARTESIAN_POINT('',(40.0,19.200000000000003,-2.220446E-015));
#4695=DIRECTION('',(0.0,1.0,0.0));
#4696=DIRECTION('',(1.0,0.0,0.0));
#4697=AXIS2_PLACEMENT_3D('',#4694,#4695,#4696);
#4698=CIRCLE('',#4697,2.4);
#4699=EDGE_CURVE('',#4693,#4693,#4698,.T.);
#4700=ORIENTED_EDGE('',*,*,#4699,.F.);
#4701=EDGE_LOOP('',(#4700));
#4702=FACE_BOUND('',#4701,.T.);
#4703=ADVANCED_FACE('',(#4691,#4702),#4680,.T.);
#4704=CARTESIAN_POINT('',(40.0,19.600000000000005,-2.220446E-015));
#4705=DIRECTION('',(-9.251859E-017,1.0,0.0));
#4706=DIRECTION('',(-1.0,0.0,0.0));
#4707=AXIS2_PLACEMENT_3D('',#4704,#4705,#4706);
#4708=CYLINDRICAL_SURFACE('',#4707,3.200000000000001);
#4709=ORIENTED_EDGE('',*,*,#2065,.F.);
#4710=EDGE_LOOP('',(#4709));
#4711=FACE_OUTER_BOUND('',#4710,.T.);
#4712=ORIENTED_EDGE('',*,*,#4688,.F.);
#4713=EDGE_LOOP('',(#4712));
#4714=FACE_BOUND('',#4713,.T.);
#4715=ADVANCED_FACE('',(#4711,#4714),#4708,.F.);
#4716=CARTESIAN_POINT('',(32.0,19.200000000000003,-2.220446E-015));
#4717=DIRECTION('',(0.0,1.0,0.0));
#4718=DIRECTION('',(-1.0,0.0,0.0));
#4719=AXIS2_PLACEMENT_3D('',#4716,#4717,#4718);
#4720=PLANE('',#4719);
#4721=CARTESIAN_POINT('',(28.799999999999997,19.200000000000003,-2.220446E-015));
#4722=VERTEX_POINT('',#4721);
#4723=CARTESIAN_POINT('',(32.0,19.200000000000003,-2.220446E-015));
#4724=DIRECTION('',(0.0,1.0,0.0));
#4725=DIRECTION('',(-1.0,0.0,0.0));
#4726=AXIS2_PLACEMENT_3D('',#4723,#4724,#4725);
#4727=CIRCLE('',#4726,3.200000000000001);
#4728=EDGE_CURVE('',#4722,#4722,#4727,.T.);
#4729=ORIENTED_EDGE('',*,*,#4728,.T.);
#4730=EDGE_LOOP('',(#4729));
#4731=FACE_OUTER_BOUND('',#4730,.T.);
#4732=CARTESIAN_POINT('',(34.400000000000006,19.200000000000003,-2.514361E-015));
#4733=VERTEX_POINT('',#4732);
#4734=CARTESIAN_POINT('',(32.0,19.200000000000003,-2.220446E-015));
#4735=DIRECTION('',(0.0,1.0,0.0));
#4736=DIRECTION('',(1.0,0.0,0.0));
#4737=AXIS2_PLACEMENT_3D('',#4734,#4735,#4736);
#4738=CIRCLE('',#4737,2.4);
#4739=EDGE_CURVE('',#4733,#4733,#4738,.T.);
#4740=ORIENTED_EDGE('',*,*,#4739,.F.);
#4741=EDGE_LOOP('',(#4740));
#4742=FACE_BOUND('',#4741,.T.);
#4743=ADVANCED_FACE('',(#4731,#4742),#4720,.T.);
#4744=CARTESIAN_POINT('',(32.0,19.600000000000005,-2.220446E-015));
#4745=DIRECTION('',(-9.251859E-017,1.0,0.0));
#4746=DIRECTION('',(-1.0,0.0,0.0));
#4747=AXIS2_PLACEMENT_3D('',#4744,#4745,#4746);
#4748=CYLINDRICAL_SURFACE('',#4747,3.200000000000001);
#4749=ORIENTED_EDGE('',*,*,#2054,.F.);
#4750=EDGE_LOOP('',(#4749));
#4751=FACE_OUTER_BOUND('',#4750,.T.);
#4752=ORIENTED_EDGE('',*,*,#4728,.F.);
#4753=EDGE_LOOP('',(#4752));
#4754=FACE_BOUND('',#4753,.T.);
#4755=ADVANCED_FACE('',(#4751,#4754),#4748,.F.);
#4756=CARTESIAN_POINT('',(30.0,13.100000000000003,-1.942890E-015));
#4757=DIRECTION('',(0.0,-1.0,0.0));
#4758=DIRECTION('',(0.0,0.0,1.0));
#4759=AXIS2_PLACEMENT_3D('',#4756,#4757,#4758);
#4760=PLANE('',#4759);
#4761=CARTESIAN_POINT('',(28.285164875798657,13.100000000000003,0.8));
#4762=VERTEX_POINT('',#4761);
#4763=CARTESIAN_POINT('',(32.0,13.100000000000003,-2.220446E-015));
#4764=DIRECTION('',(0.0,-1.0,0.0));
#4765=DIRECTION('',(-0.9775881905793,0.0,0.210526315789474));
#4766=AXIS2_PLACEMENT_3D('',#4763,#4764,#4765);
#4767=CIRCLE('',#4766,3.800000000000002);
#4768=EDGE_CURVE('',#540,#4762,#4767,.T.);
#4769=ORIENTED_EDGE('',*,*,#4768,.T.);
#4770=CARTESIAN_POINT('',(28.000000000000004,13.100000000000003,0.799999999999999));
#4771=VERTEX_POINT('',#4770);
#4772=CARTESIAN_POINT('',(28.285164875798657,13.100000000000003,0.8));
#4773=DIRECTION('',(-1.0,0.0,0.0));
#4774=VECTOR('',#4773,0.285164875798657);
#4775=LINE('',#4772,#4774);
#4776=EDGE_CURVE('',#4762,#4771,#4775,.T.);
#4777=ORIENTED_EDGE('',*,*,#4776,.T.);
#4778=CARTESIAN_POINT('',(28.000000000000007,13.100000000000003,0.799999999999999));
#4779=DIRECTION('',(0.0,0.0,1.0));
#4780=VECTOR('',#4779,3.000000000000001);
#4781=LINE('',#4778,#4780);
#4782=EDGE_CURVE('',#4771,#548,#4781,.T.);
#4783=ORIENTED_EDGE('',*,*,#4782,.T.);
#4784=ORIENTED_EDGE('',*,*,#553,.F.);
#4785=EDGE_LOOP('',(#4769,#4777,#4783,#4784));
#4786=FACE_OUTER_BOUND('',#4785,.T.);
#4787=ADVANCED_FACE('',(#4786),#4760,.F.);
#4788=CARTESIAN_POINT('',(30.0,18.900000000000002,-1.942890E-015));
#4789=DIRECTION('',(0.0,1.0,0.0));
#4790=DIRECTION('',(0.0,0.0,-1.0));
#4791=AXIS2_PLACEMENT_3D('',#4788,#4789,#4790);
#4792=PLANE('',#4791);
#4793=CARTESIAN_POINT('',(28.285164875798657,18.900000000000002,0.8));
#4794=VERTEX_POINT('',#4793);
#4795=CARTESIAN_POINT('',(32.0,18.900000000000002,-2.220446E-015));
#4796=DIRECTION('',(0.0,1.0,0.0));
#4797=DIRECTION('',(-0.9775881905793,0.0,0.210526315789474));
#4798=AXIS2_PLACEMENT_3D('',#4795,#4796,#4797);
#4799=CIRCLE('',#4798,3.800000000000002);
#4800=EDGE_CURVE('',#4794,#532,#4799,.T.);
#4801=ORIENTED_EDGE('',*,*,#4800,.T.);
#4802=ORIENTED_EDGE('',*,*,#537,.F.);
#4803=CARTESIAN_POINT('',(28.000000000000004,18.900000000000002,0.799999999999999));
#4804=VERTEX_POINT('',#4803);
#4805=CARTESIAN_POINT('',(28.000000000000007,18.900000000000002,3.8));
#4806=DIRECTION('',(0.0,0.0,-1.0));
#4807=VECTOR('',#4806,3.000000000000001);
#4808=LINE('',#4805,#4807);
#4809=EDGE_CURVE('',#524,#4804,#4808,.T.);
#4810=ORIENTED_EDGE('',*,*,#4809,.T.);
#4811=CARTESIAN_POINT('',(28.0,18.900000000000002,0.799999999999999));
#4812=DIRECTION('',(1.0,0.0,0.0));
#4813=VECTOR('',#4812,0.285164875798657);
#4814=LINE('',#4811,#4813);
#4815=EDGE_CURVE('',#4804,#4794,#4814,.T.);
#4816=ORIENTED_EDGE('',*,*,#4815,.T.);
#4817=EDGE_LOOP('',(#4801,#4802,#4810,#4816));
#4818=FACE_OUTER_BOUND('',#4817,.T.);
#4819=ADVANCED_FACE('',(#4818),#4792,.F.);
#4820=CARTESIAN_POINT('',(28.285164875798657,20.000000000000004,0.8));
#4821=DIRECTION('',(0.0,0.0,-1.0));
#4822=DIRECTION('',(1.0,0.0,0.0));
#4823=AXIS2_PLACEMENT_3D('',#4820,#4821,#4822);
#4824=PLANE('',#4823);
#4825=ORIENTED_EDGE('',*,*,#4776,.F.);
#4826=CARTESIAN_POINT('',(28.285164875798657,18.900000000000002,0.8));
#4827=DIRECTION('',(0.0,-1.0,0.0));
#4828=VECTOR('',#4827,5.800000000000001);
#4829=LINE('',#4826,#4828);
#4830=EDGE_CURVE('',#4794,#4762,#4829,.T.);
#4831=ORIENTED_EDGE('',*,*,#4830,.F.);
#4832=ORIENTED_EDGE('',*,*,#4815,.F.);
#4833=CARTESIAN_POINT('',(28.000000000000004,18.900000000000002,0.799999999999999));
#4834=DIRECTION('',(0.0,-1.0,0.0));
#4835=VECTOR('',#4834,5.800000000000001);
#4836=LINE('',#4833,#4835);
#4837=EDGE_CURVE('',#4804,#4771,#4836,.T.);
#4838=ORIENTED_EDGE('',*,*,#4837,.T.);
#4839=EDGE_LOOP('',(#4825,#4831,#4832,#4838));
#4840=FACE_OUTER_BOUND('',#4839,.T.);
#4841=ADVANCED_FACE('',(#4840),#4824,.F.);
#4842=CARTESIAN_POINT('',(32.0,20.000000000000004,-2.220446E-015));
#4843=DIRECTION('',(0.0,-1.0,0.0));
#4844=DIRECTION('',(-0.9775881905793,0.0,0.210526315789474));
#4845=AXIS2_PLACEMENT_3D('',#4842,#4843,#4844);
#4846=CYLINDRICAL_SURFACE('',#4845,3.800000000000002);
#4847=ORIENTED_EDGE('',*,*,#4768,.F.);
#4848=ORIENTED_EDGE('',*,*,#545,.T.);
#4849=ORIENTED_EDGE('',*,*,#4800,.F.);
#4850=ORIENTED_EDGE('',*,*,#4830,.T.);
#4851=EDGE_LOOP('',(#4847,#4848,#4849,#4850));
#4852=FACE_OUTER_BOUND('',#4851,.T.);
#4853=ADVANCED_FACE('',(#4852),#4846,.T.);
#4854=CARTESIAN_POINT('',(28.000000000000004,20.000000000000004,0.799999999999999));
#4855=DIRECTION('',(-1.0,0.0,0.0));
#4856=DIRECTION('',(0.0,0.0,-1.0));
#4857=AXIS2_PLACEMENT_3D('',#4854,#4855,#4856);
#4858=PLANE('',#4857);
#4859=ORIENTED_EDGE('',*,*,#4782,.F.);
#4860=ORIENTED_EDGE('',*,*,#4837,.F.);
#4861=ORIENTED_EDGE('',*,*,#4809,.F.);
#4862=ORIENTED_EDGE('',*,*,#529,.F.);
#4863=ORIENTED_EDGE('',*,*,#559,.F.);
#4864=EDGE_LOOP('',(#4859,#4860,#4861,#4862,#4863));
#4865=FACE_OUTER_BOUND('',#4864,.T.);
#4866=ADVANCED_FACE('',(#4865),#4858,.F.);
#4867=CARTESIAN_POINT('',(28.000000000000004,20.000000000000004,-3.8));
#4868=DIRECTION('',(-1.0,0.0,0.0));
#4869=DIRECTION('',(0.0,0.0,-1.0));
#4870=AXIS2_PLACEMENT_3D('',#4867,#4868,#4869);
#4871=PLANE('',#4870);
#4872=CARTESIAN_POINT('',(28.000000000000004,13.100000000000003,-0.800000000000001));
#4873=VERTEX_POINT('',#4872);
#4874=CARTESIAN_POINT('',(28.000000000000007,13.100000000000003,-3.8));
#4875=DIRECTION('',(0.0,0.0,1.0));
#4876=VECTOR('',#4875,2.999999999999999);
#4877=LINE('',#4874,#4876);
#4878=EDGE_CURVE('',#436,#4873,#4877,.T.);
#4879=ORIENTED_EDGE('',*,*,#4878,.F.);
#4880=ORIENTED_EDGE('',*,*,#441,.F.);
#4881=ORIENTED_EDGE('',*,*,#471,.F.);
#4882=CARTESIAN_POINT('',(28.000000000000004,18.900000000000002,-0.800000000000001));
#4883=VERTEX_POINT('',#4882);
#4884=CARTESIAN_POINT('',(28.000000000000007,18.900000000000002,-0.800000000000001));
#4885=DIRECTION('',(0.0,0.0,-1.0));
#4886=VECTOR('',#4885,2.999999999999999);
#4887=LINE('',#4884,#4886);
#4888=EDGE_CURVE('',#4883,#460,#4887,.T.);
#4889=ORIENTED_EDGE('',*,*,#4888,.F.);
#4890=CARTESIAN_POINT('',(28.000000000000004,18.900000000000002,-0.800000000000001));
#4891=DIRECTION('',(0.0,-1.0,0.0));
#4892=VECTOR('',#4891,5.800000000000001);
#4893=LINE('',#4890,#4892);
#4894=EDGE_CURVE('',#4883,#4873,#4893,.T.);
#4895=ORIENTED_EDGE('',*,*,#4894,.T.);
#4896=EDGE_LOOP('',(#4879,#4880,#4881,#4889,#4895));
#4897=FACE_OUTER_BOUND('',#4896,.T.);
#4898=ADVANCED_FACE('',(#4897),#4871,.F.);
#4899=CARTESIAN_POINT('',(28.000000000000004,20.000000000000004,-0.800000000000001));
#4900=DIRECTION('',(0.0,0.0,1.0));
#4901=DIRECTION('',(-1.0,0.0,0.0));
#4902=AXIS2_PLACEMENT_3D('',#4899,#4900,#4901);
#4903=PLANE('',#4902);
#4904=CARTESIAN_POINT('',(28.285164875798657,13.100000000000003,-0.800000000000002));
#4905=VERTEX_POINT('',#4904);
#4906=CARTESIAN_POINT('',(28.000000000000004,13.100000000000003,-0.800000000000001));
#4907=DIRECTION('',(1.0,0.0,0.0));
#4908=VECTOR('',#4907,0.285164875798653);
#4909=LINE('',#4906,#4908);
#4910=EDGE_CURVE('',#4873,#4905,#4909,.T.);
#4911=ORIENTED_EDGE('',*,*,#4910,.F.);
#4912=ORIENTED_EDGE('',*,*,#4894,.F.);
#4913=CARTESIAN_POINT('',(28.285164875798657,18.900000000000002,-0.800000000000002));
#4914=VERTEX_POINT('',#4913);
#4915=CARTESIAN_POINT('',(28.285164875798657,18.900000000000002,-0.800000000000002));
#4916=DIRECTION('',(-1.0,0.0,0.0));
#4917=VECTOR('',#4916,0.285164875798653);
#4918=LINE('',#4915,#4917);
#4919=EDGE_CURVE('',#4914,#4883,#4918,.T.);
#4920=ORIENTED_EDGE('',*,*,#4919,.F.);
#4921=CARTESIAN_POINT('',(28.285164875798657,18.900000000000002,-0.800000000000002));
#4922=DIRECTION('',(0.0,-1.0,0.0));
#4923=VECTOR('',#4922,5.800000000000001);
#4924=LINE('',#4921,#4923);
#4925=EDGE_CURVE('',#4914,#4905,#4924,.T.);
#4926=ORIENTED_EDGE('',*,*,#4925,.T.);
#4927=EDGE_LOOP('',(#4911,#4912,#4920,#4926));
#4928=FACE_OUTER_BOUND('',#4927,.T.);
#4929=ADVANCED_FACE('',(#4928),#4903,.F.);
#4930=CARTESIAN_POINT('',(32.0,20.000000000000004,-2.220446E-015));
#4931=DIRECTION('',(0.0,-1.0,0.0));
#4932=DIRECTION('',(0.0,0.0,-1.0));
#4933=AXIS2_PLACEMENT_3D('',#4930,#4931,#4932);
#4934=CYLINDRICAL_SURFACE('',#4933,3.800000000000003);
#4935=CARTESIAN_POINT('',(32.0,13.100000000000003,-2.220446E-015));
#4936=DIRECTION('',(0.0,-1.0,0.0));
#4937=DIRECTION('',(0.0,0.0,-1.0));
#4938=AXIS2_PLACEMENT_3D('',#4935,#4936,#4937);
#4939=CIRCLE('',#4938,3.800000000000003);
#4940=EDGE_CURVE('',#4905,#444,#4939,.T.);
#4941=ORIENTED_EDGE('',*,*,#4940,.F.);
#4942=ORIENTED_EDGE('',*,*,#4925,.F.);
#4943=CARTESIAN_POINT('',(32.0,18.900000000000002,-2.220446E-015));
#4944=DIRECTION('',(0.0,1.0,0.0));
#4945=DIRECTION('',(0.0,0.0,-1.0));
#4946=AXIS2_PLACEMENT_3D('',#4943,#4944,#4945);
#4947=CIRCLE('',#4946,3.800000000000003);
#4948=EDGE_CURVE('',#452,#4914,#4947,.T.);
#4949=ORIENTED_EDGE('',*,*,#4948,.F.);
#4950=ORIENTED_EDGE('',*,*,#457,.F.);
#4951=EDGE_LOOP('',(#4941,#4942,#4949,#4950));
#4952=FACE_OUTER_BOUND('',#4951,.T.);
#4953=ADVANCED_FACE('',(#4952),#4934,.T.);
#4954=CARTESIAN_POINT('',(30.0,18.900000000000002,-1.942890E-015));
#4955=DIRECTION('',(0.0,1.0,0.0));
#4956=DIRECTION('',(0.0,0.0,-1.0));
#4957=AXIS2_PLACEMENT_3D('',#4954,#4955,#4956);
#4958=PLANE('',#4957);
#4959=ORIENTED_EDGE('',*,*,#4948,.T.);
#4960=ORIENTED_EDGE('',*,*,#4919,.T.);
#4961=ORIENTED_EDGE('',*,*,#4888,.T.);
#4962=ORIENTED_EDGE('',*,*,#465,.F.);
#4963=EDGE_LOOP('',(#4959,#4960,#4961,#4962));
#4964=FACE_OUTER_BOUND('',#4963,.T.);
#4965=ADVANCED_FACE('',(#4964),#4958,.F.);
#4966=CARTESIAN_POINT('',(30.0,13.100000000000003,-1.942890E-015));
#4967=DIRECTION('',(0.0,-1.0,0.0));
#4968=DIRECTION('',(0.0,0.0,1.0));
#4969=AXIS2_PLACEMENT_3D('',#4966,#4967,#4968);
#4970=PLANE('',#4969);
#4971=ORIENTED_EDGE('',*,*,#4940,.T.);
#4972=ORIENTED_EDGE('',*,*,#449,.F.);
#4973=ORIENTED_EDGE('',*,*,#4878,.T.);
#4974=ORIENTED_EDGE('',*,*,#4910,.T.);
#4975=EDGE_LOOP('',(#4971,#4972,#4973,#4974));
#4976=FACE_OUTER_BOUND('',#4975,.T.);
#4977=ADVANCED_FACE('',(#4976),#4970,.F.);
#4978=CARTESIAN_POINT('',(28.000000000000007,8.0,0.0));
#4979=DIRECTION('',(-1.0,0.0,0.0));
#4980=DIRECTION('',(0.0,0.0,-1.0));
#4981=AXIS2_PLACEMENT_3D('',#4978,#4979,#4980);
#4982=CYLINDRICAL_SURFACE('',#4981,3.8);
#4983=CARTESIAN_POINT('',(21.100000000000009,11.714835124201343,0.800000000000001));
#4984=VERTEX_POINT('',#4983);
#4985=CARTESIAN_POINT('',(21.100000000000009,8.0,0.0));
#4986=DIRECTION('',(-1.0,0.0,0.0));
#4987=DIRECTION('',(0.0,0.0,-1.0));
#4988=AXIS2_PLACEMENT_3D('',#4985,#4986,#4987);
#4989=CIRCLE('',#4988,3.8);
#4990=EDGE_CURVE('',#587,#4984,#4989,.T.);
#4991=ORIENTED_EDGE('',*,*,#4990,.F.);
#4992=ORIENTED_EDGE('',*,*,#592,.T.);
#4993=CARTESIAN_POINT('',(26.900000000000009,11.714835124201343,0.800000000000001));
#4994=VERTEX_POINT('',#4993);
#4995=CARTESIAN_POINT('',(26.900000000000009,8.0,0.0));
#4996=DIRECTION('',(1.0,0.0,0.0));
#4997=DIRECTION('',(0.0,0.0,-1.0));
#4998=AXIS2_PLACEMENT_3D('',#4995,#4996,#4997);
#4999=CIRCLE('',#4998,3.8);
#5000=EDGE_CURVE('',#4994,#579,#4999,.T.);
#5001=ORIENTED_EDGE('',*,*,#5000,.F.);
#5002=CARTESIAN_POINT('',(26.900000000000009,11.714835124201343,0.800000000000001));
#5003=DIRECTION('',(-1.0,0.0,0.0));
#5004=VECTOR('',#5003,5.800000000000001);
#5005=LINE('',#5002,#5004);
#5006=EDGE_CURVE('',#4994,#4984,#5005,.T.);
#5007=ORIENTED_EDGE('',*,*,#5006,.T.);
#5008=EDGE_LOOP('',(#4991,#4992,#5001,#5007));
#5009=FACE_OUTER_BOUND('',#5008,.T.);
#5010=ADVANCED_FACE('',(#5009),#4982,.T.);
#5011=CARTESIAN_POINT('',(28.000000000000007,11.714835124201343,0.800000000000001));
#5012=DIRECTION('',(0.0,0.0,-1.0));
#5013=DIRECTION('',(1.0,0.0,0.0));
#5014=AXIS2_PLACEMENT_3D('',#5011,#5012,#5013);
#5015=PLANE('',#5014);
#5016=CARTESIAN_POINT('',(21.100000000000009,11.714835124201345,0.800000000000001));
#5017=DIRECTION('',(0.0,1.0,0.0));
#5018=VECTOR('',#5017,0.285164875798655);
#5019=LINE('',#5016,#5018);
#5020=EDGE_CURVE('',#4984,#2985,#5019,.T.);
#5021=ORIENTED_EDGE('',*,*,#5020,.F.);
#5022=ORIENTED_EDGE('',*,*,#5006,.F.);
#5023=CARTESIAN_POINT('',(26.900000000000009,12.0,0.800000000000001));
#5024=DIRECTION('',(0.0,-1.0,0.0));
#5025=VECTOR('',#5024,0.285164875798655);
#5026=LINE('',#5023,#5025);
#5027=EDGE_CURVE('',#2993,#4994,#5026,.T.);
#5028=ORIENTED_EDGE('',*,*,#5027,.F.);
#5029=ORIENTED_EDGE('',*,*,#2998,.T.);
#5030=EDGE_LOOP('',(#5021,#5022,#5028,#5029));
#5031=FACE_OUTER_BOUND('',#5030,.T.);
#5032=ADVANCED_FACE('',(#5031),#5015,.F.);
#5033=CARTESIAN_POINT('',(26.900000000000009,9.999999999999998,2.3));
#5034=DIRECTION('',(1.0,0.0,0.0));
#5035=DIRECTION('',(0.0,0.0,1.0));
#5036=AXIS2_PLACEMENT_3D('',#5033,#5034,#5035);
#5037=PLANE('',#5036);
#5038=ORIENTED_EDGE('',*,*,#5000,.T.);
#5039=ORIENTED_EDGE('',*,*,#584,.F.);
#5040=ORIENTED_EDGE('',*,*,#3004,.T.);
#5041=ORIENTED_EDGE('',*,*,#5027,.T.);
#5042=EDGE_LOOP('',(#5038,#5039,#5040,#5041));
#5043=FACE_OUTER_BOUND('',#5042,.T.);
#5044=ADVANCED_FACE('',(#5043),#5037,.F.);
#5045=CARTESIAN_POINT('',(21.100000000000009,9.999999999999998,2.3));
#5046=DIRECTION('',(-1.0,0.0,0.0));
#5047=DIRECTION('',(0.0,0.0,-1.0));
#5048=AXIS2_PLACEMENT_3D('',#5045,#5046,#5047);
#5049=PLANE('',#5048);
#5050=ORIENTED_EDGE('',*,*,#4990,.T.);
#5051=ORIENTED_EDGE('',*,*,#5020,.T.);
#5052=ORIENTED_EDGE('',*,*,#2990,.T.);
#5053=ORIENTED_EDGE('',*,*,#600,.F.);
#5054=EDGE_LOOP('',(#5050,#5051,#5052,#5053));
#5055=FACE_OUTER_BOUND('',#5054,.T.);
#5056=ADVANCED_FACE('',(#5055),#5049,.F.);
#5057=CARTESIAN_POINT('',(40.0,11.999999999999996,3.8));
#5058=DIRECTION('',(-1.0,0.0,0.0));
#5059=DIRECTION('',(0.0,0.0,-1.0));
#5060=AXIS2_PLACEMENT_3D('',#5057,#5058,#5059);
#5061=PLANE('',#5060);
#5062=CARTESIAN_POINT('',(40.0,12.799999999999995,3.199999999999998));
#5063=VERTEX_POINT('',#5062);
#5064=CARTESIAN_POINT('',(40.0,12.799999999999997,3.8));
#5065=DIRECTION('',(0.0,0.0,-1.0));
#5066=VECTOR('',#5065,0.600000000000001);
#5067=LINE('',#5064,#5066);
#5068=EDGE_CURVE('',#490,#5063,#5067,.T.);
#5069=ORIENTED_EDGE('',*,*,#5068,.F.);
#5070=ORIENTED_EDGE('',*,*,#766,.T.);
#5071=CARTESIAN_POINT('',(40.0,11.999999999999996,3.199999999999998));
#5072=VERTEX_POINT('',#5071);
#5073=CARTESIAN_POINT('',(40.0,11.999999999999996,3.199999999999998));
#5074=DIRECTION('',(0.0,0.0,1.0));
#5075=VECTOR('',#5074,0.600000000000001);
#5076=LINE('',#5073,#5075);
#5077=EDGE_CURVE('',#5072,#755,#5076,.T.);
#5078=ORIENTED_EDGE('',*,*,#5077,.F.);
#5079=CARTESIAN_POINT('',(40.0,11.999999999999996,3.199999999999998));
#5080=DIRECTION('',(0.0,1.0,0.0));
#5081=VECTOR('',#5080,0.799999999999999);
#5082=LINE('',#5079,#5081);
#5083=EDGE_CURVE('',#5072,#5063,#5082,.T.);
#5084=ORIENTED_EDGE('',*,*,#5083,.T.);
#5085=EDGE_LOOP('',(#5069,#5070,#5078,#5084));
#5086=FACE_OUTER_BOUND('',#5085,.T.);
#5087=ADVANCED_FACE('',(#5086),#5061,.F.);
#5088=CARTESIAN_POINT('',(40.0,11.999999999999996,3.199999999999998));
#5089=DIRECTION('',(0.0,0.0,1.0));
#5090=DIRECTION('',(-1.0,0.0,0.0));
#5091=AXIS2_PLACEMENT_3D('',#5088,#5089,#5090);
#5092=PLANE('',#5091);
#5093=CARTESIAN_POINT('',(32.0,12.799999999999995,3.199999999999998));
#5094=VERTEX_POINT('',#5093);
#5095=CARTESIAN_POINT('',(40.0,12.799999999999997,3.199999999999998));
#5096=DIRECTION('',(-1.0,0.0,0.0));
#5097=VECTOR('',#5096,8.0);
#5098=LINE('',#5095,#5097);
#5099=EDGE_CURVE('',#5063,#5094,#5098,.T.);
#5100=ORIENTED_EDGE('',*,*,#5099,.F.);
#5101=ORIENTED_EDGE('',*,*,#5083,.F.);
#5102=CARTESIAN_POINT('',(32.0,11.999999999999996,3.199999999999998));
#5103=VERTEX_POINT('',#5102);
#5104=CARTESIAN_POINT('',(32.0,11.999999999999996,3.199999999999998));
#5105=DIRECTION('',(1.0,0.0,0.0));
#5106=VECTOR('',#5105,8.0);
#5107=LINE('',#5104,#5106);
#5108=EDGE_CURVE('',#5103,#5072,#5107,.T.);
#5109=ORIENTED_EDGE('',*,*,#5108,.F.);
#5110=CARTESIAN_POINT('',(32.0,11.999999999999996,3.199999999999998));
#5111=DIRECTION('',(0.0,1.0,0.0));
#5112=VECTOR('',#5111,0.799999999999999);
#5113=LINE('',#5110,#5112);
#5114=EDGE_CURVE('',#5103,#5094,#5113,.T.);
#5115=ORIENTED_EDGE('',*,*,#5114,.T.);
#5116=EDGE_LOOP('',(#5100,#5101,#5109,#5115));
#5117=FACE_OUTER_BOUND('',#5116,.T.);
#5118=ADVANCED_FACE('',(#5117),#5092,.F.);
#5119=CARTESIAN_POINT('',(32.0,11.999999999999996,-2.220446E-015));
#5120=DIRECTION('',(0.0,1.0,0.0));
#5121=DIRECTION('',(0.0,0.0,-1.0));
#5122=AXIS2_PLACEMENT_3D('',#5119,#5120,#5121);
#5123=CYLINDRICAL_SURFACE('',#5122,3.200000000000001);
#5124=CARTESIAN_POINT('',(32.0,12.799999999999995,-3.200000000000003));
#5125=VERTEX_POINT('',#5124);
#5126=CARTESIAN_POINT('',(32.0,12.799999999999997,-2.220446E-015));
#5127=DIRECTION('',(0.0,-1.0,0.0));
#5128=DIRECTION('',(0.0,0.0,-1.0));
#5129=AXIS2_PLACEMENT_3D('',#5126,#5127,#5128);
#5130=CIRCLE('',#5129,3.200000000000001);
#5131=EDGE_CURVE('',#5094,#5125,#5130,.T.);
#5132=ORIENTED_EDGE('',*,*,#5131,.F.);
#5133=ORIENTED_EDGE('',*,*,#5114,.F.);
#5134=CARTESIAN_POINT('',(32.0,11.999999999999996,-3.200000000000003));
#5135=VERTEX_POINT('',#5134);
#5136=CARTESIAN_POINT('',(32.0,11.999999999999996,-2.220446E-015));
#5137=DIRECTION('',(0.0,1.0,0.0));
#5138=DIRECTION('',(0.0,0.0,-1.0));
#5139=AXIS2_PLACEMENT_3D('',#5136,#5137,#5138);
#5140=CIRCLE('',#5139,3.200000000000001);
#5141=EDGE_CURVE('',#5135,#5103,#5140,.T.);
#5142=ORIENTED_EDGE('',*,*,#5141,.F.);
#5143=CARTESIAN_POINT('',(32.0,11.999999999999996,-3.200000000000003));
#5144=DIRECTION('',(0.0,1.0,0.0));
#5145=VECTOR('',#5144,0.799999999999999);
#5146=LINE('',#5143,#5145);
#5147=EDGE_CURVE('',#5135,#5125,#5146,.T.);
#5148=ORIENTED_EDGE('',*,*,#5147,.T.);
#5149=EDGE_LOOP('',(#5132,#5133,#5142,#5148));
#5150=FACE_OUTER_BOUND('',#5149,.T.);
#5151=ADVANCED_FACE('',(#5150),#5123,.F.);
#5152=CARTESIAN_POINT('',(32.0,11.999999999999996,-3.200000000000003));
#5153=DIRECTION('',(0.0,0.0,-1.0));
#5154=DIRECTION('',(1.0,0.0,0.0));
#5155=AXIS2_PLACEMENT_3D('',#5152,#5153,#5154);
#5156=PLANE('',#5155);
#5157=CARTESIAN_POINT('',(40.0,12.799999999999995,-3.200000000000003));
#5158=VERTEX_POINT('',#5157);
#5159=CARTESIAN_POINT('',(32.0,12.799999999999997,-3.200000000000003));
#5160=DIRECTION('',(1.0,0.0,0.0));
#5161=VECTOR('',#5160,8.0);
#5162=LINE('',#5159,#5161);
#5163=EDGE_CURVE('',#5125,#5158,#5162,.T.);
#5164=ORIENTED_EDGE('',*,*,#5163,.F.);
#5165=ORIENTED_EDGE('',*,*,#5147,.F.);
#5166=CARTESIAN_POINT('',(40.0,11.999999999999996,-3.200000000000003));
#5167=VERTEX_POINT('',#5166);
#5168=CARTESIAN_POINT('',(40.0,11.999999999999996,-3.200000000000003));
#5169=DIRECTION('',(-1.0,0.0,0.0));
#5170=VECTOR('',#5169,8.0);
#5171=LINE('',#5168,#5170);
#5172=EDGE_CURVE('',#5167,#5135,#5171,.T.);
#5173=ORIENTED_EDGE('',*,*,#5172,.F.);
#5174=CARTESIAN_POINT('',(40.0,11.999999999999996,-3.200000000000003));
#5175=DIRECTION('',(0.0,1.0,0.0));
#5176=VECTOR('',#5175,0.799999999999999);
#5177=LINE('',#5174,#5176);
#5178=EDGE_CURVE('',#5167,#5158,#5177,.T.);
#5179=ORIENTED_EDGE('',*,*,#5178,.T.);
#5180=EDGE_LOOP('',(#5164,#5165,#5173,#5179));
#5181=FACE_OUTER_BOUND('',#5180,.T.);
#5182=ADVANCED_FACE('',(#5181),#5156,.F.);
#5183=CARTESIAN_POINT('',(40.0,11.999999999999996,-3.200000000000003));
#5184=DIRECTION('',(-1.0,0.0,0.0));
#5185=DIRECTION('',(0.0,0.0,-1.0));
#5186=AXIS2_PLACEMENT_3D('',#5183,#5184,#5185);
#5187=PLANE('',#5186);
#5188=CARTESIAN_POINT('',(40.0,12.799999999999997,-3.200000000000003));
#5189=DIRECTION('',(0.0,0.0,-1.0));
#5190=VECTOR('',#5189,0.599999999999998);
#5191=LINE('',#5188,#5190);
#5192=EDGE_CURVE('',#5158,#187,#5191,.T.);
#5193=ORIENTED_EDGE('',*,*,#5192,.F.);
#5194=ORIENTED_EDGE('',*,*,#5178,.F.);
#5195=CARTESIAN_POINT('',(40.0,11.999999999999996,-3.800000000000002));
#5196=DIRECTION('',(0.0,0.0,1.0));
#5197=VECTOR('',#5196,0.599999999999999);
#5198=LINE('',#5195,#5197);
#5199=EDGE_CURVE('',#195,#5167,#5198,.T.);
#5200=ORIENTED_EDGE('',*,*,#5199,.F.);
#5201=ORIENTED_EDGE('',*,*,#200,.F.);
#5202=EDGE_LOOP('',(#5193,#5194,#5200,#5201));
#5203=FACE_OUTER_BOUND('',#5202,.T.);
#5204=ADVANCED_FACE('',(#5203),#5187,.F.);
#5205=CARTESIAN_POINT('',(36.508106462797237,12.799999999999995,-2.076775E-015));
#5206=DIRECTION('',(0.0,-1.0,0.0));
#5207=DIRECTION('',(0.0,0.0,1.0));
#5208=AXIS2_PLACEMENT_3D('',#5205,#5206,#5207);
#5209=PLANE('',#5208);
#5210=ORIENTED_EDGE('',*,*,#502,.F.);
#5211=ORIENTED_EDGE('',*,*,#5068,.T.);
#5212=ORIENTED_EDGE('',*,*,#5099,.T.);
#5213=ORIENTED_EDGE('',*,*,#5131,.T.);
#5214=ORIENTED_EDGE('',*,*,#5163,.T.);
#5215=ORIENTED_EDGE('',*,*,#5192,.T.);
#5216=EDGE_LOOP('',(#5210,#5211,#5212,#5213,#5214,#5215));
#5217=FACE_OUTER_BOUND('',#5216,.T.);
#5218=CARTESIAN_POINT('',(29.600000000000001,12.799999999999995,-2.514361E-015));
#5219=VERTEX_POINT('',#5218);
#5220=CARTESIAN_POINT('',(32.0,12.799999999999995,-2.220446E-015));
#5221=DIRECTION('',(0.0,-1.0,0.0));
#5222=DIRECTION('',(1.0,0.0,0.0));
#5223=AXIS2_PLACEMENT_3D('',#5220,#5221,#5222);
#5224=CIRCLE('',#5223,2.4);
#5225=EDGE_CURVE('',#5219,#5219,#5224,.T.);
#5226=ORIENTED_EDGE('',*,*,#5225,.F.);
#5227=EDGE_LOOP('',(#5226));
#5228=FACE_BOUND('',#5227,.T.);
#5229=CARTESIAN_POINT('',(37.599999999999994,12.799999999999995,-2.514361E-015));
#5230=VERTEX_POINT('',#5229);
#5231=CARTESIAN_POINT('',(40.0,12.799999999999995,-2.220446E-015));
#5232=DIRECTION('',(0.0,-1.0,0.0));
#5233=DIRECTION('',(1.0,0.0,0.0));
#5234=AXIS2_PLACEMENT_3D('',#5231,#5232,#5233);
#5235=CIRCLE('',#5234,2.4);
#5236=EDGE_CURVE('',#5230,#5230,#5235,.T.);
#5237=ORIENTED_EDGE('',*,*,#5236,.F.);
#5238=EDGE_LOOP('',(#5237));
#5239=FACE_BOUND('',#5238,.T.);
#5240=ADVANCED_FACE('',(#5217,#5228,#5239),#5209,.T.);
#5241=CARTESIAN_POINT('',(33.178598504429338,11.999999999999996,-7.685115E-016));
#5242=DIRECTION('',(0.0,-1.0,0.0));
#5243=DIRECTION('',(0.0,0.0,1.0));
#5244=AXIS2_PLACEMENT_3D('',#5241,#5242,#5243);
#5245=PLANE('',#5244);
#5246=ORIENTED_EDGE('',*,*,#208,.T.);
#5247=ORIENTED_EDGE('',*,*,#5199,.T.);
#5248=ORIENTED_EDGE('',*,*,#5172,.T.);
#5249=ORIENTED_EDGE('',*,*,#5141,.T.);
#5250=ORIENTED_EDGE('',*,*,#5108,.T.);
#5251=ORIENTED_EDGE('',*,*,#5077,.T.);
#5252=ORIENTED_EDGE('',*,*,#760,.T.);
#5253=ORIENTED_EDGE('',*,*,#2400,.F.);
#5254=CARTESIAN_POINT('',(28.0,11.999999999999996,-3.7));
#5255=DIRECTION('',(0.0,0.0,1.0));
#5256=VECTOR('',#5255,7.4);
#5257=LINE('',#5254,#5256);
#5258=EDGE_CURVE('',#2371,#2394,#5257,.T.);
#5259=ORIENTED_EDGE('',*,*,#5258,.F.);
#5260=ORIENTED_EDGE('',*,*,#2377,.F.);
#5261=EDGE_LOOP('',(#5246,#5247,#5248,#5249,#5250,#5251,#5252,#5253,#5259,#5260));
#5262=FACE_OUTER_BOUND('',#5261,.T.);
#5263=ADVANCED_FACE('',(#5262),#5245,.T.);
#5264=CARTESIAN_POINT('',(36.000000000000007,14.399999999999995,4.163336E-016));
#5265=DIRECTION('',(0.0,-1.0,0.0));
#5266=DIRECTION('',(0.0,0.0,1.0));
#5267=AXIS2_PLACEMENT_3D('',#5264,#5265,#5266);
#5268=PLANE('',#5267);
#5269=CARTESIAN_POINT('',(34.381176179958132,14.399999999999995,-2.700000000000001));
#5270=VERTEX_POINT('',#5269);
#5271=CARTESIAN_POINT('',(37.618823820041868,14.399999999999995,-2.700000000000001));
#5272=VERTEX_POINT('',#5271);
#5273=CARTESIAN_POINT('',(34.381176179958132,14.399999999999995,-2.700000000000001));
#5274=DIRECTION('',(1.0,0.0,0.0));
#5275=VECTOR('',#5274,3.237647640083736);
#5276=LINE('',#5273,#5275);
#5277=EDGE_CURVE('',#5270,#5272,#5276,.T.);
#5278=ORIENTED_EDGE('',*,*,#5277,.F.);
#5279=CARTESIAN_POINT('',(34.381176179958132,14.399999999999995,2.7));
#5280=VERTEX_POINT('',#5279);
#5281=CARTESIAN_POINT('',(32.0,14.399999999999995,-2.220446E-015));
#5282=DIRECTION('',(0.0,1.0,0.0));
#5283=DIRECTION('',(-0.661437827766146,0.0,0.750000000000001));
#5284=AXIS2_PLACEMENT_3D('',#5281,#5282,#5283);
#5285=CIRCLE('',#5284,3.6);
#5286=EDGE_CURVE('',#5280,#5270,#5285,.T.);
#5287=ORIENTED_EDGE('',*,*,#5286,.F.);
#5288=CARTESIAN_POINT('',(37.618823820041868,14.399999999999995,2.699999999999998));
#5289=VERTEX_POINT('',#5288);
#5290=CARTESIAN_POINT('',(37.618823820041868,14.399999999999995,2.699999999999998));
#5291=DIRECTION('',(-1.0,0.0,0.0));
#5292=VECTOR('',#5291,3.237647640083743);
#5293=LINE('',#5290,#5292);
#5294=EDGE_CURVE('',#5289,#5280,#5293,.T.);
#5295=ORIENTED_EDGE('',*,*,#5294,.F.);
#5296=CARTESIAN_POINT('',(40.0,14.399999999999995,-2.220446E-015));
#5297=DIRECTION('',(0.0,1.0,0.0));
#5298=DIRECTION('',(-0.661437827766148,0.0,-0.75));
#5299=AXIS2_PLACEMENT_3D('',#5296,#5297,#5298);
#5300=CIRCLE('',#5299,3.6);
#5301=EDGE_CURVE('',#5272,#5289,#5300,.T.);
#5302=ORIENTED_EDGE('',*,*,#5301,.F.);
#5303=EDGE_LOOP('',(#5278,#5287,#5295,#5302));
#5304=FACE_OUTER_BOUND('',#5303,.T.);
#5305=ADVANCED_FACE('',(#5304),#5268,.F.);
#5306=CARTESIAN_POINT('',(40.0,20.000000000000004,-2.220446E-015));
#5307=DIRECTION('',(0.0,-1.0,0.0));
#5308=DIRECTION('',(-0.661437827766148,0.0,-0.75));
#5309=AXIS2_PLACEMENT_3D('',#5306,#5307,#5308);
#5310=CYLINDRICAL_SURFACE('',#5309,3.6);
#5311=ORIENTED_EDGE('',*,*,#5301,.T.);
#5312=CARTESIAN_POINT('',(37.618823820041868,14.399999999999995,2.699999999999998));
#5313=DIRECTION('',(0.0,1.0,0.0));
#5314=VECTOR('',#5313,5.600000000000001);
#5315=LINE('',#5312,#5314);
#5316=EDGE_CURVE('',#5289,#2022,#5315,.T.);
#5317=ORIENTED_EDGE('',*,*,#5316,.T.);
#5318=ORIENTED_EDGE('',*,*,#2028,.F.);
#5319=CARTESIAN_POINT('',(37.618823820041868,20.0,-2.700000000000001));
#5320=DIRECTION('',(0.0,-1.0,0.0));
#5321=VECTOR('',#5320,5.600000000000005);
#5322=LINE('',#5319,#5321);
#5323=EDGE_CURVE('',#2014,#5272,#5322,.T.);
#5324=ORIENTED_EDGE('',*,*,#5323,.T.);
#5325=EDGE_LOOP('',(#5311,#5317,#5318,#5324));
#5326=FACE_OUTER_BOUND('',#5325,.T.);
#5327=ADVANCED_FACE('',(#5326),#5310,.T.);
#5328=CARTESIAN_POINT('',(28.000000000000004,20.0,2.700000000000004));
#5329=DIRECTION('',(0.0,0.0,1.0));
#5330=DIRECTION('',(-1.0,0.0,0.0));
#5331=AXIS2_PLACEMENT_3D('',#5328,#5329,#5330);
#5332=PLANE('',#5331);
#5333=ORIENTED_EDGE('',*,*,#5294,.T.);
#5334=CARTESIAN_POINT('',(34.381176179958132,19.999999999999996,2.7));
#5335=DIRECTION('',(0.0,-1.0,0.0));
#5336=VECTOR('',#5335,5.600000000000001);
#5337=LINE('',#5334,#5336);
#5338=EDGE_CURVE('',#2031,#5280,#5337,.T.);
#5339=ORIENTED_EDGE('',*,*,#5338,.F.);
#5340=ORIENTED_EDGE('',*,*,#2036,.F.);
#5341=ORIENTED_EDGE('',*,*,#5316,.F.);
#5342=EDGE_LOOP('',(#5333,#5339,#5340,#5341));
#5343=FACE_OUTER_BOUND('',#5342,.T.);
#5344=ADVANCED_FACE('',(#5343),#5332,.F.);
#5345=CARTESIAN_POINT('',(32.0,20.000000000000004,-2.220446E-015));
#5346=DIRECTION('',(0.0,-1.0,0.0));
#5347=DIRECTION('',(-0.661437827766146,0.0,0.750000000000001));
#5348=AXIS2_PLACEMENT_3D('',#5345,#5346,#5347);
#5349=CYLINDRICAL_SURFACE('',#5348,3.6);
#5350=ORIENTED_EDGE('',*,*,#5286,.T.);
#5351=CARTESIAN_POINT('',(34.381176179958132,14.399999999999995,-2.700000000000001));
#5352=DIRECTION('',(0.0,1.0,0.0));
#5353=VECTOR('',#5352,5.600000000000005);
#5354=LINE('',#5351,#5353);
#5355=EDGE_CURVE('',#5270,#2012,#5354,.T.);
#5356=ORIENTED_EDGE('',*,*,#5355,.T.);
#5357=ORIENTED_EDGE('',*,*,#2043,.F.);
#5358=ORIENTED_EDGE('',*,*,#5338,.T.);
#5359=EDGE_LOOP('',(#5350,#5356,#5357,#5358));
#5360=FACE_OUTER_BOUND('',#5359,.T.);
#5361=ADVANCED_FACE('',(#5360),#5349,.T.);
#5362=CARTESIAN_POINT('',(32.0,20.000000000000004,-2.220446E-015));
#5363=DIRECTION('',(0.0,-1.0,0.0));
#5364=DIRECTION('',(1.0,0.0,0.0));
#5365=AXIS2_PLACEMENT_3D('',#5362,#5363,#5364);
#5366=CYLINDRICAL_SURFACE('',#5365,2.4);
#5367=ORIENTED_EDGE('',*,*,#4739,.T.);
#5368=EDGE_LOOP('',(#5367));
#5369=FACE_OUTER_BOUND('',#5368,.T.);
#5370=ORIENTED_EDGE('',*,*,#5225,.T.);
#5371=EDGE_LOOP('',(#5370));
#5372=FACE_BOUND('',#5371,.T.);
#5373=ADVANCED_FACE('',(#5369,#5372),#5366,.F.);
#5374=CARTESIAN_POINT('',(40.0,20.000000000000004,-2.220446E-015));
#5375=DIRECTION('',(0.0,-1.0,0.0));
#5376=DIRECTION('',(1.0,0.0,0.0));
#5377=AXIS2_PLACEMENT_3D('',#5374,#5375,#5376);
#5378=CYLINDRICAL_SURFACE('',#5377,2.4);
#5379=ORIENTED_EDGE('',*,*,#4699,.T.);
#5380=EDGE_LOOP('',(#5379));
#5381=FACE_OUTER_BOUND('',#5380,.T.);
#5382=ORIENTED_EDGE('',*,*,#5236,.T.);
#5383=EDGE_LOOP('',(#5382));
#5384=FACE_BOUND('',#5383,.T.);
#5385=ADVANCED_FACE('',(#5381,#5384),#5378,.F.);
#5386=CARTESIAN_POINT('',(40.0,20.0,-2.700000000000001));
#5387=DIRECTION('',(0.0,0.0,-1.0));
#5388=DIRECTION('',(1.0,0.0,0.0));
#5389=AXIS2_PLACEMENT_3D('',#5386,#5387,#5388);
#5390=PLANE('',#5389);
#5391=ORIENTED_EDGE('',*,*,#5277,.T.);
#5392=ORIENTED_EDGE('',*,*,#5323,.F.);
#5393=ORIENTED_EDGE('',*,*,#2019,.F.);
#5394=ORIENTED_EDGE('',*,*,#5355,.F.);
#5395=EDGE_LOOP('',(#5391,#5392,#5393,#5394));
#5396=FACE_OUTER_BOUND('',#5395,.T.);
#5397=ADVANCED_FACE('',(#5396),#5390,.F.);
#5398=CARTESIAN_POINT('',(28.0,16.0,0.0));
#5399=DIRECTION('',(1.0,0.0,0.0));
#5400=DIRECTION('',(0.0,0.0,-1.0));
#5401=AXIS2_PLACEMENT_3D('',#5398,#5399,#5400);
#5402=PLANE('',#5401);
#5403=ORIENTED_EDGE('',*,*,#2383,.F.);
#5404=ORIENTED_EDGE('',*,*,#5258,.T.);
#5405=ORIENTED_EDGE('',*,*,#2416,.F.);
#5406=CARTESIAN_POINT('',(28.000000000000007,-11.999999999999996,-3.700000000000001));
#5407=DIRECTION('',(0.0,0.0,1.0));
#5408=VECTOR('',#5407,7.4);
#5409=LINE('',#5406,#5408);
#5410=EDGE_CURVE('',#2361,#2404,#5409,.T.);
#5411=ORIENTED_EDGE('',*,*,#5410,.F.);
#5412=EDGE_LOOP('',(#5403,#5404,#5405,#5411));
#5413=FACE_OUTER_BOUND('',#5412,.T.);
#5414=CARTESIAN_POINT('',(28.0,-2.381176179958132,-2.7));
#5415=VERTEX_POINT('',#5414);
#5416=CARTESIAN_POINT('',(28.0,-2.381176179958132,2.7));
#5417=VERTEX_POINT('',#5416);
#5418=CARTESIAN_POINT('',(28.0,0.0,0.0));
#5419=DIRECTION('',(-1.0,0.0,0.0));
#5420=DIRECTION('',(0.0,-1.0,0.0));
#5421=AXIS2_PLACEMENT_3D('',#5418,#5419,#5420);
#5422=CIRCLE('',#5421,3.6);
#5423=EDGE_CURVE('',#5415,#5417,#5422,.T.);
#5424=ORIENTED_EDGE('',*,*,#5423,.F.);
#5425=CARTESIAN_POINT('',(28.0,-5.618823820041868,-2.7));
#5426=VERTEX_POINT('',#5425);
#5427=CARTESIAN_POINT('',(28.0,-2.381176179958133,-2.7));
#5428=DIRECTION('',(0.0,-1.0,0.0));
#5429=VECTOR('',#5428,3.237647640083736);
#5430=LINE('',#5427,#5429);
#5431=EDGE_CURVE('',#5415,#5426,#5430,.T.);
#5432=ORIENTED_EDGE('',*,*,#5431,.T.);
#5433=CARTESIAN_POINT('',(27.999999999999993,-5.618823820041868,2.7));
#5434=VERTEX_POINT('',#5433);
#5435=CARTESIAN_POINT('',(28.0,-8.0,0.0));
#5436=DIRECTION('',(-1.0,0.0,0.0));
#5437=DIRECTION('',(0.0,-1.0,0.0));
#5438=AXIS2_PLACEMENT_3D('',#5435,#5436,#5437);
#5439=CIRCLE('',#5438,3.600000000000001);
#5440=EDGE_CURVE('',#5434,#5426,#5439,.T.);
#5441=ORIENTED_EDGE('',*,*,#5440,.F.);
#5442=CARTESIAN_POINT('',(28.000000000000004,-5.618823820041869,2.7));
#5443=DIRECTION('',(0.0,1.0,0.0));
#5444=VECTOR('',#5443,3.237647640083736);
#5445=LINE('',#5442,#5444);
#5446=EDGE_CURVE('',#5434,#5417,#5445,.T.);
#5447=ORIENTED_EDGE('',*,*,#5446,.T.);
#5448=EDGE_LOOP('',(#5424,#5432,#5441,#5447));
#5449=FACE_BOUND('',#5448,.T.);
#5450=CARTESIAN_POINT('',(28.0,2.381176179958132,2.7));
#5451=VERTEX_POINT('',#5450);
#5452=CARTESIAN_POINT('',(28.0,5.61882382004187,2.7));
#5453=VERTEX_POINT('',#5452);
#5454=CARTESIAN_POINT('',(28.0,2.381176179958131,2.7));
#5455=DIRECTION('',(0.0,1.0,0.0));
#5456=VECTOR('',#5455,3.237647640083738);
#5457=LINE('',#5454,#5456);
#5458=EDGE_CURVE('',#5451,#5453,#5457,.T.);
#5459=ORIENTED_EDGE('',*,*,#5458,.T.);
#5460=CARTESIAN_POINT('',(28.0,5.61882382004187,-2.7));
#5461=VERTEX_POINT('',#5460);
#5462=CARTESIAN_POINT('',(28.0,8.0,0.0));
#5463=DIRECTION('',(-1.0,0.0,0.0));
#5464=DIRECTION('',(0.0,-1.0,0.0));
#5465=AXIS2_PLACEMENT_3D('',#5462,#5463,#5464);
#5466=CIRCLE('',#5465,3.6);
#5467=EDGE_CURVE('',#5461,#5453,#5466,.T.);
#5468=ORIENTED_EDGE('',*,*,#5467,.F.);
#5469=CARTESIAN_POINT('',(28.0,2.381176179958132,-2.7));
#5470=VERTEX_POINT('',#5469);
#5471=CARTESIAN_POINT('',(28.0,5.618823820041869,-2.7));
#5472=DIRECTION('',(0.0,-1.0,0.0));
#5473=VECTOR('',#5472,3.237647640083738);
#5474=LINE('',#5471,#5473);
#5475=EDGE_CURVE('',#5461,#5470,#5474,.T.);
#5476=ORIENTED_EDGE('',*,*,#5475,.T.);
#5477=CARTESIAN_POINT('',(28.0,0.0,0.0));
#5478=DIRECTION('',(-1.0,0.0,0.0));
#5479=DIRECTION('',(0.0,-1.0,0.0));
#5480=AXIS2_PLACEMENT_3D('',#5477,#5478,#5479);
#5481=CIRCLE('',#5480,3.6);
#5482=EDGE_CURVE('',#5451,#5470,#5481,.T.);
#5483=ORIENTED_EDGE('',*,*,#5482,.F.);
#5484=EDGE_LOOP('',(#5459,#5468,#5476,#5483));
#5485=FACE_BOUND('',#5484,.T.);
#5486=CARTESIAN_POINT('',(28.0,11.200000000000001,0.0));
#5487=VERTEX_POINT('',#5486);
#5488=CARTESIAN_POINT('',(28.0,8.0,0.0));
#5489=DIRECTION('',(-1.0,0.0,0.0));
#5490=DIRECTION('',(0.0,1.0,0.0));
#5491=AXIS2_PLACEMENT_3D('',#5488,#5489,#5490);
#5492=CIRCLE('',#5491,3.200000000000001);
#5493=EDGE_CURVE('',#5487,#5487,#5492,.T.);
#5494=ORIENTED_EDGE('',*,*,#5493,.T.);
#5495=EDGE_LOOP('',(#5494));
#5496=FACE_BOUND('',#5495,.T.);
#5497=CARTESIAN_POINT('',(28.0,3.200000000000001,0.0));
#5498=VERTEX_POINT('',#5497);
#5499=CARTESIAN_POINT('',(28.0,0.0,0.0));
#5500=DIRECTION('',(-1.0,0.0,0.0));
#5501=DIRECTION('',(0.0,1.0,0.0));
#5502=AXIS2_PLACEMENT_3D('',#5499,#5500,#5501);
#5503=CIRCLE('',#5502,3.200000000000001);
#5504=EDGE_CURVE('',#5498,#5498,#5503,.T.);
#5505=ORIENTED_EDGE('',*,*,#5504,.T.);
#5506=EDGE_LOOP('',(#5505));
#5507=FACE_BOUND('',#5506,.T.);
#5508=CARTESIAN_POINT('',(28.0,-4.8,0.0));
#5509=VERTEX_POINT('',#5508);
#5510=CARTESIAN_POINT('',(28.0,-8.0,0.0));
#5511=DIRECTION('',(-1.0,0.0,0.0));
#5512=DIRECTION('',(0.0,1.0,0.0));
#5513=AXIS2_PLACEMENT_3D('',#5510,#5511,#5512);
#5514=CIRCLE('',#5513,3.200000000000001);
#5515=EDGE_CURVE('',#5509,#5509,#5514,.T.);
#5516=ORIENTED_EDGE('',*,*,#5515,.T.);
#5517=EDGE_LOOP('',(#5516));
#5518=FACE_BOUND('',#5517,.T.);
#5519=ADVANCED_FACE('',(#5413,#5449,#5485,#5496,#5507,#5518),#5402,.T.);
#5520=CARTESIAN_POINT('',(24.000000000000004,16.0,-3.6));
#5521=DIRECTION('',(0.0,0.0,-1.0));
#5522=DIRECTION('',(-1.0,0.0,0.0));
#5523=AXIS2_PLACEMENT_3D('',#5520,#5521,#5522);
#5524=CYLINDRICAL_SURFACE('',#5523,3.200000000000001);
#5525=CARTESIAN_POINT('',(27.200000000000006,16.0,-3.200000000000001));
#5526=VERTEX_POINT('',#5525);
#5527=CARTESIAN_POINT('',(24.000000000000004,16.0,-3.200000000000001));
#5528=DIRECTION('',(0.0,0.0,-1.0));
#5529=DIRECTION('',(1.0,0.0,0.0));
#5530=AXIS2_PLACEMENT_3D('',#5527,#5528,#5529);
#5531=CIRCLE('',#5530,3.200000000000001);
#5532=EDGE_CURVE('',#5526,#5526,#5531,.T.);
#5533=ORIENTED_EDGE('',*,*,#5532,.F.);
#5534=EDGE_LOOP('',(#5533));
#5535=FACE_OUTER_BOUND('',#5534,.T.);
#5536=CARTESIAN_POINT('',(27.200000000000006,16.0,-4.000000000000001));
#5537=VERTEX_POINT('',#5536);
#5538=CARTESIAN_POINT('',(24.000000000000004,16.0,-4.0));
#5539=DIRECTION('',(0.0,0.0,1.0));
#5540=DIRECTION('',(-1.0,0.0,0.0));
#5541=AXIS2_PLACEMENT_3D('',#5538,#5539,#5540);
#5542=CIRCLE('',#5541,3.200000000000001);
#5543=EDGE_CURVE('',#5537,#5537,#5542,.T.);
#5544=ORIENTED_EDGE('',*,*,#5543,.F.);
#5545=EDGE_LOOP('',(#5544));
#5546=FACE_BOUND('',#5545,.T.);
#5547=ADVANCED_FACE('',(#5535,#5546),#5524,.F.);
#5548=CARTESIAN_POINT('',(24.000000000000004,16.0,-3.2));
#5549=DIRECTION('',(0.0,0.0,-1.0));
#5550=DIRECTION('',(-1.0,0.0,0.0));
#5551=AXIS2_PLACEMENT_3D('',#5548,#5549,#5550);
#5552=PLANE('',#5551);
#5553=ORIENTED_EDGE('',*,*,#5532,.T.);
#5554=EDGE_LOOP('',(#5553));
#5555=FACE_OUTER_BOUND('',#5554,.T.);
#5556=CARTESIAN_POINT('',(24.000000000000004,13.600000000000001,-3.199999999999999));
#5557=VERTEX_POINT('',#5556);
#5558=CARTESIAN_POINT('',(24.000000000000004,16.0,-3.200000000000001));
#5559=DIRECTION('',(0.0,0.0,-1.0));
#5560=DIRECTION('',(1.0,0.0,0.0));
#5561=AXIS2_PLACEMENT_3D('',#5558,#5559,#5560);
#5562=CIRCLE('',#5561,2.4);
#5563=EDGE_CURVE('',#5557,#5557,#5562,.T.);
#5564=ORIENTED_EDGE('',*,*,#5563,.F.);
#5565=EDGE_LOOP('',(#5564));
#5566=FACE_BOUND('',#5565,.T.);
#5567=ADVANCED_FACE('',(#5555,#5566),#5552,.T.);
#5568=CARTESIAN_POINT('',(40.0,-19.200000000000003,-2.220446E-015));
#5569=DIRECTION('',(0.0,1.0,0.0));
#5570=DIRECTION('',(-1.0,0.0,0.0));
#5571=AXIS2_PLACEMENT_3D('',#5568,#5569,#5570);
#5572=PLANE('',#5571);
#5573=CARTESIAN_POINT('',(36.799999999999997,-19.200000000000003,-2.220446E-015));
#5574=VERTEX_POINT('',#5573);
#5575=CARTESIAN_POINT('',(40.0,-19.200000000000003,-2.220446E-015));
#5576=DIRECTION('',(0.0,1.0,0.0));
#5577=DIRECTION('',(-1.0,0.0,0.0));
#5578=AXIS2_PLACEMENT_3D('',#5575,#5576,#5577);
#5579=CIRCLE('',#5578,3.200000000000001);
#5580=EDGE_CURVE('',#5574,#5574,#5579,.T.);
#5581=ORIENTED_EDGE('',*,*,#5580,.F.);
#5582=EDGE_LOOP('',(#5581));
#5583=FACE_OUTER_BOUND('',#5582,.T.);
#5584=CARTESIAN_POINT('',(42.400000000000006,-19.200000000000003,-2.514361E-015));
#5585=VERTEX_POINT('',#5584);
#5586=CARTESIAN_POINT('',(40.0,-19.200000000000003,-2.220446E-015));
#5587=DIRECTION('',(0.0,-1.0,0.0));
#5588=DIRECTION('',(1.0,0.0,0.0));
#5589=AXIS2_PLACEMENT_3D('',#5586,#5587,#5588);
#5590=CIRCLE('',#5589,2.4);
#5591=EDGE_CURVE('',#5585,#5585,#5590,.T.);
#5592=ORIENTED_EDGE('',*,*,#5591,.F.);
#5593=EDGE_LOOP('',(#5592));
#5594=FACE_BOUND('',#5593,.T.);
#5595=ADVANCED_FACE('',(#5583,#5594),#5572,.F.);
#5596=CARTESIAN_POINT('',(40.0,-19.600000000000005,-2.220446E-015));
#5597=DIRECTION('',(9.251859E-017,1.0,0.0));
#5598=DIRECTION('',(-1.0,0.0,0.0));
#5599=AXIS2_PLACEMENT_3D('',#5596,#5597,#5598);
#5600=CYLINDRICAL_SURFACE('',#5599,3.200000000000001);
#5601=ORIENTED_EDGE('',*,*,#1092,.F.);
#5602=EDGE_LOOP('',(#5601));
#5603=FACE_OUTER_BOUND('',#5602,.T.);
#5604=ORIENTED_EDGE('',*,*,#5580,.T.);
#5605=EDGE_LOOP('',(#5604));
#5606=FACE_BOUND('',#5605,.T.);
#5607=ADVANCED_FACE('',(#5603,#5606),#5600,.F.);
#5608=CARTESIAN_POINT('',(32.0,-19.200000000000003,-2.220446E-015));
#5609=DIRECTION('',(0.0,1.0,0.0));
#5610=DIRECTION('',(-1.0,0.0,0.0));
#5611=AXIS2_PLACEMENT_3D('',#5608,#5609,#5610);
#5612=PLANE('',#5611);
#5613=CARTESIAN_POINT('',(28.799999999999997,-19.200000000000003,-2.220446E-015));
#5614=VERTEX_POINT('',#5613);
#5615=CARTESIAN_POINT('',(32.0,-19.200000000000003,-2.220446E-015));
#5616=DIRECTION('',(0.0,1.0,0.0));
#5617=DIRECTION('',(-1.0,0.0,0.0));
#5618=AXIS2_PLACEMENT_3D('',#5615,#5616,#5617);
#5619=CIRCLE('',#5618,3.200000000000001);
#5620=EDGE_CURVE('',#5614,#5614,#5619,.T.);
#5621=ORIENTED_EDGE('',*,*,#5620,.F.);
#5622=EDGE_LOOP('',(#5621));
#5623=FACE_OUTER_BOUND('',#5622,.T.);
#5624=CARTESIAN_POINT('',(34.400000000000006,-19.200000000000003,-2.514361E-015));
#5625=VERTEX_POINT('',#5624);
#5626=CARTESIAN_POINT('',(32.0,-19.200000000000003,-2.220446E-015));
#5627=DIRECTION('',(0.0,-1.0,0.0));
#5628=DIRECTION('',(1.0,0.0,0.0));
#5629=AXIS2_PLACEMENT_3D('',#5626,#5627,#5628);
#5630=CIRCLE('',#5629,2.4);
#5631=EDGE_CURVE('',#5625,#5625,#5630,.T.);
#5632=ORIENTED_EDGE('',*,*,#5631,.F.);
#5633=EDGE_LOOP('',(#5632));
#5634=FACE_BOUND('',#5633,.T.);
#5635=ADVANCED_FACE('',(#5623,#5634),#5612,.F.);
#5636=CARTESIAN_POINT('',(32.0,-19.600000000000005,-2.220446E-015));
#5637=DIRECTION('',(9.251859E-017,1.0,0.0));
#5638=DIRECTION('',(-1.0,0.0,0.0));
#5639=AXIS2_PLACEMENT_3D('',#5636,#5637,#5638);
#5640=CYLINDRICAL_SURFACE('',#5639,3.200000000000001);
#5641=ORIENTED_EDGE('',*,*,#1081,.F.);
#5642=EDGE_LOOP('',(#5641));
#5643=FACE_OUTER_BOUND('',#5642,.T.);
#5644=ORIENTED_EDGE('',*,*,#5620,.T.);
#5645=EDGE_LOOP('',(#5644));
#5646=FACE_BOUND('',#5645,.T.);
#5647=ADVANCED_FACE('',(#5643,#5646),#5640,.F.);
#5648=CARTESIAN_POINT('',(30.0,-13.100000000000003,-1.942890E-015));
#5649=DIRECTION('',(0.0,-1.0,0.0));
#5650=DIRECTION('',(0.0,0.0,1.0));
#5651=AXIS2_PLACEMENT_3D('',#5648,#5649,#5650);
#5652=PLANE('',#5651);
#5653=CARTESIAN_POINT('',(28.285164875798657,-13.100000000000003,0.8));
#5654=VERTEX_POINT('',#5653);
#5655=CARTESIAN_POINT('',(32.0,-13.100000000000003,-2.220446E-015));
#5656=DIRECTION('',(0.0,-1.0,0.0));
#5657=DIRECTION('',(-0.9775881905793,0.0,0.210526315789474));
#5658=AXIS2_PLACEMENT_3D('',#5655,#5656,#5657);
#5659=CIRCLE('',#5658,3.800000000000002);
#5660=EDGE_CURVE('',#676,#5654,#5659,.T.);
#5661=ORIENTED_EDGE('',*,*,#5660,.F.);
#5662=ORIENTED_EDGE('',*,*,#681,.F.);
#5663=CARTESIAN_POINT('',(28.000000000000004,-13.100000000000003,0.799999999999999));
#5664=VERTEX_POINT('',#5663);
#5665=CARTESIAN_POINT('',(28.000000000000007,-13.100000000000003,0.799999999999999));
#5666=DIRECTION('',(0.0,0.0,1.0));
#5667=VECTOR('',#5666,3.000000000000001);
#5668=LINE('',#5665,#5667);
#5669=EDGE_CURVE('',#5664,#668,#5668,.T.);
#5670=ORIENTED_EDGE('',*,*,#5669,.F.);
#5671=CARTESIAN_POINT('',(28.285164875798657,-13.100000000000003,0.8));
#5672=DIRECTION('',(-1.0,0.0,0.0));
#5673=VECTOR('',#5672,0.285164875798657);
#5674=LINE('',#5671,#5673);
#5675=EDGE_CURVE('',#5654,#5664,#5674,.T.);
#5676=ORIENTED_EDGE('',*,*,#5675,.F.);
#5677=EDGE_LOOP('',(#5661,#5662,#5670,#5676));
#5678=FACE_OUTER_BOUND('',#5677,.T.);
#5679=ADVANCED_FACE('',(#5678),#5652,.T.);
#5680=CARTESIAN_POINT('',(30.0,-18.900000000000002,-1.942890E-015));
#5681=DIRECTION('',(0.0,1.0,0.0));
#5682=DIRECTION('',(0.0,0.0,-1.0));
#5683=AXIS2_PLACEMENT_3D('',#5680,#5681,#5682);
#5684=PLANE('',#5683);
#5685=CARTESIAN_POINT('',(28.285164875798657,-18.900000000000002,0.8));
#5686=VERTEX_POINT('',#5685);
#5687=CARTESIAN_POINT('',(32.0,-18.900000000000002,-2.220446E-015));
#5688=DIRECTION('',(0.0,1.0,0.0));
#5689=DIRECTION('',(-0.9775881905793,0.0,0.210526315789474));
#5690=AXIS2_PLACEMENT_3D('',#5687,#5688,#5689);
#5691=CIRCLE('',#5690,3.800000000000002);
#5692=EDGE_CURVE('',#5686,#684,#5691,.T.);
#5693=ORIENTED_EDGE('',*,*,#5692,.F.);
#5694=CARTESIAN_POINT('',(28.000000000000004,-18.900000000000002,0.799999999999999));
#5695=VERTEX_POINT('',#5694);
#5696=CARTESIAN_POINT('',(28.0,-18.900000000000002,0.799999999999999));
#5697=DIRECTION('',(1.0,0.0,0.0));
#5698=VECTOR('',#5697,0.285164875798657);
#5699=LINE('',#5696,#5698);
#5700=EDGE_CURVE('',#5695,#5686,#5699,.T.);
#5701=ORIENTED_EDGE('',*,*,#5700,.F.);
#5702=CARTESIAN_POINT('',(28.000000000000007,-18.900000000000002,3.8));
#5703=DIRECTION('',(0.0,0.0,-1.0));
#5704=VECTOR('',#5703,3.000000000000001);
#5705=LINE('',#5702,#5704);
#5706=EDGE_CURVE('',#692,#5695,#5705,.T.);
#5707=ORIENTED_EDGE('',*,*,#5706,.F.);
#5708=ORIENTED_EDGE('',*,*,#697,.F.);
#5709=EDGE_LOOP('',(#5693,#5701,#5707,#5708));
#5710=FACE_OUTER_BOUND('',#5709,.T.);
#5711=ADVANCED_FACE('',(#5710),#5684,.T.);
#5712=CARTESIAN_POINT('',(28.285164875798657,-20.000000000000004,0.8));
#5713=DIRECTION('',(0.0,0.0,1.0));
#5714=DIRECTION('',(1.0,0.0,0.0));
#5715=AXIS2_PLACEMENT_3D('',#5712,#5713,#5714);
#5716=PLANE('',#5715);
#5717=ORIENTED_EDGE('',*,*,#5675,.T.);
#5718=CARTESIAN_POINT('',(28.000000000000004,-18.900000000000002,0.799999999999999));
#5719=DIRECTION('',(0.0,1.0,0.0));
#5720=VECTOR('',#5719,5.800000000000001);
#5721=LINE('',#5718,#5720);
#5722=EDGE_CURVE('',#5695,#5664,#5721,.T.);
#5723=ORIENTED_EDGE('',*,*,#5722,.F.);
#5724=ORIENTED_EDGE('',*,*,#5700,.T.);
#5725=CARTESIAN_POINT('',(28.285164875798657,-18.900000000000002,0.8));
#5726=DIRECTION('',(0.0,1.0,0.0));
#5727=VECTOR('',#5726,5.800000000000001);
#5728=LINE('',#5725,#5727);
#5729=EDGE_CURVE('',#5686,#5654,#5728,.T.);
#5730=ORIENTED_EDGE('',*,*,#5729,.T.);
#5731=EDGE_LOOP('',(#5717,#5723,#5724,#5730));
#5732=FACE_OUTER_BOUND('',#5731,.T.);
#5733=ADVANCED_FACE('',(#5732),#5716,.T.);
#5734=CARTESIAN_POINT('',(32.0,-20.000000000000004,-2.220446E-015));
#5735=DIRECTION('',(0.0,-1.0,0.0));
#5736=DIRECTION('',(-0.9775881905793,0.0,0.210526315789474));
#5737=AXIS2_PLACEMENT_3D('',#5734,#5735,#5736);
#5738=CYLINDRICAL_SURFACE('',#5737,3.800000000000002);
#5739=ORIENTED_EDGE('',*,*,#5660,.T.);
#5740=ORIENTED_EDGE('',*,*,#5729,.F.);
#5741=ORIENTED_EDGE('',*,*,#5692,.T.);
#5742=ORIENTED_EDGE('',*,*,#689,.T.);
#5743=EDGE_LOOP('',(#5739,#5740,#5741,#5742));
#5744=FACE_OUTER_BOUND('',#5743,.T.);
#5745=ADVANCED_FACE('',(#5744),#5738,.T.);
#5746=CARTESIAN_POINT('',(28.000000000000004,-20.000000000000004,0.799999999999999));
#5747=DIRECTION('',(1.0,0.0,0.0));
#5748=DIRECTION('',(0.0,0.0,-1.0));
#5749=AXIS2_PLACEMENT_3D('',#5746,#5747,#5748);
#5750=PLANE('',#5749);
#5751=ORIENTED_EDGE('',*,*,#5669,.T.);
#5752=ORIENTED_EDGE('',*,*,#673,.F.);
#5753=ORIENTED_EDGE('',*,*,#703,.F.);
#5754=ORIENTED_EDGE('',*,*,#5706,.T.);
#5755=ORIENTED_EDGE('',*,*,#5722,.T.);
#5756=EDGE_LOOP('',(#5751,#5752,#5753,#5754,#5755));
#5757=FACE_OUTER_BOUND('',#5756,.T.);
#5758=ADVANCED_FACE('',(#5757),#5750,.T.);
#5759=CARTESIAN_POINT('',(28.000000000000004,-20.000000000000004,-3.8));
#5760=DIRECTION('',(1.0,0.0,0.0));
#5761=DIRECTION('',(0.0,0.0,-1.0));
#5762=AXIS2_PLACEMENT_3D('',#5759,#5760,#5761);
#5763=PLANE('',#5762);
#5764=CARTESIAN_POINT('',(28.000000000000004,-13.100000000000003,-0.800000000000001));
#5765=VERTEX_POINT('',#5764);
#5766=CARTESIAN_POINT('',(28.000000000000007,-13.100000000000003,-3.8));
#5767=DIRECTION('',(0.0,0.0,1.0));
#5768=VECTOR('',#5767,2.999999999999999);
#5769=LINE('',#5766,#5768);
#5770=EDGE_CURVE('',#284,#5765,#5769,.T.);
#5771=ORIENTED_EDGE('',*,*,#5770,.T.);
#5772=CARTESIAN_POINT('',(28.000000000000004,-18.900000000000002,-0.800000000000001));
#5773=VERTEX_POINT('',#5772);
#5774=CARTESIAN_POINT('',(28.000000000000004,-18.900000000000002,-0.800000000000001));
#5775=DIRECTION('',(0.0,1.0,0.0));
#5776=VECTOR('',#5775,5.800000000000001);
#5777=LINE('',#5774,#5776);
#5778=EDGE_CURVE('',#5773,#5765,#5777,.T.);
#5779=ORIENTED_EDGE('',*,*,#5778,.F.);
#5780=CARTESIAN_POINT('',(28.000000000000007,-18.900000000000002,-0.800000000000001));
#5781=DIRECTION('',(0.0,0.0,-1.0));
#5782=VECTOR('',#5781,2.999999999999999);
#5783=LINE('',#5780,#5782);
#5784=EDGE_CURVE('',#5773,#260,#5783,.T.);
#5785=ORIENTED_EDGE('',*,*,#5784,.T.);
#5786=ORIENTED_EDGE('',*,*,#265,.F.);
#5787=ORIENTED_EDGE('',*,*,#295,.F.);
#5788=EDGE_LOOP('',(#5771,#5779,#5785,#5786,#5787));
#5789=FACE_OUTER_BOUND('',#5788,.T.);
#5790=ADVANCED_FACE('',(#5789),#5763,.T.);
#5791=CARTESIAN_POINT('',(28.000000000000004,-20.000000000000004,-0.800000000000001));
#5792=DIRECTION('',(0.0,0.0,-1.0));
#5793=DIRECTION('',(-1.0,0.0,0.0));
#5794=AXIS2_PLACEMENT_3D('',#5791,#5792,#5793);
#5795=PLANE('',#5794);
#5796=CARTESIAN_POINT('',(28.285164875798657,-13.100000000000003,-0.800000000000002));
#5797=VERTEX_POINT('',#5796);
#5798=CARTESIAN_POINT('',(28.000000000000004,-13.100000000000003,-0.800000000000001));
#5799=DIRECTION('',(1.0,0.0,0.0));
#5800=VECTOR('',#5799,0.285164875798653);
#5801=LINE('',#5798,#5800);
#5802=EDGE_CURVE('',#5765,#5797,#5801,.T.);
#5803=ORIENTED_EDGE('',*,*,#5802,.T.);
#5804=CARTESIAN_POINT('',(28.285164875798657,-18.900000000000002,-0.800000000000002));
#5805=VERTEX_POINT('',#5804);
#5806=CARTESIAN_POINT('',(28.285164875798657,-18.900000000000002,-0.800000000000002));
#5807=DIRECTION('',(0.0,1.0,0.0));
#5808=VECTOR('',#5807,5.800000000000001);
#5809=LINE('',#5806,#5808);
#5810=EDGE_CURVE('',#5805,#5797,#5809,.T.);
#5811=ORIENTED_EDGE('',*,*,#5810,.F.);
#5812=CARTESIAN_POINT('',(28.285164875798657,-18.900000000000002,-0.800000000000002));
#5813=DIRECTION('',(-1.0,0.0,0.0));
#5814=VECTOR('',#5813,0.285164875798653);
#5815=LINE('',#5812,#5814);
#5816=EDGE_CURVE('',#5805,#5773,#5815,.T.);
#5817=ORIENTED_EDGE('',*,*,#5816,.T.);
#5818=ORIENTED_EDGE('',*,*,#5778,.T.);
#5819=EDGE_LOOP('',(#5803,#5811,#5817,#5818));
#5820=FACE_OUTER_BOUND('',#5819,.T.);
#5821=ADVANCED_FACE('',(#5820),#5795,.T.);
#5822=CARTESIAN_POINT('',(32.0,-20.000000000000004,-2.220446E-015));
#5823=DIRECTION('',(0.0,-1.0,0.0));
#5824=DIRECTION('',(0.0,0.0,-1.0));
#5825=AXIS2_PLACEMENT_3D('',#5822,#5823,#5824);
#5826=CYLINDRICAL_SURFACE('',#5825,3.800000000000003);
#5827=CARTESIAN_POINT('',(32.0,-13.100000000000003,-2.220446E-015));
#5828=DIRECTION('',(0.0,-1.0,0.0));
#5829=DIRECTION('',(0.0,0.0,-1.0));
#5830=AXIS2_PLACEMENT_3D('',#5827,#5828,#5829);
#5831=CIRCLE('',#5830,3.800000000000003);
#5832=EDGE_CURVE('',#5797,#276,#5831,.T.);
#5833=ORIENTED_EDGE('',*,*,#5832,.T.);
#5834=ORIENTED_EDGE('',*,*,#281,.F.);
#5835=CARTESIAN_POINT('',(32.0,-18.900000000000002,-2.220446E-015));
#5836=DIRECTION('',(0.0,1.0,0.0));
#5837=DIRECTION('',(0.0,0.0,-1.0));
#5838=AXIS2_PLACEMENT_3D('',#5835,#5836,#5837);
#5839=CIRCLE('',#5838,3.800000000000003);
#5840=EDGE_CURVE('',#268,#5805,#5839,.T.);
#5841=ORIENTED_EDGE('',*,*,#5840,.T.);
#5842=ORIENTED_EDGE('',*,*,#5810,.T.);
#5843=EDGE_LOOP('',(#5833,#5834,#5841,#5842));
#5844=FACE_OUTER_BOUND('',#5843,.T.);
#5845=ADVANCED_FACE('',(#5844),#5826,.T.);
#5846=CARTESIAN_POINT('',(30.0,-18.900000000000002,-1.942890E-015));
#5847=DIRECTION('',(0.0,1.0,0.0));
#5848=DIRECTION('',(0.0,0.0,-1.0));
#5849=AXIS2_PLACEMENT_3D('',#5846,#5847,#5848);
#5850=PLANE('',#5849);
#5851=ORIENTED_EDGE('',*,*,#5840,.F.);
#5852=ORIENTED_EDGE('',*,*,#273,.F.);
#5853=ORIENTED_EDGE('',*,*,#5784,.F.);
#5854=ORIENTED_EDGE('',*,*,#5816,.F.);
#5855=EDGE_LOOP('',(#5851,#5852,#5853,#5854));
#5856=FACE_OUTER_BOUND('',#5855,.T.);
#5857=ADVANCED_FACE('',(#5856),#5850,.T.);
#5858=CARTESIAN_POINT('',(30.0,-13.100000000000003,-1.942890E-015));
#5859=DIRECTION('',(0.0,-1.0,0.0));
#5860=DIRECTION('',(0.0,0.0,1.0));
#5861=AXIS2_PLACEMENT_3D('',#5858,#5859,#5860);
#5862=PLANE('',#5861);
#5863=ORIENTED_EDGE('',*,*,#5832,.F.);
#5864=ORIENTED_EDGE('',*,*,#5802,.F.);
#5865=ORIENTED_EDGE('',*,*,#5770,.F.);
#5866=ORIENTED_EDGE('',*,*,#289,.F.);
#5867=EDGE_LOOP('',(#5863,#5864,#5865,#5866));
#5868=FACE_OUTER_BOUND('',#5867,.T.);
#5869=ADVANCED_FACE('',(#5868),#5862,.T.);
#5870=CARTESIAN_POINT('',(28.000000000000007,-8.0,0.0));
#5871=DIRECTION('',(1.0,0.0,0.0));
#5872=DIRECTION('',(0.0,0.0,-1.0));
#5873=AXIS2_PLACEMENT_3D('',#5870,#5871,#5872);
#5874=CYLINDRICAL_SURFACE('',#5873,3.8);
#5875=CARTESIAN_POINT('',(21.100000000000009,-11.714835124201343,0.800000000000001));
#5876=VERTEX_POINT('',#5875);
#5877=CARTESIAN_POINT('',(21.100000000000009,-8.0,0.0));
#5878=DIRECTION('',(1.0,0.0,0.0));
#5879=DIRECTION('',(0.0,0.0,-1.0));
#5880=AXIS2_PLACEMENT_3D('',#5877,#5878,#5879);
#5881=CIRCLE('',#5880,3.8);
#5882=EDGE_CURVE('',#627,#5876,#5881,.T.);
#5883=ORIENTED_EDGE('',*,*,#5882,.T.);
#5884=CARTESIAN_POINT('',(26.900000000000009,-11.714835124201343,0.800000000000001));
#5885=VERTEX_POINT('',#5884);
#5886=CARTESIAN_POINT('',(26.900000000000009,-11.714835124201343,0.800000000000001));
#5887=DIRECTION('',(-1.0,0.0,0.0));
#5888=VECTOR('',#5887,5.800000000000001);
#5889=LINE('',#5886,#5888);
#5890=EDGE_CURVE('',#5885,#5876,#5889,.T.);
#5891=ORIENTED_EDGE('',*,*,#5890,.F.);
#5892=CARTESIAN_POINT('',(26.900000000000009,-8.0,0.0));
#5893=DIRECTION('',(-1.0,0.0,0.0));
#5894=DIRECTION('',(0.0,0.0,-1.0));
#5895=AXIS2_PLACEMENT_3D('',#5892,#5893,#5894);
#5896=CIRCLE('',#5895,3.8);
#5897=EDGE_CURVE('',#5885,#635,#5896,.T.);
#5898=ORIENTED_EDGE('',*,*,#5897,.T.);
#5899=ORIENTED_EDGE('',*,*,#640,.T.);
#5900=EDGE_LOOP('',(#5883,#5891,#5898,#5899));
#5901=FACE_OUTER_BOUND('',#5900,.T.);
#5902=ADVANCED_FACE('',(#5901),#5874,.T.);
#5903=CARTESIAN_POINT('',(28.000000000000007,-11.714835124201343,0.800000000000001));
#5904=DIRECTION('',(0.0,0.0,1.0));
#5905=DIRECTION('',(1.0,0.0,0.0));
#5906=AXIS2_PLACEMENT_3D('',#5903,#5904,#5905);
#5907=PLANE('',#5906);
#5908=CARTESIAN_POINT('',(21.100000000000009,-11.714835124201345,0.800000000000001));
#5909=DIRECTION('',(0.0,-1.0,0.0));
#5910=VECTOR('',#5909,0.285164875798655);
#5911=LINE('',#5908,#5910);
#5912=EDGE_CURVE('',#5876,#3692,#5911,.T.);
#5913=ORIENTED_EDGE('',*,*,#5912,.T.);
#5914=ORIENTED_EDGE('',*,*,#3697,.F.);
#5915=CARTESIAN_POINT('',(26.900000000000009,-12.0,0.800000000000001));
#5916=DIRECTION('',(0.0,1.0,0.0));
#5917=VECTOR('',#5916,0.285164875798655);
#5918=LINE('',#5915,#5917);
#5919=EDGE_CURVE('',#3684,#5885,#5918,.T.);
#5920=ORIENTED_EDGE('',*,*,#5919,.T.);
#5921=ORIENTED_EDGE('',*,*,#5890,.T.);
#5922=EDGE_LOOP('',(#5913,#5914,#5920,#5921));
#5923=FACE_OUTER_BOUND('',#5922,.T.);
#5924=ADVANCED_FACE('',(#5923),#5907,.T.);
#5925=CARTESIAN_POINT('',(26.900000000000009,-9.999999999999998,2.3));
#5926=DIRECTION('',(-1.0,0.0,0.0));
#5927=DIRECTION('',(0.0,0.0,1.0));
#5928=AXIS2_PLACEMENT_3D('',#5925,#5926,#5927);
#5929=PLANE('',#5928);
#5930=ORIENTED_EDGE('',*,*,#5897,.F.);
#5931=ORIENTED_EDGE('',*,*,#5919,.F.);
#5932=ORIENTED_EDGE('',*,*,#3689,.F.);
#5933=ORIENTED_EDGE('',*,*,#648,.F.);
#5934=EDGE_LOOP('',(#5930,#5931,#5932,#5933));
#5935=FACE_OUTER_BOUND('',#5934,.T.);
#5936=ADVANCED_FACE('',(#5935),#5929,.T.);
#5937=CARTESIAN_POINT('',(21.100000000000009,-9.999999999999998,2.3));
#5938=DIRECTION('',(1.0,0.0,0.0));
#5939=DIRECTION('',(0.0,0.0,-1.0));
#5940=AXIS2_PLACEMENT_3D('',#5937,#5938,#5939);
#5941=PLANE('',#5940);
#5942=ORIENTED_EDGE('',*,*,#5882,.F.);
#5943=ORIENTED_EDGE('',*,*,#632,.F.);
#5944=ORIENTED_EDGE('',*,*,#3703,.F.);
#5945=ORIENTED_EDGE('',*,*,#5912,.F.);
#5946=EDGE_LOOP('',(#5942,#5943,#5944,#5945));
#5947=FACE_OUTER_BOUND('',#5946,.T.);
#5948=ADVANCED_FACE('',(#5947),#5941,.T.);
#5949=CARTESIAN_POINT('',(40.0,-11.999999999999996,3.8));
#5950=DIRECTION('',(1.0,0.0,0.0));
#5951=DIRECTION('',(0.0,0.0,-1.0));
#5952=AXIS2_PLACEMENT_3D('',#5949,#5950,#5951);
#5953=PLANE('',#5952);
#5954=CARTESIAN_POINT('',(40.0,-12.799999999999995,3.199999999999998));
#5955=VERTEX_POINT('',#5954);
#5956=CARTESIAN_POINT('',(40.0,-12.799999999999997,3.8));
#5957=DIRECTION('',(0.0,0.0,-1.0));
#5958=VECTOR('',#5957,0.600000000000001);
#5959=LINE('',#5956,#5958);
#5960=EDGE_CURVE('',#723,#5955,#5959,.T.);
#5961=ORIENTED_EDGE('',*,*,#5960,.T.);
#5962=CARTESIAN_POINT('',(40.0,-11.999999999999996,3.199999999999998));
#5963=VERTEX_POINT('',#5962);
#5964=CARTESIAN_POINT('',(40.0,-11.999999999999996,3.199999999999998));
#5965=DIRECTION('',(0.0,-1.0,0.0));
#5966=VECTOR('',#5965,0.799999999999999);
#5967=LINE('',#5964,#5966);
#5968=EDGE_CURVE('',#5963,#5955,#5967,.T.);
#5969=ORIENTED_EDGE('',*,*,#5968,.F.);
#5970=CARTESIAN_POINT('',(40.0,-11.999999999999996,3.8));
#5971=DIRECTION('',(0.0,0.0,-1.0));
#5972=VECTOR('',#5971,0.600000000000001);
#5973=LINE('',#5970,#5972);
#5974=EDGE_CURVE('',#731,#5963,#5973,.T.);
#5975=ORIENTED_EDGE('',*,*,#5974,.F.);
#5976=ORIENTED_EDGE('',*,*,#736,.F.);
#5977=EDGE_LOOP('',(#5961,#5969,#5975,#5976));
#5978=FACE_OUTER_BOUND('',#5977,.T.);
#5979=ADVANCED_FACE('',(#5978),#5953,.T.);
#5980=CARTESIAN_POINT('',(40.0,-11.999999999999996,3.199999999999998));
#5981=DIRECTION('',(0.0,0.0,-1.0));
#5982=DIRECTION('',(-1.0,0.0,0.0));
#5983=AXIS2_PLACEMENT_3D('',#5980,#5981,#5982);
#5984=PLANE('',#5983);
#5985=CARTESIAN_POINT('',(32.0,-12.799999999999995,3.199999999999998));
#5986=VERTEX_POINT('',#5985);
#5987=CARTESIAN_POINT('',(40.0,-12.799999999999997,3.199999999999998));
#5988=DIRECTION('',(-1.0,0.0,0.0));
#5989=VECTOR('',#5988,8.0);
#5990=LINE('',#5987,#5989);
#5991=EDGE_CURVE('',#5955,#5986,#5990,.T.);
#5992=ORIENTED_EDGE('',*,*,#5991,.T.);
#5993=CARTESIAN_POINT('',(32.0,-11.999999999999996,3.199999999999998));
#5994=VERTEX_POINT('',#5993);
#5995=CARTESIAN_POINT('',(32.0,-11.999999999999996,3.199999999999998));
#5996=DIRECTION('',(0.0,-1.0,0.0));
#5997=VECTOR('',#5996,0.799999999999999);
#5998=LINE('',#5995,#5997);
#5999=EDGE_CURVE('',#5994,#5986,#5998,.T.);
#6000=ORIENTED_EDGE('',*,*,#5999,.F.);
#6001=CARTESIAN_POINT('',(40.0,-11.999999999999996,3.199999999999998));
#6002=DIRECTION('',(-1.0,0.0,0.0));
#6003=VECTOR('',#6002,8.0);
#6004=LINE('',#6001,#6003);
#6005=EDGE_CURVE('',#5963,#5994,#6004,.T.);
#6006=ORIENTED_EDGE('',*,*,#6005,.F.);
#6007=ORIENTED_EDGE('',*,*,#5968,.T.);
#6008=EDGE_LOOP('',(#5992,#6000,#6006,#6007));
#6009=FACE_OUTER_BOUND('',#6008,.T.);
#6010=ADVANCED_FACE('',(#6009),#5984,.T.);
#6011=CARTESIAN_POINT('',(32.0,-11.999999999999996,-2.220446E-015));
#6012=DIRECTION('',(0.0,1.0,0.0));
#6013=DIRECTION('',(0.0,0.0,-1.0));
#6014=AXIS2_PLACEMENT_3D('',#6011,#6012,#6013);
#6015=CYLINDRICAL_SURFACE('',#6014,3.200000000000001);
#6016=CARTESIAN_POINT('',(32.0,-12.799999999999995,-3.200000000000003));
#6017=VERTEX_POINT('',#6016);
#6018=CARTESIAN_POINT('',(32.0,-12.799999999999997,-2.220446E-015));
#6019=DIRECTION('',(0.0,-1.0,0.0));
#6020=DIRECTION('',(0.0,0.0,-1.0));
#6021=AXIS2_PLACEMENT_3D('',#6018,#6019,#6020);
#6022=CIRCLE('',#6021,3.200000000000001);
#6023=EDGE_CURVE('',#5986,#6017,#6022,.T.);
#6024=ORIENTED_EDGE('',*,*,#6023,.T.);
#6025=CARTESIAN_POINT('',(32.0,-11.999999999999996,-3.200000000000003));
#6026=VERTEX_POINT('',#6025);
#6027=CARTESIAN_POINT('',(32.0,-11.999999999999996,-3.200000000000003));
#6028=DIRECTION('',(0.0,-1.0,0.0));
#6029=VECTOR('',#6028,0.799999999999999);
#6030=LINE('',#6027,#6029);
#6031=EDGE_CURVE('',#6026,#6017,#6030,.T.);
#6032=ORIENTED_EDGE('',*,*,#6031,.F.);
#6033=CARTESIAN_POINT('',(32.0,-11.999999999999996,-2.220446E-015));
#6034=DIRECTION('',(0.0,-1.0,0.0));
#6035=DIRECTION('',(0.0,0.0,-1.0));
#6036=AXIS2_PLACEMENT_3D('',#6033,#6034,#6035);
#6037=CIRCLE('',#6036,3.200000000000001);
#6038=EDGE_CURVE('',#5994,#6026,#6037,.T.);
#6039=ORIENTED_EDGE('',*,*,#6038,.F.);
#6040=ORIENTED_EDGE('',*,*,#5999,.T.);
#6041=EDGE_LOOP('',(#6024,#6032,#6039,#6040));
#6042=FACE_OUTER_BOUND('',#6041,.T.);
#6043=ADVANCED_FACE('',(#6042),#6015,.F.);
#6044=CARTESIAN_POINT('',(32.0,-11.999999999999996,-3.200000000000003));
#6045=DIRECTION('',(0.0,0.0,1.0));
#6046=DIRECTION('',(1.0,0.0,0.0));
#6047=AXIS2_PLACEMENT_3D('',#6044,#6045,#6046);
#6048=PLANE('',#6047);
#6049=CARTESIAN_POINT('',(40.0,-12.799999999999995,-3.200000000000003));
#6050=VERTEX_POINT('',#6049);
#6051=CARTESIAN_POINT('',(32.0,-12.799999999999997,-3.200000000000003));
#6052=DIRECTION('',(1.0,0.0,0.0));
#6053=VECTOR('',#6052,8.0);
#6054=LINE('',#6051,#6053);
#6055=EDGE_CURVE('',#6017,#6050,#6054,.T.);
#6056=ORIENTED_EDGE('',*,*,#6055,.T.);
#6057=CARTESIAN_POINT('',(40.0,-11.999999999999996,-3.200000000000003));
#6058=VERTEX_POINT('',#6057);
#6059=CARTESIAN_POINT('',(40.0,-11.999999999999996,-3.200000000000003));
#6060=DIRECTION('',(0.0,-1.0,0.0));
#6061=VECTOR('',#6060,0.799999999999999);
#6062=LINE('',#6059,#6061);
#6063=EDGE_CURVE('',#6058,#6050,#6062,.T.);
#6064=ORIENTED_EDGE('',*,*,#6063,.F.);
#6065=CARTESIAN_POINT('',(32.0,-11.999999999999996,-3.200000000000003));
#6066=DIRECTION('',(1.0,0.0,0.0));
#6067=VECTOR('',#6066,8.0);
#6068=LINE('',#6065,#6067);
#6069=EDGE_CURVE('',#6026,#6058,#6068,.T.);
#6070=ORIENTED_EDGE('',*,*,#6069,.F.);
#6071=ORIENTED_EDGE('',*,*,#6031,.T.);
#6072=EDGE_LOOP('',(#6056,#6064,#6070,#6071));
#6073=FACE_OUTER_BOUND('',#6072,.T.);
#6074=ADVANCED_FACE('',(#6073),#6048,.T.);
#6075=CARTESIAN_POINT('',(40.0,-11.999999999999996,-3.200000000000003));
#6076=DIRECTION('',(1.0,0.0,0.0));
#6077=DIRECTION('',(0.0,0.0,-1.0));
#6078=AXIS2_PLACEMENT_3D('',#6075,#6076,#6077);
#6079=PLANE('',#6078);
#6080=CARTESIAN_POINT('',(40.0,-12.799999999999997,-3.200000000000003));
#6081=DIRECTION('',(0.0,0.0,-1.0));
#6082=VECTOR('',#6081,0.599999999999998);
#6083=LINE('',#6080,#6082);
#6084=EDGE_CURVE('',#6050,#227,#6083,.T.);
#6085=ORIENTED_EDGE('',*,*,#6084,.T.);
#6086=ORIENTED_EDGE('',*,*,#232,.T.);
#6087=CARTESIAN_POINT('',(40.0,-11.999999999999996,-3.200000000000003));
#6088=DIRECTION('',(0.0,0.0,-1.0));
#6089=VECTOR('',#6088,0.599999999999999);
#6090=LINE('',#6087,#6089);
#6091=EDGE_CURVE('',#6058,#219,#6090,.T.);
#6092=ORIENTED_EDGE('',*,*,#6091,.F.);
#6093=ORIENTED_EDGE('',*,*,#6063,.T.);
#6094=EDGE_LOOP('',(#6085,#6086,#6092,#6093));
#6095=FACE_OUTER_BOUND('',#6094,.T.);
#6096=ADVANCED_FACE('',(#6095),#6079,.T.);
#6097=CARTESIAN_POINT('',(36.508106462797237,-12.799999999999995,-2.076775E-015));
#6098=DIRECTION('',(0.0,-1.0,0.0));
#6099=DIRECTION('',(0.0,0.0,1.0));
#6100=AXIS2_PLACEMENT_3D('',#6097,#6098,#6099);
#6101=PLANE('',#6100);
#6102=CARTESIAN_POINT('',(40.0,-12.799999999999995,-2.220446E-015));
#6103=DIRECTION('',(0.0,-1.0,0.0));
#6104=DIRECTION('',(0.0,0.0,1.0));
#6105=AXIS2_PLACEMENT_3D('',#6102,#6103,#6104);
#6106=CIRCLE('',#6105,3.8);
#6107=EDGE_CURVE('',#227,#723,#6106,.T.);
#6108=ORIENTED_EDGE('',*,*,#6107,.F.);
#6109=ORIENTED_EDGE('',*,*,#6084,.F.);
#6110=ORIENTED_EDGE('',*,*,#6055,.F.);
#6111=ORIENTED_EDGE('',*,*,#6023,.F.);
#6112=ORIENTED_EDGE('',*,*,#5991,.F.);
#6113=ORIENTED_EDGE('',*,*,#5960,.F.);
#6114=EDGE_LOOP('',(#6108,#6109,#6110,#6111,#6112,#6113));
#6115=FACE_OUTER_BOUND('',#6114,.T.);
#6116=CARTESIAN_POINT('',(29.600000000000001,-12.799999999999995,-1.926531E-015));
#6117=VERTEX_POINT('',#6116);
#6118=CARTESIAN_POINT('',(32.0,-12.799999999999995,-2.220446E-015));
#6119=DIRECTION('',(0.0,1.0,0.0));
#6120=DIRECTION('',(1.0,0.0,0.0));
#6121=AXIS2_PLACEMENT_3D('',#6118,#6119,#6120);
#6122=CIRCLE('',#6121,2.4);
#6123=EDGE_CURVE('',#6117,#6117,#6122,.T.);
#6124=ORIENTED_EDGE('',*,*,#6123,.F.);
#6125=EDGE_LOOP('',(#6124));
#6126=FACE_BOUND('',#6125,.T.);
#6127=CARTESIAN_POINT('',(37.599999999999994,-12.799999999999995,-1.926531E-015));
#6128=VERTEX_POINT('',#6127);
#6129=CARTESIAN_POINT('',(40.0,-12.799999999999995,-2.220446E-015));
#6130=DIRECTION('',(0.0,1.0,0.0));
#6131=DIRECTION('',(1.0,0.0,0.0));
#6132=AXIS2_PLACEMENT_3D('',#6129,#6130,#6131);
#6133=CIRCLE('',#6132,2.4);
#6134=EDGE_CURVE('',#6128,#6128,#6133,.T.);
#6135=ORIENTED_EDGE('',*,*,#6134,.F.);
#6136=EDGE_LOOP('',(#6135));
#6137=FACE_BOUND('',#6136,.T.);
#6138=ADVANCED_FACE('',(#6115,#6126,#6137),#6101,.F.);
#6139=CARTESIAN_POINT('',(33.178598504429338,-11.999999999999996,-7.685115E-016));
#6140=DIRECTION('',(0.0,-1.0,0.0));
#6141=DIRECTION('',(0.0,0.0,1.0));
#6142=AXIS2_PLACEMENT_3D('',#6139,#6140,#6141);
#6143=PLANE('',#6142);
#6144=ORIENTED_EDGE('',*,*,#5410,.T.);
#6145=ORIENTED_EDGE('',*,*,#2410,.F.);
#6146=ORIENTED_EDGE('',*,*,#744,.T.);
#6147=ORIENTED_EDGE('',*,*,#5974,.T.);
#6148=ORIENTED_EDGE('',*,*,#6005,.T.);
#6149=ORIENTED_EDGE('',*,*,#6038,.T.);
#6150=ORIENTED_EDGE('',*,*,#6069,.T.);
#6151=ORIENTED_EDGE('',*,*,#6091,.T.);
#6152=ORIENTED_EDGE('',*,*,#224,.T.);
#6153=ORIENTED_EDGE('',*,*,#2367,.F.);
#6154=EDGE_LOOP('',(#6144,#6145,#6146,#6147,#6148,#6149,#6150,#6151,#6152,#6153));
#6155=FACE_OUTER_BOUND('',#6154,.T.);
#6156=ADVANCED_FACE('',(#6155),#6143,.F.);
#6157=CARTESIAN_POINT('',(36.000000000000007,-14.399999999999995,4.163336E-016));
#6158=DIRECTION('',(0.0,-1.0,0.0));
#6159=DIRECTION('',(0.0,0.0,1.0));
#6160=AXIS2_PLACEMENT_3D('',#6157,#6158,#6159);
#6161=PLANE('',#6160);
#6162=CARTESIAN_POINT('',(34.381176179958132,-14.399999999999995,-2.700000000000001));
#6163=VERTEX_POINT('',#6162);
#6164=CARTESIAN_POINT('',(37.618823820041868,-14.399999999999995,-2.700000000000001));
#6165=VERTEX_POINT('',#6164);
#6166=CARTESIAN_POINT('',(34.381176179958132,-14.399999999999995,-2.700000000000001));
#6167=DIRECTION('',(1.0,0.0,0.0));
#6168=VECTOR('',#6167,3.237647640083736);
#6169=LINE('',#6166,#6168);
#6170=EDGE_CURVE('',#6163,#6165,#6169,.T.);
#6171=ORIENTED_EDGE('',*,*,#6170,.T.);
#6172=CARTESIAN_POINT('',(37.618823820041868,-14.399999999999995,2.699999999999998));
#6173=VERTEX_POINT('',#6172);
#6174=CARTESIAN_POINT('',(40.0,-14.399999999999995,-2.220446E-015));
#6175=DIRECTION('',(0.0,1.0,0.0));
#6176=DIRECTION('',(-0.661437827766148,0.0,-0.75));
#6177=AXIS2_PLACEMENT_3D('',#6174,#6175,#6176);
#6178=CIRCLE('',#6177,3.6);
#6179=EDGE_CURVE('',#6165,#6173,#6178,.T.);
#6180=ORIENTED_EDGE('',*,*,#6179,.T.);
#6181=CARTESIAN_POINT('',(34.381176179958132,-14.399999999999995,2.7));
#6182=VERTEX_POINT('',#6181);
#6183=CARTESIAN_POINT('',(37.618823820041868,-14.399999999999995,2.699999999999998));
#6184=DIRECTION('',(-1.0,0.0,0.0));
#6185=VECTOR('',#6184,3.237647640083743);
#6186=LINE('',#6183,#6185);
#6187=EDGE_CURVE('',#6173,#6182,#6186,.T.);
#6188=ORIENTED_EDGE('',*,*,#6187,.T.);
#6189=CARTESIAN_POINT('',(32.0,-14.399999999999995,-2.220446E-015));
#6190=DIRECTION('',(0.0,1.0,0.0));
#6191=DIRECTION('',(-0.661437827766146,0.0,0.750000000000001));
#6192=AXIS2_PLACEMENT_3D('',#6189,#6190,#6191);
#6193=CIRCLE('',#6192,3.6);
#6194=EDGE_CURVE('',#6182,#6163,#6193,.T.);
#6195=ORIENTED_EDGE('',*,*,#6194,.T.);
#6196=EDGE_LOOP('',(#6171,#6180,#6188,#6195));
#6197=FACE_OUTER_BOUND('',#6196,.T.);
#6198=ADVANCED_FACE('',(#6197),#6161,.T.);
#6199=CARTESIAN_POINT('',(40.0,-20.000000000000004,-2.220446E-015));
#6200=DIRECTION('',(0.0,-1.0,0.0));
#6201=DIRECTION('',(-0.661437827766148,0.0,-0.75));
#6202=AXIS2_PLACEMENT_3D('',#6199,#6200,#6201);
#6203=CYLINDRICAL_SURFACE('',#6202,3.6);
#6204=ORIENTED_EDGE('',*,*,#6179,.F.);
#6205=CARTESIAN_POINT('',(37.618823820041868,-20.0,-2.700000000000001));
#6206=DIRECTION('',(0.0,1.0,0.0));
#6207=VECTOR('',#6206,5.600000000000005);
#6208=LINE('',#6205,#6207);
#6209=EDGE_CURVE('',#1041,#6165,#6208,.T.);
#6210=ORIENTED_EDGE('',*,*,#6209,.F.);
#6211=ORIENTED_EDGE('',*,*,#1070,.T.);
#6212=CARTESIAN_POINT('',(37.618823820041868,-14.399999999999995,2.699999999999998));
#6213=DIRECTION('',(0.0,-1.0,0.0));
#6214=VECTOR('',#6213,5.600000000000001);
#6215=LINE('',#6212,#6214);
#6216=EDGE_CURVE('',#6173,#1058,#6215,.T.);
#6217=ORIENTED_EDGE('',*,*,#6216,.F.);
#6218=EDGE_LOOP('',(#6204,#6210,#6211,#6217));
#6219=FACE_OUTER_BOUND('',#6218,.T.);
#6220=ADVANCED_FACE('',(#6219),#6203,.T.);
#6221=CARTESIAN_POINT('',(28.000000000000004,-20.0,2.700000000000004));
#6222=DIRECTION('',(0.0,0.0,-1.0));
#6223=DIRECTION('',(-1.0,0.0,0.0));
#6224=AXIS2_PLACEMENT_3D('',#6221,#6222,#6223);
#6225=PLANE('',#6224);
#6226=ORIENTED_EDGE('',*,*,#6187,.F.);
#6227=ORIENTED_EDGE('',*,*,#6216,.T.);
#6228=ORIENTED_EDGE('',*,*,#1063,.T.);
#6229=CARTESIAN_POINT('',(34.381176179958132,-19.999999999999996,2.7));
#6230=DIRECTION('',(0.0,1.0,0.0));
#6231=VECTOR('',#6230,5.600000000000001);
#6232=LINE('',#6229,#6231);
#6233=EDGE_CURVE('',#1049,#6182,#6232,.T.);
#6234=ORIENTED_EDGE('',*,*,#6233,.T.);
#6235=EDGE_LOOP('',(#6226,#6227,#6228,#6234));
#6236=FACE_OUTER_BOUND('',#6235,.T.);
#6237=ADVANCED_FACE('',(#6236),#6225,.T.);
#6238=CARTESIAN_POINT('',(32.0,-20.000000000000004,-2.220446E-015));
#6239=DIRECTION('',(0.0,-1.0,0.0));
#6240=DIRECTION('',(-0.661437827766146,0.0,0.750000000000001));
#6241=AXIS2_PLACEMENT_3D('',#6238,#6239,#6240);
#6242=CYLINDRICAL_SURFACE('',#6241,3.6);
#6243=ORIENTED_EDGE('',*,*,#6194,.F.);
#6244=ORIENTED_EDGE('',*,*,#6233,.F.);
#6245=ORIENTED_EDGE('',*,*,#1055,.T.);
#6246=CARTESIAN_POINT('',(34.381176179958132,-14.399999999999995,-2.700000000000001));
#6247=DIRECTION('',(0.0,-1.0,0.0));
#6248=VECTOR('',#6247,5.600000000000005);
#6249=LINE('',#6246,#6248);
#6250=EDGE_CURVE('',#6163,#1039,#6249,.T.);
#6251=ORIENTED_EDGE('',*,*,#6250,.F.);
#6252=EDGE_LOOP('',(#6243,#6244,#6245,#6251));
#6253=FACE_OUTER_BOUND('',#6252,.T.);
#6254=ADVANCED_FACE('',(#6253),#6242,.T.);
#6255=CARTESIAN_POINT('',(32.0,-20.000000000000004,-2.220446E-015));
#6256=DIRECTION('',(0.0,-1.0,0.0));
#6257=DIRECTION('',(1.0,0.0,0.0));
#6258=AXIS2_PLACEMENT_3D('',#6255,#6256,#6257);
#6259=CYLINDRICAL_SURFACE('',#6258,2.4);
#6260=ORIENTED_EDGE('',*,*,#5631,.T.);
#6261=EDGE_LOOP('',(#6260));
#6262=FACE_OUTER_BOUND('',#6261,.T.);
#6263=ORIENTED_EDGE('',*,*,#6123,.T.);
#6264=EDGE_LOOP('',(#6263));
#6265=FACE_BOUND('',#6264,.T.);
#6266=ADVANCED_FACE('',(#6262,#6265),#6259,.F.);
#6267=CARTESIAN_POINT('',(40.0,-20.000000000000004,-2.220446E-015));
#6268=DIRECTION('',(0.0,-1.0,0.0));
#6269=DIRECTION('',(1.0,0.0,0.0));
#6270=AXIS2_PLACEMENT_3D('',#6267,#6268,#6269);
#6271=CYLINDRICAL_SURFACE('',#6270,2.4);
#6272=ORIENTED_EDGE('',*,*,#5591,.T.);
#6273=EDGE_LOOP('',(#6272));
#6274=FACE_OUTER_BOUND('',#6273,.T.);
#6275=ORIENTED_EDGE('',*,*,#6134,.T.);
#6276=EDGE_LOOP('',(#6275));
#6277=FACE_BOUND('',#6276,.T.);
#6278=ADVANCED_FACE('',(#6274,#6277),#6271,.F.);
#6279=CARTESIAN_POINT('',(40.0,-20.0,-2.700000000000001));
#6280=DIRECTION('',(0.0,0.0,1.0));
#6281=DIRECTION('',(1.0,0.0,0.0));
#6282=AXIS2_PLACEMENT_3D('',#6279,#6280,#6281);
#6283=PLANE('',#6282);
#6284=ORIENTED_EDGE('',*,*,#6170,.F.);
#6285=ORIENTED_EDGE('',*,*,#6250,.T.);
#6286=ORIENTED_EDGE('',*,*,#1046,.T.);
#6287=ORIENTED_EDGE('',*,*,#6209,.T.);
#6288=EDGE_LOOP('',(#6284,#6285,#6286,#6287));
#6289=FACE_OUTER_BOUND('',#6288,.T.);
#6290=ADVANCED_FACE('',(#6289),#6283,.T.);
#6291=CARTESIAN_POINT('',(40.0,-20.0,-2.220446E-015));
#6292=DIRECTION('',(0.0,-1.0,0.0));
#6293=DIRECTION('',(0.0,0.0,1.0));
#6294=AXIS2_PLACEMENT_3D('',#6291,#6292,#6293);
#6295=CYLINDRICAL_SURFACE('',#6294,3.8);
#6296=ORIENTED_EDGE('',*,*,#826,.F.);
#6297=ORIENTED_EDGE('',*,*,#240,.T.);
#6298=ORIENTED_EDGE('',*,*,#6107,.T.);
#6299=ORIENTED_EDGE('',*,*,#728,.F.);
#6300=EDGE_LOOP('',(#6296,#6297,#6298,#6299));
#6301=FACE_OUTER_BOUND('',#6300,.T.);
#6302=ADVANCED_FACE('',(#6301),#6295,.T.);
#6303=CARTESIAN_POINT('',(24.0,-16.0,0.0));
#6304=DIRECTION('',(0.0,0.0,1.0));
#6305=DIRECTION('',(-1.0,0.0,0.0));
#6306=AXIS2_PLACEMENT_3D('',#6303,#6304,#6305);
#6307=CYLINDRICAL_SURFACE('',#6306,4.000000000000004);
#6308=ORIENTED_EDGE('',*,*,#3835,.F.);
#6309=ORIENTED_EDGE('',*,*,#3716,.T.);
#6310=ORIENTED_EDGE('',*,*,#304,.T.);
#6311=ORIENTED_EDGE('',*,*,#257,.T.);
#6312=ORIENTED_EDGE('',*,*,#853,.F.);
#6313=ORIENTED_EDGE('',*,*,#877,.F.);
#6314=EDGE_LOOP('',(#6308,#6309,#6310,#6311,#6312,#6313));
#6315=FACE_OUTER_BOUND('',#6314,.T.);
#6316=ADVANCED_FACE('',(#6315),#6307,.T.);
#6317=CARTESIAN_POINT('',(24.000000000000004,-16.0,-3.6));
#6318=DIRECTION('',(0.0,0.0,-1.0));
#6319=DIRECTION('',(-1.0,0.0,0.0));
#6320=AXIS2_PLACEMENT_3D('',#6317,#6318,#6319);
#6321=CYLINDRICAL_SURFACE('',#6320,3.200000000000001);
#6322=CARTESIAN_POINT('',(27.200000000000006,-16.0,-3.200000000000001));
#6323=VERTEX_POINT('',#6322);
#6324=CARTESIAN_POINT('',(24.000000000000004,-16.0,-3.200000000000001));
#6325=DIRECTION('',(0.0,0.0,1.0));
#6326=DIRECTION('',(1.0,0.0,0.0));
#6327=AXIS2_PLACEMENT_3D('',#6324,#6325,#6326);
#6328=CIRCLE('',#6327,3.200000000000001);
#6329=EDGE_CURVE('',#6323,#6323,#6328,.T.);
#6330=ORIENTED_EDGE('',*,*,#6329,.T.);
#6331=EDGE_LOOP('',(#6330));
#6332=FACE_OUTER_BOUND('',#6331,.T.);
#6333=ORIENTED_EDGE('',*,*,#3507,.F.);
#6334=EDGE_LOOP('',(#6333));
#6335=FACE_BOUND('',#6334,.T.);
#6336=ADVANCED_FACE('',(#6332,#6335),#6321,.F.);
#6337=CARTESIAN_POINT('',(24.000000000000004,-16.0,-3.2));
#6338=DIRECTION('',(0.0,0.0,-1.0));
#6339=DIRECTION('',(-1.0,0.0,0.0));
#6340=AXIS2_PLACEMENT_3D('',#6337,#6338,#6339);
#6341=PLANE('',#6340);
#6342=ORIENTED_EDGE('',*,*,#6329,.F.);
#6343=EDGE_LOOP('',(#6342));
#6344=FACE_OUTER_BOUND('',#6343,.T.);
#6345=CARTESIAN_POINT('',(24.000000000000004,-18.400000000000002,-3.199999999999999));
#6346=VERTEX_POINT('',#6345);
#6347=CARTESIAN_POINT('',(24.000000000000004,-16.0,-3.200000000000001));
#6348=DIRECTION('',(0.0,0.0,1.0));
#6349=DIRECTION('',(1.0,0.0,0.0));
#6350=AXIS2_PLACEMENT_3D('',#6347,#6348,#6349);
#6351=CIRCLE('',#6350,2.4);
#6352=EDGE_CURVE('',#6346,#6346,#6351,.T.);
#6353=ORIENTED_EDGE('',*,*,#6352,.T.);
#6354=EDGE_LOOP('',(#6353));
#6355=FACE_BOUND('',#6354,.T.);
#6356=ADVANCED_FACE('',(#6344,#6355),#6341,.T.);
#6357=CARTESIAN_POINT('',(-40.0,19.200000000000003,-2.220446E-015));
#6358=DIRECTION('',(0.0,-1.0,0.0));
#6359=DIRECTION('',(1.0,0.0,0.0));
#6360=AXIS2_PLACEMENT_3D('',#6357,#6358,#6359);
#6361=PLANE('',#6360);
#6362=CARTESIAN_POINT('',(-36.799999999999997,19.200000000000003,-2.220446E-015));
#6363=VERTEX_POINT('',#6362);
#6364=CARTESIAN_POINT('',(-40.0,19.200000000000003,-2.220446E-015));
#6365=DIRECTION('',(0.0,-1.0,0.0));
#6366=DIRECTION('',(1.0,0.0,0.0));
#6367=AXIS2_PLACEMENT_3D('',#6364,#6365,#6366);
#6368=CIRCLE('',#6367,3.200000000000001);
#6369=EDGE_CURVE('',#6363,#6363,#6368,.T.);
#6370=ORIENTED_EDGE('',*,*,#6369,.F.);
#6371=EDGE_LOOP('',(#6370));
#6372=FACE_OUTER_BOUND('',#6371,.T.);
#6373=CARTESIAN_POINT('',(-42.400000000000006,19.200000000000003,-2.514361E-015));
#6374=VERTEX_POINT('',#6373);
#6375=CARTESIAN_POINT('',(-40.0,19.200000000000003,-2.220446E-015));
#6376=DIRECTION('',(0.0,1.0,0.0));
#6377=DIRECTION('',(-1.0,0.0,0.0));
#6378=AXIS2_PLACEMENT_3D('',#6375,#6376,#6377);
#6379=CIRCLE('',#6378,2.4);
#6380=EDGE_CURVE('',#6374,#6374,#6379,.T.);
#6381=ORIENTED_EDGE('',*,*,#6380,.F.);
#6382=EDGE_LOOP('',(#6381));
#6383=FACE_BOUND('',#6382,.T.);
#6384=ADVANCED_FACE('',(#6372,#6383),#6361,.F.);
#6385=CARTESIAN_POINT('',(-40.0,19.600000000000005,-2.220446E-015));
#6386=DIRECTION('',(-9.251859E-017,-1.0,0.0));
#6387=DIRECTION('',(1.0,0.0,0.0));
#6388=AXIS2_PLACEMENT_3D('',#6385,#6386,#6387);
#6389=CYLINDRICAL_SURFACE('',#6388,3.200000000000001);
#6390=ORIENTED_EDGE('',*,*,#2007,.F.);
#6391=EDGE_LOOP('',(#6390));
#6392=FACE_OUTER_BOUND('',#6391,.T.);
#6393=ORIENTED_EDGE('',*,*,#6369,.T.);
#6394=EDGE_LOOP('',(#6393));
#6395=FACE_BOUND('',#6394,.T.);
#6396=ADVANCED_FACE('',(#6392,#6395),#6389,.F.);
#6397=CARTESIAN_POINT('',(-32.0,19.200000000000003,-2.220446E-015));
#6398=DIRECTION('',(0.0,-1.0,0.0));
#6399=DIRECTION('',(1.0,0.0,0.0));
#6400=AXIS2_PLACEMENT_3D('',#6397,#6398,#6399);
#6401=PLANE('',#6400);
#6402=CARTESIAN_POINT('',(-28.799999999999997,19.200000000000003,-2.220446E-015));
#6403=VERTEX_POINT('',#6402);
#6404=CARTESIAN_POINT('',(-32.0,19.200000000000003,-2.220446E-015));
#6405=DIRECTION('',(0.0,-1.0,0.0));
#6406=DIRECTION('',(1.0,0.0,0.0));
#6407=AXIS2_PLACEMENT_3D('',#6404,#6405,#6406);
#6408=CIRCLE('',#6407,3.200000000000001);
#6409=EDGE_CURVE('',#6403,#6403,#6408,.T.);
#6410=ORIENTED_EDGE('',*,*,#6409,.F.);
#6411=EDGE_LOOP('',(#6410));
#6412=FACE_OUTER_BOUND('',#6411,.T.);
#6413=CARTESIAN_POINT('',(-34.400000000000006,19.200000000000003,-2.514361E-015));
#6414=VERTEX_POINT('',#6413);
#6415=CARTESIAN_POINT('',(-32.0,19.200000000000003,-2.220446E-015));
#6416=DIRECTION('',(0.0,1.0,0.0));
#6417=DIRECTION('',(-1.0,0.0,0.0));
#6418=AXIS2_PLACEMENT_3D('',#6415,#6416,#6417);
#6419=CIRCLE('',#6418,2.4);
#6420=EDGE_CURVE('',#6414,#6414,#6419,.T.);
#6421=ORIENTED_EDGE('',*,*,#6420,.F.);
#6422=EDGE_LOOP('',(#6421));
#6423=FACE_BOUND('',#6422,.T.);
#6424=ADVANCED_FACE('',(#6412,#6423),#6401,.F.);
#6425=CARTESIAN_POINT('',(-32.0,19.600000000000005,-2.220446E-015));
#6426=DIRECTION('',(-9.251859E-017,-1.0,0.0));
#6427=DIRECTION('',(1.0,0.0,0.0));
#6428=AXIS2_PLACEMENT_3D('',#6425,#6426,#6427);
#6429=CYLINDRICAL_SURFACE('',#6428,3.200000000000001);
#6430=ORIENTED_EDGE('',*,*,#1996,.F.);
#6431=EDGE_LOOP('',(#6430));
#6432=FACE_OUTER_BOUND('',#6431,.T.);
#6433=ORIENTED_EDGE('',*,*,#6409,.T.);
#6434=EDGE_LOOP('',(#6433));
#6435=FACE_BOUND('',#6434,.T.);
#6436=ADVANCED_FACE('',(#6432,#6435),#6429,.F.);
#6437=CARTESIAN_POINT('',(-30.0,13.100000000000003,-1.942890E-015));
#6438=DIRECTION('',(0.0,1.0,0.0));
#6439=DIRECTION('',(0.0,0.0,1.0));
#6440=AXIS2_PLACEMENT_3D('',#6437,#6438,#6439);
#6441=PLANE('',#6440);
#6442=CARTESIAN_POINT('',(-28.285164875798657,13.100000000000003,0.8));
#6443=VERTEX_POINT('',#6442);
#6444=CARTESIAN_POINT('',(-32.0,13.100000000000003,-2.220446E-015));
#6445=DIRECTION('',(0.0,1.0,0.0));
#6446=DIRECTION('',(0.9775881905793,0.0,0.210526315789474));
#6447=AXIS2_PLACEMENT_3D('',#6444,#6445,#6446);
#6448=CIRCLE('',#6447,3.800000000000002);
#6449=EDGE_CURVE('',#1677,#6443,#6448,.T.);
#6450=ORIENTED_EDGE('',*,*,#6449,.F.);
#6451=ORIENTED_EDGE('',*,*,#1682,.F.);
#6452=CARTESIAN_POINT('',(-28.000000000000004,13.100000000000003,0.799999999999999));
#6453=VERTEX_POINT('',#6452);
#6454=CARTESIAN_POINT('',(-28.000000000000007,13.100000000000003,0.799999999999999));
#6455=DIRECTION('',(0.0,0.0,1.0));
#6456=VECTOR('',#6455,3.000000000000001);
#6457=LINE('',#6454,#6456);
#6458=EDGE_CURVE('',#6453,#1669,#6457,.T.);
#6459=ORIENTED_EDGE('',*,*,#6458,.F.);
#6460=CARTESIAN_POINT('',(-28.285164875798657,13.100000000000003,0.8));
#6461=DIRECTION('',(1.0,0.0,0.0));
#6462=VECTOR('',#6461,0.285164875798657);
#6463=LINE('',#6460,#6462);
#6464=EDGE_CURVE('',#6443,#6453,#6463,.T.);
#6465=ORIENTED_EDGE('',*,*,#6464,.F.);
#6466=EDGE_LOOP('',(#6450,#6451,#6459,#6465));
#6467=FACE_OUTER_BOUND('',#6466,.T.);
#6468=ADVANCED_FACE('',(#6467),#6441,.T.);
#6469=CARTESIAN_POINT('',(-30.0,18.900000000000002,-1.942890E-015));
#6470=DIRECTION('',(0.0,-1.0,0.0));
#6471=DIRECTION('',(0.0,0.0,-1.0));
#6472=AXIS2_PLACEMENT_3D('',#6469,#6470,#6471);
#6473=PLANE('',#6472);
#6474=CARTESIAN_POINT('',(-28.285164875798657,18.900000000000002,0.8));
#6475=VERTEX_POINT('',#6474);
#6476=CARTESIAN_POINT('',(-32.0,18.900000000000002,-2.220446E-015));
#6477=DIRECTION('',(0.0,-1.0,0.0));
#6478=DIRECTION('',(0.9775881905793,0.0,0.210526315789474));
#6479=AXIS2_PLACEMENT_3D('',#6476,#6477,#6478);
#6480=CIRCLE('',#6479,3.800000000000002);
#6481=EDGE_CURVE('',#6475,#1685,#6480,.T.);
#6482=ORIENTED_EDGE('',*,*,#6481,.F.);
#6483=CARTESIAN_POINT('',(-28.000000000000004,18.900000000000002,0.799999999999999));
#6484=VERTEX_POINT('',#6483);
#6485=CARTESIAN_POINT('',(-28.0,18.900000000000002,0.799999999999999));
#6486=DIRECTION('',(-1.0,0.0,0.0));
#6487=VECTOR('',#6486,0.285164875798657);
#6488=LINE('',#6485,#6487);
#6489=EDGE_CURVE('',#6484,#6475,#6488,.T.);
#6490=ORIENTED_EDGE('',*,*,#6489,.F.);
#6491=CARTESIAN_POINT('',(-28.000000000000007,18.900000000000002,3.8));
#6492=DIRECTION('',(0.0,0.0,-1.0));
#6493=VECTOR('',#6492,3.000000000000001);
#6494=LINE('',#6491,#6493);
#6495=EDGE_CURVE('',#1693,#6484,#6494,.T.);
#6496=ORIENTED_EDGE('',*,*,#6495,.F.);
#6497=ORIENTED_EDGE('',*,*,#1698,.F.);
#6498=EDGE_LOOP('',(#6482,#6490,#6496,#6497));
#6499=FACE_OUTER_BOUND('',#6498,.T.);
#6500=ADVANCED_FACE('',(#6499),#6473,.T.);
#6501=CARTESIAN_POINT('',(-28.285164875798657,20.000000000000004,0.8));
#6502=DIRECTION('',(0.0,0.0,1.0));
#6503=DIRECTION('',(-1.0,0.0,0.0));
#6504=AXIS2_PLACEMENT_3D('',#6501,#6502,#6503);
#6505=PLANE('',#6504);
#6506=ORIENTED_EDGE('',*,*,#6464,.T.);
#6507=CARTESIAN_POINT('',(-28.000000000000004,18.900000000000002,0.799999999999999));
#6508=DIRECTION('',(0.0,-1.0,0.0));
#6509=VECTOR('',#6508,5.800000000000001);
#6510=LINE('',#6507,#6509);
#6511=EDGE_CURVE('',#6484,#6453,#6510,.T.);
#6512=ORIENTED_EDGE('',*,*,#6511,.F.);
#6513=ORIENTED_EDGE('',*,*,#6489,.T.);
#6514=CARTESIAN_POINT('',(-28.285164875798657,18.900000000000002,0.8));
#6515=DIRECTION('',(0.0,-1.0,0.0));
#6516=VECTOR('',#6515,5.800000000000001);
#6517=LINE('',#6514,#6516);
#6518=EDGE_CURVE('',#6475,#6443,#6517,.T.);
#6519=ORIENTED_EDGE('',*,*,#6518,.T.);
#6520=EDGE_LOOP('',(#6506,#6512,#6513,#6519));
#6521=FACE_OUTER_BOUND('',#6520,.T.);
#6522=ADVANCED_FACE('',(#6521),#6505,.T.);
#6523=CARTESIAN_POINT('',(-32.0,20.000000000000004,-2.220446E-015));
#6524=DIRECTION('',(0.0,1.0,0.0));
#6525=DIRECTION('',(0.9775881905793,0.0,0.210526315789474));
#6526=AXIS2_PLACEMENT_3D('',#6523,#6524,#6525);
#6527=CYLINDRICAL_SURFACE('',#6526,3.800000000000002);
#6528=ORIENTED_EDGE('',*,*,#6449,.T.);
#6529=ORIENTED_EDGE('',*,*,#6518,.F.);
#6530=ORIENTED_EDGE('',*,*,#6481,.T.);
#6531=ORIENTED_EDGE('',*,*,#1690,.T.);
#6532=EDGE_LOOP('',(#6528,#6529,#6530,#6531));
#6533=FACE_OUTER_BOUND('',#6532,.T.);
#6534=ADVANCED_FACE('',(#6533),#6527,.T.);
#6535=CARTESIAN_POINT('',(-28.000000000000004,20.000000000000004,0.799999999999999));
#6536=DIRECTION('',(-1.0,0.0,0.0));
#6537=DIRECTION('',(0.0,0.0,-1.0));
#6538=AXIS2_PLACEMENT_3D('',#6535,#6536,#6537);
#6539=PLANE('',#6538);
#6540=ORIENTED_EDGE('',*,*,#6458,.T.);
#6541=ORIENTED_EDGE('',*,*,#1674,.F.);
#6542=ORIENTED_EDGE('',*,*,#1704,.F.);
#6543=ORIENTED_EDGE('',*,*,#6495,.T.);
#6544=ORIENTED_EDGE('',*,*,#6511,.T.);
#6545=EDGE_LOOP('',(#6540,#6541,#6542,#6543,#6544));
#6546=FACE_OUTER_BOUND('',#6545,.T.);
#6547=ADVANCED_FACE('',(#6546),#6539,.T.);
#6548=CARTESIAN_POINT('',(-28.000000000000004,20.000000000000004,-3.8));
#6549=DIRECTION('',(-1.0,0.0,0.0));
#6550=DIRECTION('',(0.0,0.0,-1.0));
#6551=AXIS2_PLACEMENT_3D('',#6548,#6549,#6550);
#6552=PLANE('',#6551);
#6553=CARTESIAN_POINT('',(-28.000000000000004,13.100000000000003,-0.800000000000001));
#6554=VERTEX_POINT('',#6553);
#6555=CARTESIAN_POINT('',(-28.000000000000007,13.100000000000003,-3.8));
#6556=DIRECTION('',(0.0,0.0,1.0));
#6557=VECTOR('',#6556,2.999999999999999);
#6558=LINE('',#6555,#6557);
#6559=EDGE_CURVE('',#1285,#6554,#6558,.T.);
#6560=ORIENTED_EDGE('',*,*,#6559,.T.);
#6561=CARTESIAN_POINT('',(-28.000000000000004,18.900000000000002,-0.800000000000001));
#6562=VERTEX_POINT('',#6561);
#6563=CARTESIAN_POINT('',(-28.000000000000004,18.900000000000002,-0.800000000000001));
#6564=DIRECTION('',(0.0,-1.0,0.0));
#6565=VECTOR('',#6564,5.800000000000001);
#6566=LINE('',#6563,#6565);
#6567=EDGE_CURVE('',#6562,#6554,#6566,.T.);
#6568=ORIENTED_EDGE('',*,*,#6567,.F.);
#6569=CARTESIAN_POINT('',(-28.000000000000007,18.900000000000002,-0.800000000000001));
#6570=DIRECTION('',(0.0,0.0,-1.0));
#6571=VECTOR('',#6570,2.999999999999999);
#6572=LINE('',#6569,#6571);
#6573=EDGE_CURVE('',#6562,#1261,#6572,.T.);
#6574=ORIENTED_EDGE('',*,*,#6573,.T.);
#6575=ORIENTED_EDGE('',*,*,#1266,.F.);
#6576=ORIENTED_EDGE('',*,*,#1296,.F.);
#6577=EDGE_LOOP('',(#6560,#6568,#6574,#6575,#6576));
#6578=FACE_OUTER_BOUND('',#6577,.T.);
#6579=ADVANCED_FACE('',(#6578),#6552,.T.);
#6580=CARTESIAN_POINT('',(-28.000000000000004,20.000000000000004,-0.800000000000001));
#6581=DIRECTION('',(0.0,0.0,-1.0));
#6582=DIRECTION('',(1.0,0.0,0.0));
#6583=AXIS2_PLACEMENT_3D('',#6580,#6581,#6582);
#6584=PLANE('',#6583);
#6585=CARTESIAN_POINT('',(-28.285164875798657,13.100000000000003,-0.800000000000002));
#6586=VERTEX_POINT('',#6585);
#6587=CARTESIAN_POINT('',(-28.000000000000004,13.100000000000003,-0.800000000000001));
#6588=DIRECTION('',(-1.0,0.0,0.0));
#6589=VECTOR('',#6588,0.285164875798653);
#6590=LINE('',#6587,#6589);
#6591=EDGE_CURVE('',#6554,#6586,#6590,.T.);
#6592=ORIENTED_EDGE('',*,*,#6591,.T.);
#6593=CARTESIAN_POINT('',(-28.285164875798657,18.900000000000002,-0.800000000000002));
#6594=VERTEX_POINT('',#6593);
#6595=CARTESIAN_POINT('',(-28.285164875798657,18.900000000000002,-0.800000000000002));
#6596=DIRECTION('',(0.0,-1.0,0.0));
#6597=VECTOR('',#6596,5.800000000000001);
#6598=LINE('',#6595,#6597);
#6599=EDGE_CURVE('',#6594,#6586,#6598,.T.);
#6600=ORIENTED_EDGE('',*,*,#6599,.F.);
#6601=CARTESIAN_POINT('',(-28.285164875798657,18.900000000000002,-0.800000000000002));
#6602=DIRECTION('',(1.0,0.0,0.0));
#6603=VECTOR('',#6602,0.285164875798653);
#6604=LINE('',#6601,#6603);
#6605=EDGE_CURVE('',#6594,#6562,#6604,.T.);
#6606=ORIENTED_EDGE('',*,*,#6605,.T.);
#6607=ORIENTED_EDGE('',*,*,#6567,.T.);
#6608=EDGE_LOOP('',(#6592,#6600,#6606,#6607));
#6609=FACE_OUTER_BOUND('',#6608,.T.);
#6610=ADVANCED_FACE('',(#6609),#6584,.T.);
#6611=CARTESIAN_POINT('',(-32.0,20.000000000000004,-2.220446E-015));
#6612=DIRECTION('',(0.0,1.0,0.0));
#6613=DIRECTION('',(0.0,0.0,-1.0));
#6614=AXIS2_PLACEMENT_3D('',#6611,#6612,#6613);
#6615=CYLINDRICAL_SURFACE('',#6614,3.800000000000003);
#6616=CARTESIAN_POINT('',(-32.0,13.100000000000003,-2.220446E-015));
#6617=DIRECTION('',(0.0,1.0,0.0));
#6618=DIRECTION('',(0.0,0.0,-1.0));
#6619=AXIS2_PLACEMENT_3D('',#6616,#6617,#6618);
#6620=CIRCLE('',#6619,3.800000000000003);
#6621=EDGE_CURVE('',#6586,#1277,#6620,.T.);
#6622=ORIENTED_EDGE('',*,*,#6621,.T.);
#6623=ORIENTED_EDGE('',*,*,#1282,.F.);
#6624=CARTESIAN_POINT('',(-32.0,18.900000000000002,-2.220446E-015));
#6625=DIRECTION('',(0.0,-1.0,0.0));
#6626=DIRECTION('',(0.0,0.0,-1.0));
#6627=AXIS2_PLACEMENT_3D('',#6624,#6625,#6626);
#6628=CIRCLE('',#6627,3.800000000000003);
#6629=EDGE_CURVE('',#1269,#6594,#6628,.T.);
#6630=ORIENTED_EDGE('',*,*,#6629,.T.);
#6631=ORIENTED_EDGE('',*,*,#6599,.T.);
#6632=EDGE_LOOP('',(#6622,#6623,#6630,#6631));
#6633=FACE_OUTER_BOUND('',#6632,.T.);
#6634=ADVANCED_FACE('',(#6633),#6615,.T.);
#6635=CARTESIAN_POINT('',(-30.0,18.900000000000002,-1.942890E-015));
#6636=DIRECTION('',(0.0,-1.0,0.0));
#6637=DIRECTION('',(0.0,0.0,-1.0));
#6638=AXIS2_PLACEMENT_3D('',#6635,#6636,#6637);
#6639=PLANE('',#6638);
#6640=ORIENTED_EDGE('',*,*,#6629,.F.);
#6641=ORIENTED_EDGE('',*,*,#1274,.F.);
#6642=ORIENTED_EDGE('',*,*,#6573,.F.);
#6643=ORIENTED_EDGE('',*,*,#6605,.F.);
#6644=EDGE_LOOP('',(#6640,#6641,#6642,#6643));
#6645=FACE_OUTER_BOUND('',#6644,.T.);
#6646=ADVANCED_FACE('',(#6645),#6639,.T.);
#6647=CARTESIAN_POINT('',(-30.0,13.100000000000003,-1.942890E-015));
#6648=DIRECTION('',(0.0,1.0,0.0));
#6649=DIRECTION('',(0.0,0.0,1.0));
#6650=AXIS2_PLACEMENT_3D('',#6647,#6648,#6649);
#6651=PLANE('',#6650);
#6652=ORIENTED_EDGE('',*,*,#6621,.F.);
#6653=ORIENTED_EDGE('',*,*,#6591,.F.);
#6654=ORIENTED_EDGE('',*,*,#6559,.F.);
#6655=ORIENTED_EDGE('',*,*,#1290,.F.);
#6656=EDGE_LOOP('',(#6652,#6653,#6654,#6655));
#6657=FACE_OUTER_BOUND('',#6656,.T.);
#6658=ADVANCED_FACE('',(#6657),#6651,.T.);
#6659=CARTESIAN_POINT('',(-28.000000000000007,8.0,0.0));
#6660=DIRECTION('',(-1.0,0.0,0.0));
#6661=DIRECTION('',(0.0,0.0,-1.0));
#6662=AXIS2_PLACEMENT_3D('',#6659,#6660,#6661);
#6663=CYLINDRICAL_SURFACE('',#6662,3.8);
#6664=CARTESIAN_POINT('',(-21.100000000000009,11.714835124201343,0.800000000000001));
#6665=VERTEX_POINT('',#6664);
#6666=CARTESIAN_POINT('',(-21.100000000000009,8.0,0.0));
#6667=DIRECTION('',(-1.0,0.0,0.0));
#6668=DIRECTION('',(0.0,0.0,-1.0));
#6669=AXIS2_PLACEMENT_3D('',#6666,#6667,#6668);
#6670=CIRCLE('',#6669,3.8);
#6671=EDGE_CURVE('',#1628,#6665,#6670,.T.);
#6672=ORIENTED_EDGE('',*,*,#6671,.T.);
#6673=CARTESIAN_POINT('',(-26.900000000000009,11.714835124201343,0.800000000000001));
#6674=VERTEX_POINT('',#6673);
#6675=CARTESIAN_POINT('',(-26.900000000000009,11.714835124201343,0.800000000000001));
#6676=DIRECTION('',(1.0,0.0,0.0));
#6677=VECTOR('',#6676,5.800000000000001);
#6678=LINE('',#6675,#6677);
#6679=EDGE_CURVE('',#6674,#6665,#6678,.T.);
#6680=ORIENTED_EDGE('',*,*,#6679,.F.);
#6681=CARTESIAN_POINT('',(-26.900000000000009,8.0,0.0));
#6682=DIRECTION('',(1.0,0.0,0.0));
#6683=DIRECTION('',(0.0,0.0,-1.0));
#6684=AXIS2_PLACEMENT_3D('',#6681,#6682,#6683);
#6685=CIRCLE('',#6684,3.8);
#6686=EDGE_CURVE('',#6674,#1636,#6685,.T.);
#6687=ORIENTED_EDGE('',*,*,#6686,.T.);
#6688=ORIENTED_EDGE('',*,*,#1641,.T.);
#6689=EDGE_LOOP('',(#6672,#6680,#6687,#6688));
#6690=FACE_OUTER_BOUND('',#6689,.T.);
#6691=ADVANCED_FACE('',(#6690),#6663,.T.);
#6692=CARTESIAN_POINT('',(-28.000000000000007,11.714835124201343,0.800000000000001));
#6693=DIRECTION('',(0.0,0.0,1.0));
#6694=DIRECTION('',(-1.0,0.0,0.0));
#6695=AXIS2_PLACEMENT_3D('',#6692,#6693,#6694);
#6696=PLANE('',#6695);
#6697=CARTESIAN_POINT('',(-21.100000000000009,11.714835124201345,0.800000000000001));
#6698=DIRECTION('',(0.0,1.0,0.0));
#6699=VECTOR('',#6698,0.285164875798655);
#6700=LINE('',#6697,#6699);
#6701=EDGE_CURVE('',#6665,#3039,#6700,.T.);
#6702=ORIENTED_EDGE('',*,*,#6701,.T.);
#6703=ORIENTED_EDGE('',*,*,#3044,.F.);
#6704=CARTESIAN_POINT('',(-26.900000000000009,12.0,0.800000000000001));
#6705=DIRECTION('',(0.0,-1.0,0.0));
#6706=VECTOR('',#6705,0.285164875798655);
#6707=LINE('',#6704,#6706);
#6708=EDGE_CURVE('',#3031,#6674,#6707,.T.);
#6709=ORIENTED_EDGE('',*,*,#6708,.T.);
#6710=ORIENTED_EDGE('',*,*,#6679,.T.);
#6711=EDGE_LOOP('',(#6702,#6703,#6709,#6710));
#6712=FACE_OUTER_BOUND('',#6711,.T.);
#6713=ADVANCED_FACE('',(#6712),#6696,.T.);
#6714=CARTESIAN_POINT('',(-26.900000000000009,9.999999999999998,2.3));
#6715=DIRECTION('',(1.0,0.0,0.0));
#6716=DIRECTION('',(0.0,0.0,1.0));
#6717=AXIS2_PLACEMENT_3D('',#6714,#6715,#6716);
#6718=PLANE('',#6717);
#6719=ORIENTED_EDGE('',*,*,#6686,.F.);
#6720=ORIENTED_EDGE('',*,*,#6708,.F.);
#6721=ORIENTED_EDGE('',*,*,#3036,.F.);
#6722=ORIENTED_EDGE('',*,*,#1649,.F.);
#6723=EDGE_LOOP('',(#6719,#6720,#6721,#6722));
#6724=FACE_OUTER_BOUND('',#6723,.T.);
#6725=ADVANCED_FACE('',(#6724),#6718,.T.);
#6726=CARTESIAN_POINT('',(-21.100000000000009,9.999999999999998,2.3));
#6727=DIRECTION('',(-1.0,0.0,0.0));
#6728=DIRECTION('',(0.0,0.0,-1.0));
#6729=AXIS2_PLACEMENT_3D('',#6726,#6727,#6728);
#6730=PLANE('',#6729);
#6731=ORIENTED_EDGE('',*,*,#6671,.F.);
#6732=ORIENTED_EDGE('',*,*,#1633,.F.);
#6733=ORIENTED_EDGE('',*,*,#3050,.F.);
#6734=ORIENTED_EDGE('',*,*,#6701,.F.);
#6735=EDGE_LOOP('',(#6731,#6732,#6733,#6734));
#6736=FACE_OUTER_BOUND('',#6735,.T.);
#6737=ADVANCED_FACE('',(#6736),#6730,.T.);
#6738=CARTESIAN_POINT('',(-40.0,11.999999999999996,3.8));
#6739=DIRECTION('',(-1.0,0.0,0.0));
#6740=DIRECTION('',(0.0,0.0,-1.0));
#6741=AXIS2_PLACEMENT_3D('',#6738,#6739,#6740);
#6742=PLANE('',#6741);
#6743=CARTESIAN_POINT('',(-40.0,12.799999999999995,3.199999999999998));
#6744=VERTEX_POINT('',#6743);
#6745=CARTESIAN_POINT('',(-40.0,12.799999999999997,3.8));
#6746=DIRECTION('',(0.0,0.0,-1.0));
#6747=VECTOR('',#6746,0.600000000000001);
#6748=LINE('',#6745,#6747);
#6749=EDGE_CURVE('',#1724,#6744,#6748,.T.);
#6750=ORIENTED_EDGE('',*,*,#6749,.T.);
#6751=CARTESIAN_POINT('',(-40.0,11.999999999999996,3.199999999999998));
#6752=VERTEX_POINT('',#6751);
#6753=CARTESIAN_POINT('',(-40.0,11.999999999999996,3.199999999999998));
#6754=DIRECTION('',(0.0,1.0,0.0));
#6755=VECTOR('',#6754,0.799999999999999);
#6756=LINE('',#6753,#6755);
#6757=EDGE_CURVE('',#6752,#6744,#6756,.T.);
#6758=ORIENTED_EDGE('',*,*,#6757,.F.);
#6759=CARTESIAN_POINT('',(-40.0,11.999999999999996,3.8));
#6760=DIRECTION('',(0.0,0.0,-1.0));
#6761=VECTOR('',#6760,0.600000000000001);
#6762=LINE('',#6759,#6761);
#6763=EDGE_CURVE('',#1732,#6752,#6762,.T.);
#6764=ORIENTED_EDGE('',*,*,#6763,.F.);
#6765=ORIENTED_EDGE('',*,*,#1737,.F.);
#6766=EDGE_LOOP('',(#6750,#6758,#6764,#6765));
#6767=FACE_OUTER_BOUND('',#6766,.T.);
#6768=ADVANCED_FACE('',(#6767),#6742,.T.);
#6769=CARTESIAN_POINT('',(-40.0,11.999999999999996,3.199999999999998));
#6770=DIRECTION('',(0.0,0.0,-1.0));
#6771=DIRECTION('',(1.0,0.0,0.0));
#6772=AXIS2_PLACEMENT_3D('',#6769,#6770,#6771);
#6773=PLANE('',#6772);
#6774=CARTESIAN_POINT('',(-32.0,12.799999999999995,3.199999999999998));
#6775=VERTEX_POINT('',#6774);
#6776=CARTESIAN_POINT('',(-40.0,12.799999999999997,3.199999999999998));
#6777=DIRECTION('',(1.0,0.0,0.0));
#6778=VECTOR('',#6777,8.0);
#6779=LINE('',#6776,#6778);
#6780=EDGE_CURVE('',#6744,#6775,#6779,.T.);
#6781=ORIENTED_EDGE('',*,*,#6780,.T.);
#6782=CARTESIAN_POINT('',(-32.0,11.999999999999996,3.199999999999998));
#6783=VERTEX_POINT('',#6782);
#6784=CARTESIAN_POINT('',(-32.0,11.999999999999996,3.199999999999998));
#6785=DIRECTION('',(0.0,1.0,0.0));
#6786=VECTOR('',#6785,0.799999999999999);
#6787=LINE('',#6784,#6786);
#6788=EDGE_CURVE('',#6783,#6775,#6787,.T.);
#6789=ORIENTED_EDGE('',*,*,#6788,.F.);
#6790=CARTESIAN_POINT('',(-40.0,11.999999999999996,3.199999999999998));
#6791=DIRECTION('',(1.0,0.0,0.0));
#6792=VECTOR('',#6791,8.0);
#6793=LINE('',#6790,#6792);
#6794=EDGE_CURVE('',#6752,#6783,#6793,.T.);
#6795=ORIENTED_EDGE('',*,*,#6794,.F.);
#6796=ORIENTED_EDGE('',*,*,#6757,.T.);
#6797=EDGE_LOOP('',(#6781,#6789,#6795,#6796));
#6798=FACE_OUTER_BOUND('',#6797,.T.);
#6799=ADVANCED_FACE('',(#6798),#6773,.T.);
#6800=CARTESIAN_POINT('',(-32.0,11.999999999999996,-2.220446E-015));
#6801=DIRECTION('',(0.0,-1.0,0.0));
#6802=DIRECTION('',(0.0,0.0,-1.0));
#6803=AXIS2_PLACEMENT_3D('',#6800,#6801,#6802);
#6804=CYLINDRICAL_SURFACE('',#6803,3.200000000000001);
#6805=CARTESIAN_POINT('',(-32.0,12.799999999999995,-3.200000000000003));
#6806=VERTEX_POINT('',#6805);
#6807=CARTESIAN_POINT('',(-32.0,12.799999999999997,-2.220446E-015));
#6808=DIRECTION('',(0.0,1.0,0.0));
#6809=DIRECTION('',(0.0,0.0,-1.0));
#6810=AXIS2_PLACEMENT_3D('',#6807,#6808,#6809);
#6811=CIRCLE('',#6810,3.200000000000001);
#6812=EDGE_CURVE('',#6775,#6806,#6811,.T.);
#6813=ORIENTED_EDGE('',*,*,#6812,.T.);
#6814=CARTESIAN_POINT('',(-32.0,11.999999999999996,-3.200000000000003));
#6815=VERTEX_POINT('',#6814);
#6816=CARTESIAN_POINT('',(-32.0,11.999999999999996,-3.200000000000003));
#6817=DIRECTION('',(0.0,1.0,0.0));
#6818=VECTOR('',#6817,0.799999999999999);
#6819=LINE('',#6816,#6818);
#6820=EDGE_CURVE('',#6815,#6806,#6819,.T.);
#6821=ORIENTED_EDGE('',*,*,#6820,.F.);
#6822=CARTESIAN_POINT('',(-32.0,11.999999999999996,-2.220446E-015));
#6823=DIRECTION('',(0.0,1.0,0.0));
#6824=DIRECTION('',(0.0,0.0,-1.0));
#6825=AXIS2_PLACEMENT_3D('',#6822,#6823,#6824);
#6826=CIRCLE('',#6825,3.200000000000001);
#6827=EDGE_CURVE('',#6783,#6815,#6826,.T.);
#6828=ORIENTED_EDGE('',*,*,#6827,.F.);
#6829=ORIENTED_EDGE('',*,*,#6788,.T.);
#6830=EDGE_LOOP('',(#6813,#6821,#6828,#6829));
#6831=FACE_OUTER_BOUND('',#6830,.T.);
#6832=ADVANCED_FACE('',(#6831),#6804,.F.);
#6833=CARTESIAN_POINT('',(-32.0,11.999999999999996,-3.200000000000003));
#6834=DIRECTION('',(0.0,0.0,1.0));
#6835=DIRECTION('',(-1.0,0.0,0.0));
#6836=AXIS2_PLACEMENT_3D('',#6833,#6834,#6835);
#6837=PLANE('',#6836);
#6838=CARTESIAN_POINT('',(-40.0,12.799999999999995,-3.200000000000003));
#6839=VERTEX_POINT('',#6838);
#6840=CARTESIAN_POINT('',(-32.0,12.799999999999997,-3.200000000000003));
#6841=DIRECTION('',(-1.0,0.0,0.0));
#6842=VECTOR('',#6841,8.0);
#6843=LINE('',#6840,#6842);
#6844=EDGE_CURVE('',#6806,#6839,#6843,.T.);
#6845=ORIENTED_EDGE('',*,*,#6844,.T.);
#6846=CARTESIAN_POINT('',(-40.0,11.999999999999996,-3.200000000000003));
#6847=VERTEX_POINT('',#6846);
#6848=CARTESIAN_POINT('',(-40.0,11.999999999999996,-3.200000000000003));
#6849=DIRECTION('',(0.0,1.0,0.0));
#6850=VECTOR('',#6849,0.799999999999999);
#6851=LINE('',#6848,#6850);
#6852=EDGE_CURVE('',#6847,#6839,#6851,.T.);
#6853=ORIENTED_EDGE('',*,*,#6852,.F.);
#6854=CARTESIAN_POINT('',(-32.0,11.999999999999996,-3.200000000000003));
#6855=DIRECTION('',(-1.0,0.0,0.0));
#6856=VECTOR('',#6855,8.0);
#6857=LINE('',#6854,#6856);
#6858=EDGE_CURVE('',#6815,#6847,#6857,.T.);
#6859=ORIENTED_EDGE('',*,*,#6858,.F.);
#6860=ORIENTED_EDGE('',*,*,#6820,.T.);
#6861=EDGE_LOOP('',(#6845,#6853,#6859,#6860));
#6862=FACE_OUTER_BOUND('',#6861,.T.);
#6863=ADVANCED_FACE('',(#6862),#6837,.T.);
#6864=CARTESIAN_POINT('',(-40.0,11.999999999999996,-3.200000000000003));
#6865=DIRECTION('',(-1.0,0.0,0.0));
#6866=DIRECTION('',(0.0,0.0,-1.0));
#6867=AXIS2_PLACEMENT_3D('',#6864,#6865,#6866);
#6868=PLANE('',#6867);
#6869=CARTESIAN_POINT('',(-40.0,12.799999999999997,-3.200000000000003));
#6870=DIRECTION('',(0.0,0.0,-1.0));
#6871=VECTOR('',#6870,0.599999999999998);
#6872=LINE('',#6869,#6871);
#6873=EDGE_CURVE('',#6839,#1228,#6872,.T.);
#6874=ORIENTED_EDGE('',*,*,#6873,.T.);
#6875=ORIENTED_EDGE('',*,*,#1233,.T.);
#6876=CARTESIAN_POINT('',(-40.0,11.999999999999996,-3.200000000000003));
#6877=DIRECTION('',(0.0,0.0,-1.0));
#6878=VECTOR('',#6877,0.599999999999999);
#6879=LINE('',#6876,#6878);
#6880=EDGE_CURVE('',#6847,#1220,#6879,.T.);
#6881=ORIENTED_EDGE('',*,*,#6880,.F.);
#6882=ORIENTED_EDGE('',*,*,#6852,.T.);
#6883=EDGE_LOOP('',(#6874,#6875,#6881,#6882));
#6884=FACE_OUTER_BOUND('',#6883,.T.);
#6885=ADVANCED_FACE('',(#6884),#6868,.T.);
#6886=CARTESIAN_POINT('',(-36.508106462797237,12.799999999999995,-2.076775E-015));
#6887=DIRECTION('',(0.0,1.0,0.0));
#6888=DIRECTION('',(0.0,0.0,1.0));
#6889=AXIS2_PLACEMENT_3D('',#6886,#6887,#6888);
#6890=PLANE('',#6889);
#6891=CARTESIAN_POINT('',(-40.0,12.799999999999995,-2.220446E-015));
#6892=DIRECTION('',(0.0,1.0,0.0));
#6893=DIRECTION('',(0.0,0.0,1.0));
#6894=AXIS2_PLACEMENT_3D('',#6891,#6892,#6893);
#6895=CIRCLE('',#6894,3.8);
#6896=EDGE_CURVE('',#1228,#1724,#6895,.T.);
#6897=ORIENTED_EDGE('',*,*,#6896,.F.);
#6898=ORIENTED_EDGE('',*,*,#6873,.F.);
#6899=ORIENTED_EDGE('',*,*,#6844,.F.);
#6900=ORIENTED_EDGE('',*,*,#6812,.F.);
#6901=ORIENTED_EDGE('',*,*,#6780,.F.);
#6902=ORIENTED_EDGE('',*,*,#6749,.F.);
#6903=EDGE_LOOP('',(#6897,#6898,#6899,#6900,#6901,#6902));
#6904=FACE_OUTER_BOUND('',#6903,.T.);
#6905=CARTESIAN_POINT('',(-29.600000000000001,12.799999999999995,-1.926531E-015));
#6906=VERTEX_POINT('',#6905);
#6907=CARTESIAN_POINT('',(-32.0,12.799999999999995,-2.220446E-015));
#6908=DIRECTION('',(0.0,-1.0,0.0));
#6909=DIRECTION('',(-1.0,0.0,0.0));
#6910=AXIS2_PLACEMENT_3D('',#6907,#6908,#6909);
#6911=CIRCLE('',#6910,2.4);
#6912=EDGE_CURVE('',#6906,#6906,#6911,.T.);
#6913=ORIENTED_EDGE('',*,*,#6912,.F.);
#6914=EDGE_LOOP('',(#6913));
#6915=FACE_BOUND('',#6914,.T.);
#6916=CARTESIAN_POINT('',(-37.599999999999994,12.799999999999995,-1.926531E-015));
#6917=VERTEX_POINT('',#6916);
#6918=CARTESIAN_POINT('',(-40.0,12.799999999999995,-2.220446E-015));
#6919=DIRECTION('',(0.0,-1.0,0.0));
#6920=DIRECTION('',(-1.0,0.0,0.0));
#6921=AXIS2_PLACEMENT_3D('',#6918,#6919,#6920);
#6922=CIRCLE('',#6921,2.4);
#6923=EDGE_CURVE('',#6917,#6917,#6922,.T.);
#6924=ORIENTED_EDGE('',*,*,#6923,.F.);
#6925=EDGE_LOOP('',(#6924));
#6926=FACE_BOUND('',#6925,.T.);
#6927=ADVANCED_FACE('',(#6904,#6915,#6926),#6890,.F.);
#6928=CARTESIAN_POINT('',(-33.178598504429338,11.999999999999996,-7.685115E-016));
#6929=DIRECTION('',(0.0,1.0,0.0));
#6930=DIRECTION('',(0.0,0.0,1.0));
#6931=AXIS2_PLACEMENT_3D('',#6928,#6929,#6930);
#6932=PLANE('',#6931);
#6933=ORIENTED_EDGE('',*,*,#1745,.T.);
#6934=ORIENTED_EDGE('',*,*,#6763,.T.);
#6935=ORIENTED_EDGE('',*,*,#6794,.T.);
#6936=ORIENTED_EDGE('',*,*,#6827,.T.);
#6937=ORIENTED_EDGE('',*,*,#6858,.T.);
#6938=ORIENTED_EDGE('',*,*,#6880,.T.);
#6939=ORIENTED_EDGE('',*,*,#1225,.T.);
#6940=ORIENTED_EDGE('',*,*,#2490,.F.);
#6941=CARTESIAN_POINT('',(-28.000000000000007,11.999999999999996,3.7));
#6942=DIRECTION('',(0.0,0.0,-1.0));
#6943=VECTOR('',#6942,7.4);
#6944=LINE('',#6941,#6943);
#6945=EDGE_CURVE('',#2461,#2484,#6944,.T.);
#6946=ORIENTED_EDGE('',*,*,#6945,.F.);
#6947=ORIENTED_EDGE('',*,*,#2467,.F.);
#6948=EDGE_LOOP('',(#6933,#6934,#6935,#6936,#6937,#6938,#6939,#6940,#6946,#6947));
#6949=FACE_OUTER_BOUND('',#6948,.T.);
#6950=ADVANCED_FACE('',(#6949),#6932,.F.);
#6951=CARTESIAN_POINT('',(-36.000000000000007,14.399999999999995,4.163336E-016));
#6952=DIRECTION('',(0.0,1.0,0.0));
#6953=DIRECTION('',(0.0,0.0,1.0));
#6954=AXIS2_PLACEMENT_3D('',#6951,#6952,#6953);
#6955=PLANE('',#6954);
#6956=CARTESIAN_POINT('',(-34.381176179958132,14.399999999999995,-2.700000000000001));
#6957=VERTEX_POINT('',#6956);
#6958=CARTESIAN_POINT('',(-37.618823820041868,14.399999999999995,-2.700000000000001));
#6959=VERTEX_POINT('',#6958);
#6960=CARTESIAN_POINT('',(-34.381176179958132,14.399999999999995,-2.700000000000001));
#6961=DIRECTION('',(-1.0,0.0,0.0));
#6962=VECTOR('',#6961,3.237647640083736);
#6963=LINE('',#6960,#6962);
#6964=EDGE_CURVE('',#6957,#6959,#6963,.T.);
#6965=ORIENTED_EDGE('',*,*,#6964,.T.);
#6966=CARTESIAN_POINT('',(-37.618823820041868,14.399999999999995,2.699999999999998));
#6967=VERTEX_POINT('',#6966);
#6968=CARTESIAN_POINT('',(-40.0,14.399999999999995,-2.220446E-015));
#6969=DIRECTION('',(0.0,-1.0,0.0));
#6970=DIRECTION('',(0.661437827766148,0.0,-0.75));
#6971=AXIS2_PLACEMENT_3D('',#6968,#6969,#6970);
#6972=CIRCLE('',#6971,3.6);
#6973=EDGE_CURVE('',#6959,#6967,#6972,.T.);
#6974=ORIENTED_EDGE('',*,*,#6973,.T.);
#6975=CARTESIAN_POINT('',(-34.381176179958132,14.399999999999995,2.7));
#6976=VERTEX_POINT('',#6975);
#6977=CARTESIAN_POINT('',(-37.618823820041868,14.399999999999995,2.699999999999998));
#6978=DIRECTION('',(1.0,0.0,0.0));
#6979=VECTOR('',#6978,3.237647640083743);
#6980=LINE('',#6977,#6979);
#6981=EDGE_CURVE('',#6967,#6976,#6980,.T.);
#6982=ORIENTED_EDGE('',*,*,#6981,.T.);
#6983=CARTESIAN_POINT('',(-32.0,14.399999999999995,-2.220446E-015));
#6984=DIRECTION('',(0.0,-1.0,0.0));
#6985=DIRECTION('',(0.661437827766146,0.0,0.750000000000001));
#6986=AXIS2_PLACEMENT_3D('',#6983,#6984,#6985);
#6987=CIRCLE('',#6986,3.6);
#6988=EDGE_CURVE('',#6976,#6957,#6987,.T.);
#6989=ORIENTED_EDGE('',*,*,#6988,.T.);
#6990=EDGE_LOOP('',(#6965,#6974,#6982,#6989));
#6991=FACE_OUTER_BOUND('',#6990,.T.);
#6992=ADVANCED_FACE('',(#6991),#6955,.T.);
#6993=CARTESIAN_POINT('',(-40.0,20.000000000000004,-2.220446E-015));
#6994=DIRECTION('',(0.0,1.0,0.0));
#6995=DIRECTION('',(0.661437827766148,0.0,-0.75));
#6996=AXIS2_PLACEMENT_3D('',#6993,#6994,#6995);
#6997=CYLINDRICAL_SURFACE('',#6996,3.6);
#6998=ORIENTED_EDGE('',*,*,#6973,.F.);
#6999=CARTESIAN_POINT('',(-37.618823820041868,20.0,-2.700000000000001));
#7000=DIRECTION('',(0.0,-1.0,0.0));
#7001=VECTOR('',#7000,5.600000000000005);
#7002=LINE('',#6999,#7001);
#7003=EDGE_CURVE('',#1956,#6959,#7002,.T.);
#7004=ORIENTED_EDGE('',*,*,#7003,.F.);
#7005=ORIENTED_EDGE('',*,*,#1985,.T.);
#7006=CARTESIAN_POINT('',(-37.618823820041868,14.399999999999995,2.699999999999998));
#7007=DIRECTION('',(0.0,1.0,0.0));
#7008=VECTOR('',#7007,5.600000000000001);
#7009=LINE('',#7006,#7008);
#7010=EDGE_CURVE('',#6967,#1973,#7009,.T.);
#7011=ORIENTED_EDGE('',*,*,#7010,.F.);
#7012=EDGE_LOOP('',(#6998,#7004,#7005,#7011));
#7013=FACE_OUTER_BOUND('',#7012,.T.);
#7014=ADVANCED_FACE('',(#7013),#6997,.T.);
#7015=CARTESIAN_POINT('',(-28.000000000000004,20.0,2.700000000000004));
#7016=DIRECTION('',(0.0,0.0,-1.0));
#7017=DIRECTION('',(1.0,0.0,0.0));
#7018=AXIS2_PLACEMENT_3D('',#7015,#7016,#7017);
#7019=PLANE('',#7018);
#7020=ORIENTED_EDGE('',*,*,#6981,.F.);
#7021=ORIENTED_EDGE('',*,*,#7010,.T.);
#7022=ORIENTED_EDGE('',*,*,#1978,.T.);
#7023=CARTESIAN_POINT('',(-34.381176179958132,19.999999999999996,2.7));
#7024=DIRECTION('',(0.0,-1.0,0.0));
#7025=VECTOR('',#7024,5.600000000000001);
#7026=LINE('',#7023,#7025);
#7027=EDGE_CURVE('',#1964,#6976,#7026,.T.);
#7028=ORIENTED_EDGE('',*,*,#7027,.T.);
#7029=EDGE_LOOP('',(#7020,#7021,#7022,#7028));
#7030=FACE_OUTER_BOUND('',#7029,.T.);
#7031=ADVANCED_FACE('',(#7030),#7019,.T.);
#7032=CARTESIAN_POINT('',(-32.0,20.000000000000004,-2.220446E-015));
#7033=DIRECTION('',(0.0,1.0,0.0));
#7034=DIRECTION('',(0.661437827766146,0.0,0.750000000000001));
#7035=AXIS2_PLACEMENT_3D('',#7032,#7033,#7034);
#7036=CYLINDRICAL_SURFACE('',#7035,3.6);
#7037=ORIENTED_EDGE('',*,*,#6988,.F.);
#7038=ORIENTED_EDGE('',*,*,#7027,.F.);
#7039=ORIENTED_EDGE('',*,*,#1970,.T.);
#7040=CARTESIAN_POINT('',(-34.381176179958132,14.399999999999995,-2.700000000000001));
#7041=DIRECTION('',(0.0,1.0,0.0));
#7042=VECTOR('',#7041,5.600000000000005);
#7043=LINE('',#7040,#7042);
#7044=EDGE_CURVE('',#6957,#1954,#7043,.T.);
#7045=ORIENTED_EDGE('',*,*,#7044,.F.);
#7046=EDGE_LOOP('',(#7037,#7038,#7039,#7045));
#7047=FACE_OUTER_BOUND('',#7046,.T.);
#7048=ADVANCED_FACE('',(#7047),#7036,.T.);
#7049=CARTESIAN_POINT('',(-32.0,20.000000000000004,-2.220446E-015));
#7050=DIRECTION('',(0.0,1.0,0.0));
#7051=DIRECTION('',(-1.0,0.0,0.0));
#7052=AXIS2_PLACEMENT_3D('',#7049,#7050,#7051);
#7053=CYLINDRICAL_SURFACE('',#7052,2.4);
#7054=ORIENTED_EDGE('',*,*,#6420,.T.);
#7055=EDGE_LOOP('',(#7054));
#7056=FACE_OUTER_BOUND('',#7055,.T.);
#7057=ORIENTED_EDGE('',*,*,#6912,.T.);
#7058=EDGE_LOOP('',(#7057));
#7059=FACE_BOUND('',#7058,.T.);
#7060=ADVANCED_FACE('',(#7056,#7059),#7053,.F.);
#7061=CARTESIAN_POINT('',(-40.0,20.000000000000004,-2.220446E-015));
#7062=DIRECTION('',(0.0,1.0,0.0));
#7063=DIRECTION('',(-1.0,0.0,0.0));
#7064=AXIS2_PLACEMENT_3D('',#7061,#7062,#7063);
#7065=CYLINDRICAL_SURFACE('',#7064,2.4);
#7066=ORIENTED_EDGE('',*,*,#6380,.T.);
#7067=EDGE_LOOP('',(#7066));
#7068=FACE_OUTER_BOUND('',#7067,.T.);
#7069=ORIENTED_EDGE('',*,*,#6923,.T.);
#7070=EDGE_LOOP('',(#7069));
#7071=FACE_BOUND('',#7070,.T.);
#7072=ADVANCED_FACE('',(#7068,#7071),#7065,.F.);
#7073=CARTESIAN_POINT('',(-40.0,20.0,-2.700000000000001));
#7074=DIRECTION('',(0.0,0.0,1.0));
#7075=DIRECTION('',(-1.0,0.0,0.0));
#7076=AXIS2_PLACEMENT_3D('',#7073,#7074,#7075);
#7077=PLANE('',#7076);
#7078=ORIENTED_EDGE('',*,*,#6964,.F.);
#7079=ORIENTED_EDGE('',*,*,#7044,.T.);
#7080=ORIENTED_EDGE('',*,*,#1961,.T.);
#7081=ORIENTED_EDGE('',*,*,#7003,.T.);
#7082=EDGE_LOOP('',(#7078,#7079,#7080,#7081));
#7083=FACE_OUTER_BOUND('',#7082,.T.);
#7084=ADVANCED_FACE('',(#7083),#7077,.T.);
#7085=CARTESIAN_POINT('',(-40.0,20.0,-2.220446E-015));
#7086=DIRECTION('',(0.0,1.0,0.0));
#7087=DIRECTION('',(0.0,0.0,1.0));
#7088=AXIS2_PLACEMENT_3D('',#7085,#7086,#7087);
#7089=CYLINDRICAL_SURFACE('',#7088,3.8);
#7090=ORIENTED_EDGE('',*,*,#1825,.F.);
#7091=ORIENTED_EDGE('',*,*,#1241,.T.);
#7092=ORIENTED_EDGE('',*,*,#6896,.T.);
#7093=ORIENTED_EDGE('',*,*,#1729,.F.);
#7094=EDGE_LOOP('',(#7090,#7091,#7092,#7093));
#7095=FACE_OUTER_BOUND('',#7094,.T.);
#7096=ADVANCED_FACE('',(#7095),#7089,.T.);
#7097=CARTESIAN_POINT('',(-28.000000000000007,-11.451110440571046,3.122502E-016));
#7098=DIRECTION('',(1.0,0.0,0.0));
#7099=DIRECTION('',(0.0,0.0,-1.0));
#7100=AXIS2_PLACEMENT_3D('',#7097,#7098,#7099);
#7101=PLANE('',#7100);
#7102=ORIENTED_EDGE('',*,*,#2473,.F.);
#7103=ORIENTED_EDGE('',*,*,#6945,.T.);
#7104=ORIENTED_EDGE('',*,*,#2506,.F.);
#7105=CARTESIAN_POINT('',(-28.000000000000007,-11.999999999999996,-3.7));
#7106=DIRECTION('',(0.0,0.0,1.0));
#7107=VECTOR('',#7106,7.4);
#7108=LINE('',#7105,#7107);
#7109=EDGE_CURVE('',#2494,#2451,#7108,.T.);
#7110=ORIENTED_EDGE('',*,*,#7109,.T.);
#7111=EDGE_LOOP('',(#7102,#7103,#7104,#7110));
#7112=FACE_OUTER_BOUND('',#7111,.T.);
#7113=CARTESIAN_POINT('',(-28.000000000000007,-11.200000000000001,0.0));
#7114=VERTEX_POINT('',#7113);
#7115=CARTESIAN_POINT('',(-28.000000000000007,-8.0,0.0));
#7116=DIRECTION('',(1.0,0.0,0.0));
#7117=DIRECTION('',(0.0,-1.0,0.0));
#7118=AXIS2_PLACEMENT_3D('',#7115,#7116,#7117);
#7119=CIRCLE('',#7118,3.200000000000001);
#7120=EDGE_CURVE('',#7114,#7114,#7119,.T.);
#7121=ORIENTED_EDGE('',*,*,#7120,.T.);
#7122=EDGE_LOOP('',(#7121));
#7123=FACE_BOUND('',#7122,.T.);
#7124=CARTESIAN_POINT('',(-28.000000000000007,-3.200000000000001,0.0));
#7125=VERTEX_POINT('',#7124);
#7126=CARTESIAN_POINT('',(-28.000000000000007,0.0,0.0));
#7127=DIRECTION('',(1.0,0.0,0.0));
#7128=DIRECTION('',(0.0,-1.0,0.0));
#7129=AXIS2_PLACEMENT_3D('',#7126,#7127,#7128);
#7130=CIRCLE('',#7129,3.200000000000001);
#7131=EDGE_CURVE('',#7125,#7125,#7130,.T.);
#7132=ORIENTED_EDGE('',*,*,#7131,.T.);
#7133=EDGE_LOOP('',(#7132));
#7134=FACE_BOUND('',#7133,.T.);
#7135=CARTESIAN_POINT('',(-28.000000000000007,4.8,0.0));
#7136=VERTEX_POINT('',#7135);
#7137=CARTESIAN_POINT('',(-28.000000000000007,8.0,0.0));
#7138=DIRECTION('',(1.0,0.0,0.0));
#7139=DIRECTION('',(0.0,-1.0,0.0));
#7140=AXIS2_PLACEMENT_3D('',#7137,#7138,#7139);
#7141=CIRCLE('',#7140,3.200000000000001);
#7142=EDGE_CURVE('',#7136,#7136,#7141,.T.);
#7143=ORIENTED_EDGE('',*,*,#7142,.T.);
#7144=EDGE_LOOP('',(#7143));
#7145=FACE_BOUND('',#7144,.T.);
#7146=CARTESIAN_POINT('',(-28.000000000000007,2.381176179958132,-2.7));
#7147=VERTEX_POINT('',#7146);
#7148=CARTESIAN_POINT('',(-28.000000000000007,5.61882382004187,-2.7));
#7149=VERTEX_POINT('',#7148);
#7150=CARTESIAN_POINT('',(-28.000000000000007,2.38117617995813,-2.7));
#7151=DIRECTION('',(0.0,1.0,0.0));
#7152=VECTOR('',#7151,3.237647640083738);
#7153=LINE('',#7150,#7152);
#7154=EDGE_CURVE('',#7147,#7149,#7153,.T.);
#7155=ORIENTED_EDGE('',*,*,#7154,.T.);
#7156=CARTESIAN_POINT('',(-28.000000000000007,5.61882382004187,2.7));
#7157=VERTEX_POINT('',#7156);
#7158=CARTESIAN_POINT('',(-28.000000000000007,8.0,0.0));
#7159=DIRECTION('',(1.0,0.0,0.0));
#7160=DIRECTION('',(0.0,-1.0,0.0));
#7161=AXIS2_PLACEMENT_3D('',#7158,#7159,#7160);
#7162=CIRCLE('',#7161,3.6);
#7163=EDGE_CURVE('',#7157,#7149,#7162,.T.);
#7164=ORIENTED_EDGE('',*,*,#7163,.F.);
#7165=CARTESIAN_POINT('',(-28.000000000000007,2.381176179958132,2.7));
#7166=VERTEX_POINT('',#7165);
#7167=CARTESIAN_POINT('',(-28.000000000000007,5.618823820041868,2.7));
#7168=DIRECTION('',(0.0,-1.0,0.0));
#7169=VECTOR('',#7168,3.237647640083738);
#7170=LINE('',#7167,#7169);
#7171=EDGE_CURVE('',#7157,#7166,#7170,.T.);
#7172=ORIENTED_EDGE('',*,*,#7171,.T.);
#7173=CARTESIAN_POINT('',(-28.000000000000007,0.0,0.0));
#7174=DIRECTION('',(1.0,0.0,0.0));
#7175=DIRECTION('',(0.0,-1.0,0.0));
#7176=AXIS2_PLACEMENT_3D('',#7173,#7174,#7175);
#7177=CIRCLE('',#7176,3.6);
#7178=EDGE_CURVE('',#7147,#7166,#7177,.T.);
#7179=ORIENTED_EDGE('',*,*,#7178,.F.);
#7180=EDGE_LOOP('',(#7155,#7164,#7172,#7179));
#7181=FACE_BOUND('',#7180,.T.);
#7182=CARTESIAN_POINT('',(-28.000000000000007,-2.381176179958132,2.7));
#7183=VERTEX_POINT('',#7182);
#7184=CARTESIAN_POINT('',(-28.000000000000007,-2.381176179958132,-2.7));
#7185=VERTEX_POINT('',#7184);
#7186=CARTESIAN_POINT('',(-28.000000000000007,0.0,0.0));
#7187=DIRECTION('',(1.0,0.0,0.0));
#7188=DIRECTION('',(0.0,-1.0,0.0));
#7189=AXIS2_PLACEMENT_3D('',#7186,#7187,#7188);
#7190=CIRCLE('',#7189,3.6);
#7191=EDGE_CURVE('',#7183,#7185,#7190,.T.);
#7192=ORIENTED_EDGE('',*,*,#7191,.F.);
#7193=CARTESIAN_POINT('',(-28.000000000000007,-5.618823820041868,2.7));
#7194=VERTEX_POINT('',#7193);
#7195=CARTESIAN_POINT('',(-28.000000000000007,-2.381176179958132,2.7));
#7196=DIRECTION('',(0.0,-1.0,0.0));
#7197=VECTOR('',#7196,3.237647640083737);
#7198=LINE('',#7195,#7197);
#7199=EDGE_CURVE('',#7183,#7194,#7198,.T.);
#7200=ORIENTED_EDGE('',*,*,#7199,.T.);
#7201=CARTESIAN_POINT('',(-28.000000000000007,-5.618823820041868,-2.7));
#7202=VERTEX_POINT('',#7201);
#7203=CARTESIAN_POINT('',(-28.000000000000007,-8.0,0.0));
#7204=DIRECTION('',(1.0,0.0,0.0));
#7205=DIRECTION('',(0.0,-1.0,0.0));
#7206=AXIS2_PLACEMENT_3D('',#7203,#7204,#7205);
#7207=CIRCLE('',#7206,3.600000000000001);
#7208=EDGE_CURVE('',#7202,#7194,#7207,.T.);
#7209=ORIENTED_EDGE('',*,*,#7208,.F.);
#7210=CARTESIAN_POINT('',(-28.000000000000007,-5.618823820041869,-2.7));
#7211=DIRECTION('',(0.0,1.0,0.0));
#7212=VECTOR('',#7211,3.237647640083737);
#7213=LINE('',#7210,#7212);
#7214=EDGE_CURVE('',#7202,#7185,#7213,.T.);
#7215=ORIENTED_EDGE('',*,*,#7214,.T.);
#7216=EDGE_LOOP('',(#7192,#7200,#7209,#7215));
#7217=FACE_BOUND('',#7216,.T.);
#7218=ADVANCED_FACE('',(#7112,#7123,#7134,#7145,#7181,#7217),#7101,.F.);
#7219=CARTESIAN_POINT('',(-24.0,16.0,-3.6));
#7220=DIRECTION('',(0.0,0.0,-1.0));
#7221=DIRECTION('',(-1.0,0.0,0.0));
#7222=AXIS2_PLACEMENT_3D('',#7219,#7220,#7221);
#7223=CYLINDRICAL_SURFACE('',#7222,3.200000000000001);
#7224=CARTESIAN_POINT('',(-27.200000000000006,16.0,-3.200000000000001));
#7225=VERTEX_POINT('',#7224);
#7226=CARTESIAN_POINT('',(-24.000000000000004,16.0,-3.200000000000001));
#7227=DIRECTION('',(0.0,0.0,1.0));
#7228=DIRECTION('',(-1.0,0.0,0.0));
#7229=AXIS2_PLACEMENT_3D('',#7226,#7227,#7228);
#7230=CIRCLE('',#7229,3.200000000000001);
#7231=EDGE_CURVE('',#7225,#7225,#7230,.T.);
#7232=ORIENTED_EDGE('',*,*,#7231,.T.);
#7233=EDGE_LOOP('',(#7232));
#7234=FACE_OUTER_BOUND('',#7233,.T.);
#7235=CARTESIAN_POINT('',(-27.200000000000003,16.0,-4.0));
#7236=VERTEX_POINT('',#7235);
#7237=CARTESIAN_POINT('',(-24.0,16.0,-4.0));
#7238=DIRECTION('',(0.0,0.0,1.0));
#7239=DIRECTION('',(-1.0,0.0,0.0));
#7240=AXIS2_PLACEMENT_3D('',#7237,#7238,#7239);
#7241=CIRCLE('',#7240,3.200000000000001);
#7242=EDGE_CURVE('',#7236,#7236,#7241,.T.);
#7243=ORIENTED_EDGE('',*,*,#7242,.F.);
#7244=EDGE_LOOP('',(#7243));
#7245=FACE_BOUND('',#7244,.T.);
#7246=ADVANCED_FACE('',(#7234,#7245),#7223,.F.);
#7247=CARTESIAN_POINT('',(-24.0,16.0,-3.2));
#7248=DIRECTION('',(0.0,0.0,-1.0));
#7249=DIRECTION('',(-1.0,0.0,0.0));
#7250=AXIS2_PLACEMENT_3D('',#7247,#7248,#7249);
#7251=PLANE('',#7250);
#7252=ORIENTED_EDGE('',*,*,#7231,.F.);
#7253=EDGE_LOOP('',(#7252));
#7254=FACE_OUTER_BOUND('',#7253,.T.);
#7255=CARTESIAN_POINT('',(-24.000000000000004,18.400000000000002,-3.199999999999999));
#7256=VERTEX_POINT('',#7255);
#7257=CARTESIAN_POINT('',(-24.000000000000004,16.0,-3.200000000000001));
#7258=DIRECTION('',(0.0,0.0,1.0));
#7259=DIRECTION('',(-1.0,0.0,0.0));
#7260=AXIS2_PLACEMENT_3D('',#7257,#7258,#7259);
#7261=CIRCLE('',#7260,2.4);
#7262=EDGE_CURVE('',#7256,#7256,#7261,.T.);
#7263=ORIENTED_EDGE('',*,*,#7262,.T.);
#7264=EDGE_LOOP('',(#7263));
#7265=FACE_BOUND('',#7264,.T.);
#7266=ADVANCED_FACE('',(#7254,#7265),#7251,.T.);
#7267=CARTESIAN_POINT('',(-40.0,-19.200000000000003,-2.220446E-015));
#7268=DIRECTION('',(0.0,-1.0,0.0));
#7269=DIRECTION('',(1.0,0.0,0.0));
#7270=AXIS2_PLACEMENT_3D('',#7267,#7268,#7269);
#7271=PLANE('',#7270);
#7272=CARTESIAN_POINT('',(-36.799999999999997,-19.200000000000003,-2.220446E-015));
#7273=VERTEX_POINT('',#7272);
#7274=CARTESIAN_POINT('',(-40.0,-19.200000000000003,-2.220446E-015));
#7275=DIRECTION('',(0.0,-1.0,0.0));
#7276=DIRECTION('',(1.0,0.0,0.0));
#7277=AXIS2_PLACEMENT_3D('',#7274,#7275,#7276);
#7278=CIRCLE('',#7277,3.200000000000001);
#7279=EDGE_CURVE('',#7273,#7273,#7278,.T.);
#7280=ORIENTED_EDGE('',*,*,#7279,.T.);
#7281=EDGE_LOOP('',(#7280));
#7282=FACE_OUTER_BOUND('',#7281,.T.);
#7283=CARTESIAN_POINT('',(-42.400000000000006,-19.200000000000003,-2.514361E-015));
#7284=VERTEX_POINT('',#7283);
#7285=CARTESIAN_POINT('',(-40.0,-19.200000000000003,-2.220446E-015));
#7286=DIRECTION('',(0.0,-1.0,0.0));
#7287=DIRECTION('',(-1.0,0.0,0.0));
#7288=AXIS2_PLACEMENT_3D('',#7285,#7286,#7287);
#7289=CIRCLE('',#7288,2.4);
#7290=EDGE_CURVE('',#7284,#7284,#7289,.T.);
#7291=ORIENTED_EDGE('',*,*,#7290,.F.);
#7292=EDGE_LOOP('',(#7291));
#7293=FACE_BOUND('',#7292,.T.);
#7294=ADVANCED_FACE('',(#7282,#7293),#7271,.T.);
#7295=CARTESIAN_POINT('',(-40.0,-19.600000000000005,-2.220446E-015));
#7296=DIRECTION('',(9.251859E-017,-1.0,0.0));
#7297=DIRECTION('',(1.0,0.0,0.0));
#7298=AXIS2_PLACEMENT_3D('',#7295,#7296,#7297);
#7299=CYLINDRICAL_SURFACE('',#7298,3.200000000000001);
#7300=ORIENTED_EDGE('',*,*,#1034,.F.);
#7301=EDGE_LOOP('',(#7300));
#7302=FACE_OUTER_BOUND('',#7301,.T.);
#7303=ORIENTED_EDGE('',*,*,#7279,.F.);
#7304=EDGE_LOOP('',(#7303));
#7305=FACE_BOUND('',#7304,.T.);
#7306=ADVANCED_FACE('',(#7302,#7305),#7299,.F.);
#7307=CARTESIAN_POINT('',(-32.0,-19.200000000000003,-2.220446E-015));
#7308=DIRECTION('',(0.0,-1.0,0.0));
#7309=DIRECTION('',(1.0,0.0,0.0));
#7310=AXIS2_PLACEMENT_3D('',#7307,#7308,#7309);
#7311=PLANE('',#7310);
#7312=CARTESIAN_POINT('',(-28.799999999999997,-19.200000000000003,-2.220446E-015));
#7313=VERTEX_POINT('',#7312);
#7314=CARTESIAN_POINT('',(-32.0,-19.200000000000003,-2.220446E-015));
#7315=DIRECTION('',(0.0,-1.0,0.0));
#7316=DIRECTION('',(1.0,0.0,0.0));
#7317=AXIS2_PLACEMENT_3D('',#7314,#7315,#7316);
#7318=CIRCLE('',#7317,3.200000000000001);
#7319=EDGE_CURVE('',#7313,#7313,#7318,.T.);
#7320=ORIENTED_EDGE('',*,*,#7319,.T.);
#7321=EDGE_LOOP('',(#7320));
#7322=FACE_OUTER_BOUND('',#7321,.T.);
#7323=CARTESIAN_POINT('',(-34.400000000000006,-19.200000000000003,-2.514361E-015));
#7324=VERTEX_POINT('',#7323);
#7325=CARTESIAN_POINT('',(-32.0,-19.200000000000003,-2.220446E-015));
#7326=DIRECTION('',(0.0,-1.0,0.0));
#7327=DIRECTION('',(-1.0,0.0,0.0));
#7328=AXIS2_PLACEMENT_3D('',#7325,#7326,#7327);
#7329=CIRCLE('',#7328,2.4);
#7330=EDGE_CURVE('',#7324,#7324,#7329,.T.);
#7331=ORIENTED_EDGE('',*,*,#7330,.F.);
#7332=EDGE_LOOP('',(#7331));
#7333=FACE_BOUND('',#7332,.T.);
#7334=ADVANCED_FACE('',(#7322,#7333),#7311,.T.);
#7335=CARTESIAN_POINT('',(-32.0,-19.600000000000005,-2.220446E-015));
#7336=DIRECTION('',(9.251859E-017,-1.0,0.0));
#7337=DIRECTION('',(1.0,0.0,0.0));
#7338=AXIS2_PLACEMENT_3D('',#7335,#7336,#7337);
#7339=CYLINDRICAL_SURFACE('',#7338,3.200000000000001);
#7340=ORIENTED_EDGE('',*,*,#1023,.F.);
#7341=EDGE_LOOP('',(#7340));
#7342=FACE_OUTER_BOUND('',#7341,.T.);
#7343=ORIENTED_EDGE('',*,*,#7319,.F.);
#7344=EDGE_LOOP('',(#7343));
#7345=FACE_BOUND('',#7344,.T.);
#7346=ADVANCED_FACE('',(#7342,#7345),#7339,.F.);
#7347=CARTESIAN_POINT('',(-24.000000000000004,-16.0,2.0));
#7348=DIRECTION('',(0.0,0.0,1.0));
#7349=DIRECTION('',(1.0,0.0,0.0));
#7350=AXIS2_PLACEMENT_3D('',#7347,#7348,#7349);
#7351=CYLINDRICAL_SURFACE('',#7350,2.4);
#7352=CARTESIAN_POINT('',(-26.400000000000006,-16.0,3.2));
#7353=VERTEX_POINT('',#7352);
#7354=CARTESIAN_POINT('',(-24.000000000000004,-16.0,3.2));
#7355=DIRECTION('',(0.0,0.0,1.0));
#7356=DIRECTION('',(1.0,0.0,0.0));
#7357=AXIS2_PLACEMENT_3D('',#7354,#7355,#7356);
#7358=CIRCLE('',#7357,2.4);
#7359=EDGE_CURVE('',#7353,#7353,#7358,.T.);
#7360=ORIENTED_EDGE('',*,*,#7359,.T.);
#7361=EDGE_LOOP('',(#7360));
#7362=FACE_OUTER_BOUND('',#7361,.T.);
#7363=CARTESIAN_POINT('',(-21.600000000000001,-16.0,-3.200000000000001));
#7364=VERTEX_POINT('',#7363);
#7365=CARTESIAN_POINT('',(-24.000000000000004,-16.0,-3.2));
#7366=DIRECTION('',(0.0,0.0,-1.0));
#7367=DIRECTION('',(-1.0,0.0,0.0));
#7368=AXIS2_PLACEMENT_3D('',#7365,#7366,#7367);
#7369=CIRCLE('',#7368,2.4);
#7370=EDGE_CURVE('',#7364,#7364,#7369,.T.);
#7371=ORIENTED_EDGE('',*,*,#7370,.T.);
#7372=EDGE_LOOP('',(#7371));
#7373=FACE_BOUND('',#7372,.T.);
#7374=ADVANCED_FACE('',(#7362,#7373),#7351,.F.);
#7375=CARTESIAN_POINT('',(-28.000000000000007,-8.0,0.0));
#7376=DIRECTION('',(1.0,0.0,0.0));
#7377=DIRECTION('',(0.0,0.0,-1.0));
#7378=AXIS2_PLACEMENT_3D('',#7375,#7376,#7377);
#7379=CYLINDRICAL_SURFACE('',#7378,3.8);
#7380=CARTESIAN_POINT('',(-21.100000000000009,-11.714835124201343,0.800000000000001));
#7381=VERTEX_POINT('',#7380);
#7382=CARTESIAN_POINT('',(-21.100000000000009,-8.0,0.0));
#7383=DIRECTION('',(1.0,0.0,0.0));
#7384=DIRECTION('',(0.0,0.0,-1.0));
#7385=AXIS2_PLACEMENT_3D('',#7382,#7383,#7384);
#7386=CIRCLE('',#7385,3.8);
#7387=EDGE_CURVE('',#1588,#7381,#7386,.T.);
#7388=ORIENTED_EDGE('',*,*,#7387,.F.);
#7389=ORIENTED_EDGE('',*,*,#1593,.T.);
#7390=CARTESIAN_POINT('',(-26.900000000000009,-11.714835124201343,0.800000000000001));
#7391=VERTEX_POINT('',#7390);
#7392=CARTESIAN_POINT('',(-26.900000000000009,-8.0,0.0));
#7393=DIRECTION('',(-1.0,0.0,0.0));
#7394=DIRECTION('',(0.0,0.0,-1.0));
#7395=AXIS2_PLACEMENT_3D('',#7392,#7393,#7394);
#7396=CIRCLE('',#7395,3.8);
#7397=EDGE_CURVE('',#7391,#1580,#7396,.T.);
#7398=ORIENTED_EDGE('',*,*,#7397,.F.);
#7399=CARTESIAN_POINT('',(-26.900000000000009,-11.714835124201343,0.800000000000001));
#7400=DIRECTION('',(1.0,0.0,0.0));
#7401=VECTOR('',#7400,5.800000000000001);
#7402=LINE('',#7399,#7401);
#7403=EDGE_CURVE('',#7391,#7381,#7402,.T.);
#7404=ORIENTED_EDGE('',*,*,#7403,.T.);
#7405=EDGE_LOOP('',(#7388,#7389,#7398,#7404));
#7406=FACE_OUTER_BOUND('',#7405,.T.);
#7407=ADVANCED_FACE('',(#7406),#7379,.T.);
#7408=CARTESIAN_POINT('',(-28.000000000000007,-11.714835124201343,0.800000000000001));
#7409=DIRECTION('',(0.0,0.0,-1.0));
#7410=DIRECTION('',(-1.0,0.0,0.0));
#7411=AXIS2_PLACEMENT_3D('',#7408,#7409,#7410);
#7412=PLANE('',#7411);
#7413=CARTESIAN_POINT('',(-21.100000000000009,-11.714835124201345,0.800000000000001));
#7414=DIRECTION('',(0.0,-1.0,0.0));
#7415=VECTOR('',#7414,0.285164875798655);
#7416=LINE('',#7413,#7415);
#7417=EDGE_CURVE('',#7381,#3638,#7416,.T.);
#7418=ORIENTED_EDGE('',*,*,#7417,.F.);
#7419=ORIENTED_EDGE('',*,*,#7403,.F.);
#7420=CARTESIAN_POINT('',(-26.900000000000009,-12.0,0.800000000000001));
#7421=DIRECTION('',(0.0,1.0,0.0));
#7422=VECTOR('',#7421,0.285164875798655);
#7423=LINE('',#7420,#7422);
#7424=EDGE_CURVE('',#3646,#7391,#7423,.T.);
#7425=ORIENTED_EDGE('',*,*,#7424,.F.);
#7426=ORIENTED_EDGE('',*,*,#3651,.T.);
#7427=EDGE_LOOP('',(#7418,#7419,#7425,#7426));
#7428=FACE_OUTER_BOUND('',#7427,.T.);
#7429=ADVANCED_FACE('',(#7428),#7412,.F.);
#7430=CARTESIAN_POINT('',(-26.900000000000009,-9.999999999999998,2.3));
#7431=DIRECTION('',(-1.0,0.0,0.0));
#7432=DIRECTION('',(0.0,0.0,1.0));
#7433=AXIS2_PLACEMENT_3D('',#7430,#7431,#7432);
#7434=PLANE('',#7433);
#7435=ORIENTED_EDGE('',*,*,#7397,.T.);
#7436=ORIENTED_EDGE('',*,*,#1585,.F.);
#7437=ORIENTED_EDGE('',*,*,#3657,.T.);
#7438=ORIENTED_EDGE('',*,*,#7424,.T.);
#7439=EDGE_LOOP('',(#7435,#7436,#7437,#7438));
#7440=FACE_OUTER_BOUND('',#7439,.T.);
#7441=ADVANCED_FACE('',(#7440),#7434,.F.);
#7442=CARTESIAN_POINT('',(-21.100000000000009,-9.999999999999998,2.3));
#7443=DIRECTION('',(1.0,0.0,0.0));
#7444=DIRECTION('',(0.0,0.0,-1.0));
#7445=AXIS2_PLACEMENT_3D('',#7442,#7443,#7444);
#7446=PLANE('',#7445);
#7447=ORIENTED_EDGE('',*,*,#7387,.T.);
#7448=ORIENTED_EDGE('',*,*,#7417,.T.);
#7449=ORIENTED_EDGE('',*,*,#3643,.T.);
#7450=ORIENTED_EDGE('',*,*,#1601,.F.);
#7451=EDGE_LOOP('',(#7447,#7448,#7449,#7450));
#7452=FACE_OUTER_BOUND('',#7451,.T.);
#7453=ADVANCED_FACE('',(#7452),#7446,.F.);
#7454=CARTESIAN_POINT('',(-28.000000000000004,-20.000000000000004,-3.8));
#7455=DIRECTION('',(1.0,0.0,0.0));
#7456=DIRECTION('',(0.0,0.0,-1.0));
#7457=AXIS2_PLACEMENT_3D('',#7454,#7455,#7456);
#7458=PLANE('',#7457);
#7459=CARTESIAN_POINT('',(-28.000000000000004,-13.100000000000003,-0.800000000000001));
#7460=VERTEX_POINT('',#7459);
#7461=CARTESIAN_POINT('',(-28.000000000000007,-13.100000000000003,-3.8));
#7462=DIRECTION('',(0.0,0.0,1.0));
#7463=VECTOR('',#7462,2.999999999999999);
#7464=LINE('',#7461,#7463);
#7465=EDGE_CURVE('',#1437,#7460,#7464,.T.);
#7466=ORIENTED_EDGE('',*,*,#7465,.F.);
#7467=ORIENTED_EDGE('',*,*,#1442,.F.);
#7468=ORIENTED_EDGE('',*,*,#1472,.F.);
#7469=CARTESIAN_POINT('',(-28.000000000000004,-18.900000000000002,-0.800000000000001));
#7470=VERTEX_POINT('',#7469);
#7471=CARTESIAN_POINT('',(-28.000000000000007,-18.900000000000002,-0.800000000000001));
#7472=DIRECTION('',(0.0,0.0,-1.0));
#7473=VECTOR('',#7472,2.999999999999999);
#7474=LINE('',#7471,#7473);
#7475=EDGE_CURVE('',#7470,#1461,#7474,.T.);
#7476=ORIENTED_EDGE('',*,*,#7475,.F.);
#7477=CARTESIAN_POINT('',(-28.000000000000004,-18.900000000000002,-0.800000000000001));
#7478=DIRECTION('',(0.0,1.0,0.0));
#7479=VECTOR('',#7478,5.800000000000001);
#7480=LINE('',#7477,#7479);
#7481=EDGE_CURVE('',#7470,#7460,#7480,.T.);
#7482=ORIENTED_EDGE('',*,*,#7481,.T.);
#7483=EDGE_LOOP('',(#7466,#7467,#7468,#7476,#7482));
#7484=FACE_OUTER_BOUND('',#7483,.T.);
#7485=ADVANCED_FACE('',(#7484),#7458,.F.);
#7486=CARTESIAN_POINT('',(-28.000000000000004,-20.000000000000004,-0.800000000000001));
#7487=DIRECTION('',(0.0,0.0,1.0));
#7488=DIRECTION('',(1.0,0.0,0.0));
#7489=AXIS2_PLACEMENT_3D('',#7486,#7487,#7488);
#7490=PLANE('',#7489);
#7491=CARTESIAN_POINT('',(-28.285164875798657,-13.100000000000003,-0.800000000000002));
#7492=VERTEX_POINT('',#7491);
#7493=CARTESIAN_POINT('',(-28.000000000000004,-13.100000000000003,-0.800000000000001));
#7494=DIRECTION('',(-1.0,0.0,0.0));
#7495=VECTOR('',#7494,0.285164875798653);
#7496=LINE('',#7493,#7495);
#7497=EDGE_CURVE('',#7460,#7492,#7496,.T.);
#7498=ORIENTED_EDGE('',*,*,#7497,.F.);
#7499=ORIENTED_EDGE('',*,*,#7481,.F.);
#7500=CARTESIAN_POINT('',(-28.285164875798657,-18.900000000000002,-0.800000000000002));
#7501=VERTEX_POINT('',#7500);
#7502=CARTESIAN_POINT('',(-28.285164875798657,-18.900000000000002,-0.800000000000002));
#7503=DIRECTION('',(1.0,0.0,0.0));
#7504=VECTOR('',#7503,0.285164875798653);
#7505=LINE('',#7502,#7504);
#7506=EDGE_CURVE('',#7501,#7470,#7505,.T.);
#7507=ORIENTED_EDGE('',*,*,#7506,.F.);
#7508=CARTESIAN_POINT('',(-28.285164875798657,-18.900000000000002,-0.800000000000002));
#7509=DIRECTION('',(0.0,1.0,0.0));
#7510=VECTOR('',#7509,5.800000000000001);
#7511=LINE('',#7508,#7510);
#7512=EDGE_CURVE('',#7501,#7492,#7511,.T.);
#7513=ORIENTED_EDGE('',*,*,#7512,.T.);
#7514=EDGE_LOOP('',(#7498,#7499,#7507,#7513));
#7515=FACE_OUTER_BOUND('',#7514,.T.);
#7516=ADVANCED_FACE('',(#7515),#7490,.F.);
#7517=CARTESIAN_POINT('',(-32.0,-20.000000000000004,-2.220446E-015));
#7518=DIRECTION('',(0.0,1.0,0.0));
#7519=DIRECTION('',(0.0,0.0,-1.0));
#7520=AXIS2_PLACEMENT_3D('',#7517,#7518,#7519);
#7521=CYLINDRICAL_SURFACE('',#7520,3.800000000000003);
#7522=CARTESIAN_POINT('',(-32.0,-13.100000000000003,-2.220446E-015));
#7523=DIRECTION('',(0.0,1.0,0.0));
#7524=DIRECTION('',(0.0,0.0,-1.0));
#7525=AXIS2_PLACEMENT_3D('',#7522,#7523,#7524);
#7526=CIRCLE('',#7525,3.800000000000003);
#7527=EDGE_CURVE('',#7492,#1445,#7526,.T.);
#7528=ORIENTED_EDGE('',*,*,#7527,.F.);
#7529=ORIENTED_EDGE('',*,*,#7512,.F.);
#7530=CARTESIAN_POINT('',(-32.0,-18.900000000000002,-2.220446E-015));
#7531=DIRECTION('',(0.0,-1.0,0.0));
#7532=DIRECTION('',(0.0,0.0,-1.0));
#7533=AXIS2_PLACEMENT_3D('',#7530,#7531,#7532);
#7534=CIRCLE('',#7533,3.800000000000003);
#7535=EDGE_CURVE('',#1453,#7501,#7534,.T.);
#7536=ORIENTED_EDGE('',*,*,#7535,.F.);
#7537=ORIENTED_EDGE('',*,*,#1458,.F.);
#7538=EDGE_LOOP('',(#7528,#7529,#7536,#7537));
#7539=FACE_OUTER_BOUND('',#7538,.T.);
#7540=ADVANCED_FACE('',(#7539),#7521,.T.);
#7541=CARTESIAN_POINT('',(-30.0,-18.900000000000002,-1.942890E-015));
#7542=DIRECTION('',(0.0,-1.0,0.0));
#7543=DIRECTION('',(0.0,0.0,-1.0));
#7544=AXIS2_PLACEMENT_3D('',#7541,#7542,#7543);
#7545=PLANE('',#7544);
#7546=ORIENTED_EDGE('',*,*,#7535,.T.);
#7547=ORIENTED_EDGE('',*,*,#7506,.T.);
#7548=ORIENTED_EDGE('',*,*,#7475,.T.);
#7549=ORIENTED_EDGE('',*,*,#1466,.F.);
#7550=EDGE_LOOP('',(#7546,#7547,#7548,#7549));
#7551=FACE_OUTER_BOUND('',#7550,.T.);
#7552=ADVANCED_FACE('',(#7551),#7545,.F.);
#7553=CARTESIAN_POINT('',(-30.0,-13.100000000000003,-1.942890E-015));
#7554=DIRECTION('',(0.0,1.0,0.0));
#7555=DIRECTION('',(0.0,0.0,1.0));
#7556=AXIS2_PLACEMENT_3D('',#7553,#7554,#7555);
#7557=PLANE('',#7556);
#7558=ORIENTED_EDGE('',*,*,#7527,.T.);
#7559=ORIENTED_EDGE('',*,*,#1450,.F.);
#7560=ORIENTED_EDGE('',*,*,#7465,.T.);
#7561=ORIENTED_EDGE('',*,*,#7497,.T.);
#7562=EDGE_LOOP('',(#7558,#7559,#7560,#7561));
#7563=FACE_OUTER_BOUND('',#7562,.T.);
#7564=ADVANCED_FACE('',(#7563),#7557,.F.);
#7565=CARTESIAN_POINT('',(-30.0,-13.100000000000003,-1.942890E-015));
#7566=DIRECTION('',(0.0,1.0,0.0));
#7567=DIRECTION('',(0.0,0.0,1.0));
#7568=AXIS2_PLACEMENT_3D('',#7565,#7566,#7567);
#7569=PLANE('',#7568);
#7570=CARTESIAN_POINT('',(-28.285164875798657,-13.100000000000003,0.8));
#7571=VERTEX_POINT('',#7570);
#7572=CARTESIAN_POINT('',(-32.0,-13.100000000000003,-2.220446E-015));
#7573=DIRECTION('',(0.0,1.0,0.0));
#7574=DIRECTION('',(0.9775881905793,0.0,0.210526315789474));
#7575=AXIS2_PLACEMENT_3D('',#7572,#7573,#7574);
#7576=CIRCLE('',#7575,3.800000000000002);
#7577=EDGE_CURVE('',#1541,#7571,#7576,.T.);
#7578=ORIENTED_EDGE('',*,*,#7577,.T.);
#7579=CARTESIAN_POINT('',(-28.000000000000004,-13.100000000000003,0.799999999999999));
#7580=VERTEX_POINT('',#7579);
#7581=CARTESIAN_POINT('',(-28.285164875798657,-13.100000000000003,0.8));
#7582=DIRECTION('',(1.0,0.0,0.0));
#7583=VECTOR('',#7582,0.285164875798657);
#7584=LINE('',#7581,#7583);
#7585=EDGE_CURVE('',#7571,#7580,#7584,.T.);
#7586=ORIENTED_EDGE('',*,*,#7585,.T.);
#7587=CARTESIAN_POINT('',(-28.000000000000007,-13.100000000000003,0.799999999999999));
#7588=DIRECTION('',(0.0,0.0,1.0));
#7589=VECTOR('',#7588,3.000000000000001);
#7590=LINE('',#7587,#7589);
#7591=EDGE_CURVE('',#7580,#1549,#7590,.T.);
#7592=ORIENTED_EDGE('',*,*,#7591,.T.);
#7593=ORIENTED_EDGE('',*,*,#1554,.F.);
#7594=EDGE_LOOP('',(#7578,#7586,#7592,#7593));
#7595=FACE_OUTER_BOUND('',#7594,.T.);
#7596=ADVANCED_FACE('',(#7595),#7569,.F.);
#7597=CARTESIAN_POINT('',(-30.0,-18.900000000000002,-1.942890E-015));
#7598=DIRECTION('',(0.0,-1.0,0.0));
#7599=DIRECTION('',(0.0,0.0,-1.0));
#7600=AXIS2_PLACEMENT_3D('',#7597,#7598,#7599);
#7601=PLANE('',#7600);
#7602=CARTESIAN_POINT('',(-28.285164875798657,-18.900000000000002,0.8));
#7603=VERTEX_POINT('',#7602);
#7604=CARTESIAN_POINT('',(-32.0,-18.900000000000002,-2.220446E-015));
#7605=DIRECTION('',(0.0,-1.0,0.0));
#7606=DIRECTION('',(0.9775881905793,0.0,0.210526315789474));
#7607=AXIS2_PLACEMENT_3D('',#7604,#7605,#7606);
#7608=CIRCLE('',#7607,3.800000000000002);
#7609=EDGE_CURVE('',#7603,#1533,#7608,.T.);
#7610=ORIENTED_EDGE('',*,*,#7609,.T.);
#7611=ORIENTED_EDGE('',*,*,#1538,.F.);
#7612=CARTESIAN_POINT('',(-28.000000000000004,-18.900000000000002,0.799999999999999));
#7613=VERTEX_POINT('',#7612);
#7614=CARTESIAN_POINT('',(-28.000000000000007,-18.900000000000002,3.8));
#7615=DIRECTION('',(0.0,0.0,-1.0));
#7616=VECTOR('',#7615,3.000000000000001);
#7617=LINE('',#7614,#7616);
#7618=EDGE_CURVE('',#1525,#7613,#7617,.T.);
#7619=ORIENTED_EDGE('',*,*,#7618,.T.);
#7620=CARTESIAN_POINT('',(-28.0,-18.900000000000002,0.799999999999999));
#7621=DIRECTION('',(-1.0,0.0,0.0));
#7622=VECTOR('',#7621,0.285164875798657);
#7623=LINE('',#7620,#7622);
#7624=EDGE_CURVE('',#7613,#7603,#7623,.T.);
#7625=ORIENTED_EDGE('',*,*,#7624,.T.);
#7626=EDGE_LOOP('',(#7610,#7611,#7619,#7625));
#7627=FACE_OUTER_BOUND('',#7626,.T.);
#7628=ADVANCED_FACE('',(#7627),#7601,.F.);
#7629=CARTESIAN_POINT('',(-28.285164875798657,-20.000000000000004,0.8));
#7630=DIRECTION('',(0.0,0.0,-1.0));
#7631=DIRECTION('',(-1.0,0.0,0.0));
#7632=AXIS2_PLACEMENT_3D('',#7629,#7630,#7631);
#7633=PLANE('',#7632);
#7634=ORIENTED_EDGE('',*,*,#7585,.F.);
#7635=CARTESIAN_POINT('',(-28.285164875798657,-18.900000000000002,0.8));
#7636=DIRECTION('',(0.0,1.0,0.0));
#7637=VECTOR('',#7636,5.800000000000001);
#7638=LINE('',#7635,#7637);
#7639=EDGE_CURVE('',#7603,#7571,#7638,.T.);
#7640=ORIENTED_EDGE('',*,*,#7639,.F.);
#7641=ORIENTED_EDGE('',*,*,#7624,.F.);
#7642=CARTESIAN_POINT('',(-28.000000000000004,-18.900000000000002,0.799999999999999));
#7643=DIRECTION('',(0.0,1.0,0.0));
#7644=VECTOR('',#7643,5.800000000000001);
#7645=LINE('',#7642,#7644);
#7646=EDGE_CURVE('',#7613,#7580,#7645,.T.);
#7647=ORIENTED_EDGE('',*,*,#7646,.T.);
#7648=EDGE_LOOP('',(#7634,#7640,#7641,#7647));
#7649=FACE_OUTER_BOUND('',#7648,.T.);
#7650=ADVANCED_FACE('',(#7649),#7633,.F.);
#7651=CARTESIAN_POINT('',(-32.0,-20.000000000000004,-2.220446E-015));
#7652=DIRECTION('',(0.0,1.0,0.0));
#7653=DIRECTION('',(0.9775881905793,0.0,0.210526315789474));
#7654=AXIS2_PLACEMENT_3D('',#7651,#7652,#7653);
#7655=CYLINDRICAL_SURFACE('',#7654,3.800000000000002);
#7656=ORIENTED_EDGE('',*,*,#7577,.F.);
#7657=ORIENTED_EDGE('',*,*,#1546,.T.);
#7658=ORIENTED_EDGE('',*,*,#7609,.F.);
#7659=ORIENTED_EDGE('',*,*,#7639,.T.);
#7660=EDGE_LOOP('',(#7656,#7657,#7658,#7659));
#7661=FACE_OUTER_BOUND('',#7660,.T.);
#7662=ADVANCED_FACE('',(#7661),#7655,.T.);
#7663=CARTESIAN_POINT('',(-28.000000000000004,-20.000000000000004,0.799999999999999));
#7664=DIRECTION('',(1.0,0.0,0.0));
#7665=DIRECTION('',(0.0,0.0,-1.0));
#7666=AXIS2_PLACEMENT_3D('',#7663,#7664,#7665);
#7667=PLANE('',#7666);
#7668=ORIENTED_EDGE('',*,*,#7591,.F.);
#7669=ORIENTED_EDGE('',*,*,#7646,.F.);
#7670=ORIENTED_EDGE('',*,*,#7618,.F.);
#7671=ORIENTED_EDGE('',*,*,#1530,.F.);
#7672=ORIENTED_EDGE('',*,*,#1560,.F.);
#7673=EDGE_LOOP('',(#7668,#7669,#7670,#7671,#7672));
#7674=FACE_OUTER_BOUND('',#7673,.T.);
#7675=ADVANCED_FACE('',(#7674),#7667,.F.);
#7676=CARTESIAN_POINT('',(-33.178598504429338,-11.999999999999996,-7.685115E-016));
#7677=DIRECTION('',(0.0,1.0,0.0));
#7678=DIRECTION('',(0.0,0.0,1.0));
#7679=AXIS2_PLACEMENT_3D('',#7676,#7677,#7678);
#7680=PLANE('',#7679);
#7681=ORIENTED_EDGE('',*,*,#1209,.T.);
#7682=CARTESIAN_POINT('',(-40.0,-11.999999999999996,-3.200000000000003));
#7683=VERTEX_POINT('',#7682);
#7684=CARTESIAN_POINT('',(-40.0,-11.999999999999996,-3.800000000000002));
#7685=DIRECTION('',(0.0,0.0,1.0));
#7686=VECTOR('',#7685,0.599999999999999);
#7687=LINE('',#7684,#7686);
#7688=EDGE_CURVE('',#1196,#7683,#7687,.T.);
#7689=ORIENTED_EDGE('',*,*,#7688,.T.);
#7690=CARTESIAN_POINT('',(-32.0,-11.999999999999996,-3.200000000000003));
#7691=VERTEX_POINT('',#7690);
#7692=CARTESIAN_POINT('',(-40.0,-11.999999999999996,-3.200000000000003));
#7693=DIRECTION('',(1.0,0.0,0.0));
#7694=VECTOR('',#7693,8.0);
#7695=LINE('',#7692,#7694);
#7696=EDGE_CURVE('',#7683,#7691,#7695,.T.);
#7697=ORIENTED_EDGE('',*,*,#7696,.T.);
#7698=CARTESIAN_POINT('',(-32.0,-11.999999999999996,3.199999999999998));
#7699=VERTEX_POINT('',#7698);
#7700=CARTESIAN_POINT('',(-32.0,-11.999999999999996,-2.220446E-015));
#7701=DIRECTION('',(0.0,-1.0,0.0));
#7702=DIRECTION('',(0.0,0.0,-1.0));
#7703=AXIS2_PLACEMENT_3D('',#7700,#7701,#7702);
#7704=CIRCLE('',#7703,3.200000000000001);
#7705=EDGE_CURVE('',#7691,#7699,#7704,.T.);
#7706=ORIENTED_EDGE('',*,*,#7705,.T.);
#7707=CARTESIAN_POINT('',(-40.0,-11.999999999999996,3.199999999999998));
#7708=VERTEX_POINT('',#7707);
#7709=CARTESIAN_POINT('',(-32.0,-11.999999999999996,3.199999999999998));
#7710=DIRECTION('',(-1.0,0.0,0.0));
#7711=VECTOR('',#7710,8.0);
#7712=LINE('',#7709,#7711);
#7713=EDGE_CURVE('',#7699,#7708,#7712,.T.);
#7714=ORIENTED_EDGE('',*,*,#7713,.T.);
#7715=CARTESIAN_POINT('',(-40.0,-11.999999999999996,3.199999999999998));
#7716=DIRECTION('',(0.0,0.0,1.0));
#7717=VECTOR('',#7716,0.600000000000001);
#7718=LINE('',#7715,#7717);
#7719=EDGE_CURVE('',#7708,#1756,#7718,.T.);
#7720=ORIENTED_EDGE('',*,*,#7719,.T.);
#7721=ORIENTED_EDGE('',*,*,#1761,.T.);
#7722=ORIENTED_EDGE('',*,*,#2457,.F.);
#7723=ORIENTED_EDGE('',*,*,#7109,.F.);
#7724=ORIENTED_EDGE('',*,*,#2500,.F.);
#7725=EDGE_LOOP('',(#7681,#7689,#7697,#7706,#7714,#7720,#7721,#7722,#7723,#7724));
#7726=FACE_OUTER_BOUND('',#7725,.T.);
#7727=ADVANCED_FACE('',(#7726),#7680,.T.);
#7728=CARTESIAN_POINT('',(20.800000000000001,-8.0,0.0));
#7729=DIRECTION('',(-1.0,0.0,0.0));
#7730=DIRECTION('',(0.0,-1.0,0.0));
#7731=AXIS2_PLACEMENT_3D('',#7728,#7729,#7730);
#7732=PLANE('',#7731);
#7733=CARTESIAN_POINT('',(20.800000000000001,-11.200000000000001,0.0));
#7734=VERTEX_POINT('',#7733);
#7735=CARTESIAN_POINT('',(20.800000000000001,-11.200000000000001,-3.800000000000001));
#7736=DIRECTION('',(0.0,0.0,1.0));
#7737=VECTOR('',#7736,3.800000000000001);
#7738=LINE('',#7735,#7737);
#7739=EDGE_CURVE('',#323,#7734,#7738,.T.);
#7740=ORIENTED_EDGE('',*,*,#7739,.T.);
#7741=CARTESIAN_POINT('',(20.800000000000001,-8.0,0.0));
#7742=DIRECTION('',(-1.0,0.0,0.0));
#7743=DIRECTION('',(0.0,-1.0,0.0));
#7744=AXIS2_PLACEMENT_3D('',#7741,#7742,#7743);
#7745=CIRCLE('',#7744,3.200000000000001);
#7746=EDGE_CURVE('',#7734,#2314,#7745,.T.);
#7747=ORIENTED_EDGE('',*,*,#7746,.T.);
#7748=ORIENTED_EDGE('',*,*,#2319,.T.);
#7749=ORIENTED_EDGE('',*,*,#336,.F.);
#7750=EDGE_LOOP('',(#7740,#7747,#7748,#7749));
#7751=FACE_OUTER_BOUND('',#7750,.T.);
#7752=CARTESIAN_POINT('',(20.800000000000001,-10.4,0.0));
#7753=VERTEX_POINT('',#7752);
#7754=CARTESIAN_POINT('',(20.800000000000001,-8.0,0.0));
#7755=DIRECTION('',(-1.0,0.0,0.0));
#7756=DIRECTION('',(0.0,-1.0,0.0));
#7757=AXIS2_PLACEMENT_3D('',#7754,#7755,#7756);
#7758=CIRCLE('',#7757,2.4);
#7759=EDGE_CURVE('',#7753,#7753,#7758,.T.);
#7760=ORIENTED_EDGE('',*,*,#7759,.F.);
#7761=EDGE_LOOP('',(#7760));
#7762=FACE_BOUND('',#7761,.T.);
#7763=ADVANCED_FACE('',(#7751,#7762),#7732,.T.);
#7764=CARTESIAN_POINT('',(0.0,-11.200000000000001,-3.800000000000001));
#7765=DIRECTION('',(0.0,-1.0,0.0));
#7766=DIRECTION('',(0.0,0.0,-1.0));
#7767=AXIS2_PLACEMENT_3D('',#7764,#7765,#7766);
#7768=PLANE('',#7767);
#7769=ORIENTED_EDGE('',*,*,#2341,.F.);
#7770=ORIENTED_EDGE('',*,*,#2247,.F.);
#7771=CARTESIAN_POINT('',(20.0,-11.200000000000001,0.0));
#7772=DIRECTION('',(1.0,0.0,0.0));
#7773=VECTOR('',#7772,0.799999999999997);
#7774=LINE('',#7771,#7773);
#7775=EDGE_CURVE('',#2233,#7734,#7774,.T.);
#7776=ORIENTED_EDGE('',*,*,#7775,.T.);
#7777=ORIENTED_EDGE('',*,*,#7739,.F.);
#7778=ORIENTED_EDGE('',*,*,#328,.F.);
#7779=EDGE_LOOP('',(#7769,#7770,#7776,#7777,#7778));
#7780=FACE_OUTER_BOUND('',#7779,.T.);
#7781=ADVANCED_FACE('',(#7780),#7768,.F.);
#7782=CARTESIAN_POINT('',(-40.0,-11.999999999999996,3.8));
#7783=DIRECTION('',(1.0,0.0,0.0));
#7784=DIRECTION('',(0.0,0.0,-1.0));
#7785=AXIS2_PLACEMENT_3D('',#7782,#7783,#7784);
#7786=PLANE('',#7785);
#7787=CARTESIAN_POINT('',(-40.0,-12.799999999999995,3.199999999999998));
#7788=VERTEX_POINT('',#7787);
#7789=CARTESIAN_POINT('',(-40.0,-12.799999999999997,3.8));
#7790=DIRECTION('',(0.0,0.0,-1.0));
#7791=VECTOR('',#7790,0.600000000000001);
#7792=LINE('',#7789,#7791);
#7793=EDGE_CURVE('',#1491,#7788,#7792,.T.);
#7794=ORIENTED_EDGE('',*,*,#7793,.F.);
#7795=ORIENTED_EDGE('',*,*,#1767,.T.);
#7796=ORIENTED_EDGE('',*,*,#7719,.F.);
#7797=CARTESIAN_POINT('',(-40.0,-11.999999999999996,3.199999999999998));
#7798=DIRECTION('',(0.0,-1.0,0.0));
#7799=VECTOR('',#7798,0.799999999999999);
#7800=LINE('',#7797,#7799);
#7801=EDGE_CURVE('',#7708,#7788,#7800,.T.);
#7802=ORIENTED_EDGE('',*,*,#7801,.T.);
#7803=EDGE_LOOP('',(#7794,#7795,#7796,#7802));
#7804=FACE_OUTER_BOUND('',#7803,.T.);
#7805=ADVANCED_FACE('',(#7804),#7786,.F.);
#7806=CARTESIAN_POINT('',(-40.0,-11.999999999999996,3.199999999999998));
#7807=DIRECTION('',(0.0,0.0,1.0));
#7808=DIRECTION('',(1.0,0.0,0.0));
#7809=AXIS2_PLACEMENT_3D('',#7806,#7807,#7808);
#7810=PLANE('',#7809);
#7811=CARTESIAN_POINT('',(-32.0,-12.799999999999995,3.199999999999998));
#7812=VERTEX_POINT('',#7811);
#7813=CARTESIAN_POINT('',(-40.0,-12.799999999999997,3.199999999999998));
#7814=DIRECTION('',(1.0,0.0,0.0));
#7815=VECTOR('',#7814,8.0);
#7816=LINE('',#7813,#7815);
#7817=EDGE_CURVE('',#7788,#7812,#7816,.T.);
#7818=ORIENTED_EDGE('',*,*,#7817,.F.);
#7819=ORIENTED_EDGE('',*,*,#7801,.F.);
#7820=ORIENTED_EDGE('',*,*,#7713,.F.);
#7821=CARTESIAN_POINT('',(-32.0,-11.999999999999996,3.199999999999998));
#7822=DIRECTION('',(0.0,-1.0,0.0));
#7823=VECTOR('',#7822,0.799999999999999);
#7824=LINE('',#7821,#7823);
#7825=EDGE_CURVE('',#7699,#7812,#7824,.T.);
#7826=ORIENTED_EDGE('',*,*,#7825,.T.);
#7827=EDGE_LOOP('',(#7818,#7819,#7820,#7826));
#7828=FACE_OUTER_BOUND('',#7827,.T.);
#7829=ADVANCED_FACE('',(#7828),#7810,.F.);
#7830=CARTESIAN_POINT('',(-32.0,-11.999999999999996,-2.220446E-015));
#7831=DIRECTION('',(0.0,-1.0,0.0));
#7832=DIRECTION('',(0.0,0.0,-1.0));
#7833=AXIS2_PLACEMENT_3D('',#7830,#7831,#7832);
#7834=CYLINDRICAL_SURFACE('',#7833,3.200000000000001);
#7835=CARTESIAN_POINT('',(-32.0,-12.799999999999995,-3.200000000000003));
#7836=VERTEX_POINT('',#7835);
#7837=CARTESIAN_POINT('',(-32.0,-12.799999999999997,-2.220446E-015));
#7838=DIRECTION('',(0.0,1.0,0.0));
#7839=DIRECTION('',(0.0,0.0,-1.0));
#7840=AXIS2_PLACEMENT_3D('',#7837,#7838,#7839);
#7841=CIRCLE('',#7840,3.200000000000001);
#7842=EDGE_CURVE('',#7812,#7836,#7841,.T.);
#7843=ORIENTED_EDGE('',*,*,#7842,.F.);
#7844=ORIENTED_EDGE('',*,*,#7825,.F.);
#7845=ORIENTED_EDGE('',*,*,#7705,.F.);
#7846=CARTESIAN_POINT('',(-32.0,-11.999999999999996,-3.200000000000003));
#7847=DIRECTION('',(0.0,-1.0,0.0));
#7848=VECTOR('',#7847,0.799999999999999);
#7849=LINE('',#7846,#7848);
#7850=EDGE_CURVE('',#7691,#7836,#7849,.T.);
#7851=ORIENTED_EDGE('',*,*,#7850,.T.);
#7852=EDGE_LOOP('',(#7843,#7844,#7845,#7851));
#7853=FACE_OUTER_BOUND('',#7852,.T.);
#7854=ADVANCED_FACE('',(#7853),#7834,.F.);
#7855=CARTESIAN_POINT('',(-32.0,-11.999999999999996,-3.200000000000003));
#7856=DIRECTION('',(0.0,0.0,-1.0));
#7857=DIRECTION('',(-1.0,0.0,0.0));
#7858=AXIS2_PLACEMENT_3D('',#7855,#7856,#7857);
#7859=PLANE('',#7858);
#7860=CARTESIAN_POINT('',(-40.0,-12.799999999999995,-3.200000000000003));
#7861=VERTEX_POINT('',#7860);
#7862=CARTESIAN_POINT('',(-32.0,-12.799999999999997,-3.200000000000003));
#7863=DIRECTION('',(-1.0,0.0,0.0));
#7864=VECTOR('',#7863,8.0);
#7865=LINE('',#7862,#7864);
#7866=EDGE_CURVE('',#7836,#7861,#7865,.T.);
#7867=ORIENTED_EDGE('',*,*,#7866,.F.);
#7868=ORIENTED_EDGE('',*,*,#7850,.F.);
#7869=ORIENTED_EDGE('',*,*,#7696,.F.);
#7870=CARTESIAN_POINT('',(-40.0,-11.999999999999996,-3.200000000000003));
#7871=DIRECTION('',(0.0,-1.0,0.0));
#7872=VECTOR('',#7871,0.799999999999999);
#7873=LINE('',#7870,#7872);
#7874=EDGE_CURVE('',#7683,#7861,#7873,.T.);
#7875=ORIENTED_EDGE('',*,*,#7874,.T.);
#7876=EDGE_LOOP('',(#7867,#7868,#7869,#7875));
#7877=FACE_OUTER_BOUND('',#7876,.T.);
#7878=ADVANCED_FACE('',(#7877),#7859,.F.);
#7879=CARTESIAN_POINT('',(-40.0,-11.999999999999996,-3.200000000000003));
#7880=DIRECTION('',(1.0,0.0,0.0));
#7881=DIRECTION('',(0.0,0.0,-1.0));
#7882=AXIS2_PLACEMENT_3D('',#7879,#7880,#7881);
#7883=PLANE('',#7882);
#7884=CARTESIAN_POINT('',(-40.0,-12.799999999999997,-3.200000000000003));
#7885=DIRECTION('',(0.0,0.0,-1.0));
#7886=VECTOR('',#7885,0.599999999999998);
#7887=LINE('',#7884,#7886);
#7888=EDGE_CURVE('',#7861,#1188,#7887,.T.);
#7889=ORIENTED_EDGE('',*,*,#7888,.F.);
#7890=ORIENTED_EDGE('',*,*,#7874,.F.);
#7891=ORIENTED_EDGE('',*,*,#7688,.F.);
#7892=ORIENTED_EDGE('',*,*,#1201,.F.);
#7893=EDGE_LOOP('',(#7889,#7890,#7891,#7892));
#7894=FACE_OUTER_BOUND('',#7893,.T.);
#7895=ADVANCED_FACE('',(#7894),#7883,.F.);
#7896=CARTESIAN_POINT('',(-36.508106462797237,-12.799999999999995,-2.076775E-015));
#7897=DIRECTION('',(0.0,1.0,0.0));
#7898=DIRECTION('',(0.0,0.0,1.0));
#7899=AXIS2_PLACEMENT_3D('',#7896,#7897,#7898);
#7900=PLANE('',#7899);
#7901=ORIENTED_EDGE('',*,*,#1503,.F.);
#7902=ORIENTED_EDGE('',*,*,#7793,.T.);
#7903=ORIENTED_EDGE('',*,*,#7817,.T.);
#7904=ORIENTED_EDGE('',*,*,#7842,.T.);
#7905=ORIENTED_EDGE('',*,*,#7866,.T.);
#7906=ORIENTED_EDGE('',*,*,#7888,.T.);
#7907=EDGE_LOOP('',(#7901,#7902,#7903,#7904,#7905,#7906));
#7908=FACE_OUTER_BOUND('',#7907,.T.);
#7909=CARTESIAN_POINT('',(-29.600000000000001,-12.799999999999995,-2.514361E-015));
#7910=VERTEX_POINT('',#7909);
#7911=CARTESIAN_POINT('',(-32.0,-12.799999999999995,-2.220446E-015));
#7912=DIRECTION('',(0.0,1.0,0.0));
#7913=DIRECTION('',(-1.0,0.0,0.0));
#7914=AXIS2_PLACEMENT_3D('',#7911,#7912,#7913);
#7915=CIRCLE('',#7914,2.4);
#7916=EDGE_CURVE('',#7910,#7910,#7915,.T.);
#7917=ORIENTED_EDGE('',*,*,#7916,.F.);
#7918=EDGE_LOOP('',(#7917));
#7919=FACE_BOUND('',#7918,.T.);
#7920=CARTESIAN_POINT('',(-37.599999999999994,-12.799999999999995,-2.514361E-015));
#7921=VERTEX_POINT('',#7920);
#7922=CARTESIAN_POINT('',(-40.0,-12.799999999999995,-2.220446E-015));
#7923=DIRECTION('',(0.0,1.0,0.0));
#7924=DIRECTION('',(-1.0,0.0,0.0));
#7925=AXIS2_PLACEMENT_3D('',#7922,#7923,#7924);
#7926=CIRCLE('',#7925,2.4);
#7927=EDGE_CURVE('',#7921,#7921,#7926,.T.);
#7928=ORIENTED_EDGE('',*,*,#7927,.F.);
#7929=EDGE_LOOP('',(#7928));
#7930=FACE_BOUND('',#7929,.T.);
#7931=ADVANCED_FACE('',(#7908,#7919,#7930),#7900,.T.);
#7932=CARTESIAN_POINT('',(-36.000000000000007,-14.399999999999995,4.163336E-016));
#7933=DIRECTION('',(0.0,1.0,0.0));
#7934=DIRECTION('',(0.0,0.0,1.0));
#7935=AXIS2_PLACEMENT_3D('',#7932,#7933,#7934);
#7936=PLANE('',#7935);
#7937=CARTESIAN_POINT('',(-34.381176179958132,-14.399999999999995,-2.700000000000001));
#7938=VERTEX_POINT('',#7937);
#7939=CARTESIAN_POINT('',(-37.618823820041868,-14.399999999999995,-2.700000000000001));
#7940=VERTEX_POINT('',#7939);
#7941=CARTESIAN_POINT('',(-34.381176179958132,-14.399999999999995,-2.700000000000001));
#7942=DIRECTION('',(-1.0,0.0,0.0));
#7943=VECTOR('',#7942,3.237647640083736);
#7944=LINE('',#7941,#7943);
#7945=EDGE_CURVE('',#7938,#7940,#7944,.T.);
#7946=ORIENTED_EDGE('',*,*,#7945,.F.);
#7947=CARTESIAN_POINT('',(-34.381176179958132,-14.399999999999995,2.7));
#7948=VERTEX_POINT('',#7947);
#7949=CARTESIAN_POINT('',(-32.0,-14.399999999999995,-2.220446E-015));
#7950=DIRECTION('',(0.0,-1.0,0.0));
#7951=DIRECTION('',(0.661437827766146,0.0,0.750000000000001));
#7952=AXIS2_PLACEMENT_3D('',#7949,#7950,#7951);
#7953=CIRCLE('',#7952,3.6);
#7954=EDGE_CURVE('',#7948,#7938,#7953,.T.);
#7955=ORIENTED_EDGE('',*,*,#7954,.F.);
#7956=CARTESIAN_POINT('',(-37.618823820041868,-14.399999999999995,2.699999999999998));
#7957=VERTEX_POINT('',#7956);
#7958=CARTESIAN_POINT('',(-37.618823820041868,-14.399999999999995,2.699999999999998));
#7959=DIRECTION('',(1.0,0.0,0.0));
#7960=VECTOR('',#7959,3.237647640083743);
#7961=LINE('',#7958,#7960);
#7962=EDGE_CURVE('',#7957,#7948,#7961,.T.);
#7963=ORIENTED_EDGE('',*,*,#7962,.F.);
#7964=CARTESIAN_POINT('',(-40.0,-14.399999999999995,-2.220446E-015));
#7965=DIRECTION('',(0.0,-1.0,0.0));
#7966=DIRECTION('',(0.661437827766148,0.0,-0.75));
#7967=AXIS2_PLACEMENT_3D('',#7964,#7965,#7966);
#7968=CIRCLE('',#7967,3.6);
#7969=EDGE_CURVE('',#7940,#7957,#7968,.T.);
#7970=ORIENTED_EDGE('',*,*,#7969,.F.);
#7971=EDGE_LOOP('',(#7946,#7955,#7963,#7970));
#7972=FACE_OUTER_BOUND('',#7971,.T.);
#7973=ADVANCED_FACE('',(#7972),#7936,.F.);
#7974=CARTESIAN_POINT('',(-40.0,-20.000000000000004,-2.220446E-015));
#7975=DIRECTION('',(0.0,1.0,0.0));
#7976=DIRECTION('',(0.661437827766148,0.0,-0.75));
#7977=AXIS2_PLACEMENT_3D('',#7974,#7975,#7976);
#7978=CYLINDRICAL_SURFACE('',#7977,3.6);
#7979=ORIENTED_EDGE('',*,*,#7969,.T.);
#7980=CARTESIAN_POINT('',(-37.618823820041868,-14.399999999999995,2.699999999999998));
#7981=DIRECTION('',(0.0,-1.0,0.0));
#7982=VECTOR('',#7981,5.600000000000001);
#7983=LINE('',#7980,#7982);
#7984=EDGE_CURVE('',#7957,#1000,#7983,.T.);
#7985=ORIENTED_EDGE('',*,*,#7984,.T.);
#7986=ORIENTED_EDGE('',*,*,#1006,.F.);
#7987=CARTESIAN_POINT('',(-37.618823820041868,-20.0,-2.700000000000001));
#7988=DIRECTION('',(0.0,1.0,0.0));
#7989=VECTOR('',#7988,5.600000000000005);
#7990=LINE('',#7987,#7989);
#7991=EDGE_CURVE('',#992,#7940,#7990,.T.);
#7992=ORIENTED_EDGE('',*,*,#7991,.T.);
#7993=EDGE_LOOP('',(#7979,#7985,#7986,#7992));
#7994=FACE_OUTER_BOUND('',#7993,.T.);
#7995=ADVANCED_FACE('',(#7994),#7978,.T.);
#7996=CARTESIAN_POINT('',(-28.000000000000004,-20.0,2.700000000000004));
#7997=DIRECTION('',(0.0,0.0,1.0));
#7998=DIRECTION('',(1.0,0.0,0.0));
#7999=AXIS2_PLACEMENT_3D('',#7996,#7997,#7998);
#8000=PLANE('',#7999);
#8001=ORIENTED_EDGE('',*,*,#7962,.T.);
#8002=CARTESIAN_POINT('',(-34.381176179958132,-19.999999999999996,2.7));
#8003=DIRECTION('',(0.0,1.0,0.0));
#8004=VECTOR('',#8003,5.600000000000001);
#8005=LINE('',#8002,#8004);
#8006=EDGE_CURVE('',#981,#7948,#8005,.T.);
#8007=ORIENTED_EDGE('',*,*,#8006,.F.);
#8008=ORIENTED_EDGE('',*,*,#1012,.F.);
#8009=ORIENTED_EDGE('',*,*,#7984,.F.);
#8010=EDGE_LOOP('',(#8001,#8007,#8008,#8009));
#8011=FACE_OUTER_BOUND('',#8010,.T.);
#8012=ADVANCED_FACE('',(#8011),#8000,.F.);
#8013=CARTESIAN_POINT('',(-32.0,-20.000000000000004,-2.220446E-015));
#8014=DIRECTION('',(0.0,1.0,0.0));
#8015=DIRECTION('',(0.661437827766146,0.0,0.750000000000001));
#8016=AXIS2_PLACEMENT_3D('',#8013,#8014,#8015);
#8017=CYLINDRICAL_SURFACE('',#8016,3.6);
#8018=ORIENTED_EDGE('',*,*,#7954,.T.);
#8019=CARTESIAN_POINT('',(-34.381176179958132,-14.399999999999995,-2.700000000000001));
#8020=DIRECTION('',(0.0,-1.0,0.0));
#8021=VECTOR('',#8020,5.600000000000005);
#8022=LINE('',#8019,#8021);
#8023=EDGE_CURVE('',#7938,#983,#8022,.T.);
#8024=ORIENTED_EDGE('',*,*,#8023,.T.);
#8025=ORIENTED_EDGE('',*,*,#989,.F.);
#8026=ORIENTED_EDGE('',*,*,#8006,.T.);
#8027=EDGE_LOOP('',(#8018,#8024,#8025,#8026));
#8028=FACE_OUTER_BOUND('',#8027,.T.);
#8029=ADVANCED_FACE('',(#8028),#8017,.T.);
#8030=CARTESIAN_POINT('',(-32.0,-20.000000000000004,-2.220446E-015));
#8031=DIRECTION('',(0.0,1.0,0.0));
#8032=DIRECTION('',(-1.0,0.0,0.0));
#8033=AXIS2_PLACEMENT_3D('',#8030,#8031,#8032);
#8034=CYLINDRICAL_SURFACE('',#8033,2.4);
#8035=ORIENTED_EDGE('',*,*,#7330,.T.);
#8036=EDGE_LOOP('',(#8035));
#8037=FACE_OUTER_BOUND('',#8036,.T.);
#8038=ORIENTED_EDGE('',*,*,#7916,.T.);
#8039=EDGE_LOOP('',(#8038));
#8040=FACE_BOUND('',#8039,.T.);
#8041=ADVANCED_FACE('',(#8037,#8040),#8034,.F.);
#8042=CARTESIAN_POINT('',(-40.0,-20.000000000000004,-2.220446E-015));
#8043=DIRECTION('',(0.0,1.0,0.0));
#8044=DIRECTION('',(-1.0,0.0,0.0));
#8045=AXIS2_PLACEMENT_3D('',#8042,#8043,#8044);
#8046=CYLINDRICAL_SURFACE('',#8045,2.4);
#8047=ORIENTED_EDGE('',*,*,#7290,.T.);
#8048=EDGE_LOOP('',(#8047));
#8049=FACE_OUTER_BOUND('',#8048,.T.);
#8050=ORIENTED_EDGE('',*,*,#7927,.T.);
#8051=EDGE_LOOP('',(#8050));
#8052=FACE_BOUND('',#8051,.T.);
#8053=ADVANCED_FACE('',(#8049,#8052),#8046,.F.);
#8054=CARTESIAN_POINT('',(-40.0,-20.0,-2.700000000000001));
#8055=DIRECTION('',(0.0,0.0,-1.0));
#8056=DIRECTION('',(-1.0,0.0,0.0));
#8057=AXIS2_PLACEMENT_3D('',#8054,#8055,#8056);
#8058=PLANE('',#8057);
#8059=ORIENTED_EDGE('',*,*,#7945,.T.);
#8060=ORIENTED_EDGE('',*,*,#7991,.F.);
#8061=ORIENTED_EDGE('',*,*,#997,.F.);
#8062=ORIENTED_EDGE('',*,*,#8023,.F.);
#8063=EDGE_LOOP('',(#8059,#8060,#8061,#8062));
#8064=FACE_OUTER_BOUND('',#8063,.T.);
#8065=ADVANCED_FACE('',(#8064),#8058,.F.);
#8066=CARTESIAN_POINT('',(-24.000000000000004,-16.0,0.0));
#8067=DIRECTION('',(0.0,0.0,1.0));
#8068=DIRECTION('',(-1.0,0.0,0.0));
#8069=AXIS2_PLACEMENT_3D('',#8066,#8067,#8068);
#8070=CYLINDRICAL_SURFACE('',#8069,4.0);
#8071=ORIENTED_EDGE('',*,*,#3793,.F.);
#8072=ORIENTED_EDGE('',*,*,#937,.T.);
#8073=ORIENTED_EDGE('',*,*,#1168,.F.);
#8074=ORIENTED_EDGE('',*,*,#1479,.T.);
#8075=ORIENTED_EDGE('',*,*,#1434,.T.);
#8076=ORIENTED_EDGE('',*,*,#3630,.F.);
#8077=EDGE_LOOP('',(#8071,#8072,#8073,#8074,#8075,#8076));
#8078=FACE_OUTER_BOUND('',#8077,.T.);
#8079=ADVANCED_FACE('',(#8078),#8070,.T.);
#8080=CARTESIAN_POINT('',(-24.000000000000004,-16.0,0.0));
#8081=DIRECTION('',(0.0,0.0,1.0));
#8082=DIRECTION('',(-1.0,0.0,0.0));
#8083=AXIS2_PLACEMENT_3D('',#8080,#8081,#8082);
#8084=CYLINDRICAL_SURFACE('',#8083,4.0);
#8085=ORIENTED_EDGE('',*,*,#4468,.F.);
#8086=ORIENTED_EDGE('',*,*,#3666,.F.);
#8087=ORIENTED_EDGE('',*,*,#1569,.T.);
#8088=ORIENTED_EDGE('',*,*,#1522,.T.);
#8089=ORIENTED_EDGE('',*,*,#1119,.F.);
#8090=ORIENTED_EDGE('',*,*,#904,.T.);
#8091=EDGE_LOOP('',(#8085,#8086,#8087,#8088,#8089,#8090));
#8092=FACE_OUTER_BOUND('',#8091,.T.);
#8093=ADVANCED_FACE('',(#8092),#8084,.T.);
#8094=CARTESIAN_POINT('',(-24.000000000000004,-16.0,-3.6));
#8095=DIRECTION('',(0.0,0.0,-1.0));
#8096=DIRECTION('',(-1.0,0.0,0.0));
#8097=AXIS2_PLACEMENT_3D('',#8094,#8095,#8096);
#8098=CYLINDRICAL_SURFACE('',#8097,3.200000000000001);
#8099=CARTESIAN_POINT('',(-27.200000000000006,-16.0,-3.200000000000001));
#8100=VERTEX_POINT('',#8099);
#8101=CARTESIAN_POINT('',(-24.000000000000004,-16.0,-3.200000000000001));
#8102=DIRECTION('',(0.0,0.0,-1.0));
#8103=DIRECTION('',(-1.0,0.0,0.0));
#8104=AXIS2_PLACEMENT_3D('',#8101,#8102,#8103);
#8105=CIRCLE('',#8104,3.200000000000001);
#8106=EDGE_CURVE('',#8100,#8100,#8105,.T.);
#8107=ORIENTED_EDGE('',*,*,#8106,.F.);
#8108=EDGE_LOOP('',(#8107));
#8109=FACE_OUTER_BOUND('',#8108,.T.);
#8110=ORIENTED_EDGE('',*,*,#3474,.F.);
#8111=EDGE_LOOP('',(#8110));
#8112=FACE_BOUND('',#8111,.T.);
#8113=ADVANCED_FACE('',(#8109,#8112),#8098,.F.);
#8114=CARTESIAN_POINT('',(-24.000000000000004,-16.0,-3.2));
#8115=DIRECTION('',(0.0,0.0,-1.0));
#8116=DIRECTION('',(-1.0,0.0,0.0));
#8117=AXIS2_PLACEMENT_3D('',#8114,#8115,#8116);
#8118=PLANE('',#8117);
#8119=ORIENTED_EDGE('',*,*,#8106,.T.);
#8120=EDGE_LOOP('',(#8119));
#8121=FACE_OUTER_BOUND('',#8120,.T.);
#8122=ORIENTED_EDGE('',*,*,#7370,.F.);
#8123=EDGE_LOOP('',(#8122));
#8124=FACE_BOUND('',#8123,.T.);
#8125=ADVANCED_FACE('',(#8121,#8124),#8118,.T.);
#8126=CARTESIAN_POINT('',(12.800000000000001,0.0,-3.999999999999999));
#8127=DIRECTION('',(-1.0,0.0,0.0));
#8128=DIRECTION('',(0.0,0.0,1.0));
#8129=AXIS2_PLACEMENT_3D('',#8126,#8127,#8128);
#8130=PLANE('',#8129);
#8131=ORIENTED_EDGE('',*,*,#3188,.F.);
#8132=ORIENTED_EDGE('',*,*,#3747,.F.);
#8133=CARTESIAN_POINT('',(12.800000000000001,-12.800000000000001,0.0));
#8134=VERTEX_POINT('',#8133);
#8135=CARTESIAN_POINT('',(12.800000000000001,-12.0,0.0));
#8136=DIRECTION('',(0.0,-1.0,0.0));
#8137=VECTOR('',#8136,0.800000000000001);
#8138=LINE('',#8135,#8137);
#8139=EDGE_CURVE('',#3735,#8134,#8138,.T.);
#8140=ORIENTED_EDGE('',*,*,#8139,.T.);
#8141=CARTESIAN_POINT('',(12.800000000000001,-12.800000000000002,-3.999999999999999));
#8142=DIRECTION('',(0.0,0.0,1.0));
#8143=VECTOR('',#8142,3.999999999999999);
#8144=LINE('',#8141,#8143);
#8145=EDGE_CURVE('',#3245,#8134,#8144,.T.);
#8146=ORIENTED_EDGE('',*,*,#8145,.F.);
#8147=ORIENTED_EDGE('',*,*,#3250,.F.);
#8148=EDGE_LOOP('',(#8131,#8132,#8140,#8146,#8147));
#8149=FACE_OUTER_BOUND('',#8148,.T.);
#8150=ADVANCED_FACE('',(#8149),#8130,.F.);
#8151=CARTESIAN_POINT('',(19.200000000000003,0.0,0.0));
#8152=DIRECTION('',(1.0,0.0,0.0));
#8153=DIRECTION('',(0.0,0.0,-1.0));
#8154=AXIS2_PLACEMENT_3D('',#8151,#8152,#8153);
#8155=PLANE('',#8154);
#8156=ORIENTED_EDGE('',*,*,#3852,.F.);
#8157=ORIENTED_EDGE('',*,*,#3266,.F.);
#8158=CARTESIAN_POINT('',(19.200000000000003,-12.800000000000004,0.0));
#8159=VERTEX_POINT('',#8158);
#8160=CARTESIAN_POINT('',(19.199999999999999,-12.800000000000004,0.0));
#8161=DIRECTION('',(0.0,0.0,-1.0));
#8162=VECTOR('',#8161,4.0);
#8163=LINE('',#8160,#8162);
#8164=EDGE_CURVE('',#8159,#3253,#8163,.T.);
#8165=ORIENTED_EDGE('',*,*,#8164,.F.);
#8166=CARTESIAN_POINT('',(19.200000000000003,-12.000000000000002,-1.776357E-015));
#8167=DIRECTION('',(0.0,-1.0,0.0));
#8168=VECTOR('',#8167,0.800000000000002);
#8169=LINE('',#8166,#8168);
#8170=EDGE_CURVE('',#3727,#8159,#8169,.T.);
#8171=ORIENTED_EDGE('',*,*,#8170,.F.);
#8172=ORIENTED_EDGE('',*,*,#3732,.F.);
#8173=EDGE_LOOP('',(#8156,#8157,#8165,#8171,#8172));
#8174=FACE_OUTER_BOUND('',#8173,.T.);
#8175=ADVANCED_FACE('',(#8174),#8155,.F.);
#8176=CARTESIAN_POINT('',(12.800000000000001,0.0,-3.999999999999999));
#8177=DIRECTION('',(-1.0,0.0,0.0));
#8178=DIRECTION('',(0.0,0.0,1.0));
#8179=AXIS2_PLACEMENT_3D('',#8176,#8177,#8178);
#8180=PLANE('',#8179);
#8181=ORIENTED_EDGE('',*,*,#3104,.F.);
#8182=CARTESIAN_POINT('',(12.800000000000001,12.800000000000002,-3.999999999999999));
#8183=VERTEX_POINT('',#8182);
#8184=CARTESIAN_POINT('',(12.799999999999997,12.800000000000002,-4.0));
#8185=DIRECTION('',(0.0,-1.0,0.0));
#8186=VECTOR('',#8185,0.700000000000008);
#8187=LINE('',#8184,#8186);
#8188=EDGE_CURVE('',#8183,#3098,#8187,.T.);
#8189=ORIENTED_EDGE('',*,*,#8188,.F.);
#8190=CARTESIAN_POINT('',(12.800000000000001,12.800000000000002,0.0));
#8191=VERTEX_POINT('',#8190);
#8192=CARTESIAN_POINT('',(12.800000000000001,12.800000000000002,0.0));
#8193=DIRECTION('',(0.0,0.0,-1.0));
#8194=VECTOR('',#8193,3.999999999999999);
#8195=LINE('',#8192,#8194);
#8196=EDGE_CURVE('',#8191,#8183,#8195,.T.);
#8197=ORIENTED_EDGE('',*,*,#8196,.F.);
#8198=CARTESIAN_POINT('',(12.800000000000001,12.000000000000004,0.0));
#8199=DIRECTION('',(0.0,1.0,0.0));
#8200=VECTOR('',#8199,0.800000000000001);
#8201=LINE('',#8198,#8200);
#8202=EDGE_CURVE('',#2941,#8191,#8201,.T.);
#8203=ORIENTED_EDGE('',*,*,#8202,.F.);
#8204=ORIENTED_EDGE('',*,*,#2946,.F.);
#8205=EDGE_LOOP('',(#8181,#8189,#8197,#8203,#8204));
#8206=FACE_OUTER_BOUND('',#8205,.T.);
#8207=ADVANCED_FACE('',(#8206),#8180,.F.);
#8208=CARTESIAN_POINT('',(19.200000000000003,0.0,0.0));
#8209=DIRECTION('',(1.0,0.0,0.0));
#8210=DIRECTION('',(0.0,0.0,-1.0));
#8211=AXIS2_PLACEMENT_3D('',#8208,#8209,#8210);
#8212=PLANE('',#8211);
#8213=ORIENTED_EDGE('',*,*,#3897,.F.);
#8214=ORIENTED_EDGE('',*,*,#2963,.F.);
#8215=CARTESIAN_POINT('',(19.200000000000003,12.799999999999997,0.0));
#8216=VERTEX_POINT('',#8215);
#8217=CARTESIAN_POINT('',(19.200000000000003,11.999999999999998,-1.776357E-015));
#8218=DIRECTION('',(0.0,1.0,0.0));
#8219=VECTOR('',#8218,0.800000000000001);
#8220=LINE('',#8217,#8219);
#8221=EDGE_CURVE('',#2949,#8216,#8220,.T.);
#8222=ORIENTED_EDGE('',*,*,#8221,.T.);
#8223=CARTESIAN_POINT('',(19.199999999999999,12.800000000000002,-4.0));
#8224=VERTEX_POINT('',#8223);
#8225=CARTESIAN_POINT('',(19.199999999999999,12.800000000000002,-4.0));
#8226=DIRECTION('',(0.0,0.0,1.0));
#8227=VECTOR('',#8226,4.0);
#8228=LINE('',#8225,#8227);
#8229=EDGE_CURVE('',#8224,#8216,#8228,.T.);
#8230=ORIENTED_EDGE('',*,*,#8229,.F.);
#8231=CARTESIAN_POINT('',(19.199999999999999,12.099999999999994,-4.0));
#8232=DIRECTION('',(0.0,1.0,0.0));
#8233=VECTOR('',#8232,0.700000000000008);
#8234=LINE('',#8231,#8233);
#8235=EDGE_CURVE('',#3891,#8224,#8234,.T.);
#8236=ORIENTED_EDGE('',*,*,#8235,.F.);
#8237=EDGE_LOOP('',(#8213,#8214,#8222,#8230,#8236));
#8238=FACE_OUTER_BOUND('',#8237,.T.);
#8239=ADVANCED_FACE('',(#8238),#8212,.F.);
#8240=CARTESIAN_POINT('',(-12.800000000000001,0.0,0.0));
#8241=DIRECTION('',(1.0,0.0,0.0));
#8242=DIRECTION('',(0.0,0.0,-1.0));
#8243=AXIS2_PLACEMENT_3D('',#8240,#8241,#8242);
#8244=PLANE('',#8243);
#8245=ORIENTED_EDGE('',*,*,#3524,.F.);
#8246=ORIENTED_EDGE('',*,*,#3332,.F.);
#8247=CARTESIAN_POINT('',(-12.800000000000001,-12.800000000000001,0.0));
#8248=VERTEX_POINT('',#8247);
#8249=CARTESIAN_POINT('',(-12.800000000000001,-12.800000000000002,0.0));
#8250=DIRECTION('',(0.0,0.0,-1.0));
#8251=VECTOR('',#8250,4.0);
#8252=LINE('',#8249,#8251);
#8253=EDGE_CURVE('',#8248,#3319,#8252,.T.);
#8254=ORIENTED_EDGE('',*,*,#8253,.F.);
#8255=CARTESIAN_POINT('',(-12.800000000000001,-11.999999999999998,0.0));
#8256=DIRECTION('',(0.0,-1.0,0.0));
#8257=VECTOR('',#8256,0.800000000000002);
#8258=LINE('',#8255,#8257);
#8259=EDGE_CURVE('',#3594,#8248,#8258,.T.);
#8260=ORIENTED_EDGE('',*,*,#8259,.F.);
#8261=ORIENTED_EDGE('',*,*,#3599,.F.);
#8262=EDGE_LOOP('',(#8245,#8246,#8254,#8260,#8261));
#8263=FACE_OUTER_BOUND('',#8262,.T.);
#8264=ADVANCED_FACE('',(#8263),#8244,.F.);
#8265=CARTESIAN_POINT('',(-3.200000000000001,0.0,-4.0));
#8266=DIRECTION('',(-1.0,0.0,0.0));
#8267=DIRECTION('',(0.0,0.0,1.0));
#8268=AXIS2_PLACEMENT_3D('',#8265,#8266,#8267);
#8269=PLANE('',#8268);
#8270=ORIENTED_EDGE('',*,*,#2834,.F.);
#8271=CARTESIAN_POINT('',(-3.200000000000001,12.800000000000001,-4.0));
#8272=VERTEX_POINT('',#8271);
#8273=CARTESIAN_POINT('',(-3.200000000000003,12.800000000000001,-4.0));
#8274=DIRECTION('',(0.0,-1.0,0.0));
#8275=VECTOR('',#8274,0.700000000000006);
#8276=LINE('',#8273,#8275);
#8277=EDGE_CURVE('',#8272,#2826,#8276,.T.);
#8278=ORIENTED_EDGE('',*,*,#8277,.F.);
#8279=CARTESIAN_POINT('',(-3.200000000000001,12.800000000000001,0.0));
#8280=VERTEX_POINT('',#8279);
#8281=CARTESIAN_POINT('',(-3.200000000000001,12.800000000000001,0.0));
#8282=DIRECTION('',(0.0,0.0,-1.0));
#8283=VECTOR('',#8282,4.0);
#8284=LINE('',#8281,#8283);
#8285=EDGE_CURVE('',#8280,#8272,#8284,.T.);
#8286=ORIENTED_EDGE('',*,*,#8285,.F.);
#8287=CARTESIAN_POINT('',(-3.200000000000001,12.0,0.0));
#8288=DIRECTION('',(0.0,1.0,0.0));
#8289=VECTOR('',#8288,0.800000000000001);
#8290=LINE('',#8287,#8289);
#8291=EDGE_CURVE('',#2908,#8280,#8290,.T.);
#8292=ORIENTED_EDGE('',*,*,#8291,.F.);
#8293=ORIENTED_EDGE('',*,*,#2913,.F.);
#8294=EDGE_LOOP('',(#8270,#8278,#8286,#8292,#8293));
#8295=FACE_OUTER_BOUND('',#8294,.T.);
#8296=ADVANCED_FACE('',(#8295),#8269,.F.);
#8297=CARTESIAN_POINT('',(16.0,12.399999999999999,0.0));
#8298=DIRECTION('',(9.251859E-017,-1.0,0.0));
#8299=DIRECTION('',(1.0,0.0,0.0));
#8300=AXIS2_PLACEMENT_3D('',#8297,#8298,#8299);
#8301=CYLINDRICAL_SURFACE('',#8300,3.200000000000001);
#8302=ORIENTED_EDGE('',*,*,#8202,.T.);
#8303=CARTESIAN_POINT('',(16.0,12.799999999999997,0.0));
#8304=DIRECTION('',(0.0,-1.0,0.0));
#8305=DIRECTION('',(1.0,0.0,0.0));
#8306=AXIS2_PLACEMENT_3D('',#8303,#8304,#8305);
#8307=CIRCLE('',#8306,3.200000000000001);
#8308=EDGE_CURVE('',#8216,#8191,#8307,.T.);
#8309=ORIENTED_EDGE('',*,*,#8308,.F.);
#8310=ORIENTED_EDGE('',*,*,#8221,.F.);
#8311=ORIENTED_EDGE('',*,*,#2955,.F.);
#8312=EDGE_LOOP('',(#8302,#8309,#8310,#8311));
#8313=FACE_OUTER_BOUND('',#8312,.T.);
#8314=ADVANCED_FACE('',(#8313),#8301,.F.);
#8315=CARTESIAN_POINT('',(16.0,-12.800000000000001,0.0));
#8316=DIRECTION('',(0.0,1.0,0.0));
#8317=DIRECTION('',(-1.0,0.0,0.0));
#8318=AXIS2_PLACEMENT_3D('',#8315,#8316,#8317);
#8319=PLANE('',#8318);
#8320=CARTESIAN_POINT('',(16.0,-12.800000000000001,0.0));
#8321=DIRECTION('',(0.0,1.0,0.0));
#8322=DIRECTION('',(-1.0,0.0,0.0));
#8323=AXIS2_PLACEMENT_3D('',#8320,#8321,#8322);
#8324=CIRCLE('',#8323,3.200000000000001);
#8325=EDGE_CURVE('',#8134,#8159,#8324,.T.);
#8326=ORIENTED_EDGE('',*,*,#8325,.T.);
#8327=ORIENTED_EDGE('',*,*,#8164,.T.);
#8328=ORIENTED_EDGE('',*,*,#3258,.F.);
#8329=ORIENTED_EDGE('',*,*,#8145,.T.);
#8330=EDGE_LOOP('',(#8326,#8327,#8328,#8329));
#8331=FACE_OUTER_BOUND('',#8330,.T.);
#8332=CARTESIAN_POINT('',(13.600000000000001,-12.800000000000001,0.0));
#8333=VERTEX_POINT('',#8332);
#8334=CARTESIAN_POINT('',(16.0,-12.800000000000001,0.0));
#8335=DIRECTION('',(0.0,1.0,0.0));
#8336=DIRECTION('',(1.0,0.0,0.0));
#8337=AXIS2_PLACEMENT_3D('',#8334,#8335,#8336);
#8338=CIRCLE('',#8337,2.4);
#8339=EDGE_CURVE('',#8333,#8333,#8338,.T.);
#8340=ORIENTED_EDGE('',*,*,#8339,.F.);
#8341=EDGE_LOOP('',(#8340));
#8342=FACE_BOUND('',#8341,.T.);
#8343=ADVANCED_FACE('',(#8331,#8342),#8319,.T.);
#8344=CARTESIAN_POINT('',(-16.0,12.399999999999999,0.0));
#8345=DIRECTION('',(9.251859E-017,-1.0,0.0));
#8346=DIRECTION('',(1.0,0.0,0.0));
#8347=AXIS2_PLACEMENT_3D('',#8344,#8345,#8346);
#8348=CYLINDRICAL_SURFACE('',#8347,3.200000000000001);
#8349=ORIENTED_EDGE('',*,*,#4086,.T.);
#8350=CARTESIAN_POINT('',(-16.0,12.799999999999997,0.0));
#8351=DIRECTION('',(0.0,-1.0,0.0));
#8352=DIRECTION('',(1.0,0.0,0.0));
#8353=AXIS2_PLACEMENT_3D('',#8350,#8351,#8352);
#8354=CIRCLE('',#8353,3.200000000000001);
#8355=EDGE_CURVE('',#2877,#4075,#8354,.T.);
#8356=ORIENTED_EDGE('',*,*,#8355,.F.);
#8357=ORIENTED_EDGE('',*,*,#2882,.F.);
#8358=ORIENTED_EDGE('',*,*,#3086,.F.);
#8359=EDGE_LOOP('',(#8349,#8356,#8357,#8358));
#8360=FACE_OUTER_BOUND('',#8359,.T.);
#8361=ADVANCED_FACE('',(#8360),#8348,.F.);
#8362=CARTESIAN_POINT('',(-16.0,-12.800000000000001,0.0));
#8363=DIRECTION('',(0.0,1.0,0.0));
#8364=DIRECTION('',(-1.0,0.0,0.0));
#8365=AXIS2_PLACEMENT_3D('',#8362,#8363,#8364);
#8366=PLANE('',#8365);
#8367=CARTESIAN_POINT('',(-16.0,-12.800000000000001,0.0));
#8368=DIRECTION('',(0.0,1.0,0.0));
#8369=DIRECTION('',(-1.0,0.0,0.0));
#8370=AXIS2_PLACEMENT_3D('',#8367,#8368,#8369);
#8371=CIRCLE('',#8370,3.200000000000001);
#8372=EDGE_CURVE('',#3868,#8248,#8371,.T.);
#8373=ORIENTED_EDGE('',*,*,#8372,.T.);
#8374=ORIENTED_EDGE('',*,*,#8253,.T.);
#8375=ORIENTED_EDGE('',*,*,#3324,.F.);
#8376=ORIENTED_EDGE('',*,*,#3879,.T.);
#8377=EDGE_LOOP('',(#8373,#8374,#8375,#8376));
#8378=FACE_OUTER_BOUND('',#8377,.T.);
#8379=CARTESIAN_POINT('',(-18.400000000000002,-12.800000000000001,0.0));
#8380=VERTEX_POINT('',#8379);
#8381=CARTESIAN_POINT('',(-16.0,-12.800000000000001,0.0));
#8382=DIRECTION('',(0.0,1.0,0.0));
#8383=DIRECTION('',(1.0,0.0,0.0));
#8384=AXIS2_PLACEMENT_3D('',#8381,#8382,#8383);
#8385=CIRCLE('',#8384,2.4);
#8386=EDGE_CURVE('',#8380,#8380,#8385,.T.);
#8387=ORIENTED_EDGE('',*,*,#8386,.F.);
#8388=EDGE_LOOP('',(#8387));
#8389=FACE_BOUND('',#8388,.T.);
#8390=ADVANCED_FACE('',(#8378,#8389),#8366,.T.);
#8391=CARTESIAN_POINT('',(0.0,-11.200000000000001,-3.800000000000001));
#8392=DIRECTION('',(0.0,-1.0,0.0));
#8393=DIRECTION('',(0.0,0.0,-1.0));
#8394=AXIS2_PLACEMENT_3D('',#8391,#8392,#8393);
#8395=PLANE('',#8394);
#8396=ORIENTED_EDGE('',*,*,#2556,.F.);
#8397=ORIENTED_EDGE('',*,*,#1409,.F.);
#8398=CARTESIAN_POINT('',(-20.800000000000011,-11.200000000000001,0.0));
#8399=VERTEX_POINT('',#8398);
#8400=CARTESIAN_POINT('',(-20.800000000000011,-11.200000000000001,0.0));
#8401=DIRECTION('',(0.0,0.0,-1.0));
#8402=VECTOR('',#8401,3.800000000000001);
#8403=LINE('',#8400,#8402);
#8404=EDGE_CURVE('',#8399,#1396,#8403,.T.);
#8405=ORIENTED_EDGE('',*,*,#8404,.F.);
#8406=CARTESIAN_POINT('',(-20.000000000000007,-11.200000000000001,0.0));
#8407=DIRECTION('',(-1.0,0.0,0.0));
#8408=VECTOR('',#8407,0.800000000000004);
#8409=LINE('',#8406,#8408);
#8410=EDGE_CURVE('',#2656,#8399,#8409,.T.);
#8411=ORIENTED_EDGE('',*,*,#8410,.F.);
#8412=ORIENTED_EDGE('',*,*,#2661,.F.);
#8413=EDGE_LOOP('',(#8396,#8397,#8405,#8411,#8412));
#8414=FACE_OUTER_BOUND('',#8413,.T.);
#8415=ADVANCED_FACE('',(#8414),#8395,.F.);
#8416=CARTESIAN_POINT('',(0.0,11.200000000000001,0.0));
#8417=DIRECTION('',(0.0,1.0,0.0));
#8418=DIRECTION('',(0.0,0.0,1.0));
#8419=AXIS2_PLACEMENT_3D('',#8416,#8417,#8418);
#8420=PLANE('',#8419);
#8421=ORIENTED_EDGE('',*,*,#2806,.F.);
#8422=ORIENTED_EDGE('',*,*,#2728,.F.);
#8423=CARTESIAN_POINT('',(-20.800000000000011,11.200000000000001,0.0));
#8424=VERTEX_POINT('',#8423);
#8425=CARTESIAN_POINT('',(-20.000000000000007,11.200000000000001,0.0));
#8426=DIRECTION('',(-1.0,0.0,0.0));
#8427=VECTOR('',#8426,0.800000000000004);
#8428=LINE('',#8425,#8427);
#8429=EDGE_CURVE('',#2714,#8424,#8428,.T.);
#8430=ORIENTED_EDGE('',*,*,#8429,.T.);
#8431=CARTESIAN_POINT('',(-20.800000000000011,11.200000000000001,-3.8));
#8432=DIRECTION('',(0.0,0.0,1.0));
#8433=VECTOR('',#8432,3.8);
#8434=LINE('',#8431,#8433);
#8435=EDGE_CURVE('',#1324,#8424,#8434,.T.);
#8436=ORIENTED_EDGE('',*,*,#8435,.F.);
#8437=ORIENTED_EDGE('',*,*,#1329,.F.);
#8438=EDGE_LOOP('',(#8421,#8422,#8430,#8436,#8437));
#8439=FACE_OUTER_BOUND('',#8438,.T.);
#8440=ADVANCED_FACE('',(#8439),#8420,.F.);
#8441=CARTESIAN_POINT('',(0.0,11.200000000000001,0.0));
#8442=DIRECTION('',(0.0,1.0,0.0));
#8443=DIRECTION('',(0.0,0.0,1.0));
#8444=AXIS2_PLACEMENT_3D('',#8441,#8442,#8443);
#8445=PLANE('',#8444);
#8446=ORIENTED_EDGE('',*,*,#2082,.F.);
#8447=ORIENTED_EDGE('',*,*,#408,.F.);
#8448=CARTESIAN_POINT('',(20.800000000000001,11.200000000000001,0.0));
#8449=VERTEX_POINT('',#8448);
#8450=CARTESIAN_POINT('',(20.800000000000001,11.200000000000001,0.0));
#8451=DIRECTION('',(0.0,0.0,-1.0));
#8452=VECTOR('',#8451,3.8);
#8453=LINE('',#8450,#8452);
#8454=EDGE_CURVE('',#8449,#395,#8453,.T.);
#8455=ORIENTED_EDGE('',*,*,#8454,.F.);
#8456=CARTESIAN_POINT('',(19.999999999999989,11.200000000000001,0.0));
#8457=DIRECTION('',(1.0,0.0,0.0));
#8458=VECTOR('',#8457,0.800000000000008);
#8459=LINE('',#8456,#8458);
#8460=EDGE_CURVE('',#2175,#8449,#8459,.T.);
#8461=ORIENTED_EDGE('',*,*,#8460,.F.);
#8462=ORIENTED_EDGE('',*,*,#2180,.F.);
#8463=EDGE_LOOP('',(#8446,#8447,#8455,#8461,#8462));
#8464=FACE_OUTER_BOUND('',#8463,.T.);
#8465=ADVANCED_FACE('',(#8464),#8445,.F.);
#8466=CARTESIAN_POINT('',(0.0,3.200000000000001,0.0));
#8467=DIRECTION('',(0.0,1.0,0.0));
#8468=DIRECTION('',(0.0,0.0,1.0));
#8469=AXIS2_PLACEMENT_3D('',#8466,#8467,#8468);
#8470=PLANE('',#8469);
#8471=ORIENTED_EDGE('',*,*,#2115,.F.);
#8472=ORIENTED_EDGE('',*,*,#376,.F.);
#8473=CARTESIAN_POINT('',(20.800000000000001,3.200000000000001,0.0));
#8474=VERTEX_POINT('',#8473);
#8475=CARTESIAN_POINT('',(20.800000000000001,3.200000000000001,0.0));
#8476=DIRECTION('',(0.0,0.0,-1.0));
#8477=VECTOR('',#8476,3.8);
#8478=LINE('',#8475,#8477);
#8479=EDGE_CURVE('',#8474,#363,#8478,.T.);
#8480=ORIENTED_EDGE('',*,*,#8479,.F.);
#8481=CARTESIAN_POINT('',(19.999999999999989,3.200000000000001,0.0));
#8482=DIRECTION('',(1.0,0.0,0.0));
#8483=VECTOR('',#8482,0.800000000000008);
#8484=LINE('',#8481,#8483);
#8485=EDGE_CURVE('',#2192,#8474,#8484,.T.);
#8486=ORIENTED_EDGE('',*,*,#8485,.F.);
#8487=ORIENTED_EDGE('',*,*,#2197,.F.);
#8488=EDGE_LOOP('',(#8471,#8472,#8480,#8486,#8487));
#8489=FACE_OUTER_BOUND('',#8488,.T.);
#8490=ADVANCED_FACE('',(#8489),#8470,.F.);
#8491=CARTESIAN_POINT('',(0.0,3.200000000000001,0.0));
#8492=DIRECTION('',(0.0,1.0,0.0));
#8493=DIRECTION('',(0.0,0.0,1.0));
#8494=AXIS2_PLACEMENT_3D('',#8491,#8492,#8493);
#8495=PLANE('',#8494);
#8496=ORIENTED_EDGE('',*,*,#2765,.F.);
#8497=ORIENTED_EDGE('',*,*,#2695,.F.);
#8498=CARTESIAN_POINT('',(-20.800000000000011,3.200000000000001,0.0));
#8499=VERTEX_POINT('',#8498);
#8500=CARTESIAN_POINT('',(-20.800000000000011,3.200000000000001,0.0));
#8501=DIRECTION('',(1.0,0.0,0.0));
#8502=VECTOR('',#8501,0.800000000000004);
#8503=LINE('',#8500,#8502);
#8504=EDGE_CURVE('',#8499,#2681,#8503,.T.);
#8505=ORIENTED_EDGE('',*,*,#8504,.F.);
#8506=CARTESIAN_POINT('',(-20.800000000000011,3.200000000000001,-3.8));
#8507=DIRECTION('',(0.0,0.0,1.0));
#8508=VECTOR('',#8507,3.8);
#8509=LINE('',#8506,#8508);
#8510=EDGE_CURVE('',#1356,#8499,#8509,.T.);
#8511=ORIENTED_EDGE('',*,*,#8510,.F.);
#8512=ORIENTED_EDGE('',*,*,#1361,.F.);
#8513=EDGE_LOOP('',(#8496,#8497,#8505,#8511,#8512));
#8514=FACE_OUTER_BOUND('',#8513,.T.);
#8515=ADVANCED_FACE('',(#8514),#8495,.F.);
#8516=CARTESIAN_POINT('',(0.0,-3.200000000000001,-3.8));
#8517=DIRECTION('',(0.0,-1.0,0.0));
#8518=DIRECTION('',(0.0,0.0,-1.0));
#8519=AXIS2_PLACEMENT_3D('',#8516,#8517,#8518);
#8520=PLANE('',#8519);
#8521=ORIENTED_EDGE('',*,*,#2300,.F.);
#8522=ORIENTED_EDGE('',*,*,#2214,.F.);
#8523=CARTESIAN_POINT('',(20.800000000000001,-3.200000000000001,0.0));
#8524=VERTEX_POINT('',#8523);
#8525=CARTESIAN_POINT('',(20.799999999999997,-3.200000000000001,0.0));
#8526=DIRECTION('',(-1.0,0.0,0.0));
#8527=VECTOR('',#8526,0.799999999999997);
#8528=LINE('',#8525,#8527);
#8529=EDGE_CURVE('',#8524,#2200,#8528,.T.);
#8530=ORIENTED_EDGE('',*,*,#8529,.F.);
#8531=CARTESIAN_POINT('',(20.800000000000001,-3.200000000000001,-3.8));
#8532=DIRECTION('',(0.0,0.0,1.0));
#8533=VECTOR('',#8532,3.8);
#8534=LINE('',#8531,#8533);
#8535=EDGE_CURVE('',#355,#8524,#8534,.T.);
#8536=ORIENTED_EDGE('',*,*,#8535,.F.);
#8537=ORIENTED_EDGE('',*,*,#360,.F.);
#8538=EDGE_LOOP('',(#8521,#8522,#8530,#8536,#8537));
#8539=FACE_OUTER_BOUND('',#8538,.T.);
#8540=ADVANCED_FACE('',(#8539),#8520,.F.);
#8541=CARTESIAN_POINT('',(0.0,-3.200000000000001,-3.8));
#8542=DIRECTION('',(0.0,-1.0,0.0));
#8543=DIRECTION('',(0.0,0.0,-1.0));
#8544=AXIS2_PLACEMENT_3D('',#8541,#8542,#8543);
#8545=PLANE('',#8544);
#8546=ORIENTED_EDGE('',*,*,#2589,.F.);
#8547=ORIENTED_EDGE('',*,*,#1377,.F.);
#8548=CARTESIAN_POINT('',(-20.800000000000011,-3.200000000000001,0.0));
#8549=VERTEX_POINT('',#8548);
#8550=CARTESIAN_POINT('',(-20.800000000000011,-3.200000000000001,0.0));
#8551=DIRECTION('',(0.0,0.0,-1.0));
#8552=VECTOR('',#8551,3.8);
#8553=LINE('',#8550,#8552);
#8554=EDGE_CURVE('',#8549,#1364,#8553,.T.);
#8555=ORIENTED_EDGE('',*,*,#8554,.F.);
#8556=CARTESIAN_POINT('',(-20.000000000000007,-3.200000000000001,0.0));
#8557=DIRECTION('',(-1.0,0.0,0.0));
#8558=VECTOR('',#8557,0.800000000000004);
#8559=LINE('',#8556,#8558);
#8560=EDGE_CURVE('',#2673,#8549,#8559,.T.);
#8561=ORIENTED_EDGE('',*,*,#8560,.F.);
#8562=ORIENTED_EDGE('',*,*,#2678,.F.);
#8563=EDGE_LOOP('',(#8546,#8547,#8555,#8561,#8562));
#8564=FACE_OUTER_BOUND('',#8563,.T.);
#8565=ADVANCED_FACE('',(#8564),#8545,.F.);
#8566=CARTESIAN_POINT('',(-20.400000000000009,-8.0,0.0));
#8567=DIRECTION('',(1.0,0.0,0.0));
#8568=DIRECTION('',(0.0,1.0,0.0));
#8569=AXIS2_PLACEMENT_3D('',#8566,#8567,#8568);
#8570=CYLINDRICAL_SURFACE('',#8569,3.200000000000001);
#8571=ORIENTED_EDGE('',*,*,#8410,.T.);
#8572=CARTESIAN_POINT('',(-20.800000000000011,-8.0,0.0));
#8573=DIRECTION('',(1.0,0.0,0.0));
#8574=DIRECTION('',(0.0,1.0,0.0));
#8575=AXIS2_PLACEMENT_3D('',#8572,#8573,#8574);
#8576=CIRCLE('',#8575,3.200000000000001);
#8577=EDGE_CURVE('',#2625,#8399,#8576,.T.);
#8578=ORIENTED_EDGE('',*,*,#8577,.F.);
#8579=ORIENTED_EDGE('',*,*,#2630,.F.);
#8580=ORIENTED_EDGE('',*,*,#2668,.F.);
#8581=EDGE_LOOP('',(#8571,#8578,#8579,#8580));
#8582=FACE_OUTER_BOUND('',#8581,.T.);
#8583=ADVANCED_FACE('',(#8582),#8570,.F.);
#8584=CARTESIAN_POINT('',(20.800000000000001,8.0,0.0));
#8585=DIRECTION('',(-1.0,0.0,0.0));
#8586=DIRECTION('',(0.0,-1.0,0.0));
#8587=AXIS2_PLACEMENT_3D('',#8584,#8585,#8586);
#8588=PLANE('',#8587);
#8589=CARTESIAN_POINT('',(20.800000000000001,8.0,0.0));
#8590=DIRECTION('',(-1.0,0.0,0.0));
#8591=DIRECTION('',(0.0,-1.0,0.0));
#8592=AXIS2_PLACEMENT_3D('',#8589,#8590,#8591);
#8593=CIRCLE('',#8592,3.200000000000001);
#8594=EDGE_CURVE('',#2151,#8449,#8593,.T.);
#8595=ORIENTED_EDGE('',*,*,#8594,.T.);
#8596=ORIENTED_EDGE('',*,*,#8454,.T.);
#8597=ORIENTED_EDGE('',*,*,#400,.F.);
#8598=ORIENTED_EDGE('',*,*,#2162,.T.);
#8599=EDGE_LOOP('',(#8595,#8596,#8597,#8598));
#8600=FACE_OUTER_BOUND('',#8599,.T.);
#8601=CARTESIAN_POINT('',(20.800000000000001,5.600000000000001,3.863893E-034));
#8602=VERTEX_POINT('',#8601);
#8603=CARTESIAN_POINT('',(20.800000000000001,8.0,0.0));
#8604=DIRECTION('',(-1.0,0.0,0.0));
#8605=DIRECTION('',(0.0,-1.0,0.0));
#8606=AXIS2_PLACEMENT_3D('',#8603,#8604,#8605);
#8607=CIRCLE('',#8606,2.4);
#8608=EDGE_CURVE('',#8602,#8602,#8607,.T.);
#8609=ORIENTED_EDGE('',*,*,#8608,.F.);
#8610=EDGE_LOOP('',(#8609));
#8611=FACE_BOUND('',#8610,.T.);
#8612=ADVANCED_FACE('',(#8600,#8611),#8588,.T.);
#8613=CARTESIAN_POINT('',(-20.400000000000009,8.0,0.0));
#8614=DIRECTION('',(1.0,0.0,0.0));
#8615=DIRECTION('',(0.0,1.0,0.0));
#8616=AXIS2_PLACEMENT_3D('',#8613,#8614,#8615);
#8617=CYLINDRICAL_SURFACE('',#8616,3.200000000000001);
#8618=ORIENTED_EDGE('',*,*,#2790,.T.);
#8619=CARTESIAN_POINT('',(-20.800000000000011,8.0,0.0));
#8620=DIRECTION('',(1.0,0.0,0.0));
#8621=DIRECTION('',(0.0,1.0,0.0));
#8622=AXIS2_PLACEMENT_3D('',#8619,#8620,#8621);
#8623=CIRCLE('',#8622,3.200000000000001);
#8624=EDGE_CURVE('',#8424,#2779,#8623,.T.);
#8625=ORIENTED_EDGE('',*,*,#8624,.F.);
#8626=ORIENTED_EDGE('',*,*,#8429,.F.);
#8627=ORIENTED_EDGE('',*,*,#2720,.F.);
#8628=EDGE_LOOP('',(#8618,#8625,#8626,#8627));
#8629=FACE_OUTER_BOUND('',#8628,.T.);
#8630=ADVANCED_FACE('',(#8629),#8617,.F.);
#8631=CARTESIAN_POINT('',(27.199999999999996,-8.0,0.0));
#8632=DIRECTION('',(1.0,0.0,0.0));
#8633=DIRECTION('',(0.0,1.0,0.0));
#8634=AXIS2_PLACEMENT_3D('',#8631,#8632,#8633);
#8635=PLANE('',#8634);
#8636=CARTESIAN_POINT('',(27.199999999999996,-4.8,0.0));
#8637=VERTEX_POINT('',#8636);
#8638=CARTESIAN_POINT('',(27.199999999999996,-8.0,0.0));
#8639=DIRECTION('',(1.0,0.0,0.0));
#8640=DIRECTION('',(0.0,1.0,0.0));
#8641=AXIS2_PLACEMENT_3D('',#8638,#8639,#8640);
#8642=CIRCLE('',#8641,3.200000000000001);
#8643=EDGE_CURVE('',#8637,#8637,#8642,.T.);
#8644=ORIENTED_EDGE('',*,*,#8643,.T.);
#8645=EDGE_LOOP('',(#8644));
#8646=FACE_OUTER_BOUND('',#8645,.T.);
#8647=CARTESIAN_POINT('',(27.199999999999996,-10.4,-2.939152E-016));
#8648=VERTEX_POINT('',#8647);
#8649=CARTESIAN_POINT('',(27.199999999999996,-8.0,0.0));
#8650=DIRECTION('',(1.0,0.0,0.0));
#8651=DIRECTION('',(0.0,-1.0,0.0));
#8652=AXIS2_PLACEMENT_3D('',#8649,#8650,#8651);
#8653=CIRCLE('',#8652,2.4);
#8654=EDGE_CURVE('',#8648,#8648,#8653,.T.);
#8655=ORIENTED_EDGE('',*,*,#8654,.F.);
#8656=EDGE_LOOP('',(#8655));
#8657=FACE_BOUND('',#8656,.T.);
#8658=ADVANCED_FACE('',(#8646,#8657),#8635,.T.);
#8659=CARTESIAN_POINT('',(27.599999999999998,-8.0,0.0));
#8660=DIRECTION('',(1.0,0.0,0.0));
#8661=DIRECTION('',(0.0,1.0,0.0));
#8662=AXIS2_PLACEMENT_3D('',#8659,#8660,#8661);
#8663=CYLINDRICAL_SURFACE('',#8662,3.200000000000001);
#8664=ORIENTED_EDGE('',*,*,#5515,.F.);
#8665=EDGE_LOOP('',(#8664));
#8666=FACE_OUTER_BOUND('',#8665,.T.);
#8667=ORIENTED_EDGE('',*,*,#8643,.F.);
#8668=EDGE_LOOP('',(#8667));
#8669=FACE_BOUND('',#8668,.T.);
#8670=ADVANCED_FACE('',(#8666,#8669),#8663,.F.);
#8671=CARTESIAN_POINT('',(20.399999999999999,-8.0,0.0));
#8672=DIRECTION('',(-1.0,0.0,0.0));
#8673=DIRECTION('',(0.0,-1.0,0.0));
#8674=AXIS2_PLACEMENT_3D('',#8671,#8672,#8673);
#8675=CYLINDRICAL_SURFACE('',#8674,3.200000000000001);
#8676=ORIENTED_EDGE('',*,*,#7775,.F.);
#8677=ORIENTED_EDGE('',*,*,#2239,.F.);
#8678=ORIENTED_EDGE('',*,*,#2325,.T.);
#8679=ORIENTED_EDGE('',*,*,#7746,.F.);
#8680=EDGE_LOOP('',(#8676,#8677,#8678,#8679));
#8681=FACE_OUTER_BOUND('',#8680,.T.);
#8682=ADVANCED_FACE('',(#8681),#8675,.F.);
#8683=CARTESIAN_POINT('',(27.199999999999996,0.0,0.0));
#8684=DIRECTION('',(1.0,0.0,0.0));
#8685=DIRECTION('',(0.0,1.0,0.0));
#8686=AXIS2_PLACEMENT_3D('',#8683,#8684,#8685);
#8687=PLANE('',#8686);
#8688=CARTESIAN_POINT('',(27.199999999999996,3.200000000000001,0.0));
#8689=VERTEX_POINT('',#8688);
#8690=CARTESIAN_POINT('',(27.199999999999996,0.0,0.0));
#8691=DIRECTION('',(1.0,0.0,0.0));
#8692=DIRECTION('',(0.0,1.0,0.0));
#8693=AXIS2_PLACEMENT_3D('',#8690,#8691,#8692);
#8694=CIRCLE('',#8693,3.200000000000001);
#8695=EDGE_CURVE('',#8689,#8689,#8694,.T.);
#8696=ORIENTED_EDGE('',*,*,#8695,.T.);
#8697=EDGE_LOOP('',(#8696));
#8698=FACE_OUTER_BOUND('',#8697,.T.);
#8699=CARTESIAN_POINT('',(27.199999999999996,-2.4,-2.939152E-016));
#8700=VERTEX_POINT('',#8699);
#8701=CARTESIAN_POINT('',(27.199999999999996,0.0,0.0));
#8702=DIRECTION('',(1.0,0.0,0.0));
#8703=DIRECTION('',(0.0,-1.0,0.0));
#8704=AXIS2_PLACEMENT_3D('',#8701,#8702,#8703);
#8705=CIRCLE('',#8704,2.4);
#8706=EDGE_CURVE('',#8700,#8700,#8705,.T.);
#8707=ORIENTED_EDGE('',*,*,#8706,.F.);
#8708=EDGE_LOOP('',(#8707));
#8709=FACE_BOUND('',#8708,.T.);
#8710=ADVANCED_FACE('',(#8698,#8709),#8687,.T.);
#8711=CARTESIAN_POINT('',(27.599999999999998,0.0,0.0));
#8712=DIRECTION('',(1.0,0.0,0.0));
#8713=DIRECTION('',(0.0,1.0,0.0));
#8714=AXIS2_PLACEMENT_3D('',#8711,#8712,#8713);
#8715=CYLINDRICAL_SURFACE('',#8714,3.200000000000001);
#8716=ORIENTED_EDGE('',*,*,#5504,.F.);
#8717=EDGE_LOOP('',(#8716));
#8718=FACE_OUTER_BOUND('',#8717,.T.);
#8719=ORIENTED_EDGE('',*,*,#8695,.F.);
#8720=EDGE_LOOP('',(#8719));
#8721=FACE_BOUND('',#8720,.T.);
#8722=ADVANCED_FACE('',(#8718,#8721),#8715,.F.);
#8723=CARTESIAN_POINT('',(20.800000000000001,0.0,0.0));
#8724=DIRECTION('',(-1.0,0.0,0.0));
#8725=DIRECTION('',(0.0,-1.0,0.0));
#8726=AXIS2_PLACEMENT_3D('',#8723,#8724,#8725);
#8727=PLANE('',#8726);
#8728=CARTESIAN_POINT('',(20.800000000000001,0.0,0.0));
#8729=DIRECTION('',(-1.0,0.0,0.0));
#8730=DIRECTION('',(0.0,-1.0,0.0));
#8731=AXIS2_PLACEMENT_3D('',#8728,#8729,#8730);
#8732=CIRCLE('',#8731,3.200000000000001);
#8733=EDGE_CURVE('',#8524,#8474,#8732,.T.);
#8734=ORIENTED_EDGE('',*,*,#8733,.T.);
#8735=ORIENTED_EDGE('',*,*,#8479,.T.);
#8736=ORIENTED_EDGE('',*,*,#368,.F.);
#8737=ORIENTED_EDGE('',*,*,#8535,.T.);
#8738=EDGE_LOOP('',(#8734,#8735,#8736,#8737));
#8739=FACE_OUTER_BOUND('',#8738,.T.);
#8740=CARTESIAN_POINT('',(20.800000000000001,2.4,-2.939152E-016));
#8741=VERTEX_POINT('',#8740);
#8742=CARTESIAN_POINT('',(20.800000000000001,0.0,0.0));
#8743=DIRECTION('',(-1.0,0.0,0.0));
#8744=DIRECTION('',(0.0,-1.0,0.0));
#8745=AXIS2_PLACEMENT_3D('',#8742,#8743,#8744);
#8746=CIRCLE('',#8745,2.4);
#8747=EDGE_CURVE('',#8741,#8741,#8746,.T.);
#8748=ORIENTED_EDGE('',*,*,#8747,.F.);
#8749=EDGE_LOOP('',(#8748));
#8750=FACE_BOUND('',#8749,.T.);
#8751=ADVANCED_FACE('',(#8739,#8750),#8727,.T.);
#8752=CARTESIAN_POINT('',(20.399999999999999,0.0,0.0));
#8753=DIRECTION('',(-1.0,0.0,0.0));
#8754=DIRECTION('',(0.0,-1.0,0.0));
#8755=AXIS2_PLACEMENT_3D('',#8752,#8753,#8754);
#8756=CYLINDRICAL_SURFACE('',#8755,3.200000000000001);
#8757=ORIENTED_EDGE('',*,*,#8485,.T.);
#8758=ORIENTED_EDGE('',*,*,#8733,.F.);
#8759=ORIENTED_EDGE('',*,*,#8529,.T.);
#8760=ORIENTED_EDGE('',*,*,#2206,.F.);
#8761=EDGE_LOOP('',(#8757,#8758,#8759,#8760));
#8762=FACE_OUTER_BOUND('',#8761,.T.);
#8763=ADVANCED_FACE('',(#8762),#8756,.F.);
#8764=CARTESIAN_POINT('',(27.199999999999996,8.0,0.0));
#8765=DIRECTION('',(1.0,0.0,0.0));
#8766=DIRECTION('',(0.0,1.0,0.0));
#8767=AXIS2_PLACEMENT_3D('',#8764,#8765,#8766);
#8768=PLANE('',#8767);
#8769=CARTESIAN_POINT('',(27.199999999999996,11.200000000000001,0.0));
#8770=VERTEX_POINT('',#8769);
#8771=CARTESIAN_POINT('',(27.199999999999996,8.0,0.0));
#8772=DIRECTION('',(1.0,0.0,0.0));
#8773=DIRECTION('',(0.0,1.0,0.0));
#8774=AXIS2_PLACEMENT_3D('',#8771,#8772,#8773);
#8775=CIRCLE('',#8774,3.200000000000001);
#8776=EDGE_CURVE('',#8770,#8770,#8775,.T.);
#8777=ORIENTED_EDGE('',*,*,#8776,.T.);
#8778=EDGE_LOOP('',(#8777));
#8779=FACE_OUTER_BOUND('',#8778,.T.);
#8780=CARTESIAN_POINT('',(27.199999999999996,5.600000000000001,-2.939152E-016));
#8781=VERTEX_POINT('',#8780);
#8782=CARTESIAN_POINT('',(27.199999999999996,8.0,0.0));
#8783=DIRECTION('',(1.0,0.0,0.0));
#8784=DIRECTION('',(0.0,-1.0,0.0));
#8785=AXIS2_PLACEMENT_3D('',#8782,#8783,#8784);
#8786=CIRCLE('',#8785,2.4);
#8787=EDGE_CURVE('',#8781,#8781,#8786,.T.);
#8788=ORIENTED_EDGE('',*,*,#8787,.F.);
#8789=EDGE_LOOP('',(#8788));
#8790=FACE_BOUND('',#8789,.T.);
#8791=ADVANCED_FACE('',(#8779,#8790),#8768,.T.);
#8792=CARTESIAN_POINT('',(27.599999999999998,8.0,0.0));
#8793=DIRECTION('',(1.0,0.0,0.0));
#8794=DIRECTION('',(0.0,1.0,0.0));
#8795=AXIS2_PLACEMENT_3D('',#8792,#8793,#8794);
#8796=CYLINDRICAL_SURFACE('',#8795,3.200000000000001);
#8797=ORIENTED_EDGE('',*,*,#5493,.F.);
#8798=EDGE_LOOP('',(#8797));
#8799=FACE_OUTER_BOUND('',#8798,.T.);
#8800=ORIENTED_EDGE('',*,*,#8776,.F.);
#8801=EDGE_LOOP('',(#8800));
#8802=FACE_BOUND('',#8801,.T.);
#8803=ADVANCED_FACE('',(#8799,#8802),#8796,.F.);
#8804=CARTESIAN_POINT('',(20.399999999999999,8.0,0.0));
#8805=DIRECTION('',(-1.0,0.0,0.0));
#8806=DIRECTION('',(0.0,-1.0,0.0));
#8807=AXIS2_PLACEMENT_3D('',#8804,#8805,#8806);
#8808=CYLINDRICAL_SURFACE('',#8807,3.200000000000001);
#8809=ORIENTED_EDGE('',*,*,#2156,.F.);
#8810=ORIENTED_EDGE('',*,*,#2187,.F.);
#8811=ORIENTED_EDGE('',*,*,#8460,.T.);
#8812=ORIENTED_EDGE('',*,*,#8594,.F.);
#8813=EDGE_LOOP('',(#8809,#8810,#8811,#8812));
#8814=FACE_OUTER_BOUND('',#8813,.T.);
#8815=ADVANCED_FACE('',(#8814),#8808,.F.);
#8816=CARTESIAN_POINT('',(-20.800000000000011,-8.0,0.0));
#8817=DIRECTION('',(1.0,0.0,0.0));
#8818=DIRECTION('',(0.0,1.0,0.0));
#8819=AXIS2_PLACEMENT_3D('',#8816,#8817,#8818);
#8820=PLANE('',#8819);
#8821=ORIENTED_EDGE('',*,*,#8404,.T.);
#8822=ORIENTED_EDGE('',*,*,#1401,.F.);
#8823=ORIENTED_EDGE('',*,*,#2636,.T.);
#8824=ORIENTED_EDGE('',*,*,#8577,.T.);
#8825=EDGE_LOOP('',(#8821,#8822,#8823,#8824));
#8826=FACE_OUTER_BOUND('',#8825,.T.);
#8827=CARTESIAN_POINT('',(-20.800000000000011,-10.4,-2.939152E-016));
#8828=VERTEX_POINT('',#8827);
#8829=CARTESIAN_POINT('',(-20.800000000000011,-8.0,0.0));
#8830=DIRECTION('',(1.0,0.0,0.0));
#8831=DIRECTION('',(0.0,1.0,0.0));
#8832=AXIS2_PLACEMENT_3D('',#8829,#8830,#8831);
#8833=CIRCLE('',#8832,2.4);
#8834=EDGE_CURVE('',#8828,#8828,#8833,.T.);
#8835=ORIENTED_EDGE('',*,*,#8834,.F.);
#8836=EDGE_LOOP('',(#8835));
#8837=FACE_BOUND('',#8836,.T.);
#8838=ADVANCED_FACE('',(#8826,#8837),#8820,.T.);
#8839=CARTESIAN_POINT('',(-27.200000000000006,-8.0,0.0));
#8840=DIRECTION('',(-1.0,0.0,0.0));
#8841=DIRECTION('',(0.0,-1.0,0.0));
#8842=AXIS2_PLACEMENT_3D('',#8839,#8840,#8841);
#8843=PLANE('',#8842);
#8844=CARTESIAN_POINT('',(-27.200000000000006,-11.200000000000001,0.0));
#8845=VERTEX_POINT('',#8844);
#8846=CARTESIAN_POINT('',(-27.200000000000006,-8.0,0.0));
#8847=DIRECTION('',(-1.0,0.0,0.0));
#8848=DIRECTION('',(0.0,-1.0,0.0));
#8849=AXIS2_PLACEMENT_3D('',#8846,#8847,#8848);
#8850=CIRCLE('',#8849,3.200000000000001);
#8851=EDGE_CURVE('',#8845,#8845,#8850,.T.);
#8852=ORIENTED_EDGE('',*,*,#8851,.T.);
#8853=EDGE_LOOP('',(#8852));
#8854=FACE_OUTER_BOUND('',#8853,.T.);
#8855=CARTESIAN_POINT('',(-27.200000000000006,-5.600000000000001,-2.939152E-016));
#8856=VERTEX_POINT('',#8855);
#8857=CARTESIAN_POINT('',(-27.200000000000006,-8.0,0.0));
#8858=DIRECTION('',(-1.0,0.0,0.0));
#8859=DIRECTION('',(0.0,-1.0,0.0));
#8860=AXIS2_PLACEMENT_3D('',#8857,#8858,#8859);
#8861=CIRCLE('',#8860,2.4);
#8862=EDGE_CURVE('',#8856,#8856,#8861,.T.);
#8863=ORIENTED_EDGE('',*,*,#8862,.F.);
#8864=EDGE_LOOP('',(#8863));
#8865=FACE_BOUND('',#8864,.T.);
#8866=ADVANCED_FACE('',(#8854,#8865),#8843,.T.);
#8867=CARTESIAN_POINT('',(-27.600000000000009,-8.0,0.0));
#8868=DIRECTION('',(-1.0,0.0,0.0));
#8869=DIRECTION('',(0.0,-1.0,0.0));
#8870=AXIS2_PLACEMENT_3D('',#8867,#8868,#8869);
#8871=CYLINDRICAL_SURFACE('',#8870,3.200000000000001);
#8872=ORIENTED_EDGE('',*,*,#7120,.F.);
#8873=EDGE_LOOP('',(#8872));
#8874=FACE_OUTER_BOUND('',#8873,.T.);
#8875=ORIENTED_EDGE('',*,*,#8851,.F.);
#8876=EDGE_LOOP('',(#8875));
#8877=FACE_BOUND('',#8876,.T.);
#8878=ADVANCED_FACE('',(#8874,#8877),#8871,.F.);
#8879=CARTESIAN_POINT('',(-20.800000000000011,0.0,0.0));
#8880=DIRECTION('',(1.0,0.0,0.0));
#8881=DIRECTION('',(0.0,1.0,0.0));
#8882=AXIS2_PLACEMENT_3D('',#8879,#8880,#8881);
#8883=PLANE('',#8882);
#8884=CARTESIAN_POINT('',(-20.800000000000011,0.0,0.0));
#8885=DIRECTION('',(1.0,0.0,0.0));
#8886=DIRECTION('',(0.0,1.0,0.0));
#8887=AXIS2_PLACEMENT_3D('',#8884,#8885,#8886);
#8888=CIRCLE('',#8887,3.200000000000001);
#8889=EDGE_CURVE('',#8499,#8549,#8888,.T.);
#8890=ORIENTED_EDGE('',*,*,#8889,.T.);
#8891=ORIENTED_EDGE('',*,*,#8554,.T.);
#8892=ORIENTED_EDGE('',*,*,#1369,.F.);
#8893=ORIENTED_EDGE('',*,*,#8510,.T.);
#8894=EDGE_LOOP('',(#8890,#8891,#8892,#8893));
#8895=FACE_OUTER_BOUND('',#8894,.T.);
#8896=CARTESIAN_POINT('',(-20.800000000000011,-2.4,-2.939152E-016));
#8897=VERTEX_POINT('',#8896);
#8898=CARTESIAN_POINT('',(-20.800000000000011,0.0,0.0));
#8899=DIRECTION('',(1.0,0.0,0.0));
#8900=DIRECTION('',(0.0,1.0,0.0));
#8901=AXIS2_PLACEMENT_3D('',#8898,#8899,#8900);
#8902=CIRCLE('',#8901,2.4);
#8903=EDGE_CURVE('',#8897,#8897,#8902,.T.);
#8904=ORIENTED_EDGE('',*,*,#8903,.F.);
#8905=EDGE_LOOP('',(#8904));
#8906=FACE_BOUND('',#8905,.T.);
#8907=ADVANCED_FACE('',(#8895,#8906),#8883,.T.);
#8908=CARTESIAN_POINT('',(-20.400000000000009,0.0,0.0));
#8909=DIRECTION('',(1.0,0.0,0.0));
#8910=DIRECTION('',(0.0,1.0,0.0));
#8911=AXIS2_PLACEMENT_3D('',#8908,#8909,#8910);
#8912=CYLINDRICAL_SURFACE('',#8911,3.200000000000001);
#8913=ORIENTED_EDGE('',*,*,#8560,.T.);
#8914=ORIENTED_EDGE('',*,*,#8889,.F.);
#8915=ORIENTED_EDGE('',*,*,#8504,.T.);
#8916=ORIENTED_EDGE('',*,*,#2687,.F.);
#8917=EDGE_LOOP('',(#8913,#8914,#8915,#8916));
#8918=FACE_OUTER_BOUND('',#8917,.T.);
#8919=ADVANCED_FACE('',(#8918),#8912,.F.);
#8920=CARTESIAN_POINT('',(-27.200000000000006,0.0,0.0));
#8921=DIRECTION('',(-1.0,0.0,0.0));
#8922=DIRECTION('',(0.0,-1.0,0.0));
#8923=AXIS2_PLACEMENT_3D('',#8920,#8921,#8922);
#8924=PLANE('',#8923);
#8925=CARTESIAN_POINT('',(-27.200000000000006,-3.200000000000001,0.0));
#8926=VERTEX_POINT('',#8925);
#8927=CARTESIAN_POINT('',(-27.200000000000006,0.0,0.0));
#8928=DIRECTION('',(-1.0,0.0,0.0));
#8929=DIRECTION('',(0.0,-1.0,0.0));
#8930=AXIS2_PLACEMENT_3D('',#8927,#8928,#8929);
#8931=CIRCLE('',#8930,3.200000000000001);
#8932=EDGE_CURVE('',#8926,#8926,#8931,.T.);
#8933=ORIENTED_EDGE('',*,*,#8932,.T.);
#8934=EDGE_LOOP('',(#8933));
#8935=FACE_OUTER_BOUND('',#8934,.T.);
#8936=CARTESIAN_POINT('',(-27.200000000000006,2.4,-2.939152E-016));
#8937=VERTEX_POINT('',#8936);
#8938=CARTESIAN_POINT('',(-27.200000000000006,0.0,0.0));
#8939=DIRECTION('',(-1.0,0.0,0.0));
#8940=DIRECTION('',(0.0,-1.0,0.0));
#8941=AXIS2_PLACEMENT_3D('',#8938,#8939,#8940);
#8942=CIRCLE('',#8941,2.4);
#8943=EDGE_CURVE('',#8937,#8937,#8942,.T.);
#8944=ORIENTED_EDGE('',*,*,#8943,.F.);
#8945=EDGE_LOOP('',(#8944));
#8946=FACE_BOUND('',#8945,.T.);
#8947=ADVANCED_FACE('',(#8935,#8946),#8924,.T.);
#8948=CARTESIAN_POINT('',(-27.600000000000009,0.0,0.0));
#8949=DIRECTION('',(-1.0,0.0,0.0));
#8950=DIRECTION('',(0.0,-1.0,0.0));
#8951=AXIS2_PLACEMENT_3D('',#8948,#8949,#8950);
#8952=CYLINDRICAL_SURFACE('',#8951,3.200000000000001);
#8953=ORIENTED_EDGE('',*,*,#7131,.F.);
#8954=EDGE_LOOP('',(#8953));
#8955=FACE_OUTER_BOUND('',#8954,.T.);
#8956=ORIENTED_EDGE('',*,*,#8932,.F.);
#8957=EDGE_LOOP('',(#8956));
#8958=FACE_BOUND('',#8957,.T.);
#8959=ADVANCED_FACE('',(#8955,#8958),#8952,.F.);
#8960=CARTESIAN_POINT('',(16.0,19.200000000000003,0.0));
#8961=DIRECTION('',(0.0,1.0,0.0));
#8962=DIRECTION('',(-1.0,0.0,0.0));
#8963=AXIS2_PLACEMENT_3D('',#8960,#8961,#8962);
#8964=PLANE('',#8963);
#8965=CARTESIAN_POINT('',(12.800000000000001,19.200000000000003,0.0));
#8966=VERTEX_POINT('',#8965);
#8967=CARTESIAN_POINT('',(16.0,19.200000000000003,0.0));
#8968=DIRECTION('',(0.0,1.0,0.0));
#8969=DIRECTION('',(-1.0,0.0,0.0));
#8970=AXIS2_PLACEMENT_3D('',#8967,#8968,#8969);
#8971=CIRCLE('',#8970,3.200000000000001);
#8972=EDGE_CURVE('',#8966,#8966,#8971,.T.);
#8973=ORIENTED_EDGE('',*,*,#8972,.T.);
#8974=EDGE_LOOP('',(#8973));
#8975=FACE_OUTER_BOUND('',#8974,.T.);
#8976=CARTESIAN_POINT('',(18.400000000000002,19.200000000000003,-2.939152E-016));
#8977=VERTEX_POINT('',#8976);
#8978=CARTESIAN_POINT('',(16.0,19.200000000000003,0.0));
#8979=DIRECTION('',(0.0,1.0,0.0));
#8980=DIRECTION('',(1.0,0.0,0.0));
#8981=AXIS2_PLACEMENT_3D('',#8978,#8979,#8980);
#8982=CIRCLE('',#8981,2.4);
#8983=EDGE_CURVE('',#8977,#8977,#8982,.T.);
#8984=ORIENTED_EDGE('',*,*,#8983,.F.);
#8985=EDGE_LOOP('',(#8984));
#8986=FACE_BOUND('',#8985,.T.);
#8987=ADVANCED_FACE('',(#8975,#8986),#8964,.T.);
#8988=CARTESIAN_POINT('',(16.0,19.600000000000001,0.0));
#8989=DIRECTION('',(9.251859E-017,1.0,0.0));
#8990=DIRECTION('',(-1.0,0.0,0.0));
#8991=AXIS2_PLACEMENT_3D('',#8988,#8989,#8990);
#8992=CYLINDRICAL_SURFACE('',#8991,3.200000000000001);
#8993=ORIENTED_EDGE('',*,*,#1949,.F.);
#8994=EDGE_LOOP('',(#8993));
#8995=FACE_OUTER_BOUND('',#8994,.T.);
#8996=ORIENTED_EDGE('',*,*,#8972,.F.);
#8997=EDGE_LOOP('',(#8996));
#8998=FACE_BOUND('',#8997,.T.);
#8999=ADVANCED_FACE('',(#8995,#8998),#8992,.F.);
#9000=CARTESIAN_POINT('',(16.0,12.799999999999997,0.0));
#9001=DIRECTION('',(0.0,-1.0,0.0));
#9002=DIRECTION('',(1.0,0.0,0.0));
#9003=AXIS2_PLACEMENT_3D('',#9000,#9001,#9002);
#9004=PLANE('',#9003);
#9005=ORIENTED_EDGE('',*,*,#8308,.T.);
#9006=ORIENTED_EDGE('',*,*,#8196,.T.);
#9007=CARTESIAN_POINT('',(19.199999999999999,12.800000000000001,-4.0));
#9008=DIRECTION('',(-1.0,0.0,0.0));
#9009=VECTOR('',#9008,6.399999999999999);
#9010=LINE('',#9007,#9009);
#9011=EDGE_CURVE('',#8224,#8183,#9010,.T.);
#9012=ORIENTED_EDGE('',*,*,#9011,.F.);
#9013=ORIENTED_EDGE('',*,*,#8229,.T.);
#9014=EDGE_LOOP('',(#9005,#9006,#9012,#9013));
#9015=FACE_OUTER_BOUND('',#9014,.T.);
#9016=CARTESIAN_POINT('',(13.600000000000001,12.799999999999997,-2.939152E-016));
#9017=VERTEX_POINT('',#9016);
#9018=CARTESIAN_POINT('',(16.0,12.799999999999997,0.0));
#9019=DIRECTION('',(0.0,-1.0,0.0));
#9020=DIRECTION('',(1.0,0.0,0.0));
#9021=AXIS2_PLACEMENT_3D('',#9018,#9019,#9020);
#9022=CIRCLE('',#9021,2.4);
#9023=EDGE_CURVE('',#9017,#9017,#9022,.T.);
#9024=ORIENTED_EDGE('',*,*,#9023,.F.);
#9025=EDGE_LOOP('',(#9024));
#9026=FACE_BOUND('',#9025,.T.);
#9027=ADVANCED_FACE('',(#9015,#9026),#9004,.T.);
#9028=CARTESIAN_POINT('',(0.0,19.200000000000003,0.0));
#9029=DIRECTION('',(0.0,1.0,0.0));
#9030=DIRECTION('',(-1.0,0.0,0.0));
#9031=AXIS2_PLACEMENT_3D('',#9028,#9029,#9030);
#9032=PLANE('',#9031);
#9033=CARTESIAN_POINT('',(-3.200000000000001,19.200000000000003,0.0));
#9034=VERTEX_POINT('',#9033);
#9035=CARTESIAN_POINT('',(0.0,19.200000000000003,0.0));
#9036=DIRECTION('',(0.0,1.0,0.0));
#9037=DIRECTION('',(-1.0,0.0,0.0));
#9038=AXIS2_PLACEMENT_3D('',#9035,#9036,#9037);
#9039=CIRCLE('',#9038,3.200000000000001);
#9040=EDGE_CURVE('',#9034,#9034,#9039,.T.);
#9041=ORIENTED_EDGE('',*,*,#9040,.T.);
#9042=EDGE_LOOP('',(#9041));
#9043=FACE_OUTER_BOUND('',#9042,.T.);
#9044=CARTESIAN_POINT('',(2.4,19.200000000000003,-2.939152E-016));
#9045=VERTEX_POINT('',#9044);
#9046=CARTESIAN_POINT('',(0.0,19.200000000000003,0.0));
#9047=DIRECTION('',(0.0,1.0,0.0));
#9048=DIRECTION('',(1.0,0.0,0.0));
#9049=AXIS2_PLACEMENT_3D('',#9046,#9047,#9048);
#9050=CIRCLE('',#9049,2.4);
#9051=EDGE_CURVE('',#9045,#9045,#9050,.T.);
#9052=ORIENTED_EDGE('',*,*,#9051,.F.);
#9053=EDGE_LOOP('',(#9052));
#9054=FACE_BOUND('',#9053,.T.);
#9055=ADVANCED_FACE('',(#9043,#9054),#9032,.T.);
#9056=CARTESIAN_POINT('',(0.0,19.600000000000001,0.0));
#9057=DIRECTION('',(9.251859E-017,1.0,0.0));
#9058=DIRECTION('',(-1.0,0.0,0.0));
#9059=AXIS2_PLACEMENT_3D('',#9056,#9057,#9058);
#9060=CYLINDRICAL_SURFACE('',#9059,3.200000000000001);
#9061=ORIENTED_EDGE('',*,*,#1938,.F.);
#9062=EDGE_LOOP('',(#9061));
#9063=FACE_OUTER_BOUND('',#9062,.T.);
#9064=ORIENTED_EDGE('',*,*,#9040,.F.);
#9065=EDGE_LOOP('',(#9064));
#9066=FACE_BOUND('',#9065,.T.);
#9067=ADVANCED_FACE('',(#9063,#9066),#9060,.F.);
#9068=CARTESIAN_POINT('',(0.0,12.799999999999997,0.0));
#9069=DIRECTION('',(0.0,-1.0,0.0));
#9070=DIRECTION('',(1.0,0.0,0.0));
#9071=AXIS2_PLACEMENT_3D('',#9068,#9069,#9070);
#9072=PLANE('',#9071);
#9073=CARTESIAN_POINT('',(0.0,12.799999999999997,0.0));
#9074=DIRECTION('',(0.0,-1.0,0.0));
#9075=DIRECTION('',(1.0,0.0,0.0));
#9076=AXIS2_PLACEMENT_3D('',#9073,#9074,#9075);
#9077=CIRCLE('',#9076,3.200000000000001);
#9078=EDGE_CURVE('',#3133,#8280,#9077,.T.);
#9079=ORIENTED_EDGE('',*,*,#9078,.T.);
#9080=ORIENTED_EDGE('',*,*,#8285,.T.);
#9081=CARTESIAN_POINT('',(3.200000000000001,12.800000000000001,-4.0));
#9082=DIRECTION('',(-1.0,0.0,0.0));
#9083=VECTOR('',#9082,6.4);
#9084=LINE('',#9081,#9083);
#9085=EDGE_CURVE('',#3141,#8272,#9084,.T.);
#9086=ORIENTED_EDGE('',*,*,#9085,.F.);
#9087=ORIENTED_EDGE('',*,*,#3146,.T.);
#9088=EDGE_LOOP('',(#9079,#9080,#9086,#9087));
#9089=FACE_OUTER_BOUND('',#9088,.T.);
#9090=CARTESIAN_POINT('',(-2.4,12.799999999999997,-2.939152E-016));
#9091=VERTEX_POINT('',#9090);
#9092=CARTESIAN_POINT('',(0.0,12.799999999999997,0.0));
#9093=DIRECTION('',(0.0,-1.0,0.0));
#9094=DIRECTION('',(1.0,0.0,0.0));
#9095=AXIS2_PLACEMENT_3D('',#9092,#9093,#9094);
#9096=CIRCLE('',#9095,2.4);
#9097=EDGE_CURVE('',#9091,#9091,#9096,.T.);
#9098=ORIENTED_EDGE('',*,*,#9097,.F.);
#9099=EDGE_LOOP('',(#9098));
#9100=FACE_BOUND('',#9099,.T.);
#9101=ADVANCED_FACE('',(#9089,#9100),#9072,.T.);
#9102=CARTESIAN_POINT('',(0.0,12.399999999999999,0.0));
#9103=DIRECTION('',(9.251859E-017,-1.0,0.0));
#9104=DIRECTION('',(1.0,0.0,0.0));
#9105=AXIS2_PLACEMENT_3D('',#9102,#9103,#9104);
#9106=CYLINDRICAL_SURFACE('',#9105,3.200000000000001);
#9107=ORIENTED_EDGE('',*,*,#8291,.T.);
#9108=ORIENTED_EDGE('',*,*,#9078,.F.);
#9109=ORIENTED_EDGE('',*,*,#3138,.T.);
#9110=ORIENTED_EDGE('',*,*,#2922,.F.);
#9111=EDGE_LOOP('',(#9107,#9108,#9109,#9110));
#9112=FACE_OUTER_BOUND('',#9111,.T.);
#9113=ADVANCED_FACE('',(#9112),#9106,.F.);
#9114=CARTESIAN_POINT('',(-16.0,19.200000000000003,0.0));
#9115=DIRECTION('',(0.0,1.0,0.0));
#9116=DIRECTION('',(-1.0,0.0,0.0));
#9117=AXIS2_PLACEMENT_3D('',#9114,#9115,#9116);
#9118=PLANE('',#9117);
#9119=CARTESIAN_POINT('',(-19.200000000000003,19.200000000000003,0.0));
#9120=VERTEX_POINT('',#9119);
#9121=CARTESIAN_POINT('',(-16.0,19.200000000000003,0.0));
#9122=DIRECTION('',(0.0,1.0,0.0));
#9123=DIRECTION('',(-1.0,0.0,0.0));
#9124=AXIS2_PLACEMENT_3D('',#9121,#9122,#9123);
#9125=CIRCLE('',#9124,3.200000000000001);
#9126=EDGE_CURVE('',#9120,#9120,#9125,.T.);
#9127=ORIENTED_EDGE('',*,*,#9126,.T.);
#9128=EDGE_LOOP('',(#9127));
#9129=FACE_OUTER_BOUND('',#9128,.T.);
#9130=CARTESIAN_POINT('',(-13.599999999999998,19.200000000000003,-2.939152E-016));
#9131=VERTEX_POINT('',#9130);
#9132=CARTESIAN_POINT('',(-16.0,19.200000000000003,0.0));
#9133=DIRECTION('',(0.0,1.0,0.0));
#9134=DIRECTION('',(1.0,0.0,0.0));
#9135=AXIS2_PLACEMENT_3D('',#9132,#9133,#9134);
#9136=CIRCLE('',#9135,2.4);
#9137=EDGE_CURVE('',#9131,#9131,#9136,.T.);
#9138=ORIENTED_EDGE('',*,*,#9137,.F.);
#9139=EDGE_LOOP('',(#9138));
#9140=FACE_BOUND('',#9139,.T.);
#9141=ADVANCED_FACE('',(#9129,#9140),#9118,.T.);
#9142=CARTESIAN_POINT('',(-16.0,19.600000000000001,0.0));
#9143=DIRECTION('',(9.251859E-017,1.0,0.0));
#9144=DIRECTION('',(-1.0,0.0,0.0));
#9145=AXIS2_PLACEMENT_3D('',#9142,#9143,#9144);
#9146=CYLINDRICAL_SURFACE('',#9145,3.200000000000001);
#9147=ORIENTED_EDGE('',*,*,#1927,.F.);
#9148=EDGE_LOOP('',(#9147));
#9149=FACE_OUTER_BOUND('',#9148,.T.);
#9150=ORIENTED_EDGE('',*,*,#9126,.F.);
#9151=EDGE_LOOP('',(#9150));
#9152=FACE_BOUND('',#9151,.T.);
#9153=ADVANCED_FACE('',(#9149,#9152),#9146,.F.);
#9154=CARTESIAN_POINT('',(-16.0,12.799999999999997,0.0));
#9155=DIRECTION('',(0.0,-1.0,0.0));
#9156=DIRECTION('',(1.0,0.0,0.0));
#9157=AXIS2_PLACEMENT_3D('',#9154,#9155,#9156);
#9158=PLANE('',#9157);
#9159=ORIENTED_EDGE('',*,*,#8355,.T.);
#9160=ORIENTED_EDGE('',*,*,#4080,.T.);
#9161=CARTESIAN_POINT('',(-12.800000000000001,12.799999999999999,-4.0));
#9162=DIRECTION('',(-1.0,0.0,0.0));
#9163=VECTOR('',#9162,6.400000000000002);
#9164=LINE('',#9161,#9163);
#9165=EDGE_CURVE('',#2885,#4067,#9164,.T.);
#9166=ORIENTED_EDGE('',*,*,#9165,.F.);
#9167=ORIENTED_EDGE('',*,*,#2890,.T.);
#9168=EDGE_LOOP('',(#9159,#9160,#9166,#9167));
#9169=FACE_OUTER_BOUND('',#9168,.T.);
#9170=CARTESIAN_POINT('',(-18.400000000000002,12.799999999999997,-2.939152E-016));
#9171=VERTEX_POINT('',#9170);
#9172=CARTESIAN_POINT('',(-16.0,12.799999999999997,0.0));
#9173=DIRECTION('',(0.0,-1.0,0.0));
#9174=DIRECTION('',(1.0,0.0,0.0));
#9175=AXIS2_PLACEMENT_3D('',#9172,#9173,#9174);
#9176=CIRCLE('',#9175,2.4);
#9177=EDGE_CURVE('',#9171,#9171,#9176,.T.);
#9178=ORIENTED_EDGE('',*,*,#9177,.F.);
#9179=EDGE_LOOP('',(#9178));
#9180=FACE_BOUND('',#9179,.T.);
#9181=ADVANCED_FACE('',(#9169,#9180),#9158,.T.);
#9182=CARTESIAN_POINT('',(16.0,-12.4,0.0));
#9183=DIRECTION('',(9.251859E-017,1.0,0.0));
#9184=DIRECTION('',(-1.0,0.0,0.0));
#9185=AXIS2_PLACEMENT_3D('',#9182,#9183,#9184);
#9186=CYLINDRICAL_SURFACE('',#9185,3.200000000000001);
#9187=ORIENTED_EDGE('',*,*,#8139,.F.);
#9188=ORIENTED_EDGE('',*,*,#3741,.F.);
#9189=ORIENTED_EDGE('',*,*,#8170,.T.);
#9190=ORIENTED_EDGE('',*,*,#8325,.F.);
#9191=EDGE_LOOP('',(#9187,#9188,#9189,#9190));
#9192=FACE_OUTER_BOUND('',#9191,.T.);
#9193=ADVANCED_FACE('',(#9192),#9186,.F.);
#9194=CARTESIAN_POINT('',(16.0,-19.200000000000003,0.0));
#9195=DIRECTION('',(0.0,-1.0,0.0));
#9196=DIRECTION('',(1.0,0.0,0.0));
#9197=AXIS2_PLACEMENT_3D('',#9194,#9195,#9196);
#9198=PLANE('',#9197);
#9199=CARTESIAN_POINT('',(19.200000000000003,-19.200000000000003,0.0));
#9200=VERTEX_POINT('',#9199);
#9201=CARTESIAN_POINT('',(16.0,-19.200000000000003,0.0));
#9202=DIRECTION('',(0.0,-1.0,0.0));
#9203=DIRECTION('',(1.0,0.0,0.0));
#9204=AXIS2_PLACEMENT_3D('',#9201,#9202,#9203);
#9205=CIRCLE('',#9204,3.200000000000001);
#9206=EDGE_CURVE('',#9200,#9200,#9205,.T.);
#9207=ORIENTED_EDGE('',*,*,#9206,.T.);
#9208=EDGE_LOOP('',(#9207));
#9209=FACE_OUTER_BOUND('',#9208,.T.);
#9210=CARTESIAN_POINT('',(13.600000000000001,-19.200000000000003,-2.939152E-016));
#9211=VERTEX_POINT('',#9210);
#9212=CARTESIAN_POINT('',(16.0,-19.200000000000003,0.0));
#9213=DIRECTION('',(0.0,-1.0,0.0));
#9214=DIRECTION('',(1.0,0.0,0.0));
#9215=AXIS2_PLACEMENT_3D('',#9212,#9213,#9214);
#9216=CIRCLE('',#9215,2.4);
#9217=EDGE_CURVE('',#9211,#9211,#9216,.T.);
#9218=ORIENTED_EDGE('',*,*,#9217,.F.);
#9219=EDGE_LOOP('',(#9218));
#9220=FACE_BOUND('',#9219,.T.);
#9221=ADVANCED_FACE('',(#9209,#9220),#9198,.T.);
#9222=CARTESIAN_POINT('',(16.0,-19.600000000000005,0.0));
#9223=DIRECTION('',(9.251859E-017,-1.0,0.0));
#9224=DIRECTION('',(1.0,0.0,0.0));
#9225=AXIS2_PLACEMENT_3D('',#9222,#9223,#9224);
#9226=CYLINDRICAL_SURFACE('',#9225,3.200000000000001);
#9227=ORIENTED_EDGE('',*,*,#976,.F.);
#9228=EDGE_LOOP('',(#9227));
#9229=FACE_OUTER_BOUND('',#9228,.T.);
#9230=ORIENTED_EDGE('',*,*,#9206,.F.);
#9231=EDGE_LOOP('',(#9230));
#9232=FACE_BOUND('',#9231,.T.);
#9233=ADVANCED_FACE('',(#9229,#9232),#9226,.F.);
#9234=CARTESIAN_POINT('',(0.0,-12.800000000000001,0.0));
#9235=DIRECTION('',(0.0,1.0,0.0));
#9236=DIRECTION('',(-1.0,0.0,0.0));
#9237=AXIS2_PLACEMENT_3D('',#9234,#9235,#9236);
#9238=PLANE('',#9237);
#9239=CARTESIAN_POINT('',(0.0,-12.800000000000001,0.0));
#9240=DIRECTION('',(0.0,1.0,0.0));
#9241=DIRECTION('',(-1.0,0.0,0.0));
#9242=AXIS2_PLACEMENT_3D('',#9239,#9240,#9241);
#9243=CIRCLE('',#9242,3.200000000000001);
#9244=EDGE_CURVE('',#3560,#3214,#9243,.T.);
#9245=ORIENTED_EDGE('',*,*,#9244,.T.);
#9246=ORIENTED_EDGE('',*,*,#3219,.T.);
#9247=ORIENTED_EDGE('',*,*,#3354,.F.);
#9248=ORIENTED_EDGE('',*,*,#3571,.T.);
#9249=EDGE_LOOP('',(#9245,#9246,#9247,#9248));
#9250=FACE_OUTER_BOUND('',#9249,.T.);
#9251=CARTESIAN_POINT('',(-2.4,-12.800000000000002,0.0));
#9252=VERTEX_POINT('',#9251);
#9253=CARTESIAN_POINT('',(0.0,-12.800000000000001,0.0));
#9254=DIRECTION('',(0.0,1.0,0.0));
#9255=DIRECTION('',(1.0,0.0,0.0));
#9256=AXIS2_PLACEMENT_3D('',#9253,#9254,#9255);
#9257=CIRCLE('',#9256,2.4);
#9258=EDGE_CURVE('',#9252,#9252,#9257,.T.);
#9259=ORIENTED_EDGE('',*,*,#9258,.F.);
#9260=EDGE_LOOP('',(#9259));
#9261=FACE_BOUND('',#9260,.T.);
#9262=ADVANCED_FACE('',(#9250,#9261),#9238,.T.);
#9263=CARTESIAN_POINT('',(0.0,-12.4,0.0));
#9264=DIRECTION('',(9.251859E-017,1.0,0.0));
#9265=DIRECTION('',(-1.0,0.0,0.0));
#9266=AXIS2_PLACEMENT_3D('',#9263,#9264,#9265);
#9267=CYLINDRICAL_SURFACE('',#9266,3.200000000000001);
#9268=ORIENTED_EDGE('',*,*,#3565,.T.);
#9269=ORIENTED_EDGE('',*,*,#3589,.F.);
#9270=ORIENTED_EDGE('',*,*,#3227,.T.);
#9271=ORIENTED_EDGE('',*,*,#9244,.F.);
#9272=EDGE_LOOP('',(#9268,#9269,#9270,#9271));
#9273=FACE_OUTER_BOUND('',#9272,.T.);
#9274=ADVANCED_FACE('',(#9273),#9267,.F.);
#9275=CARTESIAN_POINT('',(0.0,-19.200000000000003,0.0));
#9276=DIRECTION('',(0.0,-1.0,0.0));
#9277=DIRECTION('',(1.0,0.0,0.0));
#9278=AXIS2_PLACEMENT_3D('',#9275,#9276,#9277);
#9279=PLANE('',#9278);
#9280=CARTESIAN_POINT('',(3.200000000000001,-19.200000000000003,0.0));
#9281=VERTEX_POINT('',#9280);
#9282=CARTESIAN_POINT('',(0.0,-19.200000000000003,0.0));
#9283=DIRECTION('',(0.0,-1.0,0.0));
#9284=DIRECTION('',(1.0,0.0,0.0));
#9285=AXIS2_PLACEMENT_3D('',#9282,#9283,#9284);
#9286=CIRCLE('',#9285,3.200000000000001);
#9287=EDGE_CURVE('',#9281,#9281,#9286,.T.);
#9288=ORIENTED_EDGE('',*,*,#9287,.T.);
#9289=EDGE_LOOP('',(#9288));
#9290=FACE_OUTER_BOUND('',#9289,.T.);
#9291=CARTESIAN_POINT('',(-2.4,-19.200000000000003,-2.939152E-016));
#9292=VERTEX_POINT('',#9291);
#9293=CARTESIAN_POINT('',(0.0,-19.200000000000003,0.0));
#9294=DIRECTION('',(0.0,-1.0,0.0));
#9295=DIRECTION('',(1.0,0.0,0.0));
#9296=AXIS2_PLACEMENT_3D('',#9293,#9294,#9295);
#9297=CIRCLE('',#9296,2.4);
#9298=EDGE_CURVE('',#9292,#9292,#9297,.T.);
#9299=ORIENTED_EDGE('',*,*,#9298,.F.);
#9300=EDGE_LOOP('',(#9299));
#9301=FACE_BOUND('',#9300,.T.);
#9302=ADVANCED_FACE('',(#9290,#9301),#9279,.T.);
#9303=CARTESIAN_POINT('',(0.0,-19.600000000000005,0.0));
#9304=DIRECTION('',(9.251859E-017,-1.0,0.0));
#9305=DIRECTION('',(1.0,0.0,0.0));
#9306=AXIS2_PLACEMENT_3D('',#9303,#9304,#9305);
#9307=CYLINDRICAL_SURFACE('',#9306,3.200000000000001);
#9308=ORIENTED_EDGE('',*,*,#965,.F.);
#9309=EDGE_LOOP('',(#9308));
#9310=FACE_OUTER_BOUND('',#9309,.T.);
#9311=ORIENTED_EDGE('',*,*,#9287,.F.);
#9312=EDGE_LOOP('',(#9311));
#9313=FACE_BOUND('',#9312,.T.);
#9314=ADVANCED_FACE('',(#9310,#9313),#9307,.F.);
#9315=CARTESIAN_POINT('',(24.000000000000004,16.0,3.2));
#9316=DIRECTION('',(0.0,0.0,1.0));
#9317=DIRECTION('',(1.0,0.0,0.0));
#9318=AXIS2_PLACEMENT_3D('',#9315,#9316,#9317);
#9319=PLANE('',#9318);
#9320=CARTESIAN_POINT('',(24.000000000000004,12.800000000000001,3.199999999999999));
#9321=VERTEX_POINT('',#9320);
#9322=CARTESIAN_POINT('',(24.000000000000004,16.0,3.2));
#9323=DIRECTION('',(0.0,0.0,1.0));
#9324=DIRECTION('',(1.0,0.0,0.0));
#9325=AXIS2_PLACEMENT_3D('',#9322,#9323,#9324);
#9326=CIRCLE('',#9325,3.200000000000001);
#9327=EDGE_CURVE('',#9321,#9321,#9326,.T.);
#9328=ORIENTED_EDGE('',*,*,#9327,.T.);
#9329=EDGE_LOOP('',(#9328));
#9330=FACE_OUTER_BOUND('',#9329,.T.);
#9331=CARTESIAN_POINT('',(26.400000000000006,16.0,3.2));
#9332=VERTEX_POINT('',#9331);
#9333=CARTESIAN_POINT('',(24.000000000000004,16.0,3.2));
#9334=DIRECTION('',(0.0,0.0,1.0));
#9335=DIRECTION('',(1.0,0.0,0.0));
#9336=AXIS2_PLACEMENT_3D('',#9333,#9334,#9335);
#9337=CIRCLE('',#9336,2.4);
#9338=EDGE_CURVE('',#9332,#9332,#9337,.T.);
#9339=ORIENTED_EDGE('',*,*,#9338,.F.);
#9340=EDGE_LOOP('',(#9339));
#9341=FACE_BOUND('',#9340,.T.);
#9342=ADVANCED_FACE('',(#9330,#9341),#9319,.T.);
#9343=CARTESIAN_POINT('',(24.000000000000004,16.0,3.6));
#9344=DIRECTION('',(0.0,0.0,1.0));
#9345=DIRECTION('',(1.0,0.0,0.0));
#9346=AXIS2_PLACEMENT_3D('',#9343,#9344,#9345);
#9347=CYLINDRICAL_SURFACE('',#9346,3.200000000000001);
#9348=ORIENTED_EDGE('',*,*,#9327,.F.);
#9349=EDGE_LOOP('',(#9348));
#9350=FACE_OUTER_BOUND('',#9349,.T.);
#9351=ORIENTED_EDGE('',*,*,#4379,.F.);
#9352=EDGE_LOOP('',(#9351));
#9353=FACE_BOUND('',#9352,.T.);
#9354=ADVANCED_FACE('',(#9350,#9353),#9347,.F.);
#9355=CARTESIAN_POINT('',(24.000000000000004,16.0,2.0));
#9356=DIRECTION('',(0.0,0.0,1.0));
#9357=DIRECTION('',(1.0,0.0,0.0));
#9358=AXIS2_PLACEMENT_3D('',#9355,#9356,#9357);
#9359=CYLINDRICAL_SURFACE('',#9358,2.4);
#9360=ORIENTED_EDGE('',*,*,#5563,.T.);
#9361=EDGE_LOOP('',(#9360));
#9362=FACE_OUTER_BOUND('',#9361,.T.);
#9363=ORIENTED_EDGE('',*,*,#9338,.T.);
#9364=EDGE_LOOP('',(#9363));
#9365=FACE_BOUND('',#9364,.T.);
#9366=ADVANCED_FACE('',(#9362,#9365),#9359,.F.);
#9367=CARTESIAN_POINT('',(7.999999999999998,16.0,-3.2));
#9368=DIRECTION('',(0.0,0.0,-1.0));
#9369=DIRECTION('',(-1.0,0.0,0.0));
#9370=AXIS2_PLACEMENT_3D('',#9367,#9368,#9369);
#9371=PLANE('',#9370);
#9372=CARTESIAN_POINT('',(4.799999999999995,16.0,-3.2));
#9373=VERTEX_POINT('',#9372);
#9374=CARTESIAN_POINT('',(7.999999999999998,16.0,-3.2));
#9375=DIRECTION('',(0.0,0.0,-1.0));
#9376=DIRECTION('',(-1.0,0.0,0.0));
#9377=AXIS2_PLACEMENT_3D('',#9374,#9375,#9376);
#9378=CIRCLE('',#9377,3.200000000000001);
#9379=EDGE_CURVE('',#9373,#9373,#9378,.T.);
#9380=ORIENTED_EDGE('',*,*,#9379,.T.);
#9381=EDGE_LOOP('',(#9380));
#9382=FACE_OUTER_BOUND('',#9381,.T.);
#9383=CARTESIAN_POINT('',(10.4,16.0,-3.2));
#9384=VERTEX_POINT('',#9383);
#9385=CARTESIAN_POINT('',(7.999999999999998,16.0,-3.2));
#9386=DIRECTION('',(0.0,0.0,-1.0));
#9387=DIRECTION('',(-1.0,0.0,0.0));
#9388=AXIS2_PLACEMENT_3D('',#9385,#9386,#9387);
#9389=CIRCLE('',#9388,2.4);
#9390=EDGE_CURVE('',#9384,#9384,#9389,.T.);
#9391=ORIENTED_EDGE('',*,*,#9390,.F.);
#9392=EDGE_LOOP('',(#9391));
#9393=FACE_BOUND('',#9392,.T.);
#9394=ADVANCED_FACE('',(#9382,#9393),#9371,.T.);
#9395=CARTESIAN_POINT('',(7.999999999999998,16.0,-3.6));
#9396=DIRECTION('',(0.0,0.0,-1.0));
#9397=DIRECTION('',(-1.0,0.0,0.0));
#9398=AXIS2_PLACEMENT_3D('',#9395,#9396,#9397);
#9399=CYLINDRICAL_SURFACE('',#9398,3.200000000000001);
#9400=CARTESIAN_POINT('',(4.799999999999995,16.0,-4.0));
#9401=VERTEX_POINT('',#9400);
#9402=CARTESIAN_POINT('',(7.999999999999998,16.0,-4.0));
#9403=DIRECTION('',(0.0,0.0,1.0));
#9404=DIRECTION('',(-1.0,0.0,0.0));
#9405=AXIS2_PLACEMENT_3D('',#9402,#9403,#9404);
#9406=CIRCLE('',#9405,3.200000000000001);
#9407=EDGE_CURVE('',#9401,#9401,#9406,.T.);
#9408=ORIENTED_EDGE('',*,*,#9407,.F.);
#9409=EDGE_LOOP('',(#9408));
#9410=FACE_OUTER_BOUND('',#9409,.T.);
#9411=ORIENTED_EDGE('',*,*,#9379,.F.);
#9412=EDGE_LOOP('',(#9411));
#9413=FACE_BOUND('',#9412,.T.);
#9414=ADVANCED_FACE('',(#9410,#9413),#9399,.F.);
#9415=CARTESIAN_POINT('',(7.999999999999998,16.0,3.2));
#9416=DIRECTION('',(0.0,0.0,1.0));
#9417=DIRECTION('',(1.0,0.0,0.0));
#9418=AXIS2_PLACEMENT_3D('',#9415,#9416,#9417);
#9419=PLANE('',#9418);
#9420=CARTESIAN_POINT('',(11.200000000000001,16.0,3.2));
#9421=VERTEX_POINT('',#9420);
#9422=CARTESIAN_POINT('',(7.999999999999998,16.0,3.2));
#9423=DIRECTION('',(0.0,0.0,1.0));
#9424=DIRECTION('',(1.0,0.0,0.0));
#9425=AXIS2_PLACEMENT_3D('',#9422,#9423,#9424);
#9426=CIRCLE('',#9425,3.200000000000001);
#9427=EDGE_CURVE('',#9421,#9421,#9426,.T.);
#9428=ORIENTED_EDGE('',*,*,#9427,.T.);
#9429=EDGE_LOOP('',(#9428));
#9430=FACE_OUTER_BOUND('',#9429,.T.);
#9431=CARTESIAN_POINT('',(5.599999999999996,16.0,3.2));
#9432=VERTEX_POINT('',#9431);
#9433=CARTESIAN_POINT('',(7.999999999999998,16.0,3.2));
#9434=DIRECTION('',(0.0,0.0,1.0));
#9435=DIRECTION('',(1.0,0.0,0.0));
#9436=AXIS2_PLACEMENT_3D('',#9433,#9434,#9435);
#9437=CIRCLE('',#9436,2.4);
#9438=EDGE_CURVE('',#9432,#9432,#9437,.T.);
#9439=ORIENTED_EDGE('',*,*,#9438,.F.);
#9440=EDGE_LOOP('',(#9439));
#9441=FACE_BOUND('',#9440,.T.);
#9442=ADVANCED_FACE('',(#9430,#9441),#9419,.T.);
#9443=CARTESIAN_POINT('',(7.999999999999998,16.0,3.6));
#9444=DIRECTION('',(0.0,0.0,1.0));
#9445=DIRECTION('',(1.0,0.0,0.0));
#9446=AXIS2_PLACEMENT_3D('',#9443,#9444,#9445);
#9447=CYLINDRICAL_SURFACE('',#9446,3.200000000000001);
#9448=ORIENTED_EDGE('',*,*,#4368,.F.);
#9449=EDGE_LOOP('',(#9448));
#9450=FACE_OUTER_BOUND('',#9449,.T.);
#9451=ORIENTED_EDGE('',*,*,#9427,.F.);
#9452=EDGE_LOOP('',(#9451));
#9453=FACE_BOUND('',#9452,.T.);
#9454=ADVANCED_FACE('',(#9450,#9453),#9447,.F.);
#9455=CARTESIAN_POINT('',(7.999999999999998,16.0,2.0));
#9456=DIRECTION('',(0.0,0.0,1.0));
#9457=DIRECTION('',(1.0,0.0,0.0));
#9458=AXIS2_PLACEMENT_3D('',#9455,#9456,#9457);
#9459=CYLINDRICAL_SURFACE('',#9458,2.4);
#9460=ORIENTED_EDGE('',*,*,#9390,.T.);
#9461=EDGE_LOOP('',(#9460));
#9462=FACE_OUTER_BOUND('',#9461,.T.);
#9463=ORIENTED_EDGE('',*,*,#9438,.T.);
#9464=EDGE_LOOP('',(#9463));
#9465=FACE_BOUND('',#9464,.T.);
#9466=ADVANCED_FACE('',(#9462,#9465),#9459,.F.);
#9467=CARTESIAN_POINT('',(-8.000000000000004,16.0,-3.2));
#9468=DIRECTION('',(0.0,0.0,-1.0));
#9469=DIRECTION('',(-1.0,0.0,0.0));
#9470=AXIS2_PLACEMENT_3D('',#9467,#9468,#9469);
#9471=PLANE('',#9470);
#9472=CARTESIAN_POINT('',(-11.200000000000006,16.0,-3.2));
#9473=VERTEX_POINT('',#9472);
#9474=CARTESIAN_POINT('',(-8.000000000000004,16.0,-3.2));
#9475=DIRECTION('',(0.0,0.0,-1.0));
#9476=DIRECTION('',(-1.0,0.0,0.0));
#9477=AXIS2_PLACEMENT_3D('',#9474,#9475,#9476);
#9478=CIRCLE('',#9477,3.200000000000001);
#9479=EDGE_CURVE('',#9473,#9473,#9478,.T.);
#9480=ORIENTED_EDGE('',*,*,#9479,.T.);
#9481=EDGE_LOOP('',(#9480));
#9482=FACE_OUTER_BOUND('',#9481,.T.);
#9483=CARTESIAN_POINT('',(-5.600000000000001,16.0,-3.2));
#9484=VERTEX_POINT('',#9483);
#9485=CARTESIAN_POINT('',(-8.000000000000004,16.0,-3.2));
#9486=DIRECTION('',(0.0,0.0,-1.0));
#9487=DIRECTION('',(-1.0,0.0,0.0));
#9488=AXIS2_PLACEMENT_3D('',#9485,#9486,#9487);
#9489=CIRCLE('',#9488,2.4);
#9490=EDGE_CURVE('',#9484,#9484,#9489,.T.);
#9491=ORIENTED_EDGE('',*,*,#9490,.F.);
#9492=EDGE_LOOP('',(#9491));
#9493=FACE_BOUND('',#9492,.T.);
#9494=ADVANCED_FACE('',(#9482,#9493),#9471,.T.);
#9495=CARTESIAN_POINT('',(-8.000000000000004,16.0,-3.6));
#9496=DIRECTION('',(0.0,0.0,-1.0));
#9497=DIRECTION('',(-1.0,0.0,0.0));
#9498=AXIS2_PLACEMENT_3D('',#9495,#9496,#9497);
#9499=CYLINDRICAL_SURFACE('',#9498,3.200000000000001);
#9500=CARTESIAN_POINT('',(-11.200000000000006,16.0,-4.0));
#9501=VERTEX_POINT('',#9500);
#9502=CARTESIAN_POINT('',(-8.000000000000004,16.0,-4.0));
#9503=DIRECTION('',(0.0,0.0,1.0));
#9504=DIRECTION('',(-1.0,0.0,0.0));
#9505=AXIS2_PLACEMENT_3D('',#9502,#9503,#9504);
#9506=CIRCLE('',#9505,3.200000000000001);
#9507=EDGE_CURVE('',#9501,#9501,#9506,.T.);
#9508=ORIENTED_EDGE('',*,*,#9507,.F.);
#9509=EDGE_LOOP('',(#9508));
#9510=FACE_OUTER_BOUND('',#9509,.T.);
#9511=ORIENTED_EDGE('',*,*,#9479,.F.);
#9512=EDGE_LOOP('',(#9511));
#9513=FACE_BOUND('',#9512,.T.);
#9514=ADVANCED_FACE('',(#9510,#9513),#9499,.F.);
#9515=CARTESIAN_POINT('',(-8.000000000000004,16.0,3.2));
#9516=DIRECTION('',(0.0,0.0,1.0));
#9517=DIRECTION('',(1.0,0.0,0.0));
#9518=AXIS2_PLACEMENT_3D('',#9515,#9516,#9517);
#9519=PLANE('',#9518);
#9520=CARTESIAN_POINT('',(-4.8,16.0,3.2));
#9521=VERTEX_POINT('',#9520);
#9522=CARTESIAN_POINT('',(-8.000000000000004,16.0,3.2));
#9523=DIRECTION('',(0.0,0.0,1.0));
#9524=DIRECTION('',(1.0,0.0,0.0));
#9525=AXIS2_PLACEMENT_3D('',#9522,#9523,#9524);
#9526=CIRCLE('',#9525,3.200000000000001);
#9527=EDGE_CURVE('',#9521,#9521,#9526,.T.);
#9528=ORIENTED_EDGE('',*,*,#9527,.T.);
#9529=EDGE_LOOP('',(#9528));
#9530=FACE_OUTER_BOUND('',#9529,.T.);
#9531=CARTESIAN_POINT('',(-10.400000000000006,16.0,3.2));
#9532=VERTEX_POINT('',#9531);
#9533=CARTESIAN_POINT('',(-8.000000000000004,16.0,3.2));
#9534=DIRECTION('',(0.0,0.0,1.0));
#9535=DIRECTION('',(1.0,0.0,0.0));
#9536=AXIS2_PLACEMENT_3D('',#9533,#9534,#9535);
#9537=CIRCLE('',#9536,2.4);
#9538=EDGE_CURVE('',#9532,#9532,#9537,.T.);
#9539=ORIENTED_EDGE('',*,*,#9538,.F.);
#9540=EDGE_LOOP('',(#9539));
#9541=FACE_BOUND('',#9540,.T.);
#9542=ADVANCED_FACE('',(#9530,#9541),#9519,.T.);
#9543=CARTESIAN_POINT('',(-8.000000000000004,16.0,3.6));
#9544=DIRECTION('',(0.0,0.0,1.0));
#9545=DIRECTION('',(1.0,0.0,0.0));
#9546=AXIS2_PLACEMENT_3D('',#9543,#9544,#9545);
#9547=CYLINDRICAL_SURFACE('',#9546,3.200000000000001);
#9548=ORIENTED_EDGE('',*,*,#4357,.F.);
#9549=EDGE_LOOP('',(#9548));
#9550=FACE_OUTER_BOUND('',#9549,.T.);
#9551=ORIENTED_EDGE('',*,*,#9527,.F.);
#9552=EDGE_LOOP('',(#9551));
#9553=FACE_BOUND('',#9552,.T.);
#9554=ADVANCED_FACE('',(#9550,#9553),#9547,.F.);
#9555=CARTESIAN_POINT('',(-8.000000000000004,16.0,2.0));
#9556=DIRECTION('',(0.0,0.0,1.0));
#9557=DIRECTION('',(1.0,0.0,0.0));
#9558=AXIS2_PLACEMENT_3D('',#9555,#9556,#9557);
#9559=CYLINDRICAL_SURFACE('',#9558,2.4);
#9560=ORIENTED_EDGE('',*,*,#9490,.T.);
#9561=EDGE_LOOP('',(#9560));
#9562=FACE_OUTER_BOUND('',#9561,.T.);
#9563=ORIENTED_EDGE('',*,*,#9538,.T.);
#9564=EDGE_LOOP('',(#9563));
#9565=FACE_BOUND('',#9564,.T.);
#9566=ADVANCED_FACE('',(#9562,#9565),#9559,.F.);
#9567=CARTESIAN_POINT('',(-24.0,16.0,3.2));
#9568=DIRECTION('',(0.0,0.0,1.0));
#9569=DIRECTION('',(1.0,0.0,0.0));
#9570=AXIS2_PLACEMENT_3D('',#9567,#9568,#9569);
#9571=PLANE('',#9570);
#9572=CARTESIAN_POINT('',(-24.000000000000004,19.200000000000003,3.199999999999999));
#9573=VERTEX_POINT('',#9572);
#9574=CARTESIAN_POINT('',(-24.0,16.0,3.2));
#9575=DIRECTION('',(0.0,0.0,1.0));
#9576=DIRECTION('',(1.0,0.0,0.0));
#9577=AXIS2_PLACEMENT_3D('',#9574,#9575,#9576);
#9578=CIRCLE('',#9577,3.200000000000001);
#9579=EDGE_CURVE('',#9573,#9573,#9578,.T.);
#9580=ORIENTED_EDGE('',*,*,#9579,.T.);
#9581=EDGE_LOOP('',(#9580));
#9582=FACE_OUTER_BOUND('',#9581,.T.);
#9583=CARTESIAN_POINT('',(-26.400000000000006,16.0,3.2));
#9584=VERTEX_POINT('',#9583);
#9585=CARTESIAN_POINT('',(-24.0,16.0,3.2));
#9586=DIRECTION('',(0.0,0.0,1.0));
#9587=DIRECTION('',(1.0,0.0,0.0));
#9588=AXIS2_PLACEMENT_3D('',#9585,#9586,#9587);
#9589=CIRCLE('',#9588,2.4);
#9590=EDGE_CURVE('',#9584,#9584,#9589,.T.);
#9591=ORIENTED_EDGE('',*,*,#9590,.F.);
#9592=EDGE_LOOP('',(#9591));
#9593=FACE_BOUND('',#9592,.T.);
#9594=ADVANCED_FACE('',(#9582,#9593),#9571,.T.);
#9595=CARTESIAN_POINT('',(-24.0,16.0,3.6));
#9596=DIRECTION('',(0.0,0.0,1.0));
#9597=DIRECTION('',(1.0,0.0,0.0));
#9598=AXIS2_PLACEMENT_3D('',#9595,#9596,#9597);
#9599=CYLINDRICAL_SURFACE('',#9598,3.200000000000001);
#9600=ORIENTED_EDGE('',*,*,#9579,.F.);
#9601=EDGE_LOOP('',(#9600));
#9602=FACE_OUTER_BOUND('',#9601,.T.);
#9603=ORIENTED_EDGE('',*,*,#4346,.F.);
#9604=EDGE_LOOP('',(#9603));
#9605=FACE_BOUND('',#9604,.T.);
#9606=ADVANCED_FACE('',(#9602,#9605),#9599,.F.);
#9607=CARTESIAN_POINT('',(-24.0,16.0,2.0));
#9608=DIRECTION('',(0.0,0.0,1.0));
#9609=DIRECTION('',(1.0,0.0,0.0));
#9610=AXIS2_PLACEMENT_3D('',#9607,#9608,#9609);
#9611=CYLINDRICAL_SURFACE('',#9610,2.4);
#9612=ORIENTED_EDGE('',*,*,#7262,.F.);
#9613=EDGE_LOOP('',(#9612));
#9614=FACE_OUTER_BOUND('',#9613,.T.);
#9615=ORIENTED_EDGE('',*,*,#9590,.T.);
#9616=EDGE_LOOP('',(#9615));
#9617=FACE_BOUND('',#9616,.T.);
#9618=ADVANCED_FACE('',(#9614,#9617),#9611,.F.);
#9619=CARTESIAN_POINT('',(24.000000000000004,-16.0,3.2));
#9620=DIRECTION('',(0.0,0.0,1.0));
#9621=DIRECTION('',(1.0,0.0,0.0));
#9622=AXIS2_PLACEMENT_3D('',#9619,#9620,#9621);
#9623=PLANE('',#9622);
#9624=CARTESIAN_POINT('',(24.000000000000004,-19.200000000000003,3.199999999999999));
#9625=VERTEX_POINT('',#9624);
#9626=CARTESIAN_POINT('',(24.000000000000004,-16.0,3.2));
#9627=DIRECTION('',(0.0,0.0,1.0));
#9628=DIRECTION('',(1.0,0.0,0.0));
#9629=AXIS2_PLACEMENT_3D('',#9626,#9627,#9628);
#9630=CIRCLE('',#9629,3.200000000000001);
#9631=EDGE_CURVE('',#9625,#9625,#9630,.T.);
#9632=ORIENTED_EDGE('',*,*,#9631,.T.);
#9633=EDGE_LOOP('',(#9632));
#9634=FACE_OUTER_BOUND('',#9633,.T.);
#9635=CARTESIAN_POINT('',(26.400000000000006,-16.0,3.2));
#9636=VERTEX_POINT('',#9635);
#9637=CARTESIAN_POINT('',(24.000000000000004,-16.0,3.2));
#9638=DIRECTION('',(0.0,0.0,1.0));
#9639=DIRECTION('',(1.0,0.0,0.0));
#9640=AXIS2_PLACEMENT_3D('',#9637,#9638,#9639);
#9641=CIRCLE('',#9640,2.4);
#9642=EDGE_CURVE('',#9636,#9636,#9641,.T.);
#9643=ORIENTED_EDGE('',*,*,#9642,.F.);
#9644=EDGE_LOOP('',(#9643));
#9645=FACE_BOUND('',#9644,.T.);
#9646=ADVANCED_FACE('',(#9634,#9645),#9623,.T.);
#9647=CARTESIAN_POINT('',(24.000000000000004,-16.0,3.6));
#9648=DIRECTION('',(0.0,0.0,1.0));
#9649=DIRECTION('',(1.0,0.0,0.0));
#9650=AXIS2_PLACEMENT_3D('',#9647,#9648,#9649);
#9651=CYLINDRICAL_SURFACE('',#9650,3.200000000000001);
#9652=ORIENTED_EDGE('',*,*,#9631,.F.);
#9653=EDGE_LOOP('',(#9652));
#9654=FACE_OUTER_BOUND('',#9653,.T.);
#9655=ORIENTED_EDGE('',*,*,#4671,.F.);
#9656=EDGE_LOOP('',(#9655));
#9657=FACE_BOUND('',#9656,.T.);
#9658=ADVANCED_FACE('',(#9654,#9657),#9651,.F.);
#9659=CARTESIAN_POINT('',(24.000000000000004,-16.0,2.0));
#9660=DIRECTION('',(0.0,0.0,1.0));
#9661=DIRECTION('',(1.0,0.0,0.0));
#9662=AXIS2_PLACEMENT_3D('',#9659,#9660,#9661);
#9663=CYLINDRICAL_SURFACE('',#9662,2.4);
#9664=ORIENTED_EDGE('',*,*,#6352,.F.);
#9665=EDGE_LOOP('',(#9664));
#9666=FACE_OUTER_BOUND('',#9665,.T.);
#9667=ORIENTED_EDGE('',*,*,#9642,.T.);
#9668=EDGE_LOOP('',(#9667));
#9669=FACE_BOUND('',#9668,.T.);
#9670=ADVANCED_FACE('',(#9666,#9669),#9663,.F.);
#9671=CARTESIAN_POINT('',(7.999999999999998,-16.0,-3.2));
#9672=DIRECTION('',(0.0,0.0,-1.0));
#9673=DIRECTION('',(-1.0,0.0,0.0));
#9674=AXIS2_PLACEMENT_3D('',#9671,#9672,#9673);
#9675=PLANE('',#9674);
#9676=CARTESIAN_POINT('',(4.799999999999995,-16.0,-3.2));
#9677=VERTEX_POINT('',#9676);
#9678=CARTESIAN_POINT('',(7.999999999999998,-16.0,-3.2));
#9679=DIRECTION('',(0.0,0.0,-1.0));
#9680=DIRECTION('',(-1.0,0.0,0.0));
#9681=AXIS2_PLACEMENT_3D('',#9678,#9679,#9680);
#9682=CIRCLE('',#9681,3.200000000000001);
#9683=EDGE_CURVE('',#9677,#9677,#9682,.T.);
#9684=ORIENTED_EDGE('',*,*,#9683,.T.);
#9685=EDGE_LOOP('',(#9684));
#9686=FACE_OUTER_BOUND('',#9685,.T.);
#9687=CARTESIAN_POINT('',(10.4,-16.0,-3.2));
#9688=VERTEX_POINT('',#9687);
#9689=CARTESIAN_POINT('',(7.999999999999998,-16.0,-3.2));
#9690=DIRECTION('',(0.0,0.0,-1.0));
#9691=DIRECTION('',(-1.0,0.0,0.0));
#9692=AXIS2_PLACEMENT_3D('',#9689,#9690,#9691);
#9693=CIRCLE('',#9692,2.4);
#9694=EDGE_CURVE('',#9688,#9688,#9693,.T.);
#9695=ORIENTED_EDGE('',*,*,#9694,.F.);
#9696=EDGE_LOOP('',(#9695));
#9697=FACE_BOUND('',#9696,.T.);
#9698=ADVANCED_FACE('',(#9686,#9697),#9675,.T.);
#9699=CARTESIAN_POINT('',(7.999999999999998,-16.0,-3.6));
#9700=DIRECTION('',(0.0,0.0,-1.0));
#9701=DIRECTION('',(-1.0,0.0,0.0));
#9702=AXIS2_PLACEMENT_3D('',#9699,#9700,#9701);
#9703=CYLINDRICAL_SURFACE('',#9702,3.200000000000001);
#9704=ORIENTED_EDGE('',*,*,#3496,.F.);
#9705=EDGE_LOOP('',(#9704));
#9706=FACE_OUTER_BOUND('',#9705,.T.);
#9707=ORIENTED_EDGE('',*,*,#9683,.F.);
#9708=EDGE_LOOP('',(#9707));
#9709=FACE_BOUND('',#9708,.T.);
#9710=ADVANCED_FACE('',(#9706,#9709),#9703,.F.);
#9711=CARTESIAN_POINT('',(7.999999999999998,-16.0,3.2));
#9712=DIRECTION('',(0.0,0.0,1.0));
#9713=DIRECTION('',(1.0,0.0,0.0));
#9714=AXIS2_PLACEMENT_3D('',#9711,#9712,#9713);
#9715=PLANE('',#9714);
#9716=CARTESIAN_POINT('',(11.200000000000001,-16.0,3.2));
#9717=VERTEX_POINT('',#9716);
#9718=CARTESIAN_POINT('',(7.999999999999998,-16.0,3.2));
#9719=DIRECTION('',(0.0,0.0,1.0));
#9720=DIRECTION('',(1.0,0.0,0.0));
#9721=AXIS2_PLACEMENT_3D('',#9718,#9719,#9720);
#9722=CIRCLE('',#9721,3.200000000000001);
#9723=EDGE_CURVE('',#9717,#9717,#9722,.T.);
#9724=ORIENTED_EDGE('',*,*,#9723,.T.);
#9725=EDGE_LOOP('',(#9724));
#9726=FACE_OUTER_BOUND('',#9725,.T.);
#9727=CARTESIAN_POINT('',(5.599999999999996,-16.0,3.2));
#9728=VERTEX_POINT('',#9727);
#9729=CARTESIAN_POINT('',(7.999999999999998,-16.0,3.2));
#9730=DIRECTION('',(0.0,0.0,1.0));
#9731=DIRECTION('',(1.0,0.0,0.0));
#9732=AXIS2_PLACEMENT_3D('',#9729,#9730,#9731);
#9733=CIRCLE('',#9732,2.4);
#9734=EDGE_CURVE('',#9728,#9728,#9733,.T.);
#9735=ORIENTED_EDGE('',*,*,#9734,.F.);
#9736=EDGE_LOOP('',(#9735));
#9737=FACE_BOUND('',#9736,.T.);
#9738=ADVANCED_FACE('',(#9726,#9737),#9715,.T.);
#9739=CARTESIAN_POINT('',(7.999999999999998,-16.0,3.6));
#9740=DIRECTION('',(0.0,0.0,1.0));
#9741=DIRECTION('',(1.0,0.0,0.0));
#9742=AXIS2_PLACEMENT_3D('',#9739,#9740,#9741);
#9743=CYLINDRICAL_SURFACE('',#9742,3.200000000000001);
#9744=ORIENTED_EDGE('',*,*,#4660,.F.);
#9745=EDGE_LOOP('',(#9744));
#9746=FACE_OUTER_BOUND('',#9745,.T.);
#9747=ORIENTED_EDGE('',*,*,#9723,.F.);
#9748=EDGE_LOOP('',(#9747));
#9749=FACE_BOUND('',#9748,.T.);
#9750=ADVANCED_FACE('',(#9746,#9749),#9743,.F.);
#9751=CARTESIAN_POINT('',(7.999999999999998,-16.0,2.0));
#9752=DIRECTION('',(0.0,0.0,1.0));
#9753=DIRECTION('',(1.0,0.0,0.0));
#9754=AXIS2_PLACEMENT_3D('',#9751,#9752,#9753);
#9755=CYLINDRICAL_SURFACE('',#9754,2.4);
#9756=ORIENTED_EDGE('',*,*,#9694,.T.);
#9757=EDGE_LOOP('',(#9756));
#9758=FACE_OUTER_BOUND('',#9757,.T.);
#9759=ORIENTED_EDGE('',*,*,#9734,.T.);
#9760=EDGE_LOOP('',(#9759));
#9761=FACE_BOUND('',#9760,.T.);
#9762=ADVANCED_FACE('',(#9758,#9761),#9755,.F.);
#9763=CARTESIAN_POINT('',(-8.000000000000004,-16.0,-3.2));
#9764=DIRECTION('',(0.0,0.0,-1.0));
#9765=DIRECTION('',(-1.0,0.0,0.0));
#9766=AXIS2_PLACEMENT_3D('',#9763,#9764,#9765);
#9767=PLANE('',#9766);
#9768=CARTESIAN_POINT('',(-11.200000000000006,-16.0,-3.2));
#9769=VERTEX_POINT('',#9768);
#9770=CARTESIAN_POINT('',(-8.000000000000004,-16.0,-3.2));
#9771=DIRECTION('',(0.0,0.0,-1.0));
#9772=DIRECTION('',(-1.0,0.0,0.0));
#9773=AXIS2_PLACEMENT_3D('',#9770,#9771,#9772);
#9774=CIRCLE('',#9773,3.200000000000001);
#9775=EDGE_CURVE('',#9769,#9769,#9774,.T.);
#9776=ORIENTED_EDGE('',*,*,#9775,.T.);
#9777=EDGE_LOOP('',(#9776));
#9778=FACE_OUTER_BOUND('',#9777,.T.);
#9779=CARTESIAN_POINT('',(-5.600000000000001,-16.0,-3.2));
#9780=VERTEX_POINT('',#9779);
#9781=CARTESIAN_POINT('',(-8.000000000000004,-16.0,-3.2));
#9782=DIRECTION('',(0.0,0.0,-1.0));
#9783=DIRECTION('',(-1.0,0.0,0.0));
#9784=AXIS2_PLACEMENT_3D('',#9781,#9782,#9783);
#9785=CIRCLE('',#9784,2.4);
#9786=EDGE_CURVE('',#9780,#9780,#9785,.T.);
#9787=ORIENTED_EDGE('',*,*,#9786,.F.);
#9788=EDGE_LOOP('',(#9787));
#9789=FACE_BOUND('',#9788,.T.);
#9790=ADVANCED_FACE('',(#9778,#9789),#9767,.T.);
#9791=CARTESIAN_POINT('',(-8.000000000000004,-16.0,-3.6));
#9792=DIRECTION('',(0.0,0.0,-1.0));
#9793=DIRECTION('',(-1.0,0.0,0.0));
#9794=AXIS2_PLACEMENT_3D('',#9791,#9792,#9793);
#9795=CYLINDRICAL_SURFACE('',#9794,3.200000000000001);
#9796=ORIENTED_EDGE('',*,*,#3485,.F.);
#9797=EDGE_LOOP('',(#9796));
#9798=FACE_OUTER_BOUND('',#9797,.T.);
#9799=ORIENTED_EDGE('',*,*,#9775,.F.);
#9800=EDGE_LOOP('',(#9799));
#9801=FACE_BOUND('',#9800,.T.);
#9802=ADVANCED_FACE('',(#9798,#9801),#9795,.F.);
#9803=CARTESIAN_POINT('',(-8.000000000000004,-16.0,3.2));
#9804=DIRECTION('',(0.0,0.0,1.0));
#9805=DIRECTION('',(1.0,0.0,0.0));
#9806=AXIS2_PLACEMENT_3D('',#9803,#9804,#9805);
#9807=PLANE('',#9806);
#9808=CARTESIAN_POINT('',(-4.8,-16.0,3.2));
#9809=VERTEX_POINT('',#9808);
#9810=CARTESIAN_POINT('',(-8.000000000000004,-16.0,3.2));
#9811=DIRECTION('',(0.0,0.0,1.0));
#9812=DIRECTION('',(1.0,0.0,0.0));
#9813=AXIS2_PLACEMENT_3D('',#9810,#9811,#9812);
#9814=CIRCLE('',#9813,3.200000000000001);
#9815=EDGE_CURVE('',#9809,#9809,#9814,.T.);
#9816=ORIENTED_EDGE('',*,*,#9815,.T.);
#9817=EDGE_LOOP('',(#9816));
#9818=FACE_OUTER_BOUND('',#9817,.T.);
#9819=CARTESIAN_POINT('',(-10.400000000000006,-16.0,3.2));
#9820=VERTEX_POINT('',#9819);
#9821=CARTESIAN_POINT('',(-8.000000000000004,-16.0,3.2));
#9822=DIRECTION('',(0.0,0.0,1.0));
#9823=DIRECTION('',(1.0,0.0,0.0));
#9824=AXIS2_PLACEMENT_3D('',#9821,#9822,#9823);
#9825=CIRCLE('',#9824,2.4);
#9826=EDGE_CURVE('',#9820,#9820,#9825,.T.);
#9827=ORIENTED_EDGE('',*,*,#9826,.F.);
#9828=EDGE_LOOP('',(#9827));
#9829=FACE_BOUND('',#9828,.T.);
#9830=ADVANCED_FACE('',(#9818,#9829),#9807,.T.);
#9831=CARTESIAN_POINT('',(-8.000000000000004,-16.0,3.6));
#9832=DIRECTION('',(0.0,0.0,1.0));
#9833=DIRECTION('',(1.0,0.0,0.0));
#9834=AXIS2_PLACEMENT_3D('',#9831,#9832,#9833);
#9835=CYLINDRICAL_SURFACE('',#9834,3.200000000000001);
#9836=ORIENTED_EDGE('',*,*,#4649,.F.);
#9837=EDGE_LOOP('',(#9836));
#9838=FACE_OUTER_BOUND('',#9837,.T.);
#9839=ORIENTED_EDGE('',*,*,#9815,.F.);
#9840=EDGE_LOOP('',(#9839));
#9841=FACE_BOUND('',#9840,.T.);
#9842=ADVANCED_FACE('',(#9838,#9841),#9835,.F.);
#9843=CARTESIAN_POINT('',(-8.000000000000004,-16.0,2.0));
#9844=DIRECTION('',(0.0,0.0,1.0));
#9845=DIRECTION('',(1.0,0.0,0.0));
#9846=AXIS2_PLACEMENT_3D('',#9843,#9844,#9845);
#9847=CYLINDRICAL_SURFACE('',#9846,2.4);
#9848=ORIENTED_EDGE('',*,*,#9786,.T.);
#9849=EDGE_LOOP('',(#9848));
#9850=FACE_OUTER_BOUND('',#9849,.T.);
#9851=ORIENTED_EDGE('',*,*,#9826,.T.);
#9852=EDGE_LOOP('',(#9851));
#9853=FACE_BOUND('',#9852,.T.);
#9854=ADVANCED_FACE('',(#9850,#9853),#9847,.F.);
#9855=CARTESIAN_POINT('',(-20.800000000000011,8.0,0.0));
#9856=DIRECTION('',(1.0,0.0,0.0));
#9857=DIRECTION('',(0.0,1.0,0.0));
#9858=AXIS2_PLACEMENT_3D('',#9855,#9856,#9857);
#9859=PLANE('',#9858);
#9860=ORIENTED_EDGE('',*,*,#8624,.T.);
#9861=ORIENTED_EDGE('',*,*,#2784,.T.);
#9862=ORIENTED_EDGE('',*,*,#1337,.F.);
#9863=ORIENTED_EDGE('',*,*,#8435,.T.);
#9864=EDGE_LOOP('',(#9860,#9861,#9862,#9863));
#9865=FACE_OUTER_BOUND('',#9864,.T.);
#9866=CARTESIAN_POINT('',(-20.800000000000011,5.600000000000001,-2.939152E-016));
#9867=VERTEX_POINT('',#9866);
#9868=CARTESIAN_POINT('',(-20.800000000000011,8.0,0.0));
#9869=DIRECTION('',(1.0,0.0,0.0));
#9870=DIRECTION('',(0.0,1.0,0.0));
#9871=AXIS2_PLACEMENT_3D('',#9868,#9869,#9870);
#9872=CIRCLE('',#9871,2.4);
#9873=EDGE_CURVE('',#9867,#9867,#9872,.T.);
#9874=ORIENTED_EDGE('',*,*,#9873,.F.);
#9875=EDGE_LOOP('',(#9874));
#9876=FACE_BOUND('',#9875,.T.);
#9877=ADVANCED_FACE('',(#9865,#9876),#9859,.T.);
#9878=CARTESIAN_POINT('',(-27.200000000000006,8.0,0.0));
#9879=DIRECTION('',(-1.0,0.0,0.0));
#9880=DIRECTION('',(0.0,-1.0,0.0));
#9881=AXIS2_PLACEMENT_3D('',#9878,#9879,#9880);
#9882=PLANE('',#9881);
#9883=CARTESIAN_POINT('',(-27.200000000000006,4.8,0.0));
#9884=VERTEX_POINT('',#9883);
#9885=CARTESIAN_POINT('',(-27.200000000000006,8.0,0.0));
#9886=DIRECTION('',(-1.0,0.0,0.0));
#9887=DIRECTION('',(0.0,-1.0,0.0));
#9888=AXIS2_PLACEMENT_3D('',#9885,#9886,#9887);
#9889=CIRCLE('',#9888,3.200000000000001);
#9890=EDGE_CURVE('',#9884,#9884,#9889,.T.);
#9891=ORIENTED_EDGE('',*,*,#9890,.T.);
#9892=EDGE_LOOP('',(#9891));
#9893=FACE_OUTER_BOUND('',#9892,.T.);
#9894=CARTESIAN_POINT('',(-27.200000000000006,10.4,-2.939152E-016));
#9895=VERTEX_POINT('',#9894);
#9896=CARTESIAN_POINT('',(-27.200000000000006,8.0,0.0));
#9897=DIRECTION('',(-1.0,0.0,0.0));
#9898=DIRECTION('',(0.0,-1.0,0.0));
#9899=AXIS2_PLACEMENT_3D('',#9896,#9897,#9898);
#9900=CIRCLE('',#9899,2.4);
#9901=EDGE_CURVE('',#9895,#9895,#9900,.T.);
#9902=ORIENTED_EDGE('',*,*,#9901,.F.);
#9903=EDGE_LOOP('',(#9902));
#9904=FACE_BOUND('',#9903,.T.);
#9905=ADVANCED_FACE('',(#9893,#9904),#9882,.T.);
#9906=CARTESIAN_POINT('',(-27.600000000000009,8.0,0.0));
#9907=DIRECTION('',(-1.0,0.0,0.0));
#9908=DIRECTION('',(0.0,-1.0,0.0));
#9909=AXIS2_PLACEMENT_3D('',#9906,#9907,#9908);
#9910=CYLINDRICAL_SURFACE('',#9909,3.200000000000001);
#9911=ORIENTED_EDGE('',*,*,#7142,.F.);
#9912=EDGE_LOOP('',(#9911));
#9913=FACE_OUTER_BOUND('',#9912,.T.);
#9914=ORIENTED_EDGE('',*,*,#9890,.F.);
#9915=EDGE_LOOP('',(#9914));
#9916=FACE_BOUND('',#9915,.T.);
#9917=ADVANCED_FACE('',(#9913,#9916),#9910,.F.);
#9918=CARTESIAN_POINT('',(-16.0,-12.4,0.0));
#9919=DIRECTION('',(9.251859E-017,1.0,0.0));
#9920=DIRECTION('',(-1.0,0.0,0.0));
#9921=AXIS2_PLACEMENT_3D('',#9918,#9919,#9920);
#9922=CYLINDRICAL_SURFACE('',#9921,3.200000000000001);
#9923=ORIENTED_EDGE('',*,*,#3873,.F.);
#9924=ORIENTED_EDGE('',*,*,#3608,.F.);
#9925=ORIENTED_EDGE('',*,*,#8259,.T.);
#9926=ORIENTED_EDGE('',*,*,#8372,.F.);
#9927=EDGE_LOOP('',(#9923,#9924,#9925,#9926));
#9928=FACE_OUTER_BOUND('',#9927,.T.);
#9929=ADVANCED_FACE('',(#9928),#9922,.F.);
#9930=CARTESIAN_POINT('',(-16.0,-19.200000000000003,0.0));
#9931=DIRECTION('',(0.0,-1.0,0.0));
#9932=DIRECTION('',(1.0,0.0,0.0));
#9933=AXIS2_PLACEMENT_3D('',#9930,#9931,#9932);
#9934=PLANE('',#9933);
#9935=CARTESIAN_POINT('',(-12.800000000000001,-19.200000000000003,0.0));
#9936=VERTEX_POINT('',#9935);
#9937=CARTESIAN_POINT('',(-16.0,-19.200000000000003,0.0));
#9938=DIRECTION('',(0.0,-1.0,0.0));
#9939=DIRECTION('',(1.0,0.0,0.0));
#9940=AXIS2_PLACEMENT_3D('',#9937,#9938,#9939);
#9941=CIRCLE('',#9940,3.200000000000001);
#9942=EDGE_CURVE('',#9936,#9936,#9941,.T.);
#9943=ORIENTED_EDGE('',*,*,#9942,.T.);
#9944=EDGE_LOOP('',(#9943));
#9945=FACE_OUTER_BOUND('',#9944,.T.);
#9946=CARTESIAN_POINT('',(-18.400000000000002,-19.200000000000003,-2.939152E-016));
#9947=VERTEX_POINT('',#9946);
#9948=CARTESIAN_POINT('',(-16.0,-19.200000000000003,0.0));
#9949=DIRECTION('',(0.0,-1.0,0.0));
#9950=DIRECTION('',(1.0,0.0,0.0));
#9951=AXIS2_PLACEMENT_3D('',#9948,#9949,#9950);
#9952=CIRCLE('',#9951,2.4);
#9953=EDGE_CURVE('',#9947,#9947,#9952,.T.);
#9954=ORIENTED_EDGE('',*,*,#9953,.F.);
#9955=EDGE_LOOP('',(#9954));
#9956=FACE_BOUND('',#9955,.T.);
#9957=ADVANCED_FACE('',(#9945,#9956),#9934,.T.);
#9958=CARTESIAN_POINT('',(-16.0,-19.600000000000005,0.0));
#9959=DIRECTION('',(9.251859E-017,-1.0,0.0));
#9960=DIRECTION('',(1.0,0.0,0.0));
#9961=AXIS2_PLACEMENT_3D('',#9958,#9959,#9960);
#9962=CYLINDRICAL_SURFACE('',#9961,3.200000000000001);
#9963=ORIENTED_EDGE('',*,*,#954,.F.);
#9964=EDGE_LOOP('',(#9963));
#9965=FACE_OUTER_BOUND('',#9964,.T.);
#9966=ORIENTED_EDGE('',*,*,#9942,.F.);
#9967=EDGE_LOOP('',(#9966));
#9968=FACE_BOUND('',#9967,.T.);
#9969=ADVANCED_FACE('',(#9965,#9968),#9962,.F.);
#9970=CARTESIAN_POINT('',(-24.000000000000004,-16.0,3.2));
#9971=DIRECTION('',(0.0,0.0,1.0));
#9972=DIRECTION('',(1.0,0.0,0.0));
#9973=AXIS2_PLACEMENT_3D('',#9970,#9971,#9972);
#9974=PLANE('',#9973);
#9975=CARTESIAN_POINT('',(-24.000000000000004,-12.800000000000001,3.199999999999999));
#9976=VERTEX_POINT('',#9975);
#9977=CARTESIAN_POINT('',(-24.000000000000004,-16.0,3.2));
#9978=DIRECTION('',(0.0,0.0,1.0));
#9979=DIRECTION('',(1.0,0.0,0.0));
#9980=AXIS2_PLACEMENT_3D('',#9977,#9978,#9979);
#9981=CIRCLE('',#9980,3.200000000000001);
#9982=EDGE_CURVE('',#9976,#9976,#9981,.T.);
#9983=ORIENTED_EDGE('',*,*,#9982,.T.);
#9984=EDGE_LOOP('',(#9983));
#9985=FACE_OUTER_BOUND('',#9984,.T.);
#9986=ORIENTED_EDGE('',*,*,#7359,.F.);
#9987=EDGE_LOOP('',(#9986));
#9988=FACE_BOUND('',#9987,.T.);
#9989=ADVANCED_FACE('',(#9985,#9988),#9974,.T.);
#9990=CARTESIAN_POINT('',(-24.000000000000004,-16.0,3.6));
#9991=DIRECTION('',(0.0,0.0,1.0));
#9992=DIRECTION('',(1.0,0.0,0.0));
#9993=AXIS2_PLACEMENT_3D('',#9990,#9991,#9992);
#9994=CYLINDRICAL_SURFACE('',#9993,3.200000000000001);
#9995=ORIENTED_EDGE('',*,*,#9982,.F.);
#9996=EDGE_LOOP('',(#9995));
#9997=FACE_OUTER_BOUND('',#9996,.T.);
#9998=ORIENTED_EDGE('',*,*,#4638,.F.);
#9999=EDGE_LOOP('',(#9998));
#10000=FACE_BOUND('',#9999,.T.);
#10001=ADVANCED_FACE('',(#9997,#10000),#9994,.F.);
#10002=CARTESIAN_POINT('',(0.0,0.0,0.0));
#10003=DIRECTION('',(1.0,0.0,0.0));
#10004=DIRECTION('',(0.0,-1.0,0.0));
#10005=AXIS2_PLACEMENT_3D('',#10002,#10003,#10004);
#10006=CYLINDRICAL_SURFACE('',#10005,3.6);
#10007=CARTESIAN_POINT('',(26.400000000000006,2.381176179958132,2.7));
#10008=VERTEX_POINT('',#10007);
#10009=CARTESIAN_POINT('',(28.0,2.381176179958132,2.7));
#10010=DIRECTION('',(-1.0,0.0,0.0));
#10011=VECTOR('',#10010,1.599999999999994);
#10012=LINE('',#10009,#10011);
#10013=EDGE_CURVE('',#5451,#10008,#10012,.T.);
#10014=ORIENTED_EDGE('',*,*,#10013,.F.);
#10015=ORIENTED_EDGE('',*,*,#5482,.T.);
#10016=CARTESIAN_POINT('',(26.400000000000006,2.381176179958132,-2.7));
#10017=VERTEX_POINT('',#10016);
#10018=CARTESIAN_POINT('',(26.400000000000006,2.381176179958132,-2.7));
#10019=DIRECTION('',(1.0,0.0,0.0));
#10020=VECTOR('',#10019,1.599999999999994);
#10021=LINE('',#10018,#10020);
#10022=EDGE_CURVE('',#10017,#5470,#10021,.T.);
#10023=ORIENTED_EDGE('',*,*,#10022,.F.);
#10024=CARTESIAN_POINT('',(26.399999999999999,0.0,0.0));
#10025=DIRECTION('',(-1.0,0.0,0.0));
#10026=DIRECTION('',(0.0,-1.0,0.0));
#10027=AXIS2_PLACEMENT_3D('',#10024,#10025,#10026);
#10028=CIRCLE('',#10027,3.6);
#10029=EDGE_CURVE('',#10008,#10017,#10028,.T.);
#10030=ORIENTED_EDGE('',*,*,#10029,.F.);
#10031=EDGE_LOOP('',(#10014,#10015,#10023,#10030));
#10032=FACE_OUTER_BOUND('',#10031,.T.);
#10033=ADVANCED_FACE('',(#10032),#10006,.T.);
#10034=CARTESIAN_POINT('',(0.0,0.0,0.0));
#10035=DIRECTION('',(1.0,0.0,0.0));
#10036=DIRECTION('',(0.0,-1.0,0.0));
#10037=AXIS2_PLACEMENT_3D('',#10034,#10035,#10036);
#10038=CYLINDRICAL_SURFACE('',#10037,3.6);
#10039=CARTESIAN_POINT('',(26.400000000000009,-2.381176179958132,2.7));
#10040=VERTEX_POINT('',#10039);
#10041=CARTESIAN_POINT('',(26.400000000000009,-2.381176179958132,2.7));
#10042=DIRECTION('',(1.0,0.0,0.0));
#10043=VECTOR('',#10042,1.599999999999991);
#10044=LINE('',#10041,#10043);
#10045=EDGE_CURVE('',#10040,#5417,#10044,.T.);
#10046=ORIENTED_EDGE('',*,*,#10045,.F.);
#10047=CARTESIAN_POINT('',(26.400000000000009,-2.381176179958132,-2.7));
#10048=VERTEX_POINT('',#10047);
#10049=CARTESIAN_POINT('',(26.399999999999999,0.0,0.0));
#10050=DIRECTION('',(-1.0,0.0,0.0));
#10051=DIRECTION('',(0.0,-1.0,0.0));
#10052=AXIS2_PLACEMENT_3D('',#10049,#10050,#10051);
#10053=CIRCLE('',#10052,3.6);
#10054=EDGE_CURVE('',#10048,#10040,#10053,.T.);
#10055=ORIENTED_EDGE('',*,*,#10054,.F.);
#10056=CARTESIAN_POINT('',(28.0,-2.381176179958132,-2.7));
#10057=DIRECTION('',(-1.0,0.0,0.0));
#10058=VECTOR('',#10057,1.599999999999991);
#10059=LINE('',#10056,#10058);
#10060=EDGE_CURVE('',#5415,#10048,#10059,.T.);
#10061=ORIENTED_EDGE('',*,*,#10060,.F.);
#10062=ORIENTED_EDGE('',*,*,#5423,.T.);
#10063=EDGE_LOOP('',(#10046,#10055,#10061,#10062));
#10064=FACE_OUTER_BOUND('',#10063,.T.);
#10065=ADVANCED_FACE('',(#10064),#10038,.T.);
#10066=CARTESIAN_POINT('',(0.0,0.0,0.0));
#10067=DIRECTION('',(1.0,0.0,0.0));
#10068=DIRECTION('',(0.0,-1.0,0.0));
#10069=AXIS2_PLACEMENT_3D('',#10066,#10067,#10068);
#10070=CYLINDRICAL_SURFACE('',#10069,2.4);
#10071=ORIENTED_EDGE('',*,*,#8747,.T.);
#10072=EDGE_LOOP('',(#10071));
#10073=FACE_OUTER_BOUND('',#10072,.T.);
#10074=ORIENTED_EDGE('',*,*,#8706,.T.);
#10075=EDGE_LOOP('',(#10074));
#10076=FACE_BOUND('',#10075,.T.);
#10077=ADVANCED_FACE('',(#10073,#10076),#10070,.F.);
#10078=CARTESIAN_POINT('',(0.0,8.0,0.0));
#10079=DIRECTION('',(1.0,0.0,0.0));
#10080=DIRECTION('',(0.0,-1.0,0.0));
#10081=AXIS2_PLACEMENT_3D('',#10078,#10079,#10080);
#10082=CYLINDRICAL_SURFACE('',#10081,3.6);
#10083=CARTESIAN_POINT('',(26.400000000000002,5.61882382004187,2.7));
#10084=VERTEX_POINT('',#10083);
#10085=CARTESIAN_POINT('',(26.400000000000002,5.61882382004187,2.7));
#10086=DIRECTION('',(1.0,0.0,0.0));
#10087=VECTOR('',#10086,1.599999999999998);
#10088=LINE('',#10085,#10087);
#10089=EDGE_CURVE('',#10084,#5453,#10088,.T.);
#10090=ORIENTED_EDGE('',*,*,#10089,.F.);
#10091=CARTESIAN_POINT('',(26.400000000000002,5.61882382004187,-2.7));
#10092=VERTEX_POINT('',#10091);
#10093=CARTESIAN_POINT('',(26.399999999999999,8.0,0.0));
#10094=DIRECTION('',(-1.0,0.0,0.0));
#10095=DIRECTION('',(0.0,-1.0,0.0));
#10096=AXIS2_PLACEMENT_3D('',#10093,#10094,#10095);
#10097=CIRCLE('',#10096,3.6);
#10098=EDGE_CURVE('',#10092,#10084,#10097,.T.);
#10099=ORIENTED_EDGE('',*,*,#10098,.F.);
#10100=CARTESIAN_POINT('',(28.0,5.61882382004187,-2.7));
#10101=DIRECTION('',(-1.0,0.0,0.0));
#10102=VECTOR('',#10101,1.599999999999998);
#10103=LINE('',#10100,#10102);
#10104=EDGE_CURVE('',#5461,#10092,#10103,.T.);
#10105=ORIENTED_EDGE('',*,*,#10104,.F.);
#10106=ORIENTED_EDGE('',*,*,#5467,.T.);
#10107=EDGE_LOOP('',(#10090,#10099,#10105,#10106));
#10108=FACE_OUTER_BOUND('',#10107,.T.);
#10109=ADVANCED_FACE('',(#10108),#10082,.T.);
#10110=CARTESIAN_POINT('',(0.0,8.0,0.0));
#10111=DIRECTION('',(1.0,0.0,0.0));
#10112=DIRECTION('',(0.0,-1.0,0.0));
#10113=AXIS2_PLACEMENT_3D('',#10110,#10111,#10112);
#10114=CYLINDRICAL_SURFACE('',#10113,2.4);
#10115=ORIENTED_EDGE('',*,*,#8608,.T.);
#10116=EDGE_LOOP('',(#10115));
#10117=FACE_OUTER_BOUND('',#10116,.T.);
#10118=ORIENTED_EDGE('',*,*,#8787,.T.);
#10119=EDGE_LOOP('',(#10118));
#10120=FACE_BOUND('',#10119,.T.);
#10121=ADVANCED_FACE('',(#10117,#10120),#10114,.F.);
#10122=CARTESIAN_POINT('',(0.0,-8.0,0.0));
#10123=DIRECTION('',(1.0,0.0,0.0));
#10124=DIRECTION('',(0.0,-1.0,0.0));
#10125=AXIS2_PLACEMENT_3D('',#10122,#10123,#10124);
#10126=CYLINDRICAL_SURFACE('',#10125,3.600000000000001);
#10127=CARTESIAN_POINT('',(26.400000000000009,-5.618823820041868,-2.7));
#10128=VERTEX_POINT('',#10127);
#10129=CARTESIAN_POINT('',(26.400000000000009,-5.618823820041868,-2.7));
#10130=DIRECTION('',(1.0,0.0,0.0));
#10131=VECTOR('',#10130,1.599999999999991);
#10132=LINE('',#10129,#10131);
#10133=EDGE_CURVE('',#10128,#5426,#10132,.T.);
#10134=ORIENTED_EDGE('',*,*,#10133,.F.);
#10135=CARTESIAN_POINT('',(26.400000000000009,-5.618823820041868,2.7));
#10136=VERTEX_POINT('',#10135);
#10137=CARTESIAN_POINT('',(26.399999999999999,-8.0,0.0));
#10138=DIRECTION('',(-1.0,0.0,0.0));
#10139=DIRECTION('',(0.0,-1.0,0.0));
#10140=AXIS2_PLACEMENT_3D('',#10137,#10138,#10139);
#10141=CIRCLE('',#10140,3.600000000000001);
#10142=EDGE_CURVE('',#10136,#10128,#10141,.T.);
#10143=ORIENTED_EDGE('',*,*,#10142,.F.);
#10144=CARTESIAN_POINT('',(27.999999999999993,-5.618823820041868,2.7));
#10145=DIRECTION('',(-1.0,0.0,0.0));
#10146=VECTOR('',#10145,1.599999999999984);
#10147=LINE('',#10144,#10146);
#10148=EDGE_CURVE('',#5434,#10136,#10147,.T.);
#10149=ORIENTED_EDGE('',*,*,#10148,.F.);
#10150=ORIENTED_EDGE('',*,*,#5440,.T.);
#10151=EDGE_LOOP('',(#10134,#10143,#10149,#10150));
#10152=FACE_OUTER_BOUND('',#10151,.T.);
#10153=ADVANCED_FACE('',(#10152),#10126,.T.);
#10154=CARTESIAN_POINT('',(0.0,-8.0,0.0));
#10155=DIRECTION('',(1.0,0.0,0.0));
#10156=DIRECTION('',(0.0,-1.0,0.0));
#10157=AXIS2_PLACEMENT_3D('',#10154,#10155,#10156);
#10158=CYLINDRICAL_SURFACE('',#10157,2.4);
#10159=ORIENTED_EDGE('',*,*,#7759,.T.);
#10160=EDGE_LOOP('',(#10159));
#10161=FACE_OUTER_BOUND('',#10160,.T.);
#10162=ORIENTED_EDGE('',*,*,#8654,.T.);
#10163=EDGE_LOOP('',(#10162));
#10164=FACE_BOUND('',#10163,.T.);
#10165=ADVANCED_FACE('',(#10161,#10164),#10158,.F.);
#10166=CARTESIAN_POINT('',(24.617971871612099,-2.122596E-015,-2.7));
#10167=DIRECTION('',(0.0,0.0,1.0));
#10168=DIRECTION('',(1.0,0.0,0.0));
#10169=AXIS2_PLACEMENT_3D('',#10166,#10167,#10168);
#10170=PLANE('',#10169);
#10171=ORIENTED_EDGE('',*,*,#10022,.T.);
#10172=ORIENTED_EDGE('',*,*,#5475,.F.);
#10173=ORIENTED_EDGE('',*,*,#10104,.T.);
#10174=CARTESIAN_POINT('',(26.400000000000002,5.61882382004187,-2.7));
#10175=DIRECTION('',(0.0,-1.0,0.0));
#10176=VECTOR('',#10175,3.237647640083739);
#10177=LINE('',#10174,#10176);
#10178=EDGE_CURVE('',#10092,#10017,#10177,.T.);
#10179=ORIENTED_EDGE('',*,*,#10178,.T.);
#10180=EDGE_LOOP('',(#10171,#10172,#10173,#10179));
#10181=FACE_OUTER_BOUND('',#10180,.T.);
#10182=ADVANCED_FACE('',(#10181),#10170,.T.);
#10183=CARTESIAN_POINT('',(24.617971871612095,-2.081668E-015,2.7));
#10184=DIRECTION('',(0.0,0.0,1.0));
#10185=DIRECTION('',(1.0,0.0,0.0));
#10186=AXIS2_PLACEMENT_3D('',#10183,#10184,#10185);
#10187=PLANE('',#10186);
#10188=ORIENTED_EDGE('',*,*,#10013,.T.);
#10189=CARTESIAN_POINT('',(26.400000000000006,2.381176179958131,2.7));
#10190=DIRECTION('',(0.0,1.0,0.0));
#10191=VECTOR('',#10190,3.237647640083739);
#10192=LINE('',#10189,#10191);
#10193=EDGE_CURVE('',#10008,#10084,#10192,.T.);
#10194=ORIENTED_EDGE('',*,*,#10193,.T.);
#10195=ORIENTED_EDGE('',*,*,#10089,.T.);
#10196=ORIENTED_EDGE('',*,*,#5458,.F.);
#10197=EDGE_LOOP('',(#10188,#10194,#10195,#10196));
#10198=FACE_OUTER_BOUND('',#10197,.T.);
#10199=ADVANCED_FACE('',(#10198),#10187,.F.);
#10200=CARTESIAN_POINT('',(26.399999999999999,12.800000000000001,0.0));
#10201=DIRECTION('',(1.0,0.0,0.0));
#10202=DIRECTION('',(0.0,0.0,-1.0));
#10203=AXIS2_PLACEMENT_3D('',#10200,#10201,#10202);
#10204=PLANE('',#10203);
#10205=ORIENTED_EDGE('',*,*,#10029,.T.);
#10206=ORIENTED_EDGE('',*,*,#10178,.F.);
#10207=ORIENTED_EDGE('',*,*,#10098,.T.);
#10208=ORIENTED_EDGE('',*,*,#10193,.F.);
#10209=EDGE_LOOP('',(#10205,#10206,#10207,#10208));
#10210=FACE_OUTER_BOUND('',#10209,.T.);
#10211=ADVANCED_FACE('',(#10210),#10204,.T.);
#10212=CARTESIAN_POINT('',(0.0,0.0,0.0));
#10213=DIRECTION('',(-1.0,0.0,0.0));
#10214=DIRECTION('',(0.0,-1.0,0.0));
#10215=AXIS2_PLACEMENT_3D('',#10212,#10213,#10214);
#10216=CYLINDRICAL_SURFACE('',#10215,3.6);
#10217=CARTESIAN_POINT('',(-26.400000000000002,2.381176179958132,-2.7));
#10218=VERTEX_POINT('',#10217);
#10219=CARTESIAN_POINT('',(-28.000000000000007,2.381176179958132,-2.7));
#10220=DIRECTION('',(1.0,0.0,0.0));
#10221=VECTOR('',#10220,1.600000000000005);
#10222=LINE('',#10219,#10221);
#10223=EDGE_CURVE('',#7147,#10218,#10222,.T.);
#10224=ORIENTED_EDGE('',*,*,#10223,.F.);
#10225=ORIENTED_EDGE('',*,*,#7178,.T.);
#10226=CARTESIAN_POINT('',(-26.400000000000002,2.381176179958132,2.7));
#10227=VERTEX_POINT('',#10226);
#10228=CARTESIAN_POINT('',(-26.400000000000002,2.381176179958132,2.7));
#10229=DIRECTION('',(-1.0,0.0,0.0));
#10230=VECTOR('',#10229,1.600000000000005);
#10231=LINE('',#10228,#10230);
#10232=EDGE_CURVE('',#10227,#7166,#10231,.T.);
#10233=ORIENTED_EDGE('',*,*,#10232,.F.);
#10234=CARTESIAN_POINT('',(-26.399999999999991,0.0,0.0));
#10235=DIRECTION('',(1.0,0.0,0.0));
#10236=DIRECTION('',(0.0,-1.0,0.0));
#10237=AXIS2_PLACEMENT_3D('',#10234,#10235,#10236);
#10238=CIRCLE('',#10237,3.6);
#10239=EDGE_CURVE('',#10218,#10227,#10238,.T.);
#10240=ORIENTED_EDGE('',*,*,#10239,.F.);
#10241=EDGE_LOOP('',(#10224,#10225,#10233,#10240));
#10242=FACE_OUTER_BOUND('',#10241,.T.);
#10243=ADVANCED_FACE('',(#10242),#10216,.T.);
#10244=CARTESIAN_POINT('',(0.0,0.0,0.0));
#10245=DIRECTION('',(-1.0,0.0,0.0));
#10246=DIRECTION('',(0.0,-1.0,0.0));
#10247=AXIS2_PLACEMENT_3D('',#10244,#10245,#10246);
#10248=CYLINDRICAL_SURFACE('',#10247,3.6);
#10249=CARTESIAN_POINT('',(-26.399999999999999,-2.381176179958132,-2.7));
#10250=VERTEX_POINT('',#10249);
#10251=CARTESIAN_POINT('',(-26.399999999999999,-2.381176179958132,-2.7));
#10252=DIRECTION('',(-1.0,0.0,0.0));
#10253=VECTOR('',#10252,1.600000000000009);
#10254=LINE('',#10251,#10253);
#10255=EDGE_CURVE('',#10250,#7185,#10254,.T.);
#10256=ORIENTED_EDGE('',*,*,#10255,.F.);
#10257=CARTESIAN_POINT('',(-26.399999999999999,-2.381176179958132,2.7));
#10258=VERTEX_POINT('',#10257);
#10259=CARTESIAN_POINT('',(-26.399999999999991,0.0,0.0));
#10260=DIRECTION('',(1.0,0.0,0.0));
#10261=DIRECTION('',(0.0,-1.0,0.0));
#10262=AXIS2_PLACEMENT_3D('',#10259,#10260,#10261);
#10263=CIRCLE('',#10262,3.6);
#10264=EDGE_CURVE('',#10258,#10250,#10263,.T.);
#10265=ORIENTED_EDGE('',*,*,#10264,.F.);
#10266=CARTESIAN_POINT('',(-28.000000000000007,-2.381176179958132,2.7));
#10267=DIRECTION('',(1.0,0.0,0.0));
#10268=VECTOR('',#10267,1.600000000000009);
#10269=LINE('',#10266,#10268);
#10270=EDGE_CURVE('',#7183,#10258,#10269,.T.);
#10271=ORIENTED_EDGE('',*,*,#10270,.F.);
#10272=ORIENTED_EDGE('',*,*,#7191,.T.);
#10273=EDGE_LOOP('',(#10256,#10265,#10271,#10272));
#10274=FACE_OUTER_BOUND('',#10273,.T.);
#10275=ADVANCED_FACE('',(#10274),#10248,.T.);
#10276=CARTESIAN_POINT('',(0.0,0.0,0.0));
#10277=DIRECTION('',(-1.0,0.0,0.0));
#10278=DIRECTION('',(0.0,-1.0,0.0));
#10279=AXIS2_PLACEMENT_3D('',#10276,#10277,#10278);
#10280=CYLINDRICAL_SURFACE('',#10279,2.4);
#10281=ORIENTED_EDGE('',*,*,#8903,.T.);
#10282=EDGE_LOOP('',(#10281));
#10283=FACE_OUTER_BOUND('',#10282,.T.);
#10284=ORIENTED_EDGE('',*,*,#8943,.T.);
#10285=EDGE_LOOP('',(#10284));
#10286=FACE_BOUND('',#10285,.T.);
#10287=ADVANCED_FACE('',(#10283,#10286),#10280,.F.);
#10288=CARTESIAN_POINT('',(0.0,8.0,0.0));
#10289=DIRECTION('',(-1.0,0.0,0.0));
#10290=DIRECTION('',(0.0,-1.0,0.0));
#10291=AXIS2_PLACEMENT_3D('',#10288,#10289,#10290);
#10292=CYLINDRICAL_SURFACE('',#10291,3.6);
#10293=CARTESIAN_POINT('',(-26.400000000000002,5.61882382004187,-2.7));
#10294=VERTEX_POINT('',#10293);
#10295=CARTESIAN_POINT('',(-26.400000000000002,5.61882382004187,-2.7));
#10296=DIRECTION('',(-1.0,0.0,0.0));
#10297=VECTOR('',#10296,1.600000000000005);
#10298=LINE('',#10295,#10297);
#10299=EDGE_CURVE('',#10294,#7149,#10298,.T.);
#10300=ORIENTED_EDGE('',*,*,#10299,.F.);
#10301=CARTESIAN_POINT('',(-26.400000000000002,5.61882382004187,2.7));
#10302=VERTEX_POINT('',#10301);
#10303=CARTESIAN_POINT('',(-26.399999999999991,8.0,0.0));
#10304=DIRECTION('',(1.0,0.0,0.0));
#10305=DIRECTION('',(0.0,-1.0,0.0));
#10306=AXIS2_PLACEMENT_3D('',#10303,#10304,#10305);
#10307=CIRCLE('',#10306,3.6);
#10308=EDGE_CURVE('',#10302,#10294,#10307,.T.);
#10309=ORIENTED_EDGE('',*,*,#10308,.F.);
#10310=CARTESIAN_POINT('',(-28.000000000000007,5.61882382004187,2.7));
#10311=DIRECTION('',(1.0,0.0,0.0));
#10312=VECTOR('',#10311,1.600000000000005);
#10313=LINE('',#10310,#10312);
#10314=EDGE_CURVE('',#7157,#10302,#10313,.T.);
#10315=ORIENTED_EDGE('',*,*,#10314,.F.);
#10316=ORIENTED_EDGE('',*,*,#7163,.T.);
#10317=EDGE_LOOP('',(#10300,#10309,#10315,#10316));
#10318=FACE_OUTER_BOUND('',#10317,.T.);
#10319=ADVANCED_FACE('',(#10318),#10292,.T.);
#10320=CARTESIAN_POINT('',(0.0,8.0,0.0));
#10321=DIRECTION('',(-1.0,0.0,0.0));
#10322=DIRECTION('',(0.0,-1.0,0.0));
#10323=AXIS2_PLACEMENT_3D('',#10320,#10321,#10322);
#10324=CYLINDRICAL_SURFACE('',#10323,2.4);
#10325=ORIENTED_EDGE('',*,*,#9873,.T.);
#10326=EDGE_LOOP('',(#10325));
#10327=FACE_OUTER_BOUND('',#10326,.T.);
#10328=ORIENTED_EDGE('',*,*,#9901,.T.);
#10329=EDGE_LOOP('',(#10328));
#10330=FACE_BOUND('',#10329,.T.);
#10331=ADVANCED_FACE('',(#10327,#10330),#10324,.F.);
#10332=CARTESIAN_POINT('',(0.0,-8.0,0.0));
#10333=DIRECTION('',(-1.0,0.0,0.0));
#10334=DIRECTION('',(0.0,-1.0,0.0));
#10335=AXIS2_PLACEMENT_3D('',#10332,#10333,#10334);
#10336=CYLINDRICAL_SURFACE('',#10335,3.600000000000001);
#10337=CARTESIAN_POINT('',(-26.399999999999999,-5.618823820041868,2.7));
#10338=VERTEX_POINT('',#10337);
#10339=CARTESIAN_POINT('',(-26.399999999999999,-5.618823820041868,2.7));
#10340=DIRECTION('',(-1.0,0.0,0.0));
#10341=VECTOR('',#10340,1.600000000000009);
#10342=LINE('',#10339,#10341);
#10343=EDGE_CURVE('',#10338,#7194,#10342,.T.);
#10344=ORIENTED_EDGE('',*,*,#10343,.F.);
#10345=CARTESIAN_POINT('',(-26.399999999999999,-5.618823820041868,-2.7));
#10346=VERTEX_POINT('',#10345);
#10347=CARTESIAN_POINT('',(-26.399999999999991,-8.0,0.0));
#10348=DIRECTION('',(1.0,0.0,0.0));
#10349=DIRECTION('',(0.0,-1.0,0.0));
#10350=AXIS2_PLACEMENT_3D('',#10347,#10348,#10349);
#10351=CIRCLE('',#10350,3.600000000000001);
#10352=EDGE_CURVE('',#10346,#10338,#10351,.T.);
#10353=ORIENTED_EDGE('',*,*,#10352,.F.);
#10354=CARTESIAN_POINT('',(-28.000000000000007,-5.618823820041868,-2.7));
#10355=DIRECTION('',(1.0,0.0,0.0));
#10356=VECTOR('',#10355,1.600000000000009);
#10357=LINE('',#10354,#10356);
#10358=EDGE_CURVE('',#7202,#10346,#10357,.T.);
#10359=ORIENTED_EDGE('',*,*,#10358,.F.);
#10360=ORIENTED_EDGE('',*,*,#7208,.T.);
#10361=EDGE_LOOP('',(#10344,#10353,#10359,#10360));
#10362=FACE_OUTER_BOUND('',#10361,.T.);
#10363=ADVANCED_FACE('',(#10362),#10336,.T.);
#10364=CARTESIAN_POINT('',(0.0,-8.0,0.0));
#10365=DIRECTION('',(-1.0,0.0,0.0));
#10366=DIRECTION('',(0.0,-1.0,0.0));
#10367=AXIS2_PLACEMENT_3D('',#10364,#10365,#10366);
#10368=CYLINDRICAL_SURFACE('',#10367,2.4);
#10369=ORIENTED_EDGE('',*,*,#8834,.T.);
#10370=EDGE_LOOP('',(#10369));
#10371=FACE_OUTER_BOUND('',#10370,.T.);
#10372=ORIENTED_EDGE('',*,*,#8862,.T.);
#10373=EDGE_LOOP('',(#10372));
#10374=FACE_BOUND('',#10373,.T.);
#10375=ADVANCED_FACE('',(#10371,#10374),#10368,.F.);
#10376=CARTESIAN_POINT('',(-24.617971871612102,-2.498002E-015,2.7));
#10377=DIRECTION('',(0.0,0.0,1.0));
#10378=DIRECTION('',(1.0,0.0,0.0));
#10379=AXIS2_PLACEMENT_3D('',#10376,#10377,#10378);
#10380=PLANE('',#10379);
#10381=ORIENTED_EDGE('',*,*,#10232,.T.);
#10382=ORIENTED_EDGE('',*,*,#7171,.F.);
#10383=ORIENTED_EDGE('',*,*,#10314,.T.);
#10384=CARTESIAN_POINT('',(-26.400000000000002,5.618823820041871,2.7));
#10385=DIRECTION('',(0.0,-1.0,0.0));
#10386=VECTOR('',#10385,3.23764764008374);
#10387=LINE('',#10384,#10386);
#10388=EDGE_CURVE('',#10302,#10227,#10387,.T.);
#10389=ORIENTED_EDGE('',*,*,#10388,.T.);
#10390=EDGE_LOOP('',(#10381,#10382,#10383,#10389));
#10391=FACE_OUTER_BOUND('',#10390,.T.);
#10392=ADVANCED_FACE('',(#10391),#10380,.F.);
#10393=CARTESIAN_POINT('',(-24.617971871612102,-2.370201E-015,-2.7));
#10394=DIRECTION('',(0.0,0.0,1.0));
#10395=DIRECTION('',(1.0,0.0,0.0));
#10396=AXIS2_PLACEMENT_3D('',#10393,#10394,#10395);
#10397=PLANE('',#10396);
#10398=ORIENTED_EDGE('',*,*,#10223,.T.);
#10399=CARTESIAN_POINT('',(-26.400000000000002,2.381176179958131,-2.7));
#10400=DIRECTION('',(0.0,1.0,0.0));
#10401=VECTOR('',#10400,3.23764764008374);
#10402=LINE('',#10399,#10401);
#10403=EDGE_CURVE('',#10218,#10294,#10402,.T.);
#10404=ORIENTED_EDGE('',*,*,#10403,.T.);
#10405=ORIENTED_EDGE('',*,*,#10299,.T.);
#10406=ORIENTED_EDGE('',*,*,#7154,.F.);
#10407=EDGE_LOOP('',(#10398,#10404,#10405,#10406));
#10408=FACE_OUTER_BOUND('',#10407,.T.);
#10409=ADVANCED_FACE('',(#10408),#10397,.T.);
#10410=CARTESIAN_POINT('',(-26.399999999999991,-12.799999999999994,0.0));
#10411=DIRECTION('',(-1.0,0.0,0.0));
#10412=DIRECTION('',(0.0,0.0,1.0));
#10413=AXIS2_PLACEMENT_3D('',#10410,#10411,#10412);
#10414=PLANE('',#10413);
#10415=ORIENTED_EDGE('',*,*,#10239,.T.);
#10416=ORIENTED_EDGE('',*,*,#10388,.F.);
#10417=ORIENTED_EDGE('',*,*,#10308,.T.);
#10418=ORIENTED_EDGE('',*,*,#10403,.F.);
#10419=EDGE_LOOP('',(#10415,#10416,#10417,#10418));
#10420=FACE_OUTER_BOUND('',#10419,.T.);
#10421=ADVANCED_FACE('',(#10420),#10414,.T.);
#10422=CARTESIAN_POINT('',(26.399999999999999,12.800000000000001,0.0));
#10423=DIRECTION('',(1.0,0.0,0.0));
#10424=DIRECTION('',(0.0,0.0,-1.0));
#10425=AXIS2_PLACEMENT_3D('',#10422,#10423,#10424);
#10426=PLANE('',#10425);
#10427=ORIENTED_EDGE('',*,*,#10054,.T.);
#10428=CARTESIAN_POINT('',(26.400000000000013,-5.618823820041868,2.7));
#10429=DIRECTION('',(0.0,1.0,0.0));
#10430=VECTOR('',#10429,3.237647640083738);
#10431=LINE('',#10428,#10430);
#10432=EDGE_CURVE('',#10136,#10040,#10431,.T.);
#10433=ORIENTED_EDGE('',*,*,#10432,.F.);
#10434=ORIENTED_EDGE('',*,*,#10142,.T.);
#10435=CARTESIAN_POINT('',(26.400000000000009,-2.38117617995813,-2.7));
#10436=DIRECTION('',(0.0,-1.0,0.0));
#10437=VECTOR('',#10436,3.237647640083738);
#10438=LINE('',#10435,#10437);
#10439=EDGE_CURVE('',#10048,#10128,#10438,.T.);
#10440=ORIENTED_EDGE('',*,*,#10439,.F.);
#10441=EDGE_LOOP('',(#10427,#10433,#10434,#10440));
#10442=FACE_OUTER_BOUND('',#10441,.T.);
#10443=ADVANCED_FACE('',(#10442),#10426,.T.);
#10444=CARTESIAN_POINT('',(-26.399999999999991,-12.799999999999994,0.0));
#10445=DIRECTION('',(-1.0,0.0,0.0));
#10446=DIRECTION('',(0.0,0.0,1.0));
#10447=AXIS2_PLACEMENT_3D('',#10444,#10445,#10446);
#10448=PLANE('',#10447);
#10449=ORIENTED_EDGE('',*,*,#10264,.T.);
#10450=CARTESIAN_POINT('',(-26.399999999999999,-5.618823820041868,-2.7));
#10451=DIRECTION('',(0.0,1.0,0.0));
#10452=VECTOR('',#10451,3.237647640083737);
#10453=LINE('',#10450,#10452);
#10454=EDGE_CURVE('',#10346,#10250,#10453,.T.);
#10455=ORIENTED_EDGE('',*,*,#10454,.F.);
#10456=ORIENTED_EDGE('',*,*,#10352,.T.);
#10457=CARTESIAN_POINT('',(-26.399999999999999,-2.381176179958131,2.7));
#10458=DIRECTION('',(0.0,-1.0,0.0));
#10459=VECTOR('',#10458,3.237647640083737);
#10460=LINE('',#10457,#10459);
#10461=EDGE_CURVE('',#10258,#10338,#10460,.T.);
#10462=ORIENTED_EDGE('',*,*,#10461,.F.);
#10463=EDGE_LOOP('',(#10449,#10455,#10456,#10462));
#10464=FACE_OUTER_BOUND('',#10463,.T.);
#10465=ADVANCED_FACE('',(#10464),#10448,.T.);
#10466=CARTESIAN_POINT('',(24.617971871612095,-2.081668E-015,2.7));
#10467=DIRECTION('',(0.0,0.0,1.0));
#10468=DIRECTION('',(1.0,0.0,0.0));
#10469=AXIS2_PLACEMENT_3D('',#10466,#10467,#10468);
#10470=PLANE('',#10469);
#10471=ORIENTED_EDGE('',*,*,#10045,.T.);
#10472=ORIENTED_EDGE('',*,*,#5446,.F.);
#10473=ORIENTED_EDGE('',*,*,#10148,.T.);
#10474=ORIENTED_EDGE('',*,*,#10432,.T.);
#10475=EDGE_LOOP('',(#10471,#10472,#10473,#10474));
#10476=FACE_OUTER_BOUND('',#10475,.T.);
#10477=ADVANCED_FACE('',(#10476),#10470,.F.);
#10478=CARTESIAN_POINT('',(-24.617971871612102,-2.370201E-015,-2.7));
#10479=DIRECTION('',(0.0,0.0,1.0));
#10480=DIRECTION('',(1.0,0.0,0.0));
#10481=AXIS2_PLACEMENT_3D('',#10478,#10479,#10480);
#10482=PLANE('',#10481);
#10483=ORIENTED_EDGE('',*,*,#10255,.T.);
#10484=ORIENTED_EDGE('',*,*,#7214,.F.);
#10485=ORIENTED_EDGE('',*,*,#10358,.T.);
#10486=ORIENTED_EDGE('',*,*,#10454,.T.);
#10487=EDGE_LOOP('',(#10483,#10484,#10485,#10486));
#10488=FACE_OUTER_BOUND('',#10487,.T.);
#10489=ADVANCED_FACE('',(#10488),#10482,.T.);
#10490=CARTESIAN_POINT('',(-24.000000000000004,16.0,0.0));
#10491=DIRECTION('',(0.0,0.0,1.0));
#10492=DIRECTION('',(-1.0,0.0,0.0));
#10493=AXIS2_PLACEMENT_3D('',#10490,#10491,#10492);
#10494=CYLINDRICAL_SURFACE('',#10493,4.0);
#10495=ORIENTED_EDGE('',*,*,#4176,.F.);
#10496=ORIENTED_EDGE('',*,*,#1899,.F.);
#10497=ORIENTED_EDGE('',*,*,#1795,.F.);
#10498=ORIENTED_EDGE('',*,*,#1713,.T.);
#10499=ORIENTED_EDGE('',*,*,#1666,.T.);
#10500=ORIENTED_EDGE('',*,*,#3027,.T.);
#10501=EDGE_LOOP('',(#10495,#10496,#10497,#10498,#10499,#10500));
#10502=FACE_OUTER_BOUND('',#10501,.T.);
#10503=ADVANCED_FACE('',(#10502),#10494,.T.);
#10504=CARTESIAN_POINT('',(-16.0,0.0,0.0));
#10505=DIRECTION('',(0.0,1.0,0.0));
#10506=DIRECTION('',(1.0,0.0,0.0));
#10507=AXIS2_PLACEMENT_3D('',#10504,#10505,#10506);
#10508=CYLINDRICAL_SURFACE('',#10507,2.4);
#10509=ORIENTED_EDGE('',*,*,#9137,.T.);
#10510=EDGE_LOOP('',(#10509));
#10511=FACE_OUTER_BOUND('',#10510,.T.);
#10512=ORIENTED_EDGE('',*,*,#9177,.T.);
#10513=EDGE_LOOP('',(#10512));
#10514=FACE_BOUND('',#10513,.T.);
#10515=ADVANCED_FACE('',(#10511,#10514),#10508,.F.);
#10516=CARTESIAN_POINT('',(0.0,0.0,0.0));
#10517=DIRECTION('',(0.0,1.0,0.0));
#10518=DIRECTION('',(1.0,0.0,0.0));
#10519=AXIS2_PLACEMENT_3D('',#10516,#10517,#10518);
#10520=CYLINDRICAL_SURFACE('',#10519,2.4);
#10521=ORIENTED_EDGE('',*,*,#9051,.T.);
#10522=EDGE_LOOP('',(#10521));
#10523=FACE_OUTER_BOUND('',#10522,.T.);
#10524=ORIENTED_EDGE('',*,*,#9097,.T.);
#10525=EDGE_LOOP('',(#10524));
#10526=FACE_BOUND('',#10525,.T.);
#10527=ADVANCED_FACE('',(#10523,#10526),#10520,.F.);
#10528=CARTESIAN_POINT('',(16.0,0.0,0.0));
#10529=DIRECTION('',(0.0,1.0,0.0));
#10530=DIRECTION('',(1.0,0.0,0.0));
#10531=AXIS2_PLACEMENT_3D('',#10528,#10529,#10530);
#10532=CYLINDRICAL_SURFACE('',#10531,2.4);
#10533=ORIENTED_EDGE('',*,*,#8983,.T.);
#10534=EDGE_LOOP('',(#10533));
#10535=FACE_OUTER_BOUND('',#10534,.T.);
#10536=ORIENTED_EDGE('',*,*,#9023,.T.);
#10537=EDGE_LOOP('',(#10536));
#10538=FACE_BOUND('',#10537,.T.);
#10539=ADVANCED_FACE('',(#10535,#10538),#10532,.F.);
#10540=CARTESIAN_POINT('',(-16.0,0.0,0.0));
#10541=DIRECTION('',(0.0,1.0,0.0));
#10542=DIRECTION('',(1.0,0.0,0.0));
#10543=AXIS2_PLACEMENT_3D('',#10540,#10541,#10542);
#10544=CYLINDRICAL_SURFACE('',#10543,3.600000000000001);
#10545=CARTESIAN_POINT('',(-19.509985754956851,13.099999999999998,-0.8));
#10546=VERTEX_POINT('',#10545);
#10547=CARTESIAN_POINT('',(-12.490014245043151,13.099999999999998,-0.8));
#10548=VERTEX_POINT('',#10547);
#10549=CARTESIAN_POINT('',(-16.0,13.099999999999998,0.0));
#10550=DIRECTION('',(0.0,-1.0,0.0));
#10551=DIRECTION('',(1.0,0.0,0.0));
#10552=AXIS2_PLACEMENT_3D('',#10549,#10550,#10551);
#10553=CIRCLE('',#10552,3.600000000000001);
#10554=EDGE_CURVE('',#10546,#10548,#10553,.T.);
#10555=ORIENTED_EDGE('',*,*,#10554,.F.);
#10556=CARTESIAN_POINT('',(-19.509985754956851,18.899999999999999,-0.8));
#10557=VERTEX_POINT('',#10556);
#10558=CARTESIAN_POINT('',(-19.509985754956851,18.899999999999999,-0.8));
#10559=DIRECTION('',(0.0,-1.0,0.0));
#10560=VECTOR('',#10559,5.800000000000001);
#10561=LINE('',#10558,#10560);
#10562=EDGE_CURVE('',#10557,#10546,#10561,.T.);
#10563=ORIENTED_EDGE('',*,*,#10562,.F.);
#10564=CARTESIAN_POINT('',(-12.490014245043151,18.899999999999999,-0.8));
#10565=VERTEX_POINT('',#10564);
#10566=CARTESIAN_POINT('',(-16.0,18.899999999999999,0.0));
#10567=DIRECTION('',(0.0,1.0,0.0));
#10568=DIRECTION('',(1.0,0.0,0.0));
#10569=AXIS2_PLACEMENT_3D('',#10566,#10567,#10568);
#10570=CIRCLE('',#10569,3.600000000000001);
#10571=EDGE_CURVE('',#10565,#10557,#10570,.T.);
#10572=ORIENTED_EDGE('',*,*,#10571,.F.);
#10573=CARTESIAN_POINT('',(-12.490014245043151,13.099999999999998,-0.8));
#10574=DIRECTION('',(0.0,1.0,0.0));
#10575=VECTOR('',#10574,5.800000000000001);
#10576=LINE('',#10573,#10575);
#10577=EDGE_CURVE('',#10548,#10565,#10576,.T.);
#10578=ORIENTED_EDGE('',*,*,#10577,.F.);
#10579=EDGE_LOOP('',(#10555,#10563,#10572,#10578));
#10580=FACE_OUTER_BOUND('',#10579,.T.);
#10581=ADVANCED_FACE('',(#10580),#10544,.T.);
#10582=CARTESIAN_POINT('',(-16.0,0.0,0.0));
#10583=DIRECTION('',(0.0,1.0,0.0));
#10584=DIRECTION('',(1.0,0.0,0.0));
#10585=AXIS2_PLACEMENT_3D('',#10582,#10583,#10584);
#10586=CYLINDRICAL_SURFACE('',#10585,3.600000000000001);
#10587=CARTESIAN_POINT('',(-12.490014245043151,13.099999999999998,0.8));
#10588=VERTEX_POINT('',#10587);
#10589=CARTESIAN_POINT('',(-19.509985754956851,13.099999999999998,0.8));
#10590=VERTEX_POINT('',#10589);
#10591=CARTESIAN_POINT('',(-16.0,13.099999999999998,0.0));
#10592=DIRECTION('',(0.0,-1.0,0.0));
#10593=DIRECTION('',(1.0,0.0,0.0));
#10594=AXIS2_PLACEMENT_3D('',#10591,#10592,#10593);
#10595=CIRCLE('',#10594,3.600000000000001);
#10596=EDGE_CURVE('',#10588,#10590,#10595,.T.);
#10597=ORIENTED_EDGE('',*,*,#10596,.F.);
#10598=CARTESIAN_POINT('',(-12.490014245043151,18.899999999999999,0.8));
#10599=VERTEX_POINT('',#10598);
#10600=CARTESIAN_POINT('',(-12.490014245043151,18.899999999999999,0.8));
#10601=DIRECTION('',(0.0,-1.0,0.0));
#10602=VECTOR('',#10601,5.800000000000001);
#10603=LINE('',#10600,#10602);
#10604=EDGE_CURVE('',#10599,#10588,#10603,.T.);
#10605=ORIENTED_EDGE('',*,*,#10604,.F.);
#10606=CARTESIAN_POINT('',(-19.509985754956851,18.899999999999999,0.8));
#10607=VERTEX_POINT('',#10606);
#10608=CARTESIAN_POINT('',(-16.0,18.899999999999999,0.0));
#10609=DIRECTION('',(0.0,1.0,0.0));
#10610=DIRECTION('',(1.0,0.0,0.0));
#10611=AXIS2_PLACEMENT_3D('',#10608,#10609,#10610);
#10612=CIRCLE('',#10611,3.600000000000001);
#10613=EDGE_CURVE('',#10607,#10599,#10612,.T.);
#10614=ORIENTED_EDGE('',*,*,#10613,.F.);
#10615=CARTESIAN_POINT('',(-19.509985754956851,13.099999999999998,0.8));
#10616=DIRECTION('',(0.0,1.0,0.0));
#10617=VECTOR('',#10616,5.800000000000001);
#10618=LINE('',#10615,#10617);
#10619=EDGE_CURVE('',#10590,#10607,#10618,.T.);
#10620=ORIENTED_EDGE('',*,*,#10619,.F.);
#10621=EDGE_LOOP('',(#10597,#10605,#10614,#10620));
#10622=FACE_OUTER_BOUND('',#10621,.T.);
#10623=ADVANCED_FACE('',(#10622),#10586,.T.);
#10624=CARTESIAN_POINT('',(16.0,0.0,0.0));
#10625=DIRECTION('',(0.0,1.0,0.0));
#10626=DIRECTION('',(1.0,0.0,0.0));
#10627=AXIS2_PLACEMENT_3D('',#10624,#10625,#10626);
#10628=CYLINDRICAL_SURFACE('',#10627,3.600000000000001);
#10629=CARTESIAN_POINT('',(12.490014245043151,13.099999999999998,-0.8));
#10630=VERTEX_POINT('',#10629);
#10631=CARTESIAN_POINT('',(19.509985754956851,13.099999999999998,-0.8));
#10632=VERTEX_POINT('',#10631);
#10633=CARTESIAN_POINT('',(16.0,13.099999999999998,0.0));
#10634=DIRECTION('',(0.0,-1.0,0.0));
#10635=DIRECTION('',(1.0,0.0,0.0));
#10636=AXIS2_PLACEMENT_3D('',#10633,#10634,#10635);
#10637=CIRCLE('',#10636,3.600000000000001);
#10638=EDGE_CURVE('',#10630,#10632,#10637,.T.);
#10639=ORIENTED_EDGE('',*,*,#10638,.F.);
#10640=CARTESIAN_POINT('',(12.490014245043151,18.899999999999999,-0.8));
#10641=VERTEX_POINT('',#10640);
#10642=CARTESIAN_POINT('',(12.490014245043151,18.899999999999999,-0.8));
#10643=DIRECTION('',(0.0,-1.0,0.0));
#10644=VECTOR('',#10643,5.800000000000001);
#10645=LINE('',#10642,#10644);
#10646=EDGE_CURVE('',#10641,#10630,#10645,.T.);
#10647=ORIENTED_EDGE('',*,*,#10646,.F.);
#10648=CARTESIAN_POINT('',(19.509985754956851,18.899999999999999,-0.8));
#10649=VERTEX_POINT('',#10648);
#10650=CARTESIAN_POINT('',(16.0,18.899999999999999,0.0));
#10651=DIRECTION('',(0.0,1.0,0.0));
#10652=DIRECTION('',(1.0,0.0,0.0));
#10653=AXIS2_PLACEMENT_3D('',#10650,#10651,#10652);
#10654=CIRCLE('',#10653,3.600000000000001);
#10655=EDGE_CURVE('',#10649,#10641,#10654,.T.);
#10656=ORIENTED_EDGE('',*,*,#10655,.F.);
#10657=CARTESIAN_POINT('',(19.509985754956851,13.099999999999998,-0.8));
#10658=DIRECTION('',(0.0,1.0,0.0));
#10659=VECTOR('',#10658,5.800000000000001);
#10660=LINE('',#10657,#10659);
#10661=EDGE_CURVE('',#10632,#10649,#10660,.T.);
#10662=ORIENTED_EDGE('',*,*,#10661,.F.);
#10663=EDGE_LOOP('',(#10639,#10647,#10656,#10662));
#10664=FACE_OUTER_BOUND('',#10663,.T.);
#10665=ADVANCED_FACE('',(#10664),#10628,.T.);
#10666=CARTESIAN_POINT('',(16.0,0.0,0.0));
#10667=DIRECTION('',(0.0,1.0,0.0));
#10668=DIRECTION('',(1.0,0.0,0.0));
#10669=AXIS2_PLACEMENT_3D('',#10666,#10667,#10668);
#10670=CYLINDRICAL_SURFACE('',#10669,3.600000000000001);
#10671=CARTESIAN_POINT('',(19.509985754956851,13.099999999999998,0.8));
#10672=VERTEX_POINT('',#10671);
#10673=CARTESIAN_POINT('',(12.490014245043151,13.099999999999998,0.8));
#10674=VERTEX_POINT('',#10673);
#10675=CARTESIAN_POINT('',(16.0,13.099999999999998,0.0));
#10676=DIRECTION('',(0.0,-1.0,0.0));
#10677=DIRECTION('',(1.0,0.0,0.0));
#10678=AXIS2_PLACEMENT_3D('',#10675,#10676,#10677);
#10679=CIRCLE('',#10678,3.600000000000001);
#10680=EDGE_CURVE('',#10672,#10674,#10679,.T.);
#10681=ORIENTED_EDGE('',*,*,#10680,.F.);
#10682=CARTESIAN_POINT('',(19.509985754956851,18.899999999999999,0.8));
#10683=VERTEX_POINT('',#10682);
#10684=CARTESIAN_POINT('',(19.509985754956851,18.899999999999999,0.8));
#10685=DIRECTION('',(0.0,-1.0,0.0));
#10686=VECTOR('',#10685,5.800000000000001);
#10687=LINE('',#10684,#10686);
#10688=EDGE_CURVE('',#10683,#10672,#10687,.T.);
#10689=ORIENTED_EDGE('',*,*,#10688,.F.);
#10690=CARTESIAN_POINT('',(12.490014245043151,18.899999999999999,0.8));
#10691=VERTEX_POINT('',#10690);
#10692=CARTESIAN_POINT('',(16.0,18.899999999999999,0.0));
#10693=DIRECTION('',(0.0,1.0,0.0));
#10694=DIRECTION('',(1.0,0.0,0.0));
#10695=AXIS2_PLACEMENT_3D('',#10692,#10693,#10694);
#10696=CIRCLE('',#10695,3.600000000000001);
#10697=EDGE_CURVE('',#10691,#10683,#10696,.T.);
#10698=ORIENTED_EDGE('',*,*,#10697,.F.);
#10699=CARTESIAN_POINT('',(12.490014245043151,13.099999999999998,0.8));
#10700=DIRECTION('',(0.0,1.0,0.0));
#10701=VECTOR('',#10700,5.800000000000001);
#10702=LINE('',#10699,#10701);
#10703=EDGE_CURVE('',#10674,#10691,#10702,.T.);
#10704=ORIENTED_EDGE('',*,*,#10703,.F.);
#10705=EDGE_LOOP('',(#10681,#10689,#10698,#10704));
#10706=FACE_OUTER_BOUND('',#10705,.T.);
#10707=ADVANCED_FACE('',(#10706),#10670,.T.);
#10708=CARTESIAN_POINT('',(0.0,0.0,0.0));
#10709=DIRECTION('',(0.0,1.0,0.0));
#10710=DIRECTION('',(1.0,0.0,0.0));
#10711=AXIS2_PLACEMENT_3D('',#10708,#10709,#10710);
#10712=CYLINDRICAL_SURFACE('',#10711,3.6);
#10713=CARTESIAN_POINT('',(-3.509985754956849,13.099999999999998,-0.8));
#10714=VERTEX_POINT('',#10713);
#10715=CARTESIAN_POINT('',(3.509985754956849,13.099999999999998,-0.8));
#10716=VERTEX_POINT('',#10715);
#10717=CARTESIAN_POINT('',(0.0,13.099999999999998,0.0));
#10718=DIRECTION('',(0.0,-1.0,0.0));
#10719=DIRECTION('',(1.0,0.0,0.0));
#10720=AXIS2_PLACEMENT_3D('',#10717,#10718,#10719);
#10721=CIRCLE('',#10720,3.6);
#10722=EDGE_CURVE('',#10714,#10716,#10721,.T.);
#10723=ORIENTED_EDGE('',*,*,#10722,.F.);
#10724=CARTESIAN_POINT('',(-3.509985754956849,18.899999999999999,-0.8));
#10725=VERTEX_POINT('',#10724);
#10726=CARTESIAN_POINT('',(-3.509985754956849,18.899999999999999,-0.8));
#10727=DIRECTION('',(0.0,-1.0,0.0));
#10728=VECTOR('',#10727,5.800000000000001);
#10729=LINE('',#10726,#10728);
#10730=EDGE_CURVE('',#10725,#10714,#10729,.T.);
#10731=ORIENTED_EDGE('',*,*,#10730,.F.);
#10732=CARTESIAN_POINT('',(3.509985754956849,18.899999999999999,-0.8));
#10733=VERTEX_POINT('',#10732);
#10734=CARTESIAN_POINT('',(0.0,18.899999999999999,0.0));
#10735=DIRECTION('',(0.0,1.0,0.0));
#10736=DIRECTION('',(1.0,0.0,0.0));
#10737=AXIS2_PLACEMENT_3D('',#10734,#10735,#10736);
#10738=CIRCLE('',#10737,3.6);
#10739=EDGE_CURVE('',#10733,#10725,#10738,.T.);
#10740=ORIENTED_EDGE('',*,*,#10739,.F.);
#10741=CARTESIAN_POINT('',(3.509985754956849,13.099999999999998,-0.8));
#10742=DIRECTION('',(0.0,1.0,0.0));
#10743=VECTOR('',#10742,5.800000000000001);
#10744=LINE('',#10741,#10743);
#10745=EDGE_CURVE('',#10716,#10733,#10744,.T.);
#10746=ORIENTED_EDGE('',*,*,#10745,.F.);
#10747=EDGE_LOOP('',(#10723,#10731,#10740,#10746));
#10748=FACE_OUTER_BOUND('',#10747,.T.);
#10749=ADVANCED_FACE('',(#10748),#10712,.T.);
#10750=CARTESIAN_POINT('',(0.0,0.0,0.0));
#10751=DIRECTION('',(0.0,1.0,0.0));
#10752=DIRECTION('',(1.0,0.0,0.0));
#10753=AXIS2_PLACEMENT_3D('',#10750,#10751,#10752);
#10754=CYLINDRICAL_SURFACE('',#10753,3.6);
#10755=CARTESIAN_POINT('',(3.509985754956849,13.099999999999998,0.8));
#10756=VERTEX_POINT('',#10755);
#10757=CARTESIAN_POINT('',(-3.509985754956849,13.099999999999998,0.8));
#10758=VERTEX_POINT('',#10757);
#10759=CARTESIAN_POINT('',(0.0,13.099999999999998,0.0));
#10760=DIRECTION('',(0.0,-1.0,0.0));
#10761=DIRECTION('',(1.0,0.0,0.0));
#10762=AXIS2_PLACEMENT_3D('',#10759,#10760,#10761);
#10763=CIRCLE('',#10762,3.6);
#10764=EDGE_CURVE('',#10756,#10758,#10763,.T.);
#10765=ORIENTED_EDGE('',*,*,#10764,.F.);
#10766=CARTESIAN_POINT('',(3.509985754956849,18.899999999999999,0.8));
#10767=VERTEX_POINT('',#10766);
#10768=CARTESIAN_POINT('',(3.509985754956849,18.899999999999999,0.8));
#10769=DIRECTION('',(0.0,-1.0,0.0));
#10770=VECTOR('',#10769,5.800000000000001);
#10771=LINE('',#10768,#10770);
#10772=EDGE_CURVE('',#10767,#10756,#10771,.T.);
#10773=ORIENTED_EDGE('',*,*,#10772,.F.);
#10774=CARTESIAN_POINT('',(-3.509985754956849,18.899999999999999,0.8));
#10775=VERTEX_POINT('',#10774);
#10776=CARTESIAN_POINT('',(0.0,18.899999999999999,0.0));
#10777=DIRECTION('',(0.0,1.0,0.0));
#10778=DIRECTION('',(1.0,0.0,0.0));
#10779=AXIS2_PLACEMENT_3D('',#10776,#10777,#10778);
#10780=CIRCLE('',#10779,3.6);
#10781=EDGE_CURVE('',#10775,#10767,#10780,.T.);
#10782=ORIENTED_EDGE('',*,*,#10781,.F.);
#10783=CARTESIAN_POINT('',(-3.509985754956849,13.099999999999998,0.8));
#10784=DIRECTION('',(0.0,1.0,0.0));
#10785=VECTOR('',#10784,5.800000000000001);
#10786=LINE('',#10783,#10785);
#10787=EDGE_CURVE('',#10758,#10775,#10786,.T.);
#10788=ORIENTED_EDGE('',*,*,#10787,.F.);
#10789=EDGE_LOOP('',(#10765,#10773,#10782,#10788));
#10790=FACE_OUTER_BOUND('',#10789,.T.);
#10791=ADVANCED_FACE('',(#10790),#10754,.T.);
#10792=CARTESIAN_POINT('',(-21.245004537208814,18.899999999999999,0.0));
#10793=DIRECTION('',(0.0,1.0,0.0));
#10794=DIRECTION('',(0.0,0.0,1.0));
#10795=AXIS2_PLACEMENT_3D('',#10792,#10793,#10794);
#10796=PLANE('',#10795);
#10797=ORIENTED_EDGE('',*,*,#10613,.T.);
#10798=CARTESIAN_POINT('',(-10.754995462791188,18.899999999999999,0.8));
#10799=VERTEX_POINT('',#10798);
#10800=CARTESIAN_POINT('',(-12.490014245043149,18.899999999999999,0.8));
#10801=DIRECTION('',(1.0,0.0,0.0));
#10802=VECTOR('',#10801,1.735018782251963);
#10803=LINE('',#10800,#10802);
#10804=EDGE_CURVE('',#10599,#10799,#10803,.T.);
#10805=ORIENTED_EDGE('',*,*,#10804,.T.);
#10806=CARTESIAN_POINT('',(-10.754995462791188,18.899999999999999,4.0));
#10807=DIRECTION('',(0.0,0.0,-1.0));
#10808=VECTOR('',#10807,3.2);
#10809=LINE('',#10806,#10808);
#10810=EDGE_CURVE('',#4251,#10799,#10809,.T.);
#10811=ORIENTED_EDGE('',*,*,#10810,.F.);
#10812=ORIENTED_EDGE('',*,*,#4256,.F.);
#10813=CARTESIAN_POINT('',(-21.245004537208814,18.899999999999999,0.8));
#10814=VERTEX_POINT('',#10813);
#10815=CARTESIAN_POINT('',(-21.245004537208814,18.899999999999999,0.8));
#10816=DIRECTION('',(0.0,0.0,1.0));
#10817=VECTOR('',#10816,3.2);
#10818=LINE('',#10815,#10817);
#10819=EDGE_CURVE('',#10814,#4242,#10818,.T.);
#10820=ORIENTED_EDGE('',*,*,#10819,.F.);
#10821=CARTESIAN_POINT('',(-21.245004537208814,18.899999999999999,0.8));
#10822=DIRECTION('',(1.0,0.0,0.0));
#10823=VECTOR('',#10822,1.735018782251963);
#10824=LINE('',#10821,#10823);
#10825=EDGE_CURVE('',#10814,#10607,#10824,.T.);
#10826=ORIENTED_EDGE('',*,*,#10825,.T.);
#10827=EDGE_LOOP('',(#10797,#10805,#10811,#10812,#10820,#10826));
#10828=FACE_OUTER_BOUND('',#10827,.T.);
#10829=ADVANCED_FACE('',(#10828),#10796,.F.);
#10830=CARTESIAN_POINT('',(-16.0,15.999999999999998,0.8));
#10831=DIRECTION('',(0.0,0.0,1.0));
#10832=DIRECTION('',(1.0,0.0,0.0));
#10833=AXIS2_PLACEMENT_3D('',#10830,#10831,#10832);
#10834=PLANE('',#10833);
#10835=ORIENTED_EDGE('',*,*,#10604,.T.);
#10836=CARTESIAN_POINT('',(-10.754995462791182,13.099999999999998,0.8));
#10837=VERTEX_POINT('',#10836);
#10838=CARTESIAN_POINT('',(-10.754995462791182,13.099999999999998,0.8));
#10839=DIRECTION('',(-1.0,0.0,0.0));
#10840=VECTOR('',#10839,1.735018782251968);
#10841=LINE('',#10838,#10840);
#10842=EDGE_CURVE('',#10837,#10588,#10841,.T.);
#10843=ORIENTED_EDGE('',*,*,#10842,.F.);
#10844=CARTESIAN_POINT('',(-8.000000000000004,16.0,0.8));
#10845=DIRECTION('',(0.0,0.0,1.0));
#10846=DIRECTION('',(-1.0,0.0,0.0));
#10847=AXIS2_PLACEMENT_3D('',#10844,#10845,#10846);
#10848=CIRCLE('',#10847,3.999999999999999);
#10849=EDGE_CURVE('',#10799,#10837,#10848,.T.);
#10850=ORIENTED_EDGE('',*,*,#10849,.F.);
#10851=ORIENTED_EDGE('',*,*,#10804,.F.);
#10852=EDGE_LOOP('',(#10835,#10843,#10850,#10851));
#10853=FACE_OUTER_BOUND('',#10852,.T.);
#10854=ADVANCED_FACE('',(#10853),#10834,.T.);
#10855=CARTESIAN_POINT('',(-21.245004537208814,18.899999999999999,0.0));
#10856=DIRECTION('',(0.0,1.0,0.0));
#10857=DIRECTION('',(0.0,0.0,1.0));
#10858=AXIS2_PLACEMENT_3D('',#10855,#10856,#10857);
#10859=PLANE('',#10858);
#10860=ORIENTED_EDGE('',*,*,#10571,.T.);
#10861=CARTESIAN_POINT('',(-21.245004537208814,18.899999999999999,-0.8));
#10862=VERTEX_POINT('',#10861);
#10863=CARTESIAN_POINT('',(-19.509985754956851,18.899999999999999,-0.8));
#10864=DIRECTION('',(-1.0,0.0,0.0));
#10865=VECTOR('',#10864,1.735018782251963);
#10866=LINE('',#10863,#10865);
#10867=EDGE_CURVE('',#10557,#10862,#10866,.T.);
#10868=ORIENTED_EDGE('',*,*,#10867,.T.);
#10869=CARTESIAN_POINT('',(-21.245004537208814,18.899999999999999,-4.0));
#10870=VERTEX_POINT('',#10869);
#10871=CARTESIAN_POINT('',(-21.245004537208814,18.899999999999999,-4.0));
#10872=DIRECTION('',(0.0,0.0,1.0));
#10873=VECTOR('',#10872,3.2);
#10874=LINE('',#10871,#10873);
#10875=EDGE_CURVE('',#10870,#10862,#10874,.T.);
#10876=ORIENTED_EDGE('',*,*,#10875,.F.);
#10877=CARTESIAN_POINT('',(-10.754995462791188,18.899999999999999,-4.0));
#10878=VERTEX_POINT('',#10877);
#10879=CARTESIAN_POINT('',(-10.754995462791189,18.899999999999999,-4.0));
#10880=DIRECTION('',(-1.0,0.0,0.0));
#10881=VECTOR('',#10880,10.490009074417625);
#10882=LINE('',#10879,#10881);
#10883=EDGE_CURVE('',#10878,#10870,#10882,.T.);
#10884=ORIENTED_EDGE('',*,*,#10883,.F.);
#10885=CARTESIAN_POINT('',(-10.754995462791188,18.899999999999999,-0.8));
#10886=VERTEX_POINT('',#10885);
#10887=CARTESIAN_POINT('',(-10.754995462791188,18.899999999999999,-0.8));
#10888=DIRECTION('',(0.0,0.0,-1.0));
#10889=VECTOR('',#10888,3.2);
#10890=LINE('',#10887,#10889);
#10891=EDGE_CURVE('',#10886,#10878,#10890,.T.);
#10892=ORIENTED_EDGE('',*,*,#10891,.F.);
#10893=CARTESIAN_POINT('',(-10.754995462791186,18.899999999999999,-0.8));
#10894=DIRECTION('',(-1.0,0.0,0.0));
#10895=VECTOR('',#10894,1.735018782251963);
#10896=LINE('',#10893,#10895);
#10897=EDGE_CURVE('',#10886,#10565,#10896,.T.);
#10898=ORIENTED_EDGE('',*,*,#10897,.T.);
#10899=EDGE_LOOP('',(#10860,#10868,#10876,#10884,#10892,#10898));
#10900=FACE_OUTER_BOUND('',#10899,.T.);
#10901=ADVANCED_FACE('',(#10900),#10859,.F.);
#10902=CARTESIAN_POINT('',(-16.0,15.999999999999998,-0.8));
#10903=DIRECTION('',(0.0,0.0,1.0));
#10904=DIRECTION('',(1.0,0.0,0.0));
#10905=AXIS2_PLACEMENT_3D('',#10902,#10903,#10904);
#10906=PLANE('',#10905);
#10907=ORIENTED_EDGE('',*,*,#10562,.T.);
#10908=CARTESIAN_POINT('',(-21.245004537208825,13.099999999999998,-0.8));
#10909=VERTEX_POINT('',#10908);
#10910=CARTESIAN_POINT('',(-21.245004537208825,13.099999999999998,-0.8));
#10911=DIRECTION('',(1.0,0.0,0.0));
#10912=VECTOR('',#10911,1.735018782251974);
#10913=LINE('',#10910,#10912);
#10914=EDGE_CURVE('',#10909,#10546,#10913,.T.);
#10915=ORIENTED_EDGE('',*,*,#10914,.F.);
#10916=CARTESIAN_POINT('',(-24.000000000000004,16.0,-0.8));
#10917=DIRECTION('',(0.0,0.0,-1.0));
#10918=DIRECTION('',(-1.0,0.0,0.0));
#10919=AXIS2_PLACEMENT_3D('',#10916,#10917,#10918);
#10920=CIRCLE('',#10919,4.0);
#10921=EDGE_CURVE('',#10862,#10909,#10920,.T.);
#10922=ORIENTED_EDGE('',*,*,#10921,.F.);
#10923=ORIENTED_EDGE('',*,*,#10867,.F.);
#10924=EDGE_LOOP('',(#10907,#10915,#10922,#10923));
#10925=FACE_OUTER_BOUND('',#10924,.T.);
#10926=ADVANCED_FACE('',(#10925),#10906,.F.);
#10927=CARTESIAN_POINT('',(10.754995462791182,18.899999999999999,0.0));
#10928=DIRECTION('',(0.0,1.0,0.0));
#10929=DIRECTION('',(0.0,0.0,1.0));
#10930=AXIS2_PLACEMENT_3D('',#10927,#10928,#10929);
#10931=PLANE('',#10930);
#10932=ORIENTED_EDGE('',*,*,#10697,.T.);
#10933=CARTESIAN_POINT('',(21.245004537208814,18.899999999999999,0.8));
#10934=VERTEX_POINT('',#10933);
#10935=CARTESIAN_POINT('',(19.509985754956851,18.899999999999999,0.8));
#10936=DIRECTION('',(1.0,0.0,0.0));
#10937=VECTOR('',#10936,1.735018782251963);
#10938=LINE('',#10935,#10937);
#10939=EDGE_CURVE('',#10683,#10934,#10938,.T.);
#10940=ORIENTED_EDGE('',*,*,#10939,.T.);
#10941=CARTESIAN_POINT('',(21.245004537208814,18.899999999999999,4.0));
#10942=DIRECTION('',(0.0,0.0,-1.0));
#10943=VECTOR('',#10942,3.2);
#10944=LINE('',#10941,#10943);
#10945=EDGE_CURVE('',#4315,#10934,#10944,.T.);
#10946=ORIENTED_EDGE('',*,*,#10945,.F.);
#10947=ORIENTED_EDGE('',*,*,#4320,.F.);
#10948=CARTESIAN_POINT('',(10.754995462791182,18.899999999999999,0.8));
#10949=VERTEX_POINT('',#10948);
#10950=CARTESIAN_POINT('',(10.754995462791182,18.899999999999999,0.8));
#10951=DIRECTION('',(0.0,0.0,1.0));
#10952=VECTOR('',#10951,3.2);
#10953=LINE('',#10950,#10952);
#10954=EDGE_CURVE('',#10949,#4304,#10953,.T.);
#10955=ORIENTED_EDGE('',*,*,#10954,.F.);
#10956=CARTESIAN_POINT('',(10.754995462791182,18.899999999999999,0.8));
#10957=DIRECTION('',(1.0,0.0,0.0));
#10958=VECTOR('',#10957,1.735018782251968);
#10959=LINE('',#10956,#10958);
#10960=EDGE_CURVE('',#10949,#10691,#10959,.T.);
#10961=ORIENTED_EDGE('',*,*,#10960,.T.);
#10962=EDGE_LOOP('',(#10932,#10940,#10946,#10947,#10955,#10961));
#10963=FACE_OUTER_BOUND('',#10962,.T.);
#10964=ADVANCED_FACE('',(#10963),#10931,.F.);
#10965=CARTESIAN_POINT('',(16.0,15.999999999999998,0.8));
#10966=DIRECTION('',(0.0,0.0,1.0));
#10967=DIRECTION('',(1.0,0.0,0.0));
#10968=AXIS2_PLACEMENT_3D('',#10965,#10966,#10967);
#10969=PLANE('',#10968);
#10970=ORIENTED_EDGE('',*,*,#10688,.T.);
#10971=CARTESIAN_POINT('',(21.245004537208821,13.099999999999998,0.8));
#10972=VERTEX_POINT('',#10971);
#10973=CARTESIAN_POINT('',(21.245004537208821,13.099999999999998,0.8));
#10974=DIRECTION('',(-1.0,0.0,0.0));
#10975=VECTOR('',#10974,1.73501878225197);
#10976=LINE('',#10973,#10975);
#10977=EDGE_CURVE('',#10972,#10672,#10976,.T.);
#10978=ORIENTED_EDGE('',*,*,#10977,.F.);
#10979=CARTESIAN_POINT('',(24.0,16.0,0.8));
#10980=DIRECTION('',(0.0,0.0,1.0));
#10981=DIRECTION('',(-1.0,0.0,0.0));
#10982=AXIS2_PLACEMENT_3D('',#10979,#10980,#10981);
#10983=CIRCLE('',#10982,3.999999999999999);
#10984=EDGE_CURVE('',#10934,#10972,#10983,.T.);
#10985=ORIENTED_EDGE('',*,*,#10984,.F.);
#10986=ORIENTED_EDGE('',*,*,#10939,.F.);
#10987=EDGE_LOOP('',(#10970,#10978,#10985,#10986));
#10988=FACE_OUTER_BOUND('',#10987,.T.);
#10989=ADVANCED_FACE('',(#10988),#10969,.T.);
#10990=CARTESIAN_POINT('',(10.754995462791182,18.899999999999999,0.0));
#10991=DIRECTION('',(0.0,1.0,0.0));
#10992=DIRECTION('',(0.0,0.0,1.0));
#10993=AXIS2_PLACEMENT_3D('',#10990,#10991,#10992);
#10994=PLANE('',#10993);
#10995=ORIENTED_EDGE('',*,*,#10655,.T.);
#10996=CARTESIAN_POINT('',(10.754995462791182,18.899999999999999,-0.8));
#10997=VERTEX_POINT('',#10996);
#10998=CARTESIAN_POINT('',(12.490014245043151,18.899999999999999,-0.8));
#10999=DIRECTION('',(-1.0,0.0,0.0));
#11000=VECTOR('',#10999,1.735018782251968);
#11001=LINE('',#10998,#11000);
#11002=EDGE_CURVE('',#10641,#10997,#11001,.T.);
#11003=ORIENTED_EDGE('',*,*,#11002,.T.);
#11004=CARTESIAN_POINT('',(10.754995462791182,18.899999999999999,-4.0));
#11005=VERTEX_POINT('',#11004);
#11006=CARTESIAN_POINT('',(10.754995462791182,18.899999999999999,-4.0));
#11007=DIRECTION('',(0.0,0.0,1.0));
#11008=VECTOR('',#11007,3.2);
#11009=LINE('',#11006,#11008);
#11010=EDGE_CURVE('',#11005,#10997,#11009,.T.);
#11011=ORIENTED_EDGE('',*,*,#11010,.F.);
#11012=CARTESIAN_POINT('',(21.245004537208814,18.899999999999999,-4.0));
#11013=VERTEX_POINT('',#11012);
#11014=CARTESIAN_POINT('',(21.245004537208818,18.899999999999999,-4.0));
#11015=DIRECTION('',(-1.0,0.0,0.0));
#11016=VECTOR('',#11015,10.490009074417635);
#11017=LINE('',#11014,#11016);
#11018=EDGE_CURVE('',#11013,#11005,#11017,.T.);
#11019=ORIENTED_EDGE('',*,*,#11018,.F.);
#11020=CARTESIAN_POINT('',(21.245004537208814,18.899999999999999,-0.8));
#11021=VERTEX_POINT('',#11020);
#11022=CARTESIAN_POINT('',(21.245004537208814,18.899999999999999,-0.8));
#11023=DIRECTION('',(0.0,0.0,-1.0));
#11024=VECTOR('',#11023,3.2);
#11025=LINE('',#11022,#11024);
#11026=EDGE_CURVE('',#11021,#11013,#11025,.T.);
#11027=ORIENTED_EDGE('',*,*,#11026,.F.);
#11028=CARTESIAN_POINT('',(21.245004537208814,18.899999999999999,-0.8));
#11029=DIRECTION('',(-1.0,0.0,0.0));
#11030=VECTOR('',#11029,1.735018782251963);
#11031=LINE('',#11028,#11030);
#11032=EDGE_CURVE('',#11021,#10649,#11031,.T.);
#11033=ORIENTED_EDGE('',*,*,#11032,.T.);
#11034=EDGE_LOOP('',(#10995,#11003,#11011,#11019,#11027,#11033));
#11035=FACE_OUTER_BOUND('',#11034,.T.);
#11036=ADVANCED_FACE('',(#11035),#10994,.F.);
#11037=CARTESIAN_POINT('',(15.999999999999998,15.999999999999998,-0.8));
#11038=DIRECTION('',(0.0,0.0,1.0));
#11039=DIRECTION('',(1.0,0.0,0.0));
#11040=AXIS2_PLACEMENT_3D('',#11037,#11038,#11039);
#11041=PLANE('',#11040);
#11042=ORIENTED_EDGE('',*,*,#10646,.T.);
#11043=CARTESIAN_POINT('',(10.754995462791177,13.099999999999998,-0.8));
#11044=VERTEX_POINT('',#11043);
#11045=CARTESIAN_POINT('',(10.754995462791177,13.099999999999998,-0.8));
#11046=DIRECTION('',(1.0,0.0,0.0));
#11047=VECTOR('',#11046,1.735018782251974);
#11048=LINE('',#11045,#11047);
#11049=EDGE_CURVE('',#11044,#10630,#11048,.T.);
#11050=ORIENTED_EDGE('',*,*,#11049,.F.);
#11051=CARTESIAN_POINT('',(7.999999999999998,16.0,-0.8));
#11052=DIRECTION('',(0.0,0.0,-1.0));
#11053=DIRECTION('',(-1.0,0.0,0.0));
#11054=AXIS2_PLACEMENT_3D('',#11051,#11052,#11053);
#11055=CIRCLE('',#11054,3.999999999999999);
#11056=EDGE_CURVE('',#10997,#11044,#11055,.T.);
#11057=ORIENTED_EDGE('',*,*,#11056,.F.);
#11058=ORIENTED_EDGE('',*,*,#11002,.F.);
#11059=EDGE_LOOP('',(#11042,#11050,#11057,#11058));
#11060=FACE_OUTER_BOUND('',#11059,.T.);
#11061=ADVANCED_FACE('',(#11060),#11041,.F.);
#11062=CARTESIAN_POINT('',(-5.245004537208818,18.899999999999999,0.0));
#11063=DIRECTION('',(0.0,1.0,0.0));
#11064=DIRECTION('',(0.0,0.0,1.0));
#11065=AXIS2_PLACEMENT_3D('',#11062,#11063,#11064);
#11066=PLANE('',#11065);
#11067=ORIENTED_EDGE('',*,*,#10781,.T.);
#11068=CARTESIAN_POINT('',(5.245004537208815,18.899999999999999,0.8));
#11069=VERTEX_POINT('',#11068);
#11070=CARTESIAN_POINT('',(3.509985754956849,18.899999999999999,0.8));
#11071=DIRECTION('',(1.0,0.0,0.0));
#11072=VECTOR('',#11071,1.735018782251967);
#11073=LINE('',#11070,#11072);
#11074=EDGE_CURVE('',#10767,#11069,#11073,.T.);
#11075=ORIENTED_EDGE('',*,*,#11074,.T.);
#11076=CARTESIAN_POINT('',(5.245004537208815,18.899999999999999,4.0));
#11077=DIRECTION('',(0.0,0.0,-1.0));
#11078=VECTOR('',#11077,3.2);
#11079=LINE('',#11076,#11078);
#11080=EDGE_CURVE('',#4287,#11069,#11079,.T.);
#11081=ORIENTED_EDGE('',*,*,#11080,.F.);
#11082=ORIENTED_EDGE('',*,*,#4292,.F.);
#11083=CARTESIAN_POINT('',(-5.245004537208818,18.899999999999999,0.8));
#11084=VERTEX_POINT('',#11083);
#11085=CARTESIAN_POINT('',(-5.245004537208819,18.899999999999999,0.8));
#11086=DIRECTION('',(0.0,0.0,1.0));
#11087=VECTOR('',#11086,3.2);
#11088=LINE('',#11085,#11087);
#11089=EDGE_CURVE('',#11084,#4278,#11088,.T.);
#11090=ORIENTED_EDGE('',*,*,#11089,.F.);
#11091=CARTESIAN_POINT('',(-5.245004537208818,18.899999999999999,0.8));
#11092=DIRECTION('',(1.0,0.0,0.0));
#11093=VECTOR('',#11092,1.735018782251969);
#11094=LINE('',#11091,#11093);
#11095=EDGE_CURVE('',#11084,#10775,#11094,.T.);
#11096=ORIENTED_EDGE('',*,*,#11095,.T.);
#11097=EDGE_LOOP('',(#11067,#11075,#11081,#11082,#11090,#11096));
#11098=FACE_OUTER_BOUND('',#11097,.T.);
#11099=ADVANCED_FACE('',(#11098),#11066,.F.);
#11100=CARTESIAN_POINT('',(-1.387779E-015,15.999999999999998,0.8));
#11101=DIRECTION('',(0.0,0.0,1.0));
#11102=DIRECTION('',(1.0,0.0,0.0));
#11103=AXIS2_PLACEMENT_3D('',#11100,#11101,#11102);
#11104=PLANE('',#11103);
#11105=ORIENTED_EDGE('',*,*,#10772,.T.);
#11106=CARTESIAN_POINT('',(5.245004537208819,13.099999999999998,0.8));
#11107=VERTEX_POINT('',#11106);
#11108=CARTESIAN_POINT('',(5.245004537208819,13.099999999999998,0.8));
#11109=DIRECTION('',(-1.0,0.0,0.0));
#11110=VECTOR('',#11109,1.735018782251971);
#11111=LINE('',#11108,#11110);
#11112=EDGE_CURVE('',#11107,#10756,#11111,.T.);
#11113=ORIENTED_EDGE('',*,*,#11112,.F.);
#11114=CARTESIAN_POINT('',(7.999999999999998,16.0,0.8));
#11115=DIRECTION('',(0.0,0.0,1.0));
#11116=DIRECTION('',(-1.0,0.0,0.0));
#11117=AXIS2_PLACEMENT_3D('',#11114,#11115,#11116);
#11118=CIRCLE('',#11117,3.999999999999999);
#11119=EDGE_CURVE('',#11069,#11107,#11118,.T.);
#11120=ORIENTED_EDGE('',*,*,#11119,.F.);
#11121=ORIENTED_EDGE('',*,*,#11074,.F.);
#11122=EDGE_LOOP('',(#11105,#11113,#11120,#11121));
#11123=FACE_OUTER_BOUND('',#11122,.T.);
#11124=ADVANCED_FACE('',(#11123),#11104,.T.);
#11125=CARTESIAN_POINT('',(-5.245004537208818,18.899999999999999,0.0));
#11126=DIRECTION('',(0.0,1.0,0.0));
#11127=DIRECTION('',(0.0,0.0,1.0));
#11128=AXIS2_PLACEMENT_3D('',#11125,#11126,#11127);
#11129=PLANE('',#11128);
#11130=ORIENTED_EDGE('',*,*,#10739,.T.);
#11131=CARTESIAN_POINT('',(-5.245004537208818,18.899999999999999,-0.8));
#11132=VERTEX_POINT('',#11131);
#11133=CARTESIAN_POINT('',(-3.509985754956849,18.899999999999999,-0.8));
#11134=DIRECTION('',(-1.0,0.0,0.0));
#11135=VECTOR('',#11134,1.735018782251969);
#11136=LINE('',#11133,#11135);
#11137=EDGE_CURVE('',#10725,#11132,#11136,.T.);
#11138=ORIENTED_EDGE('',*,*,#11137,.T.);
#11139=CARTESIAN_POINT('',(-5.245004537208818,18.899999999999999,-4.0));
#11140=VERTEX_POINT('',#11139);
#11141=CARTESIAN_POINT('',(-5.245004537208819,18.899999999999999,-4.0));
#11142=DIRECTION('',(0.0,0.0,1.0));
#11143=VECTOR('',#11142,3.2);
#11144=LINE('',#11141,#11143);
#11145=EDGE_CURVE('',#11140,#11132,#11144,.T.);
#11146=ORIENTED_EDGE('',*,*,#11145,.F.);
#11147=CARTESIAN_POINT('',(5.245004537208815,18.899999999999999,-4.0));
#11148=VERTEX_POINT('',#11147);
#11149=CARTESIAN_POINT('',(5.245004537208815,18.899999999999999,-4.0));
#11150=DIRECTION('',(-1.0,0.0,0.0));
#11151=VECTOR('',#11150,10.490009074417632);
#11152=LINE('',#11149,#11151);
#11153=EDGE_CURVE('',#11148,#11140,#11152,.T.);
#11154=ORIENTED_EDGE('',*,*,#11153,.F.);
#11155=CARTESIAN_POINT('',(5.245004537208815,18.899999999999999,-0.8));
#11156=VERTEX_POINT('',#11155);
#11157=CARTESIAN_POINT('',(5.245004537208815,18.899999999999999,-0.8));
#11158=DIRECTION('',(0.0,0.0,-1.0));
#11159=VECTOR('',#11158,3.2);
#11160=LINE('',#11157,#11159);
#11161=EDGE_CURVE('',#11156,#11148,#11160,.T.);
#11162=ORIENTED_EDGE('',*,*,#11161,.F.);
#11163=CARTESIAN_POINT('',(5.245004537208816,18.899999999999999,-0.8));
#11164=DIRECTION('',(-1.0,0.0,0.0));
#11165=VECTOR('',#11164,1.735018782251967);
#11166=LINE('',#11163,#11165);
#11167=EDGE_CURVE('',#11156,#10733,#11166,.T.);
#11168=ORIENTED_EDGE('',*,*,#11167,.T.);
#11169=EDGE_LOOP('',(#11130,#11138,#11146,#11154,#11162,#11168));
#11170=FACE_OUTER_BOUND('',#11169,.T.);
#11171=ADVANCED_FACE('',(#11170),#11129,.F.);
#11172=CARTESIAN_POINT('',(-1.387779E-015,15.999999999999998,-0.8));
#11173=DIRECTION('',(0.0,0.0,1.0));
#11174=DIRECTION('',(1.0,0.0,0.0));
#11175=AXIS2_PLACEMENT_3D('',#11172,#11173,#11174);
#11176=PLANE('',#11175);
#11177=ORIENTED_EDGE('',*,*,#10730,.T.);
#11178=CARTESIAN_POINT('',(-5.245004537208824,13.099999999999998,-0.8));
#11179=VERTEX_POINT('',#11178);
#11180=CARTESIAN_POINT('',(-5.245004537208825,13.099999999999998,-0.8));
#11181=DIRECTION('',(1.0,0.0,0.0));
#11182=VECTOR('',#11181,1.735018782251976);
#11183=LINE('',#11180,#11182);
#11184=EDGE_CURVE('',#11179,#10714,#11183,.T.);
#11185=ORIENTED_EDGE('',*,*,#11184,.F.);
#11186=CARTESIAN_POINT('',(-8.000000000000004,16.0,-0.8));
#11187=DIRECTION('',(0.0,0.0,-1.0));
#11188=DIRECTION('',(-1.0,0.0,0.0));
#11189=AXIS2_PLACEMENT_3D('',#11186,#11187,#11188);
#11190=CIRCLE('',#11189,3.999999999999999);
#11191=EDGE_CURVE('',#11132,#11179,#11190,.T.);
#11192=ORIENTED_EDGE('',*,*,#11191,.F.);
#11193=ORIENTED_EDGE('',*,*,#11137,.F.);
#11194=EDGE_LOOP('',(#11177,#11185,#11192,#11193));
#11195=FACE_OUTER_BOUND('',#11194,.T.);
#11196=ADVANCED_FACE('',(#11195),#11176,.F.);
#11197=CARTESIAN_POINT('',(7.999999999999998,-16.0,0.0));
#11198=DIRECTION('',(0.0,0.0,1.0));
#11199=DIRECTION('',(-1.0,0.0,0.0));
#11200=AXIS2_PLACEMENT_3D('',#11197,#11198,#11199);
#11201=CYLINDRICAL_SURFACE('',#11200,4.000000000000002);
#11202=CARTESIAN_POINT('',(10.754995462791172,-18.900000000000002,0.8));
#11203=VERTEX_POINT('',#11202);
#11204=CARTESIAN_POINT('',(10.754995462791186,-13.100000000000003,0.8));
#11205=VERTEX_POINT('',#11204);
#11206=CARTESIAN_POINT('',(7.999999999999998,-16.0,0.8));
#11207=DIRECTION('',(0.0,0.0,1.0));
#11208=DIRECTION('',(-1.0,0.0,0.0));
#11209=AXIS2_PLACEMENT_3D('',#11206,#11207,#11208);
#11210=CIRCLE('',#11209,4.000000000000002);
#11211=EDGE_CURVE('',#11203,#11205,#11210,.T.);
#11212=ORIENTED_EDGE('',*,*,#11211,.T.);
#11213=CARTESIAN_POINT('',(10.754995462791186,-13.100000000000003,0.8));
#11214=DIRECTION('',(0.0,0.0,1.0));
#11215=VECTOR('',#11214,3.2);
#11216=LINE('',#11213,#11215);
#11217=EDGE_CURVE('',#11205,#4615,#11216,.T.);
#11218=ORIENTED_EDGE('',*,*,#11217,.T.);
#11219=ORIENTED_EDGE('',*,*,#4621,.F.);
#11220=CARTESIAN_POINT('',(10.754995462791172,-18.900000000000002,0.8));
#11221=DIRECTION('',(0.0,0.0,1.0));
#11222=VECTOR('',#11221,3.2);
#11223=LINE('',#11220,#11222);
#11224=EDGE_CURVE('',#11203,#4607,#11223,.T.);
#11225=ORIENTED_EDGE('',*,*,#11224,.F.);
#11226=EDGE_LOOP('',(#11212,#11218,#11219,#11225));
#11227=FACE_OUTER_BOUND('',#11226,.T.);
#11228=ADVANCED_FACE('',(#11227),#11201,.T.);
#11229=CARTESIAN_POINT('',(7.999999999999998,-16.0,0.0));
#11230=DIRECTION('',(0.0,0.0,1.0));
#11231=DIRECTION('',(-1.0,0.0,0.0));
#11232=AXIS2_PLACEMENT_3D('',#11229,#11230,#11231);
#11233=CYLINDRICAL_SURFACE('',#11232,4.000000000000002);
#11234=CARTESIAN_POINT('',(5.245004537208812,-13.100000000000003,0.8));
#11235=VERTEX_POINT('',#11234);
#11236=CARTESIAN_POINT('',(5.245004537208809,-18.899999999999995,0.8));
#11237=VERTEX_POINT('',#11236);
#11238=CARTESIAN_POINT('',(7.999999999999998,-16.0,0.8));
#11239=DIRECTION('',(0.0,0.0,1.0));
#11240=DIRECTION('',(-1.0,0.0,0.0));
#11241=AXIS2_PLACEMENT_3D('',#11238,#11239,#11240);
#11242=CIRCLE('',#11241,4.000000000000002);
#11243=EDGE_CURVE('',#11235,#11237,#11242,.T.);
#11244=ORIENTED_EDGE('',*,*,#11243,.T.);
#11245=CARTESIAN_POINT('',(5.245004537208809,-18.899999999999995,0.8));
#11246=DIRECTION('',(0.0,0.0,1.0));
#11247=VECTOR('',#11246,3.2);
#11248=LINE('',#11245,#11247);
#11249=EDGE_CURVE('',#11237,#4560,#11248,.T.);
#11250=ORIENTED_EDGE('',*,*,#11249,.T.);
#11251=ORIENTED_EDGE('',*,*,#4591,.F.);
#11252=CARTESIAN_POINT('',(5.245004537208812,-13.100000000000003,0.8));
#11253=DIRECTION('',(0.0,0.0,1.0));
#11254=VECTOR('',#11253,3.2);
#11255=LINE('',#11252,#11254);
#11256=EDGE_CURVE('',#11235,#4579,#11255,.T.);
#11257=ORIENTED_EDGE('',*,*,#11256,.F.);
#11258=EDGE_LOOP('',(#11244,#11250,#11251,#11257));
#11259=FACE_OUTER_BOUND('',#11258,.T.);
#11260=ADVANCED_FACE('',(#11259),#11233,.T.);
#11261=CARTESIAN_POINT('',(-8.000000000000004,-16.0,0.0));
#11262=DIRECTION('',(0.0,0.0,1.0));
#11263=DIRECTION('',(-1.0,0.0,0.0));
#11264=AXIS2_PLACEMENT_3D('',#11261,#11262,#11263);
#11265=CYLINDRICAL_SURFACE('',#11264,4.000000000000002);
#11266=CARTESIAN_POINT('',(-5.245004537208824,-18.900000000000002,0.8));
#11267=VERTEX_POINT('',#11266);
#11268=CARTESIAN_POINT('',(-5.245004537208815,-13.100000000000003,0.8));
#11269=VERTEX_POINT('',#11268);
#11270=CARTESIAN_POINT('',(-8.000000000000004,-16.0,0.8));
#11271=DIRECTION('',(0.0,0.0,1.0));
#11272=DIRECTION('',(-1.0,0.0,0.0));
#11273=AXIS2_PLACEMENT_3D('',#11270,#11271,#11272);
#11274=CIRCLE('',#11273,4.000000000000002);
#11275=EDGE_CURVE('',#11267,#11269,#11274,.T.);
#11276=ORIENTED_EDGE('',*,*,#11275,.T.);
#11277=CARTESIAN_POINT('',(-5.245004537208815,-13.100000000000003,0.8));
#11278=DIRECTION('',(0.0,0.0,1.0));
#11279=VECTOR('',#11278,3.2);
#11280=LINE('',#11277,#11279);
#11281=EDGE_CURVE('',#11269,#4570,#11280,.T.);
#11282=ORIENTED_EDGE('',*,*,#11281,.T.);
#11283=ORIENTED_EDGE('',*,*,#4576,.F.);
#11284=CARTESIAN_POINT('',(-5.245004537208824,-18.900000000000002,4.0));
#11285=DIRECTION('',(0.0,0.0,-1.0));
#11286=VECTOR('',#11285,3.2);
#11287=LINE('',#11284,#11286);
#11288=EDGE_CURVE('',#4562,#11267,#11287,.T.);
#11289=ORIENTED_EDGE('',*,*,#11288,.T.);
#11290=EDGE_LOOP('',(#11276,#11282,#11283,#11289));
#11291=FACE_OUTER_BOUND('',#11290,.T.);
#11292=ADVANCED_FACE('',(#11291),#11265,.T.);
#11293=CARTESIAN_POINT('',(-8.000000000000004,-16.0,0.0));
#11294=DIRECTION('',(0.0,0.0,1.0));
#11295=DIRECTION('',(-1.0,0.0,0.0));
#11296=AXIS2_PLACEMENT_3D('',#11293,#11294,#11295);
#11297=CYLINDRICAL_SURFACE('',#11296,4.000000000000002);
#11298=CARTESIAN_POINT('',(-10.754995462791188,-13.100000000000003,0.8));
#11299=VERTEX_POINT('',#11298);
#11300=CARTESIAN_POINT('',(-10.754995462791188,-18.899999999999999,0.8));
#11301=VERTEX_POINT('',#11300);
#11302=CARTESIAN_POINT('',(-8.000000000000004,-16.0,0.8));
#11303=DIRECTION('',(0.0,0.0,1.0));
#11304=DIRECTION('',(-1.0,0.0,0.0));
#11305=AXIS2_PLACEMENT_3D('',#11302,#11303,#11304);
#11306=CIRCLE('',#11305,4.000000000000002);
#11307=EDGE_CURVE('',#11299,#11301,#11306,.T.);
#11308=ORIENTED_EDGE('',*,*,#11307,.T.);
#11309=CARTESIAN_POINT('',(-10.754995462791188,-18.899999999999999,0.8));
#11310=DIRECTION('',(0.0,0.0,1.0));
#11311=VECTOR('',#11310,3.2);
#11312=LINE('',#11309,#11311);
#11313=EDGE_CURVE('',#11301,#4524,#11312,.T.);
#11314=ORIENTED_EDGE('',*,*,#11313,.T.);
#11315=ORIENTED_EDGE('',*,*,#4555,.F.);
#11316=CARTESIAN_POINT('',(-10.754995462791188,-13.100000000000003,0.8));
#11317=DIRECTION('',(0.0,0.0,1.0));
#11318=VECTOR('',#11317,3.2);
#11319=LINE('',#11316,#11318);
#11320=EDGE_CURVE('',#11299,#4543,#11319,.T.);
#11321=ORIENTED_EDGE('',*,*,#11320,.F.);
#11322=EDGE_LOOP('',(#11308,#11314,#11315,#11321));
#11323=FACE_OUTER_BOUND('',#11322,.T.);
#11324=ADVANCED_FACE('',(#11323),#11297,.T.);
#11325=CARTESIAN_POINT('',(7.999999999999998,16.0,0.0));
#11326=DIRECTION('',(0.0,0.0,1.0));
#11327=DIRECTION('',(-1.0,0.0,0.0));
#11328=AXIS2_PLACEMENT_3D('',#11325,#11326,#11327);
#11329=CYLINDRICAL_SURFACE('',#11328,3.999999999999999);
#11330=ORIENTED_EDGE('',*,*,#11119,.T.);
#11331=CARTESIAN_POINT('',(5.245004537208819,13.099999999999998,0.8));
#11332=DIRECTION('',(0.0,0.0,1.0));
#11333=VECTOR('',#11332,3.2);
#11334=LINE('',#11331,#11333);
#11335=EDGE_CURVE('',#11107,#4268,#11334,.T.);
#11336=ORIENTED_EDGE('',*,*,#11335,.T.);
#11337=ORIENTED_EDGE('',*,*,#4299,.T.);
#11338=ORIENTED_EDGE('',*,*,#11080,.T.);
#11339=EDGE_LOOP('',(#11330,#11336,#11337,#11338));
#11340=FACE_OUTER_BOUND('',#11339,.T.);
#11341=ADVANCED_FACE('',(#11340),#11329,.T.);
#11342=CARTESIAN_POINT('',(-24.617971871612102,-2.498002E-015,2.7));
#11343=DIRECTION('',(0.0,0.0,1.0));
#11344=DIRECTION('',(1.0,0.0,0.0));
#11345=AXIS2_PLACEMENT_3D('',#11342,#11343,#11344);
#11346=PLANE('',#11345);
#11347=ORIENTED_EDGE('',*,*,#10270,.T.);
#11348=ORIENTED_EDGE('',*,*,#10461,.T.);
#11349=ORIENTED_EDGE('',*,*,#10343,.T.);
#11350=ORIENTED_EDGE('',*,*,#7199,.F.);
#11351=EDGE_LOOP('',(#11347,#11348,#11349,#11350));
#11352=FACE_OUTER_BOUND('',#11351,.T.);
#11353=ADVANCED_FACE('',(#11352),#11346,.F.);
#11354=CARTESIAN_POINT('',(24.0,16.0,-4.0));
#11355=DIRECTION('',(0.0,0.0,-1.0));
#11356=DIRECTION('',(-1.0,0.0,0.0));
#11357=AXIS2_PLACEMENT_3D('',#11354,#11355,#11356);
#11358=PLANE('',#11357);
#11359=ORIENTED_EDGE('',*,*,#2857,.F.);
#11360=ORIENTED_EDGE('',*,*,#2896,.T.);
#11361=ORIENTED_EDGE('',*,*,#9165,.T.);
#11362=ORIENTED_EDGE('',*,*,#4072,.T.);
#11363=ORIENTED_EDGE('',*,*,#4027,.F.);
#11364=ORIENTED_EDGE('',*,*,#4002,.F.);
#11365=ORIENTED_EDGE('',*,*,#3970,.F.);
#11366=ORIENTED_EDGE('',*,*,#3945,.F.);
#11367=ORIENTED_EDGE('',*,*,#3905,.F.);
#11368=ORIENTED_EDGE('',*,*,#8235,.T.);
#11369=ORIENTED_EDGE('',*,*,#9011,.T.);
#11370=ORIENTED_EDGE('',*,*,#8188,.T.);
#11371=ORIENTED_EDGE('',*,*,#3120,.F.);
#11372=ORIENTED_EDGE('',*,*,#3152,.T.);
#11373=ORIENTED_EDGE('',*,*,#9085,.T.);
#11374=ORIENTED_EDGE('',*,*,#8277,.T.);
#11375=EDGE_LOOP('',(#11359,#11360,#11361,#11362,#11363,#11364,#11365,#11366,#11367,#11368,#11369,#11370,#11371,#11372,#11373,#11374));
#11376=FACE_OUTER_BOUND('',#11375,.T.);
#11377=ORIENTED_EDGE('',*,*,#5543,.T.);
#11378=EDGE_LOOP('',(#11377));
#11379=FACE_BOUND('',#11378,.T.);
#11380=ORIENTED_EDGE('',*,*,#9407,.T.);
#11381=EDGE_LOOP('',(#11380));
#11382=FACE_BOUND('',#11381,.T.);
#11383=ORIENTED_EDGE('',*,*,#9507,.T.);
#11384=EDGE_LOOP('',(#11383));
#11385=FACE_BOUND('',#11384,.T.);
#11386=ORIENTED_EDGE('',*,*,#7242,.T.);
#11387=EDGE_LOOP('',(#11386));
#11388=FACE_BOUND('',#11387,.T.);
#11389=CARTESIAN_POINT('',(5.245004537208819,13.099999999999998,-4.0));
#11390=VERTEX_POINT('',#11389);
#11391=CARTESIAN_POINT('',(7.999999999999998,16.0,-4.0));
#11392=DIRECTION('',(0.0,0.0,1.0));
#11393=DIRECTION('',(-1.0,0.0,0.0));
#11394=AXIS2_PLACEMENT_3D('',#11391,#11392,#11393);
#11395=CIRCLE('',#11394,3.999999999999999);
#11396=EDGE_CURVE('',#11148,#11390,#11395,.T.);
#11397=ORIENTED_EDGE('',*,*,#11396,.F.);
#11398=ORIENTED_EDGE('',*,*,#11153,.T.);
#11399=CARTESIAN_POINT('',(-5.245004537208824,13.099999999999998,-4.0));
#11400=VERTEX_POINT('',#11399);
#11401=CARTESIAN_POINT('',(-8.000000000000004,16.0,-4.0));
#11402=DIRECTION('',(0.0,0.0,1.0));
#11403=DIRECTION('',(-1.0,0.0,0.0));
#11404=AXIS2_PLACEMENT_3D('',#11401,#11402,#11403);
#11405=CIRCLE('',#11404,3.999999999999999);
#11406=EDGE_CURVE('',#11400,#11140,#11405,.T.);
#11407=ORIENTED_EDGE('',*,*,#11406,.F.);
#11408=CARTESIAN_POINT('',(-5.245004537208825,13.099999999999998,-4.0));
#11409=DIRECTION('',(1.0,0.0,0.0));
#11410=VECTOR('',#11409,10.490009074417644);
#11411=LINE('',#11408,#11410);
#11412=EDGE_CURVE('',#11400,#11390,#11411,.T.);
#11413=ORIENTED_EDGE('',*,*,#11412,.T.);
#11414=EDGE_LOOP('',(#11397,#11398,#11407,#11413));
#11415=FACE_BOUND('',#11414,.T.);
#11416=CARTESIAN_POINT('',(-10.754995462791182,13.099999999999998,-4.0));
#11417=VERTEX_POINT('',#11416);
#11418=CARTESIAN_POINT('',(-8.000000000000004,16.0,-4.0));
#11419=DIRECTION('',(0.0,0.0,1.0));
#11420=DIRECTION('',(-1.0,0.0,0.0));
#11421=AXIS2_PLACEMENT_3D('',#11418,#11419,#11420);
#11422=CIRCLE('',#11421,3.999999999999999);
#11423=EDGE_CURVE('',#10878,#11417,#11422,.T.);
#11424=ORIENTED_EDGE('',*,*,#11423,.F.);
#11425=ORIENTED_EDGE('',*,*,#10883,.T.);
#11426=CARTESIAN_POINT('',(-21.245004537208825,13.099999999999998,-4.0));
#11427=VERTEX_POINT('',#11426);
#11428=CARTESIAN_POINT('',(-24.000000000000004,16.0,-4.0));
#11429=DIRECTION('',(0.0,0.0,1.0));
#11430=DIRECTION('',(-1.0,0.0,0.0));
#11431=AXIS2_PLACEMENT_3D('',#11428,#11429,#11430);
#11432=CIRCLE('',#11431,4.0);
#11433=EDGE_CURVE('',#11427,#10870,#11432,.T.);
#11434=ORIENTED_EDGE('',*,*,#11433,.F.);
#11435=CARTESIAN_POINT('',(-21.245004537208825,13.099999999999998,-4.0));
#11436=DIRECTION('',(1.0,0.0,0.0));
#11437=VECTOR('',#11436,10.490009074417642);
#11438=LINE('',#11435,#11437);
#11439=EDGE_CURVE('',#11427,#11417,#11438,.T.);
#11440=ORIENTED_EDGE('',*,*,#11439,.T.);
#11441=EDGE_LOOP('',(#11424,#11425,#11434,#11440));
#11442=FACE_BOUND('',#11441,.T.);
#11443=CARTESIAN_POINT('',(10.754995462791177,13.099999999999998,-4.0));
#11444=VERTEX_POINT('',#11443);
#11445=CARTESIAN_POINT('',(21.245004537208821,13.099999999999998,-4.0));
#11446=VERTEX_POINT('',#11445);
#11447=CARTESIAN_POINT('',(10.754995462791175,13.099999999999998,-4.0));
#11448=DIRECTION('',(1.0,0.0,0.0));
#11449=VECTOR('',#11448,10.490009074417646);
#11450=LINE('',#11447,#11449);
#11451=EDGE_CURVE('',#11444,#11446,#11450,.T.);
#11452=ORIENTED_EDGE('',*,*,#11451,.T.);
#11453=CARTESIAN_POINT('',(24.0,16.0,-4.0));
#11454=DIRECTION('',(0.0,0.0,1.0));
#11455=DIRECTION('',(-1.0,0.0,0.0));
#11456=AXIS2_PLACEMENT_3D('',#11453,#11454,#11455);
#11457=CIRCLE('',#11456,3.999999999999999);
#11458=EDGE_CURVE('',#11013,#11446,#11457,.T.);
#11459=ORIENTED_EDGE('',*,*,#11458,.F.);
#11460=ORIENTED_EDGE('',*,*,#11018,.T.);
#11461=CARTESIAN_POINT('',(7.999999999999998,16.0,-4.0));
#11462=DIRECTION('',(0.0,0.0,1.0));
#11463=DIRECTION('',(-1.0,0.0,0.0));
#11464=AXIS2_PLACEMENT_3D('',#11461,#11462,#11463);
#11465=CIRCLE('',#11464,3.999999999999999);
#11466=EDGE_CURVE('',#11444,#11005,#11465,.T.);
#11467=ORIENTED_EDGE('',*,*,#11466,.F.);
#11468=EDGE_LOOP('',(#11452,#11459,#11460,#11467));
#11469=FACE_BOUND('',#11468,.T.);
#11470=ADVANCED_FACE('',(#11376,#11379,#11382,#11385,#11388,#11415,#11442,#11469),#11358,.T.);
#11471=CARTESIAN_POINT('',(24.617971871612099,-2.122596E-015,-2.7));
#11472=DIRECTION('',(0.0,0.0,1.0));
#11473=DIRECTION('',(1.0,0.0,0.0));
#11474=AXIS2_PLACEMENT_3D('',#11471,#11472,#11473);
#11475=PLANE('',#11474);
#11476=ORIENTED_EDGE('',*,*,#10060,.T.);
#11477=ORIENTED_EDGE('',*,*,#10439,.T.);
#11478=ORIENTED_EDGE('',*,*,#10133,.T.);
#11479=ORIENTED_EDGE('',*,*,#5431,.F.);
#11480=EDGE_LOOP('',(#11476,#11477,#11478,#11479));
#11481=FACE_OUTER_BOUND('',#11480,.T.);
#11482=ADVANCED_FACE('',(#11481),#11475,.T.);
#11483=CARTESIAN_POINT('',(24.0,16.0,0.0));
#11484=DIRECTION('',(0.0,0.0,1.0));
#11485=DIRECTION('',(-1.0,0.0,0.0));
#11486=AXIS2_PLACEMENT_3D('',#11483,#11484,#11485);
#11487=CYLINDRICAL_SURFACE('',#11486,3.999999999999999);
#11488=ORIENTED_EDGE('',*,*,#10984,.T.);
#11489=CARTESIAN_POINT('',(21.245004537208821,13.099999999999998,0.8));
#11490=DIRECTION('',(0.0,0.0,1.0));
#11491=VECTOR('',#11490,3.2);
#11492=LINE('',#11489,#11491);
#11493=EDGE_CURVE('',#10972,#4323,#11492,.T.);
#11494=ORIENTED_EDGE('',*,*,#11493,.T.);
#11495=ORIENTED_EDGE('',*,*,#4329,.T.);
#11496=ORIENTED_EDGE('',*,*,#10945,.T.);
#11497=EDGE_LOOP('',(#11488,#11494,#11495,#11496));
#11498=FACE_OUTER_BOUND('',#11497,.T.);
#11499=ADVANCED_FACE('',(#11498),#11487,.T.);
#11500=CARTESIAN_POINT('',(-8.000000000000004,16.0,0.0));
#11501=DIRECTION('',(0.0,0.0,1.0));
#11502=DIRECTION('',(-1.0,0.0,0.0));
#11503=AXIS2_PLACEMENT_3D('',#11500,#11501,#11502);
#11504=CYLINDRICAL_SURFACE('',#11503,3.999999999999999);
#11505=ORIENTED_EDGE('',*,*,#10849,.T.);
#11506=CARTESIAN_POINT('',(-10.754995462791182,13.099999999999998,0.8));
#11507=DIRECTION('',(0.0,0.0,1.0));
#11508=VECTOR('',#11507,3.2);
#11509=LINE('',#11506,#11508);
#11510=EDGE_CURVE('',#10837,#4232,#11509,.T.);
#11511=ORIENTED_EDGE('',*,*,#11510,.T.);
#11512=ORIENTED_EDGE('',*,*,#4263,.T.);
#11513=ORIENTED_EDGE('',*,*,#10810,.T.);
#11514=EDGE_LOOP('',(#11505,#11511,#11512,#11513));
#11515=FACE_OUTER_BOUND('',#11514,.T.);
#11516=ADVANCED_FACE('',(#11515),#11504,.T.);
#11517=CARTESIAN_POINT('',(7.999999999999998,16.0,0.0));
#11518=DIRECTION('',(0.0,0.0,1.0));
#11519=DIRECTION('',(-1.0,0.0,0.0));
#11520=AXIS2_PLACEMENT_3D('',#11517,#11518,#11519);
#11521=CYLINDRICAL_SURFACE('',#11520,3.999999999999999);
#11522=CARTESIAN_POINT('',(10.754995462791177,13.099999999999998,0.8));
#11523=VERTEX_POINT('',#11522);
#11524=CARTESIAN_POINT('',(7.999999999999998,16.0,0.8));
#11525=DIRECTION('',(0.0,0.0,1.0));
#11526=DIRECTION('',(-1.0,0.0,0.0));
#11527=AXIS2_PLACEMENT_3D('',#11524,#11525,#11526);
#11528=CIRCLE('',#11527,3.999999999999999);
#11529=EDGE_CURVE('',#11523,#10949,#11528,.T.);
#11530=ORIENTED_EDGE('',*,*,#11529,.T.);
#11531=ORIENTED_EDGE('',*,*,#10954,.T.);
#11532=ORIENTED_EDGE('',*,*,#4312,.T.);
#11533=CARTESIAN_POINT('',(10.754995462791177,13.099999999999998,4.0));
#11534=DIRECTION('',(0.0,0.0,-1.0));
#11535=VECTOR('',#11534,3.2);
#11536=LINE('',#11533,#11535);
#11537=EDGE_CURVE('',#4306,#11523,#11536,.T.);
#11538=ORIENTED_EDGE('',*,*,#11537,.T.);
#11539=EDGE_LOOP('',(#11530,#11531,#11532,#11538));
#11540=FACE_OUTER_BOUND('',#11539,.T.);
#11541=ADVANCED_FACE('',(#11540),#11521,.T.);
#11542=CARTESIAN_POINT('',(-8.000000000000004,16.0,0.0));
#11543=DIRECTION('',(0.0,0.0,1.0));
#11544=DIRECTION('',(-1.0,0.0,0.0));
#11545=AXIS2_PLACEMENT_3D('',#11542,#11543,#11544);
#11546=CYLINDRICAL_SURFACE('',#11545,3.999999999999999);
#11547=CARTESIAN_POINT('',(-5.245004537208824,13.099999999999998,0.8));
#11548=VERTEX_POINT('',#11547);
#11549=CARTESIAN_POINT('',(-8.000000000000004,16.0,0.8));
#11550=DIRECTION('',(0.0,0.0,1.0));
#11551=DIRECTION('',(-1.0,0.0,0.0));
#11552=AXIS2_PLACEMENT_3D('',#11549,#11550,#11551);
#11553=CIRCLE('',#11552,3.999999999999999);
#11554=EDGE_CURVE('',#11548,#11084,#11553,.T.);
#11555=ORIENTED_EDGE('',*,*,#11554,.T.);
#11556=ORIENTED_EDGE('',*,*,#11089,.T.);
#11557=ORIENTED_EDGE('',*,*,#4284,.T.);
#11558=CARTESIAN_POINT('',(-5.245004537208824,13.099999999999998,4.0));
#11559=DIRECTION('',(0.0,0.0,-1.0));
#11560=VECTOR('',#11559,3.2);
#11561=LINE('',#11558,#11560);
#11562=EDGE_CURVE('',#4270,#11548,#11561,.T.);
#11563=ORIENTED_EDGE('',*,*,#11562,.T.);
#11564=EDGE_LOOP('',(#11555,#11556,#11557,#11563));
#11565=FACE_OUTER_BOUND('',#11564,.T.);
#11566=ADVANCED_FACE('',(#11565),#11546,.T.);
#11567=CARTESIAN_POINT('',(-24.000000000000004,16.0,0.0));
#11568=DIRECTION('',(0.0,0.0,1.0));
#11569=DIRECTION('',(-1.0,0.0,0.0));
#11570=AXIS2_PLACEMENT_3D('',#11567,#11568,#11569);
#11571=CYLINDRICAL_SURFACE('',#11570,4.0);
#11572=CARTESIAN_POINT('',(-21.245004537208825,13.099999999999998,0.8));
#11573=VERTEX_POINT('',#11572);
#11574=CARTESIAN_POINT('',(-24.000000000000004,16.0,0.8));
#11575=DIRECTION('',(0.0,0.0,1.0));
#11576=DIRECTION('',(-1.0,0.0,0.0));
#11577=AXIS2_PLACEMENT_3D('',#11574,#11575,#11576);
#11578=CIRCLE('',#11577,4.0);
#11579=EDGE_CURVE('',#11573,#10814,#11578,.T.);
#11580=ORIENTED_EDGE('',*,*,#11579,.T.);
#11581=ORIENTED_EDGE('',*,*,#10819,.T.);
#11582=ORIENTED_EDGE('',*,*,#4248,.T.);
#11583=CARTESIAN_POINT('',(-21.245004537208825,13.099999999999998,4.0));
#11584=DIRECTION('',(0.0,0.0,-1.0));
#11585=VECTOR('',#11584,3.2);
#11586=LINE('',#11583,#11585);
#11587=EDGE_CURVE('',#4234,#11573,#11586,.T.);
#11588=ORIENTED_EDGE('',*,*,#11587,.T.);
#11589=EDGE_LOOP('',(#11580,#11581,#11582,#11588));
#11590=FACE_OUTER_BOUND('',#11589,.T.);
#11591=ADVANCED_FACE('',(#11590),#11571,.T.);
#11592=CARTESIAN_POINT('',(-8.000000000000004,-16.0,0.0));
#11593=DIRECTION('',(0.0,0.0,1.0));
#11594=DIRECTION('',(-1.0,0.0,0.0));
#11595=AXIS2_PLACEMENT_3D('',#11592,#11593,#11594);
#11596=CYLINDRICAL_SURFACE('',#11595,4.000000000000002);
#11597=CARTESIAN_POINT('',(-10.754995462791188,-18.899999999999999,-0.8));
#11598=VERTEX_POINT('',#11597);
#11599=CARTESIAN_POINT('',(-10.754995462791188,-13.100000000000003,-0.8));
#11600=VERTEX_POINT('',#11599);
#11601=CARTESIAN_POINT('',(-8.000000000000004,-16.0,-0.8));
#11602=DIRECTION('',(0.0,0.0,-1.0));
#11603=DIRECTION('',(-1.0,0.0,0.0));
#11604=AXIS2_PLACEMENT_3D('',#11601,#11602,#11603);
#11605=CIRCLE('',#11604,4.000000000000002);
#11606=EDGE_CURVE('',#11598,#11600,#11605,.T.);
#11607=ORIENTED_EDGE('',*,*,#11606,.T.);
#11608=CARTESIAN_POINT('',(-10.754995462791188,-13.100000000000003,-4.0));
#11609=DIRECTION('',(0.0,0.0,1.0));
#11610=VECTOR('',#11609,3.2);
#11611=LINE('',#11608,#11610);
#11612=EDGE_CURVE('',#3370,#11600,#11611,.T.);
#11613=ORIENTED_EDGE('',*,*,#11612,.F.);
#11614=ORIENTED_EDGE('',*,*,#3376,.F.);
#11615=CARTESIAN_POINT('',(-10.754995462791188,-18.899999999999999,-4.0));
#11616=DIRECTION('',(0.0,0.0,1.0));
#11617=VECTOR('',#11616,3.2);
#11618=LINE('',#11615,#11617);
#11619=EDGE_CURVE('',#3362,#11598,#11618,.T.);
#11620=ORIENTED_EDGE('',*,*,#11619,.T.);
#11621=EDGE_LOOP('',(#11607,#11613,#11614,#11620));
#11622=FACE_OUTER_BOUND('',#11621,.T.);
#11623=ADVANCED_FACE('',(#11622),#11596,.T.);
#11624=CARTESIAN_POINT('',(-24.000000000000004,-16.0,0.0));
#11625=DIRECTION('',(0.0,0.0,1.0));
#11626=DIRECTION('',(-1.0,0.0,0.0));
#11627=AXIS2_PLACEMENT_3D('',#11624,#11625,#11626);
#11628=CYLINDRICAL_SURFACE('',#11627,4.0);
#11629=CARTESIAN_POINT('',(-21.245004537208821,-18.900000000000002,0.8));
#11630=VERTEX_POINT('',#11629);
#11631=CARTESIAN_POINT('',(-21.245004537208821,-13.100000000000003,0.8));
#11632=VERTEX_POINT('',#11631);
#11633=CARTESIAN_POINT('',(-24.000000000000004,-16.0,0.8));
#11634=DIRECTION('',(0.0,0.0,1.0));
#11635=DIRECTION('',(-1.0,0.0,0.0));
#11636=AXIS2_PLACEMENT_3D('',#11633,#11634,#11635);
#11637=CIRCLE('',#11636,4.0);
#11638=EDGE_CURVE('',#11630,#11632,#11637,.T.);
#11639=ORIENTED_EDGE('',*,*,#11638,.T.);
#11640=CARTESIAN_POINT('',(-21.245004537208821,-13.100000000000003,4.0));
#11641=DIRECTION('',(0.0,0.0,-1.0));
#11642=VECTOR('',#11641,3.2);
#11643=LINE('',#11640,#11642);
#11644=EDGE_CURVE('',#4534,#11632,#11643,.T.);
#11645=ORIENTED_EDGE('',*,*,#11644,.F.);
#11646=ORIENTED_EDGE('',*,*,#4540,.F.);
#11647=CARTESIAN_POINT('',(-21.245004537208821,-18.900000000000002,0.8));
#11648=DIRECTION('',(0.0,0.0,1.0));
#11649=VECTOR('',#11648,3.2);
#11650=LINE('',#11647,#11649);
#11651=EDGE_CURVE('',#11630,#4526,#11650,.T.);
#11652=ORIENTED_EDGE('',*,*,#11651,.F.);
#11653=EDGE_LOOP('',(#11639,#11645,#11646,#11652));
#11654=FACE_OUTER_BOUND('',#11653,.T.);
#11655=ADVANCED_FACE('',(#11654),#11628,.T.);
#11656=CARTESIAN_POINT('',(-24.000000000000004,-16.0,0.0));
#11657=DIRECTION('',(0.0,0.0,1.0));
#11658=DIRECTION('',(-1.0,0.0,0.0));
#11659=AXIS2_PLACEMENT_3D('',#11656,#11657,#11658);
#11660=CYLINDRICAL_SURFACE('',#11659,4.0);
#11661=CARTESIAN_POINT('',(-21.245004537208821,-13.100000000000003,-0.8));
#11662=VERTEX_POINT('',#11661);
#11663=CARTESIAN_POINT('',(-21.245004537208821,-18.900000000000002,-0.8));
#11664=VERTEX_POINT('',#11663);
#11665=CARTESIAN_POINT('',(-24.000000000000004,-16.0,-0.8));
#11666=DIRECTION('',(0.0,0.0,-1.0));
#11667=DIRECTION('',(-1.0,0.0,0.0));
#11668=AXIS2_PLACEMENT_3D('',#11665,#11666,#11667);
#11669=CIRCLE('',#11668,4.0);
#11670=EDGE_CURVE('',#11662,#11664,#11669,.T.);
#11671=ORIENTED_EDGE('',*,*,#11670,.T.);
#11672=CARTESIAN_POINT('',(-21.245004537208821,-18.900000000000002,-4.0));
#11673=DIRECTION('',(0.0,0.0,1.0));
#11674=VECTOR('',#11673,3.2);
#11675=LINE('',#11672,#11674);
#11676=EDGE_CURVE('',#3360,#11664,#11675,.T.);
#11677=ORIENTED_EDGE('',*,*,#11676,.F.);
#11678=ORIENTED_EDGE('',*,*,#3391,.F.);
#11679=CARTESIAN_POINT('',(-21.245004537208821,-13.100000000000003,-0.8));
#11680=DIRECTION('',(0.0,0.0,-1.0));
#11681=VECTOR('',#11680,3.2);
#11682=LINE('',#11679,#11681);
#11683=EDGE_CURVE('',#11662,#3379,#11682,.T.);
#11684=ORIENTED_EDGE('',*,*,#11683,.F.);
#11685=EDGE_LOOP('',(#11671,#11677,#11678,#11684));
#11686=FACE_OUTER_BOUND('',#11685,.T.);
#11687=ADVANCED_FACE('',(#11686),#11660,.T.);
#11688=CARTESIAN_POINT('',(-8.000000000000004,-16.0,0.0));
#11689=DIRECTION('',(0.0,0.0,1.0));
#11690=DIRECTION('',(-1.0,0.0,0.0));
#11691=AXIS2_PLACEMENT_3D('',#11688,#11689,#11690);
#11692=CYLINDRICAL_SURFACE('',#11691,4.000000000000002);
#11693=CARTESIAN_POINT('',(-5.245004537208815,-13.100000000000003,-0.8));
#11694=VERTEX_POINT('',#11693);
#11695=CARTESIAN_POINT('',(-5.245004537208824,-18.900000000000002,-0.8));
#11696=VERTEX_POINT('',#11695);
#11697=CARTESIAN_POINT('',(-8.000000000000004,-16.0,-0.8));
#11698=DIRECTION('',(0.0,0.0,-1.0));
#11699=DIRECTION('',(-1.0,0.0,0.0));
#11700=AXIS2_PLACEMENT_3D('',#11697,#11698,#11699);
#11701=CIRCLE('',#11700,4.000000000000002);
#11702=EDGE_CURVE('',#11694,#11696,#11701,.T.);
#11703=ORIENTED_EDGE('',*,*,#11702,.T.);
#11704=CARTESIAN_POINT('',(-5.245004537208824,-18.900000000000002,-0.8));
#11705=DIRECTION('',(0.0,0.0,-1.0));
#11706=VECTOR('',#11705,3.2);
#11707=LINE('',#11704,#11706);
#11708=EDGE_CURVE('',#11696,#3396,#11707,.T.);
#11709=ORIENTED_EDGE('',*,*,#11708,.T.);
#11710=ORIENTED_EDGE('',*,*,#3427,.F.);
#11711=CARTESIAN_POINT('',(-5.245004537208815,-13.100000000000003,-4.0));
#11712=DIRECTION('',(0.0,0.0,1.0));
#11713=VECTOR('',#11712,3.2);
#11714=LINE('',#11711,#11713);
#11715=EDGE_CURVE('',#3415,#11694,#11714,.T.);
#11716=ORIENTED_EDGE('',*,*,#11715,.T.);
#11717=EDGE_LOOP('',(#11703,#11709,#11710,#11716));
#11718=FACE_OUTER_BOUND('',#11717,.T.);
#11719=ADVANCED_FACE('',(#11718),#11692,.T.);
#11720=CARTESIAN_POINT('',(7.999999999999998,-16.0,0.0));
#11721=DIRECTION('',(0.0,0.0,1.0));
#11722=DIRECTION('',(-1.0,0.0,0.0));
#11723=AXIS2_PLACEMENT_3D('',#11720,#11721,#11722);
#11724=CYLINDRICAL_SURFACE('',#11723,4.000000000000002);
#11725=CARTESIAN_POINT('',(5.245004537208809,-18.899999999999995,-0.8));
#11726=VERTEX_POINT('',#11725);
#11727=CARTESIAN_POINT('',(5.245004537208812,-13.100000000000003,-0.8));
#11728=VERTEX_POINT('',#11727);
#11729=CARTESIAN_POINT('',(7.999999999999998,-16.0,-0.8));
#11730=DIRECTION('',(0.0,0.0,-1.0));
#11731=DIRECTION('',(-1.0,0.0,0.0));
#11732=AXIS2_PLACEMENT_3D('',#11729,#11730,#11731);
#11733=CIRCLE('',#11732,4.000000000000002);
#11734=EDGE_CURVE('',#11726,#11728,#11733,.T.);
#11735=ORIENTED_EDGE('',*,*,#11734,.T.);
#11736=CARTESIAN_POINT('',(5.245004537208812,-13.100000000000003,-4.0));
#11737=DIRECTION('',(0.0,0.0,1.0));
#11738=VECTOR('',#11737,3.2);
#11739=LINE('',#11736,#11738);
#11740=EDGE_CURVE('',#3406,#11728,#11739,.T.);
#11741=ORIENTED_EDGE('',*,*,#11740,.F.);
#11742=ORIENTED_EDGE('',*,*,#3412,.F.);
#11743=CARTESIAN_POINT('',(5.245004537208809,-18.899999999999995,-4.0));
#11744=DIRECTION('',(0.0,0.0,1.0));
#11745=VECTOR('',#11744,3.2);
#11746=LINE('',#11743,#11745);
#11747=EDGE_CURVE('',#3398,#11726,#11746,.T.);
#11748=ORIENTED_EDGE('',*,*,#11747,.T.);
#11749=EDGE_LOOP('',(#11735,#11741,#11742,#11748));
#11750=FACE_OUTER_BOUND('',#11749,.T.);
#11751=ADVANCED_FACE('',(#11750),#11724,.T.);
#11752=CARTESIAN_POINT('',(5.245004537208809,-18.899999999999995,0.0));
#11753=DIRECTION('',(0.0,-1.0,0.0));
#11754=DIRECTION('',(0.0,0.0,-1.0));
#11755=AXIS2_PLACEMENT_3D('',#11752,#11753,#11754);
#11756=PLANE('',#11755);
#11757=CARTESIAN_POINT('',(3.509985754956849,-18.899999999999999,0.8));
#11758=VERTEX_POINT('',#11757);
#11759=CARTESIAN_POINT('',(-3.509985754956849,-18.900000000000002,0.8));
#11760=VERTEX_POINT('',#11759);
#11761=CARTESIAN_POINT('',(0.0,-18.899999999999995,0.0));
#11762=DIRECTION('',(0.0,-1.0,0.0));
#11763=DIRECTION('',(1.0,0.0,0.0));
#11764=AXIS2_PLACEMENT_3D('',#11761,#11762,#11763);
#11765=CIRCLE('',#11764,3.6);
#11766=EDGE_CURVE('',#11758,#11760,#11765,.T.);
#11767=ORIENTED_EDGE('',*,*,#11766,.T.);
#11768=CARTESIAN_POINT('',(-3.509985754956849,-18.900000000000002,0.8));
#11769=DIRECTION('',(-1.0,0.0,0.0));
#11770=VECTOR('',#11769,1.735018782251975);
#11771=LINE('',#11768,#11770);
#11772=EDGE_CURVE('',#11760,#11267,#11771,.T.);
#11773=ORIENTED_EDGE('',*,*,#11772,.T.);
#11774=ORIENTED_EDGE('',*,*,#11288,.F.);
#11775=ORIENTED_EDGE('',*,*,#4567,.F.);
#11776=ORIENTED_EDGE('',*,*,#11249,.F.);
#11777=CARTESIAN_POINT('',(5.245004537208809,-18.899999999999999,0.8));
#11778=DIRECTION('',(-1.0,0.0,0.0));
#11779=VECTOR('',#11778,1.73501878225196);
#11780=LINE('',#11777,#11779);
#11781=EDGE_CURVE('',#11237,#11758,#11780,.T.);
#11782=ORIENTED_EDGE('',*,*,#11781,.T.);
#11783=EDGE_LOOP('',(#11767,#11773,#11774,#11775,#11776,#11782));
#11784=FACE_OUTER_BOUND('',#11783,.T.);
#11785=ADVANCED_FACE('',(#11784),#11756,.F.);
#11786=CARTESIAN_POINT('',(5.245004537208809,-18.899999999999995,0.0));
#11787=DIRECTION('',(0.0,-1.0,0.0));
#11788=DIRECTION('',(0.0,0.0,-1.0));
#11789=AXIS2_PLACEMENT_3D('',#11786,#11787,#11788);
#11790=PLANE('',#11789);
#11791=CARTESIAN_POINT('',(-3.509985754956849,-18.900000000000002,-0.8));
#11792=VERTEX_POINT('',#11791);
#11793=CARTESIAN_POINT('',(3.509985754956849,-18.899999999999999,-0.8));
#11794=VERTEX_POINT('',#11793);
#11795=CARTESIAN_POINT('',(0.0,-18.899999999999995,0.0));
#11796=DIRECTION('',(0.0,-1.0,0.0));
#11797=DIRECTION('',(1.0,0.0,0.0));
#11798=AXIS2_PLACEMENT_3D('',#11795,#11796,#11797);
#11799=CIRCLE('',#11798,3.6);
#11800=EDGE_CURVE('',#11792,#11794,#11799,.T.);
#11801=ORIENTED_EDGE('',*,*,#11800,.T.);
#11802=CARTESIAN_POINT('',(3.509985754956849,-18.899999999999999,-0.8));
#11803=DIRECTION('',(1.0,0.0,0.0));
#11804=VECTOR('',#11803,1.73501878225196);
#11805=LINE('',#11802,#11804);
#11806=EDGE_CURVE('',#11794,#11726,#11805,.T.);
#11807=ORIENTED_EDGE('',*,*,#11806,.T.);
#11808=ORIENTED_EDGE('',*,*,#11747,.F.);
#11809=ORIENTED_EDGE('',*,*,#3403,.F.);
#11810=ORIENTED_EDGE('',*,*,#11708,.F.);
#11811=CARTESIAN_POINT('',(-5.245004537208824,-18.900000000000002,-0.8));
#11812=DIRECTION('',(1.0,0.0,0.0));
#11813=VECTOR('',#11812,1.735018782251975);
#11814=LINE('',#11811,#11813);
#11815=EDGE_CURVE('',#11696,#11792,#11814,.T.);
#11816=ORIENTED_EDGE('',*,*,#11815,.T.);
#11817=EDGE_LOOP('',(#11801,#11807,#11808,#11809,#11810,#11816));
#11818=FACE_OUTER_BOUND('',#11817,.T.);
#11819=ADVANCED_FACE('',(#11818),#11790,.F.);
#11820=CARTESIAN_POINT('',(7.999999999999998,-16.0,0.0));
#11821=DIRECTION('',(0.0,0.0,1.0));
#11822=DIRECTION('',(-1.0,0.0,0.0));
#11823=AXIS2_PLACEMENT_3D('',#11820,#11821,#11822);
#11824=CYLINDRICAL_SURFACE('',#11823,4.000000000000002);
#11825=CARTESIAN_POINT('',(10.754995462791186,-13.100000000000003,-0.8));
#11826=VERTEX_POINT('',#11825);
#11827=CARTESIAN_POINT('',(10.754995462791172,-18.900000000000002,-0.8));
#11828=VERTEX_POINT('',#11827);
#11829=CARTESIAN_POINT('',(7.999999999999998,-16.0,-0.8));
#11830=DIRECTION('',(0.0,0.0,-1.0));
#11831=DIRECTION('',(-1.0,0.0,0.0));
#11832=AXIS2_PLACEMENT_3D('',#11829,#11830,#11831);
#11833=CIRCLE('',#11832,4.000000000000002);
#11834=EDGE_CURVE('',#11826,#11828,#11833,.T.);
#11835=ORIENTED_EDGE('',*,*,#11834,.T.);
#11836=CARTESIAN_POINT('',(10.754995462791172,-18.900000000000002,-4.0));
#11837=DIRECTION('',(0.0,0.0,1.0));
#11838=VECTOR('',#11837,3.2);
#11839=LINE('',#11836,#11838);
#11840=EDGE_CURVE('',#3451,#11828,#11839,.T.);
#11841=ORIENTED_EDGE('',*,*,#11840,.F.);
#11842=ORIENTED_EDGE('',*,*,#3457,.F.);
#11843=CARTESIAN_POINT('',(10.754995462791186,-13.100000000000003,-4.0));
#11844=DIRECTION('',(0.0,0.0,1.0));
#11845=VECTOR('',#11844,3.2);
#11846=LINE('',#11843,#11845);
#11847=EDGE_CURVE('',#3443,#11826,#11846,.T.);
#11848=ORIENTED_EDGE('',*,*,#11847,.T.);
#11849=EDGE_LOOP('',(#11835,#11841,#11842,#11848));
#11850=FACE_OUTER_BOUND('',#11849,.T.);
#11851=ADVANCED_FACE('',(#11850),#11824,.T.);
#11852=CARTESIAN_POINT('',(24.0,-16.0,0.0));
#11853=DIRECTION('',(0.0,0.0,1.0));
#11854=DIRECTION('',(-1.0,0.0,0.0));
#11855=AXIS2_PLACEMENT_3D('',#11852,#11853,#11854);
#11856=CYLINDRICAL_SURFACE('',#11855,4.000000000000004);
#11857=CARTESIAN_POINT('',(21.245004537208811,-13.100000000000003,0.8));
#11858=VERTEX_POINT('',#11857);
#11859=CARTESIAN_POINT('',(21.245004537208807,-18.899999999999999,0.8));
#11860=VERTEX_POINT('',#11859);
#11861=CARTESIAN_POINT('',(24.0,-16.0,0.8));
#11862=DIRECTION('',(0.0,0.0,1.0));
#11863=DIRECTION('',(-1.0,0.0,0.0));
#11864=AXIS2_PLACEMENT_3D('',#11861,#11862,#11863);
#11865=CIRCLE('',#11864,4.000000000000004);
#11866=EDGE_CURVE('',#11858,#11860,#11865,.T.);
#11867=ORIENTED_EDGE('',*,*,#11866,.T.);
#11868=CARTESIAN_POINT('',(21.245004537208807,-18.899999999999999,4.0));
#11869=DIRECTION('',(0.0,0.0,-1.0));
#11870=VECTOR('',#11869,3.2);
#11871=LINE('',#11868,#11870);
#11872=EDGE_CURVE('',#4598,#11860,#11871,.T.);
#11873=ORIENTED_EDGE('',*,*,#11872,.F.);
#11874=ORIENTED_EDGE('',*,*,#4604,.F.);
#11875=CARTESIAN_POINT('',(21.245004537208811,-13.100000000000003,0.8));
#11876=DIRECTION('',(0.0,0.0,1.0));
#11877=VECTOR('',#11876,3.2);
#11878=LINE('',#11875,#11877);
#11879=EDGE_CURVE('',#11858,#4596,#11878,.T.);
#11880=ORIENTED_EDGE('',*,*,#11879,.F.);
#11881=EDGE_LOOP('',(#11867,#11873,#11874,#11880));
#11882=FACE_OUTER_BOUND('',#11881,.T.);
#11883=ADVANCED_FACE('',(#11882),#11856,.T.);
#11884=CARTESIAN_POINT('',(24.0,-16.0,0.0));
#11885=DIRECTION('',(0.0,0.0,1.0));
#11886=DIRECTION('',(-1.0,0.0,0.0));
#11887=AXIS2_PLACEMENT_3D('',#11884,#11885,#11886);
#11888=CYLINDRICAL_SURFACE('',#11887,4.000000000000004);
#11889=CARTESIAN_POINT('',(21.245004537208807,-18.899999999999999,-0.8));
#11890=VERTEX_POINT('',#11889);
#11891=CARTESIAN_POINT('',(21.245004537208811,-13.100000000000003,-0.8));
#11892=VERTEX_POINT('',#11891);
#11893=CARTESIAN_POINT('',(24.0,-16.0,-0.8));
#11894=DIRECTION('',(0.0,0.0,-1.0));
#11895=DIRECTION('',(-1.0,0.0,0.0));
#11896=AXIS2_PLACEMENT_3D('',#11893,#11894,#11895);
#11897=CIRCLE('',#11896,4.000000000000004);
#11898=EDGE_CURVE('',#11890,#11892,#11897,.T.);
#11899=ORIENTED_EDGE('',*,*,#11898,.T.);
#11900=CARTESIAN_POINT('',(21.245004537208811,-13.100000000000003,-4.0));
#11901=DIRECTION('',(0.0,0.0,1.0));
#11902=VECTOR('',#11901,3.2);
#11903=LINE('',#11900,#11902);
#11904=EDGE_CURVE('',#3434,#11892,#11903,.T.);
#11905=ORIENTED_EDGE('',*,*,#11904,.F.);
#11906=ORIENTED_EDGE('',*,*,#3440,.F.);
#11907=CARTESIAN_POINT('',(21.245004537208807,-18.899999999999999,-0.8));
#11908=DIRECTION('',(0.0,0.0,-1.0));
#11909=VECTOR('',#11908,3.2);
#11910=LINE('',#11907,#11909);
#11911=EDGE_CURVE('',#11890,#3432,#11910,.T.);
#11912=ORIENTED_EDGE('',*,*,#11911,.F.);
#11913=EDGE_LOOP('',(#11899,#11905,#11906,#11912));
#11914=FACE_OUTER_BOUND('',#11913,.T.);
#11915=ADVANCED_FACE('',(#11914),#11888,.T.);
#11916=CARTESIAN_POINT('',(-24.000000000000004,16.0,0.0));
#11917=DIRECTION('',(0.0,0.0,1.0));
#11918=DIRECTION('',(-1.0,0.0,0.0));
#11919=AXIS2_PLACEMENT_3D('',#11916,#11917,#11918);
#11920=CYLINDRICAL_SURFACE('',#11919,4.0);
#11921=ORIENTED_EDGE('',*,*,#10921,.T.);
#11922=CARTESIAN_POINT('',(-21.245004537208825,13.099999999999998,-0.8));
#11923=DIRECTION('',(0.0,0.0,-1.0));
#11924=VECTOR('',#11923,3.2);
#11925=LINE('',#11922,#11924);
#11926=EDGE_CURVE('',#10909,#11427,#11925,.T.);
#11927=ORIENTED_EDGE('',*,*,#11926,.T.);
#11928=ORIENTED_EDGE('',*,*,#11433,.T.);
#11929=ORIENTED_EDGE('',*,*,#10875,.T.);
#11930=EDGE_LOOP('',(#11921,#11927,#11928,#11929));
#11931=FACE_OUTER_BOUND('',#11930,.T.);
#11932=ADVANCED_FACE('',(#11931),#11920,.T.);
#11933=CARTESIAN_POINT('',(-10.754995462791182,13.099999999999998,0.0));
#11934=DIRECTION('',(0.0,-1.0,0.0));
#11935=DIRECTION('',(0.0,0.0,-1.0));
#11936=AXIS2_PLACEMENT_3D('',#11933,#11934,#11935);
#11937=PLANE('',#11936);
#11938=ORIENTED_EDGE('',*,*,#10596,.T.);
#11939=CARTESIAN_POINT('',(-19.509985754956851,13.099999999999998,0.8));
#11940=DIRECTION('',(-1.0,0.0,0.0));
#11941=VECTOR('',#11940,1.735018782251974);
#11942=LINE('',#11939,#11941);
#11943=EDGE_CURVE('',#10590,#11573,#11942,.T.);
#11944=ORIENTED_EDGE('',*,*,#11943,.T.);
#11945=ORIENTED_EDGE('',*,*,#11587,.F.);
#11946=ORIENTED_EDGE('',*,*,#4239,.F.);
#11947=ORIENTED_EDGE('',*,*,#11510,.F.);
#11948=ORIENTED_EDGE('',*,*,#10842,.T.);
#11949=EDGE_LOOP('',(#11938,#11944,#11945,#11946,#11947,#11948));
#11950=FACE_OUTER_BOUND('',#11949,.T.);
#11951=ADVANCED_FACE('',(#11950),#11937,.F.);
#11952=CARTESIAN_POINT('',(-10.754995462791182,13.099999999999998,0.0));
#11953=DIRECTION('',(0.0,-1.0,0.0));
#11954=DIRECTION('',(0.0,0.0,-1.0));
#11955=AXIS2_PLACEMENT_3D('',#11952,#11953,#11954);
#11956=PLANE('',#11955);
#11957=ORIENTED_EDGE('',*,*,#10554,.T.);
#11958=CARTESIAN_POINT('',(-10.754995462791182,13.099999999999998,-0.8));
#11959=VERTEX_POINT('',#11958);
#11960=CARTESIAN_POINT('',(-12.490014245043151,13.099999999999998,-0.8));
#11961=DIRECTION('',(1.0,0.0,0.0));
#11962=VECTOR('',#11961,1.735018782251968);
#11963=LINE('',#11960,#11962);
#11964=EDGE_CURVE('',#10548,#11959,#11963,.T.);
#11965=ORIENTED_EDGE('',*,*,#11964,.T.);
#11966=CARTESIAN_POINT('',(-10.754995462791182,13.099999999999998,-4.0));
#11967=DIRECTION('',(0.0,0.0,1.0));
#11968=VECTOR('',#11967,3.2);
#11969=LINE('',#11966,#11968);
#11970=EDGE_CURVE('',#11417,#11959,#11969,.T.);
#11971=ORIENTED_EDGE('',*,*,#11970,.F.);
#11972=ORIENTED_EDGE('',*,*,#11439,.F.);
#11973=ORIENTED_EDGE('',*,*,#11926,.F.);
#11974=ORIENTED_EDGE('',*,*,#10914,.T.);
#11975=EDGE_LOOP('',(#11957,#11965,#11971,#11972,#11973,#11974));
#11976=FACE_OUTER_BOUND('',#11975,.T.);
#11977=ADVANCED_FACE('',(#11976),#11956,.F.);
#11978=CARTESIAN_POINT('',(-8.000000000000004,16.0,0.0));
#11979=DIRECTION('',(0.0,0.0,1.0));
#11980=DIRECTION('',(-1.0,0.0,0.0));
#11981=AXIS2_PLACEMENT_3D('',#11978,#11979,#11980);
#11982=CYLINDRICAL_SURFACE('',#11981,3.999999999999999);
#11983=CARTESIAN_POINT('',(-8.000000000000004,16.0,-0.8));
#11984=DIRECTION('',(0.0,0.0,-1.0));
#11985=DIRECTION('',(-1.0,0.0,0.0));
#11986=AXIS2_PLACEMENT_3D('',#11983,#11984,#11985);
#11987=CIRCLE('',#11986,3.999999999999999);
#11988=EDGE_CURVE('',#11959,#10886,#11987,.T.);
#11989=ORIENTED_EDGE('',*,*,#11988,.T.);
#11990=ORIENTED_EDGE('',*,*,#10891,.T.);
#11991=ORIENTED_EDGE('',*,*,#11423,.T.);
#11992=ORIENTED_EDGE('',*,*,#11970,.T.);
#11993=EDGE_LOOP('',(#11989,#11990,#11991,#11992));
#11994=FACE_OUTER_BOUND('',#11993,.T.);
#11995=ADVANCED_FACE('',(#11994),#11982,.T.);
#11996=CARTESIAN_POINT('',(-8.000000000000004,16.0,0.0));
#11997=DIRECTION('',(0.0,0.0,1.0));
#11998=DIRECTION('',(-1.0,0.0,0.0));
#11999=AXIS2_PLACEMENT_3D('',#11996,#11997,#11998);
#12000=CYLINDRICAL_SURFACE('',#11999,3.999999999999999);
#12001=ORIENTED_EDGE('',*,*,#11191,.T.);
#12002=CARTESIAN_POINT('',(-5.245004537208824,13.099999999999998,-0.8));
#12003=DIRECTION('',(0.0,0.0,-1.0));
#12004=VECTOR('',#12003,3.2);
#12005=LINE('',#12002,#12004);
#12006=EDGE_CURVE('',#11179,#11400,#12005,.T.);
#12007=ORIENTED_EDGE('',*,*,#12006,.T.);
#12008=ORIENTED_EDGE('',*,*,#11406,.T.);
#12009=ORIENTED_EDGE('',*,*,#11145,.T.);
#12010=EDGE_LOOP('',(#12001,#12007,#12008,#12009));
#12011=FACE_OUTER_BOUND('',#12010,.T.);
#12012=ADVANCED_FACE('',(#12011),#12000,.T.);
#12013=CARTESIAN_POINT('',(5.245004537208819,13.099999999999998,0.0));
#12014=DIRECTION('',(0.0,-1.0,0.0));
#12015=DIRECTION('',(0.0,0.0,-1.0));
#12016=AXIS2_PLACEMENT_3D('',#12013,#12014,#12015);
#12017=PLANE('',#12016);
#12018=ORIENTED_EDGE('',*,*,#10764,.T.);
#12019=CARTESIAN_POINT('',(-3.509985754956849,13.099999999999998,0.8));
#12020=DIRECTION('',(-1.0,0.0,0.0));
#12021=VECTOR('',#12020,1.735018782251976);
#12022=LINE('',#12019,#12021);
#12023=EDGE_CURVE('',#10758,#11548,#12022,.T.);
#12024=ORIENTED_EDGE('',*,*,#12023,.T.);
#12025=ORIENTED_EDGE('',*,*,#11562,.F.);
#12026=ORIENTED_EDGE('',*,*,#4275,.F.);
#12027=ORIENTED_EDGE('',*,*,#11335,.F.);
#12028=ORIENTED_EDGE('',*,*,#11112,.T.);
#12029=EDGE_LOOP('',(#12018,#12024,#12025,#12026,#12027,#12028));
#12030=FACE_OUTER_BOUND('',#12029,.T.);
#12031=ADVANCED_FACE('',(#12030),#12017,.F.);
#12032=CARTESIAN_POINT('',(5.245004537208819,13.099999999999998,0.0));
#12033=DIRECTION('',(0.0,-1.0,0.0));
#12034=DIRECTION('',(0.0,0.0,-1.0));
#12035=AXIS2_PLACEMENT_3D('',#12032,#12033,#12034);
#12036=PLANE('',#12035);
#12037=ORIENTED_EDGE('',*,*,#10722,.T.);
#12038=CARTESIAN_POINT('',(5.245004537208819,13.099999999999998,-0.8));
#12039=VERTEX_POINT('',#12038);
#12040=CARTESIAN_POINT('',(3.509985754956849,13.099999999999998,-0.8));
#12041=DIRECTION('',(1.0,0.0,0.0));
#12042=VECTOR('',#12041,1.735018782251971);
#12043=LINE('',#12040,#12042);
#12044=EDGE_CURVE('',#10716,#12039,#12043,.T.);
#12045=ORIENTED_EDGE('',*,*,#12044,.T.);
#12046=CARTESIAN_POINT('',(5.245004537208819,13.099999999999998,-4.0));
#12047=DIRECTION('',(0.0,0.0,1.0));
#12048=VECTOR('',#12047,3.2);
#12049=LINE('',#12046,#12048);
#12050=EDGE_CURVE('',#11390,#12039,#12049,.T.);
#12051=ORIENTED_EDGE('',*,*,#12050,.F.);
#12052=ORIENTED_EDGE('',*,*,#11412,.F.);
#12053=ORIENTED_EDGE('',*,*,#12006,.F.);
#12054=ORIENTED_EDGE('',*,*,#11184,.T.);
#12055=EDGE_LOOP('',(#12037,#12045,#12051,#12052,#12053,#12054));
#12056=FACE_OUTER_BOUND('',#12055,.T.);
#12057=ADVANCED_FACE('',(#12056),#12036,.F.);
#12058=CARTESIAN_POINT('',(7.999999999999998,16.0,0.0));
#12059=DIRECTION('',(0.0,0.0,1.0));
#12060=DIRECTION('',(-1.0,0.0,0.0));
#12061=AXIS2_PLACEMENT_3D('',#12058,#12059,#12060);
#12062=CYLINDRICAL_SURFACE('',#12061,3.999999999999999);
#12063=CARTESIAN_POINT('',(7.999999999999998,16.0,-0.8));
#12064=DIRECTION('',(0.0,0.0,-1.0));
#12065=DIRECTION('',(-1.0,0.0,0.0));
#12066=AXIS2_PLACEMENT_3D('',#12063,#12064,#12065);
#12067=CIRCLE('',#12066,3.999999999999999);
#12068=EDGE_CURVE('',#12039,#11156,#12067,.T.);
#12069=ORIENTED_EDGE('',*,*,#12068,.T.);
#12070=ORIENTED_EDGE('',*,*,#11161,.T.);
#12071=ORIENTED_EDGE('',*,*,#11396,.T.);
#12072=ORIENTED_EDGE('',*,*,#12050,.T.);
#12073=EDGE_LOOP('',(#12069,#12070,#12071,#12072));
#12074=FACE_OUTER_BOUND('',#12073,.T.);
#12075=ADVANCED_FACE('',(#12074),#12062,.T.);
#12076=CARTESIAN_POINT('',(7.999999999999998,16.0,0.0));
#12077=DIRECTION('',(0.0,0.0,1.0));
#12078=DIRECTION('',(-1.0,0.0,0.0));
#12079=AXIS2_PLACEMENT_3D('',#12076,#12077,#12078);
#12080=CYLINDRICAL_SURFACE('',#12079,3.999999999999999);
#12081=ORIENTED_EDGE('',*,*,#11056,.T.);
#12082=CARTESIAN_POINT('',(10.754995462791177,13.099999999999998,-0.8));
#12083=DIRECTION('',(0.0,0.0,-1.0));
#12084=VECTOR('',#12083,3.2);
#12085=LINE('',#12082,#12084);
#12086=EDGE_CURVE('',#11044,#11444,#12085,.T.);
#12087=ORIENTED_EDGE('',*,*,#12086,.T.);
#12088=ORIENTED_EDGE('',*,*,#11466,.T.);
#12089=ORIENTED_EDGE('',*,*,#11010,.T.);
#12090=EDGE_LOOP('',(#12081,#12087,#12088,#12089));
#12091=FACE_OUTER_BOUND('',#12090,.T.);
#12092=ADVANCED_FACE('',(#12091),#12080,.T.);
#12093=CARTESIAN_POINT('',(21.245004537208821,13.099999999999998,0.0));
#12094=DIRECTION('',(0.0,-1.0,0.0));
#12095=DIRECTION('',(0.0,0.0,-1.0));
#12096=AXIS2_PLACEMENT_3D('',#12093,#12094,#12095);
#12097=PLANE('',#12096);
#12098=ORIENTED_EDGE('',*,*,#10680,.T.);
#12099=CARTESIAN_POINT('',(12.490014245043151,13.099999999999998,0.8));
#12100=DIRECTION('',(-1.0,0.0,0.0));
#12101=VECTOR('',#12100,1.735018782251974);
#12102=LINE('',#12099,#12101);
#12103=EDGE_CURVE('',#10674,#11523,#12102,.T.);
#12104=ORIENTED_EDGE('',*,*,#12103,.T.);
#12105=ORIENTED_EDGE('',*,*,#11537,.F.);
#12106=ORIENTED_EDGE('',*,*,#4335,.F.);
#12107=ORIENTED_EDGE('',*,*,#11493,.F.);
#12108=ORIENTED_EDGE('',*,*,#10977,.T.);
#12109=EDGE_LOOP('',(#12098,#12104,#12105,#12106,#12107,#12108));
#12110=FACE_OUTER_BOUND('',#12109,.T.);
#12111=ADVANCED_FACE('',(#12110),#12097,.F.);
#12112=CARTESIAN_POINT('',(21.245004537208821,13.099999999999998,0.0));
#12113=DIRECTION('',(0.0,-1.0,0.0));
#12114=DIRECTION('',(0.0,0.0,-1.0));
#12115=AXIS2_PLACEMENT_3D('',#12112,#12113,#12114);
#12116=PLANE('',#12115);
#12117=ORIENTED_EDGE('',*,*,#10638,.T.);
#12118=CARTESIAN_POINT('',(21.245004537208821,13.099999999999998,-0.8));
#12119=VERTEX_POINT('',#12118);
#12120=CARTESIAN_POINT('',(19.509985754956851,13.099999999999998,-0.8));
#12121=DIRECTION('',(1.0,0.0,0.0));
#12122=VECTOR('',#12121,1.73501878225197);
#12123=LINE('',#12120,#12122);
#12124=EDGE_CURVE('',#10632,#12119,#12123,.T.);
#12125=ORIENTED_EDGE('',*,*,#12124,.T.);
#12126=CARTESIAN_POINT('',(21.245004537208821,13.099999999999998,-4.0));
#12127=DIRECTION('',(0.0,0.0,1.0));
#12128=VECTOR('',#12127,3.2);
#12129=LINE('',#12126,#12128);
#12130=EDGE_CURVE('',#11446,#12119,#12129,.T.);
#12131=ORIENTED_EDGE('',*,*,#12130,.F.);
#12132=ORIENTED_EDGE('',*,*,#11451,.F.);
#12133=ORIENTED_EDGE('',*,*,#12086,.F.);
#12134=ORIENTED_EDGE('',*,*,#11049,.T.);
#12135=EDGE_LOOP('',(#12117,#12125,#12131,#12132,#12133,#12134));
#12136=FACE_OUTER_BOUND('',#12135,.T.);
#12137=ADVANCED_FACE('',(#12136),#12116,.F.);
#12138=CARTESIAN_POINT('',(24.0,16.0,0.0));
#12139=DIRECTION('',(0.0,0.0,1.0));
#12140=DIRECTION('',(-1.0,0.0,0.0));
#12141=AXIS2_PLACEMENT_3D('',#12138,#12139,#12140);
#12142=CYLINDRICAL_SURFACE('',#12141,3.999999999999999);
#12143=CARTESIAN_POINT('',(24.0,16.0,-0.8));
#12144=DIRECTION('',(0.0,0.0,-1.0));
#12145=DIRECTION('',(-1.0,0.0,0.0));
#12146=AXIS2_PLACEMENT_3D('',#12143,#12144,#12145);
#12147=CIRCLE('',#12146,3.999999999999999);
#12148=EDGE_CURVE('',#12119,#11021,#12147,.T.);
#12149=ORIENTED_EDGE('',*,*,#12148,.T.);
#12150=ORIENTED_EDGE('',*,*,#11026,.T.);
#12151=ORIENTED_EDGE('',*,*,#11458,.T.);
#12152=ORIENTED_EDGE('',*,*,#12130,.T.);
#12153=EDGE_LOOP('',(#12149,#12150,#12151,#12152));
#12154=FACE_OUTER_BOUND('',#12153,.T.);
#12155=ADVANCED_FACE('',(#12154),#12142,.T.);
#12156=CARTESIAN_POINT('',(-16.0,15.999999999999998,0.8));
#12157=DIRECTION('',(0.0,0.0,1.0));
#12158=DIRECTION('',(1.0,0.0,0.0));
#12159=AXIS2_PLACEMENT_3D('',#12156,#12157,#12158);
#12160=PLANE('',#12159);
#12161=ORIENTED_EDGE('',*,*,#10619,.T.);
#12162=ORIENTED_EDGE('',*,*,#10825,.F.);
#12163=ORIENTED_EDGE('',*,*,#11579,.F.);
#12164=ORIENTED_EDGE('',*,*,#11943,.F.);
#12165=EDGE_LOOP('',(#12161,#12162,#12163,#12164));
#12166=FACE_OUTER_BOUND('',#12165,.T.);
#12167=ADVANCED_FACE('',(#12166),#12160,.T.);
#12168=CARTESIAN_POINT('',(-16.0,15.999999999999998,-0.8));
#12169=DIRECTION('',(0.0,0.0,1.0));
#12170=DIRECTION('',(1.0,0.0,0.0));
#12171=AXIS2_PLACEMENT_3D('',#12168,#12169,#12170);
#12172=PLANE('',#12171);
#12173=ORIENTED_EDGE('',*,*,#10577,.T.);
#12174=ORIENTED_EDGE('',*,*,#10897,.F.);
#12175=ORIENTED_EDGE('',*,*,#11988,.F.);
#12176=ORIENTED_EDGE('',*,*,#11964,.F.);
#12177=EDGE_LOOP('',(#12173,#12174,#12175,#12176));
#12178=FACE_OUTER_BOUND('',#12177,.T.);
#12179=ADVANCED_FACE('',(#12178),#12172,.F.);
#12180=CARTESIAN_POINT('',(-1.387779E-015,15.999999999999998,0.8));
#12181=DIRECTION('',(0.0,0.0,1.0));
#12182=DIRECTION('',(1.0,0.0,0.0));
#12183=AXIS2_PLACEMENT_3D('',#12180,#12181,#12182);
#12184=PLANE('',#12183);
#12185=ORIENTED_EDGE('',*,*,#10787,.T.);
#12186=ORIENTED_EDGE('',*,*,#11095,.F.);
#12187=ORIENTED_EDGE('',*,*,#11554,.F.);
#12188=ORIENTED_EDGE('',*,*,#12023,.F.);
#12189=EDGE_LOOP('',(#12185,#12186,#12187,#12188));
#12190=FACE_OUTER_BOUND('',#12189,.T.);
#12191=ADVANCED_FACE('',(#12190),#12184,.T.);
#12192=CARTESIAN_POINT('',(-1.387779E-015,15.999999999999998,-0.8));
#12193=DIRECTION('',(0.0,0.0,1.0));
#12194=DIRECTION('',(1.0,0.0,0.0));
#12195=AXIS2_PLACEMENT_3D('',#12192,#12193,#12194);
#12196=PLANE('',#12195);
#12197=ORIENTED_EDGE('',*,*,#10745,.T.);
#12198=ORIENTED_EDGE('',*,*,#11167,.F.);
#12199=ORIENTED_EDGE('',*,*,#12068,.F.);
#12200=ORIENTED_EDGE('',*,*,#12044,.F.);
#12201=EDGE_LOOP('',(#12197,#12198,#12199,#12200));
#12202=FACE_OUTER_BOUND('',#12201,.T.);
#12203=ADVANCED_FACE('',(#12202),#12196,.F.);
#12204=CARTESIAN_POINT('',(16.0,15.999999999999998,0.8));
#12205=DIRECTION('',(0.0,0.0,1.0));
#12206=DIRECTION('',(1.0,0.0,0.0));
#12207=AXIS2_PLACEMENT_3D('',#12204,#12205,#12206);
#12208=PLANE('',#12207);
#12209=ORIENTED_EDGE('',*,*,#10703,.T.);
#12210=ORIENTED_EDGE('',*,*,#10960,.F.);
#12211=ORIENTED_EDGE('',*,*,#11529,.F.);
#12212=ORIENTED_EDGE('',*,*,#12103,.F.);
#12213=EDGE_LOOP('',(#12209,#12210,#12211,#12212));
#12214=FACE_OUTER_BOUND('',#12213,.T.);
#12215=ADVANCED_FACE('',(#12214),#12208,.T.);
#12216=CARTESIAN_POINT('',(15.999999999999998,15.999999999999998,-0.8));
#12217=DIRECTION('',(0.0,0.0,1.0));
#12218=DIRECTION('',(1.0,0.0,0.0));
#12219=AXIS2_PLACEMENT_3D('',#12216,#12217,#12218);
#12220=PLANE('',#12219);
#12221=ORIENTED_EDGE('',*,*,#10661,.T.);
#12222=ORIENTED_EDGE('',*,*,#11032,.F.);
#12223=ORIENTED_EDGE('',*,*,#12148,.F.);
#12224=ORIENTED_EDGE('',*,*,#12124,.F.);
#12225=EDGE_LOOP('',(#12221,#12222,#12223,#12224));
#12226=FACE_OUTER_BOUND('',#12225,.T.);
#12227=ADVANCED_FACE('',(#12226),#12220,.F.);
#12228=CARTESIAN_POINT('',(-5.453937E-015,-16.000000000000004,0.8));
#12229=DIRECTION('',(0.0,0.0,1.0));
#12230=DIRECTION('',(1.0,0.0,0.0));
#12231=AXIS2_PLACEMENT_3D('',#12228,#12229,#12230);
#12232=PLANE('',#12231);
#12233=CARTESIAN_POINT('',(-3.509985754956849,-13.100000000000003,0.8));
#12234=VERTEX_POINT('',#12233);
#12235=CARTESIAN_POINT('',(-3.509985754956849,-18.900000000000002,0.8));
#12236=DIRECTION('',(0.0,1.0,0.0));
#12237=VECTOR('',#12236,5.799999999999999);
#12238=LINE('',#12235,#12237);
#12239=EDGE_CURVE('',#11760,#12234,#12238,.T.);
#12240=ORIENTED_EDGE('',*,*,#12239,.T.);
#12241=CARTESIAN_POINT('',(-5.245004537208815,-13.100000000000003,0.8));
#12242=DIRECTION('',(1.0,0.0,0.0));
#12243=VECTOR('',#12242,1.735018782251967);
#12244=LINE('',#12241,#12243);
#12245=EDGE_CURVE('',#11269,#12234,#12244,.T.);
#12246=ORIENTED_EDGE('',*,*,#12245,.F.);
#12247=ORIENTED_EDGE('',*,*,#11275,.F.);
#12248=ORIENTED_EDGE('',*,*,#11772,.F.);
#12249=EDGE_LOOP('',(#12240,#12246,#12247,#12248));
#12250=FACE_OUTER_BOUND('',#12249,.T.);
#12251=ADVANCED_FACE('',(#12250),#12232,.T.);
#12252=CARTESIAN_POINT('',(-5.453937E-015,-16.000000000000004,0.8));
#12253=DIRECTION('',(0.0,0.0,1.0));
#12254=DIRECTION('',(1.0,0.0,0.0));
#12255=AXIS2_PLACEMENT_3D('',#12252,#12253,#12254);
#12256=PLANE('',#12255);
#12257=CARTESIAN_POINT('',(3.509985754956849,-13.100000000000003,0.8));
#12258=VERTEX_POINT('',#12257);
#12259=CARTESIAN_POINT('',(3.509985754956849,-13.100000000000003,0.8));
#12260=DIRECTION('',(0.0,-1.0,0.0));
#12261=VECTOR('',#12260,5.799999999999995);
#12262=LINE('',#12259,#12261);
#12263=EDGE_CURVE('',#12258,#11758,#12262,.T.);
#12264=ORIENTED_EDGE('',*,*,#12263,.T.);
#12265=ORIENTED_EDGE('',*,*,#11781,.F.);
#12266=ORIENTED_EDGE('',*,*,#11243,.F.);
#12267=CARTESIAN_POINT('',(3.509985754956849,-13.100000000000003,0.8));
#12268=DIRECTION('',(1.0,0.0,0.0));
#12269=VECTOR('',#12268,1.735018782251963);
#12270=LINE('',#12267,#12269);
#12271=EDGE_CURVE('',#12258,#11235,#12270,.T.);
#12272=ORIENTED_EDGE('',*,*,#12271,.F.);
#12273=EDGE_LOOP('',(#12264,#12265,#12266,#12272));
#12274=FACE_OUTER_BOUND('',#12273,.T.);
#12275=ADVANCED_FACE('',(#12274),#12256,.T.);
#12276=CARTESIAN_POINT('',(-5.245004537208815,-13.100000000000003,0.0));
#12277=DIRECTION('',(0.0,1.0,0.0));
#12278=DIRECTION('',(0.0,0.0,1.0));
#12279=AXIS2_PLACEMENT_3D('',#12276,#12277,#12278);
#12280=PLANE('',#12279);
#12281=CARTESIAN_POINT('',(0.0,-13.100000000000003,0.0));
#12282=DIRECTION('',(0.0,1.0,0.0));
#12283=DIRECTION('',(1.0,0.0,0.0));
#12284=AXIS2_PLACEMENT_3D('',#12281,#12282,#12283);
#12285=CIRCLE('',#12284,3.6);
#12286=EDGE_CURVE('',#12234,#12258,#12285,.T.);
#12287=ORIENTED_EDGE('',*,*,#12286,.T.);
#12288=ORIENTED_EDGE('',*,*,#12271,.T.);
#12289=ORIENTED_EDGE('',*,*,#11256,.T.);
#12290=ORIENTED_EDGE('',*,*,#4584,.F.);
#12291=ORIENTED_EDGE('',*,*,#11281,.F.);
#12292=ORIENTED_EDGE('',*,*,#12245,.T.);
#12293=EDGE_LOOP('',(#12287,#12288,#12289,#12290,#12291,#12292));
#12294=FACE_OUTER_BOUND('',#12293,.T.);
#12295=ADVANCED_FACE('',(#12294),#12280,.F.);
#12296=CARTESIAN_POINT('',(-5.463697E-015,-16.000000000000007,-0.8));
#12297=DIRECTION('',(0.0,0.0,1.0));
#12298=DIRECTION('',(1.0,0.0,0.0));
#12299=AXIS2_PLACEMENT_3D('',#12296,#12297,#12298);
#12300=PLANE('',#12299);
#12301=CARTESIAN_POINT('',(3.509985754956849,-13.100000000000003,-0.8));
#12302=VERTEX_POINT('',#12301);
#12303=CARTESIAN_POINT('',(3.509985754956849,-18.899999999999999,-0.8));
#12304=DIRECTION('',(0.0,1.0,0.0));
#12305=VECTOR('',#12304,5.799999999999995);
#12306=LINE('',#12303,#12305);
#12307=EDGE_CURVE('',#11794,#12302,#12306,.T.);
#12308=ORIENTED_EDGE('',*,*,#12307,.T.);
#12309=CARTESIAN_POINT('',(5.245004537208812,-13.100000000000003,-0.8));
#12310=DIRECTION('',(-1.0,0.0,0.0));
#12311=VECTOR('',#12310,1.735018782251963);
#12312=LINE('',#12309,#12311);
#12313=EDGE_CURVE('',#11728,#12302,#12312,.T.);
#12314=ORIENTED_EDGE('',*,*,#12313,.F.);
#12315=ORIENTED_EDGE('',*,*,#11734,.F.);
#12316=ORIENTED_EDGE('',*,*,#11806,.F.);
#12317=EDGE_LOOP('',(#12308,#12314,#12315,#12316));
#12318=FACE_OUTER_BOUND('',#12317,.T.);
#12319=ADVANCED_FACE('',(#12318),#12300,.F.);
#12320=CARTESIAN_POINT('',(-5.463697E-015,-16.000000000000007,-0.8));
#12321=DIRECTION('',(0.0,0.0,1.0));
#12322=DIRECTION('',(1.0,0.0,0.0));
#12323=AXIS2_PLACEMENT_3D('',#12320,#12321,#12322);
#12324=PLANE('',#12323);
#12325=CARTESIAN_POINT('',(-3.509985754956849,-13.100000000000003,-0.8));
#12326=VERTEX_POINT('',#12325);
#12327=CARTESIAN_POINT('',(-3.509985754956849,-13.100000000000003,-0.8));
#12328=DIRECTION('',(0.0,-1.0,0.0));
#12329=VECTOR('',#12328,5.799999999999999);
#12330=LINE('',#12327,#12329);
#12331=EDGE_CURVE('',#12326,#11792,#12330,.T.);
#12332=ORIENTED_EDGE('',*,*,#12331,.T.);
#12333=ORIENTED_EDGE('',*,*,#11815,.F.);
#12334=ORIENTED_EDGE('',*,*,#11702,.F.);
#12335=CARTESIAN_POINT('',(-3.509985754956849,-13.100000000000003,-0.8));
#12336=DIRECTION('',(-1.0,0.0,0.0));
#12337=VECTOR('',#12336,1.735018782251967);
#12338=LINE('',#12335,#12337);
#12339=EDGE_CURVE('',#12326,#11694,#12338,.T.);
#12340=ORIENTED_EDGE('',*,*,#12339,.F.);
#12341=EDGE_LOOP('',(#12332,#12333,#12334,#12340));
#12342=FACE_OUTER_BOUND('',#12341,.T.);
#12343=ADVANCED_FACE('',(#12342),#12324,.F.);
#12344=CARTESIAN_POINT('',(-5.245004537208815,-13.100000000000003,0.0));
#12345=DIRECTION('',(0.0,1.0,0.0));
#12346=DIRECTION('',(0.0,0.0,1.0));
#12347=AXIS2_PLACEMENT_3D('',#12344,#12345,#12346);
#12348=PLANE('',#12347);
#12349=CARTESIAN_POINT('',(0.0,-13.100000000000003,0.0));
#12350=DIRECTION('',(0.0,1.0,0.0));
#12351=DIRECTION('',(1.0,0.0,0.0));
#12352=AXIS2_PLACEMENT_3D('',#12349,#12350,#12351);
#12353=CIRCLE('',#12352,3.6);
#12354=EDGE_CURVE('',#12302,#12326,#12353,.T.);
#12355=ORIENTED_EDGE('',*,*,#12354,.T.);
#12356=ORIENTED_EDGE('',*,*,#12339,.T.);
#12357=ORIENTED_EDGE('',*,*,#11715,.F.);
#12358=ORIENTED_EDGE('',*,*,#3420,.F.);
#12359=ORIENTED_EDGE('',*,*,#11740,.T.);
#12360=ORIENTED_EDGE('',*,*,#12313,.T.);
#12361=EDGE_LOOP('',(#12355,#12356,#12357,#12358,#12359,#12360));
#12362=FACE_OUTER_BOUND('',#12361,.T.);
#12363=ADVANCED_FACE('',(#12362),#12348,.F.);
#12364=CARTESIAN_POINT('',(-16.0,-16.0,0.8));
#12365=DIRECTION('',(0.0,0.0,1.0));
#12366=DIRECTION('',(1.0,0.0,0.0));
#12367=AXIS2_PLACEMENT_3D('',#12364,#12365,#12366);
#12368=PLANE('',#12367);
#12369=CARTESIAN_POINT('',(-19.509985754956851,-18.900000000000002,0.8));
#12370=VERTEX_POINT('',#12369);
#12371=CARTESIAN_POINT('',(-19.509985754956851,-13.100000000000003,0.8));
#12372=VERTEX_POINT('',#12371);
#12373=CARTESIAN_POINT('',(-19.509985754956851,-18.900000000000002,0.8));
#12374=DIRECTION('',(0.0,1.0,0.0));
#12375=VECTOR('',#12374,5.799999999999999);
#12376=LINE('',#12373,#12375);
#12377=EDGE_CURVE('',#12370,#12372,#12376,.T.);
#12378=ORIENTED_EDGE('',*,*,#12377,.T.);
#12379=CARTESIAN_POINT('',(-21.245004537208821,-13.100000000000003,0.8));
#12380=DIRECTION('',(1.0,0.0,0.0));
#12381=VECTOR('',#12380,1.73501878225197);
#12382=LINE('',#12379,#12381);
#12383=EDGE_CURVE('',#11632,#12372,#12382,.T.);
#12384=ORIENTED_EDGE('',*,*,#12383,.F.);
#12385=ORIENTED_EDGE('',*,*,#11638,.F.);
#12386=CARTESIAN_POINT('',(-19.509985754956851,-18.899999999999999,0.8));
#12387=DIRECTION('',(-1.0,0.0,0.0));
#12388=VECTOR('',#12387,1.73501878225197);
#12389=LINE('',#12386,#12388);
#12390=EDGE_CURVE('',#12370,#11630,#12389,.T.);
#12391=ORIENTED_EDGE('',*,*,#12390,.F.);
#12392=EDGE_LOOP('',(#12378,#12384,#12385,#12391));
#12393=FACE_OUTER_BOUND('',#12392,.T.);
#12394=ADVANCED_FACE('',(#12393),#12368,.T.);
#12395=CARTESIAN_POINT('',(-16.0,-16.0,0.8));
#12396=DIRECTION('',(0.0,0.0,1.0));
#12397=DIRECTION('',(1.0,0.0,0.0));
#12398=AXIS2_PLACEMENT_3D('',#12395,#12396,#12397);
#12399=PLANE('',#12398);
#12400=CARTESIAN_POINT('',(-12.490014245043151,-13.100000000000003,0.8));
#12401=VERTEX_POINT('',#12400);
#12402=CARTESIAN_POINT('',(-12.490014245043151,-18.899999999999999,0.8));
#12403=VERTEX_POINT('',#12402);
#12404=CARTESIAN_POINT('',(-12.490014245043151,-13.100000000000003,0.8));
#12405=DIRECTION('',(0.0,-1.0,0.0));
#12406=VECTOR('',#12405,5.799999999999995);
#12407=LINE('',#12404,#12406);
#12408=EDGE_CURVE('',#12401,#12403,#12407,.T.);
#12409=ORIENTED_EDGE('',*,*,#12408,.T.);
#12410=CARTESIAN_POINT('',(-10.754995462791189,-18.899999999999999,0.8));
#12411=DIRECTION('',(-1.0,0.0,0.0));
#12412=VECTOR('',#12411,1.735018782251963);
#12413=LINE('',#12410,#12412);
#12414=EDGE_CURVE('',#11301,#12403,#12413,.T.);
#12415=ORIENTED_EDGE('',*,*,#12414,.F.);
#12416=ORIENTED_EDGE('',*,*,#11307,.F.);
#12417=CARTESIAN_POINT('',(-12.490014245043151,-13.100000000000003,0.8));
#12418=DIRECTION('',(1.0,0.0,0.0));
#12419=VECTOR('',#12418,1.735018782251963);
#12420=LINE('',#12417,#12419);
#12421=EDGE_CURVE('',#12401,#11299,#12420,.T.);
#12422=ORIENTED_EDGE('',*,*,#12421,.F.);
#12423=EDGE_LOOP('',(#12409,#12415,#12416,#12422));
#12424=FACE_OUTER_BOUND('',#12423,.T.);
#12425=ADVANCED_FACE('',(#12424),#12399,.T.);
#12426=CARTESIAN_POINT('',(-21.245004537208821,-13.100000000000003,0.0));
#12427=DIRECTION('',(0.0,1.0,0.0));
#12428=DIRECTION('',(0.0,0.0,1.0));
#12429=AXIS2_PLACEMENT_3D('',#12426,#12427,#12428);
#12430=PLANE('',#12429);
#12431=CARTESIAN_POINT('',(-16.0,-13.100000000000003,0.0));
#12432=DIRECTION('',(0.0,1.0,0.0));
#12433=DIRECTION('',(1.0,0.0,0.0));
#12434=AXIS2_PLACEMENT_3D('',#12431,#12432,#12433);
#12435=CIRCLE('',#12434,3.600000000000001);
#12436=EDGE_CURVE('',#12372,#12401,#12435,.T.);
#12437=ORIENTED_EDGE('',*,*,#12436,.T.);
#12438=ORIENTED_EDGE('',*,*,#12421,.T.);
#12439=ORIENTED_EDGE('',*,*,#11320,.T.);
#12440=ORIENTED_EDGE('',*,*,#4548,.F.);
#12441=ORIENTED_EDGE('',*,*,#11644,.T.);
#12442=ORIENTED_EDGE('',*,*,#12383,.T.);
#12443=EDGE_LOOP('',(#12437,#12438,#12439,#12440,#12441,#12442));
#12444=FACE_OUTER_BOUND('',#12443,.T.);
#12445=ADVANCED_FACE('',(#12444),#12430,.F.);
#12446=CARTESIAN_POINT('',(-10.754995462791188,-18.899999999999999,0.0));
#12447=DIRECTION('',(0.0,-1.0,0.0));
#12448=DIRECTION('',(0.0,0.0,-1.0));
#12449=AXIS2_PLACEMENT_3D('',#12446,#12447,#12448);
#12450=PLANE('',#12449);
#12451=CARTESIAN_POINT('',(-16.0,-18.899999999999999,0.0));
#12452=DIRECTION('',(0.0,-1.0,0.0));
#12453=DIRECTION('',(1.0,0.0,0.0));
#12454=AXIS2_PLACEMENT_3D('',#12451,#12452,#12453);
#12455=CIRCLE('',#12454,3.600000000000001);
#12456=EDGE_CURVE('',#12403,#12370,#12455,.T.);
#12457=ORIENTED_EDGE('',*,*,#12456,.T.);
#12458=ORIENTED_EDGE('',*,*,#12390,.T.);
#12459=ORIENTED_EDGE('',*,*,#11651,.T.);
#12460=ORIENTED_EDGE('',*,*,#4531,.F.);
#12461=ORIENTED_EDGE('',*,*,#11313,.F.);
#12462=ORIENTED_EDGE('',*,*,#12414,.T.);
#12463=EDGE_LOOP('',(#12457,#12458,#12459,#12460,#12461,#12462));
#12464=FACE_OUTER_BOUND('',#12463,.T.);
#12465=ADVANCED_FACE('',(#12464),#12450,.F.);
#12466=CARTESIAN_POINT('',(-16.0,-16.0,-0.8));
#12467=DIRECTION('',(0.0,0.0,1.0));
#12468=DIRECTION('',(1.0,0.0,0.0));
#12469=AXIS2_PLACEMENT_3D('',#12466,#12467,#12468);
#12470=PLANE('',#12469);
#12471=CARTESIAN_POINT('',(-12.490014245043151,-18.899999999999999,-0.8));
#12472=VERTEX_POINT('',#12471);
#12473=CARTESIAN_POINT('',(-12.490014245043151,-13.100000000000003,-0.8));
#12474=VERTEX_POINT('',#12473);
#12475=CARTESIAN_POINT('',(-12.490014245043151,-18.899999999999999,-0.8));
#12476=DIRECTION('',(0.0,1.0,0.0));
#12477=VECTOR('',#12476,5.799999999999995);
#12478=LINE('',#12475,#12477);
#12479=EDGE_CURVE('',#12472,#12474,#12478,.T.);
#12480=ORIENTED_EDGE('',*,*,#12479,.T.);
#12481=CARTESIAN_POINT('',(-10.754995462791188,-13.100000000000003,-0.8));
#12482=DIRECTION('',(-1.0,0.0,0.0));
#12483=VECTOR('',#12482,1.735018782251963);
#12484=LINE('',#12481,#12483);
#12485=EDGE_CURVE('',#11600,#12474,#12484,.T.);
#12486=ORIENTED_EDGE('',*,*,#12485,.F.);
#12487=ORIENTED_EDGE('',*,*,#11606,.F.);
#12488=CARTESIAN_POINT('',(-12.490014245043152,-18.899999999999999,-0.8));
#12489=DIRECTION('',(1.0,0.0,0.0));
#12490=VECTOR('',#12489,1.735018782251963);
#12491=LINE('',#12488,#12490);
#12492=EDGE_CURVE('',#12472,#11598,#12491,.T.);
#12493=ORIENTED_EDGE('',*,*,#12492,.F.);
#12494=EDGE_LOOP('',(#12480,#12486,#12487,#12493));
#12495=FACE_OUTER_BOUND('',#12494,.T.);
#12496=ADVANCED_FACE('',(#12495),#12470,.F.);
#12497=CARTESIAN_POINT('',(-16.0,-16.0,-0.8));
#12498=DIRECTION('',(0.0,0.0,1.0));
#12499=DIRECTION('',(1.0,0.0,0.0));
#12500=AXIS2_PLACEMENT_3D('',#12497,#12498,#12499);
#12501=PLANE('',#12500);
#12502=CARTESIAN_POINT('',(-19.509985754956851,-13.100000000000003,-0.8));
#12503=VERTEX_POINT('',#12502);
#12504=CARTESIAN_POINT('',(-19.509985754956851,-18.900000000000002,-0.8));
#12505=VERTEX_POINT('',#12504);
#12506=CARTESIAN_POINT('',(-19.509985754956851,-13.100000000000003,-0.8));
#12507=DIRECTION('',(0.0,-1.0,0.0));
#12508=VECTOR('',#12507,5.799999999999999);
#12509=LINE('',#12506,#12508);
#12510=EDGE_CURVE('',#12503,#12505,#12509,.T.);
#12511=ORIENTED_EDGE('',*,*,#12510,.T.);
#12512=CARTESIAN_POINT('',(-21.245004537208821,-18.899999999999999,-0.8));
#12513=DIRECTION('',(1.0,0.0,0.0));
#12514=VECTOR('',#12513,1.73501878225197);
#12515=LINE('',#12512,#12514);
#12516=EDGE_CURVE('',#11664,#12505,#12515,.T.);
#12517=ORIENTED_EDGE('',*,*,#12516,.F.);
#12518=ORIENTED_EDGE('',*,*,#11670,.F.);
#12519=CARTESIAN_POINT('',(-19.509985754956851,-13.100000000000003,-0.8));
#12520=DIRECTION('',(-1.0,0.0,0.0));
#12521=VECTOR('',#12520,1.73501878225197);
#12522=LINE('',#12519,#12521);
#12523=EDGE_CURVE('',#12503,#11662,#12522,.T.);
#12524=ORIENTED_EDGE('',*,*,#12523,.F.);
#12525=EDGE_LOOP('',(#12511,#12517,#12518,#12524));
#12526=FACE_OUTER_BOUND('',#12525,.T.);
#12527=ADVANCED_FACE('',(#12526),#12501,.F.);
#12528=CARTESIAN_POINT('',(-21.245004537208821,-13.100000000000003,0.0));
#12529=DIRECTION('',(0.0,1.0,0.0));
#12530=DIRECTION('',(0.0,0.0,1.0));
#12531=AXIS2_PLACEMENT_3D('',#12528,#12529,#12530);
#12532=PLANE('',#12531);
#12533=CARTESIAN_POINT('',(-16.0,-13.100000000000003,0.0));
#12534=DIRECTION('',(0.0,1.0,0.0));
#12535=DIRECTION('',(1.0,0.0,0.0));
#12536=AXIS2_PLACEMENT_3D('',#12533,#12534,#12535);
#12537=CIRCLE('',#12536,3.600000000000001);
#12538=EDGE_CURVE('',#12474,#12503,#12537,.T.);
#12539=ORIENTED_EDGE('',*,*,#12538,.T.);
#12540=ORIENTED_EDGE('',*,*,#12523,.T.);
#12541=ORIENTED_EDGE('',*,*,#11683,.T.);
#12542=ORIENTED_EDGE('',*,*,#3384,.F.);
#12543=ORIENTED_EDGE('',*,*,#11612,.T.);
#12544=ORIENTED_EDGE('',*,*,#12485,.T.);
#12545=EDGE_LOOP('',(#12539,#12540,#12541,#12542,#12543,#12544));
#12546=FACE_OUTER_BOUND('',#12545,.T.);
#12547=ADVANCED_FACE('',(#12546),#12532,.F.);
#12548=CARTESIAN_POINT('',(-10.754995462791188,-18.899999999999999,0.0));
#12549=DIRECTION('',(0.0,-1.0,0.0));
#12550=DIRECTION('',(0.0,0.0,-1.0));
#12551=AXIS2_PLACEMENT_3D('',#12548,#12549,#12550);
#12552=PLANE('',#12551);
#12553=CARTESIAN_POINT('',(-16.0,-18.899999999999999,0.0));
#12554=DIRECTION('',(0.0,-1.0,0.0));
#12555=DIRECTION('',(1.0,0.0,0.0));
#12556=AXIS2_PLACEMENT_3D('',#12553,#12554,#12555);
#12557=CIRCLE('',#12556,3.600000000000001);
#12558=EDGE_CURVE('',#12505,#12472,#12557,.T.);
#12559=ORIENTED_EDGE('',*,*,#12558,.T.);
#12560=ORIENTED_EDGE('',*,*,#12492,.T.);
#12561=ORIENTED_EDGE('',*,*,#11619,.F.);
#12562=ORIENTED_EDGE('',*,*,#3367,.F.);
#12563=ORIENTED_EDGE('',*,*,#11676,.T.);
#12564=ORIENTED_EDGE('',*,*,#12516,.T.);
#12565=EDGE_LOOP('',(#12559,#12560,#12561,#12562,#12563,#12564));
#12566=FACE_OUTER_BOUND('',#12565,.T.);
#12567=ADVANCED_FACE('',(#12566),#12552,.F.);
#12568=CARTESIAN_POINT('',(15.999999999999995,-16.000000000000007,0.8));
#12569=DIRECTION('',(0.0,0.0,1.0));
#12570=DIRECTION('',(1.0,0.0,0.0));
#12571=AXIS2_PLACEMENT_3D('',#12568,#12569,#12570);
#12572=PLANE('',#12571);
#12573=CARTESIAN_POINT('',(12.490014245043151,-18.900000000000002,0.8));
#12574=VERTEX_POINT('',#12573);
#12575=CARTESIAN_POINT('',(12.490014245043151,-13.100000000000003,0.8));
#12576=VERTEX_POINT('',#12575);
#12577=CARTESIAN_POINT('',(12.490014245043151,-18.900000000000002,0.8));
#12578=DIRECTION('',(0.0,1.0,0.0));
#12579=VECTOR('',#12578,5.799999999999999);
#12580=LINE('',#12577,#12579);
#12581=EDGE_CURVE('',#12574,#12576,#12580,.T.);
#12582=ORIENTED_EDGE('',*,*,#12581,.T.);
#12583=CARTESIAN_POINT('',(10.754995462791186,-13.100000000000003,0.8));
#12584=DIRECTION('',(1.0,0.0,0.0));
#12585=VECTOR('',#12584,1.735018782251965);
#12586=LINE('',#12583,#12585);
#12587=EDGE_CURVE('',#11205,#12576,#12586,.T.);
#12588=ORIENTED_EDGE('',*,*,#12587,.F.);
#12589=ORIENTED_EDGE('',*,*,#11211,.F.);
#12590=CARTESIAN_POINT('',(12.490014245043149,-18.900000000000002,0.8));
#12591=DIRECTION('',(-1.0,0.0,0.0));
#12592=VECTOR('',#12591,1.735018782251977);
#12593=LINE('',#12590,#12592);
#12594=EDGE_CURVE('',#12574,#11203,#12593,.T.);
#12595=ORIENTED_EDGE('',*,*,#12594,.F.);
#12596=EDGE_LOOP('',(#12582,#12588,#12589,#12595));
#12597=FACE_OUTER_BOUND('',#12596,.T.);
#12598=ADVANCED_FACE('',(#12597),#12572,.T.);
#12599=CARTESIAN_POINT('',(15.999999999999995,-16.000000000000007,0.8));
#12600=DIRECTION('',(0.0,0.0,1.0));
#12601=DIRECTION('',(1.0,0.0,0.0));
#12602=AXIS2_PLACEMENT_3D('',#12599,#12600,#12601);
#12603=PLANE('',#12602);
#12604=CARTESIAN_POINT('',(19.509985754956851,-13.100000000000003,0.8));
#12605=VERTEX_POINT('',#12604);
#12606=CARTESIAN_POINT('',(19.509985754956851,-18.899999999999999,0.8));
#12607=VERTEX_POINT('',#12606);
#12608=CARTESIAN_POINT('',(19.509985754956851,-13.100000000000003,0.8));
#12609=DIRECTION('',(0.0,-1.0,0.0));
#12610=VECTOR('',#12609,5.799999999999995);
#12611=LINE('',#12608,#12610);
#12612=EDGE_CURVE('',#12605,#12607,#12611,.T.);
#12613=ORIENTED_EDGE('',*,*,#12612,.T.);
#12614=CARTESIAN_POINT('',(21.245004537208807,-18.899999999999999,0.8));
#12615=DIRECTION('',(-1.0,0.0,0.0));
#12616=VECTOR('',#12615,1.735018782251956);
#12617=LINE('',#12614,#12616);
#12618=EDGE_CURVE('',#11860,#12607,#12617,.T.);
#12619=ORIENTED_EDGE('',*,*,#12618,.F.);
#12620=ORIENTED_EDGE('',*,*,#11866,.F.);
#12621=CARTESIAN_POINT('',(19.509985754956851,-13.100000000000003,0.8));
#12622=DIRECTION('',(1.0,0.0,0.0));
#12623=VECTOR('',#12622,1.735018782251959);
#12624=LINE('',#12621,#12623);
#12625=EDGE_CURVE('',#12605,#11858,#12624,.T.);
#12626=ORIENTED_EDGE('',*,*,#12625,.F.);
#12627=EDGE_LOOP('',(#12613,#12619,#12620,#12626));
#12628=FACE_OUTER_BOUND('',#12627,.T.);
#12629=ADVANCED_FACE('',(#12628),#12603,.T.);
#12630=CARTESIAN_POINT('',(10.754995462791186,-13.100000000000003,0.0));
#12631=DIRECTION('',(0.0,1.0,0.0));
#12632=DIRECTION('',(0.0,0.0,1.0));
#12633=AXIS2_PLACEMENT_3D('',#12630,#12631,#12632);
#12634=PLANE('',#12633);
#12635=CARTESIAN_POINT('',(16.0,-13.100000000000003,0.0));
#12636=DIRECTION('',(0.0,1.0,0.0));
#12637=DIRECTION('',(1.0,0.0,0.0));
#12638=AXIS2_PLACEMENT_3D('',#12635,#12636,#12637);
#12639=CIRCLE('',#12638,3.600000000000001);
#12640=EDGE_CURVE('',#12576,#12605,#12639,.T.);
#12641=ORIENTED_EDGE('',*,*,#12640,.T.);
#12642=ORIENTED_EDGE('',*,*,#12625,.T.);
#12643=ORIENTED_EDGE('',*,*,#11879,.T.);
#12644=ORIENTED_EDGE('',*,*,#4627,.F.);
#12645=ORIENTED_EDGE('',*,*,#11217,.F.);
#12646=ORIENTED_EDGE('',*,*,#12587,.T.);
#12647=EDGE_LOOP('',(#12641,#12642,#12643,#12644,#12645,#12646));
#12648=FACE_OUTER_BOUND('',#12647,.T.);
#12649=ADVANCED_FACE('',(#12648),#12634,.F.);
#12650=CARTESIAN_POINT('',(21.245004537208807,-18.899999999999999,0.0));
#12651=DIRECTION('',(0.0,-1.0,0.0));
#12652=DIRECTION('',(0.0,0.0,-1.0));
#12653=AXIS2_PLACEMENT_3D('',#12650,#12651,#12652);
#12654=PLANE('',#12653);
#12655=CARTESIAN_POINT('',(16.0,-18.899999999999999,0.0));
#12656=DIRECTION('',(0.0,-1.0,0.0));
#12657=DIRECTION('',(1.0,0.0,0.0));
#12658=AXIS2_PLACEMENT_3D('',#12655,#12656,#12657);
#12659=CIRCLE('',#12658,3.600000000000001);
#12660=EDGE_CURVE('',#12607,#12574,#12659,.T.);
#12661=ORIENTED_EDGE('',*,*,#12660,.T.);
#12662=ORIENTED_EDGE('',*,*,#12594,.T.);
#12663=ORIENTED_EDGE('',*,*,#11224,.T.);
#12664=ORIENTED_EDGE('',*,*,#4612,.F.);
#12665=ORIENTED_EDGE('',*,*,#11872,.T.);
#12666=ORIENTED_EDGE('',*,*,#12618,.T.);
#12667=EDGE_LOOP('',(#12661,#12662,#12663,#12664,#12665,#12666));
#12668=FACE_OUTER_BOUND('',#12667,.T.);
#12669=ADVANCED_FACE('',(#12668),#12654,.F.);
#12670=CARTESIAN_POINT('',(15.999999999999995,-16.000000000000007,-0.8));
#12671=DIRECTION('',(0.0,0.0,1.0));
#12672=DIRECTION('',(1.0,0.0,0.0));
#12673=AXIS2_PLACEMENT_3D('',#12670,#12671,#12672);
#12674=PLANE('',#12673);
#12675=CARTESIAN_POINT('',(19.509985754956851,-18.899999999999999,-0.8));
#12676=VERTEX_POINT('',#12675);
#12677=CARTESIAN_POINT('',(19.509985754956851,-13.100000000000003,-0.8));
#12678=VERTEX_POINT('',#12677);
#12679=CARTESIAN_POINT('',(19.509985754956851,-18.899999999999999,-0.8));
#12680=DIRECTION('',(0.0,1.0,0.0));
#12681=VECTOR('',#12680,5.799999999999995);
#12682=LINE('',#12679,#12681);
#12683=EDGE_CURVE('',#12676,#12678,#12682,.T.);
#12684=ORIENTED_EDGE('',*,*,#12683,.T.);
#12685=CARTESIAN_POINT('',(21.245004537208811,-13.100000000000003,-0.8));
#12686=DIRECTION('',(-1.0,0.0,0.0));
#12687=VECTOR('',#12686,1.735018782251959);
#12688=LINE('',#12685,#12687);
#12689=EDGE_CURVE('',#11892,#12678,#12688,.T.);
#12690=ORIENTED_EDGE('',*,*,#12689,.F.);
#12691=ORIENTED_EDGE('',*,*,#11898,.F.);
#12692=CARTESIAN_POINT('',(19.509985754956851,-18.899999999999999,-0.8));
#12693=DIRECTION('',(1.0,0.0,0.0));
#12694=VECTOR('',#12693,1.735018782251956);
#12695=LINE('',#12692,#12694);
#12696=EDGE_CURVE('',#12676,#11890,#12695,.T.);
#12697=ORIENTED_EDGE('',*,*,#12696,.F.);
#12698=EDGE_LOOP('',(#12684,#12690,#12691,#12697));
#12699=FACE_OUTER_BOUND('',#12698,.T.);
#12700=ADVANCED_FACE('',(#12699),#12674,.F.);
#12701=CARTESIAN_POINT('',(15.999999999999995,-16.000000000000007,-0.8));
#12702=DIRECTION('',(0.0,0.0,1.0));
#12703=DIRECTION('',(1.0,0.0,0.0));
#12704=AXIS2_PLACEMENT_3D('',#12701,#12702,#12703);
#12705=PLANE('',#12704);
#12706=CARTESIAN_POINT('',(12.490014245043151,-13.100000000000003,-0.8));
#12707=VERTEX_POINT('',#12706);
#12708=CARTESIAN_POINT('',(12.490014245043151,-18.900000000000002,-0.8));
#12709=VERTEX_POINT('',#12708);
#12710=CARTESIAN_POINT('',(12.490014245043151,-13.100000000000003,-0.8));
#12711=DIRECTION('',(0.0,-1.0,0.0));
#12712=VECTOR('',#12711,5.799999999999999);
#12713=LINE('',#12710,#12712);
#12714=EDGE_CURVE('',#12707,#12709,#12713,.T.);
#12715=ORIENTED_EDGE('',*,*,#12714,.T.);
#12716=CARTESIAN_POINT('',(10.754995462791172,-18.900000000000002,-0.8));
#12717=DIRECTION('',(1.0,0.0,0.0));
#12718=VECTOR('',#12717,1.735018782251977);
#12719=LINE('',#12716,#12718);
#12720=EDGE_CURVE('',#11828,#12709,#12719,.T.);
#12721=ORIENTED_EDGE('',*,*,#12720,.F.);
#12722=ORIENTED_EDGE('',*,*,#11834,.F.);
#12723=CARTESIAN_POINT('',(12.490014245043151,-13.100000000000003,-0.8));
#12724=DIRECTION('',(-1.0,0.0,0.0));
#12725=VECTOR('',#12724,1.735018782251965);
#12726=LINE('',#12723,#12725);
#12727=EDGE_CURVE('',#12707,#11826,#12726,.T.);
#12728=ORIENTED_EDGE('',*,*,#12727,.F.);
#12729=EDGE_LOOP('',(#12715,#12721,#12722,#12728));
#12730=FACE_OUTER_BOUND('',#12729,.T.);
#12731=ADVANCED_FACE('',(#12730),#12705,.F.);
#12732=CARTESIAN_POINT('',(10.754995462791186,-13.100000000000003,0.0));
#12733=DIRECTION('',(0.0,1.0,0.0));
#12734=DIRECTION('',(0.0,0.0,1.0));
#12735=AXIS2_PLACEMENT_3D('',#12732,#12733,#12734);
#12736=PLANE('',#12735);
#12737=CARTESIAN_POINT('',(16.0,-13.100000000000003,0.0));
#12738=DIRECTION('',(0.0,1.0,0.0));
#12739=DIRECTION('',(1.0,0.0,0.0));
#12740=AXIS2_PLACEMENT_3D('',#12737,#12738,#12739);
#12741=CIRCLE('',#12740,3.600000000000001);
#12742=EDGE_CURVE('',#12678,#12707,#12741,.T.);
#12743=ORIENTED_EDGE('',*,*,#12742,.T.);
#12744=ORIENTED_EDGE('',*,*,#12727,.T.);
#12745=ORIENTED_EDGE('',*,*,#11847,.F.);
#12746=ORIENTED_EDGE('',*,*,#3448,.F.);
#12747=ORIENTED_EDGE('',*,*,#11904,.T.);
#12748=ORIENTED_EDGE('',*,*,#12689,.T.);
#12749=EDGE_LOOP('',(#12743,#12744,#12745,#12746,#12747,#12748));
#12750=FACE_OUTER_BOUND('',#12749,.T.);
#12751=ADVANCED_FACE('',(#12750),#12736,.F.);
#12752=CARTESIAN_POINT('',(21.245004537208807,-18.899999999999999,0.0));
#12753=DIRECTION('',(0.0,-1.0,0.0));
#12754=DIRECTION('',(0.0,0.0,-1.0));
#12755=AXIS2_PLACEMENT_3D('',#12752,#12753,#12754);
#12756=PLANE('',#12755);
#12757=CARTESIAN_POINT('',(16.0,-18.899999999999999,0.0));
#12758=DIRECTION('',(0.0,-1.0,0.0));
#12759=DIRECTION('',(1.0,0.0,0.0));
#12760=AXIS2_PLACEMENT_3D('',#12757,#12758,#12759);
#12761=CIRCLE('',#12760,3.600000000000001);
#12762=EDGE_CURVE('',#12709,#12676,#12761,.T.);
#12763=ORIENTED_EDGE('',*,*,#12762,.T.);
#12764=ORIENTED_EDGE('',*,*,#12696,.T.);
#12765=ORIENTED_EDGE('',*,*,#11911,.T.);
#12766=ORIENTED_EDGE('',*,*,#3463,.F.);
#12767=ORIENTED_EDGE('',*,*,#11840,.T.);
#12768=ORIENTED_EDGE('',*,*,#12720,.T.);
#12769=EDGE_LOOP('',(#12763,#12764,#12765,#12766,#12767,#12768));
#12770=FACE_OUTER_BOUND('',#12769,.T.);
#12771=ADVANCED_FACE('',(#12770),#12756,.F.);
#12772=CARTESIAN_POINT('',(0.0,0.0,0.0));
#12773=DIRECTION('',(0.0,-1.0,0.0));
#12774=DIRECTION('',(1.0,0.0,0.0));
#12775=AXIS2_PLACEMENT_3D('',#12772,#12773,#12774);
#12776=CYLINDRICAL_SURFACE('',#12775,3.6);
#12777=ORIENTED_EDGE('',*,*,#12331,.F.);
#12778=ORIENTED_EDGE('',*,*,#12354,.F.);
#12779=ORIENTED_EDGE('',*,*,#12307,.F.);
#12780=ORIENTED_EDGE('',*,*,#11800,.F.);
#12781=EDGE_LOOP('',(#12777,#12778,#12779,#12780));
#12782=FACE_OUTER_BOUND('',#12781,.T.);
#12783=ADVANCED_FACE('',(#12782),#12776,.T.);
#12784=CARTESIAN_POINT('',(0.0,0.0,0.0));
#12785=DIRECTION('',(0.0,-1.0,0.0));
#12786=DIRECTION('',(1.0,0.0,0.0));
#12787=AXIS2_PLACEMENT_3D('',#12784,#12785,#12786);
#12788=CYLINDRICAL_SURFACE('',#12787,3.6);
#12789=ORIENTED_EDGE('',*,*,#12263,.F.);
#12790=ORIENTED_EDGE('',*,*,#12286,.F.);
#12791=ORIENTED_EDGE('',*,*,#12239,.F.);
#12792=ORIENTED_EDGE('',*,*,#11766,.F.);
#12793=EDGE_LOOP('',(#12789,#12790,#12791,#12792));
#12794=FACE_OUTER_BOUND('',#12793,.T.);
#12795=ADVANCED_FACE('',(#12794),#12788,.T.);
#12796=CARTESIAN_POINT('',(-16.0,0.0,0.0));
#12797=DIRECTION('',(0.0,-1.0,0.0));
#12798=DIRECTION('',(1.0,0.0,0.0));
#12799=AXIS2_PLACEMENT_3D('',#12796,#12797,#12798);
#12800=CYLINDRICAL_SURFACE('',#12799,3.600000000000001);
#12801=ORIENTED_EDGE('',*,*,#12510,.F.);
#12802=ORIENTED_EDGE('',*,*,#12538,.F.);
#12803=ORIENTED_EDGE('',*,*,#12479,.F.);
#12804=ORIENTED_EDGE('',*,*,#12558,.F.);
#12805=EDGE_LOOP('',(#12801,#12802,#12803,#12804));
#12806=FACE_OUTER_BOUND('',#12805,.T.);
#12807=ADVANCED_FACE('',(#12806),#12800,.T.);
#12808=CARTESIAN_POINT('',(-16.0,0.0,0.0));
#12809=DIRECTION('',(0.0,-1.0,0.0));
#12810=DIRECTION('',(1.0,0.0,0.0));
#12811=AXIS2_PLACEMENT_3D('',#12808,#12809,#12810);
#12812=CYLINDRICAL_SURFACE('',#12811,3.600000000000001);
#12813=ORIENTED_EDGE('',*,*,#12408,.F.);
#12814=ORIENTED_EDGE('',*,*,#12436,.F.);
#12815=ORIENTED_EDGE('',*,*,#12377,.F.);
#12816=ORIENTED_EDGE('',*,*,#12456,.F.);
#12817=EDGE_LOOP('',(#12813,#12814,#12815,#12816));
#12818=FACE_OUTER_BOUND('',#12817,.T.);
#12819=ADVANCED_FACE('',(#12818),#12812,.T.);
#12820=CARTESIAN_POINT('',(16.0,0.0,0.0));
#12821=DIRECTION('',(0.0,-1.0,0.0));
#12822=DIRECTION('',(1.0,0.0,0.0));
#12823=AXIS2_PLACEMENT_3D('',#12820,#12821,#12822);
#12824=CYLINDRICAL_SURFACE('',#12823,3.600000000000001);
#12825=ORIENTED_EDGE('',*,*,#12714,.F.);
#12826=ORIENTED_EDGE('',*,*,#12742,.F.);
#12827=ORIENTED_EDGE('',*,*,#12683,.F.);
#12828=ORIENTED_EDGE('',*,*,#12762,.F.);
#12829=EDGE_LOOP('',(#12825,#12826,#12827,#12828));
#12830=FACE_OUTER_BOUND('',#12829,.T.);
#12831=ADVANCED_FACE('',(#12830),#12824,.T.);
#12832=CARTESIAN_POINT('',(16.0,0.0,0.0));
#12833=DIRECTION('',(0.0,-1.0,0.0));
#12834=DIRECTION('',(1.0,0.0,0.0));
#12835=AXIS2_PLACEMENT_3D('',#12832,#12833,#12834);
#12836=CYLINDRICAL_SURFACE('',#12835,3.600000000000001);
#12837=ORIENTED_EDGE('',*,*,#12612,.F.);
#12838=ORIENTED_EDGE('',*,*,#12640,.F.);
#12839=ORIENTED_EDGE('',*,*,#12581,.F.);
#12840=ORIENTED_EDGE('',*,*,#12660,.F.);
#12841=EDGE_LOOP('',(#12837,#12838,#12839,#12840));
#12842=FACE_OUTER_BOUND('',#12841,.T.);
#12843=ADVANCED_FACE('',(#12842),#12836,.T.);
#12844=CARTESIAN_POINT('',(16.0,0.0,0.0));
#12845=DIRECTION('',(0.0,-1.0,0.0));
#12846=DIRECTION('',(1.0,0.0,0.0));
#12847=AXIS2_PLACEMENT_3D('',#12844,#12845,#12846);
#12848=CYLINDRICAL_SURFACE('',#12847,2.4);
#12849=ORIENTED_EDGE('',*,*,#8339,.T.);
#12850=EDGE_LOOP('',(#12849));
#12851=FACE_OUTER_BOUND('',#12850,.T.);
#12852=ORIENTED_EDGE('',*,*,#9217,.T.);
#12853=EDGE_LOOP('',(#12852));
#12854=FACE_BOUND('',#12853,.T.);
#12855=ADVANCED_FACE('',(#12851,#12854),#12848,.F.);
#12856=CARTESIAN_POINT('',(0.0,0.0,0.0));
#12857=DIRECTION('',(0.0,-1.0,0.0));
#12858=DIRECTION('',(1.0,0.0,0.0));
#12859=AXIS2_PLACEMENT_3D('',#12856,#12857,#12858);
#12860=CYLINDRICAL_SURFACE('',#12859,2.4);
#12861=ORIENTED_EDGE('',*,*,#9258,.T.);
#12862=EDGE_LOOP('',(#12861));
#12863=FACE_OUTER_BOUND('',#12862,.T.);
#12864=ORIENTED_EDGE('',*,*,#9298,.T.);
#12865=EDGE_LOOP('',(#12864));
#12866=FACE_BOUND('',#12865,.T.);
#12867=ADVANCED_FACE('',(#12863,#12866),#12860,.F.);
#12868=CARTESIAN_POINT('',(-16.0,0.0,0.0));
#12869=DIRECTION('',(0.0,-1.0,0.0));
#12870=DIRECTION('',(1.0,0.0,0.0));
#12871=AXIS2_PLACEMENT_3D('',#12868,#12869,#12870);
#12872=CYLINDRICAL_SURFACE('',#12871,2.4);
#12873=ORIENTED_EDGE('',*,*,#8386,.T.);
#12874=EDGE_LOOP('',(#12873));
#12875=FACE_OUTER_BOUND('',#12874,.T.);
#12876=ORIENTED_EDGE('',*,*,#9953,.T.);
#12877=EDGE_LOOP('',(#12876));
#12878=FACE_BOUND('',#12877,.T.);
#12879=ADVANCED_FACE('',(#12875,#12878),#12872,.F.);
#12880=CLOSED_SHELL('',(#111,#145,#179,#482,#507,#771,#806,#838,#865,#1096,#1129,#1155,#1180,#1483,#1508,#1772,#1805,#1837,#1862,#2069,#2102,#2135,#2167,#2281,#2305,#2330,#2354,#2387,#2420,#2444,#2477,#2510,#2543,#2576,#2609,#2641,#2746,#2770,#2795,#2819,#2861,#2900,#3091,#3124,#3156,#3198,#3237,#3511,#3544,#3576,#3751,#3775,#3799,#3817,#3841,#3859,#3884,#3917,#3949,#3974,#4006,#4031,#4045,#4059,#4091,#4131,#4156,#4188,#4205,#4219,#4383,#4423,#4448,#4480,#4497,#4511,#4675,#4703,#4715,#4743,#4755,#4787,#4819,#4841,#4853,#4866,#4898,#4929,#4953,#4965,#4977,#5010,#5032,#5044,#5056,#5087,#5118,#5151,#5182,#5204,#5240,#5263,#5305,#5327,#5344,#5361,#5373,#5385,#5397,#5519,#5547,#5567,#5595,#5607,#5635,#5647,#5679,#5711,#5733,#5745,#5758,#5790,#5821,#5845,#5857,#5869,#5902,#5924,#5936,#5948,#5979,#6010,#6043,#6074,#6096,#6138,#6156,#6198,#6220,#6237,#6254,#6266,#6278,#6290,#6302,#6316,#6336,#6356,#6384,#6396,#6424,#6436,#6468,#6500,#6522,#6534,#6547,#6579,#6610,#6634,#6646,#6658,#6691,#6713,#6725,#6737,#6768,#6799,#6832,#6863,#6885,#6927,#6950,#6992,#7014,#7031,#7048,#7060,#7072,#7084,#7096,#7218,#7246,#7266,#7294,#7306,#7334,#7346,#7374,#7407,#7429,#7441,#7453,#7485,#7516,#7540,#7552,#7564,#7596,#7628,#7650,#7662,#7675,#7727,#7763,#7781,#7805,#7829,#7854,#7878,#7895,#7931,#7973,#7995,#8012,#8029,#8041,#8053,#8065,#8079,#8093,#8113,#8125,#8150,#8175,#8207,#8239,#8264,#8296,#8314,#8343,#8361,#8390,#8415,#8440,#8465,#8490,#8515,#8540,#8565,#8583,#8612,#8630,#8658,#8670,#8682,#8710,#8722,#8751,#8763,#8791,#8803,#8815,#8838,#8866,#8878,#8907,#8919,#8947,#8959,#8987,#8999,#9027,#9055,#9067,#9101,#9113,#9141,#9153,#9181,#9193,#9221,#9233,#9262,#9274,#9302,#9314,#9342,#9354,#9366,#9394,#9414,#9442,#9454,#9466,#9494,#9514,#9542,#9554,#9566,#9594,#9606,#9618,#9646,#9658,#9670,#9698,#9710,#9738,#9750,#9762,#9790,#9802,#9830,#9842,#9854,#9877,#9905,#9917,#9929,#9957,#9969,#9989,#10001,#10033,#10065,#10077,#10109,#10121,#10153,#10165,#10182,#10199,#10211,#10243,#10275,#10287,#10319,#10331,#10363,#10375,#10392,#10409,#10421,#10443,#10465,#10477,#10489,#10503,#10515,#10527,#10539,#10581,#10623,#10665,#10707,#10749,#10791,#10829,#10854,#10901,#10926,#10964,#10989,#11036,#11061,#11099,#11124,#11171,#11196,#11228,#11260,#11292,#11324,#11341,#11353,#11470,#11482,#11499,#11516,#11541,#11566,#11591,#11623,#11655,#11687,#11719,#11751,#11785,#11819,#11851,#11883,#11915,#11932,#11951,#11977,#11995,#12012,#12031,#12057,#12075,#12092,#12111,#12137,#12155,#12167,#12179,#12191,#12203,#12215,#12227,#12251,#12275,#12295,#12319,#12343,#12363,#12394,#12425,#12445,#12465,#12496,#12527,#12547,#12567,#12598,#12629,#12649,#12669,#12700,#12731,#12751,#12771,#12783,#12795,#12807,#12819,#12831,#12843,#12855,#12867,#12879));
#12881=MANIFOLD_SOLID_BREP('Volumenk\S\vrper1',#12880);
#12882=COLOUR_RGB('202,209,238',0.752941012382507,0.752941012382507,0.752941012382507);
#12883=FILL_AREA_STYLE_COLOUR('202,209,238',#12882);
#12884=FILL_AREA_STYLE('202,209,238',(#12883));
#12885=SURFACE_STYLE_FILL_AREA(#12884);
#12886=SURFACE_SIDE_STYLE('202,209,238',(#12885));
#12887=SURFACE_STYLE_USAGE(.BOTH.,#12886);
#12888=PRESENTATION_STYLE_ASSIGNMENT((#12887));
#12889=STYLED_ITEM('',(#12888),#12881);
#12890=MECHANICAL_DESIGN_GEOMETRIC_PRESENTATION_REPRESENTATION('',(#12889),#36);
#12891=ADVANCED_BREP_SHAPE_REPRESENTATION('ABSR',(#12881),#36);
#12892=SHAPE_REPRESENTATION_RELATIONSHIP('SRR','None',#12891,#41);
ENDSEC;
END-ISO-10303-21;
