ISO-10303-21;
HEADER;
FILE_DESCRIPTION (( 'STEP AP214' ),
    '1' );
FILE_NAME ('mounting_motor.STEP',
    '2025-12-20T13:41:01',
    ( '' ),
    ( '' ),
    'SwSTEP 2.0',
    'SolidWorks 2025',
    '' );
FILE_SCHEMA (( 'AUTOMOTIVE_DESIGN' ));
ENDSEC;

DATA;
#1 = VECTOR ( 'NONE', #93, 1000.000000000000000 ) ;
#2 = CARTESIAN_POINT ( 'NONE',  ( 0.000000000000000000, 13.00000000000000178, 12.50000000000000000 ) ) ;
#3 = ORIENTED_EDGE ( 'NONE', *, *, #369, .F. ) ;
#4 = VECTOR ( 'NONE', #1690, 1000.000000000000000 ) ;
#5 = CARTESIAN_POINT ( 'NONE',  ( 8.500000000000000000, 0.000000000000000000, -1.500000000000000666 ) ) ;
#6 = FACE_OUTER_BOUND ( 'NONE', #343, .T. ) ;
#7 = CARTESIAN_POINT ( 'NONE',  ( -13.40626948644522010, 12.82383895848925270, 1.176697676078323207 ) ) ;
#8 = ORIENTED_EDGE ( 'NONE', *, *, #660, .F. ) ;
#9 = ORIENTED_EDGE ( 'NONE', *, *, #160, .T. ) ;
#10 = ORIENTED_EDGE ( 'NONE', *, *, #1275, .T. ) ;
#11 = DIRECTION ( 'NONE',  ( -8.881784197001252323E-16, 0.000000000000000000, 1.000000000000000000 ) ) ;
#12 = ORIENTED_EDGE ( 'NONE', *, *, #1777, .F. ) ;
#13 = CARTESIAN_POINT ( 'NONE',  ( 22.00000000000000355, 11.00000000000000178, 12.50000000000000000 ) ) ;
#14 = B_SPLINE_CURVE_WITH_KNOTS ( 'NONE', 3,
 ( #1844, #317, #1241, #484, #1713, #779, #1705, #921, #1394, #1734, #1413, #1724, #1554, #2011, #1231, #644, #1882, #494, #1080, #462, #1088, #306, #296 ),
 .UNSPECIFIED., .F., .F.,
 ( 4, 2, 2, 2, 1, 2, 2, 2, 2, 2, 2, 4 ),
 ( 0.000000000000000000, 0.2500000000000038858, 0.3750000000000066058, 0.4375000000000072720, 0.4687500000000075495, 0.4843750000000076605, 0.5000000000000076605, 0.6250000000000061062, 0.6875000000000054401, 0.7187500000000047740, 0.7500000000000039968, 1.000000000000000000 ),
 .UNSPECIFIED. ) ;
#15 = DIRECTION ( 'NONE',  ( -0.000000000000000000, -1.000000000000000000, -0.000000000000000000 ) ) ;
#16 = CARTESIAN_POINT ( 'NONE',  ( -17.00000000000000000, -3.000000000000002665, 12.50000000000000000 ) ) ;
#17 = ORIENTED_EDGE ( 'NONE', *, *, #418, .F. ) ;
#18 = DIRECTION ( 'NONE',  ( 1.000000000000000000, 0.000000000000000000, 0.000000000000000000 ) ) ;
#19 = DIRECTION ( 'NONE',  ( -0.000000000000000000, 1.000000000000000000, -0.000000000000000000 ) ) ;
#20 = EDGE_LOOP ( 'NONE', ( #1141, #304 ) ) ;
#21 = AXIS2_PLACEMENT_3D ( 'NONE', #1577, #173, #810 ) ;
#22 = UNCERTAINTY_MEASURE_WITH_UNIT (LENGTH_MEASURE( 1.000000000000000082E-05 ), #459, 'distance_accuracy_value', 'NONE');
#23 = VERTEX_POINT ( 'NONE', #1428 ) ;
#24 = CARTESIAN_POINT ( 'NONE',  ( 12.46564969100648490, 11.26552420774893015, 0.9260549648119525967 ) ) ;
#25 = CARTESIAN_POINT ( 'NONE',  ( 8.500000000000000000, -2.000000000000003553, 0.000000000000000000 ) ) ;
#26 = ORIENTED_EDGE ( 'NONE', *, *, #1802, .F. ) ;
#27 = CARTESIAN_POINT ( 'NONE',  ( -8.500000000000000000, 0.000000000000000000, -1.499999999999999556 ) ) ;
#28 = FACE_OUTER_BOUND ( 'NONE', #1038, .T. ) ;
#29 = ORIENTED_EDGE ( 'NONE', *, *, #349, .F. ) ;
#30 = EDGE_CURVE ( 'NONE', #313, #1527, #847, .T. ) ;
#31 = CONICAL_SURFACE ( 'NONE', #1188, 1.500000000000001332, 0.7853981633974495002 ) ;
#32 = VERTEX_POINT ( 'NONE', #333 ) ;
#33 = CARTESIAN_POINT ( 'NONE',  ( 12.39820431504546150, 11.99999312748043323, 1.610601600304119918 ) ) ;
#34 = CARTESIAN_POINT ( 'NONE',  ( 0.000000000000000000, 13.00000000000000178, 2.000000000000000000 ) ) ;
#35 = ORIENTED_EDGE ( 'NONE', *, *, #451, .T. ) ;
#36 = CARTESIAN_POINT ( 'NONE',  ( -8.500000000000000000, -3.000000000000000000, 0.000000000000000000 ) ) ;
#37 = LINE ( 'NONE', #2, #543 ) ;
#38 = CARTESIAN_POINT ( 'NONE',  ( -24.00000000000000711, 13.00000000000000178, 1.665334536937735442E-14 ) ) ;
#39 = AXIS2_PLACEMENT_3D ( 'NONE', #1600, #195, #1446 ) ;
#40 = EDGE_CURVE ( 'NONE', #409, #1603, #1759, .T. ) ;
#41 = ADVANCED_FACE ( 'NONE', ( #1612 ), #1129, .T. ) ;
#42 = VERTEX_POINT ( 'NONE', #1924 ) ;
#43 = CARTESIAN_POINT ( 'NONE',  ( 0.000000000000000000, 11.00000000000000178, 0.000000000000000000 ) ) ;
#44 = DIRECTION ( 'NONE',  ( 0.000000000000000000, 0.000000000000000000, -1.000000000000000000 ) ) ;
#45 = CARTESIAN_POINT ( 'NONE',  ( 4.347496136973103873E-16, 0.000000000000000000, -3.549999999999999822 ) ) ;
#46 = CARTESIAN_POINT ( 'NONE',  ( 12.46509648186367691, 11.13163601610677667, 0.9334767345551021611 ) ) ;
#47 = DIRECTION ( 'NONE',  ( 0.000000000000000000, 0.000000000000000000, 1.000000000000000000 ) ) ;
#48 = CARTESIAN_POINT ( 'NONE',  ( -12.46510057478346489, 11.13114087465545410, 0.9334220097198343558 ) ) ;
#49 = CARTESIAN_POINT ( 'NONE',  ( -13.38783651034961686, 12.93048089584815230, 1.473446475903791519 ) ) ;
#50 = EDGE_CURVE ( 'NONE', #492, #2014, #310, .T. ) ;
#51 = VERTEX_POINT ( 'NONE', #45 ) ;
#52 = CIRCLE ( 'NONE', #501, 3.549999999999999822 ) ;
#53 = CARTESIAN_POINT ( 'NONE',  ( 12.45894605776946307, 11.52423656986280776, 1.026890065077869840 ) ) ;
#54 = AXIS2_PLACEMENT_3D ( 'NONE', #981, #1434, #217 ) ;
#55 = DIRECTION ( 'NONE',  ( 9.912705577010325549E-17, 0.000000000000000000, 1.000000000000000000 ) ) ;
#56 = AXIS2_PLACEMENT_3D ( 'NONE', #1806, #230, #685 ) ;
#57 = CARTESIAN_POINT ( 'NONE',  ( 0.000000000000000000, 3.999999999999994227, 0.000000000000000000 ) ) ;
#58 = EDGE_CURVE ( 'NONE', #955, #1490, #1264, .T. ) ;
#59 = CARTESIAN_POINT ( 'NONE',  ( 13.44205470128778934, 12.32366792434142866, 0.4992800950607534927 ) ) ;
#60 = DIRECTION ( 'NONE',  ( -9.912705577010325549E-17, 0.000000000000000000, -1.000000000000000000 ) ) ;
#61 = CARTESIAN_POINT ( 'NONE',  ( -12.43339937412944529, 11.79457256071031601, 1.288848721595365010 ) ) ;
#62 = VERTEX_POINT ( 'NONE', #27 ) ;
#63 = AXIS2_PLACEMENT_3D ( 'NONE', #879, #1044, #1810 ) ;
#64 = DIRECTION ( 'NONE',  ( -1.000000000000000000, 0.000000000000000000, -0.000000000000000000 ) ) ;
#65 = CARTESIAN_POINT ( 'NONE',  ( 0.000000000000000000, 0.000000000000000000, 0.000000000000000000 ) ) ;
#66 = CARTESIAN_POINT ( 'NONE',  ( 12.46565915688467818, 11.03313379259901517, 0.9259267388708626312 ) ) ;
#67 = FACE_OUTER_BOUND ( 'NONE', #1293, .T. ) ;
#68 = ADVANCED_FACE ( 'NONE', ( #375 ), #1358, .F. ) ;
#69 = FACE_OUTER_BOUND ( 'NONE', #638, .T. ) ;
#70 = VERTEX_POINT ( 'NONE', #993 ) ;
#71 = CIRCLE ( 'NONE', #747, 15.00000000000000178 ) ;
#72 = CYLINDRICAL_SURFACE ( 'NONE', #1920, 2.000000000000001776 ) ;
#73 = LINE ( 'NONE', #1014, #1178 ) ;
#74 = CARTESIAN_POINT ( 'NONE',  ( 24.00000000000000355, 11.00000000000000178, 12.50000000000000000 ) ) ;
#75 = CARTESIAN_POINT ( 'NONE',  ( 13.41929689217600163, 12.70244653524648371, 0.9483675501449767564 ) ) ;
#76 = CARTESIAN_POINT ( 'NONE',  ( 0.000000000000000000, 11.99999999999999467, 0.000000000000000000 ) ) ;
#77 = CARTESIAN_POINT ( 'NONE',  ( -8.500000000000000000, -2.000000000000002665, 1.499999999999999556 ) ) ;
#78 = ADVANCED_FACE ( 'NONE', ( #835 ), #1156, .T. ) ;
#79 = ORIENTED_EDGE ( 'NONE', *, *, #1200, .F. ) ;
#80 = EDGE_CURVE ( 'NONE', #1390, #1897, #1454, .T. ) ;
#81 = LINE ( 'NONE', #1326, #1930 ) ;
#82 = AXIS2_PLACEMENT_3D ( 'NONE', #431, #108, #902 ) ;
#83 = CARTESIAN_POINT ( 'NONE',  ( 12.46565927577431410, 11.00000000000000178, 0.9259259259259327024 ) ) ;
#84 = PLANE ( 'NONE',  #1596 ) ;
#85 = CARTESIAN_POINT ( 'NONE',  ( 15.00000000000000178, 13.00000000000000178, 1.486905836551548882E-15 ) ) ;
#86 = CARTESIAN_POINT ( 'NONE',  ( 12.46565927577431765, 11.00000000000000178, 0.9259259259259325914 ) ) ;
#87 = ORIENTED_EDGE ( 'NONE', *, *, #460, .T. ) ;
#88 = AXIS2_PLACEMENT_3D ( 'NONE', #1181, #1639, #1629 ) ;
#89 = PLANE ( 'NONE',  #1276 ) ;
#90 = CARTESIAN_POINT ( 'NONE',  ( -12.36206474335063810, 11.99999999999999467, 1.851851851851850306 ) ) ;
#91 = AXIS2_PLACEMENT_3D ( 'NONE', #1776, #1803, #1015 ) ;
#92 = ORIENTED_EDGE ( 'NONE', *, *, #162, .F. ) ;
#93 = DIRECTION ( 'NONE',  ( -1.000000000000000000, 0.000000000000000000, 0.000000000000000000 ) ) ;
#94 = EDGE_CURVE ( 'NONE', #458, #1116, #1154, .T. ) ;
#95 = CARTESIAN_POINT ( 'NONE',  ( 18.00000000000000355, 5.000000000000000888, 21.74264068711928743 ) ) ;
#96 = CIRCLE ( 'NONE', #1679, 1.500000000000001332 ) ;
#97 = DIRECTION ( 'NONE',  ( -0.000000000000000000, -1.000000000000000000, -0.000000000000000000 ) ) ;
#98 = ORIENTED_EDGE ( 'NONE', *, *, #390, .T. ) ;
#99 = CARTESIAN_POINT ( 'NONE',  ( 19.50000000000000355, 5.000000000000000888, 21.74264068711928743 ) ) ;
#100 = CARTESIAN_POINT ( 'NONE',  ( -13.44498562399835606, 12.24591205897556101, 0.4351367588372194728 ) ) ;
#101 = CIRCLE ( 'NONE', #371, 1.999999999999998224 ) ;
#102 = CARTESIAN_POINT ( 'NONE',  ( 0.000000000000000000, 5.000000000000000000, 0.000000000000000000 ) ) ;
#103 = ORIENTED_EDGE ( 'NONE', *, *, #417, .T. ) ;
#104 = ORIENTED_EDGE ( 'NONE', *, *, #1499, .T. ) ;
#105 = EDGE_CURVE ( 'NONE', #837, #1855, #415, .T. ) ;
#106 = CARTESIAN_POINT ( 'NONE',  ( -13.35102992281869305, 13.00000000000000178, 2.000000000000000000 ) ) ;
#107 = EDGE_CURVE ( 'NONE', #1568, #1727, #511, .T. ) ;
#108 = DIRECTION ( 'NONE',  ( -0.000000000000000000, -1.000000000000000000, -0.000000000000000000 ) ) ;
#109 = LINE ( 'NONE', #256, #1105 ) ;
#110 = ORIENTED_EDGE ( 'NONE', *, *, #1033, .F. ) ;
#111 = LINE ( 'NONE', #1518, #598 ) ;
#112 = CARTESIAN_POINT ( 'NONE',  ( -13.46230862076613910, 11.26228174931381787, 0.01619154099513023248 ) ) ;
#113 = LINE ( 'NONE', #301, #1020 ) ;
#114 = ORIENTED_EDGE ( 'NONE', *, *, #909, .F. ) ;
#115 = CARTESIAN_POINT ( 'NONE',  ( 0.000000000000000000, 5.000000000000000000, 0.000000000000000000 ) ) ;
#116 = EDGE_CURVE ( 'NONE', #1909, #347, #976, .T. ) ;
#117 = CARTESIAN_POINT ( 'NONE',  ( 15.00000000000000178, 11.00000000000000178, 0.000000000000000000 ) ) ;
#118 = CARTESIAN_POINT ( 'NONE',  ( 13.46291201783626512, 11.00000000000000178, 0.000000000000000000 ) ) ;
#119 = ORIENTED_EDGE ( 'NONE', *, *, #561, .F. ) ;
#120 = VERTEX_POINT ( 'NONE', #825 ) ;
#121 = ADVANCED_FACE ( 'NONE', ( #1284 ), #1149, .F. ) ;
#122 = STYLED_ITEM ( 'NONE', ( #591 ), #499 ) ;
#123 = CIRCLE ( 'NONE', #226, 1.499999999999999556 ) ;
#124 = DIRECTION ( 'NONE',  ( 0.000000000000000000, 0.000000000000000000, 1.000000000000000000 ) ) ;
#125 = CIRCLE ( 'NONE', #919, 2.499999999999988454 ) ;
#126 = EDGE_LOOP ( 'NONE', ( #325, #10, #1940, #1611 ) ) ;
#127 = CARTESIAN_POINT ( 'NONE',  ( 0.000000000000000000, 13.00000000000000178, 12.50000000000000000 ) ) ;
#128 = DIRECTION ( 'NONE',  ( -0.000000000000000000, 1.000000000000000000, -0.000000000000000000 ) ) ;
#129 = DIRECTION ( 'NONE',  ( -0.7071067811865469066, 0.7071067811865482389, 0.000000000000000000 ) ) ;
#130 = ORIENTED_EDGE ( 'NONE', *, *, #417, .F. ) ;
#131 = B_SPLINE_CURVE_WITH_KNOTS ( 'NONE', 1,
 ( #552, #83 ),
 .UNSPECIFIED., .F., .F.,
 ( 2, 2 ),
 ( 0.000000000000000000, 1.000000000000000000 ),
 .UNSPECIFIED. ) ;
#132 = ADVANCED_FACE ( 'NONE', ( #527 ), #1242, .F. ) ;
#133 = ORIENTED_EDGE ( 'NONE', *, *, #540, .F. ) ;
#134 = DIRECTION ( 'NONE',  ( 0.000000000000000000, 0.000000000000000000, 1.000000000000000000 ) ) ;
#135 = ORIENTED_EDGE ( 'NONE', *, *, #1559, .T. ) ;
#136 = CARTESIAN_POINT ( 'NONE',  ( 12.36206474335063810, 11.99999999999999467, 1.851851851851850306 ) ) ;
#137 = FACE_OUTER_BOUND ( 'NONE', #980, .T. ) ;
#138 = LINE ( 'NONE', #149, #430 ) ;
#139 = FACE_BOUND ( 'NONE', #1620, .T. ) ;
#140 = VERTEX_POINT ( 'NONE', #1785 ) ;
#141 = AXIS2_PLACEMENT_3D ( 'NONE', #536, #1623, #655 ) ;
#142 = EDGE_LOOP ( 'NONE', ( #523, #604, #672, #1556, #620 ) ) ;
#143 = ADVANCED_FACE ( 'NONE', ( #419 ), #553, .T. ) ;
#144 =( NAMED_UNIT ( * ) PLANE_ANGLE_UNIT ( ) SI_UNIT ( $, .RADIAN. ) );
#145 = ORIENTED_EDGE ( 'NONE', *, *, #1379, .F. ) ;
#146 = DIRECTION ( 'NONE',  ( 0.000000000000000000, 1.000000000000000000, -0.000000000000000000 ) ) ;
#147 = CARTESIAN_POINT ( 'NONE',  ( 0.000000000000000000, -8.500000000000028422, 0.000000000000000000 ) ) ;
#148 = EDGE_CURVE ( 'NONE', #1094, #812, #166, .T. ) ;
#149 = CARTESIAN_POINT ( 'NONE',  ( 18.00000000000000355, 5.000000000000000888, 13.49999999999998579 ) ) ;
#150 = CARTESIAN_POINT ( 'NONE',  ( 19.50000000000000355, 5.000000000000000888, 17.50000000000000000 ) ) ;
#151 = ORIENTED_EDGE ( 'NONE', *, *, #1256, .F. ) ;
#152 = ORIENTED_EDGE ( 'NONE', *, *, #322, .F. ) ;
#153 = VECTOR ( 'NONE', #442, 1000.000000000000000 ) ;
#154 = LINE ( 'NONE', #1899, #1096 ) ;
#155 = EDGE_CURVE ( 'NONE', #630, #51, #1063, .T. ) ;
#156 = VECTOR ( 'NONE', #1259, 1000.000000000000000 ) ;
#157 = CIRCLE ( 'NONE', #324, 2.499999999999995115 ) ;
#158 = ORIENTED_EDGE ( 'NONE', *, *, #735, .F. ) ;
#159 =( NAMED_UNIT ( * ) SI_UNIT ( $, .STERADIAN. ) SOLID_ANGLE_UNIT ( ) );
#160 = EDGE_CURVE ( 'NONE', #812, #1094, #797, .T. ) ;
#161 = DIRECTION ( 'NONE',  ( 0.000000000000000000, 0.000000000000000000, 1.000000000000000000 ) ) ;
#162 = EDGE_CURVE ( 'NONE', #806, #391, #1477, .T. ) ;
#163 = DIRECTION ( 'NONE',  ( 0.000000000000000000, 0.000000000000000000, 1.000000000000000000 ) ) ;
#164 = DIRECTION ( 'NONE',  ( 0.000000000000000000, 1.000000000000000000, 0.000000000000000000 ) ) ;
#165 = ORIENTED_EDGE ( 'NONE', *, *, #809, .T. ) ;
#166 = CIRCLE ( 'NONE', #1407, 12.50000000000000000 ) ;
#167 = EDGE_LOOP ( 'NONE', ( #1890, #2017, #817, #1965 ) ) ;
#168 = CARTESIAN_POINT ( 'NONE',  ( -8.500000000000000000, -3.000000000000000000, 0.000000000000000000 ) ) ;
#169 = EDGE_LOOP ( 'NONE', ( #1233, #1013, #627, #774, #1442, #1060 ) ) ;
#170 =( NAMED_UNIT ( * ) PLANE_ANGLE_UNIT ( ) SI_UNIT ( $, .RADIAN. ) );
#171 = DIRECTION ( 'NONE',  ( 0.000000000000000000, 1.000000000000000000, 0.000000000000000000 ) ) ;
#172 = EDGE_CURVE ( 'NONE', #1909, #70, #1928, .T. ) ;
#173 = DIRECTION ( 'NONE',  ( -0.000000000000000000, 1.000000000000000000, -0.000000000000000000 ) ) ;
#174 = DIRECTION ( 'NONE',  ( 0.000000000000000000, 0.000000000000000000, -1.000000000000000000 ) ) ;
#175 = ORIENTED_EDGE ( 'NONE', *, *, #488, .F. ) ;
#176 = ORIENTED_EDGE ( 'NONE', *, *, #390, .F. ) ;
#177 = CIRCLE ( 'NONE', #1684, 2.000000000000000000 ) ;
#178 = CARTESIAN_POINT ( 'NONE',  ( 0.000000000000000000, 11.00000000000000178, 0.000000000000000000 ) ) ;
#179 = DIRECTION ( 'NONE',  ( -1.000000000000000000, 0.000000000000000000, 0.000000000000000000 ) ) ;
#180 = VERTEX_POINT ( 'NONE', #74 ) ;
#181 = B_SPLINE_CURVE_WITH_KNOTS ( 'NONE', 3,
 ( #441, #1521, #871, #106 ),
 .UNSPECIFIED., .F., .F.,
 ( 4, 4 ),
 ( 0.000000000000000000, 1.000000000000000000 ),
 .UNSPECIFIED. ) ;
#182 = CARTESIAN_POINT ( 'NONE',  ( 13.50000000000000533, 5.000000000000000000, 0.000000000000000000 ) ) ;
#183 = ADVANCED_FACE ( 'NONE', ( #1045 ), #228, .T. ) ;
#184 = VERTEX_POINT ( 'NONE', #547 ) ;
#185 = DIRECTION ( 'NONE',  ( 0.000000000000000000, 1.000000000000000000, 0.000000000000000000 ) ) ;
#186 = DIRECTION ( 'NONE',  ( -1.000000000000000000, 0.000000000000000000, 0.000000000000000000 ) ) ;
#187 = ORIENTED_EDGE ( 'NONE', *, *, #40, .F. ) ;
#188 = DIRECTION ( 'NONE',  ( 0.000000000000000000, -0.7071067811865482389, -0.7071067811865469066 ) ) ;
#189 = DIRECTION ( 'NONE',  ( 0.000000000000000000, 0.000000000000000000, -1.000000000000000000 ) ) ;
#190 = VERTEX_POINT ( 'NONE', #705 ) ;
#191 = AXIS2_PLACEMENT_3D ( 'NONE', #1867, #1064, #124 ) ;
#192 = AXIS2_PLACEMENT_3D ( 'NONE', #769, #1863, #474 ) ;
#193 = ORIENTED_EDGE ( 'NONE', *, *, #1475, .T. ) ;
#194 = CARTESIAN_POINT ( 'NONE',  ( 12.46565927577431410, 3.999999999999994227, 0.9259259259259327024 ) ) ;
#195 = DIRECTION ( 'NONE',  ( -0.000000000000000000, -1.000000000000000000, -0.000000000000000000 ) ) ;
#196 = ORIENTED_EDGE ( 'NONE', *, *, #418, .T. ) ;
#197 = DIRECTION ( 'NONE',  ( -0.000000000000000000, -1.000000000000000000, -0.000000000000000000 ) ) ;
#198 = EDGE_CURVE ( 'NONE', #1603, #913, #440, .T. ) ;
#199 = DIRECTION ( 'NONE',  ( -1.000000000000000000, 0.000000000000000000, 0.000000000000000000 ) ) ;
#200 = VECTOR ( 'NONE', #1257, 1000.000000000000000 ) ;
#201 = CIRCLE ( 'NONE', #739, 1.500000000000001332 ) ;
#202 = EDGE_LOOP ( 'NONE', ( #1931, #1258, #748, #1697 ) ) ;
#203 = CARTESIAN_POINT ( 'NONE',  ( 8.500000000000000000, -3.000000000000000000, -2.499999999999995115 ) ) ;
#204 = CARTESIAN_POINT ( 'NONE',  ( 4.347496136973103873E-16, -3.000000000000000000, -3.549999999999999822 ) ) ;
#205 = ORIENTED_EDGE ( 'NONE', *, *, #349, .T. ) ;
#206 = ORIENTED_EDGE ( 'NONE', *, *, #632, .F. ) ;
#207 = ORIENTED_EDGE ( 'NONE', *, *, #703, .T. ) ;
#208 = CARTESIAN_POINT ( 'NONE',  ( 13.45220459070607433, 12.00414725497268620, 0.2700350454239729414 ) ) ;
#209 = CARTESIAN_POINT ( 'NONE',  ( -21.00000000000000000, 4.999999999999997335, 13.49999999999998579 ) ) ;
#210 = CARTESIAN_POINT ( 'NONE',  ( -12.43085817186151765, 11.81401012558582231, 1.313168735587836755 ) ) ;
#211 = DIRECTION ( 'NONE',  ( -0.000000000000000000, -0.000000000000000000, -1.000000000000000000 ) ) ;
#212 = CIRCLE ( 'NONE', #1649, 1.500000000000000666 ) ;
#213 = VECTOR ( 'NONE', #985, 1000.000000000000000 ) ;
#214 = EDGE_CURVE ( 'NONE', #1474, #23, #396, .T. ) ;
#215 = EDGE_CURVE ( 'NONE', #955, #42, #235, .T. ) ;
#216 = EDGE_LOOP ( 'NONE', ( #917, #1557, #1511, #781 ) ) ;
#217 = DIRECTION ( 'NONE',  ( 0.000000000000000000, 0.000000000000000000, -1.000000000000000000 ) ) ;
#218 = DIRECTION ( 'NONE',  ( -1.000000000000000000, -0.000000000000000000, -0.000000000000000000 ) ) ;
#219 = CARTESIAN_POINT ( 'NONE',  ( 0.000000000000000000, 5.000000000000000000, 0.000000000000000000 ) ) ;
#220 = DIRECTION ( 'NONE',  ( 0.000000000000000000, 0.000000000000000000, 1.000000000000000000 ) ) ;
#221 = CARTESIAN_POINT ( 'NONE',  ( 2.755455298081544778E-15, -2.000000000000003553, -10.00000000000000000 ) ) ;
#222 = CARTESIAN_POINT ( 'NONE',  ( 21.00000000000000355, 5.000000000000000888, 13.49999999999998579 ) ) ;
#223 = EDGE_CURVE ( 'NONE', #898, #391, #961, .T. ) ;
#224 = AXIS2_PLACEMENT_3D ( 'NONE', #127, #807, #621 ) ;
#225 = DIRECTION ( 'NONE',  ( -0.000000000000000000, -1.000000000000000000, 0.000000000000000000 ) ) ;
#226 = AXIS2_PLACEMENT_3D ( 'NONE', #1483, #243, #383 ) ;
#227 = VECTOR ( 'NONE', #1204, 1000.000000000000114 ) ;
#228 = PLANE ( 'NONE',  #1309 ) ;
#229 = CARTESIAN_POINT ( 'NONE',  ( 12.44634694563685606, 11.66183396217049406, 1.157074118083495140 ) ) ;
#230 = DIRECTION ( 'NONE',  ( -0.000000000000000000, 1.000000000000000000, -0.000000000000000000 ) ) ;
#231 = DIRECTION ( 'NONE',  ( -1.000000000000000000, 0.000000000000000000, 0.000000000000000000 ) ) ;
#232 = ORIENTED_EDGE ( 'NONE', *, *, #1704, .T. ) ;
#233 = ADVANCED_FACE ( 'NONE', ( #873, #1328, #1952, #565, #1493, #405 ), #84, .T. ) ;
#234 = DIRECTION ( 'NONE',  ( 0.000000000000000000, 0.000000000000000000, -1.000000000000000000 ) ) ;
#235 = LINE ( 'NONE', #714, #1834 ) ;
#236 = CARTESIAN_POINT ( 'NONE',  ( 12.41634269587352435, 11.89835276083553595, 1.444004563663684904 ) ) ;
#237 = CARTESIAN_POINT ( 'NONE',  ( 24.00000000000000355, -1.000000000000000888, 12.50000000000000000 ) ) ;
#238 = CARTESIAN_POINT ( 'NONE',  ( -17.00000000000000000, 13.00000000000000178, 12.50000000000000000 ) ) ;
#239 = ORIENTED_EDGE ( 'NONE', *, *, #1161, .T. ) ;
#240 = CIRCLE ( 'NONE', #1484, 1.999999999999998224 ) ;
#241 = AXIS2_PLACEMENT_3D ( 'NONE', #57, #1300, #1439 ) ;
#242 = CARTESIAN_POINT ( 'NONE',  ( -12.80239218669497880, 4.312648658843603044, 0.6132772670821537986 ) ) ;
#243 = DIRECTION ( 'NONE',  ( 0.000000000000000000, 1.000000000000000000, 0.000000000000000000 ) ) ;
#244 = DIRECTION ( 'NONE',  ( 0.000000000000000000, -0.000000000000000000, 1.000000000000000000 ) ) ;
#245 = FACE_OUTER_BOUND ( 'NONE', #861, .T. ) ;
#246 = CARTESIAN_POINT ( 'NONE',  ( 12.42240797657049001, 11.86786045191107419, 1.390861400039385964 ) ) ;
#247 = EDGE_LOOP ( 'NONE', ( #1433, #972 ) ) ;
#248 = LINE ( 'NONE', #1344, #956 ) ;
#249 = CARTESIAN_POINT ( 'NONE',  ( -12.46193592842874942, 11.32228765662393499, 0.9747987775623201401 ) ) ;
#250 = EDGE_CURVE ( 'NONE', #1138, #984, #720, .T. ) ;
#251 = ORIENTED_EDGE ( 'NONE', *, *, #738, .F. ) ;
#252 = FACE_OUTER_BOUND ( 'NONE', #1818, .T. ) ;
#253 = AXIS2_PLACEMENT_3D ( 'NONE', #1673, #1212, #1341 ) ;
#254 = CARTESIAN_POINT ( 'NONE',  ( 0.000000000000000000, 5.000000000000000000, 0.000000000000000000 ) ) ;
#255 = DIRECTION ( 'NONE',  ( 0.000000000000000000, 1.000000000000000000, -0.000000000000000000 ) ) ;
#256 = CARTESIAN_POINT ( 'NONE',  ( 0.000000000000000000, 5.000000000000000000, -12.50000000000000000 ) ) ;
#257 = ORIENTED_EDGE ( 'NONE', *, *, #105, .T. ) ;
#258 = DIRECTION ( 'NONE',  ( -0.000000000000000000, -0.000000000000000000, 1.000000000000000000 ) ) ;
#259 = CARTESIAN_POINT ( 'NONE',  ( -12.42245705029862712, 11.86701352911615892, 1.390227608272660564 ) ) ;
#260 = DIRECTION ( 'NONE',  ( -0.000000000000000000, 1.000000000000000000, -0.000000000000000000 ) ) ;
#261 = VERTEX_POINT ( 'NONE', #1174 ) ;
#262 = VERTEX_POINT ( 'NONE', #555 ) ;
#263 = AXIS2_PLACEMENT_3D ( 'NONE', #254, #1651, #1313 ) ;
#264 = LINE ( 'NONE', #1350, #700 ) ;
#265 = AXIS2_PLACEMENT_3D ( 'NONE', #1130, #1210, #1980 ) ;
#266 = DIRECTION ( 'NONE',  ( 0.000000000000000000, 0.000000000000000000, 1.000000000000000000 ) ) ;
#267 = VECTOR ( 'NONE', #19, 1000.000000000000000 ) ;
#268 = FACE_OUTER_BOUND ( 'NONE', #1234, .T. ) ;
#269 = ORIENTED_EDGE ( 'NONE', *, *, #401, .T. ) ;
#270 = DIRECTION ( 'NONE',  ( -0.000000000000000000, -0.000000000000000000, -1.000000000000000000 ) ) ;
#271 = CARTESIAN_POINT ( 'NONE',  ( -12.41640806215867521, 11.89805851638926626, 1.443443545780871862 ) ) ;
#272 = DIRECTION ( 'NONE',  ( -1.000000000000000000, 0.000000000000000000, 0.000000000000000000 ) ) ;
#273 = ORIENTED_EDGE ( 'NONE', *, *, #1875, .T. ) ;
#274 = CYLINDRICAL_SURFACE ( 'NONE', #1312, 12.50000000000000000 ) ;
#275 = ADVANCED_FACE ( 'NONE', ( #1009 ), #378, .F. ) ;
#276 = CARTESIAN_POINT ( 'NONE',  ( -13.40987602303874660, 12.79917522315303025, 1.116964488754133678 ) ) ;
#277 = DIRECTION ( 'NONE',  ( -0.000000000000000000, 1.000000000000000000, -0.000000000000000000 ) ) ;
#278 = EDGE_LOOP ( 'NONE', ( #1754, #734, #1721, #1854 ) ) ;
#279 = LINE ( 'NONE', #753, #505 ) ;
#280 = CARTESIAN_POINT ( 'NONE',  ( -13.46279032404616061, 11.13196261623000716, 0.003284450757093214032 ) ) ;
#281 = ORIENTED_EDGE ( 'NONE', *, *, #407, .F. ) ;
#282 = CARTESIAN_POINT ( 'NONE',  ( 15.00000000000000000, -3.000000000000002665, 10.50000000000000000 ) ) ;
#283 = ORIENTED_EDGE ( 'NONE', *, *, #1781, .F. ) ;
#284 = DIRECTION ( 'NONE',  ( 0.000000000000000000, 1.000000000000000000, -0.000000000000000000 ) ) ;
#285 = EDGE_CURVE ( 'NONE', #984, #837, #886, .T. ) ;
#286 = CARTESIAN_POINT ( 'NONE',  ( 0.000000000000000000, 13.00000000000000178, 0.000000000000000000 ) ) ;
#287 = CARTESIAN_POINT ( 'NONE',  ( 0.000000000000000000, 0.000000000000000000, 0.000000000000000000 ) ) ;
#288 = ORIENTED_EDGE ( 'NONE', *, *, #814, .F. ) ;
#289 = ORIENTED_EDGE ( 'NONE', *, *, #1132, .T. ) ;
#290 = AXIS2_PLACEMENT_3D ( 'NONE', #2016, #629, #134 ) ;
#291 = AXIS2_PLACEMENT_3D ( 'NONE', #607, #1107, #1383 ) ;
#292 = FILL_AREA_STYLE ('',( #907 ) ) ;
#293 = EDGE_LOOP ( 'NONE', ( #35, #618, #1083, #1296 ) ) ;
#294 = CARTESIAN_POINT ( 'NONE',  ( 2.571758278209441661E-15, 0.000000000000000000, 8.500000000000000000 ) ) ;
#295 = ADVANCED_FACE ( 'NONE', ( #398 ), #1471, .F. ) ;
#296 = CARTESIAN_POINT ( 'NONE',  ( 13.35102992281869483, 13.00000000000000178, 2.000000000000000000 ) ) ;
#297 = CARTESIAN_POINT ( 'NONE',  ( 24.00000000000000355, 13.00000000000000178, 12.50000000000000000 ) ) ;
#298 = VERTEX_POINT ( 'NONE', #237 ) ;
#299 = EDGE_CURVE ( 'NONE', #120, #559, #410, .T. ) ;
#300 = ORIENTED_EDGE ( 'NONE', *, *, #600, .F. ) ;
#301 = CARTESIAN_POINT ( 'NONE',  ( -12.46565927577431410, 5.000000000000000000, 0.9259259259259329244 ) ) ;
#302 = ADVANCED_FACE ( 'NONE', ( #1634 ), #1643, .T. ) ;
#303 = CIRCLE ( 'NONE', #1968, 1.499999999999999556 ) ;
#304 = ORIENTED_EDGE ( 'NONE', *, *, #1732, .F. ) ;
#305 = CARTESIAN_POINT ( 'NONE',  ( -24.00000000000000711, -1.000000000000000888, 1.665334536937735442E-14 ) ) ;
#306 = CARTESIAN_POINT ( 'NONE',  ( 13.37168101699555756, 13.00000000000000533, 1.724286261792963737 ) ) ;
#307 = VECTOR ( 'NONE', #1516, 1000.000000000000000 ) ;
#308 = CARTESIAN_POINT ( 'NONE',  ( -13.38307273377072981, 12.94901155305672091, 1.546501801931227771 ) ) ;
#309 = VERTEX_POINT ( 'NONE', #1488 ) ;
#310 = CIRCLE ( 'NONE', #675, 13.50000000000000533 ) ;
#311 = ORIENTED_EDGE ( 'NONE', *, *, #250, .F. ) ;
#312 = CARTESIAN_POINT ( 'NONE',  ( 21.00000000000000355, 5.000000000000000888, 17.50000000000000000 ) ) ;
#313 = VERTEX_POINT ( 'NONE', #221 ) ;
#314 = ADVANCED_FACE ( 'NONE', ( #67 ), #89, .F. ) ;
#315 = CARTESIAN_POINT ( 'NONE',  ( 17.00000000000000000, 13.00000000000000178, 10.50000000000000000 ) ) ;
#316 = CARTESIAN_POINT ( 'NONE',  ( -17.00000000000000000, 13.00000000000000178, 10.50000000000000000 ) ) ;
#317 = CARTESIAN_POINT ( 'NONE',  ( 13.46291147537822575, 11.27996229586710619, -1.807003620809230037E-17 ) ) ;
#318 = DIRECTION ( 'NONE',  ( -0.000000000000000000, -0.000000000000000000, 1.000000000000000000 ) ) ;
#319 = VERTEX_POINT ( 'NONE', #1945 ) ;
#320 = ORIENTED_EDGE ( 'NONE', *, *, #1973, .F. ) ;
#321 = DIRECTION ( 'NONE',  ( -0.000000000000000000, -1.000000000000000000, -0.000000000000000000 ) ) ;
#322 = EDGE_CURVE ( 'NONE', #609, #1637, #862, .T. ) ;
#323 = AXIS2_PLACEMENT_3D ( 'NONE', #1711, #171, #1574 ) ;
#324 = AXIS2_PLACEMENT_3D ( 'NONE', #1097, #1522, #930 ) ;
#325 = ORIENTED_EDGE ( 'NONE', *, *, #172, .T. ) ;
#326 = AXIS2_PLACEMENT_3D ( 'NONE', #1305, #1937, #1956 ) ;
#327 = DIRECTION ( 'NONE',  ( -0.000000000000000000, 1.000000000000000000, -0.000000000000000000 ) ) ;
#328 = ADVANCED_FACE ( 'NONE', ( #1185 ), #698, .T. ) ;
#329 = CARTESIAN_POINT ( 'NONE',  ( -23.99999999999999645, -1.000000000000000888, 12.50000000000000000 ) ) ;
#330 = CARTESIAN_POINT ( 'NONE',  ( -17.00000000000000000, 4.999999999999997335, 12.50000000000000000 ) ) ;
#331 = EDGE_LOOP ( 'NONE', ( #2013, #151, #1537, #1102 ) ) ;
#332 = VERTEX_POINT ( 'NONE', #549 ) ;
#333 = CARTESIAN_POINT ( 'NONE',  ( 0.000000000000000000, 5.000000000000000000, -15.00000000000000178 ) ) ;
#334 = DIRECTION ( 'NONE',  ( -0.000000000000000000, 1.000000000000000000, -0.000000000000000000 ) ) ;
#335 = ORIENTED_EDGE ( 'NONE', *, *, #1770, .T. ) ;
#336 = DIRECTION ( 'NONE',  ( 1.000000000000000000, 0.000000000000000000, 0.000000000000000000 ) ) ;
#337 = ADVANCED_FACE ( 'NONE', ( #1167 ), #568, .F. ) ;
#338 = DIRECTION ( 'NONE',  ( 0.000000000000000000, 0.000000000000000000, -1.000000000000000000 ) ) ;
#339 = ORIENTED_EDGE ( 'NONE', *, *, #514, .T. ) ;
#340 = FACE_OUTER_BOUND ( 'NONE', #1645, .T. ) ;
#341 = EDGE_CURVE ( 'NONE', #352, #409, #1787, .T. ) ;
#342 = FACE_OUTER_BOUND ( 'NONE', #1736, .T. ) ;
#343 = EDGE_LOOP ( 'NONE', ( #771, #766, #1520, #870 ) ) ;
#344 = VECTOR ( 'NONE', #1884, 1000.000000000000000 ) ;
#345 = CARTESIAN_POINT ( 'NONE',  ( -12.36206474335063810, 11.99999999999999467, 1.851851851851850306 ) ) ;
#346 = CYLINDRICAL_SURFACE ( 'NONE', #997, 1.499999999999999556 ) ;
#347 = VERTEX_POINT ( 'NONE', #209 ) ;
#348 = ORIENTED_EDGE ( 'NONE', *, *, #1986, .T. ) ;
#349 = EDGE_CURVE ( 'NONE', #261, #804, #1497, .T. ) ;
#350 = CARTESIAN_POINT ( 'NONE',  ( 22.00000000000000711, 13.00000000000000178, 17.50000000000000000 ) ) ;
#351 = CARTESIAN_POINT ( 'NONE',  ( -19.50000000000000000, 4.999999999999997335, 21.74264068711928743 ) ) ;
#352 = VERTEX_POINT ( 'NONE', #707 ) ;
#353 = CARTESIAN_POINT ( 'NONE',  ( 23.99999999999999289, 13.00000000000000178, -1.665334536937734495E-14 ) ) ;
#354 = ORIENTED_EDGE ( 'NONE', *, *, #1351, .T. ) ;
#355 = FACE_OUTER_BOUND ( 'NONE', #413, .T. ) ;
#356 = AXIS2_PLACEMENT_3D ( 'NONE', #1796, #875, #1769 ) ;
#357 = CIRCLE ( 'NONE', #389, 2.000000000000000000 ) ;
#358 = AXIS2_PLACEMENT_3D ( 'NONE', #363, #1906, #1139 ) ;
#359 = ORIENTED_EDGE ( 'NONE', *, *, #649, .T. ) ;
#360 = CARTESIAN_POINT ( 'NONE',  ( 12.42581159516348244, 11.89366790348465486, 1.370783089210563022 ) ) ;
#361 = DIRECTION ( 'NONE',  ( -1.000000000000000000, 0.000000000000000000, 6.938893903907228378E-16 ) ) ;
#362 = ORIENTED_EDGE ( 'NONE', *, *, #155, .T. ) ;
#363 = CARTESIAN_POINT ( 'NONE',  ( 0.000000000000000000, 13.00000000000000178, 0.000000000000000000 ) ) ;
#364 = ORIENTED_EDGE ( 'NONE', *, *, #1023, .F. ) ;
#365 = CARTESIAN_POINT ( 'NONE',  ( 13.44998989358653496, 12.08867994962439063, 0.3219451430666195324 ) ) ;
#366 = EDGE_CURVE ( 'NONE', #1691, #1668, #248, .T. ) ;
#367 = DIRECTION ( 'NONE',  ( 1.000000000000000000, 0.000000000000000000, -6.938893903907228378E-16 ) ) ;
#368 = CARTESIAN_POINT ( 'NONE',  ( -21.00000000000000000, 4.999999999999997335, 17.50000000000000000 ) ) ;
#369 = EDGE_CURVE ( 'NONE', #1244, #1560, #1147, .T. ) ;
#370 = AXIS2_PLACEMENT_3D ( 'NONE', #1558, #657, #1761 ) ;
#371 = AXIS2_PLACEMENT_3D ( 'NONE', #13, #918, #1532 ) ;
#372 = ORIENTED_EDGE ( 'NONE', *, *, #1994, .T. ) ;
#373 = CARTESIAN_POINT ( 'NONE',  ( 22.00000000000000355, 13.00000000000000178, 12.50000000000000000 ) ) ;
#374 = CARTESIAN_POINT ( 'NONE',  ( 0.000000000000000000, 5.000000000000000000, 0.000000000000000000 ) ) ;
#375 = FACE_OUTER_BOUND ( 'NONE', #1278, .T. ) ;
#376 = EDGE_CURVE ( 'NONE', #1763, #630, #111, .T. ) ;
#377 = CARTESIAN_POINT ( 'NONE',  ( 13.38703313240800874, 12.93396108093894092, 1.486161801970627971 ) ) ;
#378 = CYLINDRICAL_SURFACE ( 'NONE', #356, 1.499999999999999556 ) ;
#379 = CARTESIAN_POINT ( 'NONE',  ( -12.44991216092775410, 11.60992026326661453, 1.117931448571373831 ) ) ;
#380 = B_SPLINE_SURFACE_WITH_KNOTS ( 'NONE', 1, 3, ( 
 ( #1780, #876, #850, #48, #1175, #1788, #1656, #249, #718, #887, #1498, #580, #1333, #1186, #1635, #379, #1807, #1316, #731, #1967, #1743, #61, #210, #1010, #1677, #259, #906, #271, #589, #1072, #1050, #1205, #1825, #1688, #1216, #1062, #1367, #425 ),
 ( #754, #1519, #280, #112, #1507, #1987, #1665, #602, #436, #1839, #914, #1196, #446, #1526, #1817, #896, #100, #744, #1356, #1977, #1435, #1896, #663, #789, #1748, #1282, #509, #475, #7, #811, #1757, #1725, #308, #636, #802, #1567, #1873, #1555 ) ),
 .UNSPECIFIED., .F., .F., .F.,
 ( 2, 2 ),
 ( 4, 2, 2, 2, 2, 2, 2, 2, 2, 2, 2, 2, 2, 2, 2, 2, 2, 2, 4 ),
 ( 0.000000000000000000, 1.000000000000000000 ),
 ( 0.000000000000000000, 9.798169180395778412E-05, 0.0001959633836079155682, 0.0002939450754118733524, 0.0003919267672158311365, 0.0004899084590197889206, 0.0005878901508237467047, 0.0006368809967257256510, 0.0006858718426277044889, 0.0007838535344316622730, 0.0008818352262356200571, 0.0009798169180395778412, 0.001028807763941556788, 0.001077798609843535517, 0.001175780301647493409, 0.001273761993451451302, 0.001371743685255408978, 0.001469725377059366653, 0.001567707068863324546 ),
 .UNSPECIFIED. ) ;
#381 = EDGE_CURVE ( 'NONE', #313, #1837, #1838, .T. ) ;
#382 = ORIENTED_EDGE ( 'NONE', *, *, #649, .F. ) ;
#383 = DIRECTION ( 'NONE',  ( 0.000000000000000000, 0.000000000000000000, 1.000000000000000000 ) ) ;
#384 = CARTESIAN_POINT ( 'NONE',  ( 12.46565927577431410, 3.999999999999994227, 0.9259259259259327024 ) ) ;
#385 = DIRECTION ( 'NONE',  ( 0.000000000000000000, 1.000000000000000000, 0.000000000000000000 ) ) ;
#386 = CARTESIAN_POINT ( 'NONE',  ( 12.36660886417658034, 11.99999913586138156, 1.821517465473718289 ) ) ;
#387 = DIRECTION ( 'NONE',  ( 0.000000000000000000, 1.000000000000000000, 0.000000000000000000 ) ) ;
#388 = CARTESIAN_POINT ( 'NONE',  ( -22.00000000000000000, 11.00000000000000178, 12.50000000000000000 ) ) ;
#389 = AXIS2_PLACEMENT_3D ( 'NONE', #315, #776, #1409 ) ;
#390 = EDGE_CURVE ( 'NONE', #190, #140, #1831, .T. ) ;
#391 = VERTEX_POINT ( 'NONE', #601 ) ;
#392 = MECHANICAL_DESIGN_GEOMETRIC_PRESENTATION_REPRESENTATION (  '', ( #122 ), #1794 ) ;
#393 = CARTESIAN_POINT ( 'NONE',  ( 0.000000000000000000, 11.99999999999999467, 0.000000000000000000 ) ) ;
#394 = AXIS2_PLACEMENT_3D ( 'NONE', #724, #1492, #1034 ) ;
#395 = AXIS2_PLACEMENT_3D ( 'NONE', #743, #445, #1061 ) ;
#396 = LINE ( 'NONE', #1793, #697 ) ;
#397 = CARTESIAN_POINT ( 'NONE',  ( 12.45817204578262505, 11.44442605728390561, 1.021839635046212003 ) ) ;
#398 = FACE_OUTER_BOUND ( 'NONE', #1203, .T. ) ;
#399 = LINE ( 'NONE', #238, #1449 ) ;
#400 = ORIENTED_EDGE ( 'NONE', *, *, #1958, .T. ) ;
#401 = EDGE_CURVE ( 'NONE', #782, #262, #1664, .T. ) ;
#402 = CARTESIAN_POINT ( 'NONE',  ( 24.00000000000000711, 11.00000000000000178, 17.50000000000000000 ) ) ;
#403 = DIRECTION ( 'NONE',  ( 0.000000000000000000, 0.000000000000000000, 1.000000000000000000 ) ) ;
#404 = CONICAL_SURFACE ( 'NONE', #1712, 2.499999999999995115, 0.7853981633974477239 ) ;
#405 = FACE_OUTER_BOUND ( 'NONE', #1905, .T. ) ;
#406 = CARTESIAN_POINT ( 'NONE',  ( -13.37084881866337405, 12.98566320870105528, 1.727642714958756986 ) ) ;
#407 = EDGE_CURVE ( 'NONE', #1417, #184, #579, .T. ) ;
#408 = CARTESIAN_POINT ( 'NONE',  ( 12.37950901596355280, 11.99206999141377850, 1.731666011158221163 ) ) ;
#409 = VERTEX_POINT ( 'NONE', #1824 ) ;
#410 = LINE ( 'NONE', #1028, #1307 ) ;
#411 = DIRECTION ( 'NONE',  ( 0.000000000000000000, 0.000000000000000000, 1.000000000000000000 ) ) ;
#412 = UNCERTAINTY_MEASURE_WITH_UNIT (LENGTH_MEASURE( 1.000000000000000082E-05 ), #1206, 'distance_accuracy_value', 'NONE');
#413 = EDGE_LOOP ( 'NONE', ( #1416, #1308, #1842, #1386, #1381, #193, #637, #400 ) ) ;
#414 = CIRCLE ( 'NONE', #1005, 3.549999999999999822 ) ;
#415 = CIRCLE ( 'NONE', #141, 2.499999999999995115 ) ;
#416 = CARTESIAN_POINT ( 'NONE',  ( 0.000000000000000000, 13.00000000000000178, 13.50000000000000178 ) ) ;
#417 = EDGE_CURVE ( 'NONE', #1138, #480, #279, .T. ) ;
#418 = EDGE_CURVE ( 'NONE', #70, #1909, #1636, .T. ) ;
#419 = FACE_OUTER_BOUND ( 'NONE', #1031, .T. ) ;
#420 = CARTESIAN_POINT ( 'NONE',  ( -13.44618352494934399, 12.24383026600118463, 0.4147608970511578175 ) ) ;
#421 = CARTESIAN_POINT ( 'NONE',  ( 8.500000000000000000, 0.000000000000000000, 1.500000000000000666 ) ) ;
#422 = EDGE_LOOP ( 'NONE', ( #300, #1291, #1865, #1021 ) ) ;
#423 = DIRECTION ( 'NONE',  ( 6.938893903907228378E-16, 0.000000000000000000, 1.000000000000000000 ) ) ;
#424 = EDGE_CURVE ( 'NONE', #180, #782, #1195, .T. ) ;
#425 = CARTESIAN_POINT ( 'NONE',  ( -12.36206474335063810, 11.99999999999999467, 1.851851851851850084 ) ) ;
#426 = ORIENTED_EDGE ( 'NONE', *, *, #285, .T. ) ;
#427 = CYLINDRICAL_SURFACE ( 'NONE', #1065, 3.549999999999999822 ) ;
#428 = CIRCLE ( 'NONE', #1172, 1.499999999999999556 ) ;
#429 = CIRCLE ( 'NONE', #953, 1.499999999999999556 ) ;
#430 = VECTOR ( 'NONE', #624, 1000.000000000000000 ) ;
#431 = CARTESIAN_POINT ( 'NONE',  ( 2.571758278209441661E-15, -3.000000000000000000, 8.500000000000000000 ) ) ;
#432 = EDGE_CURVE ( 'NONE', #1525, #1247, #125, .T. ) ;
#433 = FACE_BOUND ( 'NONE', #1539, .T. ) ;
#434 = ORIENTED_EDGE ( 'NONE', *, *, #1911, .F. ) ;
#435 = DIRECTION ( 'NONE',  ( -0.000000000000000000, 1.000000000000000000, -0.000000000000000000 ) ) ;
#436 = CARTESIAN_POINT ( 'NONE',  ( -13.45800889549328616, 11.70722701879536842, 0.1280575007249816488 ) ) ;
#437 = LINE ( 'NONE', #1538, #1601 ) ;
#438 = ORIENTED_EDGE ( 'NONE', *, *, #148, .F. ) ;
#439 = ADVANCED_FACE ( 'NONE', ( #588 ), #895, .F. ) ;
#440 = CIRCLE ( 'NONE', #1571, 2.000000000000000000 ) ;
#441 = CARTESIAN_POINT ( 'NONE',  ( -12.36206474335063810, 11.99999999999999467, 1.851851851851850306 ) ) ;
#442 = DIRECTION ( 'NONE',  ( -9.912705577010325549E-17, 0.000000000000000000, 1.000000000000000000 ) ) ;
#443 = CARTESIAN_POINT ( 'NONE',  ( -12.46565927577431410, 3.999999999999994227, 0.9259259259259329244 ) ) ;
#444 = ORIENTED_EDGE ( 'NONE', *, *, #1349, .F. ) ;
#445 = DIRECTION ( 'NONE',  ( 0.000000000000000000, 1.000000000000000000, -0.000000000000000000 ) ) ;
#446 = CARTESIAN_POINT ( 'NONE',  ( -13.45086142480002778, 12.05861348397577792, 0.3018782320508468509 ) ) ;
#447 = ORIENTED_EDGE ( 'NONE', *, *, #809, .F. ) ;
#448 = ADVANCED_FACE ( 'NONE', ( #457 ), #745, .T. ) ;
#449 = VERTEX_POINT ( 'NONE', #1667 ) ;
#450 = DIRECTION ( 'NONE',  ( 0.000000000000000000, 0.000000000000000000, 1.000000000000000000 ) ) ;
#451 = EDGE_CURVE ( 'NONE', #1700, #1568, #759, .T. ) ;
#452 = AXIS2_PLACEMENT_3D ( 'NONE', #351, #964, #951 ) ;
#453 = CARTESIAN_POINT ( 'NONE',  ( 0.000000000000000000, -3.000000000000002665, 17.50000000000000000 ) ) ;
#454 = DIRECTION ( 'NONE',  ( -1.000000000000000000, 0.000000000000000000, 0.000000000000000000 ) ) ;
#455 = ORIENTED_EDGE ( 'NONE', *, *, #162, .T. ) ;
#456 = EDGE_LOOP ( 'NONE', ( #937, #1595, #617, #1710 ) ) ;
#457 = FACE_OUTER_BOUND ( 'NONE', #1657, .T. ) ;
#458 = VERTEX_POINT ( 'NONE', #1841 ) ;
#459 =( LENGTH_UNIT ( ) NAMED_UNIT ( * ) SI_UNIT ( .MILLI., .METRE. ) );
#460 = EDGE_CURVE ( 'NONE', #752, #1390, #437, .T. ) ;
#461 = DIRECTION ( 'NONE',  ( 0.000000000000000000, 0.7071067811865493491, 0.7071067811865456854 ) ) ;
#462 = CARTESIAN_POINT ( 'NONE',  ( 13.40425712318652529, 12.83763470163655995, 1.210039239907788833 ) ) ;
#463 = CARTESIAN_POINT ( 'NONE',  ( 2.755455298081544778E-15, 0.000000000000000000, -10.00000000000000000 ) ) ;
#464 = ORIENTED_EDGE ( 'NONE', *, *, #1692, .F. ) ;
#465 = VERTEX_POINT ( 'NONE', #1246 ) ;
#466 = AXIS2_PLACEMENT_3D ( 'NONE', #611, #1709, #1368 ) ;
#467 = CIRCLE ( 'NONE', #88, 2.000000000000000000 ) ;
#468 =( NAMED_UNIT ( * ) SI_UNIT ( $, .STERADIAN. ) SOLID_ANGLE_UNIT ( ) );
#469 = ORIENTED_EDGE ( 'NONE', *, *, #540, .T. ) ;
#470 = DIRECTION ( 'NONE',  ( -1.000000000000000000, 0.000000000000000000, 0.000000000000000000 ) ) ;
#471 = DIRECTION ( 'NONE',  ( 0.000000000000000000, 0.000000000000000000, 1.000000000000000000 ) ) ;
#472 = PRODUCT_DEFINITION ( 'UNKNOWN', '', #1889, #1030 ) ;
#473 = ADVANCED_FACE ( 'NONE', ( #936 ), #1359, .F. ) ;
#474 = DIRECTION ( 'NONE',  ( 0.000000000000000000, 0.000000000000000000, -1.000000000000000000 ) ) ;
#475 = CARTESIAN_POINT ( 'NONE',  ( -13.40972070713179498, 12.79611703277459434, 1.117838058879284668 ) ) ;
#476 = EDGE_LOOP ( 'NONE', ( #12, #1229, #513, #854 ) ) ;
#477 = ORIENTED_EDGE ( 'NONE', *, *, #660, .T. ) ;
#478 = CIRCLE ( 'NONE', #1155, 1.500000000000001332 ) ;
#479 = SURFACE_STYLE_FILL_AREA ( #292 ) ;
#480 = VERTEX_POINT ( 'NONE', #1235 ) ;
#481 = APPLICATION_PROTOCOL_DEFINITION ( 'draft international standard', 'automotive_design', 1998, #1929 ) ;
#482 = LINE ( 'NONE', #147, #1208 ) ;
#483 = B_SPLINE_CURVE_WITH_KNOTS ( 'NONE', 3,
 ( #1552, #1741, #1573, #136 ),
 .UNSPECIFIED., .F., .F.,
 ( 4, 4 ),
 ( 0.000000000000000000, 1.000000000000000000 ),
 .UNSPECIFIED. ) ;
#484 = CARTESIAN_POINT ( 'NONE',  ( 13.45453024239838413, 11.91227379044347146, 0.2153416357919801238 ) ) ;
#485 = AXIS2_PLACEMENT_3D ( 'NONE', #682, #991, #694 ) ;
#486 = DIRECTION ( 'NONE',  ( 0.000000000000000000, 0.000000000000000000, 1.000000000000000000 ) ) ;
#487 = ORIENTED_EDGE ( 'NONE', *, *, #1414, .F. ) ;
#488 = EDGE_CURVE ( 'NONE', #1431, #458, #113, .T. ) ;
#489 = ORIENTED_EDGE ( 'NONE', *, *, #719, .T. ) ;
#490 = EDGE_CURVE ( 'NONE', #492, #1984, #1978, .T. ) ;
#491 = CARTESIAN_POINT ( 'NONE',  ( 0.000000000000000000, 13.00000000000000178, 0.000000000000000000 ) ) ;
#492 = VERTEX_POINT ( 'NONE', #1075 ) ;
#493 = LINE ( 'NONE', #1892, #156 ) ;
#494 = CARTESIAN_POINT ( 'NONE',  ( 13.40957368335555522, 12.79623628172132577, 1.119891766496837748 ) ) ;
#495 = CARTESIAN_POINT ( 'NONE',  ( 2.877919977996279531E-15, -3.000000000000000000, 10.99999999999999645 ) ) ;
#496 = EDGE_LOOP ( 'NONE', ( #281, #1109, #1998, #1354 ) ) ;
#497 = ORIENTED_EDGE ( 'NONE', *, *, #979, .T. ) ;
#498 = CARTESIAN_POINT ( 'NONE',  ( -12.45896876746032333, 11.52359395339265902, 1.026583426531725740 ) ) ;
#499 = MANIFOLD_SOLID_BREP ( 'Fillet2', #1106 ) ;
#500 = DIRECTION ( 'NONE',  ( 0.000000000000000000, 0.000000000000000000, -1.000000000000000000 ) ) ;
#501 = AXIS2_PLACEMENT_3D ( 'NONE', #1800, #938, #161 ) ;
#502 = AXIS2_PLACEMENT_3D ( 'NONE', #693, #534, #820 ) ;
#503 = ORIENTED_EDGE ( 'NONE', *, *, #1228, .F. ) ;
#504 = DIRECTION ( 'NONE',  ( 0.000000000000000000, 0.000000000000000000, 1.000000000000000000 ) ) ;
#505 = VECTOR ( 'NONE', #435, 1000.000000000000000 ) ;
#506 = LINE ( 'NONE', #642, #1988 ) ;
#507 = EDGE_CURVE ( 'NONE', #1417, #1959, #1176, .T. ) ;
#508 = DIRECTION ( 'NONE',  ( -0.000000000000000000, -0.000000000000000000, 1.000000000000000000 ) ) ;
#509 = CARTESIAN_POINT ( 'NONE',  ( -13.41464949862517919, 12.75012591238934156, 1.031428803823821960 ) ) ;
#510 = ORIENTED_EDGE ( 'NONE', *, *, #1799, .F. ) ;
#511 = LINE ( 'NONE', #857, #1389 ) ;
#512 = DIRECTION ( 'NONE',  ( -0.000000000000000000, 1.000000000000000000, -0.000000000000000000 ) ) ;
#513 = ORIENTED_EDGE ( 'NONE', *, *, #381, .T. ) ;
#514 = EDGE_CURVE ( 'NONE', #570, #319, #926, .T. ) ;
#515 = EDGE_LOOP ( 'NONE', ( #1874, #551 ) ) ;
#516 = LINE ( 'NONE', #1465, #988 ) ;
#517 = DIRECTION ( 'NONE',  ( -0.000000000000000000, -1.000000000000000000, -0.000000000000000000 ) ) ;
#518 = ORIENTED_EDGE ( 'NONE', *, *, #632, .T. ) ;
#519 = DIRECTION ( 'NONE',  ( 0.000000000000000000, 0.000000000000000000, -1.000000000000000000 ) ) ;
#520 = VECTOR ( 'NONE', #1581, 1000.000000000000000 ) ;
#521 = PLANE ( 'NONE',  #1775 ) ;
#522 = ADVANCED_FACE ( 'NONE', ( #1380 ), #755, .T. ) ;
#523 = ORIENTED_EDGE ( 'NONE', *, *, #1587, .T. ) ;
#524 = CARTESIAN_POINT ( 'NONE',  ( 2.571758278209441661E-15, 0.000000000000000000, -8.500000000000000000 ) ) ;
#525 = DIRECTION ( 'NONE',  ( 0.000000000000000000, 0.000000000000000000, 1.000000000000000000 ) ) ;
#526 = ORIENTED_EDGE ( 'NONE', *, *, #58, .T. ) ;
#527 = FACE_OUTER_BOUND ( 'NONE', #1091, .T. ) ;
#528 = DIRECTION ( 'NONE',  ( -6.938893903907228378E-16, -0.000000000000000000, -1.000000000000000000 ) ) ;
#529 = AXIS2_PLACEMENT_3D ( 'NONE', #1982, #596, #470 ) ;
#530 = CARTESIAN_POINT ( 'NONE',  ( -13.35102992281869305, 13.00000000000000178, 2.000000000000000000 ) ) ;
#531 = EDGE_CURVE ( 'NONE', #1763, #1365, #828, .T. ) ;
#532 = ORIENTED_EDGE ( 'NONE', *, *, #1475, .F. ) ;
#533 = PRODUCT_DEFINITION_SHAPE ( 'NONE', 'NONE',  #472 ) ;
#534 = DIRECTION ( 'NONE',  ( -0.000000000000000000, 1.000000000000000000, -0.000000000000000000 ) ) ;
#535 = DIRECTION ( 'NONE',  ( -6.938893903907228378E-16, 0.000000000000000000, -1.000000000000000000 ) ) ;
#536 = CARTESIAN_POINT ( 'NONE',  ( -8.500000000000000000, -3.000000000000000000, 0.000000000000000000 ) ) ;
#537 = CARTESIAN_POINT ( 'NONE',  ( 13.36068428132028885, 12.99678812988830501, 1.869458671010593820 ) ) ;
#538 = AXIS2_PLACEMENT_3D ( 'NONE', #65, #695, #1165 ) ;
#539 = CARTESIAN_POINT ( 'NONE',  ( -8.500000000000000000, -3.000000000000000000, -2.499999999999995115 ) ) ;
#540 = EDGE_CURVE ( 'NONE', #1117, #898, #1217, .T. ) ;
#541 = DIRECTION ( 'NONE',  ( -1.000000000000000000, 0.000000000000000000, 0.000000000000000000 ) ) ;
#542 = CIRCLE ( 'NONE', #63, 1.999999999999998224 ) ;
#543 = VECTOR ( 'NONE', #1915, 1000.000000000000000 ) ;
#544 = EDGE_LOOP ( 'NONE', ( #1847, #1169, #1996, #1913 ) ) ;
#545 = DIRECTION ( 'NONE',  ( 1.000000000000000000, -0.000000000000000000, 9.912705577010325549E-17 ) ) ;
#546 = CARTESIAN_POINT ( 'NONE',  ( -22.00000000000000711, 11.00000000000000178, 1.526556658859590559E-14 ) ) ;
#547 = CARTESIAN_POINT ( 'NONE',  ( 2.755455298081544778E-15, 0.000000000000000000, 7.000000000000000000 ) ) ;
#548 = CARTESIAN_POINT ( 'NONE',  ( 12.44031383582139938, 11.73197795025141232, 1.220268444148459031 ) ) ;
#549 = CARTESIAN_POINT ( 'NONE',  ( 2.571758278209441661E-15, -2.000000000000003553, -7.000000000000000888 ) ) ;
#550 = DIRECTION ( 'NONE',  ( 0.000000000000000000, 0.000000000000000000, -1.000000000000000000 ) ) ;
#551 = ORIENTED_EDGE ( 'NONE', *, *, #1829, .T. ) ;
#552 = CARTESIAN_POINT ( 'NONE',  ( 13.46291201783626335, 11.00000000000000178, 0.000000000000000000 ) ) ;
#553 = CYLINDRICAL_SURFACE ( 'NONE', #263, 15.00000000000000178 ) ;
#554 = CARTESIAN_POINT ( 'NONE',  ( 12.43808926757718680, 11.75391793900430670, 1.242779824541481171 ) ) ;
#555 = CARTESIAN_POINT ( 'NONE',  ( 24.00000000000000711, -1.000000000000000888, 17.50000000000000000 ) ) ;
#556 = CARTESIAN_POINT ( 'NONE',  ( 1.530808498934191521E-15, 0.000000000000000000, 12.50000000000000000 ) ) ;
#557 = B_SPLINE_CURVE_WITH_KNOTS ( 'NONE', 3,
 ( #910, #242, #900, #1970 ),
 .UNSPECIFIED., .F., .F.,
 ( 4, 4 ),
 ( 0.000000000000000000, 0.001667048711329508718 ),
 .UNSPECIFIED. ) ;
#558 = CIRCLE ( 'NONE', #1330, 12.50000000000000000 ) ;
#559 = VERTEX_POINT ( 'NONE', #282 ) ;
#560 = DIRECTION ( 'NONE',  ( 1.000000000000000000, 0.000000000000000000, -6.938893903907228378E-16 ) ) ;
#561 = EDGE_CURVE ( 'NONE', #1583, #1117, #96, .T. ) ;
#562 = VECTOR ( 'NONE', #260, 1000.000000000000000 ) ;
#563 = CARTESIAN_POINT ( 'NONE',  ( 2.877919977996279531E-15, -3.000000000000000000, -6.000000000000005329 ) ) ;
#564 = CONICAL_SURFACE ( 'NONE', #54, 2.499999999999995115, 0.7853981633974473908 ) ;
#565 = FACE_BOUND ( 'NONE', #1073, .T. ) ;
#566 = CARTESIAN_POINT ( 'NONE',  ( -13.41642200379581595, 12.73784783255560527, 1.001523760495479198 ) ) ;
#567 = CARTESIAN_POINT ( 'NONE',  ( 13.43313640898334960, 12.50783587800893315, 0.6844044210099656800 ) ) ;
#568 = CYLINDRICAL_SURFACE ( 'NONE', #56, 1.499999999999999556 ) ;
#569 = DIRECTION ( 'NONE',  ( 0.000000000000000000, -1.000000000000000000, 0.000000000000000000 ) ) ;
#570 = VERTEX_POINT ( 'NONE', #827 ) ;
#571 = ADVANCED_FACE ( 'NONE', ( #838 ), #346, .F. ) ;
#572 = CARTESIAN_POINT ( 'NONE',  ( -19.50000000000000000, 4.999999999999997335, 13.49999999999998579 ) ) ;
#573 = AXIS2_PLACEMENT_3D ( 'NONE', #1101, #1277, #199 ) ;
#574 = VECTOR ( 'NONE', #1324, 1000.000000000000000 ) ;
#575 = DIRECTION ( 'NONE',  ( 0.000000000000000000, 0.000000000000000000, -1.000000000000000000 ) ) ;
#576 = CARTESIAN_POINT ( 'NONE',  ( -13.42797566371334916, 12.59043601361555709, 0.7855796348711442390 ) ) ;
#577 = CARTESIAN_POINT ( 'NONE',  ( 13.44759330612013137, 12.17059588582947782, 0.3770342915457513544 ) ) ;
#578 = EDGE_LOOP ( 'NONE', ( #767, #382, #503, #924 ) ) ;
#579 = LINE ( 'NONE', #1687, #690 ) ;
#580 = CARTESIAN_POINT ( 'NONE',  ( -12.45582096728175436, 11.50131173132153961, 1.050109166175654529 ) ) ;
#581 = ADVANCED_BREP_SHAPE_REPRESENTATION ( 'mounting_motor', ( #499, #757 ), #1791 ) ;
#582 = EDGE_LOOP ( 'NONE', ( #1404, #1708, #104, #746, #1122 ) ) ;
#583 = VECTOR ( 'NONE', #780, 1000.000000000000000 ) ;
#584 = FACE_OUTER_BOUND ( 'NONE', #1496, .T. ) ;
#585 = CARTESIAN_POINT ( 'NONE',  ( -13.43551923040399565, 12.46258887190212938, 0.6357769758725235754 ) ) ;
#586 = FACE_BOUND ( 'NONE', #1092, .T. ) ;
#587 = ORIENTED_EDGE ( 'NONE', *, *, #1576, .T. ) ;
#588 = FACE_OUTER_BOUND ( 'NONE', #456, .T. ) ;
#589 = CARTESIAN_POINT ( 'NONE',  ( -12.41321248744938188, 11.91191947924422401, 1.470693368553901426 ) ) ;
#590 = EDGE_CURVE ( 'NONE', #570, #140, #1594, .T. ) ;
#591 = PRESENTATION_STYLE_ASSIGNMENT (( #1227 ) ) ;
#592 = VERTEX_POINT ( 'NONE', #1111 ) ;
#593 = CARTESIAN_POINT ( 'NONE',  ( 2.571758278209441661E-15, -3.000000000000000000, 8.500000000000000000 ) ) ;
#594 = AXIS2_PLACEMENT_3D ( 'NONE', #316, #651, #1113 ) ;
#595 = CONICAL_SURFACE ( 'NONE', #1860, 13.50000000000000178, 0.7853981633974457255 ) ;
#596 = DIRECTION ( 'NONE',  ( -0.000000000000000000, -0.000000000000000000, 1.000000000000000000 ) ) ;
#597 = CARTESIAN_POINT ( 'NONE',  ( 13.46230420041276687, 11.26327203221642215, 0.01630974663929557478 ) ) ;
#598 = VECTOR ( 'NONE', #1215, 1000.000000000000000 ) ;
#599 = ORIENTED_EDGE ( 'NONE', *, *, #381, .F. ) ;
#600 = EDGE_CURVE ( 'NONE', #1959, #1417, #1250, .T. ) ;
#601 = CARTESIAN_POINT ( 'NONE',  ( 17.00000000000000000, 5.000000000000000888, 12.50000000000000000 ) ) ;
#602 = CARTESIAN_POINT ( 'NONE',  ( -13.45889080270279514, 11.64457531326985595, 0.1055653595412803097 ) ) ;
#603 = CARTESIAN_POINT ( 'NONE',  ( 0.000000000000000000, 13.00000000000000178, 0.000000000000000000 ) ) ;
#604 = ORIENTED_EDGE ( 'NONE', *, *, #883, .T. ) ;
#605 = CARTESIAN_POINT ( 'NONE',  ( 0.000000000000000000, -3.000000000000000000, 0.000000000000000000 ) ) ;
#606 = AXIS2_PLACEMENT_3D ( 'NONE', #593, #1220, #736 ) ;
#607 = CARTESIAN_POINT ( 'NONE',  ( 0.000000000000000000, -3.000000000000000000, 0.000000000000000000 ) ) ;
#608 = DIRECTION ( 'NONE',  ( -0.000000000000000000, -0.000000000000000000, 1.000000000000000000 ) ) ;
#609 = VERTEX_POINT ( 'NONE', #1907 ) ;
#610 = ORIENTED_EDGE ( 'NONE', *, *, #710, .F. ) ;
#611 = CARTESIAN_POINT ( 'NONE',  ( 8.500000000000000000, -2.000000000000003553, 0.000000000000000000 ) ) ;
#612 = ORIENTED_EDGE ( 'NONE', *, *, #1362, .F. ) ;
#613 = DIRECTION ( 'NONE',  ( 0.000000000000000000, 1.000000000000000000, 0.000000000000000000 ) ) ;
#614 = AXIS2_PLACEMENT_3D ( 'NONE', #1995, #1353, #1202 ) ;
#615 = PLANE ( 'NONE',  #291 ) ;
#616 = CARTESIAN_POINT ( 'NONE',  ( 13.45596764972171755, 11.82975900684605897, 0.1790762016035273574 ) ) ;
#617 = ORIENTED_EDGE ( 'NONE', *, *, #1934, .T. ) ;
#618 = ORIENTED_EDGE ( 'NONE', *, *, #775, .T. ) ;
#619 = CARTESIAN_POINT ( 'NONE',  ( 21.00000000000000355, 5.000000000000000888, 13.49999999999998579 ) ) ;
#620 = ORIENTED_EDGE ( 'NONE', *, *, #1756, .T. ) ;
#621 = DIRECTION ( 'NONE',  ( -1.000000000000000000, 0.000000000000000000, -0.000000000000000000 ) ) ;
#622 = ADVANCED_FACE ( 'NONE', ( #1406, #648, #355 ), #521, .F. ) ;
#623 = VECTOR ( 'NONE', #1779, 1000.000000000000114 ) ;
#624 = DIRECTION ( 'NONE',  ( -0.7071067811865483499, 0.000000000000000000, -0.7071067811865466846 ) ) ;
#625 = FACE_OUTER_BOUND ( 'NONE', #1991, .T. ) ;
#626 = EDGE_LOOP ( 'NONE', ( #444, #915, #232, #87, #1099, #1588, #438 ) ) ;
#627 = ORIENTED_EDGE ( 'NONE', *, *, #1883, .T. ) ;
#628 = VECTOR ( 'NONE', #1486, 1000.000000000000000 ) ;
#629 = DIRECTION ( 'NONE',  ( -0.000000000000000000, -1.000000000000000000, -0.000000000000000000 ) ) ;
#630 = VERTEX_POINT ( 'NONE', #1728 ) ;
#631 = CARTESIAN_POINT ( 'NONE',  ( -8.500000000000000000, 0.000000000000000000, 0.000000000000000000 ) ) ;
#632 = EDGE_CURVE ( 'NONE', #391, #1858, #666, .T. ) ;
#633 = B_SPLINE_CURVE_WITH_KNOTS ( 'NONE', 3,
 ( #530, #1183, #406, #851, #49, #1771, #1813, #715, #1295, #276, #566, #1462, #576, #1972, #1201, #585, #1660, #911, #420, #1329, #1046, #882, #1652 ),
 .UNSPECIFIED., .F., .F.,
 ( 4, 2, 2, 2, 2, 2, 2, 1, 2, 2, 2, 4 ),
 ( 0.000000000000000000, 0.1249999999999932554, 0.1874999999999898970, 0.2187499999999882039, 0.2499999999999865108, 0.3749999999999798495, 0.4374999999999766298, 0.4687499999999750200, 0.4843749999999747979, 0.4999999999999745759, 0.7499999999999872324, 1.000000000000000000 ),
 .UNSPECIFIED. ) ;
#634 = CARTESIAN_POINT ( 'NONE',  ( 8.500000000000000000, -2.000000000000003553, -1.500000000000000666 ) ) ;
#635 = ADVANCED_FACE ( 'NONE', ( #28 ), #1140, .T. ) ;
#636 = CARTESIAN_POINT ( 'NONE',  ( -13.37440137787970684, 12.97450283783860492, 1.675015812630729073 ) ) ;
#637 = ORIENTED_EDGE ( 'NONE', *, *, #1576, .F. ) ;
#638 = EDGE_LOOP ( 'NONE', ( #966, #1715, #1536, #790 ) ) ;
#639 = AXIS2_PLACEMENT_3D ( 'NONE', #491, #1878, #957 ) ;
#640 = CARTESIAN_POINT ( 'NONE',  ( 0.000000000000000000, 13.00000000000000178, 17.50000000000000000 ) ) ;
#641 = ORIENTED_EDGE ( 'NONE', *, *, #1430, .F. ) ;
#642 = CARTESIAN_POINT ( 'NONE',  ( -8.500000000000000000, -3.000000000000000000, -1.499999999999999556 ) ) ;
#643 = ADVANCED_FACE ( 'NONE', ( #1605 ), #1610, .F. ) ;
#644 = CARTESIAN_POINT ( 'NONE',  ( 13.41617310530487295, 12.73589511298007260, 1.004557467100525070 ) ) ;
#645 = CARTESIAN_POINT ( 'NONE',  ( -8.500000000000000000, -3.000000000000000000, 2.499999999999995115 ) ) ;
#646 = ORIENTED_EDGE ( 'NONE', *, *, #1379, .T. ) ;
#647 = ORIENTED_EDGE ( 'NONE', *, *, #1161, .F. ) ;
#648 = FACE_BOUND ( 'NONE', #247, .T. ) ;
#649 = EDGE_CURVE ( 'NONE', #691, #592, #154, .T. ) ;
#650 = ORIENTED_EDGE ( 'NONE', *, *, #1019, .F. ) ;
#651 = DIRECTION ( 'NONE',  ( -0.000000000000000000, -1.000000000000000000, 0.000000000000000000 ) ) ;
#652 = CARTESIAN_POINT ( 'NONE',  ( 8.500000000000000000, -2.000000000000003553, 1.500000000000000666 ) ) ;
#653 = PLANE ( 'NONE',  #1811 ) ;
#654 = ORIENTED_EDGE ( 'NONE', *, *, #1670, .F. ) ;
#655 = DIRECTION ( 'NONE',  ( 0.000000000000000000, 0.000000000000000000, 1.000000000000000000 ) ) ;
#656 = EDGE_CURVE ( 'NONE', #42, #1691, #1294, .T. ) ;
#657 = DIRECTION ( 'NONE',  ( 1.000000000000000000, 0.000000000000000000, 0.000000000000000000 ) ) ;
#658 = AXIS2_PLACEMENT_3D ( 'NONE', #832, #670, #1599 ) ;
#659 = ORIENTED_EDGE ( 'NONE', *, *, #1023, .T. ) ;
#660 = EDGE_CURVE ( 'NONE', #1858, #1668, #37, .T. ) ;
#661 = EDGE_LOOP ( 'NONE', ( #477, #659, #1187, #845, #934, #455, #1663, #1369, #518 ) ) ;
#662 = DIRECTION ( 'NONE',  ( 0.000000000000000000, 1.000000000000000000, 0.000000000000000000 ) ) ;
#663 = CARTESIAN_POINT ( 'NONE',  ( -13.42532682561041035, 12.62802025117206561, 0.8364444688703025488 ) ) ;
#664 = ORIENTED_EDGE ( 'NONE', *, *, #2022, .T. ) ;
#665 = CARTESIAN_POINT ( 'NONE',  ( 2.755455298081544778E-15, -3.000000000000000000, -10.00000000000000000 ) ) ;
#666 = LINE ( 'NONE', #1441, #267 ) ;
#667 = EDGE_CURVE ( 'NONE', #1131, #1984, #945, .T. ) ;
#668 = VECTOR ( 'NONE', #1382, 1000.000000000000000 ) ;
#669 = VERTEX_POINT ( 'NONE', #312 ) ;
#670 = DIRECTION ( 'NONE',  ( 0.000000000000000000, -1.000000000000000000, 0.000000000000000000 ) ) ;
#671 = DIRECTION ( 'NONE',  ( 0.000000000000000000, 0.000000000000000000, -1.000000000000000000 ) ) ;
#672 = ORIENTED_EDGE ( 'NONE', *, *, #341, .T. ) ;
#673 = VECTOR ( 'NONE', #218, 1000.000000000000000 ) ;
#674 = CARTESIAN_POINT ( 'NONE',  ( -8.500000000000000000, -3.000000000000000000, 0.000000000000000000 ) ) ;
#675 = AXIS2_PLACEMENT_3D ( 'NONE', #219, #197, #1458 ) ;
#676 = ORIENTED_EDGE ( 'NONE', *, *, #1587, .F. ) ;
#677 = DIRECTION ( 'NONE',  ( 1.000000000000000000, -0.000000000000000000, 0.000000000000000000 ) ) ;
#678 = DIRECTION ( 'NONE',  ( 0.000000000000000000, 0.000000000000000000, 1.000000000000000000 ) ) ;
#679 = EDGE_CURVE ( 'NONE', #756, #1112, #901, .T. ) ;
#680 = ORIENTED_EDGE ( 'NONE', *, *, #1443, .T. ) ;
#681 = DIRECTION ( 'NONE',  ( 1.000000000000000000, 0.000000000000000000, 0.000000000000000000 ) ) ;
#682 = CARTESIAN_POINT ( 'NONE',  ( 8.500000000000000000, 0.000000000000000000, 0.000000000000000000 ) ) ;
#683 = ORIENTED_EDGE ( 'NONE', *, *, #531, .T. ) ;
#684 = CARTESIAN_POINT ( 'NONE',  ( 13.37430847481667939, 12.97470295737937285, 1.676357381729577822 ) ) ;
#685 = DIRECTION ( 'NONE',  ( 0.000000000000000000, 0.000000000000000000, 1.000000000000000000 ) ) ;
#686 = CARTESIAN_POINT ( 'NONE',  ( 2.571758278209441661E-15, -3.000000000000000000, -8.500000000000000000 ) ) ;
#687 = AXIS2_PLACEMENT_3D ( 'NONE', #947, #146, #2018 ) ;
#688 = CIRCLE ( 'NONE', #594, 2.000000000000000000 ) ;
#689 = AXIS2_PLACEMENT_3D ( 'NONE', #1260, #762, #1125 ) ;
#690 = VECTOR ( 'NONE', #1816, 1000.000000000000000 ) ;
#691 = VERTEX_POINT ( 'NONE', #1570 ) ;
#692 = PRODUCT ( 'mounting_motor', 'mounting_motor', '', ( #818 ) ) ;
#693 = CARTESIAN_POINT ( 'NONE',  ( -8.500000000000000000, -3.000000000000000000, 0.000000000000000000 ) ) ;
#694 = DIRECTION ( 'NONE',  ( 0.000000000000000000, 0.000000000000000000, 1.000000000000000000 ) ) ;
#695 = DIRECTION ( 'NONE',  ( 0.000000000000000000, 1.000000000000000000, 0.000000000000000000 ) ) ;
#696 = CARTESIAN_POINT ( 'NONE',  ( 0.000000000000000000, 5.000000000000000000, 0.000000000000000000 ) ) ;
#697 = VECTOR ( 'NONE', #1320, 1000.000000000000000 ) ;
#698 = PLANE ( 'NONE',  #326 ) ;
#699 = DIRECTION ( 'NONE',  ( -1.000000000000000000, 0.000000000000000000, 0.000000000000000000 ) ) ;
#700 = VECTOR ( 'NONE', #1057, 1000.000000000000000 ) ;
#701 = ORIENTED_EDGE ( 'NONE', *, *, #223, .F. ) ;
#702 = CARTESIAN_POINT ( 'NONE',  ( 2.571758278209441661E-15, -3.000000000000000000, -8.500000000000000000 ) ) ;
#703 = EDGE_CURVE ( 'NONE', #1729, #756, #1346, .T. ) ;
#704 = B_SPLINE_CURVE_WITH_KNOTS ( 'NONE', 3,
 ( #1589, #33, #360, #53, #24, #1269 ),
 .UNSPECIFIED., .F., .F.,
 ( 4, 2, 4 ),
 ( 0.000000000000000000, 0.5000000000000000000, 1.000000000000000000 ),
 .UNSPECIFIED. ) ;
#705 = CARTESIAN_POINT ( 'NONE',  ( 0.000000000000000000, -3.000000000000000000, -15.00000000000000178 ) ) ;
#706 = CARTESIAN_POINT ( 'NONE',  ( 12.45637863829924008, 11.48776947694543082, 1.043400096587126846 ) ) ;
#707 = CARTESIAN_POINT ( 'NONE',  ( 13.46291201783626335, 4.962912017836258904, 0.000000000000000000 ) ) ;
#708 = CARTESIAN_POINT ( 'NONE',  ( 0.000000000000000000, -3.000000000000002665, 12.50000000000000000 ) ) ;
#709 = AXIS2_PLACEMENT_3D ( 'NONE', #546, #535, #361 ) ;
#710 = EDGE_CURVE ( 'NONE', #1117, #1583, #478, .T. ) ;
#711 = VERTEX_POINT ( 'NONE', #1120 ) ;
#712 = CYLINDRICAL_SURFACE ( 'NONE', #1826, 2.000000000000000000 ) ;
#713 = PLANE ( 'NONE',  #1240 ) ;
#714 = CARTESIAN_POINT ( 'NONE',  ( -21.99999999999999645, 13.00000000000000178, 17.50000000000000000 ) ) ;
#715 = CARTESIAN_POINT ( 'NONE',  ( -13.39916167703507277, 12.87151178694278642, 1.294013053856098550 ) ) ;
#716 = CARTESIAN_POINT ( 'NONE',  ( 12.43326411066109571, 11.79567162529905922, 1.290159403863958998 ) ) ;
#717 = DIRECTION ( 'NONE',  ( -0.000000000000000000, 1.000000000000000000, -0.000000000000000000 ) ) ;
#718 = CARTESIAN_POINT ( 'NONE',  ( -12.46111934767854201, 11.35361350941111169, 0.9852118058963839076 ) ) ;
#719 = EDGE_CURVE ( 'NONE', #1365, #51, #1739, .T. ) ;
#720 = CIRCLE ( 'NONE', #1856, 1.499999999999999556 ) ;
#721 = EDGE_LOOP ( 'NONE', ( #683, #2000 ) ) ;
#722 = DIRECTION ( 'NONE',  ( -0.000000000000000000, 1.000000000000000000, -0.000000000000000000 ) ) ;
#723 = COLOUR_RGB ( '',0.7921568627450980005, 0.8196078431372548767, 0.9333333333333333481 ) ;
#724 = CARTESIAN_POINT ( 'NONE',  ( -19.50000000000000000, 4.999999999999997335, 13.49999999999998579 ) ) ;
#725 = AXIS2_PLACEMENT_3D ( 'NONE', #1932, #545, #1783 ) ;
#726 = CARTESIAN_POINT ( 'NONE',  ( 0.000000000000000000, 0.000000000000000000, 0.000000000000000000 ) ) ;
#727 = DIRECTION ( 'NONE',  ( 0.000000000000000000, 1.000000000000000000, 0.000000000000000000 ) ) ;
#728 = CARTESIAN_POINT ( 'NONE',  ( 13.35102992281869483, 13.00000000000000178, 2.000000000000000000 ) ) ;
#729 = ORIENTED_EDGE ( 'NONE', *, *, #376, .F. ) ;
#730 = DIRECTION ( 'NONE',  ( 1.000000000000000000, 0.000000000000000000, -9.912705577010325549E-17 ) ) ;
#731 = CARTESIAN_POINT ( 'NONE',  ( -12.44448760052663161, 11.68539385292135080, 1.176941343080179170 ) ) ;
#732 = EDGE_CURVE ( 'NONE', #313, #332, #800, .T. ) ;
#733 = B_SPLINE_CURVE_WITH_KNOTS ( 'NONE', 1,
 ( #1003, #990 ),
 .UNSPECIFIED., .F., .F.,
 ( 2, 2 ),
 ( 0.000000000000000000, 1.000000000000000000 ),
 .UNSPECIFIED. ) ;
#734 = ORIENTED_EDGE ( 'NONE', *, *, #732, .T. ) ;
#735 = EDGE_CURVE ( 'NONE', #42, #1474, #542, .T. ) ;
#736 = DIRECTION ( 'NONE',  ( 0.000000000000000000, 0.000000000000000000, 1.000000000000000000 ) ) ;
#737 = VECTOR ( 'NONE', #677, 1000.000000000000000 ) ;
#738 = EDGE_CURVE ( 'NONE', #691, #806, #1032, .T. ) ;
#739 = AXIS2_PLACEMENT_3D ( 'NONE', #1927, #1480, #699 ) ;
#740 = DIRECTION ( 'NONE',  ( -0.000000000000000000, -0.000000000000000000, -1.000000000000000000 ) ) ;
#741 = CARTESIAN_POINT ( 'NONE',  ( -21.99999999999998934, 4.999999999999997335, 12.50000000000000000 ) ) ;
#742 = EDGE_LOOP ( 'NONE', ( #1654, #487 ) ) ;
#743 = CARTESIAN_POINT ( 'NONE',  ( 0.000000000000000000, -3.000000000000000000, 0.000000000000000000 ) ) ;
#744 = CARTESIAN_POINT ( 'NONE',  ( -13.44210925325758765, 12.32238127314068876, 0.4981136709426631781 ) ) ;
#745 = CYLINDRICAL_SURFACE ( 'NONE', #1893, 2.000000000000000000 ) ;
#746 = ORIENTED_EDGE ( 'NONE', *, *, #490, .T. ) ;
#747 = AXIS2_PLACEMENT_3D ( 'NONE', #696, #1314, #220 ) ;
#748 = ORIENTED_EDGE ( 'NONE', *, *, #994, .T. ) ;
#749 = DIRECTION ( 'NONE',  ( -1.000000000000000000, 0.000000000000000000, 0.000000000000000000 ) ) ;
#750 = CARTESIAN_POINT ( 'NONE',  ( 8.500000000000000000, -3.000000000000000000, 2.499999999999995115 ) ) ;
#751 = LINE ( 'NONE', #1974, #1371 ) ;
#752 = VERTEX_POINT ( 'NONE', #1067 ) ;
#753 = CARTESIAN_POINT ( 'NONE',  ( -8.500000000000000000, -3.000000000000000000, 1.499999999999999556 ) ) ;
#754 = CARTESIAN_POINT ( 'NONE',  ( -13.46291201783626335, 11.00000000000000178, 0.000000000000000000 ) ) ;
#755 = PLANE ( 'NONE',  #1701 ) ;
#756 = VERTEX_POINT ( 'NONE', #416 ) ;
#757 = AXIS2_PLACEMENT_3D ( 'NONE', #1722, #504, #336 ) ;
#758 = DIRECTION ( 'NONE',  ( 0.000000000000000000, 0.000000000000000000, -1.000000000000000000 ) ) ;
#759 = CIRCLE ( 'NONE', #466, 1.500000000000000666 ) ;
#760 = ADVANCED_FACE ( 'NONE', ( #1693 ), #427, .F. ) ;
#761 = VECTOR ( 'NONE', #461, 1000.000000000000000 ) ;
#762 = DIRECTION ( 'NONE',  ( 0.6804138174397731387, -0.000000000000000000, 0.7328281087929386928 ) ) ;
#763 = CARTESIAN_POINT ( 'NONE',  ( -22.00000000000000000, -1.000000000000000000, 12.50000000000000000 ) ) ;
#764 = VECTOR ( 'NONE', #423, 1000.000000000000000 ) ;
#765 = ORIENTED_EDGE ( 'NONE', *, *, #1393, .T. ) ;
#766 = ORIENTED_EDGE ( 'NONE', *, *, #460, .F. ) ;
#767 = ORIENTED_EDGE ( 'NONE', *, *, #1958, .F. ) ;
#768 = LINE ( 'NONE', #305, #668 ) ;
#769 = CARTESIAN_POINT ( 'NONE',  ( 2.571758278209441661E-15, -3.000000000000000000, -8.500000000000000000 ) ) ;
#770 = LINE ( 'NONE', #1395, #1971 ) ;
#771 = ORIENTED_EDGE ( 'NONE', *, *, #1670, .T. ) ;
#772 = EDGE_LOOP ( 'NONE', ( #1066, #489, #1082, #729 ) ) ;
#773 = CARTESIAN_POINT ( 'NONE',  ( 0.000000000000000000, -3.000000000000000000, 0.000000000000000000 ) ) ;
#774 = ORIENTED_EDGE ( 'NONE', *, *, #299, .T. ) ;
#775 = EDGE_CURVE ( 'NONE', #1568, #904, #81, .T. ) ;
#776 = DIRECTION ( 'NONE',  ( -0.000000000000000000, -1.000000000000000000, 0.000000000000000000 ) ) ;
#777 = CYLINDRICAL_SURFACE ( 'NONE', #1733, 3.549999999999999822 ) ;
#778 = AXIS2_PLACEMENT_3D ( 'NONE', #1914, #1593, #1887 ) ;
#779 = CARTESIAN_POINT ( 'NONE',  ( 13.44719717209543219, 12.18288577133561468, 0.3860562951830247558 ) ) ;
#780 = DIRECTION ( 'NONE',  ( 9.912705577010328015E-17, -0.000000000000000000, -1.000000000000000000 ) ) ;
#781 = ORIENTED_EDGE ( 'NONE', *, *, #1033, .T. ) ;
#782 = VERTEX_POINT ( 'NONE', #402 ) ;
#783 = ORIENTED_EDGE ( 'NONE', *, *, #1802, .T. ) ;
#784 = DIRECTION ( 'NONE',  ( -0.000000000000000000, 1.000000000000000000, -0.000000000000000000 ) ) ;
#785 = CARTESIAN_POINT ( 'NONE',  ( 2.571758278209441661E-15, -3.000000000000000000, -7.000000000000000888 ) ) ;
#786 = EDGE_CURVE ( 'NONE', #1707, #309, #1126, .T. ) ;
#787 = VECTOR ( 'NONE', #1363, 1000.000000000000000 ) ;
#788 = CARTESIAN_POINT ( 'NONE',  ( 12.36206474335063810, 11.99999999999999467, 1.851851851851850306 ) ) ;
#789 = CARTESIAN_POINT ( 'NONE',  ( -13.42090629596809848, 12.68271394871963764, 0.9185372848217592257 ) ) ;
#790 = ORIENTED_EDGE ( 'NONE', *, *, #1374, .T. ) ;
#791 = AXIS2_PLACEMENT_3D ( 'NONE', #929, #2019, #1850 ) ;
#792 = EDGE_LOOP ( 'NONE', ( #1053, #899, #1614, #1070 ) ) ;
#793 = DIRECTION ( 'NONE',  ( -9.912705577010328015E-17, 0.000000000000000000, -1.000000000000000000 ) ) ;
#794 = ORIENTED_EDGE ( 'NONE', *, *, #1900, .F. ) ;
#795 = LINE ( 'NONE', #1730, #1268 ) ;
#796 = DIRECTION ( 'NONE',  ( -0.000000000000000000, 1.000000000000000000, -0.000000000000000000 ) ) ;
#797 = CIRCLE ( 'NONE', #1672, 12.50000000000000000 ) ;
#798 = EDGE_CURVE ( 'NONE', #782, #1691, #1744, .T. ) ;
#799 = PLANE ( 'NONE',  #689 ) ;
#800 = CIRCLE ( 'NONE', #265, 1.499999999999999556 ) ;
#801 = ADVANCED_FACE ( 'NONE', ( #252 ), #869, .F. ) ;
#802 = CARTESIAN_POINT ( 'NONE',  ( -13.36993031664479226, 12.98403856298591030, 1.739538383951223954 ) ) ;
#803 = ORIENTED_EDGE ( 'NONE', *, *, #215, .T. ) ;
#804 = VERTEX_POINT ( 'NONE', #1361 ) ;
#805 = DIRECTION ( 'NONE',  ( 0.000000000000000000, 0.000000000000000000, 1.000000000000000000 ) ) ;
#806 = VERTEX_POINT ( 'NONE', #1960 ) ;
#807 = DIRECTION ( 'NONE',  ( 0.000000000000000000, 0.000000000000000000, -1.000000000000000000 ) ) ;
#808 = CIRCLE ( 'NONE', #614, 1.499999999999999556 ) ;
#809 = EDGE_CURVE ( 'NONE', #1116, #1112, #181, .T. ) ;
#810 = DIRECTION ( 'NONE',  ( 0.000000000000000000, 0.000000000000000000, 1.000000000000000000 ) ) ;
#811 = CARTESIAN_POINT ( 'NONE',  ( -13.39902321892119019, 12.87339586626017862, 1.296719653163171282 ) ) ;
#812 = VERTEX_POINT ( 'NONE', #1682 ) ;
#813 = ORIENTED_EDGE ( 'NONE', *, *, #667, .T. ) ;
#814 = EDGE_CURVE ( 'NONE', #1431, #885, #557, .T. ) ;
#815 = CARTESIAN_POINT ( 'NONE',  ( -12.42588326890018102, 11.89325708711420049, 1.370109947357492475 ) ) ;
#816 = DIRECTION ( 'NONE',  ( -0.000000000000000000, -1.000000000000000000, 0.000000000000000000 ) ) ;
#817 = ORIENTED_EDGE ( 'NONE', *, *, #1994, .F. ) ;
#818 = PRODUCT_CONTEXT ( 'NONE', #1929, 'mechanical' ) ;
#819 = EDGE_LOOP ( 'NONE', ( #206, #92, #26, #1675, #1453 ) ) ;
#820 = DIRECTION ( 'NONE',  ( 0.000000000000000000, 0.000000000000000000, 1.000000000000000000 ) ) ;
#821 = DIRECTION ( 'NONE',  ( 0.000000000000000000, 0.000000000000000000, 1.000000000000000000 ) ) ;
#822 = VECTOR ( 'NONE', #928, 1000.000000000000000 ) ;
#823 = EDGE_CURVE ( 'NONE', #913, #1729, #264, .T. ) ;
#824 = ORIENTED_EDGE ( 'NONE', *, *, #710, .T. ) ;
#825 = CARTESIAN_POINT ( 'NONE',  ( 15.00000000000000000, 13.00000000000000178, 10.50000000000000000 ) ) ;
#826 = ADVANCED_FACE ( 'NONE', ( #1819 ), #274, .F. ) ;
#827 = CARTESIAN_POINT ( 'NONE',  ( -15.00000000000000000, -3.000000000000002665, 10.50000000000000000 ) ) ;
#828 = CIRCLE ( 'NONE', #839, 3.549999999999999822 ) ;
#829 = VECTOR ( 'NONE', #681, 1000.000000000000000 ) ;
#830 = ORIENTED_EDGE ( 'NONE', *, *, #1219, .T. ) ;
#831 = ORIENTED_EDGE ( 'NONE', *, *, #1393, .F. ) ;
#832 = CARTESIAN_POINT ( 'NONE',  ( -17.00000000000000000, 13.00000000000000178, 10.50000000000000000 ) ) ;
#833 = DIRECTION ( 'NONE',  ( -0.000000000000000000, -1.000000000000000000, -0.000000000000000000 ) ) ;
#834 = ORIENTED_EDGE ( 'NONE', *, *, #1279, .T. ) ;
#835 = FACE_OUTER_BOUND ( 'NONE', #894, .T. ) ;
#836 = ADVANCED_FACE ( 'NONE', ( #584 ), #1840, .F. ) ;
#837 = VERTEX_POINT ( 'NONE', #890 ) ;
#838 = FACE_OUTER_BOUND ( 'NONE', #1224, .T. ) ;
#839 = AXIS2_PLACEMENT_3D ( 'NONE', #773, #1509, #2007 ) ;
#840 = AXIS2_PLACEMENT_3D ( 'NONE', #1230, #1723, #1249 ) ;
#841 = ADVANCED_FACE ( 'NONE', ( #1372 ), #712, .F. ) ;
#842 = ORIENTED_EDGE ( 'NONE', *, *, #925, .F. ) ;
#843 = CARTESIAN_POINT ( 'NONE',  ( 15.00000000000000178, -3.000000000000002665, 0.000000000000000000 ) ) ;
#844 = DIRECTION ( 'NONE',  ( -0.000000000000000000, -1.000000000000000000, -0.000000000000000000 ) ) ;
#845 = ORIENTED_EDGE ( 'NONE', *, *, #1228, .T. ) ;
#846 = AXIS2_PLACEMENT_3D ( 'NONE', #922, #1674, #1822 ) ;
#847 = LINE ( 'NONE', #665, #213 ) ;
#848 = CARTESIAN_POINT ( 'NONE',  ( 12.38361895816341907, 11.98735147868995021, 1.702017306357543447 ) ) ;
#849 = DIRECTION ( 'NONE',  ( -0.000000000000000000, -1.000000000000000000, -0.000000000000000000 ) ) ;
#850 = CARTESIAN_POINT ( 'NONE',  ( -12.46554659633902595, 11.06598130811645930, 0.9274465049802742556 ) ) ;
#851 = CARTESIAN_POINT ( 'NONE',  ( -13.38375292612949785, 12.94648188479011175, 1.535815242107264833 ) ) ;
#852 = ADVANCED_FACE ( 'NONE', ( #1078 ), #72, .T. ) ;
#853 = EDGE_CURVE ( 'NONE', #1365, #1763, #52, .T. ) ;
#854 = ORIENTED_EDGE ( 'NONE', *, *, #1829, .F. ) ;
#855 = DIRECTION ( 'NONE',  ( 0.000000000000000000, 0.000000000000000000, 1.000000000000000000 ) ) ;
#856 = CARTESIAN_POINT ( 'NONE',  ( 1.530808498934191521E-15, 5.000000000000000000, 12.50000000000000000 ) ) ;
#857 = CARTESIAN_POINT ( 'NONE',  ( 8.500000000000000000, -3.000000000000000000, -2.499999999999995115 ) ) ;
#858 = CARTESIAN_POINT ( 'NONE',  ( 12.37100396418525250, 11.99839406494429639, 1.791416051395188447 ) ) ;
#859 = CARTESIAN_POINT ( 'NONE',  ( -15.00000000000000178, 13.00000000000000178, 1.486905836551548882E-15 ) ) ;
#860 = DIRECTION ( 'NONE',  ( 0.7071067811865483499, 8.659560562354942719E-17, -0.7071067811865466846 ) ) ;
#861 = EDGE_LOOP ( 'NONE', ( #1737, #196, #1547, #348 ) ) ;
#862 = CIRCLE ( 'NONE', #1565, 12.50000000000000000 ) ;
#863 = FACE_OUTER_BOUND ( 'NONE', #142, .T. ) ;
#864 = CARTESIAN_POINT ( 'NONE',  ( 0.000000000000000000, 5.000000000000000000, 0.000000000000000000 ) ) ;
#865 = ADVANCED_FACE ( 'NONE', ( #137 ), #1631, .F. ) ;
#866 = CARTESIAN_POINT ( 'NONE',  ( 12.46554657291181023, 11.06608658572585213, 0.9274469273329378760 ) ) ;
#867 = DIRECTION ( 'NONE',  ( 6.938893903907228378E-16, 0.000000000000000000, 1.000000000000000000 ) ) ;
#868 = DIRECTION ( 'NONE',  ( -0.000000000000000000, -1.000000000000000000, -0.000000000000000000 ) ) ;
#869 = CONICAL_SURFACE ( 'NONE', #1678, 1.500000000000001332, 0.7853981633974495002 ) ;
#870 = ORIENTED_EDGE ( 'NONE', *, *, #341, .F. ) ;
#871 = CARTESIAN_POINT ( 'NONE',  ( -13.02137486299600688, 12.66666666666666607, 1.950617283950611291 ) ) ;
#872 = CARTESIAN_POINT ( 'NONE',  ( 2.571758278209441661E-15, -3.000000000000000000, -10.99999999999999645 ) ) ;
#873 = FACE_BOUND ( 'NONE', #742, .T. ) ;
#874 = CARTESIAN_POINT ( 'NONE',  ( 13.38288943070278592, 12.94962121967063595, 1.549252694897969462 ) ) ;
#875 = DIRECTION ( 'NONE',  ( -0.000000000000000000, 1.000000000000000000, -0.000000000000000000 ) ) ;
#876 = CARTESIAN_POINT ( 'NONE',  ( -12.46565915569460437, 11.03313072963529606, 0.9259267746904974450 ) ) ;
#877 = VECTOR ( 'NONE', #277, 1000.000000000000000 ) ;
#878 = EDGE_LOOP ( 'NONE', ( #364, #1901, #1969, #2005 ) ) ;
#879 = CARTESIAN_POINT ( 'NONE',  ( -21.99999999999999645, 11.00000000000000178, 17.50000000000000000 ) ) ;
#880 = DIRECTION ( 'NONE',  ( 8.659560562354926695E-17, -0.7071067811865479058, 0.7071067811865470176 ) ) ;
#881 = CARTESIAN_POINT ( 'NONE',  ( 17.00000000000000000, 13.00000000000000178, 12.50000000000000000 ) ) ;
#882 = CARTESIAN_POINT ( 'NONE',  ( -13.46291147041706537, 11.27969688410199645, -8.959726286512586380E-17 ) ) ;
#883 = EDGE_CURVE ( 'NONE', #2014, #352, #482, .T. ) ;
#884 = CARTESIAN_POINT ( 'NONE',  ( 12.46475948854620519, 11.16419989713020122, 0.9379803593379608673 ) ) ;
#885 = VERTEX_POINT ( 'NONE', #1553 ) ;
#886 = LINE ( 'NONE', #539, #623 ) ;
#887 = CARTESIAN_POINT ( 'NONE',  ( -12.45925217483849856, 11.41421366569529994, 1.008549257953189837 ) ) ;
#888 = AXIS2_PLACEMENT_3D ( 'NONE', #1148, #998, #678 ) ;
#889 = ORIENTED_EDGE ( 'NONE', *, *, #58, .F. ) ;
#890 = CARTESIAN_POINT ( 'NONE',  ( -8.500000000000000000, -3.000000000000000000, -2.499999999999995115 ) ) ;
#891 = AXIS2_PLACEMENT_3D ( 'NONE', #674, #1738, #519 ) ;
#892 = DIRECTION ( 'NONE',  ( -6.938893903907228378E-16, 0.000000000000000000, -1.000000000000000000 ) ) ;
#893 = CARTESIAN_POINT ( 'NONE',  ( 2.877919977996279531E-15, -3.000000000000000000, -6.000000000000005329 ) ) ;
#894 = EDGE_LOOP ( 'NONE', ( #532, #1236, #1254, #29 ) ) ;
#895 = CYLINDRICAL_SURFACE ( 'NONE', #1271, 1.500000000000001332 ) ;
#896 = CARTESIAN_POINT ( 'NONE',  ( -13.44590513380196661, 12.21984052653351327, 0.4147319289143779342 ) ) ;
#897 = DIRECTION ( 'NONE',  ( 0.000000000000000000, 1.000000000000000000, -0.000000000000000000 ) ) ;
#898 = VERTEX_POINT ( 'NONE', #1881 ) ;
#899 = ORIENTED_EDGE ( 'NONE', *, *, #1986, .F. ) ;
#900 = CARTESIAN_POINT ( 'NONE',  ( -13.13440326391573088, 4.634403263915724658, 0.3050127207669784957 ) ) ;
#901 = CIRCLE ( 'NONE', #639, 13.50000000000000178 ) ;
#902 = DIRECTION ( 'NONE',  ( 0.000000000000000000, 0.000000000000000000, -1.000000000000000000 ) ) ;
#903 = CARTESIAN_POINT ( 'NONE',  ( 13.46095458038597137, 11.45819774726676066, 0.05206692450020128371 ) ) ;
#904 = VERTEX_POINT ( 'NONE', #5 ) ;
#905 = CARTESIAN_POINT ( 'NONE',  ( 2.571758278209441661E-15, -3.000000000000000000, -10.99999999999999645 ) ) ;
#906 = CARTESIAN_POINT ( 'NONE',  ( -12.42097175798646624, 11.87506295619368224, 1.403439261027833229 ) ) ;
#907 = FILL_AREA_STYLE_COLOUR ( '', #723 ) ;
#908 = ORIENTED_EDGE ( 'NONE', *, *, #366, .T. ) ;
#909 = EDGE_CURVE ( 'NONE', #332, #1681, #1861, .T. ) ;
#910 = CARTESIAN_POINT ( 'NONE',  ( -12.46565927577431410, 3.999999999999994227, 0.9259259259259329244 ) ) ;
#911 = CARTESIAN_POINT ( 'NONE',  ( -13.43729738555251529, 12.42766483891342943, 0.5992830904722106222 ) ) ;
#912 = CARTESIAN_POINT ( 'NONE',  ( 13.45797821238203973, 11.70922042247694428, 0.1288319365760417501 ) ) ;
#913 = VERTEX_POINT ( 'NONE', #1085 ) ;
#914 = CARTESIAN_POINT ( 'NONE',  ( -13.45485157931134879, 11.88756686872239854, 0.2065435680771366689 ) ) ;
#915 = ORIENTED_EDGE ( 'NONE', *, *, #322, .T. ) ;
#916 = CARTESIAN_POINT ( 'NONE',  ( 19.50000000000000355, 5.000000000000000888, 13.49999999999998579 ) ) ;
#917 = ORIENTED_EDGE ( 'NONE', *, *, #1132, .F. ) ;
#918 = DIRECTION ( 'NONE',  ( 0.000000000000000000, 0.000000000000000000, -1.000000000000000000 ) ) ;
#919 = AXIS2_PLACEMENT_3D ( 'NONE', #1049, #258, #1976 ) ;
#920 = CIRCLE ( 'NONE', #1827, 2.499999999999988454 ) ;
#921 = CARTESIAN_POINT ( 'NONE',  ( 13.44274502349070310, 12.30502269442774832, 0.4841207172558710803 ) ) ;
#922 = CARTESIAN_POINT ( 'NONE',  ( 0.000000000000000000, 13.00000000000000178, 0.000000000000000000 ) ) ;
#923 = ORIENTED_EDGE ( 'NONE', *, *, #987, .F. ) ;
#924 = ORIENTED_EDGE ( 'NONE', *, *, #933, .F. ) ;
#925 = EDGE_CURVE ( 'NONE', #984, #62, #506, .T. ) ;
#926 = LINE ( 'NONE', #1388, #562 ) ;
#927 = ORIENTED_EDGE ( 'NONE', *, *, #50, .F. ) ;
#928 = DIRECTION ( 'NONE',  ( -6.938893903907228378E-16, -0.000000000000000000, -1.000000000000000000 ) ) ;
#929 = CARTESIAN_POINT ( 'NONE',  ( 0.000000000000000000, 3.999999999999994227, 0.000000000000000000 ) ) ;
#930 = DIRECTION ( 'NONE',  ( 0.000000000000000000, 0.000000000000000000, 1.000000000000000000 ) ) ;
#931 = DIRECTION ( 'NONE',  ( -0.7071067811865483499, 0.000000000000000000, -0.7071067811865466846 ) ) ;
#932 = ORIENTED_EDGE ( 'NONE', *, *, #214, .F. ) ;
#933 = EDGE_CURVE ( 'NONE', #262, #298, #493, .T. ) ;
#934 = ORIENTED_EDGE ( 'NONE', *, *, #738, .T. ) ;
#935 = EDGE_CURVE ( 'NONE', #1417, #1707, #948, .T. ) ;
#936 = FACE_OUTER_BOUND ( 'NONE', #496, .T. ) ;
#937 = ORIENTED_EDGE ( 'NONE', *, *, #1981, .F. ) ;
#938 = DIRECTION ( 'NONE',  ( 0.000000000000000000, 1.000000000000000000, 0.000000000000000000 ) ) ;
#939 = AXIS2_PLACEMENT_3D ( 'NONE', #1164, #1784, #1298 ) ;
#940 = AXIS2_PLACEMENT_3D ( 'NONE', #36, #1006, #1604 ) ;
#941 = LINE ( 'NONE', #1566, #1087 ) ;
#942 = DIRECTION ( 'NONE',  ( -1.000000000000000000, 0.000000000000000000, 0.000000000000000000 ) ) ;
#943 = ORIENTED_EDGE ( 'NONE', *, *, #987, .T. ) ;
#944 = EDGE_LOOP ( 'NONE', ( #1398, #1598, #426, #1198 ) ) ;
#945 = LINE ( 'NONE', #1720, #200 ) ;
#946 = ORIENTED_EDGE ( 'NONE', *, *, #1463, .T. ) ;
#947 = CARTESIAN_POINT ( 'NONE',  ( 8.500000000000000000, -3.000000000000000000, 0.000000000000000000 ) ) ;
#948 = LINE ( 'NONE', #1124, #1302 ) ;
#949 = EDGE_CURVE ( 'NONE', #609, #756, #1541, .T. ) ;
#950 = CARTESIAN_POINT ( 'NONE',  ( 18.00000000000000355, 5.000000000000000888, 13.49999999999998579 ) ) ;
#951 = DIRECTION ( 'NONE',  ( -1.000000000000000000, 0.000000000000000000, 0.000000000000000000 ) ) ;
#952 = ORIENTED_EDGE ( 'NONE', *, *, #1423, .F. ) ;
#953 = AXIS2_PLACEMENT_3D ( 'NONE', #294, #1731, #1267 ) ;
#954 = AXIS2_PLACEMENT_3D ( 'NONE', #1455, #185, #1281 ) ;
#955 = VERTEX_POINT ( 'NONE', #1400 ) ;
#956 = VECTOR ( 'NONE', #528, 1000.000000000000000 ) ;
#957 = DIRECTION ( 'NONE',  ( 0.000000000000000000, 0.000000000000000000, 1.000000000000000000 ) ) ;
#958 = ORIENTED_EDGE ( 'NONE', *, *, #994, .F. ) ;
#959 = CARTESIAN_POINT ( 'NONE',  ( 21.00000000000000355, 5.000000000000000888, 21.74264068711928743 ) ) ;
#960 = FACE_OUTER_BOUND ( 'NONE', #1084, .T. ) ;
#961 = CIRCLE ( 'NONE', #91, 2.499999999999988454 ) ;
#962 = CYLINDRICAL_SURFACE ( 'NONE', #21, 1.499999999999999556 ) ;
#963 = AXIS2_PLACEMENT_3D ( 'NONE', #1658, #1338, #749 ) ;
#964 = DIRECTION ( 'NONE',  ( -0.000000000000000000, -0.000000000000000000, -1.000000000000000000 ) ) ;
#965 = ORIENTED_EDGE ( 'NONE', *, *, #1401, .F. ) ;
#966 = ORIENTED_EDGE ( 'NONE', *, *, #775, .F. ) ;
#967 = DIRECTION ( 'NONE',  ( 1.000000000000000000, 0.000000000000000000, -6.938893903907228378E-16 ) ) ;
#968 = DIRECTION ( 'NONE',  ( -1.000000000000000000, 0.000000000000000000, -0.000000000000000000 ) ) ;
#969 = ORIENTED_EDGE ( 'NONE', *, *, #1401, .T. ) ;
#970 = LINE ( 'NONE', #708, #574 ) ;
#971 = CIRCLE ( 'NONE', #1133, 1.499999999999999556 ) ;
#972 = ORIENTED_EDGE ( 'NONE', *, *, #1086, .F. ) ;
#973 = CARTESIAN_POINT ( 'NONE',  ( 2.571758278209441661E-15, 0.000000000000000000, -7.000000000000000888 ) ) ;
#974 = CARTESIAN_POINT ( 'NONE',  ( 22.00000000000000355, -1.000000000000000888, 12.50000000000000000 ) ) ;
#975 = ORIENTED_EDGE ( 'NONE', *, *, #160, .F. ) ;
#976 = LINE ( 'NONE', #1448, #1549 ) ;
#977 = DIRECTION ( 'NONE',  ( 0.000000000000000000, 0.000000000000000000, 1.000000000000000000 ) ) ;
#978 = ORIENTED_EDGE ( 'NONE', *, *, #823, .T. ) ;
#979 = EDGE_CURVE ( 'NONE', #1146, #32, #1468, .T. ) ;
#980 = EDGE_LOOP ( 'NONE', ( #288, #145, #1607, #654, #1686, #927, #2025 ) ) ;
#981 = CARTESIAN_POINT ( 'NONE',  ( 8.500000000000000000, -3.000000000000000000, 0.000000000000000000 ) ) ;
#982 = FACE_OUTER_BOUND ( 'NONE', #331, .T. ) ;
#983 = VECTOR ( 'NONE', #740, 1000.000000000000000 ) ;
#984 = VERTEX_POINT ( 'NONE', #1703 ) ;
#985 = DIRECTION ( 'NONE',  ( -0.000000000000000000, 1.000000000000000000, -0.000000000000000000 ) ) ;
#986 = CARTESIAN_POINT ( 'NONE',  ( -15.00000000000000178, -3.000000000000002665, 1.486905836551548882E-15 ) ) ;
#987 = EDGE_CURVE ( 'NONE', #319, #1490, #688, .T. ) ;
#988 = VECTOR ( 'NONE', #1135, 1000.000000000000000 ) ;
#989 = ORIENTED_EDGE ( 'NONE', *, *, #590, .T. ) ;
#990 = CARTESIAN_POINT ( 'NONE',  ( -13.46291201783626335, 11.00000000000000178, 0.000000000000000000 ) ) ;
#991 = DIRECTION ( 'NONE',  ( 0.000000000000000000, 1.000000000000000000, 0.000000000000000000 ) ) ;
#992 = ORIENTED_EDGE ( 'NONE', *, *, #933, .T. ) ;
#993 = CARTESIAN_POINT ( 'NONE',  ( -18.00000000000000000, 4.999999999999997335, 17.50000000000000000 ) ) ;
#994 = EDGE_CURVE ( 'NONE', #184, #1789, #429, .T. ) ;
#995 = CARTESIAN_POINT ( 'NONE',  ( 13.39502732965330623, 12.89633749036254251, 1.361096746234630395 ) ) ;
#996 = CARTESIAN_POINT ( 'NONE',  ( 13.46291201783626335, 13.00000000000000178, 0.000000000000000000 ) ) ;
#997 = AXIS2_PLACEMENT_3D ( 'NONE', #168, #334, #805 ) ;
#998 = DIRECTION ( 'NONE',  ( 0.000000000000000000, 1.000000000000000000, -0.000000000000000000 ) ) ;
#999 = ADVANCED_FACE ( 'NONE', ( #1562 ), #777, .F. ) ;
#1000 = CIRCLE ( 'NONE', #1808, 2.000000000000001776 ) ;
#1001 = B_SPLINE_CURVE_WITH_KNOTS ( 'NONE', 3,
 ( #1289, #1921, #1143, #194 ),
 .UNSPECIFIED., .F., .F.,
 ( 4, 4 ),
 ( 0.000000000000000000, 0.001667048711329509152 ),
 .UNSPECIFIED. ) ;
#1002 = ORIENTED_EDGE ( 'NONE', *, *, #490, .F. ) ;
#1003 = CARTESIAN_POINT ( 'NONE',  ( -12.46565927577431410, 11.00000000000000178, 0.9259259259259329244 ) ) ;
#1004 = DIRECTION ( 'NONE',  ( -0.000000000000000000, -1.000000000000000000, -0.000000000000000000 ) ) ;
#1005 = AXIS2_PLACEMENT_3D ( 'NONE', #287, #1836, #2004 ) ;
#1006 = DIRECTION ( 'NONE',  ( -0.000000000000000000, -1.000000000000000000, -0.000000000000000000 ) ) ;
#1007 = CARTESIAN_POINT ( 'NONE',  ( 13.40965011154349185, 12.79670552167029207, 1.119049857512099067 ) ) ;
#1008 = B_SPLINE_SURFACE_WITH_KNOTS ( 'NONE', 1, 3, ( 
 ( #1157, #386, #858, #408, #848, #1459, #1173, #1166, #1653, #1037, #236, #246, #1495, #1768, #716, #554, #548, #1925, #229, #1936, #1795, #1642, #1016, #1469, #706, #397, #1478, #1303, #1027, #1322, #1632, #884, #46, #866, #66, #86 ),
 ( #728, #1944, #537, #1778, #684, #874, #377, #995, #1964, #1624, #1007, #1487, #75, #1331, #1954, #567, #1342, #1184, #59, #1805, #577, #365, #1615, #208, #1090, #1193, #616, #912, #1364, #1376, #903, #1983, #597, #1213, #1524, #118 ) ),
 .UNSPECIFIED., .F., .F., .F.,
 ( 2, 2 ),
 ( 4, 2, 2, 2, 2, 2, 2, 2, 2, 2, 2, 2, 2, 2, 2, 2, 2, 4 ),
 ( 0.000000000000000000, 1.000000000000000000 ),
 ( 0.000000000000000000, 9.798310889777889676E-05, 0.0001959662177955577935, 0.0002939493266933367174, 0.0003919324355911155871, 0.0004899155444888945651, 0.0005878986533866734348, 0.0006858817622844523045, 0.0007838648711822311741, 0.0008818479800800101522, 0.0009798310889777891303, 0.001028822643426678674, 0.001077814197875568000, 0.001175797306773346870, 0.001273780415671125739, 0.001371763524568904609, 0.001469746633466683479, 0.001567729742364462348 ),
 .UNSPECIFIED. ) ;
#1009 = FACE_OUTER_BOUND ( 'NONE', #278, .T. ) ;
#1010 = CARTESIAN_POINT ( 'NONE',  ( -12.42676508885932840, 11.84135697435991652, 1.351174668899113973 ) ) ;
#1011 = ADVANCED_FACE ( 'NONE', ( #960 ), #2001, .T. ) ;
#1012 = EDGE_CURVE ( 'NONE', #480, #62, #1370, .T. ) ;
#1013 = ORIENTED_EDGE ( 'NONE', *, *, #198, .T. ) ;
#1014 = CARTESIAN_POINT ( 'NONE',  ( -13.46291201783626335, 13.00000000000000178, 0.000000000000000000 ) ) ;
#1015 = DIRECTION ( 'NONE',  ( -1.000000000000000000, 0.000000000000000000, 0.000000000000000000 ) ) ;
#1016 = CARTESIAN_POINT ( 'NONE',  ( 12.45440213038902577, 11.53037780867872897, 1.066738271665952142 ) ) ;
#1017 = DIRECTION ( 'NONE',  ( -1.000000000000000000, 0.000000000000000000, 0.000000000000000000 ) ) ;
#1018 = CARTESIAN_POINT ( 'NONE',  ( -18.00000000000000000, 4.999999999999997335, 13.49999999999998579 ) ) ;
#1019 = EDGE_CURVE ( 'NONE', #1837, #1438, #1575, .T. ) ;
#1020 = VECTOR ( 'NONE', #1680, 1000.000000000000000 ) ;
#1021 = ORIENTED_EDGE ( 'NONE', *, *, #935, .F. ) ;
#1022 = VECTOR ( 'NONE', #849, 1000.000000000000000 ) ;
#1023 = EDGE_CURVE ( 'NONE', #1668, #180, #101, .T. ) ;
#1024 = CARTESIAN_POINT ( 'NONE',  ( 2.571758278209441661E-15, 0.000000000000000000, 10.00000000000000000 ) ) ;
#1025 = EDGE_CURVE ( 'NONE', #1560, #23, #768, .T. ) ;
#1026 = DIRECTION ( 'NONE',  ( 6.938893903907228378E-16, 0.000000000000000000, 1.000000000000000000 ) ) ;
#1027 = CARTESIAN_POINT ( 'NONE',  ( 12.46189643754939524, 11.32385517448304668, 0.9753031863347124686 ) ) ;
#1028 = CARTESIAN_POINT ( 'NONE',  ( 15.00000000000000000, -3.000000000000002665, 10.50000000000000000 ) ) ;
#1029 = LINE ( 'NONE', #1644, #1512 ) ;
#1030 = PRODUCT_DEFINITION_CONTEXT ( 'detailed design', #1828, 'design' ) ;
#1031 = EDGE_LOOP ( 'NONE', ( #965, #289, #98, #952 ) ) ;
#1032 = LINE ( 'NONE', #1502, #1 ) ;
#1033 = EDGE_CURVE ( 'NONE', #1717, #190, #1871, .T. ) ;
#1034 = DIRECTION ( 'NONE',  ( -1.000000000000000000, 0.000000000000000000, 0.000000000000000000 ) ) ;
#1035 = CARTESIAN_POINT ( 'NONE',  ( 0.000000000000000000, 0.000000000000000000, 0.000000000000000000 ) ) ;
#1036 = DIRECTION ( 'NONE',  ( -1.000000000000000000, 0.000000000000000000, 0.000000000000000000 ) ) ;
#1037 = CARTESIAN_POINT ( 'NONE',  ( 12.41314107356662966, 11.91221599198026482, 1.471297147148630025 ) ) ;
#1038 = EDGE_LOOP ( 'NONE', ( #1979, #1464, #1746, #831 ) ) ;
#1039 = CARTESIAN_POINT ( 'NONE',  ( -22.00000000000000711, -3.000000000000000000, 1.526556658859590559E-14 ) ) ;
#1040 = DIRECTION ( 'NONE',  ( -0.000000000000000000, -1.000000000000000000, -0.000000000000000000 ) ) ;
#1041 = AXIS2_PLACEMENT_3D ( 'NONE', #374, #1004, #671 ) ;
#1042 = VECTOR ( 'NONE', #18, 1000.000000000000000 ) ;
#1043 = ORIENTED_EDGE ( 'NONE', *, *, #1919, .F. ) ;
#1044 = DIRECTION ( 'NONE',  ( -0.000000000000000000, -0.000000000000000000, 1.000000000000000000 ) ) ;
#1045 = FACE_OUTER_BOUND ( 'NONE', #1918, .T. ) ;
#1046 = CARTESIAN_POINT ( 'NONE',  ( -13.46082020352400832, 11.54992946549852206, 0.05926748518048775144 ) ) ;
#1047 = FACE_OUTER_BOUND ( 'NONE', #582, .T. ) ;
#1048 = ORIENTED_EDGE ( 'NONE', *, *, #1025, .T. ) ;
#1049 = CARTESIAN_POINT ( 'NONE',  ( -19.50000000000000000, 4.999999999999997335, 12.50000000000000000 ) ) ;
#1050 = CARTESIAN_POINT ( 'NONE',  ( -12.40298475906206477, 11.94762878210170598, 1.554609611598721797 ) ) ;
#1051 = ADVANCED_FACE ( 'NONE', ( #1306 ), #404, .F. ) ;
#1052 = CIRCLE ( 'NONE', #529, 2.000000000000001776 ) ;
#1053 = ORIENTED_EDGE ( 'NONE', *, *, #1142, .F. ) ;
#1054 = VERTEX_POINT ( 'NONE', #1797 ) ;
#1055 = VECTOR ( 'NONE', #796, 1000.000000000000000 ) ;
#1056 = AXIS2_PLACEMENT_3D ( 'NONE', #702, #1792, #1318 ) ;
#1057 = DIRECTION ( 'NONE',  ( -1.000000000000000000, -0.000000000000000000, -0.000000000000000000 ) ) ;
#1058 = DIRECTION ( 'NONE',  ( 1.000000000000000000, 0.000000000000000000, -6.938893903907228378E-16 ) ) ;
#1059 = CARTESIAN_POINT ( 'NONE',  ( 15.00000000000000178, -3.000000000000002665, 1.486905836551548882E-15 ) ) ;
#1060 = ORIENTED_EDGE ( 'NONE', *, *, #1321, .F. ) ;
#1061 = DIRECTION ( 'NONE',  ( 0.000000000000000000, 0.000000000000000000, 1.000000000000000000 ) ) ;
#1062 = CARTESIAN_POINT ( 'NONE',  ( -12.37101593662037580, 11.99839409271473123, 1.791336089506312401 ) ) ;
#1063 = CIRCLE ( 'NONE', #538, 3.549999999999999822 ) ;
#1064 = DIRECTION ( 'NONE',  ( -0.000000000000000000, 1.000000000000000000, -0.000000000000000000 ) ) ;
#1065 = AXIS2_PLACEMENT_3D ( 'NONE', #605, #1199, #1491 ) ;
#1066 = ORIENTED_EDGE ( 'NONE', *, *, #853, .F. ) ;
#1067 = CARTESIAN_POINT ( 'NONE',  ( 12.46565927577431410, 11.00000000000000178, 0.9259259259259327024 ) ) ;
#1068 = CYLINDRICAL_SURFACE ( 'NONE', #2015, 1.500000000000001332 ) ;
#1069 = DIRECTION ( 'NONE',  ( 0.000000000000000000, 0.000000000000000000, -1.000000000000000000 ) ) ;
#1070 = ORIENTED_EDGE ( 'NONE', *, *, #1279, .F. ) ;
#1071 = CARTESIAN_POINT ( 'NONE',  ( 24.00000000000000711, 13.00000000000000178, 17.50000000000000000 ) ) ;
#1072 = CARTESIAN_POINT ( 'NONE',  ( -12.40650298048247180, 11.93669793313048899, 1.526259098687546167 ) ) ;
#1073 = EDGE_LOOP ( 'NONE', ( #1948, #647 ) ) ;
#1074 = CIRCLE ( 'NONE', #1452, 2.000000000000001776 ) ;
#1075 = CARTESIAN_POINT ( 'NONE',  ( -13.50000000000000533, 5.000000000000000000, 0.000000000000000000 ) ) ;
#1076 = EDGE_CURVE ( 'NONE', #1244, #955, #1000, .T. ) ;
#1077 = ORIENTED_EDGE ( 'NONE', *, *, #786, .T. ) ;
#1078 = FACE_OUTER_BOUND ( 'NONE', #578, .T. ) ;
#1079 = ADVANCED_FACE ( 'NONE', ( #69 ), #1489, .F. ) ;
#1080 = CARTESIAN_POINT ( 'NONE',  ( 13.40612392048969959, 12.82387163649736550, 1.178691570704083258 ) ) ;
#1081 = PLANE ( 'NONE',  #846 ) ;
#1082 = ORIENTED_EDGE ( 'NONE', *, *, #1414, .T. ) ;
#1083 = ORIENTED_EDGE ( 'NONE', *, *, #1732, .T. ) ;
#1084 = EDGE_LOOP ( 'NONE', ( #3, #2008, #526, #1866, #834, #1798, #1726, #1550, #680 ) ) ;
#1085 = CARTESIAN_POINT ( 'NONE',  ( 15.00000000000000178, 13.00000000000000178, 2.000000000000000000 ) ) ;
#1086 = EDGE_CURVE ( 'NONE', #669, #465, #201, .T. ) ;
#1087 = VECTOR ( 'NONE', #1543, 1000.000000000000000 ) ;
#1088 = CARTESIAN_POINT ( 'NONE',  ( 13.38885288996169187, 12.94267452023508014, 1.465087994463391219 ) ) ;
#1089 = EDGE_CURVE ( 'NONE', #1490, #1247, #399, .T. ) ;
#1090 = CARTESIAN_POINT ( 'NONE',  ( 13.45288892936297920, 11.97553895390008449, 0.2537442086331327395 ) ) ;
#1091 = EDGE_LOOP ( 'NONE', ( #1444, #1849, #165, #1809 ) ) ;
#1092 = EDGE_LOOP ( 'NONE', ( #1077, #354 ) ) ;
#1093 = DIRECTION ( 'NONE',  ( 0.000000000000000000, 0.000000000000000000, -1.000000000000000000 ) ) ;
#1094 = VERTEX_POINT ( 'NONE', #556 ) ;
#1095 = DIRECTION ( 'NONE',  ( 0.000000000000000000, -0.7071067811865505703, -0.7071067811865444641 ) ) ;
#1096 = VECTOR ( 'NONE', #1451, 1000.000000000000000 ) ;
#1097 = CARTESIAN_POINT ( 'NONE',  ( -8.500000000000000000, -3.000000000000000000, 0.000000000000000000 ) ) ;
#1098 = DIRECTION ( 'NONE',  ( 8.659560562354925463E-17, -0.7071067811865481278, 0.7071067811865469066 ) ) ;
#1099 = ORIENTED_EDGE ( 'NONE', *, *, #80, .T. ) ;
#1100 = ORIENTED_EDGE ( 'NONE', *, *, #1121, .F. ) ;
#1101 = CARTESIAN_POINT ( 'NONE',  ( -19.50000000000000000, 4.999999999999997335, 13.49999999999998579 ) ) ;
#1102 = ORIENTED_EDGE ( 'NONE', *, *, #2020, .F. ) ;
#1103 = APPLICATION_PROTOCOL_DEFINITION ( 'draft international standard', 'automotive_design', 1998, #1828 ) ;
#1104 = DIRECTION ( 'NONE',  ( 0.000000000000000000, 0.000000000000000000, 1.000000000000000000 ) ) ;
#1105 = VECTOR ( 'NONE', #1384, 1000.000000000000000 ) ;
#1106 = CLOSED_SHELL ( 'NONE', ( #1606, #801, #836, #1238, #295, #68, #1051, #1650, #1939, #999, #1638, #1745, #337, #1762, #1301, #143, #183, #1879, #826, #233, #1551, #473, #275, #571, #1079, #760, #1760, #1820, #1485, #314, #1011, #1862, #622, #41, #328, #522, #1666, #1286, #1627, #121, #439, #1891, #643, #1136, #841, #1647, #448, #635, #865, #1641, #1225, #1412, #1153, #132, #302, #852, #1334, #78 ) ) ;
#1107 = DIRECTION ( 'NONE',  ( 0.000000000000000000, 1.000000000000000000, -0.000000000000000000 ) ) ;
#1108 = DIRECTION ( 'NONE',  ( 8.659560562354897113E-17, -0.7071067811865505703, 0.7071067811865444641 ) ) ;
#1109 = ORIENTED_EDGE ( 'NONE', *, *, #507, .T. ) ;
#1110 = ORIENTED_EDGE ( 'NONE', *, *, #679, .T. ) ;
#1111 = CARTESIAN_POINT ( 'NONE',  ( 22.00000000000000711, -3.000000000000002665, 17.50000000000000000 ) ) ;
#1112 = VERTEX_POINT ( 'NONE', #1461 ) ;
#1113 = DIRECTION ( 'NONE',  ( 0.000000000000000000, 0.000000000000000000, 1.000000000000000000 ) ) ;
#1114 = LINE ( 'NONE', #453, #1470 ) ;
#1115 = DIRECTION ( 'NONE',  ( -0.000000000000000000, -1.000000000000000000, -0.000000000000000000 ) ) ;
#1116 = VERTEX_POINT ( 'NONE', #90 ) ;
#1117 = VERTEX_POINT ( 'NONE', #222 ) ;
#1118 = DIRECTION ( 'NONE',  ( -0.000000000000000000, -0.000000000000000000, -1.000000000000000000 ) ) ;
#1119 = VECTOR ( 'NONE', #387, 1000.000000000000000 ) ;
#1120 = CARTESIAN_POINT ( 'NONE',  ( -18.00000000000000000, 4.999999999999997335, 13.49999999999998579 ) ) ;
#1121 = EDGE_CURVE ( 'NONE', #1162, #804, #970, .T. ) ;
#1122 = ORIENTED_EDGE ( 'NONE', *, *, #667, .F. ) ;
#1123 = LINE ( 'NONE', #959, #1950 ) ;
#1124 = CARTESIAN_POINT ( 'NONE',  ( 2.571758278209441661E-15, -3.000000000000000000, 6.000000000000005329 ) ) ;
#1125 = DIRECTION ( 'NONE',  ( -0.000000000000000000, -1.000000000000000000, -0.000000000000000000 ) ) ;
#1126 = CIRCLE ( 'NONE', #606, 2.499999999999995115 ) ;
#1127 = LINE ( 'NONE', #645, #1348 ) ;
#1128 = ORIENTED_EDGE ( 'NONE', *, *, #1012, .F. ) ;
#1129 = PLANE ( 'NONE',  #1908 ) ;
#1130 = CARTESIAN_POINT ( 'NONE',  ( 2.571758278209441661E-15, -2.000000000000003553, -8.500000000000000000 ) ) ;
#1131 = VERTEX_POINT ( 'NONE', #1168 ) ;
#1132 = EDGE_CURVE ( 'NONE', #32, #190, #1029, .T. ) ;
#1133 = AXIS2_PLACEMENT_3D ( 'NONE', #1714, #833, #486 ) ;
#1134 = EDGE_LOOP ( 'NONE', ( #1782, #17 ) ) ;
#1135 = DIRECTION ( 'NONE',  ( -0.000000000000000000, -1.000000000000000000, -0.000000000000000000 ) ) ;
#1136 = ADVANCED_FACE ( 'NONE', ( #1626 ), #31, .F. ) ;
#1137 = CARTESIAN_POINT ( 'NONE',  ( -18.00000000000000000, 4.999999999999997335, 21.74264068711928743 ) ) ;
#1138 = VERTEX_POINT ( 'NONE', #77 ) ;
#1139 = DIRECTION ( 'NONE',  ( 0.000000000000000000, 0.000000000000000000, 1.000000000000000000 ) ) ;
#1140 = CYLINDRICAL_SURFACE ( 'NONE', #370, 2.000000000000000000 ) ;
#1141 = ORIENTED_EDGE ( 'NONE', *, *, #1374, .F. ) ;
#1142 = EDGE_CURVE ( 'NONE', #711, #1247, #1586, .T. ) ;
#1143 = CARTESIAN_POINT ( 'NONE',  ( 12.80239218669491486, 4.312648658843715843, 0.6132772670822096428 ) ) ;
#1144 = LINE ( 'NONE', #856, #2003 ) ;
#1145 = EDGE_LOOP ( 'NONE', ( #133, #119, #1758, #701 ) ) ;
#1146 = VERTEX_POINT ( 'NONE', #1472 ) ;
#1147 = LINE ( 'NONE', #1616, #1022 ) ;
#1148 = CARTESIAN_POINT ( 'NONE',  ( 8.500000000000000000, -3.000000000000000000, 0.000000000000000000 ) ) ;
#1149 = CONICAL_SURFACE ( 'NONE', #891, 2.499999999999995115, 0.7853981633974473908 ) ;
#1150 = EDGE_LOOP ( 'NONE', ( #1325, #1288, #335, #130 ) ) ;
#1151 = FACE_OUTER_BOUND ( 'NONE', #169, .T. ) ;
#1152 = CYLINDRICAL_SURFACE ( 'NONE', #709, 2.000000000000001776 ) ;
#1153 = ADVANCED_FACE ( 'NONE', ( #1938 ), #380, .T. ) ;
#1154 = B_SPLINE_CURVE_WITH_KNOTS ( 'NONE', 3,
 ( #1898, #1750, #498, #815, #1767, #345 ),
 .UNSPECIFIED., .F., .F.,
 ( 4, 2, 4 ),
 ( 0.000000000000000000, 0.5000000000000000000, 1.000000000000000000 ),
 .UNSPECIFIED. ) ;
#1155 = AXIS2_PLACEMENT_3D ( 'NONE', #1888, #500, #179 ) ;
#1156 = CYLINDRICAL_SURFACE ( 'NONE', #778, 2.000000000000001776 ) ;
#1157 = CARTESIAN_POINT ( 'NONE',  ( 12.36206474335063987, 11.99999999999999467, 1.851851851851850528 ) ) ;
#1158 = DIRECTION ( 'NONE',  ( 0.000000000000000000, -1.000000000000000000, 0.000000000000000000 ) ) ;
#1159 = DIRECTION ( 'NONE',  ( -0.000000000000000000, 1.000000000000000000, -0.000000000000000000 ) ) ;
#1160 = VECTOR ( 'NONE', #793, 1000.000000000000000 ) ;
#1161 = EDGE_CURVE ( 'NONE', #1527, #1681, #303, .T. ) ;
#1162 = VERTEX_POINT ( 'NONE', #16 ) ;
#1163 = CARTESIAN_POINT ( 'NONE',  ( 2.571758278209441661E-15, -3.000000000000000000, 6.000000000000005329 ) ) ;
#1164 = CARTESIAN_POINT ( 'NONE',  ( 0.000000000000000000, 3.999999999999994227, 0.000000000000000000 ) ) ;
#1165 = DIRECTION ( 'NONE',  ( 0.000000000000000000, 0.000000000000000000, 1.000000000000000000 ) ) ;
#1166 = CARTESIAN_POINT ( 'NONE',  ( 12.40280308301414181, 11.94816874517663052, 1.556063308427704461 ) ) ;
#1167 = FACE_OUTER_BOUND ( 'NONE', #1517, .T. ) ;
#1168 = CARTESIAN_POINT ( 'NONE',  ( -15.00000000000000178, 11.00000000000000178, 0.000000000000000000 ) ) ;
#1169 = ORIENTED_EDGE ( 'NONE', *, *, #507, .F. ) ;
#1170 = CARTESIAN_POINT ( 'NONE',  ( 0.000000000000000000, 13.00000000000000178, 0.000000000000000000 ) ) ;
#1171 = DIRECTION ( 'NONE',  ( 0.000000000000000000, 1.000000000000000000, 0.000000000000000000 ) ) ;
#1172 = AXIS2_PLACEMENT_3D ( 'NONE', #1916, #727, #1821 ) ;
#1173 = CARTESIAN_POINT ( 'NONE',  ( 12.39540104852410884, 11.96698054047410231, 1.613963797222878194 ) ) ;
#1174 = CARTESIAN_POINT ( 'NONE',  ( -21.99999999999999645, -3.000000000000002665, 17.50000000000000000 ) ) ;
#1175 = CARTESIAN_POINT ( 'NONE',  ( -12.46476719777937703, 11.16344994079208242, 0.9378773646926757968 ) ) ;
#1176 = CIRCLE ( 'NONE', #290, 1.499999999999999556 ) ;
#1177 = EDGE_CURVE ( 'NONE', #1138, #1855, #1127, .T. ) ;
#1178 = VECTOR ( 'NONE', #225, 1000.000000000000000 ) ;
#1179 = EDGE_LOOP ( 'NONE', ( #434, #958 ) ) ;
#1180 = DIRECTION ( 'NONE',  ( -1.000000000000000000, 0.000000000000000000, 0.000000000000000000 ) ) ;
#1181 = CARTESIAN_POINT ( 'NONE',  ( 17.00000000000000000, -2.999999999999999112, 10.50000000000000000 ) ) ;
#1182 = DIRECTION ( 'NONE',  ( 0.000000000000000000, 0.000000000000000000, 1.000000000000000000 ) ) ;
#1183 = CARTESIAN_POINT ( 'NONE',  ( -13.36137494061156517, 13.00000000000000178, 1.861883286512098223 ) ) ;
#1184 = CARTESIAN_POINT ( 'NONE',  ( 13.43999932248047990, 12.37185304619211657, 0.5431941739023996574 ) ) ;
#1185 = FACE_OUTER_BOUND ( 'NONE', #661, .T. ) ;
#1186 = CARTESIAN_POINT ( 'NONE',  ( -12.45230193787138084, 11.57010377139112656, 1.090985011030417784 ) ) ;
#1187 = ORIENTED_EDGE ( 'NONE', *, *, #1523, .T. ) ;
#1188 = AXIS2_PLACEMENT_3D ( 'NONE', #1957, #550, #541 ) ;
#1189 = CARTESIAN_POINT ( 'NONE',  ( 21.99999999999999289, -1.000000000000000888, -1.526556658859589612E-14 ) ) ;
#1190 = DIRECTION ( 'NONE',  ( -1.000000000000000000, 0.000000000000000000, 0.000000000000000000 ) ) ;
#1191 = CARTESIAN_POINT ( 'NONE',  ( -17.00000000000000000, -2.999999999999999112, 10.50000000000000000 ) ) ;
#1192 = EDGE_CURVE ( 'NONE', #1959, #309, #1415, .T. ) ;
#1193 = CARTESIAN_POINT ( 'NONE',  ( 13.45482580944564788, 11.88885211454937796, 0.2071736116899020597 ) ) ;
#1194 = ORIENTED_EDGE ( 'NONE', *, *, #823, .F. ) ;
#1195 = LINE ( 'NONE', #1355, #764 ) ;
#1196 = CARTESIAN_POINT ( 'NONE',  ( -13.45228664466426771, 12.00262346264448610, 0.2682357989401343290 ) ) ;
#1197 = CONICAL_SURFACE ( 'NONE', #39, 2.499999999999995115, 0.7853981633974473908 ) ;
#1198 = ORIENTED_EDGE ( 'NONE', *, *, #1563, .F. ) ;
#1199 = DIRECTION ( 'NONE',  ( -0.000000000000000000, 1.000000000000000000, -0.000000000000000000 ) ) ;
#1200 = EDGE_CURVE ( 'NONE', #332, #313, #971, .T. ) ;
#1201 = CARTESIAN_POINT ( 'NONE',  ( -13.43373749456859834, 12.49609009021497030, 0.6719916385840825068 ) ) ;
#1202 = DIRECTION ( 'NONE',  ( 0.000000000000000000, 0.000000000000000000, 1.000000000000000000 ) ) ;
#1203 = EDGE_LOOP ( 'NONE', ( #830, #1223, #824, #1218 ) ) ;
#1204 = DIRECTION ( 'NONE',  ( 0.000000000000000000, -0.7071067811865479058, -0.7071067811865470176 ) ) ;
#1205 = CARTESIAN_POINT ( 'NONE',  ( -12.39561483250334639, 11.96651131945572999, 1.612322389125609989 ) ) ;
#1206 =( LENGTH_UNIT ( ) NAMED_UNIT ( * ) SI_UNIT ( .MILLI., .METRE. ) );
#1207 = ORIENTED_EDGE ( 'NONE', *, *, #1851, .T. ) ;
#1208 = VECTOR ( 'NONE', #1392, 999.9999999999998863 ) ;
#1209 = CIRCLE ( 'NONE', #1989, 1.499999999999999556 ) ;
#1210 = DIRECTION ( 'NONE',  ( -0.000000000000000000, -1.000000000000000000, -0.000000000000000000 ) ) ;
#1211 = AXIS2_PLACEMENT_3D ( 'NONE', #1676, #1506, #1966 ) ;
#1212 = DIRECTION ( 'NONE',  ( -0.000000000000000000, -1.000000000000000000, -0.000000000000000000 ) ) ;
#1213 = CARTESIAN_POINT ( 'NONE',  ( 13.46279029874476763, 11.13217317144883722, 0.003285363038848884525 ) ) ;
#1214 = ORIENTED_EDGE ( 'NONE', *, *, #215, .F. ) ;
#1215 = DIRECTION ( 'NONE',  ( -0.000000000000000000, 1.000000000000000000, -0.000000000000000000 ) ) ;
#1216 = CARTESIAN_POINT ( 'NONE',  ( -12.37956510800463761, 11.99201928149280150, 1.731267770346389234 ) ) ;
#1217 = LINE ( 'NONE', #619, #4 ) ;
#1218 = ORIENTED_EDGE ( 'NONE', *, *, #1934, .F. ) ;
#1219 = EDGE_CURVE ( 'NONE', #465, #669, #1226, .T. ) ;
#1220 = DIRECTION ( 'NONE',  ( 0.000000000000000000, 1.000000000000000000, -0.000000000000000000 ) ) ;
#1221 = DIRECTION ( 'NONE',  ( -1.000000000000000000, 0.000000000000000000, 0.000000000000000000 ) ) ;
#1222 = LINE ( 'NONE', #1853, #307 ) ;
#1223 = ORIENTED_EDGE ( 'NONE', *, *, #1981, .T. ) ;
#1224 = EDGE_LOOP ( 'NONE', ( #842, #946, #103, #1868 ) ) ;
#1225 = ADVANCED_FACE ( 'NONE', ( #342 ), #653, .F. ) ;
#1226 = CIRCLE ( 'NONE', #1619, 1.500000000000001332 ) ;
#1227 = SURFACE_STYLE_USAGE ( .BOTH. , #1857 ) ;
#1228 = EDGE_CURVE ( 'NONE', #298, #691, #240, .T. ) ;
#1229 = ORIENTED_EDGE ( 'NONE', *, *, #732, .F. ) ;
#1230 = CARTESIAN_POINT ( 'NONE',  ( 0.000000000000000000, -3.000000000000000000, 0.000000000000000000 ) ) ;
#1231 = CARTESIAN_POINT ( 'NONE',  ( 13.41927989241942498, 12.70249686598164729, 0.9484414911353434841 ) ) ;
#1232 = CARTESIAN_POINT ( 'NONE',  ( 2.755455298081544778E-15, -1.999999999999996669, 7.000000000000000000 ) ) ;
#1233 = ORIENTED_EDGE ( 'NONE', *, *, #1756, .F. ) ;
#1234 = EDGE_LOOP ( 'NONE', ( #251, #359, #587, #205, #1100, #1500, #989, #176, #110, #641, #783 ) ) ;
#1235 = CARTESIAN_POINT ( 'NONE',  ( -8.500000000000000000, 0.000000000000000000, 1.499999999999999556 ) ) ;
#1236 = ORIENTED_EDGE ( 'NONE', *, *, #1025, .F. ) ;
#1237 = CIRCLE ( 'NONE', #687, 2.499999999999995115 ) ;
#1238 = ADVANCED_FACE ( 'NONE', ( #1735 ), #1425, .F. ) ;
#1239 = DIRECTION ( 'NONE',  ( -0.000000000000000000, 1.000000000000000000, -0.000000000000000000 ) ) ;
#1240 = AXIS2_PLACEMENT_3D ( 'NONE', #1170, #234, #64 ) ;
#1241 = CARTESIAN_POINT ( 'NONE',  ( 13.46081596371149836, 11.55044943585009776, 0.05938123237888946054 ) ) ;
#1242 = CONICAL_SURFACE ( 'NONE', #358, 13.50000000000000178, 0.7853981633974457255 ) ;
#1243 = CYLINDRICAL_SURFACE ( 'NONE', #1041, 12.50000000000000000 ) ;
#1244 = VERTEX_POINT ( 'NONE', #1261 ) ;
#1245 = ORIENTED_EDGE ( 'NONE', *, *, #1770, .F. ) ;
#1246 = CARTESIAN_POINT ( 'NONE',  ( 18.00000000000000355, 5.000000000000000888, 17.50000000000000000 ) ) ;
#1247 = VERTEX_POINT ( 'NONE', #330 ) ;
#1248 = DIRECTION ( 'NONE',  ( -0.000000000000000000, -0.000000000000000000, -1.000000000000000000 ) ) ;
#1249 = DIRECTION ( 'NONE',  ( 0.000000000000000000, 0.000000000000000000, 1.000000000000000000 ) ) ;
#1250 = CIRCLE ( 'NONE', #1508, 1.499999999999999556 ) ;
#1251 = CYLINDRICAL_SURFACE ( 'NONE', #1531, 1.500000000000000666 ) ;
#1252 = AXIS2_PLACEMENT_3D ( 'NONE', #1345, #1159, #411 ) ;
#1253 = DIRECTION ( 'NONE',  ( 0.000000000000000000, 0.000000000000000000, 1.000000000000000000 ) ) ;
#1254 = ORIENTED_EDGE ( 'NONE', *, *, #1443, .F. ) ;
#1255 = EDGE_LOOP ( 'NONE', ( #1262, #908, #8, #664, #1876, #978, #207, #1110, #1450, #1975, #943, #889, #803 ) ) ;
#1256 = EDGE_CURVE ( 'NONE', #1568, #1700, #212, .T. ) ;
#1257 = DIRECTION ( 'NONE',  ( -0.000000000000000000, -1.000000000000000000, -0.000000000000000000 ) ) ;
#1258 = ORIENTED_EDGE ( 'NONE', *, *, #407, .T. ) ;
#1259 = DIRECTION ( 'NONE',  ( -6.938893903907228378E-16, 0.000000000000000000, -1.000000000000000000 ) ) ;
#1260 = CARTESIAN_POINT ( 'NONE',  ( 12.46565927577431765, 5.000000000000000000, 0.9259259259259312591 ) ) ;
#1261 = CARTESIAN_POINT ( 'NONE',  ( -23.99999999999999645, 11.00000000000000178, 12.50000000000000000 ) ) ;
#1262 = ORIENTED_EDGE ( 'NONE', *, *, #656, .T. ) ;
#1263 = ORIENTED_EDGE ( 'NONE', *, *, #514, .F. ) ;
#1264 = LINE ( 'NONE', #1467, #520 ) ;
#1265 = DIRECTION ( 'NONE',  ( 0.000000000000000000, 0.000000000000000000, -1.000000000000000000 ) ) ;
#1266 = ORIENTED_EDGE ( 'NONE', *, *, #1592, .F. ) ;
#1267 = DIRECTION ( 'NONE',  ( 0.000000000000000000, 0.000000000000000000, 1.000000000000000000 ) ) ;
#1268 = VECTOR ( 'NONE', #784, 1000.000000000000000 ) ;
#1269 = CARTESIAN_POINT ( 'NONE',  ( 12.46565927577431410, 11.00000000000000178, 0.9259259259259327024 ) ) ;
#1270 = CARTESIAN_POINT ( 'NONE',  ( -19.50000000000000000, 4.999999999999997335, 12.50000000000000000 ) ) ;
#1271 = AXIS2_PLACEMENT_3D ( 'NONE', #99, #270, #1366 ) ;
#1272 = CIRCLE ( 'NONE', #394, 1.500000000000001332 ) ;
#1273 = ORIENTED_EDGE ( 'NONE', *, *, #1514, .F. ) ;
#1274 = DIRECTION ( 'NONE',  ( -6.938893903907228378E-16, 0.000000000000000000, -1.000000000000000000 ) ) ;
#1275 = EDGE_CURVE ( 'NONE', #70, #711, #1403, .T. ) ;
#1276 = AXIS2_PLACEMENT_3D ( 'NONE', #859, #730, #60 ) ;
#1277 = DIRECTION ( 'NONE',  ( 0.000000000000000000, 0.000000000000000000, -1.000000000000000000 ) ) ;
#1278 = EDGE_LOOP ( 'NONE', ( #311, #1579, #1815, #1377 ) ) ;
#1279 = EDGE_CURVE ( 'NONE', #1247, #1525, #1584, .T. ) ;
#1280 = ORIENTED_EDGE ( 'NONE', *, *, #1523, .F. ) ;
#1281 = DIRECTION ( 'NONE',  ( 0.000000000000000000, 0.000000000000000000, 1.000000000000000000 ) ) ;
#1282 = CARTESIAN_POINT ( 'NONE',  ( -13.41625361432256369, 12.73402705823191816, 1.002891633868231214 ) ) ;
#1283 = ORIENTED_EDGE ( 'NONE', *, *, #30, .T. ) ;
#1284 = FACE_OUTER_BOUND ( 'NONE', #944, .T. ) ;
#1285 = CARTESIAN_POINT ( 'NONE',  ( 2.571758278209441661E-15, -1.999999999999996669, 8.500000000000000000 ) ) ;
#1286 = ADVANCED_FACE ( 'NONE', ( #982 ), #1197, .F. ) ;
#1287 = CIRCLE ( 'NONE', #939, 12.50000000000000000 ) ;
#1288 = ORIENTED_EDGE ( 'NONE', *, *, #925, .T. ) ;
#1289 = CARTESIAN_POINT ( 'NONE',  ( 13.46291201783626335, 4.962912017836258904, 0.000000000000000000 ) ) ;
#1290 = CARTESIAN_POINT ( 'NONE',  ( 15.00000000000000178, 13.00000000000000178, 0.000000000000000000 ) ) ;
#1291 = ORIENTED_EDGE ( 'NONE', *, *, #1192, .T. ) ;
#1292 = EDGE_LOOP ( 'NONE', ( #1128, #1245 ) ) ;
#1293 = EDGE_LOOP ( 'NONE', ( #612, #765, #813, #1886, #1397, #339 ) ) ;
#1294 = LINE ( 'NONE', #640, #737 ) ;
#1295 = CARTESIAN_POINT ( 'NONE',  ( -13.40083893509432222, 12.86097795968013102, 1.266644708587404189 ) ) ;
#1296 = ORIENTED_EDGE ( 'NONE', *, *, #1961, .F. ) ;
#1297 = CYLINDRICAL_SURFACE ( 'NONE', #502, 1.499999999999999556 ) ;
#1298 = DIRECTION ( 'NONE',  ( 0.000000000000000000, 0.000000000000000000, 1.000000000000000000 ) ) ;
#1299 = AXIS2_PLACEMENT_3D ( 'NONE', #1421, #1859, #1585 ) ;
#1300 = DIRECTION ( 'NONE',  ( 0.000000000000000000, 1.000000000000000000, 0.000000000000000000 ) ) ;
#1301 = ADVANCED_FACE ( 'NONE', ( #625 ), #1243, .F. ) ;
#1302 = VECTOR ( 'NONE', #1095, 1000.000000000000114 ) ;
#1303 = CARTESIAN_POINT ( 'NONE',  ( 12.46109093739074680, 11.35461021123938252, 0.9855703410077844007 ) ) ;
#1304 = VECTOR ( 'NONE', #97, 1000.000000000000000 ) ;
#1305 = CARTESIAN_POINT ( 'NONE',  ( 0.000000000000000000, 13.00000000000000178, 12.50000000000000000 ) ) ;
#1306 = FACE_OUTER_BOUND ( 'NONE', #1569, .T. ) ;
#1307 = VECTOR ( 'NONE', #1158, 1000.000000000000000 ) ;
#1308 = ORIENTED_EDGE ( 'NONE', *, *, #798, .T. ) ;
#1309 = AXIS2_PLACEMENT_3D ( 'NONE', #864, #1171, #244 ) ;
#1310 = PLANE ( 'NONE',  #725 ) ;
#1311 = CARTESIAN_POINT ( 'NONE',  ( -15.00000000000000178, 13.00000000000000178, 1.486905836551548882E-15 ) ) ;
#1312 = AXIS2_PLACEMENT_3D ( 'NONE', #115, #1482, #758 ) ;
#1313 = DIRECTION ( 'NONE',  ( 0.000000000000000000, 0.000000000000000000, -1.000000000000000000 ) ) ;
#1314 = DIRECTION ( 'NONE',  ( 0.000000000000000000, 1.000000000000000000, 0.000000000000000000 ) ) ;
#1315 = DIRECTION ( 'NONE',  ( 0.000000000000000000, 0.000000000000000000, 1.000000000000000000 ) ) ;
#1316 = CARTESIAN_POINT ( 'NONE',  ( -12.44639745671999087, 11.66119063657033195, 1.156534106917877169 ) ) ;
#1317 = ORIENTED_EDGE ( 'NONE', *, *, #1533, .F. ) ;
#1318 = DIRECTION ( 'NONE',  ( 0.000000000000000000, 0.000000000000000000, 1.000000000000000000 ) ) ;
#1319 = VECTOR ( 'NONE', #1622, 1000.000000000000000 ) ;
#1320 = DIRECTION ( 'NONE',  ( -0.000000000000000000, -1.000000000000000000, -0.000000000000000000 ) ) ;
#1321 = EDGE_CURVE ( 'NONE', #1146, #1717, #1933, .T. ) ;
#1322 = CARTESIAN_POINT ( 'NONE',  ( 12.46327331632845059, 11.26117770128141160, 0.9575477495562932928 ) ) ;
#1323 = CARTESIAN_POINT ( 'NONE',  ( 19.50000000000000355, 5.000000000000000888, 21.74264068711928743 ) ) ;
#1324 = DIRECTION ( 'NONE',  ( -1.000000000000000000, 0.000000000000000000, 0.000000000000000000 ) ) ;
#1325 = ORIENTED_EDGE ( 'NONE', *, *, #250, .T. ) ;
#1326 = CARTESIAN_POINT ( 'NONE',  ( 8.500000000000000000, -3.000000000000000000, -1.500000000000000666 ) ) ;
#1327 = DIRECTION ( 'NONE',  ( -0.000000000000000000, 1.000000000000000000, -0.000000000000000000 ) ) ;
#1328 = FACE_BOUND ( 'NONE', #20, .T. ) ;
#1329 = CARTESIAN_POINT ( 'NONE',  ( -13.45245623079014052, 12.03198497409879586, 0.2668317668687021915 ) ) ;
#1330 = AXIS2_PLACEMENT_3D ( 'NONE', #393, #1327, #403 ) ;
#1331 = CARTESIAN_POINT ( 'NONE',  ( 13.42515722016397994, 12.63028934913944745, 0.8396488321655668496 ) ) ;
#1332 = DIRECTION ( 'NONE',  ( 0.000000000000000000, 0.000000000000000000, 1.000000000000000000 ) ) ;
#1333 = CARTESIAN_POINT ( 'NONE',  ( -12.45450131925926307, 11.52930674198825933, 1.065684366690440088 ) ) ;
#1334 = ADVANCED_FACE ( 'NONE', ( #1923 ), #1152, .T. ) ;
#1335 = VECTOR ( 'NONE', #272, 1000.000000000000000 ) ;
#1336 = VECTOR ( 'NONE', #880, 1000.000000000000114 ) ;
#1337 = ORIENTED_EDGE ( 'NONE', *, *, #148, .T. ) ;
#1338 = DIRECTION ( 'NONE',  ( -0.000000000000000000, -0.000000000000000000, 1.000000000000000000 ) ) ;
#1339 = EDGE_CURVE ( 'NONE', #1112, #1823, #1912, .T. ) ;
#1340 = DIRECTION ( 'NONE',  ( -0.000000000000000000, -0.000000000000000000, 1.000000000000000000 ) ) ;
#1341 = DIRECTION ( 'NONE',  ( 0.000000000000000000, 0.000000000000000000, -1.000000000000000000 ) ) ;
#1342 = CARTESIAN_POINT ( 'NONE',  ( 13.43553894268711524, 12.46395590050279800, 0.6357798393606224341 ) ) ;
#1343 = ORIENTED_EDGE ( 'NONE', *, *, #949, .T. ) ;
#1344 = CARTESIAN_POINT ( 'NONE',  ( 21.99999999999999289, 13.00000000000000178, -1.526556658859589612E-14 ) ) ;
#1345 = CARTESIAN_POINT ( 'NONE',  ( 8.500000000000000000, -3.000000000000000000, 0.000000000000000000 ) ) ;
#1346 = CIRCLE ( 'NONE', #1869, 13.50000000000000178 ) ;
#1347 = ORIENTED_EDGE ( 'NONE', *, *, #50, .T. ) ;
#1348 = VECTOR ( 'NONE', #1098, 1000.000000000000114 ) ;
#1349 = EDGE_CURVE ( 'NONE', #609, #1094, #1144, .T. ) ;
#1350 = CARTESIAN_POINT ( 'NONE',  ( 0.000000000000000000, 13.00000000000000178, 2.000000000000000000 ) ) ;
#1351 = EDGE_CURVE ( 'NONE', #309, #1707, #1845, .T. ) ;
#1352 = FACE_OUTER_BOUND ( 'NONE', #422, .T. ) ;
#1353 = DIRECTION ( 'NONE',  ( -0.000000000000000000, -1.000000000000000000, -0.000000000000000000 ) ) ;
#1354 = ORIENTED_EDGE ( 'NONE', *, *, #1911, .T. ) ;
#1355 = CARTESIAN_POINT ( 'NONE',  ( 23.99999999999999289, 11.00000000000000178, -1.665334536937734495E-14 ) ) ;
#1356 = CARTESIAN_POINT ( 'NONE',  ( -13.44004660856876932, 12.37078770584266429, 0.5421933010531799768 ) ) ;
#1357 = AXIS2_PLACEMENT_3D ( 'NONE', #1774, #1765, #525 ) ;
#1358 = CONICAL_SURFACE ( 'NONE', #940, 2.499999999999995115, 0.7853981633974473908 ) ;
#1359 = CYLINDRICAL_SURFACE ( 'NONE', #191, 1.499999999999999556 ) ;
#1360 = ORIENTED_EDGE ( 'NONE', *, *, #703, .F. ) ;
#1361 = CARTESIAN_POINT ( 'NONE',  ( -22.00000000000000000, -3.000000000000002665, 12.50000000000000000 ) ) ;
#1362 = EDGE_CURVE ( 'NONE', #1823, #319, #1466, .T. ) ;
#1363 = DIRECTION ( 'NONE',  ( 8.659560562354926695E-17, -0.7071067811865482389, 0.7071067811865469066 ) ) ;
#1364 = CARTESIAN_POINT ( 'NONE',  ( 13.45884815255333145, 11.64771034896752333, 0.1066548824834191583 ) ) ;
#1365 = VERTEX_POINT ( 'NONE', #204 ) ;
#1366 = DIRECTION ( 'NONE',  ( -1.000000000000000000, 0.000000000000000000, 0.000000000000000000 ) ) ;
#1367 = CARTESIAN_POINT ( 'NONE',  ( -12.36660866615847532, 11.99999916587621129, 1.821518811487566225 ) ) ;
#1368 = DIRECTION ( 'NONE',  ( 0.000000000000000000, 0.000000000000000000, 1.000000000000000000 ) ) ;
#1369 = ORIENTED_EDGE ( 'NONE', *, *, #223, .T. ) ;
#1370 = CIRCLE ( 'NONE', #1564, 1.499999999999999556 ) ;
#1371 = VECTOR ( 'NONE', #931, 1000.000000000000000 ) ;
#1372 = FACE_OUTER_BOUND ( 'NONE', #819, .T. ) ;
#1373 = AXIS2_PLACEMENT_3D ( 'NONE', #1323, #1655, #1017 ) ;
#1374 = EDGE_CURVE ( 'NONE', #1481, #904, #1877, .T. ) ;
#1375 = FACE_OUTER_BOUND ( 'NONE', #1530, .T. ) ;
#1376 = CARTESIAN_POINT ( 'NONE',  ( 13.46033518163474696, 11.52235540256139501, 0.06830313904115140056 ) ) ;
#1377 = ORIENTED_EDGE ( 'NONE', *, *, #285, .F. ) ;
#1378 = ORIENTED_EDGE ( 'NONE', *, *, #198, .F. ) ;
#1379 = EDGE_CURVE ( 'NONE', #1897, #1431, #1287, .T. ) ;
#1380 = FACE_OUTER_BOUND ( 'NONE', #1255, .T. ) ;
#1381 = ORIENTED_EDGE ( 'NONE', *, *, #214, .T. ) ;
#1382 = DIRECTION ( 'NONE',  ( 6.938893903907228378E-16, -0.000000000000000000, 1.000000000000000000 ) ) ;
#1383 = DIRECTION ( 'NONE',  ( 0.000000000000000000, 0.000000000000000000, 1.000000000000000000 ) ) ;
#1384 = DIRECTION ( 'NONE',  ( -0.000000000000000000, -1.000000000000000000, -0.000000000000000000 ) ) ;
#1385 = ORIENTED_EDGE ( 'NONE', *, *, #1718, .T. ) ;
#1386 = ORIENTED_EDGE ( 'NONE', *, *, #735, .T. ) ;
#1387 = VECTOR ( 'NONE', #1108, 1000.000000000000114 ) ;
#1388 = CARTESIAN_POINT ( 'NONE',  ( -15.00000000000000000, 13.00000000000000178, 10.50000000000000000 ) ) ;
#1389 = VECTOR ( 'NONE', #188, 1000.000000000000000 ) ;
#1390 = VERTEX_POINT ( 'NONE', #384 ) ;
#1391 = CARTESIAN_POINT ( 'NONE',  ( 2.571758278209441661E-15, -1.999999999999996669, 10.00000000000000000 ) ) ;
#1392 = DIRECTION ( 'NONE',  ( -0.7071067811865469066, -0.7071067811865482389, 0.000000000000000000 ) ) ;
#1393 = EDGE_CURVE ( 'NONE', #1823, #1131, #177, .T. ) ;
#1394 = CARTESIAN_POINT ( 'NONE',  ( 13.44132099739579189, 12.34011880757585189, 0.5148214311638368290 ) ) ;
#1395 = CARTESIAN_POINT ( 'NONE',  ( 0.000000000000000000, -8.500000000000028422, 0.000000000000000000 ) ) ;
#1396 = ORIENTED_EDGE ( 'NONE', *, *, #814, .T. ) ;
#1397 = ORIENTED_EDGE ( 'NONE', *, *, #590, .F. ) ;
#1398 = ORIENTED_EDGE ( 'NONE', *, *, #1177, .F. ) ;
#1399 = CARTESIAN_POINT ( 'NONE',  ( -24.00000000000000000, 11.00000000000000178, 12.50000000000000000 ) ) ;
#1400 = CARTESIAN_POINT ( 'NONE',  ( -22.00000000000000000, 13.00000000000000178, 12.50000000000000000 ) ) ;
#1401 = EDGE_CURVE ( 'NONE', #32, #1984, #71, .T. ) ;
#1402 = FACE_OUTER_BOUND ( 'NONE', #293, .T. ) ;
#1403 = LINE ( 'NONE', #1137, #344 ) ;
#1404 = ORIENTED_EDGE ( 'NONE', *, *, #1742, .T. ) ;
#1405 = ORIENTED_EDGE ( 'NONE', *, *, #451, .F. ) ;
#1406 = FACE_BOUND ( 'NONE', #1134, .T. ) ;
#1407 = AXIS2_PLACEMENT_3D ( 'NONE', #1035, #1659, #1182 ) ;
#1408 = ORIENTED_EDGE ( 'NONE', *, *, #424, .T. ) ;
#1409 = DIRECTION ( 'NONE',  ( 0.000000000000000000, 0.000000000000000000, 1.000000000000000000 ) ) ;
#1410 = CARTESIAN_POINT ( 'NONE',  ( 0.000000000000000000, -3.000000000000000000, 0.000000000000000000 ) ) ;
#1411 = VECTOR ( 'NONE', #512, 1000.000000000000000 ) ;
#1412 = ADVANCED_FACE ( 'NONE', ( #1786 ), #1008, .T. ) ;
#1413 = CARTESIAN_POINT ( 'NONE',  ( 13.43880850152192252, 12.39612372259737505, 0.5678422483622459493 ) ) ;
#1414 = EDGE_CURVE ( 'NONE', #51, #630, #414, .T. ) ;
#1415 = LINE ( 'NONE', #495, #1387 ) ;
#1416 = ORIENTED_EDGE ( 'NONE', *, *, #401, .F. ) ;
#1417 = VERTEX_POINT ( 'NONE', #1232 ) ;
#1418 = EDGE_LOOP ( 'NONE', ( #1405, #1880, #1510, #1772 ) ) ;
#1419 = CARTESIAN_POINT ( 'NONE',  ( 0.000000000000000000, 13.00000000000000178, 0.000000000000000000 ) ) ;
#1420 = ORIENTED_EDGE ( 'NONE', *, *, #376, .T. ) ;
#1421 = CARTESIAN_POINT ( 'NONE',  ( -19.50000000000000000, 4.999999999999997335, 13.49999999999998579 ) ) ;
#1422 = CARTESIAN_POINT ( 'NONE',  ( 2.571758278209441661E-15, -3.000000000000000000, -8.500000000000000000 ) ) ;
#1423 = EDGE_CURVE ( 'NONE', #1984, #140, #1222, .T. ) ;
#1424 = FACE_OUTER_BOUND ( 'NONE', #1150, .T. ) ;
#1425 = CYLINDRICAL_SURFACE ( 'NONE', #452, 1.500000000000001332 ) ;
#1426 = EDGE_LOOP ( 'NONE', ( #2006, #1427, #1420, #362 ) ) ;
#1427 = ORIENTED_EDGE ( 'NONE', *, *, #531, .F. ) ;
#1428 = CARTESIAN_POINT ( 'NONE',  ( -23.99999999999999645, -1.000000000000000888, 17.50000000000000000 ) ) ;
#1429 = CARTESIAN_POINT ( 'NONE',  ( 4.347496136973103873E-16, -3.000000000000000000, -3.549999999999999822 ) ) ;
#1430 = EDGE_CURVE ( 'NONE', #559, #1717, #1814, .T. ) ;
#1431 = VERTEX_POINT ( 'NONE', #443 ) ;
#1432 = SHAPE_DEFINITION_REPRESENTATION ( #533, #581 ) ;
#1433 = ORIENTED_EDGE ( 'NONE', *, *, #1219, .F. ) ;
#1434 = DIRECTION ( 'NONE',  ( -0.000000000000000000, -1.000000000000000000, -0.000000000000000000 ) ) ;
#1435 = CARTESIAN_POINT ( 'NONE',  ( -13.43320529451786349, 12.50658310209348123, 0.6830121935336294081 ) ) ;
#1436 = PRESENTATION_LAYER_ASSIGNMENT (  '', '', ( #122 ) ) ;
#1437 = CONICAL_SURFACE ( 'NONE', #1702, 2.499999999999995115, 0.7853981633974440602 ) ;
#1438 = VERTEX_POINT ( 'NONE', #893 ) ;
#1439 = DIRECTION ( 'NONE',  ( 0.000000000000000000, 0.000000000000000000, 1.000000000000000000 ) ) ;
#1440 = EDGE_CURVE ( 'NONE', #1959, #1789, #1662, .T. ) ;
#1441 = CARTESIAN_POINT ( 'NONE',  ( 17.00000000000000000, 13.00000000000000178, 12.50000000000000000 ) ) ;
#1442 = ORIENTED_EDGE ( 'NONE', *, *, #1430, .T. ) ;
#1443 = EDGE_CURVE ( 'NONE', #804, #1560, #1074, .T. ) ;
#1444 = ORIENTED_EDGE ( 'NONE', *, *, #949, .F. ) ;
#1445 = CARTESIAN_POINT ( 'NONE',  ( 2.571758278209441661E-15, -3.000000000000000000, 8.500000000000000000 ) ) ;
#1446 = DIRECTION ( 'NONE',  ( 0.000000000000000000, 0.000000000000000000, -1.000000000000000000 ) ) ;
#1447 = EDGE_LOOP ( 'NONE', ( #1591, #320, #158, #1214 ) ) ;
#1448 = CARTESIAN_POINT ( 'NONE',  ( -21.00000000000000000, 4.999999999999997335, 21.74264068711928743 ) ) ;
#1449 = VECTOR ( 'NONE', #569, 1000.000000000000000 ) ;
#1450 = ORIENTED_EDGE ( 'NONE', *, *, #1339, .T. ) ;
#1451 = DIRECTION ( 'NONE',  ( 6.938893903907228378E-16, -0.000000000000000000, 1.000000000000000000 ) ) ;
#1452 = AXIS2_PLACEMENT_3D ( 'NONE', #763, #1069, #1695 ) ;
#1453 = ORIENTED_EDGE ( 'NONE', *, *, #2022, .F. ) ;
#1454 = CIRCLE ( 'NONE', #241, 12.50000000000000000 ) ;
#1455 = CARTESIAN_POINT ( 'NONE',  ( 8.500000000000000000, 0.000000000000000000, 0.000000000000000000 ) ) ;
#1456 = DIRECTION ( 'NONE',  ( -1.000000000000000000, -0.000000000000000000, 9.912705577010325549E-17 ) ) ;
#1457 = ORIENTED_EDGE ( 'NONE', *, *, #432, .F. ) ;
#1458 = DIRECTION ( 'NONE',  ( 0.000000000000000000, 0.000000000000000000, 1.000000000000000000 ) ) ;
#1459 = CARTESIAN_POINT ( 'NONE',  ( 12.39156428768792928, 11.97481060983504442, 1.643172543932987839 ) ) ;
#1460 = DIRECTION ( 'NONE',  ( -0.000000000000000000, -1.000000000000000000, -0.000000000000000000 ) ) ;
#1461 = CARTESIAN_POINT ( 'NONE',  ( -13.35102992281869305, 13.00000000000000178, 2.000000000000000000 ) ) ;
#1462 = CARTESIAN_POINT ( 'NONE',  ( -13.42521544053368565, 12.62934699990337251, 0.8383219781715681718 ) ) ;
#1463 = EDGE_CURVE ( 'NONE', #984, #1138, #808, .T. ) ;
#1464 = ORIENTED_EDGE ( 'NONE', *, *, #1900, .T. ) ;
#1465 = CARTESIAN_POINT ( 'NONE',  ( 15.00000000000000178, 13.00000000000000178, 0.000000000000000000 ) ) ;
#1466 = LINE ( 'NONE', #1311, #1719 ) ;
#1467 = CARTESIAN_POINT ( 'NONE',  ( 0.000000000000000000, 13.00000000000000178, 12.50000000000000000 ) ) ;
#1468 = CIRCLE ( 'NONE', #323, 15.00000000000000178 ) ;
#1469 = CARTESIAN_POINT ( 'NONE',  ( 12.45574499139450886, 11.50207362748638751, 1.050942150659276209 ) ) ;
#1470 = VECTOR ( 'NONE', #1993, 1000.000000000000000 ) ;
#1471 = CYLINDRICAL_SURFACE ( 'NONE', #1373, 1.500000000000001332 ) ;
#1472 = CARTESIAN_POINT ( 'NONE',  ( 15.00000000000000178, 5.000000000000000000, 0.000000000000000000 ) ) ;
#1473 = AXIS2_PLACEMENT_3D ( 'NONE', #1625, #867, #367 ) ;
#1474 = VERTEX_POINT ( 'NONE', #1706 ) ;
#1475 = EDGE_CURVE ( 'NONE', #23, #261, #1753, .T. ) ;
#1476 = CARTESIAN_POINT ( 'NONE',  ( 0.000000000000000000, -3.000000000000000000, 3.549999999999999822 ) ) ;
#1477 = LINE ( 'NONE', #881, #628 ) ;
#1478 = CARTESIAN_POINT ( 'NONE',  ( 12.45922930529791017, 11.41487950342211377, 1.008831574816099197 ) ) ;
#1479 = DIRECTION ( 'NONE',  ( -6.938893903907228378E-16, 0.000000000000000000, -1.000000000000000000 ) ) ;
#1480 = DIRECTION ( 'NONE',  ( -0.000000000000000000, -0.000000000000000000, 1.000000000000000000 ) ) ;
#1481 = VERTEX_POINT ( 'NONE', #421 ) ;
#1482 = DIRECTION ( 'NONE',  ( -0.000000000000000000, -1.000000000000000000, -0.000000000000000000 ) ) ;
#1483 = CARTESIAN_POINT ( 'NONE',  ( -8.500000000000000000, 0.000000000000000000, 0.000000000000000000 ) ) ;
#1484 = AXIS2_PLACEMENT_3D ( 'NONE', #974, #174, #942 ) ;
#1485 = ADVANCED_FACE ( 'NONE', ( #1047 ), #1081, .T. ) ;
#1486 = DIRECTION ( 'NONE',  ( -0.000000000000000000, 1.000000000000000000, -0.000000000000000000 ) ) ;
#1487 = CARTESIAN_POINT ( 'NONE',  ( 13.41620061469605041, 12.73572090382291755, 1.004260624086541931 ) ) ;
#1488 = CARTESIAN_POINT ( 'NONE',  ( 2.877919977996279531E-15, -3.000000000000000000, 10.99999999999999645 ) ) ;
#1489 = CYLINDRICAL_SURFACE ( 'NONE', #1252, 1.500000000000000666 ) ;
#1490 = VERTEX_POINT ( 'NONE', #1535 ) ;
#1491 = DIRECTION ( 'NONE',  ( 0.000000000000000000, 0.000000000000000000, 1.000000000000000000 ) ) ;
#1492 = DIRECTION ( 'NONE',  ( 0.000000000000000000, 0.000000000000000000, -1.000000000000000000 ) ) ;
#1493 = FACE_BOUND ( 'NONE', #1179, .T. ) ;
#1494 = FACE_OUTER_BOUND ( 'NONE', #216, .T. ) ;
#1495 = CARTESIAN_POINT ( 'NONE',  ( 12.42527490016293434, 11.85122326762341238, 1.364984976919201509 ) ) ;
#1496 = EDGE_LOOP ( 'NONE', ( #283, #1546, #1457, #1317 ) ) ;
#1497 = LINE ( 'NONE', #1039, #1990 ) ;
#1498 = CARTESIAN_POINT ( 'NONE',  ( -12.45819590676973476, 11.44378343436189738, 1.021547948184205357 ) ) ;
#1499 = EDGE_CURVE ( 'NONE', #885, #492, #770, .T. ) ;
#1500 = ORIENTED_EDGE ( 'NONE', *, *, #1919, .T. ) ;
#1501 = AXIS2_PLACEMENT_3D ( 'NONE', #1630, #1340, #1190 ) ;
#1502 = CARTESIAN_POINT ( 'NONE',  ( 0.000000000000000000, -3.000000000000002665, 12.50000000000000000 ) ) ;
#1503 = LINE ( 'NONE', #95, #983 ) ;
#1504 = LINE ( 'NONE', #297, #1304 ) ;
#1505 = ORIENTED_EDGE ( 'NONE', *, *, #1718, .F. ) ;
#1506 = DIRECTION ( 'NONE',  ( -0.000000000000000000, -0.000000000000000000, 1.000000000000000000 ) ) ;
#1507 = CARTESIAN_POINT ( 'NONE',  ( -13.46194857360175412, 11.32689988158163352, 0.02581510773566113998 ) ) ;
#1508 = AXIS2_PLACEMENT_3D ( 'NONE', #1285, #321, #977 ) ;
#1509 = DIRECTION ( 'NONE',  ( 0.000000000000000000, 1.000000000000000000, 0.000000000000000000 ) ) ;
#1510 = ORIENTED_EDGE ( 'NONE', *, *, #1875, .F. ) ;
#1511 = ORIENTED_EDGE ( 'NONE', *, *, #1321, .T. ) ;
#1512 = VECTOR ( 'NONE', #1040, 1000.000000000000000 ) ;
#1513 = DIRECTION ( 'NONE',  ( -1.000000000000000000, 0.000000000000000000, 0.000000000000000000 ) ) ;
#1514 = EDGE_CURVE ( 'NONE', #1897, #812, #109, .T. ) ;
#1515 = LINE ( 'NONE', #750, #787 ) ;
#1516 = DIRECTION ( 'NONE',  ( -0.000000000000000000, -1.000000000000000000, -0.000000000000000000 ) ) ;
#1517 = EDGE_LOOP ( 'NONE', ( #1740, #1283, #239, #114 ) ) ;
#1518 = CARTESIAN_POINT ( 'NONE',  ( 0.000000000000000000, -3.000000000000000000, 3.549999999999999822 ) ) ;
#1519 = CARTESIAN_POINT ( 'NONE',  ( -13.46291188815017570, 11.06626145927059746, 1.833331445750688369E-06 ) ) ;
#1520 = ORIENTED_EDGE ( 'NONE', *, *, #1790, .F. ) ;
#1521 = CARTESIAN_POINT ( 'NONE',  ( -12.69171980317332427, 12.33333333333333037, 1.901234567901228578 ) ) ;
#1522 = DIRECTION ( 'NONE',  ( 0.000000000000000000, 1.000000000000000000, -0.000000000000000000 ) ) ;
#1523 = EDGE_CURVE ( 'NONE', #180, #298, #1504, .T. ) ;
#1524 = CARTESIAN_POINT ( 'NONE',  ( 13.46291188943546047, 11.06626758519803388, 1.755961051570406660E-06 ) ) ;
#1525 = VERTEX_POINT ( 'NONE', #741 ) ;
#1526 = CARTESIAN_POINT ( 'NONE',  ( -13.44848609290108321, 12.14020754278262437, 0.3565276238259291186 ) ) ;
#1527 = VERTEX_POINT ( 'NONE', #463 ) ;
#1528 = AXIS2_PLACEMENT_3D ( 'NONE', #1191, #255, #266 ) ;
#1529 = DIRECTION ( 'NONE',  ( -0.000000000000000000, -1.000000000000000000, -0.000000000000000000 ) ) ;
#1530 = EDGE_LOOP ( 'NONE', ( #152, #1343, #1360, #372 ) ) ;
#1531 = AXIS2_PLACEMENT_3D ( 'NONE', #1872, #2002, #1852 ) ;
#1532 = DIRECTION ( 'NONE',  ( -1.000000000000000000, 0.000000000000000000, 0.000000000000000000 ) ) ;
#1533 = EDGE_CURVE ( 'NONE', #347, #1525, #751, .T. ) ;
#1534 = FACE_OUTER_BOUND ( 'NONE', #476, .T. ) ;
#1535 = CARTESIAN_POINT ( 'NONE',  ( -17.00000000000000000, 13.00000000000000178, 12.50000000000000000 ) ) ;
#1536 = ORIENTED_EDGE ( 'NONE', *, *, #1961, .T. ) ;
#1537 = ORIENTED_EDGE ( 'NONE', *, *, #107, .T. ) ;
#1538 = CARTESIAN_POINT ( 'NONE',  ( 12.46565927577431410, 5.000000000000000000, 0.9259259259259327024 ) ) ;
#1539 = EDGE_LOOP ( 'NONE', ( #273, #1832 ) ) ;
#1540 = CARTESIAN_POINT ( 'NONE',  ( -15.00000000000000178, 5.000000000000000000, 1.486905836551549079E-15 ) ) ;
#1541 = LINE ( 'NONE', #1870, #761 ) ;
#1542 = AXIS2_PLACEMENT_3D ( 'NONE', #1422, #284, #1104 ) ;
#1543 = DIRECTION ( 'NONE',  ( 0.000000000000000000, -1.000000000000000000, 0.000000000000000000 ) ) ;
#1544 = PRODUCT_RELATED_PRODUCT_CATEGORY ( 'part', '', ( #692 ) ) ;
#1545 = FACE_BOUND ( 'NONE', #515, .T. ) ;
#1546 = ORIENTED_EDGE ( 'NONE', *, *, #1142, .T. ) ;
#1547 = ORIENTED_EDGE ( 'NONE', *, *, #116, .T. ) ;
#1548 = AXIS2_PLACEMENT_3D ( 'NONE', #1846, #608, #454 ) ;
#1549 = VECTOR ( 'NONE', #1118, 1000.000000000000000 ) ;
#1550 = ORIENTED_EDGE ( 'NONE', *, *, #1121, .T. ) ;
#1551 = ADVANCED_FACE ( 'NONE', ( #586, #433, #1545, #139, #268, #2012 ), #615, .F. ) ;
#1552 = CARTESIAN_POINT ( 'NONE',  ( 13.35102992281869483, 13.00000000000000178, 2.000000000000000000 ) ) ;
#1553 = CARTESIAN_POINT ( 'NONE',  ( -13.46291201783626335, 4.962912017836258904, 0.000000000000000000 ) ) ;
#1554 = CARTESIAN_POINT ( 'NONE',  ( 13.43327043711126123, 12.51080212846180117, 0.6828714712691486000 ) ) ;
#1555 = CARTESIAN_POINT ( 'NONE',  ( -13.35102992281869305, 13.00000000000000178, 1.999999999999999112 ) ) ;
#1556 = ORIENTED_EDGE ( 'NONE', *, *, #40, .T. ) ;
#1557 = ORIENTED_EDGE ( 'NONE', *, *, #979, .F. ) ;
#1558 = CARTESIAN_POINT ( 'NONE',  ( 0.000000000000000000, 11.00000000000000178, 2.000000000000000000 ) ) ;
#1559 = EDGE_CURVE ( 'NONE', #409, #1729, #14, .T. ) ;
#1560 = VERTEX_POINT ( 'NONE', #329 ) ;
#1561 = CIRCLE ( 'NONE', #1299, 1.500000000000001332 ) ;
#1562 = FACE_OUTER_BOUND ( 'NONE', #772, .T. ) ;
#1563 = EDGE_CURVE ( 'NONE', #1855, #837, #157, .T. ) ;
#1564 = AXIS2_PLACEMENT_3D ( 'NONE', #631, #613, #471 ) ;
#1565 = AXIS2_PLACEMENT_3D ( 'NONE', #76, #717, #1332 ) ;
#1566 = CARTESIAN_POINT ( 'NONE',  ( -17.00000000000000000, 13.00000000000000178, 12.50000000000000000 ) ) ;
#1567 = CARTESIAN_POINT ( 'NONE',  ( -13.36069721155022982, 12.99678818542917647, 1.869285953330619421 ) ) ;
#1568 = VERTEX_POINT ( 'NONE', #634 ) ;
#1569 = EDGE_LOOP ( 'NONE', ( #79, #1580, #650, #599 ) ) ;
#1570 = CARTESIAN_POINT ( 'NONE',  ( 22.00000000000000355, -3.000000000000002665, 12.50000000000000000 ) ) ;
#1571 = AXIS2_PLACEMENT_3D ( 'NONE', #1962, #1640, #575 ) ;
#1572 = EDGE_LOOP ( 'NONE', ( #1280, #1408, #269, #992 ) ) ;
#1573 = CARTESIAN_POINT ( 'NONE',  ( 12.69171980317332071, 12.33333333333333037, 1.901234567901234573 ) ) ;
#1574 = DIRECTION ( 'NONE',  ( 0.000000000000000000, 0.000000000000000000, 1.000000000000000000 ) ) ;
#1575 = CIRCLE ( 'NONE', #1542, 2.499999999999995115 ) ;
#1576 = EDGE_CURVE ( 'NONE', #592, #261, #1114, .T. ) ;
#1577 = CARTESIAN_POINT ( 'NONE',  ( 2.571758278209441661E-15, -3.000000000000000000, 8.500000000000000000 ) ) ;
#1578 = DIRECTION ( 'NONE',  ( -1.000000000000000000, 0.000000000000000000, 0.000000000000000000 ) ) ;
#1579 = ORIENTED_EDGE ( 'NONE', *, *, #1177, .T. ) ;
#1580 = ORIENTED_EDGE ( 'NONE', *, *, #1777, .T. ) ;
#1581 = DIRECTION ( 'NONE',  ( 1.000000000000000000, -0.000000000000000000, 0.000000000000000000 ) ) ;
#1582 = CARTESIAN_POINT ( 'NONE',  ( 0.000000000000000000, 13.00000000000000178, 17.50000000000000000 ) ) ;
#1583 = VERTEX_POINT ( 'NONE', #950 ) ;
#1584 = CIRCLE ( 'NONE', #1941, 2.499999999999988454 ) ;
#1585 = DIRECTION ( 'NONE',  ( -1.000000000000000000, 0.000000000000000000, 0.000000000000000000 ) ) ;
#1586 = LINE ( 'NONE', #1018, #1613 ) ;
#1587 = EDGE_CURVE ( 'NONE', #1146, #2014, #2021, .T. ) ;
#1588 = ORIENTED_EDGE ( 'NONE', *, *, #1514, .T. ) ;
#1589 = CARTESIAN_POINT ( 'NONE',  ( 12.36206474335063810, 11.99999999999999467, 1.851851851851850306 ) ) ;
#1590 = CARTESIAN_POINT ( 'NONE',  ( -13.46291201783626335, 5.000000000000000000, 0.000000000000000000 ) ) ;
#1591 = ORIENTED_EDGE ( 'NONE', *, *, #1076, .F. ) ;
#1592 = EDGE_CURVE ( 'NONE', #1247, #1162, #941, .T. ) ;
#1593 = DIRECTION ( 'NONE',  ( -6.938893903907228378E-16, 0.000000000000000000, -1.000000000000000000 ) ) ;
#1594 = LINE ( 'NONE', #986, #1160 ) ;
#1595 = ORIENTED_EDGE ( 'NONE', *, *, #1086, .T. ) ;
#1596 = AXIS2_PLACEMENT_3D ( 'NONE', #726, #1812, #1315 ) ;
#1597 = CIRCLE ( 'NONE', #888, 2.499999999999995115 ) ;
#1598 = ORIENTED_EDGE ( 'NONE', *, *, #1463, .F. ) ;
#1599 = DIRECTION ( 'NONE',  ( 0.000000000000000000, 0.000000000000000000, -1.000000000000000000 ) ) ;
#1600 = CARTESIAN_POINT ( 'NONE',  ( 8.500000000000000000, -3.000000000000000000, 0.000000000000000000 ) ) ;
#1601 = VECTOR ( 'NONE', #1529, 1000.000000000000000 ) ;
#1602 = CIRCLE ( 'NONE', #954, 1.500000000000000666 ) ;
#1603 = VERTEX_POINT ( 'NONE', #117 ) ;
#1604 = DIRECTION ( 'NONE',  ( 0.000000000000000000, 0.000000000000000000, -1.000000000000000000 ) ) ;
#1605 = FACE_OUTER_BOUND ( 'NONE', #792, .T. ) ;
#1606 = ADVANCED_FACE ( 'NONE', ( #1375 ), #595, .F. ) ;
#1607 = ORIENTED_EDGE ( 'NONE', *, *, #80, .F. ) ;
#1608 = CYLINDRICAL_SURFACE ( 'NONE', #658, 2.000000000000000000 ) ;
#1609 = CARTESIAN_POINT ( 'NONE',  ( -15.00000000000000178, 11.00000000000000178, 2.000000000000000000 ) ) ;
#1610 = CONICAL_SURFACE ( 'NONE', #573, 1.500000000000001332, 0.7853981633974495002 ) ;
#1611 = ORIENTED_EDGE ( 'NONE', *, *, #116, .F. ) ;
#1612 = FACE_OUTER_BOUND ( 'NONE', #1572, .T. ) ;
#1613 = VECTOR ( 'NONE', #860, 1000.000000000000000 ) ;
#1614 = ORIENTED_EDGE ( 'NONE', *, *, #1533, .T. ) ;
#1615 = CARTESIAN_POINT ( 'NONE',  ( 13.45075430082015089, 12.06075561735755919, 0.3041546667985045027 ) ) ;
#1616 = CARTESIAN_POINT ( 'NONE',  ( -23.99999999999999645, 13.00000000000000178, 12.50000000000000000 ) ) ;
#1617 = FACE_OUTER_BOUND ( 'NONE', #1689, .T. ) ;
#1618 = EDGE_CURVE ( 'NONE', #1583, #391, #138, .T. ) ;
#1619 = AXIS2_PLACEMENT_3D ( 'NONE', #150, #318, #186 ) ;
#1620 = EDGE_LOOP ( 'NONE', ( #257, #1752 ) ) ;
#1621 = FACE_OUTER_BOUND ( 'NONE', #1418, .T. ) ;
#1622 = DIRECTION ( 'NONE',  ( -0.000000000000000000, -1.000000000000000000, -0.000000000000000000 ) ) ;
#1623 = DIRECTION ( 'NONE',  ( 0.000000000000000000, 1.000000000000000000, -0.000000000000000000 ) ) ;
#1624 = CARTESIAN_POINT ( 'NONE',  ( 13.40619235945013621, 12.82443198397298190, 1.178001837871248236 ) ) ;
#1625 = CARTESIAN_POINT ( 'NONE',  ( 21.99999999999999289, 11.00000000000000178, -1.526556658859589612E-14 ) ) ;
#1626 = FACE_OUTER_BOUND ( 'NONE', #1145, .T. ) ;
#1627 = ADVANCED_FACE ( 'NONE', ( #1534 ), #1633, .F. ) ;
#1628 = ORIENTED_EDGE ( 'NONE', *, *, #1349, .T. ) ;
#1629 = DIRECTION ( 'NONE',  ( 0.000000000000000000, 0.000000000000000000, 1.000000000000000000 ) ) ;
#1630 = CARTESIAN_POINT ( 'NONE',  ( -19.50000000000000000, 4.999999999999997335, 17.50000000000000000 ) ) ;
#1631 = CONICAL_SURFACE ( 'NONE', #791, 12.50000000000000000, 0.7853981633974473908 ) ;
#1632 = CARTESIAN_POINT ( 'NONE',  ( 12.46384683369070778, 11.22909887363339898, 0.9500309835649174417 ) ) ;
#1633 = CONICAL_SURFACE ( 'NONE', #192, 2.499999999999995115, 0.7853981633974477239 ) ;
#1634 = FACE_OUTER_BOUND ( 'NONE', #878, .T. ) ;
#1635 = CARTESIAN_POINT ( 'NONE',  ( -12.45153098811275783, 11.58351895751894567, 1.099754078076594199 ) ) ;
#1636 = CIRCLE ( 'NONE', #1211, 1.500000000000001332 ) ;
#1637 = VERTEX_POINT ( 'NONE', #788 ) ;
#1638 = ADVANCED_FACE ( 'NONE', ( #1402 ), #1251, .F. ) ;
#1639 = DIRECTION ( 'NONE',  ( 0.000000000000000000, 1.000000000000000000, -0.000000000000000000 ) ) ;
#1640 = DIRECTION ( 'NONE',  ( 1.000000000000000000, -0.000000000000000000, 9.912705577010325549E-17 ) ) ;
#1641 = ADVANCED_FACE ( 'NONE', ( #6 ), #799, .F. ) ;
#1642 = CARTESIAN_POINT ( 'NONE',  ( 12.45369434591338553, 11.54433997481346807, 1.074974603272382812 ) ) ;
#1643 = CYLINDRICAL_SURFACE ( 'NONE', #1473, 2.000000000000001776 ) ;
#1644 = CARTESIAN_POINT ( 'NONE',  ( 0.000000000000000000, 5.000000000000000000, -15.00000000000000178 ) ) ;
#1645 = EDGE_LOOP ( 'NONE', ( #923, #1263, #1043, #1266, #1766 ) ) ;
#1646 = CARTESIAN_POINT ( 'NONE',  ( 19.50000000000000355, 5.000000000000000888, 13.49999999999998579 ) ) ;
#1647 = ADVANCED_FACE ( 'NONE', ( #340 ), #1608, .F. ) ;
#1648 = CARTESIAN_POINT ( 'NONE',  ( -8.500000000000000000, -3.000000000000000000, 2.499999999999995115 ) ) ;
#1649 = AXIS2_PLACEMENT_3D ( 'NONE', #25, #1115, #821 ) ;
#1650 = ADVANCED_FACE ( 'NONE', ( #1621 ), #564, .F. ) ;
#1651 = DIRECTION ( 'NONE',  ( -0.000000000000000000, -1.000000000000000000, -0.000000000000000000 ) ) ;
#1652 = CARTESIAN_POINT ( 'NONE',  ( -13.46291201783626335, 11.00000000000000178, 0.000000000000000000 ) ) ;
#1653 = CARTESIAN_POINT ( 'NONE',  ( 12.40638770739094454, 11.93708980061167146, 1.527200992123566303 ) ) ;
#1654 = ORIENTED_EDGE ( 'NONE', *, *, #155, .F. ) ;
#1655 = DIRECTION ( 'NONE',  ( -0.000000000000000000, -0.000000000000000000, -1.000000000000000000 ) ) ;
#1656 = CARTESIAN_POINT ( 'NONE',  ( -12.46330911542644948, 11.25930541192177259, 0.9570810074585930360 ) ) ;
#1657 = EDGE_LOOP ( 'NONE', ( #187, #135, #1194, #1378 ) ) ;
#1658 = CARTESIAN_POINT ( 'NONE',  ( 22.00000000000000711, 11.00000000000000178, 17.50000000000000000 ) ) ;
#1659 = DIRECTION ( 'NONE',  ( 0.000000000000000000, 1.000000000000000000, 0.000000000000000000 ) ) ;
#1660 = CARTESIAN_POINT ( 'NONE',  ( -13.43668568899429872, 12.43994829097302279, 0.6119007286597516471 ) ) ;
#1661 = CONICAL_SURFACE ( 'NONE', #82, 2.499999999999995115, 0.7853981633974440602 ) ;
#1662 = LINE ( 'NONE', #1685, #877 ) ;
#1663 = ORIENTED_EDGE ( 'NONE', *, *, #1692, .T. ) ;
#1664 = LINE ( 'NONE', #1071, #1894 ) ;
#1665 = CARTESIAN_POINT ( 'NONE',  ( -13.46037384466082720, 11.51861082382156454, 0.06729497610384416184 ) ) ;
#1666 = ADVANCED_FACE ( 'NONE', ( #1747 ), #1437, .F. ) ;
#1667 = CARTESIAN_POINT ( 'NONE',  ( 8.500000000000000000, -3.000000000000000000, 2.499999999999995115 ) ) ;
#1668 = VERTEX_POINT ( 'NONE', #373 ) ;
#1669 = ORIENTED_EDGE ( 'NONE', *, *, #488, .T. ) ;
#1670 = EDGE_CURVE ( 'NONE', #352, #1390, #1001, .T. ) ;
#1671 = DIRECTION ( 'NONE',  ( 0.000000000000000000, 1.000000000000000000, 0.000000000000000000 ) ) ;
#1672 = AXIS2_PLACEMENT_3D ( 'NONE', #1935, #385, #1943 ) ;
#1673 = CARTESIAN_POINT ( 'NONE',  ( 0.000000000000000000, 5.000000000000000000, 0.000000000000000000 ) ) ;
#1674 = DIRECTION ( 'NONE',  ( 0.000000000000000000, 0.000000000000000000, -1.000000000000000000 ) ) ;
#1675 = ORIENTED_EDGE ( 'NONE', *, *, #299, .F. ) ;
#1676 = CARTESIAN_POINT ( 'NONE',  ( -19.50000000000000000, 4.999999999999997335, 17.50000000000000000 ) ) ;
#1677 = CARTESIAN_POINT ( 'NONE',  ( -12.42535152492477835, 11.85017655137749593, 1.364116053846148313 ) ) ;
#1678 = AXIS2_PLACEMENT_3D ( 'NONE', #1646, #1833, #1513 ) ;
#1679 = AXIS2_PLACEMENT_3D ( 'NONE', #916, #189, #1751 ) ;
#1680 = DIRECTION ( 'NONE',  ( 0.000000000000000000, 1.000000000000000000, 0.000000000000000000 ) ) ;
#1681 = VERTEX_POINT ( 'NONE', #973 ) ;
#1682 = CARTESIAN_POINT ( 'NONE',  ( 0.000000000000000000, 0.000000000000000000, -12.50000000000000000 ) ) ;
#1683 = CARTESIAN_POINT ( 'NONE',  ( -19.50000000000000000, 4.999999999999997335, 21.74264068711928743 ) ) ;
#1684 = AXIS2_PLACEMENT_3D ( 'NONE', #1609, #1456, #44 ) ;
#1685 = CARTESIAN_POINT ( 'NONE',  ( 2.571758278209441661E-15, -3.000000000000000000, 10.00000000000000000 ) ) ;
#1686 = ORIENTED_EDGE ( 'NONE', *, *, #883, .F. ) ;
#1687 = CARTESIAN_POINT ( 'NONE',  ( 2.755455298081544778E-15, -3.000000000000000000, 7.000000000000000000 ) ) ;
#1688 = CARTESIAN_POINT ( 'NONE',  ( -12.38370497951791194, 11.98725141891982737, 1.701396209553727834 ) ) ;
#1689 = EDGE_LOOP ( 'NONE', ( #932, #1848, #2024, #1048 ) ) ;
#1690 = DIRECTION ( 'NONE',  ( 0.7071067811865483499, 8.659560562354942719E-17, -0.7071067811865466846 ) ) ;
#1691 = VERTEX_POINT ( 'NONE', #350 ) ;
#1692 = EDGE_CURVE ( 'NONE', #391, #898, #920, .T. ) ;
#1693 = FACE_OUTER_BOUND ( 'NONE', #1426, .T. ) ;
#1694 = CARTESIAN_POINT ( 'NONE',  ( 0.000000000000000000, 5.000000000000000000, 0.000000000000000000 ) ) ;
#1695 = DIRECTION ( 'NONE',  ( -1.000000000000000000, 0.000000000000000000, 0.000000000000000000 ) ) ;
#1696 = ORIENTED_EDGE ( 'NONE', *, *, #1618, .F. ) ;
#1697 = ORIENTED_EDGE ( 'NONE', *, *, #1440, .F. ) ;
#1698 = AXIS2_PLACEMENT_3D ( 'NONE', #38, #1058, #892 ) ;
#1699 = DIRECTION ( 'NONE',  ( 0.000000000000000000, 0.000000000000000000, 1.000000000000000000 ) ) ;
#1700 = VERTEX_POINT ( 'NONE', #652 ) ;
#1701 = AXIS2_PLACEMENT_3D ( 'NONE', #603, #897, #1699 ) ;
#1702 = AXIS2_PLACEMENT_3D ( 'NONE', #1445, #15, #1895 ) ;
#1703 = CARTESIAN_POINT ( 'NONE',  ( -8.500000000000000000, -2.000000000000002665, -1.499999999999999556 ) ) ;
#1704 = EDGE_CURVE ( 'NONE', #1637, #752, #704, .T. ) ;
#1705 = CARTESIAN_POINT ( 'NONE',  ( 13.44549487399886445, 12.23311462666947591, 0.4241430113138313640 ) ) ;
#1706 = CARTESIAN_POINT ( 'NONE',  ( -23.99999999999999645, 11.00000000000000178, 17.50000000000000000 ) ) ;
#1707 = VERTEX_POINT ( 'NONE', #1163 ) ;
#1708 = ORIENTED_EDGE ( 'NONE', *, *, #1799, .T. ) ;
#1709 = DIRECTION ( 'NONE',  ( -0.000000000000000000, -1.000000000000000000, -0.000000000000000000 ) ) ;
#1710 = ORIENTED_EDGE ( 'NONE', *, *, #561, .T. ) ;
#1711 = CARTESIAN_POINT ( 'NONE',  ( 0.000000000000000000, 5.000000000000000000, 0.000000000000000000 ) ) ;
#1712 = AXIS2_PLACEMENT_3D ( 'NONE', #686, #868, #1946 ) ;
#1713 = CARTESIAN_POINT ( 'NONE',  ( 13.45191125965850709, 12.02572325858587377, 0.2783659162927932251 ) ) ;
#1714 = CARTESIAN_POINT ( 'NONE',  ( 2.571758278209441661E-15, -2.000000000000003553, -8.500000000000000000 ) ) ;
#1715 = ORIENTED_EDGE ( 'NONE', *, *, #1256, .T. ) ;
#1716 = EDGE_CURVE ( 'NONE', #1681, #1527, #1209, .T. ) ;
#1717 = VERTEX_POINT ( 'NONE', #843 ) ;
#1718 = EDGE_CURVE ( 'NONE', #458, #1054, #733, .T. ) ;
#1719 = VECTOR ( 'NONE', #55, 1000.000000000000000 ) ;
#1720 = CARTESIAN_POINT ( 'NONE',  ( -15.00000000000000178, 13.00000000000000178, 0.000000000000000000 ) ) ;
#1721 = ORIENTED_EDGE ( 'NONE', *, *, #909, .T. ) ;
#1722 = CARTESIAN_POINT ( 'NONE',  ( 0.000000000000000000, 0.000000000000000000, 0.000000000000000000 ) ) ;
#1723 = DIRECTION ( 'NONE',  ( 0.000000000000000000, 1.000000000000000000, -0.000000000000000000 ) ) ;
#1724 = CARTESIAN_POINT ( 'NONE',  ( 13.43833146951786439, 12.40629226645815031, 0.5778139485518171137 ) ) ;
#1725 = CARTESIAN_POINT ( 'NONE',  ( -13.38726401910444253, 12.93302263890757331, 1.482616360498446140 ) ) ;
#1726 = ORIENTED_EDGE ( 'NONE', *, *, #1592, .T. ) ;
#1727 = VERTEX_POINT ( 'NONE', #203 ) ;
#1728 = CARTESIAN_POINT ( 'NONE',  ( 0.000000000000000000, 0.000000000000000000, 3.549999999999999822 ) ) ;
#1729 = VERTEX_POINT ( 'NONE', #1773 ) ;
#1730 = CARTESIAN_POINT ( 'NONE',  ( 8.500000000000000000, -3.000000000000000000, 1.500000000000000666 ) ) ;
#1731 = DIRECTION ( 'NONE',  ( 0.000000000000000000, 1.000000000000000000, 0.000000000000000000 ) ) ;
#1732 = EDGE_CURVE ( 'NONE', #904, #1481, #1602, .T. ) ;
#1733 = AXIS2_PLACEMENT_3D ( 'NONE', #1410, #327, #2010 ) ;
#1734 = CARTESIAN_POINT ( 'NONE',  ( 13.43982332003963442, 12.37389886172635833, 0.5465079318681274057 ) ) ;
#1735 = FACE_OUTER_BOUND ( 'NONE', #126, .T. ) ;
#1736 = EDGE_LOOP ( 'NONE', ( #1396, #510, #1505, #175 ) ) ;
#1737 = ORIENTED_EDGE ( 'NONE', *, *, #1275, .F. ) ;
#1738 = DIRECTION ( 'NONE',  ( -0.000000000000000000, -1.000000000000000000, -0.000000000000000000 ) ) ;
#1739 = LINE ( 'NONE', #1429, #1411 ) ;
#1740 = ORIENTED_EDGE ( 'NONE', *, *, #1200, .T. ) ;
#1741 = CARTESIAN_POINT ( 'NONE',  ( 13.02137486299600688, 12.66666666666666607, 1.950617283950617287 ) ) ;
#1742 = EDGE_CURVE ( 'NONE', #1131, #1054, #1903, .T. ) ;
#1743 = CARTESIAN_POINT ( 'NONE',  ( -12.43815305047952258, 11.75329155104655676, 1.242135274783867205 ) ) ;
#1744 = CIRCLE ( 'NONE', #963, 2.000000000000001776 ) ;
#1745 = ADVANCED_FACE ( 'NONE', ( #1424 ), #1297, .F. ) ;
#1746 = ORIENTED_EDGE ( 'NONE', *, *, #1742, .F. ) ;
#1747 = FACE_OUTER_BOUND ( 'NONE', #544, .T. ) ;
#1748 = CARTESIAN_POINT ( 'NONE',  ( -13.41937964691872587, 12.70035310275541285, 0.9464906763083631436 ) ) ;
#1749 = ORIENTED_EDGE ( 'NONE', *, *, #94, .F. ) ;
#1750 = CARTESIAN_POINT ( 'NONE',  ( -12.46564973224752748, 11.26383679753497624, 0.9260544095874178039 ) ) ;
#1751 = DIRECTION ( 'NONE',  ( -1.000000000000000000, 0.000000000000000000, 0.000000000000000000 ) ) ;
#1752 = ORIENTED_EDGE ( 'NONE', *, *, #1563, .T. ) ;
#1753 = CIRCLE ( 'NONE', #1548, 1.999999999999998224 ) ;
#1754 = ORIENTED_EDGE ( 'NONE', *, *, #30, .F. ) ;
#1755 = FACE_OUTER_BOUND ( 'NONE', #202, .T. ) ;
#1756 = EDGE_CURVE ( 'NONE', #1603, #1146, #516, .T. ) ;
#1757 = CARTESIAN_POINT ( 'NONE',  ( -13.39522353978621361, 12.89525756420732172, 1.357956761066091200 ) ) ;
#1758 = ORIENTED_EDGE ( 'NONE', *, *, #1618, .T. ) ;
#1759 = LINE ( 'NONE', #178, #1042 ) ;
#1760 = ADVANCED_FACE ( 'NONE', ( #1151 ), #1310, .T. ) ;
#1761 = DIRECTION ( 'NONE',  ( 0.000000000000000000, 0.000000000000000000, -1.000000000000000000 ) ) ;
#1762 = ADVANCED_FACE ( 'NONE', ( #1755 ), #962, .F. ) ;
#1763 = VERTEX_POINT ( 'NONE', #1476 ) ;
#1764 = DIRECTION ( 'NONE',  ( -1.000000000000000000, 0.000000000000000000, 0.000000000000000000 ) ) ;
#1765 = DIRECTION ( 'NONE',  ( 0.000000000000000000, 1.000000000000000000, -0.000000000000000000 ) ) ;
#1766 = ORIENTED_EDGE ( 'NONE', *, *, #1089, .F. ) ;
#1767 = CARTESIAN_POINT ( 'NONE',  ( -12.39840632561809741, 11.99999332881210812, 1.609253075704161429 ) ) ;
#1768 = CARTESIAN_POINT ( 'NONE',  ( 12.43070112978148600, 11.81514467456955408, 1.314652237113459465 ) ) ;
#1769 = DIRECTION ( 'NONE',  ( 0.000000000000000000, 0.000000000000000000, 1.000000000000000000 ) ) ;
#1770 = EDGE_CURVE ( 'NONE', #62, #480, #123, .T. ) ;
#1771 = CARTESIAN_POINT ( 'NONE',  ( -13.39363520927688178, 12.90257851380749621, 1.382587030796028404 ) ) ;
#1772 = ORIENTED_EDGE ( 'NONE', *, *, #107, .F. ) ;
#1773 = CARTESIAN_POINT ( 'NONE',  ( 13.35102992281869483, 13.00000000000000178, 2.000000000000000000 ) ) ;
#1774 = CARTESIAN_POINT ( 'NONE',  ( 2.571758278209441661E-15, -3.000000000000000000, 8.500000000000000000 ) ) ;
#1775 = AXIS2_PLACEMENT_3D ( 'NONE', #1582, #1265, #968 ) ;
#1776 = CARTESIAN_POINT ( 'NONE',  ( 19.50000000000000355, 5.000000000000000888, 12.50000000000000000 ) ) ;
#1777 = EDGE_CURVE ( 'NONE', #332, #1438, #1951, .T. ) ;
#1778 = CARTESIAN_POINT ( 'NONE',  ( 13.36986973724043004, 12.98413998282786430, 1.740398584104774882 ) ) ;
#1779 = DIRECTION ( 'NONE',  ( 0.000000000000000000, -0.7071067811865481278, -0.7071067811865469066 ) ) ;
#1780 = CARTESIAN_POINT ( 'NONE',  ( -12.46565927577431410, 11.00000000000000178, 0.9259259259259381425 ) ) ;
#1781 = EDGE_CURVE ( 'NONE', #711, #347, #1272, .T. ) ;
#1782 = ORIENTED_EDGE ( 'NONE', *, *, #172, .F. ) ;
#1783 = DIRECTION ( 'NONE',  ( 9.912705577010325549E-17, 0.000000000000000000, -1.000000000000000000 ) ) ;
#1784 = DIRECTION ( 'NONE',  ( 0.000000000000000000, 1.000000000000000000, 0.000000000000000000 ) ) ;
#1785 = CARTESIAN_POINT ( 'NONE',  ( -15.00000000000000178, -3.000000000000000000, 1.486905836551548882E-15 ) ) ;
#1786 = FACE_OUTER_BOUND ( 'NONE', #167, .T. ) ;
#1787 = LINE ( 'NONE', #996, #1119 ) ;
#1788 = CARTESIAN_POINT ( 'NONE',  ( -12.46387163589723635, 11.22752994083760925, 0.9497046600443458386 ) ) ;
#1789 = VERTEX_POINT ( 'NONE', #1024 ) ;
#1790 = EDGE_CURVE ( 'NONE', #409, #752, #131, .T. ) ;
#1791 =( GEOMETRIC_REPRESENTATION_CONTEXT ( 3 ) GLOBAL_UNCERTAINTY_ASSIGNED_CONTEXT ( ( #22 ) ) GLOBAL_UNIT_ASSIGNED_CONTEXT ( ( #459, #170, #159 ) ) REPRESENTATION_CONTEXT ( 'NONE', 'WORKASPACE' ) );
#1792 = DIRECTION ( 'NONE',  ( 0.000000000000000000, 1.000000000000000000, -0.000000000000000000 ) ) ;
#1793 = CARTESIAN_POINT ( 'NONE',  ( -23.99999999999999645, 13.00000000000000178, 17.50000000000000000 ) ) ;
#1794 =( GEOMETRIC_REPRESENTATION_CONTEXT ( 3 ) GLOBAL_UNCERTAINTY_ASSIGNED_CONTEXT ( ( #412 ) ) GLOBAL_UNIT_ASSIGNED_CONTEXT ( ( #1206, #144, #468 ) ) REPRESENTATION_CONTEXT ( 'NONE', 'WORKASPACE' ) );
#1795 = CARTESIAN_POINT ( 'NONE',  ( 12.45147528344470089, 11.58529794291218629, 1.100478838676996585 ) ) ;
#1796 = CARTESIAN_POINT ( 'NONE',  ( 2.571758278209441661E-15, -3.000000000000000000, -8.500000000000000000 ) ) ;
#1797 = CARTESIAN_POINT ( 'NONE',  ( -13.46291201783626335, 11.00000000000000178, 0.000000000000000000 ) ) ;
#1798 = ORIENTED_EDGE ( 'NONE', *, *, #432, .T. ) ;
#1799 = EDGE_CURVE ( 'NONE', #1054, #885, #73, .T. ) ;
#1800 = CARTESIAN_POINT ( 'NONE',  ( 0.000000000000000000, -3.000000000000000000, 0.000000000000000000 ) ) ;
#1801 = CARTESIAN_POINT ( 'NONE',  ( -15.00000000000000178, 13.00000000000000178, 2.000000000000000000 ) ) ;
#1802 = EDGE_CURVE ( 'NONE', #559, #806, #467, .T. ) ;
#1803 = DIRECTION ( 'NONE',  ( -0.000000000000000000, -0.000000000000000000, 1.000000000000000000 ) ) ;
#1804 = CARTESIAN_POINT ( 'NONE',  ( 0.000000000000000000, 3.999999999999994227, -12.50000000000000000 ) ) ;
#1805 = CARTESIAN_POINT ( 'NONE',  ( 13.44585172648879734, 12.22304396528329917, 0.4162007282693116483 ) ) ;
#1806 = CARTESIAN_POINT ( 'NONE',  ( 2.571758278209441661E-15, -3.000000000000000000, -8.500000000000000000 ) ) ;
#1807 = CARTESIAN_POINT ( 'NONE',  ( -12.44906076296143560, 11.62295602948778317, 1.127378129091317405 ) ) ;
#1808 = AXIS2_PLACEMENT_3D ( 'NONE', #388, #338, #231 ) ;
#1809 = ORIENTED_EDGE ( 'NONE', *, *, #679, .F. ) ;
#1810 = DIRECTION ( 'NONE',  ( -1.000000000000000000, 0.000000000000000000, 0.000000000000000000 ) ) ;
#1811 = AXIS2_PLACEMENT_3D ( 'NONE', #1590, #1904, #517 ) ;
#1812 = DIRECTION ( 'NONE',  ( 0.000000000000000000, 1.000000000000000000, -0.000000000000000000 ) ) ;
#1813 = CARTESIAN_POINT ( 'NONE',  ( -13.39551366268549337, 12.89262769110866458, 1.352748611712519144 ) ) ;
#1814 = LINE ( 'NONE', #1059, #583 ) ;
#1815 = ORIENTED_EDGE ( 'NONE', *, *, #105, .F. ) ;
#1816 = DIRECTION ( 'NONE',  ( -0.000000000000000000, 1.000000000000000000, -0.000000000000000000 ) ) ;
#1817 = CARTESIAN_POINT ( 'NONE',  ( -13.44765346716179266, 12.16703791503761778, 0.3754688086452159235 ) ) ;
#1818 = EDGE_LOOP ( 'NONE', ( #610, #469, #464, #1696 ) ) ;
#1819 = FACE_OUTER_BOUND ( 'NONE', #626, .T. ) ;
#1820 = ADVANCED_FACE ( 'NONE', ( #863 ), #713, .T. ) ;
#1821 = DIRECTION ( 'NONE',  ( 0.000000000000000000, 0.000000000000000000, 1.000000000000000000 ) ) ;
#1822 = DIRECTION ( 'NONE',  ( -1.000000000000000000, 0.000000000000000000, -0.000000000000000000 ) ) ;
#1823 = VERTEX_POINT ( 'NONE', #1801 ) ;
#1824 = CARTESIAN_POINT ( 'NONE',  ( 13.46291201783626335, 11.00000000000000178, 0.000000000000000000 ) ) ;
#1825 = CARTESIAN_POINT ( 'NONE',  ( -12.39173401275100161, 11.97450577652782400, 1.641898982373108495 ) ) ;
#1826 = AXIS2_PLACEMENT_3D ( 'NONE', #1992, #1671, #450 ) ;
#1827 = AXIS2_PLACEMENT_3D ( 'NONE', #1910, #508, #1764 ) ;
#1828 = APPLICATION_CONTEXT ( 'automotive_design' ) ;
#1829 = EDGE_CURVE ( 'NONE', #1438, #1837, #1922, .T. ) ;
#1830 = DIRECTION ( 'NONE',  ( 1.000000000000000000, 0.000000000000000000, 0.000000000000000000 ) ) ;
#1831 = CIRCLE ( 'NONE', #395, 15.00000000000000178 ) ;
#1832 = ORIENTED_EDGE ( 'NONE', *, *, #2020, .T. ) ;
#1833 = DIRECTION ( 'NONE',  ( 0.000000000000000000, 0.000000000000000000, -1.000000000000000000 ) ) ;
#1834 = VECTOR ( 'NONE', #1026, 1000.000000000000000 ) ;
#1835 = PLANE ( 'NONE',  #1698 ) ;
#1836 = DIRECTION ( 'NONE',  ( 0.000000000000000000, 1.000000000000000000, 0.000000000000000000 ) ) ;
#1837 = VERTEX_POINT ( 'NONE', #872 ) ;
#1838 = LINE ( 'NONE', #905, #227 ) ;
#1839 = CARTESIAN_POINT ( 'NONE',  ( -13.45599234882512718, 11.82842733141745839, 0.1784663971900798396 ) ) ;
#1840 = CONICAL_SURFACE ( 'NONE', #1997, 1.500000000000001332, 0.7853981633974495002 ) ;
#1841 = CARTESIAN_POINT ( 'NONE',  ( -12.46565927577431410, 11.00000000000000178, 0.9259259259259329244 ) ) ;
#1842 = ORIENTED_EDGE ( 'NONE', *, *, #656, .F. ) ;
#1843 = DIRECTION ( 'NONE',  ( 0.000000000000000000, 0.000000000000000000, -1.000000000000000000 ) ) ;
#1844 = CARTESIAN_POINT ( 'NONE',  ( 13.46291201783626335, 11.00000000000000178, 0.000000000000000000 ) ) ;
#1845 = CIRCLE ( 'NONE', #1357, 2.499999999999995115 ) ;
#1846 = CARTESIAN_POINT ( 'NONE',  ( -21.99999999999999645, -1.000000000000000000, 17.50000000000000000 ) ) ;
#1847 = ORIENTED_EDGE ( 'NONE', *, *, #1192, .F. ) ;
#1848 = ORIENTED_EDGE ( 'NONE', *, *, #1973, .T. ) ;
#1849 = ORIENTED_EDGE ( 'NONE', *, *, #1851, .F. ) ;
#1850 = DIRECTION ( 'NONE',  ( 0.000000000000000000, 0.000000000000000000, 1.000000000000000000 ) ) ;
#1851 = EDGE_CURVE ( 'NONE', #1116, #609, #558, .T. ) ;
#1852 = DIRECTION ( 'NONE',  ( 0.000000000000000000, 0.000000000000000000, 1.000000000000000000 ) ) ;
#1853 = CARTESIAN_POINT ( 'NONE',  ( -15.00000000000000178, 13.00000000000000178, 0.000000000000000000 ) ) ;
#1854 = ORIENTED_EDGE ( 'NONE', *, *, #1716, .T. ) ;
#1855 = VERTEX_POINT ( 'NONE', #1648 ) ;
#1856 = AXIS2_PLACEMENT_3D ( 'NONE', #1926, #1460, #47 ) ;
#1857 = SURFACE_SIDE_STYLE ('',( #479 ) ) ;
#1858 = VERTEX_POINT ( 'NONE', #1942 ) ;
#1859 = DIRECTION ( 'NONE',  ( 0.000000000000000000, 0.000000000000000000, -1.000000000000000000 ) ) ;
#1860 = AXIS2_PLACEMENT_3D ( 'NONE', #286, #128, #163 ) ;
#1861 = LINE ( 'NONE', #785, #1055 ) ;
#1862 = ADVANCED_FACE ( 'NONE', ( #1617 ), #1835, .F. ) ;
#1863 = DIRECTION ( 'NONE',  ( -0.000000000000000000, -1.000000000000000000, -0.000000000000000000 ) ) ;
#1864 = CARTESIAN_POINT ( 'NONE',  ( 2.571758278209441661E-15, 0.000000000000000000, -8.500000000000000000 ) ) ;
#1865 = ORIENTED_EDGE ( 'NONE', *, *, #786, .F. ) ;
#1866 = ORIENTED_EDGE ( 'NONE', *, *, #1089, .T. ) ;
#1867 = CARTESIAN_POINT ( 'NONE',  ( 2.571758278209441661E-15, -3.000000000000000000, 8.500000000000000000 ) ) ;
#1868 = ORIENTED_EDGE ( 'NONE', *, *, #1012, .T. ) ;
#1869 = AXIS2_PLACEMENT_3D ( 'NONE', #1419, #816, #11 ) ;
#1870 = CARTESIAN_POINT ( 'NONE',  ( 0.000000000000000000, 13.00000000000000178, 13.50000000000000178 ) ) ;
#1871 = CIRCLE ( 'NONE', #840, 15.00000000000000178 ) ;
#1872 = CARTESIAN_POINT ( 'NONE',  ( 8.500000000000000000, -3.000000000000000000, 0.000000000000000000 ) ) ;
#1873 = CARTESIAN_POINT ( 'NONE',  ( -13.35593735945115412, 12.99999833175243147, 1.934480632813143641 ) ) ;
#1874 = ORIENTED_EDGE ( 'NONE', *, *, #1019, .T. ) ;
#1875 = EDGE_CURVE ( 'NONE', #1727, #449, #1597, .T. ) ;
#1876 = ORIENTED_EDGE ( 'NONE', *, *, #1883, .F. ) ;
#1877 = CIRCLE ( 'NONE', #485, 1.500000000000000666 ) ;
#1878 = DIRECTION ( 'NONE',  ( -0.000000000000000000, -1.000000000000000000, 0.000000000000000000 ) ) ;
#1879 = ADVANCED_FACE ( 'NONE', ( #1494 ), #1953, .T. ) ;
#1880 = ORIENTED_EDGE ( 'NONE', *, *, #1947, .T. ) ;
#1881 = CARTESIAN_POINT ( 'NONE',  ( 21.99999999999999289, 5.000000000000000888, 12.50000000000000000 ) ) ;
#1882 = CARTESIAN_POINT ( 'NONE',  ( 13.41125569281956764, 12.78168862262931427, 1.090799762490889613 ) ) ;
#1883 = EDGE_CURVE ( 'NONE', #913, #120, #1963, .T. ) ;
#1884 = DIRECTION ( 'NONE',  ( -0.000000000000000000, -0.000000000000000000, -1.000000000000000000 ) ) ;
#1885 = ORIENTED_EDGE ( 'NONE', *, *, #94, .T. ) ;
#1886 = ORIENTED_EDGE ( 'NONE', *, *, #1423, .T. ) ;
#1887 = DIRECTION ( 'NONE',  ( -1.000000000000000000, 0.000000000000000000, 6.938893903907228378E-16 ) ) ;
#1888 = CARTESIAN_POINT ( 'NONE',  ( 19.50000000000000355, 5.000000000000000888, 13.49999999999998579 ) ) ;
#1889 = PRODUCT_DEFINITION_FORMATION_WITH_SPECIFIED_SOURCE ( 'ANY', '', #692, .NOT_KNOWN. ) ;
#1890 = ORIENTED_EDGE ( 'NONE', *, *, #1790, .T. ) ;
#1891 = ADVANCED_FACE ( 'NONE', ( #245 ), #1068, .F. ) ;
#1892 = CARTESIAN_POINT ( 'NONE',  ( 24.00000000000000000, -1.000000000000000888, 12.50000000000000000 ) ) ;
#1893 = AXIS2_PLACEMENT_3D ( 'NONE', #1999, #1830, #1093 ) ;
#1894 = VECTOR ( 'NONE', #1985, 1000.000000000000000 ) ;
#1895 = DIRECTION ( 'NONE',  ( 0.000000000000000000, 0.000000000000000000, -1.000000000000000000 ) ) ;
#1896 = CARTESIAN_POINT ( 'NONE',  ( -13.42807132405983239, 12.58914512142024833, 0.7839132386454994439 ) ) ;
#1897 = VERTEX_POINT ( 'NONE', #1804 ) ;
#1898 = CARTESIAN_POINT ( 'NONE',  ( -12.46565927577431410, 11.00000000000000178, 0.9259259259259329244 ) ) ;
#1899 = CARTESIAN_POINT ( 'NONE',  ( 22.00000000000000711, -3.000000000000000000, 17.50000000000000000 ) ) ;
#1900 = EDGE_CURVE ( 'NONE', #1112, #1054, #633, .T. ) ;
#1901 = ORIENTED_EDGE ( 'NONE', *, *, #366, .F. ) ;
#1902 = EDGE_LOOP ( 'NONE', ( #1385, #794, #447, #1749 ) ) ;
#1903 = LINE ( 'NONE', #43, #829 ) ;
#1904 = DIRECTION ( 'NONE',  ( -0.6804138174397731387, 0.000000000000000000, 0.7328281087929386928 ) ) ;
#1905 = EDGE_LOOP ( 'NONE', ( #9, #1337 ) ) ;
#1906 = DIRECTION ( 'NONE',  ( -0.000000000000000000, 1.000000000000000000, -0.000000000000000000 ) ) ;
#1907 = CARTESIAN_POINT ( 'NONE',  ( 1.530808498934191521E-15, 11.99999999999999467, 12.50000000000000000 ) ) ;
#1908 = AXIS2_PLACEMENT_3D ( 'NONE', #353, #967, #1274 ) ;
#1909 = VERTEX_POINT ( 'NONE', #368 ) ;
#1910 = CARTESIAN_POINT ( 'NONE',  ( 19.50000000000000355, 5.000000000000000888, 12.50000000000000000 ) ) ;
#1911 = EDGE_CURVE ( 'NONE', #1789, #184, #428, .T. ) ;
#1912 = LINE ( 'NONE', #34, #673 ) ;
#1913 = ORIENTED_EDGE ( 'NONE', *, *, #1351, .F. ) ;
#1914 = CARTESIAN_POINT ( 'NONE',  ( -22.00000000000000711, -1.000000000000000000, 1.526556658859590559E-14 ) ) ;
#1915 = DIRECTION ( 'NONE',  ( 1.000000000000000000, -0.000000000000000000, 0.000000000000000000 ) ) ;
#1916 = CARTESIAN_POINT ( 'NONE',  ( 2.571758278209441661E-15, 0.000000000000000000, 8.500000000000000000 ) ) ;
#1917 = CIRCLE ( 'NONE', #1528, 2.000000000000000000 ) ;
#1918 = EDGE_LOOP ( 'NONE', ( #1002, #1347, #676, #497, #969 ) ) ;
#1919 = EDGE_CURVE ( 'NONE', #1162, #570, #1917, .T. ) ;
#1920 = AXIS2_PLACEMENT_3D ( 'NONE', #1189, #1949, #560 ) ;
#1921 = CARTESIAN_POINT ( 'NONE',  ( 13.13440326391575930, 4.634403263915663373, 0.3050127207669509621 ) ) ;
#1922 = CIRCLE ( 'NONE', #1056, 2.499999999999995115 ) ;
#1923 = FACE_OUTER_BOUND ( 'NONE', #1447, .T. ) ;
#1924 = CARTESIAN_POINT ( 'NONE',  ( -21.99999999999999645, 13.00000000000000178, 17.50000000000000000 ) ) ;
#1925 = CARTESIAN_POINT ( 'NONE',  ( 12.44444381711155145, 11.68592652309605029, 1.177404710139974497 ) ) ;
#1926 = CARTESIAN_POINT ( 'NONE',  ( -8.500000000000000000, -2.000000000000002665, 0.000000000000000000 ) ) ;
#1927 = CARTESIAN_POINT ( 'NONE',  ( 19.50000000000000355, 5.000000000000000888, 17.50000000000000000 ) ) ;
#1928 = CIRCLE ( 'NONE', #1501, 1.500000000000001332 ) ;
#1929 = APPLICATION_CONTEXT ( 'automotive_design' ) ;
#1930 = VECTOR ( 'NONE', #722, 1000.000000000000000 ) ;
#1931 = ORIENTED_EDGE ( 'NONE', *, *, #600, .T. ) ;
#1932 = CARTESIAN_POINT ( 'NONE',  ( 15.00000000000000178, 13.00000000000000178, 1.486905836551548882E-15 ) ) ;
#1933 = LINE ( 'NONE', #1290, #1319 ) ;
#1934 = EDGE_CURVE ( 'NONE', #465, #1583, #1503, .T. ) ;
#1935 = CARTESIAN_POINT ( 'NONE',  ( 0.000000000000000000, 0.000000000000000000, 0.000000000000000000 ) ) ;
#1936 = CARTESIAN_POINT ( 'NONE',  ( 12.44986270971183195, 11.61152198264188229, 1.118611448272999853 ) ) ;
#1937 = DIRECTION ( 'NONE',  ( 0.000000000000000000, 0.000000000000000000, -1.000000000000000000 ) ) ;
#1938 = FACE_OUTER_BOUND ( 'NONE', #1902, .T. ) ;
#1939 = ADVANCED_FACE ( 'NONE', ( #1352 ), #1661, .F. ) ;
#1940 = ORIENTED_EDGE ( 'NONE', *, *, #1781, .T. ) ;
#1941 = AXIS2_PLACEMENT_3D ( 'NONE', #1270, #2023, #1578 ) ;
#1942 = CARTESIAN_POINT ( 'NONE',  ( 17.00000000000000000, 13.00000000000000178, 12.50000000000000000 ) ) ;
#1943 = DIRECTION ( 'NONE',  ( 0.000000000000000000, 0.000000000000000000, 1.000000000000000000 ) ) ;
#1944 = CARTESIAN_POINT ( 'NONE',  ( 13.35593757331070996, 12.99999827172277378, 1.934477725423233707 ) ) ;
#1945 = CARTESIAN_POINT ( 'NONE',  ( -15.00000000000000000, 13.00000000000000178, 10.50000000000000000 ) ) ;
#1946 = DIRECTION ( 'NONE',  ( 0.000000000000000000, 0.000000000000000000, -1.000000000000000000 ) ) ;
#1947 = EDGE_CURVE ( 'NONE', #1700, #449, #1515, .T. ) ;
#1948 = ORIENTED_EDGE ( 'NONE', *, *, #1716, .F. ) ;
#1949 = DIRECTION ( 'NONE',  ( 6.938893903907228378E-16, 0.000000000000000000, 1.000000000000000000 ) ) ;
#1950 = VECTOR ( 'NONE', #1248, 1000.000000000000000 ) ;
#1951 = LINE ( 'NONE', #563, #1336 ) ;
#1952 = FACE_BOUND ( 'NONE', #1292, .T. ) ;
#1953 = CYLINDRICAL_SURFACE ( 'NONE', #253, 15.00000000000000178 ) ;
#1954 = CARTESIAN_POINT ( 'NONE',  ( 13.42792523951400696, 12.59134325059781645, 0.7867443123457672494 ) ) ;
#1955 = VECTOR ( 'NONE', #1221, 1000.000000000000000 ) ;
#1956 = DIRECTION ( 'NONE',  ( -1.000000000000000000, 0.000000000000000000, -0.000000000000000000 ) ) ;
#1957 = CARTESIAN_POINT ( 'NONE',  ( 19.50000000000000355, 5.000000000000000888, 13.49999999999998579 ) ) ;
#1958 = EDGE_CURVE ( 'NONE', #592, #262, #1052, .T. ) ;
#1959 = VERTEX_POINT ( 'NONE', #1391 ) ;
#1960 = CARTESIAN_POINT ( 'NONE',  ( 17.00000000000000000, -3.000000000000002665, 12.50000000000000000 ) ) ;
#1961 = EDGE_CURVE ( 'NONE', #1700, #1481, #795, .T. ) ;
#1962 = CARTESIAN_POINT ( 'NONE',  ( 15.00000000000000178, 11.00000000000000178, 2.000000000000000000 ) ) ;
#1963 = LINE ( 'NONE', #85, #153 ) ;
#1964 = CARTESIAN_POINT ( 'NONE',  ( 13.39889872398405046, 12.87417960121091554, 1.298754142956684676 ) ) ;
#1965 = ORIENTED_EDGE ( 'NONE', *, *, #1559, .F. ) ;
#1966 = DIRECTION ( 'NONE',  ( -1.000000000000000000, 0.000000000000000000, 0.000000000000000000 ) ) ;
#1967 = CARTESIAN_POINT ( 'NONE',  ( -12.44036443583387808, 11.73145718758550338, 1.219752030809039933 ) ) ;
#1968 = AXIS2_PLACEMENT_3D ( 'NONE', #1864, #164, #1253 ) ;
#1969 = ORIENTED_EDGE ( 'NONE', *, *, #798, .F. ) ;
#1970 = CARTESIAN_POINT ( 'NONE',  ( -13.46291201783626335, 4.962912017836258904, 0.000000000000000000 ) ) ;
#1971 = VECTOR ( 'NONE', #129, 999.9999999999998863 ) ;
#1972 = CARTESIAN_POINT ( 'NONE',  ( -13.43185961488342350, 12.52818559222802719, 0.7093704327468934867 ) ) ;
#1973 = EDGE_CURVE ( 'NONE', #1474, #1244, #2009, .T. ) ;
#1974 = CARTESIAN_POINT ( 'NONE',  ( -21.00000000000000000, 4.999999999999997335, 13.49999999999998579 ) ) ;
#1975 = ORIENTED_EDGE ( 'NONE', *, *, #1362, .T. ) ;
#1976 = DIRECTION ( 'NONE',  ( -1.000000000000000000, 0.000000000000000000, 0.000000000000000000 ) ) ;
#1977 = CARTESIAN_POINT ( 'NONE',  ( -13.43559359070059145, 12.46291437517102274, 0.6346643865475556368 ) ) ;
#1978 = LINE ( 'NONE', #102, #1335 ) ;
#1979 = ORIENTED_EDGE ( 'NONE', *, *, #1339, .F. ) ;
#1980 = DIRECTION ( 'NONE',  ( 0.000000000000000000, 0.000000000000000000, 1.000000000000000000 ) ) ;
#1981 = EDGE_CURVE ( 'NONE', #669, #1117, #1123, .T. ) ;
#1982 = CARTESIAN_POINT ( 'NONE',  ( 22.00000000000000711, -1.000000000000000888, 17.50000000000000000 ) ) ;
#1983 = CARTESIAN_POINT ( 'NONE',  ( 13.46194024762990260, 11.32839979426044330, 0.02603757616999613847 ) ) ;
#1984 = VERTEX_POINT ( 'NONE', #1540 ) ;
#1985 = DIRECTION ( 'NONE',  ( -0.000000000000000000, -1.000000000000000000, -0.000000000000000000 ) ) ;
#1986 = EDGE_CURVE ( 'NONE', #347, #711, #1561, .T. ) ;
#1987 = CARTESIAN_POINT ( 'NONE',  ( -13.46098136676899770, 11.45505988167774980, 0.05136206569629070406 ) ) ;
#1988 = VECTOR ( 'NONE', #1239, 1000.000000000000000 ) ;
#1989 = AXIS2_PLACEMENT_3D ( 'NONE', #524, #662, #855 ) ;
#1990 = VECTOR ( 'NONE', #1479, 1000.000000000000000 ) ;
#1991 = EDGE_LOOP ( 'NONE', ( #1207, #1628, #975, #1273, #646, #1669, #1885 ) ) ;
#1992 = CARTESIAN_POINT ( 'NONE',  ( 17.00000000000000000, 13.00000000000000178, 10.50000000000000000 ) ) ;
#1993 = DIRECTION ( 'NONE',  ( -1.000000000000000000, 0.000000000000000000, 0.000000000000000000 ) ) ;
#1994 = EDGE_CURVE ( 'NONE', #1729, #1637, #483, .T. ) ;
#1995 = CARTESIAN_POINT ( 'NONE',  ( -8.500000000000000000, -2.000000000000002665, 0.000000000000000000 ) ) ;
#1996 = ORIENTED_EDGE ( 'NONE', *, *, #935, .T. ) ;
#1997 = AXIS2_PLACEMENT_3D ( 'NONE', #572, #1843, #1180 ) ;
#1998 = ORIENTED_EDGE ( 'NONE', *, *, #1440, .T. ) ;
#1999 = CARTESIAN_POINT ( 'NONE',  ( 0.000000000000000000, 11.00000000000000178, 2.000000000000000000 ) ) ;
#2000 = ORIENTED_EDGE ( 'NONE', *, *, #853, .T. ) ;
#2001 = PLANE ( 'NONE',  #224 ) ;
#2002 = DIRECTION ( 'NONE',  ( -0.000000000000000000, 1.000000000000000000, -0.000000000000000000 ) ) ;
#2003 = VECTOR ( 'NONE', #844, 1000.000000000000000 ) ;
#2004 = DIRECTION ( 'NONE',  ( 0.000000000000000000, 0.000000000000000000, 1.000000000000000000 ) ) ;
#2005 = ORIENTED_EDGE ( 'NONE', *, *, #424, .F. ) ;
#2006 = ORIENTED_EDGE ( 'NONE', *, *, #719, .F. ) ;
#2007 = DIRECTION ( 'NONE',  ( 0.000000000000000000, 0.000000000000000000, 1.000000000000000000 ) ) ;
#2008 = ORIENTED_EDGE ( 'NONE', *, *, #1076, .T. ) ;
#2009 = LINE ( 'NONE', #1399, #822 ) ;
#2010 = DIRECTION ( 'NONE',  ( 0.000000000000000000, 0.000000000000000000, 1.000000000000000000 ) ) ;
#2011 = CARTESIAN_POINT ( 'NONE',  ( 13.42808579013610171, 12.59407717763162715, 0.7850919965997584793 ) ) ;
#2012 = FACE_BOUND ( 'NONE', #721, .T. ) ;
#2013 = ORIENTED_EDGE ( 'NONE', *, *, #1947, .F. ) ;
#2014 = VERTEX_POINT ( 'NONE', #182 ) ;
#2015 = AXIS2_PLACEMENT_3D ( 'NONE', #1683, #211, #1036 ) ;
#2016 = CARTESIAN_POINT ( 'NONE',  ( 2.571758278209441661E-15, -1.999999999999996669, 8.500000000000000000 ) ) ;
#2017 = ORIENTED_EDGE ( 'NONE', *, *, #1704, .F. ) ;
#2018 = DIRECTION ( 'NONE',  ( 0.000000000000000000, 0.000000000000000000, 1.000000000000000000 ) ) ;
#2019 = DIRECTION ( 'NONE',  ( 0.000000000000000000, 1.000000000000000000, 0.000000000000000000 ) ) ;
#2020 = EDGE_CURVE ( 'NONE', #449, #1727, #1237, .T. ) ;
#2021 = LINE ( 'NONE', #1694, #1955 ) ;
#2022 = EDGE_CURVE ( 'NONE', #1858, #120, #357, .T. ) ;
#2023 = DIRECTION ( 'NONE',  ( -0.000000000000000000, -0.000000000000000000, 1.000000000000000000 ) ) ;
#2024 = ORIENTED_EDGE ( 'NONE', *, *, #369, .T. ) ;
#2025 = ORIENTED_EDGE ( 'NONE', *, *, #1499, .F. ) ;
ENDSEC;
END-ISO-10303-21;
