ISO-10303-21;
HEADER;
FILE_DESCRIPTION(('STEP AP242'),
    '1');
FILE_NAME('Диск _ Ронити МД',
    '',
    ('UNSPECIFIED'),
    ('UNSPECIFIED'),
    'C3D Converter',
    'C3D Toolkit',
    '');
FILE_SCHEMA(('AP242_MANAGED_MODEL_BASED_3D_ENGINEERING_MIM_LF { 1 0 10303 442 1 1 4 }'));
ENDSEC;

DATA;
#1=PRODUCT_DEFINITION('','UNSPECIFIED',#28,#31);
#2=SHAPE_DEFINITION_REPRESENTATION(#26,#3);
#3=SHAPE_REPRESENTATION('NONE',(#4),#8);
#4=AXIS2_PLACEMENT_3D('',#5,#6,#7);
#5=CARTESIAN_POINT('',(0.,0.,0.));
#6=DIRECTION('',(0.,0.,1.));
#7=DIRECTION('',(1.,0.,0.));
#8=(GEOMETRIC_REPRESENTATION_CONTEXT(3)GLOBAL_UNCERTAINTY_ASSIGNED_CONTEXT((#10))
GLOBAL_UNIT_ASSIGNED_CONTEXT((#9,#11,#12))REPRESENTATION_CONTEXT('NONE','NONE'));
#9=(LENGTH_UNIT()NAMED_UNIT(*)SI_UNIT(.MILLI.,.METRE.));
#10=UNCERTAINTY_MEASURE_WITH_UNIT(LENGTH_MEASURE(1.E-5),#9,'NONE','NONE');
#11=(NAMED_UNIT(*)PLANE_ANGLE_UNIT()SI_UNIT($,.RADIAN.));
#12=(NAMED_UNIT(*)SI_UNIT($,.STERADIAN.)SOLID_ANGLE_UNIT());
#13=MANIFOLD_SOLID_BREP('',#14);
#14=CLOSED_SHELL('',(#53,#54,#55,#56,#57,#58,#59,#60,#61,#62,#63,#64,#65,#66,#67,
#68,#69,#70,#71,#72,#73,#74,#75,#76,#77,#78,#79,#80,#81,#82,#83,#84,#85,#86,#87,
#88,#89,#90,#91,#92,#93,#94,#95,#96,#97,#98,#99,#100,#101,#102,#103,#104,#105,#106,
#107,#108,#109,#110,#111,#112,#113,#114,#115,#116,#117,#118,#119,#120,#121,#122,
#123,#124,#125,#126,#127,#128,#129,#130));
#15=COLOUR_RGB('',0.847058823529412,0.847058823529412,0.847058823529412);
#16=FILL_AREA_STYLE_COLOUR('',#15);
#17=FILL_AREA_STYLE($,(#16));
#18=SURFACE_STYLE_FILL_AREA(#17);
#19=SURFACE_SIDE_STYLE('',(#18));
#20=SURFACE_STYLE_USAGE(.BOTH.,#19);
#21=PRESENTATION_STYLE_ASSIGNMENT((#20));
#22=MECHANICAL_DESIGN_GEOMETRIC_PRESENTATION_REPRESENTATION('NONE',(#23),#8);
#23=STYLED_ITEM('',(#21),#13);
#24=ADVANCED_BREP_SHAPE_REPRESENTATION('NONE',(#13),#8);
#25=SHAPE_REPRESENTATION_RELATIONSHIP('','',#3,#24);
#26=PRODUCT_DEFINITION_SHAPE('NONE','NONE',#1);
#27=MECHANICAL_CONTEXT('NONE',#32,'mechanical');
#28=PRODUCT_DEFINITION_FORMATION_WITH_SPECIFIED_SOURCE('ANY','UNSPECIFIED',#29,.NOT_KNOWN.);
#29=PRODUCT('\X2\0420043E043D043804420438\X0\ \X2\041C0414\X0\','\X2\041404380441043A\X0\',
'NONE',(#27));
#30=PRODUCT_RELATED_PRODUCT_CATEGORY('detail','',(#29));
#31=DESIGN_CONTEXT('detailed design',#32,'design');
#32=APPLICATION_CONTEXT('configuration controlled 3d designs of mechanical parts and assemblies');
#33=APPLICATION_PROTOCOL_DEFINITION('international standard','config_control_design',
1994,#32);
#34=CC_DESIGN_DATE_AND_TIME_ASSIGNMENT(#35,#39,(#1));
#35=DATE_AND_TIME(#36,#37);
#36=CALENDAR_DATE(0,1,1);
#37=LOCAL_TIME(0,0,0.,#38);
#38=COORDINATED_UNIVERSAL_TIME_OFFSET(0,0,.AHEAD.);
#39=DATE_TIME_ROLE('creation_date');
#40=CC_DESIGN_APPROVAL(#41,(#1));
#41=APPROVAL(#42,'UNSPECIFIED');
#42=APPROVAL_STATUS('not_yet_approved');
#43=APPROVAL_DATE_TIME(#44,#41);
#44=DATE_AND_TIME(#45,#46);
#45=CALENDAR_DATE(0,1,1);
#46=LOCAL_TIME(0,0,0.,#47);
#47=COORDINATED_UNIVERSAL_TIME_OFFSET(0,0,.AHEAD.);
#48=PERSON('UNSPECIFIED','io','UNSPECIFIED',('UNSPECIFIED'),('UNSPECIFIED'),('UNSPECIFIED'));
#49=ORGANIZATION('UNSPECIFIED','UNSPECIFIED','UNSPECIFIED');
#50=PERSON_AND_ORGANIZATION(#48,#49);
#51=PERSON_AND_ORGANIZATION_ROLE('creator');
#52=CC_DESIGN_PERSON_AND_ORGANIZATION_ASSIGNMENT(#50,#51,(#28,#1));
#53=ADVANCED_FACE('',(#131,#133,#135,#137,#139,#141,#143,#145,#147,#149),#151,.T.);
#54=ADVANCED_FACE('',(#156,#158),#160,.T.);
#55=ADVANCED_FACE('',(#165,#167,#169,#171,#173,#175,#177,#179,#181,#183),#185,.F.);
#56=ADVANCED_FACE('',(#190),#192,.F.);
#57=ADVANCED_FACE('',(#197),#199,.F.);
#58=ADVANCED_FACE('',(#204),#206,.F.);
#59=ADVANCED_FACE('',(#211),#213,.F.);
#60=ADVANCED_FACE('',(#218),#220,.F.);
#61=ADVANCED_FACE('',(#225),#227,.F.);
#62=ADVANCED_FACE('',(#232,#234),#236,.T.);
#63=ADVANCED_FACE('',(#241),#243,.F.);
#64=ADVANCED_FACE('',(#248),#250,.F.);
#65=ADVANCED_FACE('',(#255),#257,.F.);
#66=ADVANCED_FACE('',(#262),#264,.F.);
#67=ADVANCED_FACE('',(#269),#271,.F.);
#68=ADVANCED_FACE('',(#276),#278,.F.);
#69=ADVANCED_FACE('',(#283),#285,.F.);
#70=ADVANCED_FACE('',(#290),#292,.F.);
#71=ADVANCED_FACE('',(#297),#299,.F.);
#72=ADVANCED_FACE('',(#304),#306,.F.);
#73=ADVANCED_FACE('',(#311),#313,.F.);
#74=ADVANCED_FACE('',(#318),#320,.F.);
#75=ADVANCED_FACE('',(#325),#327,.F.);
#76=ADVANCED_FACE('',(#332),#334,.F.);
#77=ADVANCED_FACE('',(#339),#341,.F.);
#78=ADVANCED_FACE('',(#346),#348,.F.);
#79=ADVANCED_FACE('',(#353),#355,.F.);
#80=ADVANCED_FACE('',(#360),#362,.F.);
#81=ADVANCED_FACE('',(#367),#369,.F.);
#82=ADVANCED_FACE('',(#374),#376,.F.);
#83=ADVANCED_FACE('',(#381),#383,.F.);
#84=ADVANCED_FACE('',(#388),#390,.F.);
#85=ADVANCED_FACE('',(#395),#397,.F.);
#86=ADVANCED_FACE('',(#402),#404,.F.);
#87=ADVANCED_FACE('',(#409),#411,.F.);
#88=ADVANCED_FACE('',(#416),#418,.F.);
#89=ADVANCED_FACE('',(#423),#425,.F.);
#90=ADVANCED_FACE('',(#430),#432,.F.);
#91=ADVANCED_FACE('',(#437),#439,.F.);
#92=ADVANCED_FACE('',(#444),#446,.F.);
#93=ADVANCED_FACE('',(#451),#453,.F.);
#94=ADVANCED_FACE('',(#458),#460,.F.);
#95=ADVANCED_FACE('',(#465),#467,.F.);
#96=ADVANCED_FACE('',(#472),#474,.F.);
#97=ADVANCED_FACE('',(#479),#481,.F.);
#98=ADVANCED_FACE('',(#486),#488,.F.);
#99=ADVANCED_FACE('',(#493),#495,.F.);
#100=ADVANCED_FACE('',(#500),#502,.F.);
#101=ADVANCED_FACE('',(#507),#509,.F.);
#102=ADVANCED_FACE('',(#514),#516,.F.);
#103=ADVANCED_FACE('',(#521),#523,.F.);
#104=ADVANCED_FACE('',(#528),#530,.F.);
#105=ADVANCED_FACE('',(#535),#537,.F.);
#106=ADVANCED_FACE('',(#542),#544,.F.);
#107=ADVANCED_FACE('',(#549),#551,.F.);
#108=ADVANCED_FACE('',(#556),#558,.F.);
#109=ADVANCED_FACE('',(#563),#565,.F.);
#110=ADVANCED_FACE('',(#570),#572,.F.);
#111=ADVANCED_FACE('',(#577),#579,.F.);
#112=ADVANCED_FACE('',(#584),#586,.F.);
#113=ADVANCED_FACE('',(#591),#593,.F.);
#114=ADVANCED_FACE('',(#598),#600,.F.);
#115=ADVANCED_FACE('',(#605),#607,.F.);
#116=ADVANCED_FACE('',(#612),#614,.F.);
#117=ADVANCED_FACE('',(#619),#621,.F.);
#118=ADVANCED_FACE('',(#626),#628,.F.);
#119=ADVANCED_FACE('',(#633),#635,.F.);
#120=ADVANCED_FACE('',(#640),#642,.F.);
#121=ADVANCED_FACE('',(#647,#649),#651,.F.);
#122=ADVANCED_FACE('',(#656,#658),#660,.F.);
#123=ADVANCED_FACE('',(#665,#667,#669,#671,#673,#675),#677,.T.);
#124=ADVANCED_FACE('',(#682,#684,#686,#688,#690,#692),#694,.T.);
#125=ADVANCED_FACE('',(#699,#701),#703,.F.);
#126=ADVANCED_FACE('',(#708,#710),#712,.F.);
#127=ADVANCED_FACE('',(#717,#719),#721,.F.);
#128=ADVANCED_FACE('',(#726,#728),#730,.F.);
#129=ADVANCED_FACE('',(#735,#737),#739,.F.);
#130=ADVANCED_FACE('',(#744,#746),#748,.F.);
#131=FACE_OUTER_BOUND('',#132,.T.);
#132=EDGE_LOOP('',(#753));
#133=FACE_BOUND('',#134,.T.);
#134=EDGE_LOOP('',(#754,#755,#756,#757,#758,#759,#760,#761,#762,#763));
#135=FACE_OUTER_BOUND('',#136,.T.);
#136=EDGE_LOOP('',(#764));
#137=FACE_BOUND('',#138,.T.);
#138=EDGE_LOOP('',(#765,#766,#767,#768,#769,#770,#771,#772));
#139=FACE_BOUND('',#140,.T.);
#140=EDGE_LOOP('',(#773,#774,#775,#776,#777,#778,#779,#780));
#141=FACE_BOUND('',#142,.T.);
#142=EDGE_LOOP('',(#781,#782,#783,#784,#785,#786,#787,#788));
#143=FACE_BOUND('',#144,.T.);
#144=EDGE_LOOP('',(#789,#790,#791,#792,#793,#794,#795,#796));
#145=FACE_BOUND('',#146,.T.);
#146=EDGE_LOOP('',(#797,#798,#799,#800,#801,#802,#803,#804));
#147=FACE_BOUND('',#148,.T.);
#148=EDGE_LOOP('',(#805,#806,#807,#808,#809,#810,#811,#812));
#149=FACE_BOUND('',#150,.T.);
#150=EDGE_LOOP('',(#813,#814,#815,#816,#817,#818,#819,#820));
#151=CYLINDRICAL_SURFACE('',#152,18.);
#152=AXIS2_PLACEMENT_3D('',#153,#154,#155);
#153=CARTESIAN_POINT('',(0.,0.,0.));
#154=DIRECTION('',(0.,0.,1.));
#155=DIRECTION('',(1.,0.,0.));
#156=FACE_BOUND('',#157,.T.);
#157=EDGE_LOOP('',(#821));
#158=FACE_BOUND('',#159,.T.);
#159=EDGE_LOOP('',(#822));
#160=PLANE('',#161);
#161=AXIS2_PLACEMENT_3D('',#162,#163,#164);
#162=CARTESIAN_POINT('',(0.,0.,20.));
#163=DIRECTION('',(0.,0.,1.));
#164=DIRECTION('',(1.,0.,0.));
#165=FACE_BOUND('',#166,.T.);
#166=EDGE_LOOP('',(#823,#824,#825,#826,#827,#828,#829,#830,#831,#832));
#167=FACE_OUTER_BOUND('',#168,.T.);
#168=EDGE_LOOP('',(#833));
#169=FACE_OUTER_BOUND('',#170,.T.);
#170=EDGE_LOOP('',(#834));
#171=FACE_BOUND('',#172,.T.);
#172=EDGE_LOOP('',(#835,#836,#837,#838,#839,#840,#841,#842));
#173=FACE_BOUND('',#174,.T.);
#174=EDGE_LOOP('',(#843,#844,#845,#846,#847,#848,#849,#850));
#175=FACE_BOUND('',#176,.T.);
#176=EDGE_LOOP('',(#851,#852,#853,#854,#855,#856,#857,#858));
#177=FACE_BOUND('',#178,.T.);
#178=EDGE_LOOP('',(#859,#860,#861,#862,#863,#864,#865,#866));
#179=FACE_BOUND('',#180,.T.);
#180=EDGE_LOOP('',(#867,#868,#869,#870,#871,#872,#873,#874));
#181=FACE_BOUND('',#182,.T.);
#182=EDGE_LOOP('',(#875,#876,#877,#878,#879,#880,#881,#882));
#183=FACE_BOUND('',#184,.T.);
#184=EDGE_LOOP('',(#883,#884,#885,#886,#887,#888,#889,#890));
#185=CYLINDRICAL_SURFACE('',#186,16.5);
#186=AXIS2_PLACEMENT_3D('',#187,#188,#189);
#187=CARTESIAN_POINT('',(0.,0.,2.));
#188=DIRECTION('',(0.,0.,1.));
#189=DIRECTION('',(-1.,1.22464679914735E-16,0.));
#190=FACE_BOUND('',#191,.T.);
#191=EDGE_LOOP('',(#891,#892,#893,#894));
#192=CYLINDRICAL_SURFACE('',#193,1.);
#193=AXIS2_PLACEMENT_3D('',#194,#195,#196);
#194=CARTESIAN_POINT('',(18.,-0.5,14.5));
#195=DIRECTION('',(-1.,0.,-1.83697019872103E-16));
#196=DIRECTION('',(0.,-1.,0.));
#197=FACE_BOUND('',#198,.T.);
#198=EDGE_LOOP('',(#895,#896,#897,#898,#899));
#199=PLANE('',#200);
#200=AXIS2_PLACEMENT_3D('',#201,#202,#203);
#201=CARTESIAN_POINT('',(18.,-0.5,15.5));
#202=DIRECTION('',(-1.97372982155583E-16,0.,1.));
#203=DIRECTION('',(0.,1.,0.));
#204=FACE_BOUND('',#205,.T.);
#205=EDGE_LOOP('',(#900,#901,#902,#903));
#206=CYLINDRICAL_SURFACE('',#207,1.);
#207=AXIS2_PLACEMENT_3D('',#208,#209,#210);
#208=CARTESIAN_POINT('',(18.,0.5,14.5));
#209=DIRECTION('',(-1.,0.,-1.83697019872103E-16));
#210=DIRECTION('',(-1.83697019872103E-16,0.,1.));
#211=FACE_BOUND('',#212,.T.);
#212=EDGE_LOOP('',(#904,#905,#906,#907));
#213=PLANE('',#214);
#214=AXIS2_PLACEMENT_3D('',#215,#216,#217);
#215=CARTESIAN_POINT('',(18.,1.5,14.5));
#216=DIRECTION('',(0.,1.,0.));
#217=DIRECTION('',(3.94745964311167E-16,0.,-1.));
#218=FACE_BOUND('',#219,.T.);
#219=EDGE_LOOP('',(#908,#909,#910,#911));
#220=CYLINDRICAL_SURFACE('',#221,1.);
#221=AXIS2_PLACEMENT_3D('',#222,#223,#224);
#222=CARTESIAN_POINT('',(18.,0.5,5.5));
#223=DIRECTION('',(-1.,0.,-1.83697019872103E-16));
#224=DIRECTION('',(0.,1.,0.));
#225=FACE_BOUND('',#226,.T.);
#226=EDGE_LOOP('',(#912,#913,#914,#915,#916));
#227=PLANE('',#228);
#228=AXIS2_PLACEMENT_3D('',#229,#230,#231);
#229=CARTESIAN_POINT('',(18.,0.5,4.5));
#230=DIRECTION('',(1.97372982155583E-16,0.,-1.));
#231=DIRECTION('',(0.,-1.,0.));
#232=FACE_OUTER_BOUND('',#233,.T.);
#233=EDGE_LOOP('',(#917));
#234=FACE_OUTER_BOUND('',#235,.T.);
#235=EDGE_LOOP('',(#918));
#236=TOROIDAL_SURFACE('',#237,16.,2.);
#237=AXIS2_PLACEMENT_3D('',#238,#239,#240);
#238=CARTESIAN_POINT('',(0.,0.,2.));
#239=DIRECTION('',(0.,0.,1.));
#240=DIRECTION('',(1.,0.,0.));
#241=FACE_BOUND('',#242,.T.);
#242=EDGE_LOOP('',(#919,#920,#921,#922));
#243=CYLINDRICAL_SURFACE('',#244,1.);
#244=AXIS2_PLACEMENT_3D('',#245,#246,#247);
#245=CARTESIAN_POINT('',(18.,-0.5,5.50000000000001));
#246=DIRECTION('',(-1.,0.,-1.83697019872103E-16));
#247=DIRECTION('',(1.83697019872103E-16,1.11022302462516E-16,-1.));
#248=FACE_BOUND('',#249,.T.);
#249=EDGE_LOOP('',(#923,#924,#925,#926));
#250=PLANE('',#251);
#251=AXIS2_PLACEMENT_3D('',#252,#253,#254);
#252=CARTESIAN_POINT('',(18.,-1.5,5.50000000000001));
#253=DIRECTION('',(0.,-1.,0.));
#254=DIRECTION('',(-3.94745964311167E-16,0.,1.));
#255=FACE_BOUND('',#256,.T.);
#256=EDGE_LOOP('',(#927,#928,#929,#930));
#257=CYLINDRICAL_SURFACE('',#258,1.);
#258=AXIS2_PLACEMENT_3D('',#259,#260,#261);
#259=CARTESIAN_POINT('',(-18.3364546838363,19.0435614650229,14.5));
#260=DIRECTION('',(0.707106781186548,-0.707106781186548,-1.83697019872103E-16));
#261=DIRECTION('',(0.707106781186548,0.707106781186548,0.));
#262=FACE_BOUND('',#263,.T.);
#263=EDGE_LOOP('',(#931,#932,#933,#934));
#264=PLANE('',#265);
#265=AXIS2_PLACEMENT_3D('',#266,#267,#268);
#266=CARTESIAN_POINT('',(-18.3364546838363,19.0435614650229,15.5));
#267=DIRECTION('',(1.42564692775377E-16,-1.42564692775377E-16,1.));
#268=DIRECTION('',(-0.707106781186548,-0.707106781186548,0.));
#269=FACE_BOUND('',#270,.T.);
#270=EDGE_LOOP('',(#935,#936,#937,#938));
#271=CYLINDRICAL_SURFACE('',#272,1.);
#272=AXIS2_PLACEMENT_3D('',#273,#274,#275);
#273=CARTESIAN_POINT('',(-19.0435614650229,18.3364546838363,14.5));
#274=DIRECTION('',(0.707106781186548,-0.707106781186548,-1.83697019872103E-16));
#275=DIRECTION('',(1.29893408435324E-16,-1.29893408435324E-16,1.));
#276=FACE_BOUND('',#277,.T.);
#277=EDGE_LOOP('',(#939,#940,#941,#942));
#278=PLANE('',#279);
#279=AXIS2_PLACEMENT_3D('',#280,#281,#282);
#280=CARTESIAN_POINT('',(-19.7506682462094,17.6293479026498,14.5));
#281=DIRECTION('',(-0.707106781186547,-0.707106781186548,0.));
#282=DIRECTION('',(-3.94745964311167E-16,3.94745964311167E-16,-1.));
#283=FACE_BOUND('',#284,.T.);
#284=EDGE_LOOP('',(#943,#944,#945,#946));
#285=CYLINDRICAL_SURFACE('',#286,1.);
#286=AXIS2_PLACEMENT_3D('',#287,#288,#289);
#287=CARTESIAN_POINT('',(-19.0435614650229,18.3364546838363,5.5));
#288=DIRECTION('',(0.707106781186548,-0.707106781186548,-1.83697019872103E-16));
#289=DIRECTION('',(-0.707106781186548,-0.707106781186548,0.));
#290=FACE_BOUND('',#291,.T.);
#291=EDGE_LOOP('',(#947,#948,#949,#950));
#292=PLANE('',#293);
#293=AXIS2_PLACEMENT_3D('',#294,#295,#296);
#294=CARTESIAN_POINT('',(-19.0435614650229,18.3364546838363,4.5));
#295=DIRECTION('',(-1.18803910646148E-16,1.18803910646148E-16,-1.));
#296=DIRECTION('',(0.707106781186548,0.707106781186548,0.));
#297=FACE_BOUND('',#298,.T.);
#298=EDGE_LOOP('',(#951,#952,#953,#954));
#299=CYLINDRICAL_SURFACE('',#300,1.);
#300=AXIS2_PLACEMENT_3D('',#301,#302,#303);
#301=CARTESIAN_POINT('',(-18.3364546838363,19.0435614650229,5.50000000000001));
#302=DIRECTION('',(0.707106781186548,-0.707106781186548,-1.83697019872103E-16));
#303=DIRECTION('',(-2.08398031369513E-16,5.13887855011351E-17,-1.));
#304=FACE_BOUND('',#305,.T.);
#305=EDGE_LOOP('',(#955,#956,#957,#958));
#306=PLANE('',#307);
#307=AXIS2_PLACEMENT_3D('',#308,#309,#310);
#308=CARTESIAN_POINT('',(-17.6293479026498,19.7506682462094,5.50000000000001));
#309=DIRECTION('',(0.707106781186548,0.707106781186547,-4.93038065763132E-32));
#310=DIRECTION('',(3.94745964311167E-16,-3.94745964311167E-16,1.));
#311=FACE_BOUND('',#312,.T.);
#312=EDGE_LOOP('',(#959,#960,#961,#962));
#313=CYLINDRICAL_SURFACE('',#314,1.);
#314=AXIS2_PLACEMENT_3D('',#315,#316,#317);
#315=CARTESIAN_POINT('',(19.0435614650229,18.3364546838363,14.5));
#316=DIRECTION('',(-0.707106781186548,-0.707106781186548,-1.83697019872103E-16));
#317=DIRECTION('',(0.707106781186548,-0.707106781186548,0.));
#318=FACE_BOUND('',#319,.T.);
#319=EDGE_LOOP('',(#963,#964,#965,#966));
#320=PLANE('',#321);
#321=AXIS2_PLACEMENT_3D('',#322,#323,#324);
#322=CARTESIAN_POINT('',(19.0435614650229,18.3364546838363,15.5));
#323=DIRECTION('',(-1.42564692775377E-16,-1.42564692775377E-16,1.));
#324=DIRECTION('',(-0.707106781186548,0.707106781186548,0.));
#325=FACE_BOUND('',#326,.T.);
#326=EDGE_LOOP('',(#967,#968,#969,#970));
#327=CYLINDRICAL_SURFACE('',#328,1.);
#328=AXIS2_PLACEMENT_3D('',#329,#330,#331);
#329=CARTESIAN_POINT('',(18.3364546838363,19.0435614650229,14.5));
#330=DIRECTION('',(-0.707106781186548,-0.707106781186548,-1.83697019872103E-16));
#331=DIRECTION('',(-1.29893408435324E-16,-1.29893408435324E-16,1.));
#332=FACE_BOUND('',#333,.T.);
#333=EDGE_LOOP('',(#971,#972,#973,#974));
#334=PLANE('',#335);
#335=AXIS2_PLACEMENT_3D('',#336,#337,#338);
#336=CARTESIAN_POINT('',(17.6293479026498,19.7506682462094,14.5));
#337=DIRECTION('',(-0.707106781186548,0.707106781186547,0.));
#338=DIRECTION('',(3.94745964311167E-16,3.94745964311167E-16,-1.));
#339=FACE_BOUND('',#340,.T.);
#340=EDGE_LOOP('',(#975,#976,#977,#978));
#341=CYLINDRICAL_SURFACE('',#342,1.);
#342=AXIS2_PLACEMENT_3D('',#343,#344,#345);
#343=CARTESIAN_POINT('',(18.3364546838363,19.0435614650229,5.5));
#344=DIRECTION('',(-0.707106781186548,-0.707106781186548,-1.83697019872103E-16));
#345=DIRECTION('',(-0.707106781186548,0.707106781186548,0.));
#346=FACE_BOUND('',#347,.T.);
#347=EDGE_LOOP('',(#979,#980,#981,#982));
#348=PLANE('',#349);
#349=AXIS2_PLACEMENT_3D('',#350,#351,#352);
#350=CARTESIAN_POINT('',(18.3364546838363,19.0435614650229,4.5));
#351=DIRECTION('',(1.18803910646148E-16,1.18803910646148E-16,-1.));
#352=DIRECTION('',(0.707106781186548,-0.707106781186548,0.));
#353=FACE_BOUND('',#354,.T.);
#354=EDGE_LOOP('',(#983,#984,#985,#986));
#355=CYLINDRICAL_SURFACE('',#356,1.);
#356=AXIS2_PLACEMENT_3D('',#357,#358,#359);
#357=CARTESIAN_POINT('',(19.0435614650229,18.3364546838363,5.50000000000001));
#358=DIRECTION('',(-0.707106781186548,-0.707106781186548,-1.83697019872103E-16));
#359=DIRECTION('',(5.13887855011351E-17,2.08398031369513E-16,-1.));
#360=FACE_BOUND('',#361,.T.);
#361=EDGE_LOOP('',(#987,#988,#989,#990));
#362=PLANE('',#363);
#363=AXIS2_PLACEMENT_3D('',#364,#365,#366);
#364=CARTESIAN_POINT('',(19.7506682462094,17.6293479026498,5.50000000000001));
#365=DIRECTION('',(0.707106781186547,-0.707106781186548,-4.93038065763132E-32));
#366=DIRECTION('',(-3.94745964311167E-16,-3.94745964311167E-16,1.));
#367=FACE_BOUND('',#368,.T.);
#368=EDGE_LOOP('',(#991,#992,#993,#994));
#369=CYLINDRICAL_SURFACE('',#370,1.);
#370=AXIS2_PLACEMENT_3D('',#371,#372,#373);
#371=CARTESIAN_POINT('',(18.3364546838363,-19.0435614650229,14.5));
#372=DIRECTION('',(-0.707106781186548,0.707106781186548,-1.83697019872103E-16));
#373=DIRECTION('',(-0.707106781186548,-0.707106781186548,0.));
#374=FACE_BOUND('',#375,.T.);
#375=EDGE_LOOP('',(#995,#996,#997,#998));
#376=PLANE('',#377);
#377=AXIS2_PLACEMENT_3D('',#378,#379,#380);
#378=CARTESIAN_POINT('',(18.3364546838363,-19.0435614650229,15.5));
#379=DIRECTION('',(-1.42564692775377E-16,1.42564692775377E-16,1.));
#380=DIRECTION('',(0.707106781186548,0.707106781186548,0.));
#381=FACE_BOUND('',#382,.T.);
#382=EDGE_LOOP('',(#999,#1000,#1001,#1002));
#383=CYLINDRICAL_SURFACE('',#384,1.);
#384=AXIS2_PLACEMENT_3D('',#385,#386,#387);
#385=CARTESIAN_POINT('',(19.0435614650229,-18.3364546838363,14.5));
#386=DIRECTION('',(-0.707106781186548,0.707106781186548,-1.83697019872103E-16));
#387=DIRECTION('',(-1.29893408435324E-16,1.29893408435324E-16,1.));
#388=FACE_BOUND('',#389,.T.);
#389=EDGE_LOOP('',(#1003,#1004,#1005,#1006));
#390=PLANE('',#391);
#391=AXIS2_PLACEMENT_3D('',#392,#393,#394);
#392=CARTESIAN_POINT('',(19.7506682462094,-17.6293479026498,14.5));
#393=DIRECTION('',(0.707106781186547,0.707106781186548,0.));
#394=DIRECTION('',(3.94745964311167E-16,-3.94745964311167E-16,-1.));
#395=FACE_BOUND('',#396,.T.);
#396=EDGE_LOOP('',(#1007,#1008,#1009,#1010));
#397=CYLINDRICAL_SURFACE('',#398,1.);
#398=AXIS2_PLACEMENT_3D('',#399,#400,#401);
#399=CARTESIAN_POINT('',(19.0435614650229,-18.3364546838363,5.5));
#400=DIRECTION('',(-0.707106781186548,0.707106781186548,-1.83697019872103E-16));
#401=DIRECTION('',(0.707106781186548,0.707106781186548,0.));
#402=FACE_BOUND('',#403,.T.);
#403=EDGE_LOOP('',(#1011,#1012,#1013,#1014));
#404=PLANE('',#405);
#405=AXIS2_PLACEMENT_3D('',#406,#407,#408);
#406=CARTESIAN_POINT('',(19.0435614650229,-18.3364546838363,4.5));
#407=DIRECTION('',(1.18803910646148E-16,-1.18803910646148E-16,-1.));
#408=DIRECTION('',(-0.707106781186548,-0.707106781186548,0.));
#409=FACE_BOUND('',#410,.T.);
#410=EDGE_LOOP('',(#1015,#1016,#1017,#1018));
#411=CYLINDRICAL_SURFACE('',#412,1.);
#412=AXIS2_PLACEMENT_3D('',#413,#414,#415);
#413=CARTESIAN_POINT('',(18.3364546838363,-19.0435614650229,5.50000000000001));
#414=DIRECTION('',(-0.707106781186548,0.707106781186548,-1.83697019872103E-16));
#415=DIRECTION('',(2.08398031369513E-16,-5.13887855011352E-17,-1.));
#416=FACE_BOUND('',#417,.T.);
#417=EDGE_LOOP('',(#1019,#1020,#1021,#1022));
#418=PLANE('',#419);
#419=AXIS2_PLACEMENT_3D('',#420,#421,#422);
#420=CARTESIAN_POINT('',(17.6293479026498,-19.7506682462094,5.50000000000001));
#421=DIRECTION('',(-0.707106781186548,-0.707106781186547,-4.93038065763132E-32));
#422=DIRECTION('',(-3.94745964311167E-16,3.94745964311167E-16,1.));
#423=FACE_BOUND('',#424,.T.);
#424=EDGE_LOOP('',(#1023,#1024,#1025,#1026));
#425=CYLINDRICAL_SURFACE('',#426,1.);
#426=AXIS2_PLACEMENT_3D('',#427,#428,#429);
#427=CARTESIAN_POINT('',(-19.0435614650229,-18.3364546838363,14.5));
#428=DIRECTION('',(0.707106781186548,0.707106781186548,-1.83697019872103E-16));
#429=DIRECTION('',(-0.707106781186548,0.707106781186548,0.));
#430=FACE_BOUND('',#431,.T.);
#431=EDGE_LOOP('',(#1027,#1028,#1029,#1030));
#432=PLANE('',#433);
#433=AXIS2_PLACEMENT_3D('',#434,#435,#436);
#434=CARTESIAN_POINT('',(-19.0435614650229,-18.3364546838363,15.5));
#435=DIRECTION('',(1.42564692775377E-16,1.42564692775377E-16,1.));
#436=DIRECTION('',(0.707106781186548,-0.707106781186548,0.));
#437=FACE_BOUND('',#438,.T.);
#438=EDGE_LOOP('',(#1031,#1032,#1033,#1034));
#439=CYLINDRICAL_SURFACE('',#440,1.);
#440=AXIS2_PLACEMENT_3D('',#441,#442,#443);
#441=CARTESIAN_POINT('',(-18.3364546838363,-19.0435614650229,14.5));
#442=DIRECTION('',(0.707106781186548,0.707106781186548,-1.83697019872103E-16));
#443=DIRECTION('',(1.29893408435324E-16,1.29893408435324E-16,1.));
#444=FACE_BOUND('',#445,.T.);
#445=EDGE_LOOP('',(#1035,#1036,#1037,#1038));
#446=PLANE('',#447);
#447=AXIS2_PLACEMENT_3D('',#448,#449,#450);
#448=CARTESIAN_POINT('',(-17.6293479026498,-19.7506682462094,14.5));
#449=DIRECTION('',(0.707106781186548,-0.707106781186547,0.));
#450=DIRECTION('',(-3.94745964311167E-16,-3.94745964311167E-16,-1.));
#451=FACE_BOUND('',#452,.T.);
#452=EDGE_LOOP('',(#1039,#1040,#1041,#1042));
#453=CYLINDRICAL_SURFACE('',#454,1.);
#454=AXIS2_PLACEMENT_3D('',#455,#456,#457);
#455=CARTESIAN_POINT('',(-18.3364546838363,-19.0435614650229,5.5));
#456=DIRECTION('',(0.707106781186548,0.707106781186548,-1.83697019872103E-16));
#457=DIRECTION('',(0.707106781186548,-0.707106781186548,0.));
#458=FACE_BOUND('',#459,.T.);
#459=EDGE_LOOP('',(#1043,#1044,#1045,#1046));
#460=PLANE('',#461);
#461=AXIS2_PLACEMENT_3D('',#462,#463,#464);
#462=CARTESIAN_POINT('',(-18.3364546838363,-19.0435614650229,4.5));
#463=DIRECTION('',(-1.18803910646148E-16,-1.18803910646148E-16,-1.));
#464=DIRECTION('',(-0.707106781186548,0.707106781186548,0.));
#465=FACE_BOUND('',#466,.T.);
#466=EDGE_LOOP('',(#1047,#1048,#1049,#1050));
#467=CYLINDRICAL_SURFACE('',#468,1.);
#468=AXIS2_PLACEMENT_3D('',#469,#470,#471);
#469=CARTESIAN_POINT('',(-19.0435614650229,-18.3364546838363,5.50000000000001));
#470=DIRECTION('',(0.707106781186548,0.707106781186548,-1.83697019872103E-16));
#471=DIRECTION('',(-5.13887855011352E-17,-2.08398031369513E-16,-1.));
#472=FACE_BOUND('',#473,.T.);
#473=EDGE_LOOP('',(#1051,#1052,#1053,#1054));
#474=PLANE('',#475);
#475=AXIS2_PLACEMENT_3D('',#476,#477,#478);
#476=CARTESIAN_POINT('',(-19.7506682462094,-17.6293479026498,5.50000000000001));
#477=DIRECTION('',(-0.707106781186547,0.707106781186548,-4.93038065763132E-32));
#478=DIRECTION('',(3.94745964311167E-16,3.94745964311167E-16,1.));
#479=FACE_BOUND('',#480,.T.);
#480=EDGE_LOOP('',(#1055,#1056,#1057,#1058));
#481=CYLINDRICAL_SURFACE('',#482,1.);
#482=AXIS2_PLACEMENT_3D('',#483,#484,#485);
#483=CARTESIAN_POINT('',(-18.,0.5,14.5));
#484=DIRECTION('',(1.,0.,-1.83697019872103E-16));
#485=DIRECTION('',(0.,1.,0.));
#486=FACE_BOUND('',#487,.T.);
#487=EDGE_LOOP('',(#1059,#1060,#1061,#1062,#1063));
#488=PLANE('',#489);
#489=AXIS2_PLACEMENT_3D('',#490,#491,#492);
#490=CARTESIAN_POINT('',(-18.,0.5,15.5));
#491=DIRECTION('',(1.97372982155583E-16,0.,1.));
#492=DIRECTION('',(0.,-1.,0.));
#493=FACE_BOUND('',#494,.T.);
#494=EDGE_LOOP('',(#1064,#1065,#1066,#1067));
#495=CYLINDRICAL_SURFACE('',#496,1.);
#496=AXIS2_PLACEMENT_3D('',#497,#498,#499);
#497=CARTESIAN_POINT('',(-18.,-0.5,14.5));
#498=DIRECTION('',(1.,0.,-1.83697019872103E-16));
#499=DIRECTION('',(1.83697019872103E-16,0.,1.));
#500=FACE_BOUND('',#501,.T.);
#501=EDGE_LOOP('',(#1068,#1069,#1070,#1071));
#502=PLANE('',#503);
#503=AXIS2_PLACEMENT_3D('',#504,#505,#506);
#504=CARTESIAN_POINT('',(-18.,-1.5,14.5));
#505=DIRECTION('',(0.,-1.,0.));
#506=DIRECTION('',(-3.94745964311167E-16,0.,-1.));
#507=FACE_BOUND('',#508,.T.);
#508=EDGE_LOOP('',(#1072,#1073,#1074,#1075));
#509=CYLINDRICAL_SURFACE('',#510,1.);
#510=AXIS2_PLACEMENT_3D('',#511,#512,#513);
#511=CARTESIAN_POINT('',(-18.,-0.5,5.5));
#512=DIRECTION('',(1.,0.,-1.83697019872103E-16));
#513=DIRECTION('',(0.,-1.,0.));
#514=FACE_BOUND('',#515,.T.);
#515=EDGE_LOOP('',(#1076,#1077,#1078,#1079,#1080));
#516=PLANE('',#517);
#517=AXIS2_PLACEMENT_3D('',#518,#519,#520);
#518=CARTESIAN_POINT('',(-18.,-0.5,4.5));
#519=DIRECTION('',(-1.97372982155583E-16,0.,-1.));
#520=DIRECTION('',(0.,1.,0.));
#521=FACE_BOUND('',#522,.T.);
#522=EDGE_LOOP('',(#1081,#1082,#1083,#1084));
#523=CYLINDRICAL_SURFACE('',#524,1.);
#524=AXIS2_PLACEMENT_3D('',#525,#526,#527);
#525=CARTESIAN_POINT('',(-18.,0.5,5.50000000000001));
#526=DIRECTION('',(1.,0.,-1.83697019872103E-16));
#527=DIRECTION('',(-1.83697019872103E-16,-1.11022302462516E-16,-1.));
#528=FACE_BOUND('',#529,.T.);
#529=EDGE_LOOP('',(#1085,#1086,#1087,#1088));
#530=PLANE('',#531);
#531=AXIS2_PLACEMENT_3D('',#532,#533,#534);
#532=CARTESIAN_POINT('',(-18.,1.5,5.50000000000001));
#533=DIRECTION('',(0.,1.,0.));
#534=DIRECTION('',(3.94745964311167E-16,0.,1.));
#535=FACE_BOUND('',#536,.T.);
#536=EDGE_LOOP('',(#1089,#1090,#1091,#1092));
#537=CYLINDRICAL_SURFACE('',#538,1.);
#538=AXIS2_PLACEMENT_3D('',#539,#540,#541);
#539=CARTESIAN_POINT('',(-0.5,-18.,14.5));
#540=DIRECTION('',(0.,1.,-1.83697019872103E-16));
#541=DIRECTION('',(-1.,0.,0.));
#542=FACE_BOUND('',#543,.T.);
#543=EDGE_LOOP('',(#1093,#1094,#1095,#1096));
#544=PLANE('',#545);
#545=AXIS2_PLACEMENT_3D('',#546,#547,#548);
#546=CARTESIAN_POINT('',(-0.5,-18.,15.5));
#547=DIRECTION('',(0.,1.97372982155583E-16,1.));
#548=DIRECTION('',(1.,0.,0.));
#549=FACE_BOUND('',#550,.T.);
#550=EDGE_LOOP('',(#1097,#1098,#1099,#1100));
#551=CYLINDRICAL_SURFACE('',#552,1.);
#552=AXIS2_PLACEMENT_3D('',#553,#554,#555);
#553=CARTESIAN_POINT('',(0.5,-18.,14.5));
#554=DIRECTION('',(0.,1.,-1.83697019872103E-16));
#555=DIRECTION('',(0.,1.83697019872103E-16,1.));
#556=FACE_BOUND('',#557,.T.);
#557=EDGE_LOOP('',(#1101,#1102,#1103,#1104));
#558=PLANE('',#559);
#559=AXIS2_PLACEMENT_3D('',#560,#561,#562);
#560=CARTESIAN_POINT('',(1.5,-18.,14.5));
#561=DIRECTION('',(1.,0.,0.));
#562=DIRECTION('',(0.,-3.94745964311167E-16,-1.));
#563=FACE_BOUND('',#564,.T.);
#564=EDGE_LOOP('',(#1105,#1106,#1107,#1108));
#565=CYLINDRICAL_SURFACE('',#566,1.);
#566=AXIS2_PLACEMENT_3D('',#567,#568,#569);
#567=CARTESIAN_POINT('',(0.5,-18.,5.5));
#568=DIRECTION('',(0.,1.,-1.83697019872103E-16));
#569=DIRECTION('',(1.,0.,0.));
#570=FACE_BOUND('',#571,.T.);
#571=EDGE_LOOP('',(#1109,#1110,#1111,#1112));
#572=PLANE('',#573);
#573=AXIS2_PLACEMENT_3D('',#574,#575,#576);
#574=CARTESIAN_POINT('',(0.5,-18.,4.5));
#575=DIRECTION('',(0.,-1.97372982155583E-16,-1.));
#576=DIRECTION('',(-1.,0.,0.));
#577=FACE_BOUND('',#578,.T.);
#578=EDGE_LOOP('',(#1113,#1114,#1115,#1116));
#579=CYLINDRICAL_SURFACE('',#580,1.);
#580=AXIS2_PLACEMENT_3D('',#581,#582,#583);
#581=CARTESIAN_POINT('',(-0.5,-18.,5.50000000000001));
#582=DIRECTION('',(0.,1.,-1.83697019872103E-16));
#583=DIRECTION('',(1.11022302462516E-16,-1.83697019872103E-16,-1.));
#584=FACE_BOUND('',#585,.T.);
#585=EDGE_LOOP('',(#1117,#1118,#1119,#1120));
#586=PLANE('',#587);
#587=AXIS2_PLACEMENT_3D('',#588,#589,#590);
#588=CARTESIAN_POINT('',(-1.5,-18.,5.50000000000001));
#589=DIRECTION('',(-1.,0.,0.));
#590=DIRECTION('',(0.,3.94745964311167E-16,1.));
#591=FACE_BOUND('',#592,.T.);
#592=EDGE_LOOP('',(#1121,#1122,#1123,#1124));
#593=CYLINDRICAL_SURFACE('',#594,1.);
#594=AXIS2_PLACEMENT_3D('',#595,#596,#597);
#595=CARTESIAN_POINT('',(0.5,18.,14.5));
#596=DIRECTION('',(0.,-1.,-1.83697019872103E-16));
#597=DIRECTION('',(1.,0.,0.));
#598=FACE_BOUND('',#599,.T.);
#599=EDGE_LOOP('',(#1125,#1126,#1127,#1128));
#600=PLANE('',#601);
#601=AXIS2_PLACEMENT_3D('',#602,#603,#604);
#602=CARTESIAN_POINT('',(0.5,18.,15.5));
#603=DIRECTION('',(0.,-1.97372982155583E-16,1.));
#604=DIRECTION('',(-1.,0.,0.));
#605=FACE_BOUND('',#606,.T.);
#606=EDGE_LOOP('',(#1129,#1130,#1131,#1132));
#607=CYLINDRICAL_SURFACE('',#608,1.);
#608=AXIS2_PLACEMENT_3D('',#609,#610,#611);
#609=CARTESIAN_POINT('',(-0.5,18.,14.5));
#610=DIRECTION('',(0.,-1.,-1.83697019872103E-16));
#611=DIRECTION('',(0.,-1.83697019872103E-16,1.));
#612=FACE_BOUND('',#613,.T.);
#613=EDGE_LOOP('',(#1133,#1134,#1135,#1136));
#614=PLANE('',#615);
#615=AXIS2_PLACEMENT_3D('',#616,#617,#618);
#616=CARTESIAN_POINT('',(-1.5,18.,14.5));
#617=DIRECTION('',(-1.,0.,0.));
#618=DIRECTION('',(0.,3.94745964311167E-16,-1.));
#619=FACE_BOUND('',#620,.T.);
#620=EDGE_LOOP('',(#1137,#1138,#1139,#1140));
#621=CYLINDRICAL_SURFACE('',#622,1.);
#622=AXIS2_PLACEMENT_3D('',#623,#624,#625);
#623=CARTESIAN_POINT('',(-0.5,18.,5.5));
#624=DIRECTION('',(0.,-1.,-1.83697019872103E-16));
#625=DIRECTION('',(-1.,0.,0.));
#626=FACE_BOUND('',#627,.T.);
#627=EDGE_LOOP('',(#1141,#1142,#1143,#1144));
#628=PLANE('',#629);
#629=AXIS2_PLACEMENT_3D('',#630,#631,#632);
#630=CARTESIAN_POINT('',(-0.5,18.,4.5));
#631=DIRECTION('',(0.,1.97372982155583E-16,-1.));
#632=DIRECTION('',(1.,0.,0.));
#633=FACE_BOUND('',#634,.T.);
#634=EDGE_LOOP('',(#1145,#1146,#1147,#1148));
#635=CYLINDRICAL_SURFACE('',#636,1.);
#636=AXIS2_PLACEMENT_3D('',#637,#638,#639);
#637=CARTESIAN_POINT('',(0.5,18.,5.50000000000001));
#638=DIRECTION('',(0.,-1.,-1.83697019872103E-16));
#639=DIRECTION('',(-1.11022302462516E-16,1.83697019872103E-16,-1.));
#640=FACE_BOUND('',#641,.T.);
#641=EDGE_LOOP('',(#1149,#1150,#1151,#1152));
#642=PLANE('',#643);
#643=AXIS2_PLACEMENT_3D('',#644,#645,#646);
#644=CARTESIAN_POINT('',(1.5,18.,5.50000000000001));
#645=DIRECTION('',(1.,0.,0.));
#646=DIRECTION('',(0.,-3.94745964311167E-16,1.));
#647=FACE_OUTER_BOUND('',#648,.T.);
#648=EDGE_LOOP('',(#1153));
#649=FACE_OUTER_BOUND('',#650,.T.);
#650=EDGE_LOOP('',(#1154));
#651=CYLINDRICAL_SURFACE('',#652,15.);
#652=AXIS2_PLACEMENT_3D('',#653,#654,#655);
#653=CARTESIAN_POINT('',(0.,0.,18.));
#654=DIRECTION('',(0.,0.,-1.));
#655=DIRECTION('',(-1.,1.22464679914735E-16,0.));
#656=FACE_OUTER_BOUND('',#657,.T.);
#657=EDGE_LOOP('',(#1155));
#658=FACE_OUTER_BOUND('',#659,.T.);
#659=EDGE_LOOP('',(#1156));
#660=TOROIDAL_SURFACE('',#661,14.5,2.);
#661=AXIS2_PLACEMENT_3D('',#662,#663,#664);
#662=CARTESIAN_POINT('',(0.,0.,4.));
#663=DIRECTION('',(0.,0.,1.));
#664=DIRECTION('',(-1.,1.22464679914735E-16,0.));
#665=FACE_BOUND('',#666,.T.);
#666=EDGE_LOOP('',(#1157));
#667=FACE_BOUND('',#668,.T.);
#668=EDGE_LOOP('',(#1158));
#669=FACE_BOUND('',#670,.T.);
#670=EDGE_LOOP('',(#1159));
#671=FACE_BOUND('',#672,.T.);
#672=EDGE_LOOP('',(#1160));
#673=FACE_BOUND('',#674,.T.);
#674=EDGE_LOOP('',(#1161));
#675=FACE_BOUND('',#676,.T.);
#676=EDGE_LOOP('',(#1162));
#677=PLANE('',#678);
#678=AXIS2_PLACEMENT_3D('',#679,#680,#681);
#679=CARTESIAN_POINT('',(0.,0.,0.));
#680=DIRECTION('',(0.,0.,-1.));
#681=DIRECTION('',(1.,0.,0.));
#682=FACE_BOUND('',#683,.T.);
#683=EDGE_LOOP('',(#1163));
#684=FACE_BOUND('',#685,.T.);
#685=EDGE_LOOP('',(#1164));
#686=FACE_BOUND('',#687,.T.);
#687=EDGE_LOOP('',(#1165));
#688=FACE_BOUND('',#689,.T.);
#689=EDGE_LOOP('',(#1166));
#690=FACE_BOUND('',#691,.T.);
#691=EDGE_LOOP('',(#1167));
#692=FACE_BOUND('',#693,.T.);
#693=EDGE_LOOP('',(#1168));
#694=PLANE('',#695);
#695=AXIS2_PLACEMENT_3D('',#696,#697,#698);
#696=CARTESIAN_POINT('',(0.,0.,2.));
#697=DIRECTION('',(0.,0.,1.));
#698=DIRECTION('',(-1.,1.22464679914735E-16,0.));
#699=FACE_OUTER_BOUND('',#700,.T.);
#700=EDGE_LOOP('',(#1169));
#701=FACE_OUTER_BOUND('',#702,.T.);
#702=EDGE_LOOP('',(#1170));
#703=CYLINDRICAL_SURFACE('',#704,1.5);
#704=AXIS2_PLACEMENT_3D('',#705,#706,#707);
#705=CARTESIAN_POINT('',(6.,7.34788079488412E-16,10.));
#706=DIRECTION('',(0.,0.,-1.));
#707=DIRECTION('',(-6.12323399573676E-17,1.,0.));
#708=FACE_OUTER_BOUND('',#709,.T.);
#709=EDGE_LOOP('',(#1171));
#710=FACE_OUTER_BOUND('',#711,.T.);
#711=EDGE_LOOP('',(#1172));
#712=CYLINDRICAL_SURFACE('',#713,1.5);
#713=AXIS2_PLACEMENT_3D('',#714,#715,#716);
#714=CARTESIAN_POINT('',(-6.,-1.46957615897682E-15,10.));
#715=DIRECTION('',(0.,0.,-1.));
#716=DIRECTION('',(-6.12323399573676E-17,1.,0.));
#717=FACE_OUTER_BOUND('',#718,.T.);
#718=EDGE_LOOP('',(#1173));
#719=FACE_OUTER_BOUND('',#720,.T.);
#720=EDGE_LOOP('',(#1174));
#721=CYLINDRICAL_SURFACE('',#722,1.5);
#722=AXIS2_PLACEMENT_3D('',#723,#724,#725);
#723=CARTESIAN_POINT('',(1.10218211923262E-15,-6.,10.));
#724=DIRECTION('',(0.,0.,-1.));
#725=DIRECTION('',(-6.12323399573676E-17,1.,0.));
#726=FACE_OUTER_BOUND('',#727,.T.);
#727=EDGE_LOOP('',(#1175));
#728=FACE_OUTER_BOUND('',#729,.T.);
#729=EDGE_LOOP('',(#1176));
#730=CYLINDRICAL_SURFACE('',#731,1.5);
#731=AXIS2_PLACEMENT_3D('',#732,#733,#734);
#732=CARTESIAN_POINT('',(-3.67394039744206E-16,6.,10.));
#733=DIRECTION('',(0.,0.,-1.));
#734=DIRECTION('',(-6.12323399573676E-17,1.,0.));
#735=FACE_OUTER_BOUND('',#736,.T.);
#736=EDGE_LOOP('',(#1177));
#737=FACE_OUTER_BOUND('',#738,.T.);
#738=EDGE_LOOP('',(#1178));
#739=CYLINDRICAL_SURFACE('',#740,2.5);
#740=AXIS2_PLACEMENT_3D('',#741,#742,#743);
#741=CARTESIAN_POINT('',(0.,0.,10.));
#742=DIRECTION('',(0.,0.,-1.));
#743=DIRECTION('',(-6.12323399573677E-17,1.,0.));
#744=FACE_OUTER_BOUND('',#745,.T.);
#745=EDGE_LOOP('',(#1179));
#746=FACE_OUTER_BOUND('',#747,.T.);
#747=EDGE_LOOP('',(#1180));
#748=CONICAL_SURFACE('',#749,15.75,0.785398163397448);
#749=AXIS2_PLACEMENT_3D('',#750,#751,#752);
#750=CARTESIAN_POINT('',(0.,0.,18.75));
#751=DIRECTION('',(0.,0.,-1.));
#752=DIRECTION('',(-1.,1.22464679914735E-16,0.));
#753=ORIENTED_EDGE('',*,*,#1181,.F.);
#754=ORIENTED_EDGE('',*,*,#1182,.T.);
#755=ORIENTED_EDGE('',*,*,#1183,.T.);
#756=ORIENTED_EDGE('',*,*,#1184,.T.);
#757=ORIENTED_EDGE('',*,*,#1185,.T.);
#758=ORIENTED_EDGE('',*,*,#1186,.T.);
#759=ORIENTED_EDGE('',*,*,#1187,.T.);
#760=ORIENTED_EDGE('',*,*,#1188,.T.);
#761=ORIENTED_EDGE('',*,*,#1189,.T.);
#762=ORIENTED_EDGE('',*,*,#1190,.T.);
#763=ORIENTED_EDGE('',*,*,#1191,.T.);
#764=ORIENTED_EDGE('',*,*,#1192,.T.);
#765=ORIENTED_EDGE('',*,*,#1193,.T.);
#766=ORIENTED_EDGE('',*,*,#1194,.T.);
#767=ORIENTED_EDGE('',*,*,#1195,.T.);
#768=ORIENTED_EDGE('',*,*,#1196,.T.);
#769=ORIENTED_EDGE('',*,*,#1197,.T.);
#770=ORIENTED_EDGE('',*,*,#1198,.T.);
#771=ORIENTED_EDGE('',*,*,#1199,.T.);
#772=ORIENTED_EDGE('',*,*,#1200,.T.);
#773=ORIENTED_EDGE('',*,*,#1201,.T.);
#774=ORIENTED_EDGE('',*,*,#1202,.T.);
#775=ORIENTED_EDGE('',*,*,#1203,.T.);
#776=ORIENTED_EDGE('',*,*,#1204,.T.);
#777=ORIENTED_EDGE('',*,*,#1205,.T.);
#778=ORIENTED_EDGE('',*,*,#1206,.T.);
#779=ORIENTED_EDGE('',*,*,#1207,.T.);
#780=ORIENTED_EDGE('',*,*,#1208,.T.);
#781=ORIENTED_EDGE('',*,*,#1209,.T.);
#782=ORIENTED_EDGE('',*,*,#1210,.T.);
#783=ORIENTED_EDGE('',*,*,#1211,.T.);
#784=ORIENTED_EDGE('',*,*,#1212,.T.);
#785=ORIENTED_EDGE('',*,*,#1213,.T.);
#786=ORIENTED_EDGE('',*,*,#1214,.T.);
#787=ORIENTED_EDGE('',*,*,#1215,.T.);
#788=ORIENTED_EDGE('',*,*,#1216,.T.);
#789=ORIENTED_EDGE('',*,*,#1217,.T.);
#790=ORIENTED_EDGE('',*,*,#1218,.T.);
#791=ORIENTED_EDGE('',*,*,#1219,.T.);
#792=ORIENTED_EDGE('',*,*,#1220,.T.);
#793=ORIENTED_EDGE('',*,*,#1221,.T.);
#794=ORIENTED_EDGE('',*,*,#1222,.T.);
#795=ORIENTED_EDGE('',*,*,#1223,.T.);
#796=ORIENTED_EDGE('',*,*,#1224,.T.);
#797=ORIENTED_EDGE('',*,*,#1225,.T.);
#798=ORIENTED_EDGE('',*,*,#1226,.T.);
#799=ORIENTED_EDGE('',*,*,#1227,.T.);
#800=ORIENTED_EDGE('',*,*,#1228,.T.);
#801=ORIENTED_EDGE('',*,*,#1229,.T.);
#802=ORIENTED_EDGE('',*,*,#1230,.T.);
#803=ORIENTED_EDGE('',*,*,#1231,.T.);
#804=ORIENTED_EDGE('',*,*,#1232,.T.);
#805=ORIENTED_EDGE('',*,*,#1233,.T.);
#806=ORIENTED_EDGE('',*,*,#1234,.T.);
#807=ORIENTED_EDGE('',*,*,#1235,.T.);
#808=ORIENTED_EDGE('',*,*,#1236,.T.);
#809=ORIENTED_EDGE('',*,*,#1237,.T.);
#810=ORIENTED_EDGE('',*,*,#1238,.T.);
#811=ORIENTED_EDGE('',*,*,#1239,.T.);
#812=ORIENTED_EDGE('',*,*,#1240,.T.);
#813=ORIENTED_EDGE('',*,*,#1241,.T.);
#814=ORIENTED_EDGE('',*,*,#1242,.T.);
#815=ORIENTED_EDGE('',*,*,#1243,.T.);
#816=ORIENTED_EDGE('',*,*,#1244,.T.);
#817=ORIENTED_EDGE('',*,*,#1245,.T.);
#818=ORIENTED_EDGE('',*,*,#1246,.T.);
#819=ORIENTED_EDGE('',*,*,#1247,.T.);
#820=ORIENTED_EDGE('',*,*,#1248,.T.);
#821=ORIENTED_EDGE('',*,*,#1181,.T.);
#822=ORIENTED_EDGE('',*,*,#1249,.T.);
#823=ORIENTED_EDGE('',*,*,#1250,.T.);
#824=ORIENTED_EDGE('',*,*,#1251,.T.);
#825=ORIENTED_EDGE('',*,*,#1252,.T.);
#826=ORIENTED_EDGE('',*,*,#1253,.T.);
#827=ORIENTED_EDGE('',*,*,#1254,.T.);
#828=ORIENTED_EDGE('',*,*,#1255,.T.);
#829=ORIENTED_EDGE('',*,*,#1256,.T.);
#830=ORIENTED_EDGE('',*,*,#1257,.T.);
#831=ORIENTED_EDGE('',*,*,#1258,.T.);
#832=ORIENTED_EDGE('',*,*,#1259,.T.);
#833=ORIENTED_EDGE('',*,*,#1260,.F.);
#834=ORIENTED_EDGE('',*,*,#1261,.F.);
#835=ORIENTED_EDGE('',*,*,#1262,.T.);
#836=ORIENTED_EDGE('',*,*,#1263,.T.);
#837=ORIENTED_EDGE('',*,*,#1264,.T.);
#838=ORIENTED_EDGE('',*,*,#1265,.T.);
#839=ORIENTED_EDGE('',*,*,#1266,.T.);
#840=ORIENTED_EDGE('',*,*,#1267,.T.);
#841=ORIENTED_EDGE('',*,*,#1268,.T.);
#842=ORIENTED_EDGE('',*,*,#1269,.T.);
#843=ORIENTED_EDGE('',*,*,#1270,.T.);
#844=ORIENTED_EDGE('',*,*,#1271,.T.);
#845=ORIENTED_EDGE('',*,*,#1272,.T.);
#846=ORIENTED_EDGE('',*,*,#1273,.T.);
#847=ORIENTED_EDGE('',*,*,#1274,.T.);
#848=ORIENTED_EDGE('',*,*,#1275,.T.);
#849=ORIENTED_EDGE('',*,*,#1276,.T.);
#850=ORIENTED_EDGE('',*,*,#1277,.T.);
#851=ORIENTED_EDGE('',*,*,#1278,.T.);
#852=ORIENTED_EDGE('',*,*,#1279,.T.);
#853=ORIENTED_EDGE('',*,*,#1280,.T.);
#854=ORIENTED_EDGE('',*,*,#1281,.T.);
#855=ORIENTED_EDGE('',*,*,#1282,.T.);
#856=ORIENTED_EDGE('',*,*,#1283,.T.);
#857=ORIENTED_EDGE('',*,*,#1284,.T.);
#858=ORIENTED_EDGE('',*,*,#1285,.T.);
#859=ORIENTED_EDGE('',*,*,#1286,.T.);
#860=ORIENTED_EDGE('',*,*,#1287,.T.);
#861=ORIENTED_EDGE('',*,*,#1288,.T.);
#862=ORIENTED_EDGE('',*,*,#1289,.T.);
#863=ORIENTED_EDGE('',*,*,#1290,.T.);
#864=ORIENTED_EDGE('',*,*,#1291,.T.);
#865=ORIENTED_EDGE('',*,*,#1292,.T.);
#866=ORIENTED_EDGE('',*,*,#1293,.T.);
#867=ORIENTED_EDGE('',*,*,#1294,.T.);
#868=ORIENTED_EDGE('',*,*,#1295,.T.);
#869=ORIENTED_EDGE('',*,*,#1296,.T.);
#870=ORIENTED_EDGE('',*,*,#1297,.T.);
#871=ORIENTED_EDGE('',*,*,#1298,.T.);
#872=ORIENTED_EDGE('',*,*,#1299,.T.);
#873=ORIENTED_EDGE('',*,*,#1300,.T.);
#874=ORIENTED_EDGE('',*,*,#1301,.T.);
#875=ORIENTED_EDGE('',*,*,#1302,.T.);
#876=ORIENTED_EDGE('',*,*,#1303,.T.);
#877=ORIENTED_EDGE('',*,*,#1304,.T.);
#878=ORIENTED_EDGE('',*,*,#1305,.T.);
#879=ORIENTED_EDGE('',*,*,#1306,.T.);
#880=ORIENTED_EDGE('',*,*,#1307,.T.);
#881=ORIENTED_EDGE('',*,*,#1308,.T.);
#882=ORIENTED_EDGE('',*,*,#1309,.T.);
#883=ORIENTED_EDGE('',*,*,#1310,.T.);
#884=ORIENTED_EDGE('',*,*,#1311,.T.);
#885=ORIENTED_EDGE('',*,*,#1312,.T.);
#886=ORIENTED_EDGE('',*,*,#1313,.T.);
#887=ORIENTED_EDGE('',*,*,#1314,.T.);
#888=ORIENTED_EDGE('',*,*,#1315,.T.);
#889=ORIENTED_EDGE('',*,*,#1316,.T.);
#890=ORIENTED_EDGE('',*,*,#1317,.T.);
#891=ORIENTED_EDGE('',*,*,#1270,.F.);
#892=ORIENTED_EDGE('',*,*,#1318,.F.);
#893=ORIENTED_EDGE('',*,*,#1190,.F.);
#894=ORIENTED_EDGE('',*,*,#1319,.T.);
#895=ORIENTED_EDGE('',*,*,#1277,.F.);
#896=ORIENTED_EDGE('',*,*,#1320,.F.);
#897=ORIENTED_EDGE('',*,*,#1182,.F.);
#898=ORIENTED_EDGE('',*,*,#1191,.F.);
#899=ORIENTED_EDGE('',*,*,#1318,.T.);
#900=ORIENTED_EDGE('',*,*,#1276,.F.);
#901=ORIENTED_EDGE('',*,*,#1321,.F.);
#902=ORIENTED_EDGE('',*,*,#1183,.F.);
#903=ORIENTED_EDGE('',*,*,#1320,.T.);
#904=ORIENTED_EDGE('',*,*,#1275,.F.);
#905=ORIENTED_EDGE('',*,*,#1322,.F.);
#906=ORIENTED_EDGE('',*,*,#1184,.F.);
#907=ORIENTED_EDGE('',*,*,#1321,.T.);
#908=ORIENTED_EDGE('',*,*,#1274,.F.);
#909=ORIENTED_EDGE('',*,*,#1323,.F.);
#910=ORIENTED_EDGE('',*,*,#1185,.F.);
#911=ORIENTED_EDGE('',*,*,#1322,.T.);
#912=ORIENTED_EDGE('',*,*,#1273,.F.);
#913=ORIENTED_EDGE('',*,*,#1324,.F.);
#914=ORIENTED_EDGE('',*,*,#1187,.F.);
#915=ORIENTED_EDGE('',*,*,#1186,.F.);
#916=ORIENTED_EDGE('',*,*,#1323,.T.);
#917=ORIENTED_EDGE('',*,*,#1192,.F.);
#918=ORIENTED_EDGE('',*,*,#1325,.T.);
#919=ORIENTED_EDGE('',*,*,#1272,.F.);
#920=ORIENTED_EDGE('',*,*,#1326,.F.);
#921=ORIENTED_EDGE('',*,*,#1188,.F.);
#922=ORIENTED_EDGE('',*,*,#1324,.T.);
#923=ORIENTED_EDGE('',*,*,#1271,.F.);
#924=ORIENTED_EDGE('',*,*,#1319,.F.);
#925=ORIENTED_EDGE('',*,*,#1189,.F.);
#926=ORIENTED_EDGE('',*,*,#1326,.T.);
#927=ORIENTED_EDGE('',*,*,#1193,.F.);
#928=ORIENTED_EDGE('',*,*,#1327,.T.);
#929=ORIENTED_EDGE('',*,*,#1310,.F.);
#930=ORIENTED_EDGE('',*,*,#1328,.F.);
#931=ORIENTED_EDGE('',*,*,#1194,.F.);
#932=ORIENTED_EDGE('',*,*,#1328,.T.);
#933=ORIENTED_EDGE('',*,*,#1317,.F.);
#934=ORIENTED_EDGE('',*,*,#1329,.F.);
#935=ORIENTED_EDGE('',*,*,#1195,.F.);
#936=ORIENTED_EDGE('',*,*,#1329,.T.);
#937=ORIENTED_EDGE('',*,*,#1316,.F.);
#938=ORIENTED_EDGE('',*,*,#1330,.F.);
#939=ORIENTED_EDGE('',*,*,#1196,.F.);
#940=ORIENTED_EDGE('',*,*,#1330,.T.);
#941=ORIENTED_EDGE('',*,*,#1315,.F.);
#942=ORIENTED_EDGE('',*,*,#1331,.F.);
#943=ORIENTED_EDGE('',*,*,#1197,.F.);
#944=ORIENTED_EDGE('',*,*,#1331,.T.);
#945=ORIENTED_EDGE('',*,*,#1314,.F.);
#946=ORIENTED_EDGE('',*,*,#1332,.F.);
#947=ORIENTED_EDGE('',*,*,#1198,.F.);
#948=ORIENTED_EDGE('',*,*,#1332,.T.);
#949=ORIENTED_EDGE('',*,*,#1313,.F.);
#950=ORIENTED_EDGE('',*,*,#1333,.F.);
#951=ORIENTED_EDGE('',*,*,#1199,.F.);
#952=ORIENTED_EDGE('',*,*,#1333,.T.);
#953=ORIENTED_EDGE('',*,*,#1312,.F.);
#954=ORIENTED_EDGE('',*,*,#1334,.F.);
#955=ORIENTED_EDGE('',*,*,#1200,.F.);
#956=ORIENTED_EDGE('',*,*,#1334,.T.);
#957=ORIENTED_EDGE('',*,*,#1311,.F.);
#958=ORIENTED_EDGE('',*,*,#1327,.F.);
#959=ORIENTED_EDGE('',*,*,#1201,.F.);
#960=ORIENTED_EDGE('',*,*,#1335,.T.);
#961=ORIENTED_EDGE('',*,*,#1302,.F.);
#962=ORIENTED_EDGE('',*,*,#1336,.F.);
#963=ORIENTED_EDGE('',*,*,#1202,.F.);
#964=ORIENTED_EDGE('',*,*,#1336,.T.);
#965=ORIENTED_EDGE('',*,*,#1309,.F.);
#966=ORIENTED_EDGE('',*,*,#1337,.F.);
#967=ORIENTED_EDGE('',*,*,#1203,.F.);
#968=ORIENTED_EDGE('',*,*,#1337,.T.);
#969=ORIENTED_EDGE('',*,*,#1308,.F.);
#970=ORIENTED_EDGE('',*,*,#1338,.F.);
#971=ORIENTED_EDGE('',*,*,#1204,.F.);
#972=ORIENTED_EDGE('',*,*,#1338,.T.);
#973=ORIENTED_EDGE('',*,*,#1307,.F.);
#974=ORIENTED_EDGE('',*,*,#1339,.F.);
#975=ORIENTED_EDGE('',*,*,#1205,.F.);
#976=ORIENTED_EDGE('',*,*,#1339,.T.);
#977=ORIENTED_EDGE('',*,*,#1306,.F.);
#978=ORIENTED_EDGE('',*,*,#1340,.F.);
#979=ORIENTED_EDGE('',*,*,#1206,.F.);
#980=ORIENTED_EDGE('',*,*,#1340,.T.);
#981=ORIENTED_EDGE('',*,*,#1305,.F.);
#982=ORIENTED_EDGE('',*,*,#1341,.F.);
#983=ORIENTED_EDGE('',*,*,#1207,.F.);
#984=ORIENTED_EDGE('',*,*,#1341,.T.);
#985=ORIENTED_EDGE('',*,*,#1304,.F.);
#986=ORIENTED_EDGE('',*,*,#1342,.F.);
#987=ORIENTED_EDGE('',*,*,#1208,.F.);
#988=ORIENTED_EDGE('',*,*,#1342,.T.);
#989=ORIENTED_EDGE('',*,*,#1303,.F.);
#990=ORIENTED_EDGE('',*,*,#1335,.F.);
#991=ORIENTED_EDGE('',*,*,#1209,.F.);
#992=ORIENTED_EDGE('',*,*,#1343,.T.);
#993=ORIENTED_EDGE('',*,*,#1294,.F.);
#994=ORIENTED_EDGE('',*,*,#1344,.F.);
#995=ORIENTED_EDGE('',*,*,#1210,.F.);
#996=ORIENTED_EDGE('',*,*,#1344,.T.);
#997=ORIENTED_EDGE('',*,*,#1301,.F.);
#998=ORIENTED_EDGE('',*,*,#1345,.F.);
#999=ORIENTED_EDGE('',*,*,#1211,.F.);
#1000=ORIENTED_EDGE('',*,*,#1345,.T.);
#1001=ORIENTED_EDGE('',*,*,#1300,.F.);
#1002=ORIENTED_EDGE('',*,*,#1346,.F.);
#1003=ORIENTED_EDGE('',*,*,#1212,.F.);
#1004=ORIENTED_EDGE('',*,*,#1346,.T.);
#1005=ORIENTED_EDGE('',*,*,#1299,.F.);
#1006=ORIENTED_EDGE('',*,*,#1347,.F.);
#1007=ORIENTED_EDGE('',*,*,#1213,.F.);
#1008=ORIENTED_EDGE('',*,*,#1347,.T.);
#1009=ORIENTED_EDGE('',*,*,#1298,.F.);
#1010=ORIENTED_EDGE('',*,*,#1348,.F.);
#1011=ORIENTED_EDGE('',*,*,#1214,.F.);
#1012=ORIENTED_EDGE('',*,*,#1348,.T.);
#1013=ORIENTED_EDGE('',*,*,#1297,.F.);
#1014=ORIENTED_EDGE('',*,*,#1349,.F.);
#1015=ORIENTED_EDGE('',*,*,#1215,.F.);
#1016=ORIENTED_EDGE('',*,*,#1349,.T.);
#1017=ORIENTED_EDGE('',*,*,#1296,.F.);
#1018=ORIENTED_EDGE('',*,*,#1350,.F.);
#1019=ORIENTED_EDGE('',*,*,#1216,.F.);
#1020=ORIENTED_EDGE('',*,*,#1350,.T.);
#1021=ORIENTED_EDGE('',*,*,#1295,.F.);
#1022=ORIENTED_EDGE('',*,*,#1343,.F.);
#1023=ORIENTED_EDGE('',*,*,#1217,.F.);
#1024=ORIENTED_EDGE('',*,*,#1351,.T.);
#1025=ORIENTED_EDGE('',*,*,#1286,.F.);
#1026=ORIENTED_EDGE('',*,*,#1352,.F.);
#1027=ORIENTED_EDGE('',*,*,#1218,.F.);
#1028=ORIENTED_EDGE('',*,*,#1352,.T.);
#1029=ORIENTED_EDGE('',*,*,#1293,.F.);
#1030=ORIENTED_EDGE('',*,*,#1353,.F.);
#1031=ORIENTED_EDGE('',*,*,#1219,.F.);
#1032=ORIENTED_EDGE('',*,*,#1353,.T.);
#1033=ORIENTED_EDGE('',*,*,#1292,.F.);
#1034=ORIENTED_EDGE('',*,*,#1354,.F.);
#1035=ORIENTED_EDGE('',*,*,#1220,.F.);
#1036=ORIENTED_EDGE('',*,*,#1354,.T.);
#1037=ORIENTED_EDGE('',*,*,#1291,.F.);
#1038=ORIENTED_EDGE('',*,*,#1355,.F.);
#1039=ORIENTED_EDGE('',*,*,#1221,.F.);
#1040=ORIENTED_EDGE('',*,*,#1355,.T.);
#1041=ORIENTED_EDGE('',*,*,#1290,.F.);
#1042=ORIENTED_EDGE('',*,*,#1356,.F.);
#1043=ORIENTED_EDGE('',*,*,#1222,.F.);
#1044=ORIENTED_EDGE('',*,*,#1356,.T.);
#1045=ORIENTED_EDGE('',*,*,#1289,.F.);
#1046=ORIENTED_EDGE('',*,*,#1357,.F.);
#1047=ORIENTED_EDGE('',*,*,#1223,.F.);
#1048=ORIENTED_EDGE('',*,*,#1357,.T.);
#1049=ORIENTED_EDGE('',*,*,#1288,.F.);
#1050=ORIENTED_EDGE('',*,*,#1358,.F.);
#1051=ORIENTED_EDGE('',*,*,#1224,.F.);
#1052=ORIENTED_EDGE('',*,*,#1358,.T.);
#1053=ORIENTED_EDGE('',*,*,#1287,.F.);
#1054=ORIENTED_EDGE('',*,*,#1351,.F.);
#1055=ORIENTED_EDGE('',*,*,#1259,.F.);
#1056=ORIENTED_EDGE('',*,*,#1359,.F.);
#1057=ORIENTED_EDGE('',*,*,#1225,.F.);
#1058=ORIENTED_EDGE('',*,*,#1360,.T.);
#1059=ORIENTED_EDGE('',*,*,#1257,.F.);
#1060=ORIENTED_EDGE('',*,*,#1361,.F.);
#1061=ORIENTED_EDGE('',*,*,#1226,.F.);
#1062=ORIENTED_EDGE('',*,*,#1359,.T.);
#1063=ORIENTED_EDGE('',*,*,#1258,.F.);
#1064=ORIENTED_EDGE('',*,*,#1256,.F.);
#1065=ORIENTED_EDGE('',*,*,#1362,.F.);
#1066=ORIENTED_EDGE('',*,*,#1227,.F.);
#1067=ORIENTED_EDGE('',*,*,#1361,.T.);
#1068=ORIENTED_EDGE('',*,*,#1255,.F.);
#1069=ORIENTED_EDGE('',*,*,#1363,.F.);
#1070=ORIENTED_EDGE('',*,*,#1228,.F.);
#1071=ORIENTED_EDGE('',*,*,#1362,.T.);
#1072=ORIENTED_EDGE('',*,*,#1254,.F.);
#1073=ORIENTED_EDGE('',*,*,#1364,.F.);
#1074=ORIENTED_EDGE('',*,*,#1229,.F.);
#1075=ORIENTED_EDGE('',*,*,#1363,.T.);
#1076=ORIENTED_EDGE('',*,*,#1253,.F.);
#1077=ORIENTED_EDGE('',*,*,#1252,.F.);
#1078=ORIENTED_EDGE('',*,*,#1365,.F.);
#1079=ORIENTED_EDGE('',*,*,#1230,.F.);
#1080=ORIENTED_EDGE('',*,*,#1364,.T.);
#1081=ORIENTED_EDGE('',*,*,#1251,.F.);
#1082=ORIENTED_EDGE('',*,*,#1366,.F.);
#1083=ORIENTED_EDGE('',*,*,#1231,.F.);
#1084=ORIENTED_EDGE('',*,*,#1365,.T.);
#1085=ORIENTED_EDGE('',*,*,#1250,.F.);
#1086=ORIENTED_EDGE('',*,*,#1360,.F.);
#1087=ORIENTED_EDGE('',*,*,#1232,.F.);
#1088=ORIENTED_EDGE('',*,*,#1366,.T.);
#1089=ORIENTED_EDGE('',*,*,#1278,.F.);
#1090=ORIENTED_EDGE('',*,*,#1367,.F.);
#1091=ORIENTED_EDGE('',*,*,#1233,.F.);
#1092=ORIENTED_EDGE('',*,*,#1368,.T.);
#1093=ORIENTED_EDGE('',*,*,#1285,.F.);
#1094=ORIENTED_EDGE('',*,*,#1369,.F.);
#1095=ORIENTED_EDGE('',*,*,#1234,.F.);
#1096=ORIENTED_EDGE('',*,*,#1367,.T.);
#1097=ORIENTED_EDGE('',*,*,#1284,.F.);
#1098=ORIENTED_EDGE('',*,*,#1370,.F.);
#1099=ORIENTED_EDGE('',*,*,#1235,.F.);
#1100=ORIENTED_EDGE('',*,*,#1369,.T.);
#1101=ORIENTED_EDGE('',*,*,#1283,.F.);
#1102=ORIENTED_EDGE('',*,*,#1371,.F.);
#1103=ORIENTED_EDGE('',*,*,#1236,.F.);
#1104=ORIENTED_EDGE('',*,*,#1370,.T.);
#1105=ORIENTED_EDGE('',*,*,#1282,.F.);
#1106=ORIENTED_EDGE('',*,*,#1372,.F.);
#1107=ORIENTED_EDGE('',*,*,#1237,.F.);
#1108=ORIENTED_EDGE('',*,*,#1371,.T.);
#1109=ORIENTED_EDGE('',*,*,#1281,.F.);
#1110=ORIENTED_EDGE('',*,*,#1373,.F.);
#1111=ORIENTED_EDGE('',*,*,#1238,.F.);
#1112=ORIENTED_EDGE('',*,*,#1372,.T.);
#1113=ORIENTED_EDGE('',*,*,#1280,.F.);
#1114=ORIENTED_EDGE('',*,*,#1374,.F.);
#1115=ORIENTED_EDGE('',*,*,#1239,.F.);
#1116=ORIENTED_EDGE('',*,*,#1373,.T.);
#1117=ORIENTED_EDGE('',*,*,#1279,.F.);
#1118=ORIENTED_EDGE('',*,*,#1368,.F.);
#1119=ORIENTED_EDGE('',*,*,#1240,.F.);
#1120=ORIENTED_EDGE('',*,*,#1374,.T.);
#1121=ORIENTED_EDGE('',*,*,#1262,.F.);
#1122=ORIENTED_EDGE('',*,*,#1375,.F.);
#1123=ORIENTED_EDGE('',*,*,#1241,.F.);
#1124=ORIENTED_EDGE('',*,*,#1376,.T.);
#1125=ORIENTED_EDGE('',*,*,#1269,.F.);
#1126=ORIENTED_EDGE('',*,*,#1377,.F.);
#1127=ORIENTED_EDGE('',*,*,#1242,.F.);
#1128=ORIENTED_EDGE('',*,*,#1375,.T.);
#1129=ORIENTED_EDGE('',*,*,#1268,.F.);
#1130=ORIENTED_EDGE('',*,*,#1378,.F.);
#1131=ORIENTED_EDGE('',*,*,#1243,.F.);
#1132=ORIENTED_EDGE('',*,*,#1377,.T.);
#1133=ORIENTED_EDGE('',*,*,#1267,.F.);
#1134=ORIENTED_EDGE('',*,*,#1379,.F.);
#1135=ORIENTED_EDGE('',*,*,#1244,.F.);
#1136=ORIENTED_EDGE('',*,*,#1378,.T.);
#1137=ORIENTED_EDGE('',*,*,#1266,.F.);
#1138=ORIENTED_EDGE('',*,*,#1380,.F.);
#1139=ORIENTED_EDGE('',*,*,#1245,.F.);
#1140=ORIENTED_EDGE('',*,*,#1379,.T.);
#1141=ORIENTED_EDGE('',*,*,#1265,.F.);
#1142=ORIENTED_EDGE('',*,*,#1381,.F.);
#1143=ORIENTED_EDGE('',*,*,#1246,.F.);
#1144=ORIENTED_EDGE('',*,*,#1380,.T.);
#1145=ORIENTED_EDGE('',*,*,#1264,.F.);
#1146=ORIENTED_EDGE('',*,*,#1382,.F.);
#1147=ORIENTED_EDGE('',*,*,#1247,.F.);
#1148=ORIENTED_EDGE('',*,*,#1381,.T.);
#1149=ORIENTED_EDGE('',*,*,#1263,.F.);
#1150=ORIENTED_EDGE('',*,*,#1376,.F.);
#1151=ORIENTED_EDGE('',*,*,#1248,.F.);
#1152=ORIENTED_EDGE('',*,*,#1382,.T.);
#1153=ORIENTED_EDGE('',*,*,#1249,.F.);
#1154=ORIENTED_EDGE('',*,*,#1383,.T.);
#1155=ORIENTED_EDGE('',*,*,#1384,.F.);
#1156=ORIENTED_EDGE('',*,*,#1261,.T.);
#1157=ORIENTED_EDGE('',*,*,#1325,.F.);
#1158=ORIENTED_EDGE('',*,*,#1385,.T.);
#1159=ORIENTED_EDGE('',*,*,#1386,.T.);
#1160=ORIENTED_EDGE('',*,*,#1387,.T.);
#1161=ORIENTED_EDGE('',*,*,#1388,.T.);
#1162=ORIENTED_EDGE('',*,*,#1389,.T.);
#1163=ORIENTED_EDGE('',*,*,#1384,.T.);
#1164=ORIENTED_EDGE('',*,*,#1390,.T.);
#1165=ORIENTED_EDGE('',*,*,#1391,.T.);
#1166=ORIENTED_EDGE('',*,*,#1392,.T.);
#1167=ORIENTED_EDGE('',*,*,#1393,.T.);
#1168=ORIENTED_EDGE('',*,*,#1394,.T.);
#1169=ORIENTED_EDGE('',*,*,#1390,.F.);
#1170=ORIENTED_EDGE('',*,*,#1385,.F.);
#1171=ORIENTED_EDGE('',*,*,#1391,.F.);
#1172=ORIENTED_EDGE('',*,*,#1386,.F.);
#1173=ORIENTED_EDGE('',*,*,#1392,.F.);
#1174=ORIENTED_EDGE('',*,*,#1387,.F.);
#1175=ORIENTED_EDGE('',*,*,#1393,.F.);
#1176=ORIENTED_EDGE('',*,*,#1388,.F.);
#1177=ORIENTED_EDGE('',*,*,#1394,.F.);
#1178=ORIENTED_EDGE('',*,*,#1389,.F.);
#1179=ORIENTED_EDGE('',*,*,#1383,.F.);
#1180=ORIENTED_EDGE('',*,*,#1260,.T.);
#1181=EDGE_CURVE('',#1395,#1395,#1396,.T.);
#1182=EDGE_CURVE('',#1397,#1398,#1399,.T.);
#1183=EDGE_CURVE('',#1398,#1400,#1401,.F.);
#1184=EDGE_CURVE('',#1400,#1402,#1403,.F.);
#1185=EDGE_CURVE('',#1402,#1404,#1405,.F.);
#1186=EDGE_CURVE('',#1404,#1406,#1407,.F.);
#1187=EDGE_CURVE('',#1406,#1408,#1409,.F.);
#1188=EDGE_CURVE('',#1408,#1410,#1411,.F.);
#1189=EDGE_CURVE('',#1410,#1412,#1413,.T.);
#1190=EDGE_CURVE('',#1412,#1414,#1415,.F.);
#1191=EDGE_CURVE('',#1414,#1397,#1416,.T.);
#1192=EDGE_CURVE('',#1417,#1417,#1418,.T.);
#1193=EDGE_CURVE('',#1419,#1420,#1421,.F.);
#1194=EDGE_CURVE('',#1420,#1422,#1423,.T.);
#1195=EDGE_CURVE('',#1422,#1424,#1425,.F.);
#1196=EDGE_CURVE('',#1424,#1426,#1427,.F.);
#1197=EDGE_CURVE('',#1426,#1428,#1429,.F.);
#1198=EDGE_CURVE('',#1428,#1430,#1431,.F.);
#1199=EDGE_CURVE('',#1430,#1432,#1433,.F.);
#1200=EDGE_CURVE('',#1432,#1419,#1434,.T.);
#1201=EDGE_CURVE('',#1435,#1436,#1437,.F.);
#1202=EDGE_CURVE('',#1436,#1438,#1439,.T.);
#1203=EDGE_CURVE('',#1438,#1440,#1441,.F.);
#1204=EDGE_CURVE('',#1440,#1442,#1443,.F.);
#1205=EDGE_CURVE('',#1442,#1444,#1445,.F.);
#1206=EDGE_CURVE('',#1444,#1446,#1447,.F.);
#1207=EDGE_CURVE('',#1446,#1448,#1449,.F.);
#1208=EDGE_CURVE('',#1448,#1435,#1450,.T.);
#1209=EDGE_CURVE('',#1451,#1452,#1453,.F.);
#1210=EDGE_CURVE('',#1452,#1454,#1455,.T.);
#1211=EDGE_CURVE('',#1454,#1456,#1457,.F.);
#1212=EDGE_CURVE('',#1456,#1458,#1459,.F.);
#1213=EDGE_CURVE('',#1458,#1460,#1461,.F.);
#1214=EDGE_CURVE('',#1460,#1462,#1463,.F.);
#1215=EDGE_CURVE('',#1462,#1464,#1465,.F.);
#1216=EDGE_CURVE('',#1464,#1451,#1466,.T.);
#1217=EDGE_CURVE('',#1467,#1468,#1469,.F.);
#1218=EDGE_CURVE('',#1468,#1470,#1471,.T.);
#1219=EDGE_CURVE('',#1470,#1472,#1473,.F.);
#1220=EDGE_CURVE('',#1472,#1474,#1475,.F.);
#1221=EDGE_CURVE('',#1474,#1476,#1477,.F.);
#1222=EDGE_CURVE('',#1476,#1478,#1479,.F.);
#1223=EDGE_CURVE('',#1478,#1480,#1481,.F.);
#1224=EDGE_CURVE('',#1480,#1467,#1482,.T.);
#1225=EDGE_CURVE('',#1483,#1484,#1485,.F.);
#1226=EDGE_CURVE('',#1484,#1486,#1487,.T.);
#1227=EDGE_CURVE('',#1486,#1488,#1489,.F.);
#1228=EDGE_CURVE('',#1488,#1490,#1491,.F.);
#1229=EDGE_CURVE('',#1490,#1492,#1493,.F.);
#1230=EDGE_CURVE('',#1492,#1494,#1495,.F.);
#1231=EDGE_CURVE('',#1494,#1496,#1497,.F.);
#1232=EDGE_CURVE('',#1496,#1483,#1498,.T.);
#1233=EDGE_CURVE('',#1499,#1500,#1501,.F.);
#1234=EDGE_CURVE('',#1500,#1502,#1503,.T.);
#1235=EDGE_CURVE('',#1502,#1504,#1505,.F.);
#1236=EDGE_CURVE('',#1504,#1506,#1507,.F.);
#1237=EDGE_CURVE('',#1506,#1508,#1509,.F.);
#1238=EDGE_CURVE('',#1508,#1510,#1511,.F.);
#1239=EDGE_CURVE('',#1510,#1512,#1513,.F.);
#1240=EDGE_CURVE('',#1512,#1499,#1514,.T.);
#1241=EDGE_CURVE('',#1515,#1516,#1517,.F.);
#1242=EDGE_CURVE('',#1516,#1518,#1519,.T.);
#1243=EDGE_CURVE('',#1518,#1520,#1521,.F.);
#1244=EDGE_CURVE('',#1520,#1522,#1523,.F.);
#1245=EDGE_CURVE('',#1522,#1524,#1525,.F.);
#1246=EDGE_CURVE('',#1524,#1526,#1527,.F.);
#1247=EDGE_CURVE('',#1526,#1528,#1529,.F.);
#1248=EDGE_CURVE('',#1528,#1515,#1530,.T.);
#1249=EDGE_CURVE('',#1531,#1531,#1532,.T.);
#1250=EDGE_CURVE('',#1533,#1534,#1535,.F.);
#1251=EDGE_CURVE('',#1534,#1536,#1537,.T.);
#1252=EDGE_CURVE('',#1536,#1538,#1539,.T.);
#1253=EDGE_CURVE('',#1538,#1540,#1541,.T.);
#1254=EDGE_CURVE('',#1540,#1542,#1543,.T.);
#1255=EDGE_CURVE('',#1542,#1544,#1545,.T.);
#1256=EDGE_CURVE('',#1544,#1546,#1547,.T.);
#1257=EDGE_CURVE('',#1546,#1548,#1549,.F.);
#1258=EDGE_CURVE('',#1548,#1550,#1551,.F.);
#1259=EDGE_CURVE('',#1550,#1533,#1552,.T.);
#1260=EDGE_CURVE('',#1553,#1553,#1554,.T.);
#1261=EDGE_CURVE('',#1555,#1555,#1556,.T.);
#1262=EDGE_CURVE('',#1557,#1558,#1559,.T.);
#1263=EDGE_CURVE('',#1558,#1560,#1561,.F.);
#1264=EDGE_CURVE('',#1560,#1562,#1563,.T.);
#1265=EDGE_CURVE('',#1562,#1564,#1565,.T.);
#1266=EDGE_CURVE('',#1564,#1566,#1567,.T.);
#1267=EDGE_CURVE('',#1566,#1568,#1569,.T.);
#1268=EDGE_CURVE('',#1568,#1570,#1571,.T.);
#1269=EDGE_CURVE('',#1570,#1557,#1572,.F.);
#1270=EDGE_CURVE('',#1573,#1574,#1575,.T.);
#1271=EDGE_CURVE('',#1574,#1576,#1577,.F.);
#1272=EDGE_CURVE('',#1576,#1578,#1579,.T.);
#1273=EDGE_CURVE('',#1578,#1580,#1581,.T.);
#1274=EDGE_CURVE('',#1580,#1582,#1583,.T.);
#1275=EDGE_CURVE('',#1582,#1584,#1585,.T.);
#1276=EDGE_CURVE('',#1584,#1586,#1587,.T.);
#1277=EDGE_CURVE('',#1586,#1573,#1588,.F.);
#1278=EDGE_CURVE('',#1589,#1590,#1591,.T.);
#1279=EDGE_CURVE('',#1590,#1592,#1593,.F.);
#1280=EDGE_CURVE('',#1592,#1594,#1595,.T.);
#1281=EDGE_CURVE('',#1594,#1596,#1597,.T.);
#1282=EDGE_CURVE('',#1596,#1598,#1599,.T.);
#1283=EDGE_CURVE('',#1598,#1600,#1601,.T.);
#1284=EDGE_CURVE('',#1600,#1602,#1603,.T.);
#1285=EDGE_CURVE('',#1602,#1589,#1604,.F.);
#1286=EDGE_CURVE('',#1605,#1606,#1607,.T.);
#1287=EDGE_CURVE('',#1606,#1608,#1609,.F.);
#1288=EDGE_CURVE('',#1608,#1610,#1611,.T.);
#1289=EDGE_CURVE('',#1610,#1612,#1613,.T.);
#1290=EDGE_CURVE('',#1612,#1614,#1615,.T.);
#1291=EDGE_CURVE('',#1614,#1616,#1617,.T.);
#1292=EDGE_CURVE('',#1616,#1618,#1619,.T.);
#1293=EDGE_CURVE('',#1618,#1605,#1620,.F.);
#1294=EDGE_CURVE('',#1621,#1622,#1623,.T.);
#1295=EDGE_CURVE('',#1622,#1624,#1625,.F.);
#1296=EDGE_CURVE('',#1624,#1626,#1627,.T.);
#1297=EDGE_CURVE('',#1626,#1628,#1629,.T.);
#1298=EDGE_CURVE('',#1628,#1630,#1631,.T.);
#1299=EDGE_CURVE('',#1630,#1632,#1633,.T.);
#1300=EDGE_CURVE('',#1632,#1634,#1635,.T.);
#1301=EDGE_CURVE('',#1634,#1621,#1636,.F.);
#1302=EDGE_CURVE('',#1637,#1638,#1639,.T.);
#1303=EDGE_CURVE('',#1638,#1640,#1641,.F.);
#1304=EDGE_CURVE('',#1640,#1642,#1643,.T.);
#1305=EDGE_CURVE('',#1642,#1644,#1645,.T.);
#1306=EDGE_CURVE('',#1644,#1646,#1647,.T.);
#1307=EDGE_CURVE('',#1646,#1648,#1649,.T.);
#1308=EDGE_CURVE('',#1648,#1650,#1651,.T.);
#1309=EDGE_CURVE('',#1650,#1637,#1652,.F.);
#1310=EDGE_CURVE('',#1653,#1654,#1655,.T.);
#1311=EDGE_CURVE('',#1654,#1656,#1657,.F.);
#1312=EDGE_CURVE('',#1656,#1658,#1659,.T.);
#1313=EDGE_CURVE('',#1658,#1660,#1661,.T.);
#1314=EDGE_CURVE('',#1660,#1662,#1663,.T.);
#1315=EDGE_CURVE('',#1662,#1664,#1665,.T.);
#1316=EDGE_CURVE('',#1664,#1666,#1667,.T.);
#1317=EDGE_CURVE('',#1666,#1653,#1668,.F.);
#1318=EDGE_CURVE('',#1414,#1573,#1669,.T.);
#1319=EDGE_CURVE('',#1412,#1574,#1670,.T.);
#1320=EDGE_CURVE('',#1398,#1586,#1671,.T.);
#1321=EDGE_CURVE('',#1400,#1584,#1672,.T.);
#1322=EDGE_CURVE('',#1402,#1582,#1673,.T.);
#1323=EDGE_CURVE('',#1404,#1580,#1674,.T.);
#1324=EDGE_CURVE('',#1408,#1578,#1675,.T.);
#1325=EDGE_CURVE('',#1676,#1676,#1677,.T.);
#1326=EDGE_CURVE('',#1410,#1576,#1678,.T.);
#1327=EDGE_CURVE('',#1419,#1654,#1679,.T.);
#1328=EDGE_CURVE('',#1420,#1653,#1680,.T.);
#1329=EDGE_CURVE('',#1422,#1666,#1681,.T.);
#1330=EDGE_CURVE('',#1424,#1664,#1682,.T.);
#1331=EDGE_CURVE('',#1426,#1662,#1683,.T.);
#1332=EDGE_CURVE('',#1428,#1660,#1684,.T.);
#1333=EDGE_CURVE('',#1430,#1658,#1685,.T.);
#1334=EDGE_CURVE('',#1432,#1656,#1686,.T.);
#1335=EDGE_CURVE('',#1435,#1638,#1687,.T.);
#1336=EDGE_CURVE('',#1436,#1637,#1688,.T.);
#1337=EDGE_CURVE('',#1438,#1650,#1689,.T.);
#1338=EDGE_CURVE('',#1440,#1648,#1690,.T.);
#1339=EDGE_CURVE('',#1442,#1646,#1691,.T.);
#1340=EDGE_CURVE('',#1444,#1644,#1692,.T.);
#1341=EDGE_CURVE('',#1446,#1642,#1693,.T.);
#1342=EDGE_CURVE('',#1448,#1640,#1694,.T.);
#1343=EDGE_CURVE('',#1451,#1622,#1695,.T.);
#1344=EDGE_CURVE('',#1452,#1621,#1696,.T.);
#1345=EDGE_CURVE('',#1454,#1634,#1697,.T.);
#1346=EDGE_CURVE('',#1456,#1632,#1698,.T.);
#1347=EDGE_CURVE('',#1458,#1630,#1699,.T.);
#1348=EDGE_CURVE('',#1460,#1628,#1700,.T.);
#1349=EDGE_CURVE('',#1462,#1626,#1701,.T.);
#1350=EDGE_CURVE('',#1464,#1624,#1702,.T.);
#1351=EDGE_CURVE('',#1467,#1606,#1703,.T.);
#1352=EDGE_CURVE('',#1468,#1605,#1704,.T.);
#1353=EDGE_CURVE('',#1470,#1618,#1705,.T.);
#1354=EDGE_CURVE('',#1472,#1616,#1706,.T.);
#1355=EDGE_CURVE('',#1474,#1614,#1707,.T.);
#1356=EDGE_CURVE('',#1476,#1612,#1708,.T.);
#1357=EDGE_CURVE('',#1478,#1610,#1709,.T.);
#1358=EDGE_CURVE('',#1480,#1608,#1710,.T.);
#1359=EDGE_CURVE('',#1484,#1550,#1711,.T.);
#1360=EDGE_CURVE('',#1483,#1533,#1712,.T.);
#1361=EDGE_CURVE('',#1486,#1546,#1713,.T.);
#1362=EDGE_CURVE('',#1488,#1544,#1714,.T.);
#1363=EDGE_CURVE('',#1490,#1542,#1715,.T.);
#1364=EDGE_CURVE('',#1492,#1540,#1716,.T.);
#1365=EDGE_CURVE('',#1494,#1536,#1717,.T.);
#1366=EDGE_CURVE('',#1496,#1534,#1718,.T.);
#1367=EDGE_CURVE('',#1500,#1589,#1719,.T.);
#1368=EDGE_CURVE('',#1499,#1590,#1720,.T.);
#1369=EDGE_CURVE('',#1502,#1602,#1721,.T.);
#1370=EDGE_CURVE('',#1504,#1600,#1722,.T.);
#1371=EDGE_CURVE('',#1506,#1598,#1723,.T.);
#1372=EDGE_CURVE('',#1508,#1596,#1724,.T.);
#1373=EDGE_CURVE('',#1510,#1594,#1725,.T.);
#1374=EDGE_CURVE('',#1512,#1592,#1726,.T.);
#1375=EDGE_CURVE('',#1516,#1557,#1727,.T.);
#1376=EDGE_CURVE('',#1515,#1558,#1728,.T.);
#1377=EDGE_CURVE('',#1518,#1570,#1729,.T.);
#1378=EDGE_CURVE('',#1520,#1568,#1730,.T.);
#1379=EDGE_CURVE('',#1522,#1566,#1731,.T.);
#1380=EDGE_CURVE('',#1524,#1564,#1732,.T.);
#1381=EDGE_CURVE('',#1526,#1562,#1733,.T.);
#1382=EDGE_CURVE('',#1528,#1560,#1734,.T.);
#1383=EDGE_CURVE('',#1735,#1735,#1736,.T.);
#1384=EDGE_CURVE('',#1737,#1737,#1738,.T.);
#1385=EDGE_CURVE('',#1739,#1739,#1740,.F.);
#1386=EDGE_CURVE('',#1741,#1741,#1742,.F.);
#1387=EDGE_CURVE('',#1743,#1743,#1744,.F.);
#1388=EDGE_CURVE('',#1745,#1745,#1746,.F.);
#1389=EDGE_CURVE('',#1747,#1747,#1748,.F.);
#1390=EDGE_CURVE('',#1749,#1749,#1750,.T.);
#1391=EDGE_CURVE('',#1751,#1751,#1752,.T.);
#1392=EDGE_CURVE('',#1753,#1753,#1754,.T.);
#1393=EDGE_CURVE('',#1755,#1755,#1756,.T.);
#1394=EDGE_CURVE('',#1757,#1757,#1758,.T.);
#1395=VERTEX_POINT('',#1759);
#1396=CIRCLE('',#1760,18.);
#1397=VERTEX_POINT('',#1764);
#1398=VERTEX_POINT('',#1765);
#1399=CIRCLE('',#1766,18.);
#1400=VERTEX_POINT('',#1770);
#1401=B_SPLINE_CURVE_WITH_KNOTS('',3,
(#1771,#1772,#1773,#1774,#1775,#1776,#1777,#1778,#1779,#1780,#1781,#1782,#1783,#1784,
#1785,#1786,#1787,#1788,#1789,#1790),
.UNSPECIFIED.,.F.,.F.,
(4,1,1,1,1,1,1,1,1,1,1,1,1,1,1,1,1,4),
(0.,0.0232244603772875,0.0478237594912808,0.073774925954964,0.103445415781398,0.135542902536527,
0.193253843954473,0.261983779659599,0.341712616779332,0.408887130325102,0.475745469071018,
0.56448717955003,0.666621219603574,0.766099015507348,0.840672248816807,0.896471242097705,
0.94959999199453,1.),
.UNSPECIFIED.);
#1402=VERTEX_POINT('',#1791);
#1403=LINE('',#1792,#1793);
#1404=VERTEX_POINT('',#1795);
#1405=B_SPLINE_CURVE_WITH_KNOTS('',3,
(#1796,#1797,#1798,#1799,#1800,#1801,#1802,#1803,#1804,#1805,#1806,#1807,#1808,#1809,
#1810,#1811,#1812,#1813,#1814),
.UNSPECIFIED.,.F.,.F.,
(4,1,1,1,1,1,1,1,1,1,1,1,1,1,1,1,4),
(0.,0.0454088502086263,0.0950423821091253,0.148829210495147,0.210977001104655,0.277312198565841,
0.350944071359799,0.427689648037226,0.507526561614323,0.587341732321071,0.667115500955965,
0.746868819875678,0.818516255625656,0.882064094537399,0.929429668343638,0.968765233321623,
1.),
.UNSPECIFIED.);
#1406=VERTEX_POINT('',#1815);
#1407=CIRCLE('',#1816,18.);
#1408=VERTEX_POINT('',#1820);
#1409=CIRCLE('',#1821,18.);
#1410=VERTEX_POINT('',#1825);
#1411=B_SPLINE_CURVE_WITH_KNOTS('',3,
(#1826,#1827,#1828,#1829,#1830,#1831,#1832,#1833,#1834,#1835,#1836,#1837,#1838,#1839,
#1840,#1841,#1842,#1843,#1844,#1845),
.UNSPECIFIED.,.F.,.F.,
(4,1,1,1,1,1,1,1,1,1,1,1,1,1,1,1,1,4),
(0.,0.0232244603772888,0.0478237594912875,0.0737749259549725,0.103445415781408,0.135542902536538,
0.193253843954479,0.261983779659605,0.34171261677933,0.408887130325106,0.475745469071025,
0.56448717955003,0.666621219603563,0.7660990155073,0.840672248816441,0.896471242097441,
0.949599991995006,1.),
.UNSPECIFIED.);
#1412=VERTEX_POINT('',#1846);
#1413=LINE('',#1847,#1848);
#1414=VERTEX_POINT('',#1850);
#1415=B_SPLINE_CURVE_WITH_KNOTS('',3,
(#1851,#1852,#1853,#1854,#1855,#1856,#1857,#1858,#1859,#1860,#1861,#1862,#1863,#1864,
#1865,#1866,#1867,#1868,#1869),
.UNSPECIFIED.,.F.,.F.,
(4,1,1,1,1,1,1,1,1,1,1,1,1,1,1,1,4),
(0.,0.0361534787126506,0.0684740262310843,0.103970592641093,0.146569723163341,0.202045228809657,
0.263375904319588,0.33478924707801,0.410429530076212,0.490272601911775,0.570094690274034,
0.676446959602666,0.775662513396923,0.867712716229105,0.918910957911538,0.963030806632057,
1.),
.UNSPECIFIED.);
#1416=CIRCLE('',#1870,18.);
#1417=VERTEX_POINT('',#1874);
#1418=CIRCLE('',#1875,18.);
#1419=VERTEX_POINT('',#1879);
#1420=VERTEX_POINT('',#1880);
#1421=B_SPLINE_CURVE_WITH_KNOTS('',3,
(#1881,#1882,#1883,#1884,#1885,#1886,#1887,#1888,#1889,#1890,#1891,#1892,#1893,#1894,
#1895,#1896,#1897,#1898,#1899),
.UNSPECIFIED.,.F.,.F.,
(4,1,1,1,1,1,1,1,1,1,1,1,1,1,1,1,4),
(0.,0.0361534787177971,0.0684740262007262,0.10397059267962,0.146569723116151,0.202045228847178,
0.263375904411689,0.334789247127072,0.410429530073652,0.490272601910349,0.570094690272988,
0.676446959677509,0.775662513412587,0.867712716236077,0.918910957935898,0.96303080663915,
1.),
.UNSPECIFIED.);
#1422=VERTEX_POINT('',#1900);
#1423=CIRCLE('',#1901,18.);
#1424=VERTEX_POINT('',#1905);
#1425=B_SPLINE_CURVE_WITH_KNOTS('',3,
(#1906,#1907,#1908,#1909,#1910,#1911,#1912,#1913,#1914,#1915,#1916,#1917,#1918,#1919,
#1920,#1921,#1922,#1923,#1924,#1925),
.UNSPECIFIED.,.F.,.F.,
(4,1,1,1,1,1,1,1,1,1,1,1,1,1,1,1,1,4),
(0.,0.0232244603843664,0.0478237594913088,0.0737749259471092,0.103445415778554,0.13554290250576,
0.193253843969962,0.261983779707631,0.34171261684861,0.408887130308458,0.475745468926877,
0.564487179484937,0.666621219699599,0.766099015567579,0.840672248874547,0.896471242150651,
0.949599992021112,1.),
.UNSPECIFIED.);
#1426=VERTEX_POINT('',#1926);
#1427=LINE('',#1927,#1928);
#1428=VERTEX_POINT('',#1930);
#1429=B_SPLINE_CURVE_WITH_KNOTS('',3,
(#1931,#1932,#1933,#1934,#1935,#1936,#1937,#1938,#1939,#1940,#1941,#1942,#1943,#1944,
#1945,#1946,#1947,#1948,#1949),
.UNSPECIFIED.,.F.,.F.,
(4,1,1,1,1,1,1,1,1,1,1,1,1,1,1,1,4),
(0.,0.0454088502522118,0.0950423821369938,0.148829210539286,0.210977001204361,0.277312198667212,
0.35094407141183,0.427689648045278,0.50752656162279,0.587341732330292,0.667115500966864,
0.746868819889738,0.818516255621654,0.882064094546308,0.92942966836609,0.968765233331632,
1.),
.UNSPECIFIED.);
#1430=VERTEX_POINT('',#1950);
#1431=CIRCLE('',#1951,18.);
#1432=VERTEX_POINT('',#1955);
#1433=B_SPLINE_CURVE_WITH_KNOTS('',3,
(#1956,#1957,#1958,#1959,#1960,#1961,#1962,#1963,#1964,#1965,#1966,#1967,#1968,#1969,
#1970,#1971,#1972,#1973),
.UNSPECIFIED.,.F.,.F.,
(4,1,1,1,1,1,1,1,1,1,1,1,1,1,1,4),
(0.,0.0421816234928913,0.0851855601060392,0.128930689164168,0.196650649892431,0.272701379953129,
0.357083401993203,0.425639483757545,0.493190654199971,0.581940528194979,0.684083058347958,
0.782596789001189,0.85523280135495,0.907158640382717,0.955417321509205,1.),
.UNSPECIFIED.);
#1434=LINE('',#1974,#1975);
#1435=VERTEX_POINT('',#1977);
#1436=VERTEX_POINT('',#1978);
#1437=B_SPLINE_CURVE_WITH_KNOTS('',3,
(#1979,#1980,#1981,#1982,#1983,#1984,#1985,#1986,#1987,#1988,#1989,#1990,#1991,#1992,
#1993,#1994,#1995,#1996,#1997),
.UNSPECIFIED.,.F.,.F.,
(4,1,1,1,1,1,1,1,1,1,1,1,1,1,1,1,4),
(0.,0.0361534787177955,0.0684740262007207,0.103970592679615,0.146569723116148,0.202045228847176,
0.263375904411691,0.334789247127077,0.410429530073652,0.490272601910352,0.57009469027299,
0.676446959677506,0.775662513412588,0.867712716236077,0.918910957935899,0.96303080663915,
1.),
.UNSPECIFIED.);
#1438=VERTEX_POINT('',#1998);
#1439=CIRCLE('',#1999,18.);
#1440=VERTEX_POINT('',#2003);
#1441=B_SPLINE_CURVE_WITH_KNOTS('',3,
(#2004,#2005,#2006,#2007,#2008,#2009,#2010,#2011,#2012,#2013,#2014,#2015,#2016,#2017,
#2018,#2019,#2020,#2021,#2022,#2023),
.UNSPECIFIED.,.F.,.F.,
(4,1,1,1,1,1,1,1,1,1,1,1,1,1,1,1,1,4),
(0.,0.0232244603843691,0.0478237594913142,0.0737749259471107,0.103445415778554,0.135542902505761,
0.193253843969963,0.261983779707633,0.341712616848611,0.408887130308461,0.475745468926878,
0.564487179484935,0.666621219699599,0.766099015567581,0.840672248874547,0.896471242150653,
0.949599992021111,1.),
.UNSPECIFIED.);
#1442=VERTEX_POINT('',#2024);
#1443=LINE('',#2025,#2026);
#1444=VERTEX_POINT('',#2028);
#1445=B_SPLINE_CURVE_WITH_KNOTS('',3,
(#2029,#2030,#2031,#2032,#2033,#2034,#2035,#2036,#2037,#2038,#2039,#2040,#2041,#2042,
#2043,#2044,#2045,#2046,#2047),
.UNSPECIFIED.,.F.,.F.,
(4,1,1,1,1,1,1,1,1,1,1,1,1,1,1,1,4),
(0.,0.0454088502522116,0.0950423821369942,0.148829210539285,0.210977001204361,0.277312198667218,
0.350944071411832,0.427689648045281,0.507526561622793,0.587341732330296,0.667115500966868,
0.746868819889737,0.818516255621654,0.882064094546307,0.929429668366089,0.968765233331632,
1.),
.UNSPECIFIED.);
#1446=VERTEX_POINT('',#2048);
#1447=CIRCLE('',#2049,18.);
#1448=VERTEX_POINT('',#2053);
#1449=B_SPLINE_CURVE_WITH_KNOTS('',3,
(#2054,#2055,#2056,#2057,#2058,#2059,#2060,#2061,#2062,#2063,#2064,#2065,#2066,#2067,
#2068,#2069,#2070,#2071),
.UNSPECIFIED.,.F.,.F.,
(4,1,1,1,1,1,1,1,1,1,1,1,1,1,1,4),
(0.,0.0421816234928913,0.0851855601060399,0.128930689164168,0.196650649892432,0.272701379953131,
0.357083401993205,0.425639483757547,0.493190654199974,0.581940528194981,0.684083058347956,
0.782596789001184,0.855232801354948,0.907158640382719,0.955417321509206,1.),
.UNSPECIFIED.);
#1450=LINE('',#2072,#2073);
#1451=VERTEX_POINT('',#2075);
#1452=VERTEX_POINT('',#2076);
#1453=B_SPLINE_CURVE_WITH_KNOTS('',3,
(#2077,#2078,#2079,#2080,#2081,#2082,#2083,#2084,#2085,#2086,#2087,#2088,#2089,#2090,
#2091,#2092,#2093,#2094,#2095),
.UNSPECIFIED.,.F.,.F.,
(4,1,1,1,1,1,1,1,1,1,1,1,1,1,1,1,4),
(0.,0.0361534787177946,0.068474026200719,0.103970592679618,0.146569723116158,0.202045228847189,
0.263375904411699,0.334789247127077,0.410429530073648,0.490272601910353,0.570094690272991,
0.676446959677511,0.775662513412589,0.867712716236078,0.918910957935899,0.96303080663915,
1.),
.UNSPECIFIED.);
#1454=VERTEX_POINT('',#2096);
#1455=CIRCLE('',#2097,18.);
#1456=VERTEX_POINT('',#2101);
#1457=B_SPLINE_CURVE_WITH_KNOTS('',3,
(#2102,#2103,#2104,#2105,#2106,#2107,#2108,#2109,#2110,#2111,#2112,#2113,#2114,#2115,
#2116,#2117,#2118,#2119,#2120,#2121),
.UNSPECIFIED.,.F.,.F.,
(4,1,1,1,1,1,1,1,1,1,1,1,1,1,1,1,1,4),
(0.,0.0232244603843676,0.0478237594913134,0.073774925947111,0.103445415778553,0.13554290250576,
0.193253843969964,0.261983779707633,0.341712616848609,0.408887130308464,0.47574546892688,
0.564487179484939,0.666621219699607,0.76609901556758,0.840672248874546,0.896471242150659,
0.949599992021111,1.),
.UNSPECIFIED.);
#1458=VERTEX_POINT('',#2122);
#1459=LINE('',#2123,#2124);
#1460=VERTEX_POINT('',#2126);
#1461=B_SPLINE_CURVE_WITH_KNOTS('',3,
(#2127,#2128,#2129,#2130,#2131,#2132,#2133,#2134,#2135,#2136,#2137,#2138,#2139,#2140,
#2141,#2142,#2143,#2144,#2145),
.UNSPECIFIED.,.F.,.F.,
(4,1,1,1,1,1,1,1,1,1,1,1,1,1,1,1,4),
(0.,0.0454088502522076,0.0950423821369907,0.148829210539283,0.210977001204361,0.277312198667223,
0.350944071411837,0.427689648045286,0.507526561622801,0.587341732330298,0.66711550096687,
0.746868819889741,0.818516255621655,0.882064094546308,0.929429668366089,0.968765233331632,
1.),
.UNSPECIFIED.);
#1462=VERTEX_POINT('',#2146);
#1463=CIRCLE('',#2147,18.);
#1464=VERTEX_POINT('',#2151);
#1465=B_SPLINE_CURVE_WITH_KNOTS('',3,
(#2152,#2153,#2154,#2155,#2156,#2157,#2158,#2159,#2160,#2161,#2162,#2163,#2164,#2165,
#2166,#2167,#2168,#2169),
.UNSPECIFIED.,.F.,.F.,
(4,1,1,1,1,1,1,1,1,1,1,1,1,1,1,4),
(0.,0.0421816234928913,0.0851855601060383,0.12893068916417,0.196650649892433,0.272701379953132,
0.357083401993208,0.42563948375755,0.493190654199978,0.581940528194988,0.684083058347955,
0.782596789001183,0.855232801354946,0.907158640382717,0.955417321509198,1.),
.UNSPECIFIED.);
#1466=LINE('',#2170,#2171);
#1467=VERTEX_POINT('',#2173);
#1468=VERTEX_POINT('',#2174);
#1469=B_SPLINE_CURVE_WITH_KNOTS('',3,
(#2175,#2176,#2177,#2178,#2179,#2180,#2181,#2182,#2183,#2184,#2185,#2186,#2187,#2188,
#2189,#2190,#2191,#2192,#2193),
.UNSPECIFIED.,.F.,.F.,
(4,1,1,1,1,1,1,1,1,1,1,1,1,1,1,1,4),
(0.,0.036153478717804,0.0684740262007214,0.103970592679615,0.146569723116145,0.202045228847171,
0.263375904411695,0.334789247127074,0.410429530073648,0.490272601910349,0.570094690272987,
0.676446959677509,0.775662513412584,0.867712716236078,0.918910957935899,0.96303080663915,
1.),
.UNSPECIFIED.);
#1470=VERTEX_POINT('',#2194);
#1471=CIRCLE('',#2195,18.);
#1472=VERTEX_POINT('',#2199);
#1473=B_SPLINE_CURVE_WITH_KNOTS('',3,
(#2200,#2201,#2202,#2203,#2204,#2205,#2206,#2207,#2208,#2209,#2210,#2211,#2212,#2213,
#2214,#2215,#2216,#2217,#2218,#2219),
.UNSPECIFIED.,.F.,.F.,
(4,1,1,1,1,1,1,1,1,1,1,1,1,1,1,1,1,4),
(0.,0.0232244603843673,0.0478237594913098,0.073774925947109,0.103445415778554,0.135542902505762,
0.193253843969965,0.261983779707633,0.341712616848608,0.408887130308459,0.475745468926876,
0.564487179484936,0.666621219699606,0.766099015567585,0.840672248874544,0.896471242150658,
0.949599992021112,1.),
.UNSPECIFIED.);
#1474=VERTEX_POINT('',#2220);
#1475=LINE('',#2221,#2222);
#1476=VERTEX_POINT('',#2224);
#1477=B_SPLINE_CURVE_WITH_KNOTS('',3,
(#2225,#2226,#2227,#2228,#2229,#2230,#2231,#2232,#2233,#2234,#2235,#2236,#2237,#2238,
#2239,#2240,#2241,#2242,#2243),
.UNSPECIFIED.,.F.,.F.,
(4,1,1,1,1,1,1,1,1,1,1,1,1,1,1,1,4),
(0.,0.0454088502522151,0.0950423821369917,0.148829210539287,0.210977001204364,0.27731219866722,
0.350944071411835,0.427689648045283,0.50752656162279,0.587341732330291,0.667115500966867,
0.746868819889741,0.818516255621655,0.882064094546308,0.929429668366091,0.968765233331633,
1.),
.UNSPECIFIED.);
#1478=VERTEX_POINT('',#2244);
#1479=CIRCLE('',#2245,18.);
#1480=VERTEX_POINT('',#2249);
#1481=B_SPLINE_CURVE_WITH_KNOTS('',3,
(#2250,#2251,#2252,#2253,#2254,#2255,#2256,#2257,#2258,#2259,#2260,#2261,#2262,#2263,
#2264,#2265,#2266,#2267),
.UNSPECIFIED.,.F.,.F.,
(4,1,1,1,1,1,1,1,1,1,1,1,1,1,1,4),
(0.,0.0421816234928908,0.0851855601060401,0.12893068916417,0.19665064989243,0.27270137995313,
0.357083401993204,0.425639483757546,0.493190654199975,0.581940528194982,0.684083058347958,
0.782596789001185,0.855232801354951,0.907158640382716,0.955417321509207,1.),
.UNSPECIFIED.);
#1482=LINE('',#2268,#2269);
#1483=VERTEX_POINT('',#2271);
#1484=VERTEX_POINT('',#2272);
#1485=B_SPLINE_CURVE_WITH_KNOTS('',3,
(#2273,#2274,#2275,#2276,#2277,#2278,#2279,#2280,#2281,#2282,#2283,#2284,#2285,#2286,
#2287,#2288,#2289,#2290,#2291),
.UNSPECIFIED.,.F.,.F.,
(4,1,1,1,1,1,1,1,1,1,1,1,1,1,1,1,4),
(0.,0.0361534787126412,0.0684740262310704,0.103970592641089,0.146569723163337,0.202045228809647,
0.263375904319596,0.334789247078004,0.410429530076216,0.490272601911772,0.570094690274033,
0.676446959602666,0.775662513396926,0.867712716229101,0.918910957911536,0.963030806632056,
1.),
.UNSPECIFIED.);
#1486=VERTEX_POINT('',#2292);
#1487=CIRCLE('',#2293,18.);
#1488=VERTEX_POINT('',#2297);
#1489=B_SPLINE_CURVE_WITH_KNOTS('',3,
(#2298,#2299,#2300,#2301,#2302,#2303,#2304,#2305,#2306,#2307,#2308,#2309,#2310,#2311,
#2312,#2313,#2314,#2315,#2316,#2317),
.UNSPECIFIED.,.F.,.F.,
(4,1,1,1,1,1,1,1,1,1,1,1,1,1,1,1,1,4),
(0.,0.0232244603772846,0.0478237594912785,0.0737749259549623,0.103445415781396,0.135542902536526,
0.193253843954473,0.261983779659599,0.34171261677933,0.4088871303251,0.475745469071021,
0.564487179550031,0.666621219603563,0.766099015507296,0.840672248816442,0.896471242097443,
0.949599991995007,1.),
.UNSPECIFIED.);
#1490=VERTEX_POINT('',#2318);
#1491=LINE('',#2319,#2320);
#1492=VERTEX_POINT('',#2322);
#1493=B_SPLINE_CURVE_WITH_KNOTS('',3,
(#2323,#2324,#2325,#2326,#2327,#2328,#2329,#2330,#2331,#2332,#2333,#2334,#2335,#2336,
#2337,#2338,#2339,#2340,#2341),
.UNSPECIFIED.,.F.,.F.,
(4,1,1,1,1,1,1,1,1,1,1,1,1,1,1,1,4),
(0.,0.0454088502080022,0.0950423821092215,0.148829210495381,0.21097700110464,0.277312198565751,
0.350944071359803,0.427689648037257,0.507526561614324,0.587341732321061,0.667115500955965,
0.746868819875678,0.818516255625656,0.882064094537398,0.929429668343637,0.96876523332162,
1.),
.UNSPECIFIED.);
#1494=VERTEX_POINT('',#2342);
#1495=CIRCLE('',#2343,18.);
#1496=VERTEX_POINT('',#2347);
#1497=B_SPLINE_CURVE_WITH_KNOTS('',3,
(#2348,#2349,#2350,#2351,#2352,#2353,#2354,#2355,#2356,#2357,#2358,#2359,#2360,#2361,
#2362,#2363,#2364,#2365,#2366,#2367),
.UNSPECIFIED.,.F.,.F.,
(4,1,1,1,1,1,1,1,1,1,1,1,1,1,1,1,1,4),
(0.,0.0232244603772891,0.0478237594912885,0.0737749259549718,0.103445415781405,0.135542902536538,
0.19325384395448,0.261983779659605,0.341712616779331,0.408887130325103,0.475745469071021,
0.564487179550036,0.666621219603569,0.7660990155073,0.84067224881645,0.896471242097448,
0.949599991995011,1.),
.UNSPECIFIED.);
#1498=LINE('',#2368,#2369);
#1499=VERTEX_POINT('',#2371);
#1500=VERTEX_POINT('',#2372);
#1501=B_SPLINE_CURVE_WITH_KNOTS('',3,
(#2373,#2374,#2375,#2376,#2377,#2378,#2379,#2380,#2381,#2382,#2383,#2384,#2385,#2386,
#2387,#2388,#2389,#2390,#2391),
.UNSPECIFIED.,.F.,.F.,
(4,1,1,1,1,1,1,1,1,1,1,1,1,1,1,1,4),
(0.,0.0361534787126476,0.0684740262310854,0.103970592641088,0.146569723163337,0.202045228809645,
0.2633759043196,0.334789247078005,0.410429530076212,0.490272601911777,0.570094690274036,
0.676446959602671,0.775662513396926,0.867712716229102,0.918910957911537,0.963030806632057,
1.),
.UNSPECIFIED.);
#1502=VERTEX_POINT('',#2392);
#1503=CIRCLE('',#2393,18.);
#1504=VERTEX_POINT('',#2397);
#1505=B_SPLINE_CURVE_WITH_KNOTS('',3,
(#2398,#2399,#2400,#2401,#2402,#2403,#2404,#2405,#2406,#2407,#2408,#2409,#2410,#2411,
#2412,#2413,#2414,#2415,#2416,#2417),
.UNSPECIFIED.,.F.,.F.,
(4,1,1,1,1,1,1,1,1,1,1,1,1,1,1,1,1,4),
(0.,0.0232244603772845,0.047823759491279,0.0737749259549625,0.103445415781398,0.135542902536533,
0.193253843954478,0.261983779659603,0.341712616779331,0.408887130325106,0.475745469071027,
0.564487179550032,0.666621219603574,0.766099015507348,0.840672248816802,0.896471242097707,
0.949599991994534,1.),
.UNSPECIFIED.);
#1506=VERTEX_POINT('',#2418);
#1507=LINE('',#2419,#2420);
#1508=VERTEX_POINT('',#2422);
#1509=B_SPLINE_CURVE_WITH_KNOTS('',3,
(#2423,#2424,#2425,#2426,#2427,#2428,#2429,#2430,#2431,#2432,#2433,#2434,#2435,#2436,
#2437,#2438,#2439,#2440,#2441),
.UNSPECIFIED.,.F.,.F.,
(4,1,1,1,1,1,1,1,1,1,1,1,1,1,1,1,4),
(0.,0.0454088502086293,0.0950423821091188,0.148829210495149,0.210977001104653,0.277312198565842,
0.350944071359793,0.427689648037232,0.507526561614327,0.587341732321076,0.667115500955966,
0.74686881987568,0.818516255625654,0.882064094537398,0.929429668343638,0.968765233321621,
1.),
.UNSPECIFIED.);
#1510=VERTEX_POINT('',#2442);
#1511=CIRCLE('',#2443,18.);
#1512=VERTEX_POINT('',#2447);
#1513=B_SPLINE_CURVE_WITH_KNOTS('',3,
(#2448,#2449,#2450,#2451,#2452,#2453,#2454,#2455,#2456,#2457,#2458,#2459,#2460,#2461,
#2462,#2463,#2464,#2465,#2466,#2467),
.UNSPECIFIED.,.F.,.F.,
(4,1,1,1,1,1,1,1,1,1,1,1,1,1,1,1,1,4),
(0.,0.0232244603772865,0.0478237594912849,0.0737749259549699,0.103445415781407,0.135542902536541,
0.193253843954482,0.261983779659607,0.341712616779331,0.4088871303251,0.475745469071023,
0.56448717955003,0.666621219603564,0.766099015507294,0.840672248816442,0.896471242097441,
0.949599991995006,1.),
.UNSPECIFIED.);
#1514=LINE('',#2468,#2469);
#1515=VERTEX_POINT('',#2471);
#1516=VERTEX_POINT('',#2472);
#1517=B_SPLINE_CURVE_WITH_KNOTS('',3,
(#2473,#2474,#2475,#2476,#2477,#2478,#2479,#2480,#2481,#2482,#2483,#2484,#2485,#2486,
#2487,#2488,#2489,#2490,#2491),
.UNSPECIFIED.,.F.,.F.,
(4,1,1,1,1,1,1,1,1,1,1,1,1,1,1,1,4),
(0.,0.036153478712641,0.0684740262310744,0.103970592641092,0.146569723163338,0.20204522880965,
0.263375904319594,0.334789247078004,0.410429530076212,0.490272601911771,0.570094690274031,
0.676446959602666,0.775662513396923,0.867712716229105,0.918910957911539,0.963030806632058,
1.),
.UNSPECIFIED.);
#1518=VERTEX_POINT('',#2492);
#1519=CIRCLE('',#2493,18.);
#1520=VERTEX_POINT('',#2497);
#1521=B_SPLINE_CURVE_WITH_KNOTS('',3,
(#2498,#2499,#2500,#2501,#2502,#2503,#2504,#2505,#2506,#2507,#2508,#2509,#2510,#2511,
#2512,#2513,#2514,#2515,#2516,#2517),
.UNSPECIFIED.,.F.,.F.,
(4,1,1,1,1,1,1,1,1,1,1,1,1,1,1,1,1,4),
(0.,0.0232244603772852,0.0478237594912785,0.0737749259549652,0.103445415781398,0.135542902536528,
0.193253843954473,0.261983779659597,0.341712616779328,0.4088871303251,0.475745469071018,
0.564487179550032,0.666621219603575,0.766099015507347,0.840672248816807,0.896471242097704,
0.94959999199453,1.),
.UNSPECIFIED.);
#1522=VERTEX_POINT('',#2518);
#1523=LINE('',#2519,#2520);
#1524=VERTEX_POINT('',#2522);
#1525=B_SPLINE_CURVE_WITH_KNOTS('',3,
(#2523,#2524,#2525,#2526,#2527,#2528,#2529,#2530,#2531,#2532,#2533,#2534,#2535,#2536,
#2537,#2538,#2539,#2540,#2541),
.UNSPECIFIED.,.F.,.F.,
(4,1,1,1,1,1,1,1,1,1,1,1,1,1,1,1,4),
(0.,0.0454088502086288,0.0950423821091255,0.148829210495149,0.210977001104658,0.277312198565843,
0.350944071359799,0.427689648037227,0.507526561614324,0.587341732321072,0.667115500955966,
0.746868819875679,0.818516255625655,0.882064094537398,0.929429668343639,0.968765233321623,
1.),
.UNSPECIFIED.);
#1526=VERTEX_POINT('',#2542);
#1527=CIRCLE('',#2543,18.);
#1528=VERTEX_POINT('',#2547);
#1529=B_SPLINE_CURVE_WITH_KNOTS('',3,
(#2548,#2549,#2550,#2551,#2552,#2553,#2554,#2555,#2556,#2557,#2558,#2559,#2560,#2561,
#2562,#2563,#2564,#2565,#2566,#2567),
.UNSPECIFIED.,.F.,.F.,
(4,1,1,1,1,1,1,1,1,1,1,1,1,1,1,1,1,4),
(0.,0.0232244603772876,0.0478237594912855,0.073774925954971,0.103445415781406,0.13554290253654,
0.193253843954481,0.261983779659606,0.341712616779332,0.408887130325102,0.475745469071022,
0.564487179550034,0.666621219603567,0.766099015507297,0.840672248816443,0.896471242097443,
0.949599991995009,1.),
.UNSPECIFIED.);
#1530=LINE('',#2568,#2569);
#1531=VERTEX_POINT('',#2571);
#1532=CIRCLE('',#2572,15.);
#1533=VERTEX_POINT('',#2576);
#1534=VERTEX_POINT('',#2577);
#1535=LINE('',#2578,#2579);
#1536=VERTEX_POINT('',#2581);
#1537=B_SPLINE_CURVE_WITH_KNOTS('',3,
(#2582,#2583,#2584,#2585,#2586,#2587,#2588,#2589,#2590,#2591,#2592,#2593,#2594,#2595,
#2596,#2597,#2598,#2599),
.UNSPECIFIED.,.F.,.F.,
(4,1,1,1,1,1,1,1,1,1,1,1,1,1,1,4),
(0.,0.0427138105652138,0.0860830523232444,0.130026107272871,0.197655761020317,0.273486161939448,
0.357517790146173,0.4258249675007,0.493239530330423,0.58196479389294,0.684095326528242,
0.782603168880904,0.85523958882146,0.907161276353861,0.955417748917553,1.),
.UNSPECIFIED.);
#1538=VERTEX_POINT('',#2600);
#1539=CIRCLE('',#2601,16.5);
#1540=VERTEX_POINT('',#2605);
#1541=CIRCLE('',#2606,16.5);
#1542=VERTEX_POINT('',#2610);
#1543=B_SPLINE_CURVE_WITH_KNOTS('',3,
(#2611,#2612,#2613,#2614,#2615,#2616,#2617,#2618,#2619,#2620,#2621,#2622,#2623,#2624,
#2625,#2626,#2627,#2628,#2629,#2630),
.UNSPECIFIED.,.F.,.F.,
(4,1,1,1,1,1,1,1,1,1,1,1,1,1,1,1,1,4),
(0.,0.0207485031892651,0.0441012754365291,0.0700444534651172,0.105534816092493,0.148058288549779,
0.203270352676838,0.26421999522214,0.335293118819951,0.410750533203595,0.490563924687521,
0.570352427836741,0.676646487897223,0.775803494865492,0.867794898406172,0.918960285271844,
0.963052767060305,1.),
.UNSPECIFIED.);
#1544=VERTEX_POINT('',#2631);
#1545=LINE('',#2632,#2633);
#1546=VERTEX_POINT('',#2635);
#1547=B_SPLINE_CURVE_WITH_KNOTS('',3,
(#2636,#2637,#2638,#2639,#2640,#2641,#2642,#2643,#2644,#2645,#2646,#2647,#2648,#2649,
#2650,#2651,#2652,#2653,#2654,#2655),
.UNSPECIFIED.,.F.,.F.,
(4,1,1,1,1,1,1,1,1,1,1,1,1,1,1,1,1,4),
(0.,0.0240340553457832,0.0494926128816978,0.0763492650541636,0.106582910280026,0.138853400071971,
0.196052810016699,0.264027490497625,0.342756240679455,0.409283873002034,0.475806390120537,
0.564521950114452,0.666642364039711,0.766112599106041,0.840684908272259,0.896478077934207,
0.949602663824169,1.),
.UNSPECIFIED.);
#1548=VERTEX_POINT('',#2656);
#1549=CIRCLE('',#2657,16.5);
#1550=VERTEX_POINT('',#2661);
#1551=CIRCLE('',#2662,16.5);
#1552=B_SPLINE_CURVE_WITH_KNOTS('',3,
(#2666,#2667,#2668,#2669,#2670,#2671,#2672,#2673,#2674,#2675,#2676,#2677,#2678,#2679,
#2680,#2681,#2682,#2683,#2684,#2685),
.UNSPECIFIED.,.F.,.F.,
(4,1,1,1,1,1,1,1,1,1,1,1,1,1,1,1,1,4),
(0.,0.0207485031892792,0.0441012754365366,0.0700444534651266,0.105534816092504,0.148058288549784,
0.203270352676843,0.264219995222144,0.335293118819948,0.410750533203588,0.490563924687517,
0.570352427836737,0.676646487897224,0.775803494865491,0.867794898406172,0.918960285271843,
0.963052767060306,1.),
.UNSPECIFIED.);
#1553=VERTEX_POINT('',#2686);
#1554=CIRCLE('',#2687,16.5);
#1555=VERTEX_POINT('',#2691);
#1556=CIRCLE('',#2692,16.5);
#1557=VERTEX_POINT('',#2696);
#1558=VERTEX_POINT('',#2697);
#1559=B_SPLINE_CURVE_WITH_KNOTS('',3,
(#2698,#2699,#2700,#2701,#2702,#2703,#2704,#2705,#2706,#2707,#2708,#2709,#2710,#2711,
#2712,#2713,#2714,#2715,#2716,#2717),
.UNSPECIFIED.,.F.,.F.,
(4,1,1,1,1,1,1,1,1,1,1,1,1,1,1,1,1,4),
(0.,0.0207485031892691,0.0441012754365329,0.0700444534651242,0.105534816092494,0.148058288549784,
0.203270352676842,0.264219995222144,0.33529311881995,0.410750533203598,0.490563924687517,
0.570352427836735,0.676646487897222,0.775803494865489,0.867794898406172,0.918960285271843,
0.963052767060306,1.),
.UNSPECIFIED.);
#1560=VERTEX_POINT('',#2718);
#1561=LINE('',#2719,#2720);
#1562=VERTEX_POINT('',#2722);
#1563=B_SPLINE_CURVE_WITH_KNOTS('',3,
(#2723,#2724,#2725,#2726,#2727,#2728,#2729,#2730,#2731,#2732,#2733,#2734,#2735,#2736,
#2737,#2738,#2739,#2740),
.UNSPECIFIED.,.F.,.F.,
(4,1,1,1,1,1,1,1,1,1,1,1,1,1,1,4),
(0.,0.0427138105652144,0.0860830523232448,0.13002610727287,0.197655761020318,0.273486161939454,
0.357517790146175,0.425824967500697,0.493239530330426,0.581964793892939,0.684095326528246,
0.782603168880907,0.855239588821461,0.907161276353859,0.955417748917556,1.),
.UNSPECIFIED.);
#1564=VERTEX_POINT('',#2741);
#1565=CIRCLE('',#2742,16.5);
#1566=VERTEX_POINT('',#2746);
#1567=B_SPLINE_CURVE_WITH_KNOTS('',3,
(#2747,#2748,#2749,#2750,#2751,#2752,#2753,#2754,#2755,#2756,#2757,#2758,#2759,#2760,
#2761,#2762,#2763,#2764,#2765,#2766),
.UNSPECIFIED.,.F.,.F.,
(4,1,1,1,1,1,1,1,1,1,1,1,1,1,1,1,1,4),
(0.,0.0207485031892678,0.0441012754365249,0.0700444534651122,0.105534816092484,0.148058288549764,
0.203270352676836,0.264219995222138,0.335293118819949,0.410750533203599,0.490563924687522,
0.57035242783674,0.67664648789722,0.775803494865493,0.867794898406174,0.918960285271844,
0.963052767060305,1.),
.UNSPECIFIED.);
#1568=VERTEX_POINT('',#2767);
#1569=LINE('',#2768,#2769);
#1570=VERTEX_POINT('',#2771);
#1571=B_SPLINE_CURVE_WITH_KNOTS('',3,
(#2772,#2773,#2774,#2775,#2776,#2777,#2778,#2779,#2780,#2781,#2782,#2783,#2784,#2785,
#2786,#2787,#2788,#2789,#2790,#2791),
.UNSPECIFIED.,.F.,.F.,
(4,1,1,1,1,1,1,1,1,1,1,1,1,1,1,1,1,4),
(0.,0.0240340553457823,0.0494926128816979,0.0763492650541653,0.106582910280025,0.13885340007197,
0.196052810016699,0.264027490497621,0.342756240679455,0.409283873002035,0.475806390120533,
0.56452195011445,0.666642364039713,0.76611259910604,0.840684908272255,0.896478077934209,
0.949602663824172,1.),
.UNSPECIFIED.);
#1572=CIRCLE('',#2792,16.5);
#1573=VERTEX_POINT('',#2796);
#1574=VERTEX_POINT('',#2797);
#1575=B_SPLINE_CURVE_WITH_KNOTS('',3,
(#2798,#2799,#2800,#2801,#2802,#2803,#2804,#2805,#2806,#2807,#2808,#2809,#2810,#2811,
#2812,#2813,#2814,#2815,#2816,#2817),
.UNSPECIFIED.,.F.,.F.,
(4,1,1,1,1,1,1,1,1,1,1,1,1,1,1,1,1,4),
(0.,0.0207485031892598,0.0441012754365222,0.0700444534651106,0.10553481609249,0.148058288549776,
0.203270352676837,0.264219995222142,0.335293118819953,0.410750533203593,0.490563924687522,
0.570352427836738,0.676646487897224,0.775803494865489,0.867794898406173,0.918960285271844,
0.963052767060305,1.),
.UNSPECIFIED.);
#1576=VERTEX_POINT('',#2818);
#1577=LINE('',#2819,#2820);
#1578=VERTEX_POINT('',#2822);
#1579=B_SPLINE_CURVE_WITH_KNOTS('',3,
(#2823,#2824,#2825,#2826,#2827,#2828,#2829,#2830,#2831,#2832,#2833,#2834,#2835,#2836,
#2837,#2838,#2839,#2840),
.UNSPECIFIED.,.F.,.F.,
(4,1,1,1,1,1,1,1,1,1,1,1,1,1,1,4),
(0.,0.0427138105652143,0.0860830523232442,0.130026107272869,0.197655761020317,0.273486161939449,
0.357517790146178,0.425824967500704,0.493239530330425,0.581964793892936,0.684095326528248,
0.782603168880902,0.855239588821461,0.907161276353865,0.955417748917559,1.),
.UNSPECIFIED.);
#1580=VERTEX_POINT('',#2841);
#1581=CIRCLE('',#2842,16.5);
#1582=VERTEX_POINT('',#2846);
#1583=B_SPLINE_CURVE_WITH_KNOTS('',3,
(#2847,#2848,#2849,#2850,#2851,#2852,#2853,#2854,#2855,#2856,#2857,#2858,#2859,#2860,
#2861,#2862,#2863,#2864,#2865,#2866),
.UNSPECIFIED.,.F.,.F.,
(4,1,1,1,1,1,1,1,1,1,1,1,1,1,1,1,1,4),
(0.,0.0207485031892721,0.0441012754365294,0.0700444534651168,0.105534816092488,0.148058288549778,
0.203270352676839,0.264219995222141,0.335293118819953,0.410750533203596,0.490563924687523,
0.570352427836738,0.676646487897223,0.775803494865491,0.867794898406173,0.918960285271842,
0.963052767060305,1.),
.UNSPECIFIED.);
#1584=VERTEX_POINT('',#2867);
#1585=LINE('',#2868,#2869);
#1586=VERTEX_POINT('',#2871);
#1587=B_SPLINE_CURVE_WITH_KNOTS('',3,
(#2872,#2873,#2874,#2875,#2876,#2877,#2878,#2879,#2880,#2881,#2882,#2883,#2884,#2885,
#2886,#2887,#2888,#2889,#2890,#2891),
.UNSPECIFIED.,.F.,.F.,
(4,1,1,1,1,1,1,1,1,1,1,1,1,1,1,1,1,4),
(0.,0.0240340553457798,0.0494926128816967,0.0763492650541636,0.106582910280029,0.138853400071973,
0.196052810016697,0.264027490497619,0.342756240679454,0.409283873002036,0.475806390120538,
0.564521950114449,0.666642364039712,0.766112599106041,0.840684908272261,0.896478077934207,
0.949602663824167,1.),
.UNSPECIFIED.);
#1588=CIRCLE('',#2892,16.5);
#1589=VERTEX_POINT('',#2896);
#1590=VERTEX_POINT('',#2897);
#1591=B_SPLINE_CURVE_WITH_KNOTS('',3,
(#2898,#2899,#2900,#2901,#2902,#2903,#2904,#2905,#2906,#2907,#2908,#2909,#2910,#2911,
#2912,#2913,#2914,#2915,#2916,#2917),
.UNSPECIFIED.,.F.,.F.,
(4,1,1,1,1,1,1,1,1,1,1,1,1,1,1,1,1,4),
(0.,0.0207485031892663,0.0441012754365284,0.0700444534651155,0.105534816092492,0.148058288549776,
0.203270352676838,0.264219995222142,0.335293118819952,0.410750533203594,0.490563924687521,
0.570352427836741,0.676646487897221,0.775803494865492,0.867794898406173,0.918960285271845,
0.963052767060305,1.),
.UNSPECIFIED.);
#1592=VERTEX_POINT('',#2918);
#1593=LINE('',#2919,#2920);
#1594=VERTEX_POINT('',#2922);
#1595=B_SPLINE_CURVE_WITH_KNOTS('',3,
(#2923,#2924,#2925,#2926,#2927,#2928,#2929,#2930,#2931,#2932,#2933,#2934,#2935,#2936,
#2937,#2938,#2939,#2940),
.UNSPECIFIED.,.F.,.F.,
(4,1,1,1,1,1,1,1,1,1,1,1,1,1,1,4),
(0.,0.0427138105652155,0.0860830523232458,0.130026107272871,0.197655761020318,0.27348616193945,
0.357517790146176,0.425824967500699,0.493239530330423,0.581964793892936,0.68409532652825,
0.782603168880902,0.855239588821463,0.907161276353862,0.955417748917557,1.),
.UNSPECIFIED.);
#1596=VERTEX_POINT('',#2941);
#1597=CIRCLE('',#2942,16.5);
#1598=VERTEX_POINT('',#2946);
#1599=B_SPLINE_CURVE_WITH_KNOTS('',3,
(#2947,#2948,#2949,#2950,#2951,#2952,#2953,#2954,#2955,#2956,#2957,#2958,#2959,#2960,
#2961,#2962,#2963,#2964,#2965,#2966),
.UNSPECIFIED.,.F.,.F.,
(4,1,1,1,1,1,1,1,1,1,1,1,1,1,1,1,1,4),
(0.,0.0207485031892647,0.0441012754365279,0.070044453465116,0.105534816092491,0.148058288549778,
0.203270352676837,0.26421999522214,0.335293118819953,0.410750533203596,0.490563924687523,
0.570352427836741,0.676646487897224,0.775803494865492,0.867794898406173,0.918960285271845,
0.963052767060305,1.),
.UNSPECIFIED.);
#1600=VERTEX_POINT('',#2967);
#1601=LINE('',#2968,#2969);
#1602=VERTEX_POINT('',#2971);
#1603=B_SPLINE_CURVE_WITH_KNOTS('',3,
(#2972,#2973,#2974,#2975,#2976,#2977,#2978,#2979,#2980,#2981,#2982,#2983,#2984,#2985,
#2986,#2987,#2988,#2989,#2990,#2991),
.UNSPECIFIED.,.F.,.F.,
(4,1,1,1,1,1,1,1,1,1,1,1,1,1,1,1,1,4),
(0.,0.0240340553457793,0.0494926128816974,0.0763492650541653,0.106582910280028,0.138853400071972,
0.196052810016696,0.264027490497622,0.342756240679456,0.409283873002036,0.475806390120537,
0.564521950114453,0.666642364039711,0.766112599106042,0.840684908272257,0.896478077934207,
0.949602663824167,1.),
.UNSPECIFIED.);
#1604=CIRCLE('',#2992,16.5);
#1605=VERTEX_POINT('',#2996);
#1606=VERTEX_POINT('',#2997);
#1607=B_SPLINE_CURVE_WITH_KNOTS('',3,
(#2998,#2999,#3000,#3001,#3002,#3003,#3004,#3005,#3006,#3007,#3008,#3009,#3010,#3011,
#3012,#3013,#3014,#3015,#3016,#3017),
.UNSPECIFIED.,.F.,.F.,
(4,1,1,1,1,1,1,1,1,1,1,1,1,1,1,1,1,4),
(0.,0.0207485032102799,0.0441012754302282,0.0700444534308488,0.105534816138159,0.148058288490841,
0.203270352715653,0.264219995331206,0.335293118879217,0.410750533200126,0.490563924685487,
0.570352427835195,0.676646487986162,0.77580349488407,0.867794898414428,0.918960285300802,
0.963052767068714,1.),
.UNSPECIFIED.);
#1608=VERTEX_POINT('',#3018);
#1609=LINE('',#3019,#3020);
#1610=VERTEX_POINT('',#3022);
#1611=B_SPLINE_CURVE_WITH_KNOTS('',3,
(#3023,#3024,#3025,#3026,#3027,#3028,#3029,#3030,#3031,#3032,#3033,#3034,#3035,#3036,
#3037,#3038,#3039,#3040),
.UNSPECIFIED.,.F.,.F.,
(4,1,1,1,1,1,1,1,1,1,1,1,1,1,1,4),
(0.,0.0427138105747788,0.086083052311832,0.130026107256979,0.197655761034563,0.273486161981809,
0.357517790240056,0.425824967475423,0.493239530158548,0.581964793817097,0.684095326642314,
0.782603168954857,0.855239588883745,0.907161276366907,0.95541774896271,1.),
.UNSPECIFIED.);
#1612=VERTEX_POINT('',#3041);
#1613=CIRCLE('',#3042,16.5);
#1614=VERTEX_POINT('',#3046);
#1615=B_SPLINE_CURVE_WITH_KNOTS('',3,
(#3047,#3048,#3049,#3050,#3051,#3052,#3053,#3054,#3055,#3056,#3057,#3058,#3059,#3060,
#3061,#3062,#3063,#3064,#3065,#3066),
.UNSPECIFIED.,.F.,.F.,
(4,1,1,1,1,1,1,1,1,1,1,1,1,1,1,1,1,4),
(0.,0.0207485032102777,0.0441012754302243,0.0700444534308447,0.105534816138154,0.148058288490835,
0.203270352715648,0.264219995331203,0.335293118879216,0.41075053320013,0.490563924685486,
0.570352427835197,0.676646487986163,0.775803494884068,0.867794898414424,0.918960285300799,
0.963052767068713,1.),
.UNSPECIFIED.);
#1616=VERTEX_POINT('',#3067);
#1617=LINE('',#3068,#3069);
#1618=VERTEX_POINT('',#3071);
#1619=B_SPLINE_CURVE_WITH_KNOTS('',3,
(#3072,#3073,#3074,#3075,#3076,#3077,#3078,#3079,#3080,#3081,#3082,#3083,#3084,#3085,
#3086,#3087,#3088,#3089,#3090,#3091),
.UNSPECIFIED.,.F.,.F.,
(4,1,1,1,1,1,1,1,1,1,1,1,1,1,1,1,1,4),
(0.,0.0240340553548879,0.0494926128811614,0.0763492650433087,0.106582910273341,0.138853400035316,
0.19605281003283,0.264027490555708,0.342756240759832,0.409283872984834,0.475806389948913,
0.564521950036774,0.666642364154112,0.766112599177921,0.840684908341423,0.89647807799754,
0.949602663855286,1.),
.UNSPECIFIED.);
#1620=CIRCLE('',#3092,16.5);
#1621=VERTEX_POINT('',#3096);
#1622=VERTEX_POINT('',#3097);
#1623=B_SPLINE_CURVE_WITH_KNOTS('',3,
(#3098,#3099,#3100,#3101,#3102,#3103,#3104,#3105,#3106,#3107,#3108,#3109,#3110,#3111,
#3112,#3113,#3114,#3115,#3116,#3117),
.UNSPECIFIED.,.F.,.F.,
(4,1,1,1,1,1,1,1,1,1,1,1,1,1,1,1,1,4),
(0.,0.0207485032102821,0.0441012754302312,0.0700444534308462,0.10553481613815,0.148058288490836,
0.203270352715644,0.264219995331204,0.335293118879215,0.410750533200128,0.490563924685486,
0.570352427835195,0.676646487986162,0.775803494884068,0.867794898414421,0.9189602853008,
0.963052767068712,1.),
.UNSPECIFIED.);
#1624=VERTEX_POINT('',#3118);
#1625=LINE('',#3119,#3120);
#1626=VERTEX_POINT('',#3122);
#1627=B_SPLINE_CURVE_WITH_KNOTS('',3,
(#3123,#3124,#3125,#3126,#3127,#3128,#3129,#3130,#3131,#3132,#3133,#3134,#3135,#3136,
#3137,#3138,#3139,#3140),
.UNSPECIFIED.,.F.,.F.,
(4,1,1,1,1,1,1,1,1,1,1,1,1,1,1,4),
(0.,0.0427138105747808,0.0860830523118344,0.130026107256982,0.197655761034564,0.27348616198181,
0.357517790240059,0.425824967475425,0.493239530158551,0.581964793817095,0.684095326642313,
0.782603168954857,0.855239588883751,0.907161276366908,0.955417748962708,1.),
.UNSPECIFIED.);
#1628=VERTEX_POINT('',#3141);
#1629=CIRCLE('',#3142,16.5);
#1630=VERTEX_POINT('',#3146);
#1631=B_SPLINE_CURVE_WITH_KNOTS('',3,
(#3147,#3148,#3149,#3150,#3151,#3152,#3153,#3154,#3155,#3156,#3157,#3158,#3159,#3160,
#3161,#3162,#3163,#3164,#3165,#3166),
.UNSPECIFIED.,.F.,.F.,
(4,1,1,1,1,1,1,1,1,1,1,1,1,1,1,1,1,4),
(0.,0.0207485032102807,0.0441012754302283,0.0700444534308546,0.105534816138155,0.148058288490838,
0.203270352715648,0.264219995331204,0.335293118879221,0.410750533200127,0.490563924685485,
0.570352427835196,0.676646487986164,0.775803494884069,0.867794898414424,0.918960285300799,
0.963052767068712,1.),
.UNSPECIFIED.);
#1632=VERTEX_POINT('',#3167);
#1633=LINE('',#3168,#3169);
#1634=VERTEX_POINT('',#3171);
#1635=B_SPLINE_CURVE_WITH_KNOTS('',3,
(#3172,#3173,#3174,#3175,#3176,#3177,#3178,#3179,#3180,#3181,#3182,#3183,#3184,#3185,
#3186,#3187,#3188,#3189,#3190,#3191),
.UNSPECIFIED.,.F.,.F.,
(4,1,1,1,1,1,1,1,1,1,1,1,1,1,1,1,1,4),
(0.,0.0240340553548925,0.0494926128811646,0.0763492650433055,0.106582910273338,0.138853400035312,
0.196052810032831,0.264027490555706,0.342756240759833,0.409283872984835,0.475806389948914,
0.564521950036773,0.666642364154116,0.766112599177922,0.840684908341424,0.896478077997541,
0.949602663855284,1.),
.UNSPECIFIED.);
#1636=CIRCLE('',#3192,16.5);
#1637=VERTEX_POINT('',#3196);
#1638=VERTEX_POINT('',#3197);
#1639=B_SPLINE_CURVE_WITH_KNOTS('',3,
(#3198,#3199,#3200,#3201,#3202,#3203,#3204,#3205,#3206,#3207,#3208,#3209,#3210,#3211,
#3212,#3213,#3214,#3215,#3216,#3217),
.UNSPECIFIED.,.F.,.F.,
(4,1,1,1,1,1,1,1,1,1,1,1,1,1,1,1,1,4),
(0.,0.0207485032102848,0.0441012754302275,0.0700444534308577,0.105534816138164,0.148058288490852,
0.203270352715661,0.264219995331207,0.33529311887922,0.410750533200128,0.490563924685488,
0.570352427835196,0.676646487986168,0.775803494884071,0.867794898414426,0.918960285300797,
0.963052767068713,1.),
.UNSPECIFIED.);
#1640=VERTEX_POINT('',#3218);
#1641=LINE('',#3219,#3220);
#1642=VERTEX_POINT('',#3222);
#1643=B_SPLINE_CURVE_WITH_KNOTS('',3,
(#3223,#3224,#3225,#3226,#3227,#3228,#3229,#3230,#3231,#3232,#3233,#3234,#3235,#3236,
#3237,#3238,#3239,#3240),
.UNSPECIFIED.,.F.,.F.,
(4,1,1,1,1,1,1,1,1,1,1,1,1,1,1,4),
(0.,0.0427138105747797,0.086083052311833,0.130026107256982,0.197655761034564,0.273486161981809,
0.357517790240061,0.425824967475429,0.493239530158549,0.5819647938171,0.684095326642318,
0.782603168954861,0.855239588883749,0.907161276366904,0.955417748962698,1.),
.UNSPECIFIED.);
#1644=VERTEX_POINT('',#3241);
#1645=CIRCLE('',#3242,16.5);
#1646=VERTEX_POINT('',#3246);
#1647=B_SPLINE_CURVE_WITH_KNOTS('',3,
(#3247,#3248,#3249,#3250,#3251,#3252,#3253,#3254,#3255,#3256,#3257,#3258,#3259,#3260,
#3261,#3262,#3263,#3264,#3265,#3266),
.UNSPECIFIED.,.F.,.F.,
(4,1,1,1,1,1,1,1,1,1,1,1,1,1,1,1,1,4),
(0.,0.0207485032102718,0.0441012754302184,0.0700444534308395,0.105534816138154,0.14805828849084,
0.203270352715645,0.264219995331202,0.335293118879216,0.41075053320013,0.490563924685481,
0.570352427835192,0.676646487986163,0.775803494884069,0.867794898414423,0.9189602853008,
0.963052767068714,1.),
.UNSPECIFIED.);
#1648=VERTEX_POINT('',#3267);
#1649=LINE('',#3268,#3269);
#1650=VERTEX_POINT('',#3271);
#1651=B_SPLINE_CURVE_WITH_KNOTS('',3,
(#3272,#3273,#3274,#3275,#3276,#3277,#3278,#3279,#3280,#3281,#3282,#3283,#3284,#3285,
#3286,#3287,#3288,#3289,#3290,#3291),
.UNSPECIFIED.,.F.,.F.,
(4,1,1,1,1,1,1,1,1,1,1,1,1,1,1,1,1,4),
(0.,0.0240340553548903,0.0494926128811653,0.0763492650433082,0.106582910273343,0.138853400035315,
0.196052810032834,0.26402749055571,0.342756240759835,0.409283872984834,0.475806389948909,
0.564521950036771,0.66664236415411,0.766112599177924,0.840684908341423,0.89647807799754,
0.949602663855287,1.),
.UNSPECIFIED.);
#1652=CIRCLE('',#3292,16.5);
#1653=VERTEX_POINT('',#3296);
#1654=VERTEX_POINT('',#3297);
#1655=B_SPLINE_CURVE_WITH_KNOTS('',3,
(#3298,#3299,#3300,#3301,#3302,#3303,#3304,#3305,#3306,#3307,#3308,#3309,#3310,#3311,
#3312,#3313,#3314,#3315,#3316,#3317),
.UNSPECIFIED.,.F.,.F.,
(4,1,1,1,1,1,1,1,1,1,1,1,1,1,1,1,1,4),
(0.,0.0207485032102824,0.0441012754302355,0.0700444534308531,0.105534816138158,0.148058288490846,
0.203270352715647,0.26421999533121,0.335293118879218,0.410750533200127,0.490563924685487,
0.570352427835196,0.676646487986161,0.775803494884071,0.867794898414422,0.918960285300796,
0.963052767068713,1.),
.UNSPECIFIED.);
#1656=VERTEX_POINT('',#3318);
#1657=LINE('',#3319,#3320);
#1658=VERTEX_POINT('',#3322);
#1659=B_SPLINE_CURVE_WITH_KNOTS('',3,
(#3323,#3324,#3325,#3326,#3327,#3328,#3329,#3330,#3331,#3332,#3333,#3334,#3335,#3336,
#3337,#3338,#3339,#3340),
.UNSPECIFIED.,.F.,.F.,
(4,1,1,1,1,1,1,1,1,1,1,1,1,1,1,4),
(0.,0.0427138105747783,0.0860830523118324,0.130026107256978,0.197655761034564,0.273486161981811,
0.357517790240056,0.425824967475426,0.493239530158554,0.581964793817101,0.68409532664231,
0.782603168954856,0.855239588883741,0.907161276366901,0.955417748962707,1.),
.UNSPECIFIED.);
#1660=VERTEX_POINT('',#3341);
#1661=CIRCLE('',#3342,16.5);
#1662=VERTEX_POINT('',#3346);
#1663=B_SPLINE_CURVE_WITH_KNOTS('',3,
(#3347,#3348,#3349,#3350,#3351,#3352,#3353,#3354,#3355,#3356,#3357,#3358,#3359,#3360,
#3361,#3362,#3363,#3364,#3365,#3366),
.UNSPECIFIED.,.F.,.F.,
(4,1,1,1,1,1,1,1,1,1,1,1,1,1,1,1,1,4),
(0.,0.0207485032102696,0.0441012754302219,0.0700444534308398,0.105534816138145,0.148058288490835,
0.203270352715639,0.264219995331205,0.335293118879216,0.41075053320013,0.490563924685486,
0.570352427835199,0.676646487986161,0.775803494884069,0.867794898414424,0.918960285300798,
0.963052767068712,1.),
.UNSPECIFIED.);
#1664=VERTEX_POINT('',#3367);
#1665=LINE('',#3368,#3369);
#1666=VERTEX_POINT('',#3371);
#1667=B_SPLINE_CURVE_WITH_KNOTS('',3,
(#3372,#3373,#3374,#3375,#3376,#3377,#3378,#3379,#3380,#3381,#3382,#3383,#3384,#3385,
#3386,#3387,#3388,#3389,#3390,#3391),
.UNSPECIFIED.,.F.,.F.,
(4,1,1,1,1,1,1,1,1,1,1,1,1,1,1,1,1,4),
(0.,0.0240340553548893,0.0494926128811622,0.0763492650433035,0.106582910273336,0.138853400035311,
0.196052810032834,0.264027490555707,0.342756240759834,0.409283872984834,0.47580638994891,
0.564521950036777,0.666642364154114,0.766112599177925,0.840684908341424,0.896478077997539,
0.949602663855291,1.),
.UNSPECIFIED.);
#1668=CIRCLE('',#3392,16.5);
#1669=LINE('',#3396,#3397);
#1670=LINE('',#3399,#3400);
#1671=LINE('',#3402,#3403);
#1672=LINE('',#3405,#3406);
#1673=LINE('',#3408,#3409);
#1674=LINE('',#3411,#3412);
#1675=LINE('',#3414,#3415);
#1676=VERTEX_POINT('',#3417);
#1677=CIRCLE('',#3418,16.);
#1678=LINE('',#3422,#3423);
#1679=LINE('',#3425,#3426);
#1680=LINE('',#3428,#3429);
#1681=LINE('',#3431,#3432);
#1682=LINE('',#3434,#3435);
#1683=LINE('',#3437,#3438);
#1684=LINE('',#3440,#3441);
#1685=LINE('',#3443,#3444);
#1686=LINE('',#3446,#3447);
#1687=LINE('',#3449,#3450);
#1688=LINE('',#3452,#3453);
#1689=LINE('',#3455,#3456);
#1690=LINE('',#3458,#3459);
#1691=LINE('',#3461,#3462);
#1692=LINE('',#3464,#3465);
#1693=LINE('',#3467,#3468);
#1694=LINE('',#3470,#3471);
#1695=LINE('',#3473,#3474);
#1696=LINE('',#3476,#3477);
#1697=LINE('',#3479,#3480);
#1698=LINE('',#3482,#3483);
#1699=LINE('',#3485,#3486);
#1700=LINE('',#3488,#3489);
#1701=LINE('',#3491,#3492);
#1702=LINE('',#3494,#3495);
#1703=LINE('',#3497,#3498);
#1704=LINE('',#3500,#3501);
#1705=LINE('',#3503,#3504);
#1706=LINE('',#3506,#3507);
#1707=LINE('',#3509,#3510);
#1708=LINE('',#3512,#3513);
#1709=LINE('',#3515,#3516);
#1710=LINE('',#3518,#3519);
#1711=LINE('',#3521,#3522);
#1712=LINE('',#3524,#3525);
#1713=LINE('',#3527,#3528);
#1714=LINE('',#3530,#3531);
#1715=LINE('',#3533,#3534);
#1716=LINE('',#3536,#3537);
#1717=LINE('',#3539,#3540);
#1718=LINE('',#3542,#3543);
#1719=LINE('',#3545,#3546);
#1720=LINE('',#3548,#3549);
#1721=LINE('',#3551,#3552);
#1722=LINE('',#3554,#3555);
#1723=LINE('',#3557,#3558);
#1724=LINE('',#3560,#3561);
#1725=LINE('',#3563,#3564);
#1726=LINE('',#3566,#3567);
#1727=LINE('',#3569,#3570);
#1728=LINE('',#3572,#3573);
#1729=LINE('',#3575,#3576);
#1730=LINE('',#3578,#3579);
#1731=LINE('',#3581,#3582);
#1732=LINE('',#3584,#3585);
#1733=LINE('',#3587,#3588);
#1734=LINE('',#3590,#3591);
#1735=VERTEX_POINT('',#3593);
#1736=CIRCLE('',#3594,15.);
#1737=VERTEX_POINT('',#3598);
#1738=CIRCLE('',#3599,14.5);
#1739=VERTEX_POINT('',#3603);
#1740=CIRCLE('',#3604,1.5);
#1741=VERTEX_POINT('',#3608);
#1742=CIRCLE('',#3609,1.5);
#1743=VERTEX_POINT('',#3613);
#1744=CIRCLE('',#3614,1.5);
#1745=VERTEX_POINT('',#3618);
#1746=CIRCLE('',#3619,1.5);
#1747=VERTEX_POINT('',#3623);
#1748=CIRCLE('',#3624,2.5);
#1749=VERTEX_POINT('',#3628);
#1750=CIRCLE('',#3629,1.5);
#1751=VERTEX_POINT('',#3633);
#1752=CIRCLE('',#3634,1.5);
#1753=VERTEX_POINT('',#3638);
#1754=CIRCLE('',#3639,1.5);
#1755=VERTEX_POINT('',#3643);
#1756=CIRCLE('',#3644,1.5);
#1757=VERTEX_POINT('',#3648);
#1758=CIRCLE('',#3649,2.5);
#1759=CARTESIAN_POINT('',(18.,0.,20.));
#1760=AXIS2_PLACEMENT_3D('',#1761,#1762,#1763);
#1761=CARTESIAN_POINT('',(0.,0.,20.));
#1762=DIRECTION('',(0.,0.,1.));
#1763=DIRECTION('',(1.,0.,0.));
#1764=CARTESIAN_POINT('',(18.,-2.20436423846524E-15,15.5));
#1765=CARTESIAN_POINT('',(17.9930542154466,0.5,15.5));
#1766=AXIS2_PLACEMENT_3D('',#1767,#1768,#1769);
#1767=CARTESIAN_POINT('',(0.,0.,15.5));
#1768=DIRECTION('',(-1.97372982155583E-16,0.,1.));
#1769=DIRECTION('',(1.,0.,1.97372982155583E-16));
#1770=CARTESIAN_POINT('',(17.9373911152174,1.5,14.5));
#1771=CARTESIAN_POINT('',(17.9373911149367,1.49999999997653,14.5));
#1772=CARTESIAN_POINT('',(17.9373910784139,1.50000012522681,14.5121706826123));
#1773=CARTESIAN_POINT('',(17.9374294043371,1.49954237196665,14.537229683484));
#1774=CARTESIAN_POINT('',(17.9376096917513,1.49738480372098,14.575827496172));
#1775=CARTESIAN_POINT('',(17.9379441954236,1.49337413609345,14.6176676181721));
#1776=CARTESIAN_POINT('',(17.9384746028679,1.48699338597884,14.6631874599413));
#1777=CARTESIAN_POINT('',(17.9394413974528,1.47530123537178,14.7247103584881));
#1778=CARTESIAN_POINT('',(17.9411821720821,1.45405289669732,14.8051020956049));
#1779=CARTESIAN_POINT('',(17.9442228545035,1.41618605986086,14.9063929452173));
#1780=CARTESIAN_POINT('',(17.9482396037662,1.36450580070479,15.0070384254985));
#1781=CARTESIAN_POINT('',(17.9528736692872,1.30217545517511,15.1001776990567));
#1782=CARTESIAN_POINT('',(17.9581680312054,1.22739669189922,15.1898646925234));
#1783=CARTESIAN_POINT('',(17.9646969742547,1.1287964669412,15.282393707595));
#1784=CARTESIAN_POINT('',(17.9721928123442,1.0033043885668,15.3689485506974));
#1785=CARTESIAN_POINT('',(17.978997357731,0.872459102056382,15.4314299477321));
#1786=CARTESIAN_POINT('',(17.984141104855,0.757623921411109,15.4680672201966));
#1787=CARTESIAN_POINT('',(17.9878339574745,0.66348971745783,15.4877829243984));
#1788=CARTESIAN_POINT('',(17.9906943212315,0.58060564213874,15.4978508727598));
#1789=CARTESIAN_POINT('',(17.99232148388,0.526394312041263,15.5000031583374));
#1790=CARTESIAN_POINT('',(17.9930542155466,0.499999999999459,15.5));
#1791=CARTESIAN_POINT('',(17.9373911146521,1.5,5.5));
#1792=CARTESIAN_POINT('',(17.9373911146521,1.5,5.5));
#1793=VECTOR('',#1794,1.);
#1794=DIRECTION('',(0.,0.,1.));
#1795=CARTESIAN_POINT('',(17.9930542154673,0.5,4.5));
#1796=CARTESIAN_POINT('',(17.993054215557,0.499999999999712,4.5));
#1797=CARTESIAN_POINT('',(17.9923936650289,0.523788602384855,4.49999792211225));
#1798=CARTESIAN_POINT('',(17.9909106385465,0.573568193292352,4.50177837136208));
#1799=CARTESIAN_POINT('',(17.9882810281234,0.651082288576601,4.51036494708296));
#1800=CARTESIAN_POINT('',(17.9850091217629,0.736260309492199,4.52688519422346));
#1801=CARTESIAN_POINT('',(17.9810308908321,0.827998239597695,4.55352415940258));
#1802=CARTESIAN_POINT('',(17.9762458430603,0.926241629143391,4.59316198187792));
#1803=CARTESIAN_POINT('',(17.9708123072639,1.02630619504362,4.64697073529857));
#1804=CARTESIAN_POINT('',(17.9648871678926,1.1251410269372,4.71625986701918));
#1805=CARTESIAN_POINT('',(17.9588727059824,1.21715526171551,4.79932966861336));
#1806=CARTESIAN_POINT('',(17.9531119744576,1.29911166354094,4.89446818356393));
#1807=CARTESIAN_POINT('',(17.9479373134752,1.36852334309649,4.99908713600626));
#1808=CARTESIAN_POINT('',(17.9437288616915,1.42242544894324,5.10774679512932));
#1809=CARTESIAN_POINT('',(17.9406832028946,1.46019740060055,5.21400204208189));
#1810=CARTESIAN_POINT('',(17.9388460793636,1.48252561512069,5.30713300536926));
#1811=CARTESIAN_POINT('',(17.9378795416413,1.49415331919511,5.38505363447395));
#1812=CARTESIAN_POINT('',(17.9374671160446,1.49909222428624,5.44667087149982));
#1813=CARTESIAN_POINT('',(17.9373909530249,1.50000063988502,5.48363857729623));
#1814=CARTESIAN_POINT('',(17.9373911146578,1.49999999993139,5.5));
#1815=CARTESIAN_POINT('',(18.,-2.20436423846524E-15,4.5));
#1816=AXIS2_PLACEMENT_3D('',#1817,#1818,#1819);
#1817=CARTESIAN_POINT('',(0.,0.,4.5));
#1818=DIRECTION('',(-1.97372982155583E-16,0.,1.));
#1819=DIRECTION('',(1.,0.,1.97372982155583E-16));
#1820=CARTESIAN_POINT('',(17.9930542154466,-0.5,4.5));
#1821=AXIS2_PLACEMENT_3D('',#1822,#1823,#1824);
#1822=CARTESIAN_POINT('',(0.,0.,4.5));
#1823=DIRECTION('',(-1.97372982155583E-16,0.,1.));
#1824=DIRECTION('',(0.999614123080366,-0.0277777777777778,1.9729682047721E-16));
#1825=CARTESIAN_POINT('',(17.9373911152174,-1.5,5.50000000000001));
#1826=CARTESIAN_POINT('',(17.9373911149367,-1.49999999997653,5.50000000000001));
#1827=CARTESIAN_POINT('',(17.9373910784139,-1.5000001252268,5.48782931738766));
#1828=CARTESIAN_POINT('',(17.9374294043371,-1.49954237196664,5.46277031651603));
#1829=CARTESIAN_POINT('',(17.9376096917513,-1.49738480372098,5.42417250382801));
#1830=CARTESIAN_POINT('',(17.9379441954236,-1.49337413609345,5.38233238182794));
#1831=CARTESIAN_POINT('',(17.9384746028679,-1.48699338597884,5.3368125400587));
#1832=CARTESIAN_POINT('',(17.9394413974528,-1.47530123537178,5.27528964151186));
#1833=CARTESIAN_POINT('',(17.9411821720821,-1.45405289669731,5.19489790439509));
#1834=CARTESIAN_POINT('',(17.9442228545035,-1.41618605986087,5.09360705478275));
#1835=CARTESIAN_POINT('',(17.9482396037662,-1.36450580070479,4.99296157450148));
#1836=CARTESIAN_POINT('',(17.9528736692872,-1.3021754551751,4.89982230094329));
#1837=CARTESIAN_POINT('',(17.9581680312054,-1.22739669189922,4.81013530747661));
#1838=CARTESIAN_POINT('',(17.9646969742546,-1.12879646694121,4.71760629240498));
#1839=CARTESIAN_POINT('',(17.9721928123445,-1.00330438856679,4.63105144930263));
#1840=CARTESIAN_POINT('',(17.9789973577301,-0.872459102056748,4.56857005226807));
#1841=CARTESIAN_POINT('',(17.9841411048571,-0.757623921411015,4.53193277980336));
#1842=CARTESIAN_POINT('',(17.987833957469,-0.663489717457316,4.5122170756015));
#1843=CARTESIAN_POINT('',(17.9906943212508,-0.58060564213985,4.50214912724026));
#1844=CARTESIAN_POINT('',(17.9923214838405,-0.52639431204191,4.4999968416627));
#1845=CARTESIAN_POINT('',(17.9930542154466,-0.499999999999457,4.50000000000001));
#1846=CARTESIAN_POINT('',(17.9373911146521,-1.5,14.5));
#1847=CARTESIAN_POINT('',(17.9373911146521,-1.50000000000001,5.5));
#1848=VECTOR('',#1849,1.);
#1849=DIRECTION('',(0.,1.77635683940025E-15,1.));
#1850=CARTESIAN_POINT('',(17.9930542154466,-0.5,15.5));
#1851=CARTESIAN_POINT('',(17.9930542154466,-0.5,15.5));
#1852=CARTESIAN_POINT('',(17.9925283499748,-0.518930117051923,15.5000008861149));
#1853=CARTESIAN_POINT('',(17.9914749914662,-0.554787451326522,15.4989812408615));
#1854=CARTESIAN_POINT('',(17.9897184538427,-0.609071925322039,15.4945103020904));
#1855=CARTESIAN_POINT('',(17.9876944987698,-0.666389318901835,15.4866980802075));
#1856=CARTESIAN_POINT('',(17.9850394632144,-0.73501734290902,15.4730147537718));
#1857=CARTESIAN_POINT('',(17.9815908445557,-0.815437556825045,15.4504260703498));
#1858=CARTESIAN_POINT('',(17.977191034133,-0.907561918867598,15.4151653746113));
#1859=CARTESIAN_POINT('',(17.972016957947,-1.0049666528752,15.3657149227259));
#1860=CARTESIAN_POINT('',(17.9661932615941,-1.10412950097132,15.3000046332987));
#1861=CARTESIAN_POINT('',(17.9601698723955,-1.19792247088579,15.2198295609828));
#1862=CARTESIAN_POINT('',(17.953665383859,-1.29180783257485,15.1166332241846));
#1863=CARTESIAN_POINT('',(17.9474266513348,-1.37547279407439,14.9922184323578));
#1864=CARTESIAN_POINT('',(17.9422739887659,-1.440721407923,14.8501476908753));
#1865=CARTESIAN_POINT('',(17.9393907676473,-1.47594749414388,14.7277593505855));
#1866=CARTESIAN_POINT('',(17.9380304952288,-1.49234360380237,14.6308810786532));
#1867=CARTESIAN_POINT('',(17.9374945142578,-1.4987653940083,14.5618385100723));
#1868=CARTESIAN_POINT('',(17.9373908219068,-1.50000115134766,14.5193638540813));
#1869=CARTESIAN_POINT('',(17.9373911146521,-1.5,14.5));
#1870=AXIS2_PLACEMENT_3D('',#1871,#1872,#1873);
#1871=CARTESIAN_POINT('',(0.,0.,15.5));
#1872=DIRECTION('',(-1.97372982155583E-16,0.,1.));
#1873=DIRECTION('',(0.999614123080366,-0.0277777777777778,1.9729682047721E-16));
#1874=CARTESIAN_POINT('',(18.,-2.20436423846524E-15,2.));
#1875=AXIS2_PLACEMENT_3D('',#1876,#1877,#1878);
#1876=CARTESIAN_POINT('',(0.,0.,2.));
#1877=DIRECTION('',(0.,0.,1.));
#1878=DIRECTION('',(1.,0.,0.));
#1879=CARTESIAN_POINT('',(-11.622990722186,13.7443110657456,14.5));
#1880=CARTESIAN_POINT('',(-12.3694572594062,13.0765640405928,15.5));
#1881=CARTESIAN_POINT('',(-12.3694572594062,13.0765640405928,15.5));
#1882=CARTESIAN_POINT('',(-12.3556998022479,13.08957781167,15.5000008861158));
#1883=CARTESIAN_POINT('',(-12.3296000011077,13.1141879389227,15.4989812408641));
#1884=CARTESIAN_POINT('',(-12.289973021734,13.1513307989648,15.4945103020933));
#1885=CARTESIAN_POINT('',(-12.2480123516882,13.1904291642962,15.486698080208));
#1886=CARTESIAN_POINT('',(-12.1976076168645,13.2370791118269,15.4730147537644));
#1887=CARTESIAN_POINT('',(-12.1383033966181,13.2915062487946,15.450426070342));
#1888=CARTESIAN_POINT('',(-12.0700504996858,13.3535368741515,15.4151653745774));
#1889=CARTESIAN_POINT('',(-11.9975163274019,13.4187537977208,15.3657149226858));
#1890=CARTESIAN_POINT('',(-11.9232796299212,13.4847545448394,15.3000046332814));
#1891=CARTESIAN_POINT('',(-11.8526988055359,13.5468170105308,15.219829560985));
#1892=CARTESIAN_POINT('',(-11.7817124616581,13.6086046185011,15.1166332241571));
#1893=CARTESIAN_POINT('',(-11.7181409499611,13.6633532300503,14.9922184323167));
#1894=CARTESIAN_POINT('',(-11.6683597300087,13.7058474847163,14.8501476908264));
#1895=CARTESIAN_POINT('',(-11.6414123803699,13.728717343947,14.7277593505616));
#1896=CARTESIAN_POINT('',(-11.6288567221963,13.7393492864181,14.6308810786332));
#1897=CARTESIAN_POINT('',(-11.6239368350167,13.7435111820396,14.5618385100558));
#1898=CARTESIAN_POINT('',(-11.6229897010581,13.7443116728692,14.5193638540776));
#1899=CARTESIAN_POINT('',(-11.622990722186,13.7443110657456,14.5));
#1900=CARTESIAN_POINT('',(-13.0765640405927,12.3694572594062,15.5));
#1901=AXIS2_PLACEMENT_3D('',#1902,#1903,#1904);
#1902=CARTESIAN_POINT('',(0.,0.,15.5));
#1903=DIRECTION('',(1.42564692775377E-16,-1.42564692775377E-16,1.));
#1904=DIRECTION('',(-0.687192069967011,0.72647578003293,2.0153912272167E-16));
#1905=CARTESIAN_POINT('',(-13.7443110661454,11.6229907225857,14.5));
#1906=CARTESIAN_POINT('',(-13.7443110659303,11.6229907224038,14.5));
#1907=CARTESIAN_POINT('',(-13.7443111286701,11.622990608013,14.512170682609));
#1908=CARTESIAN_POINT('',(-13.7440145487561,11.6233413889673,14.5372296834723));
#1909=CARTESIAN_POINT('',(-13.7426164000724,11.6249945025573,14.5758274961571));
#1910=CARTESIAN_POINT('',(-13.7400169596109,11.6280670026488,14.6176676181642));
#1911=CARTESIAN_POINT('',(-13.7358801426368,11.6329539290241,14.6631874599304));
#1912=CARTESIAN_POINT('',(-13.7282961706623,11.6419051550126,14.7247103584854));
#1913=CARTESIAN_POINT('',(-13.7145022398401,11.6581609129249,14.8051020956156));
#1914=CARTESIAN_POINT('',(-13.6898764298739,11.6870868972133,14.9063929452834));
#1915=CARTESIAN_POINT('',(-13.6561732388115,11.7264706295598,15.007038425545));
#1916=CARTESIAN_POINT('',(-13.6153758080032,11.773821618671,15.1001776990145));
#1917=CARTESIAN_POINT('',(-13.5662429166541,11.8304418684436,15.1898646924361));
#1918=CARTESIAN_POINT('',(-13.5011386888453,11.9047794160643,15.2823937075652));
#1919=CARTESIAN_POINT('',(-13.4177027471247,11.9988160736806,15.3689485507261));
#1920=CARTESIAN_POINT('',(-13.3299926978875,12.0961492032916,15.4314299477724));
#1921=CARTESIAN_POINT('',(-13.2524291414201,12.1809871167054,15.4680672202196));
#1922=CARTESIAN_POINT('',(-13.188477448597,12.2501612917746,15.4877829244096));
#1923=CARTESIAN_POINT('',(-13.1318921395345,12.3107917660888,15.497850872762));
#1924=CARTESIAN_POINT('',(-13.0947095181255,12.3502755428991,15.5000031583373));
#1925=CARTESIAN_POINT('',(-13.0765640405924,12.3694572594066,15.5));
#1926=CARTESIAN_POINT('',(-13.7443110657456,11.622990722186,5.5));
#1927=CARTESIAN_POINT('',(-13.7443110657457,11.622990722186,5.5000000000611));
#1928=VECTOR('',#1929,1.);
#1929=DIRECTION('',(3.94745964315552E-16,3.94745964315552E-16,1.));
#1930=CARTESIAN_POINT('',(-13.0765640406074,12.3694572594209,4.5));
#1931=CARTESIAN_POINT('',(-13.0765640405999,12.3694572594137,4.5));
#1932=CARTESIAN_POINT('',(-13.0929180429384,12.352169097645,4.49999792211191));
#1933=CARTESIAN_POINT('',(-13.1270688711711,12.3159209533345,4.50177837135956));
#1934=CARTESIAN_POINT('',(-13.1800201982068,12.2592507955372,4.51036494707655));
#1935=CARTESIAN_POINT('',(-13.237936567279,12.1967072521236,4.52688519422593));
#1936=CARTESIAN_POINT('',(-13.299992045736,12.1290257055204,4.55352415943779));
#1937=CARTESIAN_POINT('',(-13.3660770729676,12.0561735988329,4.59316198193475));
#1938=CARTESIAN_POINT('',(-13.4329913160259,11.981575175763,4.64697073533926));
#1939=CARTESIAN_POINT('',(-13.4986883896167,11.907498689718,4.71625986703325));
#1940=CARTESIAN_POINT('',(-13.559499412181,11.8381819335514,4.79932966861174));
#1941=CARTESIAN_POINT('',(-13.6133778873482,11.7761565537326,4.89446818356286));
#1942=CARTESIAN_POINT('',(-13.6588003187844,11.7234160465544,4.99908713600501));
#1943=CARTESIAN_POINT('',(-13.6939390385497,11.6823256772009,5.10774679511252));
#1944=CARTESIAN_POINT('',(-13.7184942357182,11.6534632680552,5.21400204206167));
#1945=CARTESIAN_POINT('',(-13.7329836251152,11.6363757936439,5.30713300537074));
#1946=CARTESIAN_POINT('',(-13.7405222081392,11.6274703198645,5.38505363449769));
#1947=CARTESIAN_POINT('',(-13.7437229124832,11.6236863576484,5.44667087152243));
#1948=CARTESIAN_POINT('',(-13.744311403925,11.6229901554312,5.48363857730408));
#1949=CARTESIAN_POINT('',(-13.7443110657012,11.6229907222386,5.5));
#1950=CARTESIAN_POINT('',(-12.3694572594062,13.0765640405927,4.5));
#1951=AXIS2_PLACEMENT_3D('',#1952,#1953,#1954);
#1952=CARTESIAN_POINT('',(-3.5527136788005E-15,3.5527136788005E-15,4.5));
#1953=DIRECTION('',(1.18803910646148E-16,-1.18803910646148E-16,1.));
#1954=DIRECTION('',(-0.687192069967011,0.72647578003293,1.67949268934725E-16));
#1955=CARTESIAN_POINT('',(-11.622990722186,13.7443110657456,5.50000000000001));
#1956=CARTESIAN_POINT('',(-11.622990722186,13.7443110657456,5.50000000000001));
#1957=CARTESIAN_POINT('',(-11.6229893913765,13.7443118468272,5.4778971290157));
#1958=CARTESIAN_POINT('',(-11.6241257395195,13.7433515064965,5.43326470551185));
#1959=CARTESIAN_POINT('',(-11.6292991382725,13.7389747521129,5.36601915800832));
#1960=CARTESIAN_POINT('',(-11.6396831443322,13.7301811296965,5.28619171936106));
#1961=CARTESIAN_POINT('',(-11.6587292612778,13.7140226074463,5.19102717828813));
#1962=CARTESIAN_POINT('',(-11.6916941852724,13.6859487209026,5.07935821910508));
#1963=CARTESIAN_POINT('',(-11.7351658838475,13.6487095189946,4.97360423469929));
#1964=CARTESIAN_POINT('',(-11.785792929792,13.6050196131436,4.87918720636548));
#1965=CARTESIAN_POINT('',(-11.8447065647655,13.5537960668457,4.79072044704316));
#1966=CARTESIAN_POINT('',(-11.9210538882998,13.4867785830615,4.70067915809161));
#1967=CARTESIAN_POINT('',(-12.016404018872,13.4019590312911,4.61786503810807));
#1968=CARTESIAN_POINT('',(-12.1137806498316,13.3139690531161,4.55951102245222));
#1969=CARTESIAN_POINT('',(-12.1966250853942,13.238029011411,4.52668257286259));
#1970=CARTESIAN_POINT('',(-12.2619552450296,13.1774991704711,4.50987648993446));
#1971=CARTESIAN_POINT('',(-12.3170849676175,13.1259734703632,4.50170476950039));
#1972=CARTESIAN_POINT('',(-12.3524876868841,13.0926166333812,4.49999798732343));
#1973=CARTESIAN_POINT('',(-12.3694572573157,13.0765640425702,4.5));
#1974=CARTESIAN_POINT('',(-11.622990722186,13.7443110657456,5.5000000000611));
#1975=VECTOR('',#1976,1.);
#1976=DIRECTION('',(0.,0.,1.));
#1977=CARTESIAN_POINT('',(13.7443110657456,11.622990722186,14.5));
#1978=CARTESIAN_POINT('',(13.0765640405928,12.3694572594062,15.5));
#1979=CARTESIAN_POINT('',(13.0765640405928,12.3694572594062,15.5));
#1980=CARTESIAN_POINT('',(13.08957781167,12.3556998022479,15.5000008861158));
#1981=CARTESIAN_POINT('',(13.1141879389227,12.3296000011077,15.4989812408641));
#1982=CARTESIAN_POINT('',(13.1513307989648,12.289973021734,15.4945103020933));
#1983=CARTESIAN_POINT('',(13.1904291642962,12.2480123516882,15.486698080208));
#1984=CARTESIAN_POINT('',(13.2370791118269,12.1976076168645,15.4730147537644));
#1985=CARTESIAN_POINT('',(13.2915062487946,12.1383033966181,15.450426070342));
#1986=CARTESIAN_POINT('',(13.3535368741515,12.0700504996858,15.4151653745774));
#1987=CARTESIAN_POINT('',(13.4187537977208,11.9975163274019,15.3657149226858));
#1988=CARTESIAN_POINT('',(13.4847545448394,11.9232796299212,15.3000046332814));
#1989=CARTESIAN_POINT('',(13.5468170105308,11.8526988055359,15.219829560985));
#1990=CARTESIAN_POINT('',(13.6086046185011,11.7817124616581,15.1166332241571));
#1991=CARTESIAN_POINT('',(13.6633532300503,11.7181409499611,14.9922184323167));
#1992=CARTESIAN_POINT('',(13.7058474847163,11.6683597300087,14.8501476908264));
#1993=CARTESIAN_POINT('',(13.728717343947,11.6414123803699,14.7277593505615));
#1994=CARTESIAN_POINT('',(13.7393492864181,11.6288567221963,14.6308810786332));
#1995=CARTESIAN_POINT('',(13.7435111820396,11.6239368350167,14.5618385100558));
#1996=CARTESIAN_POINT('',(13.7443116728692,11.6229897010581,14.5193638540776));
#1997=CARTESIAN_POINT('',(13.7443110657456,11.622990722186,14.5));
#1998=CARTESIAN_POINT('',(12.3694572594062,13.0765640405927,15.5));
#1999=AXIS2_PLACEMENT_3D('',#2000,#2001,#2002);
#2000=CARTESIAN_POINT('',(0.,0.,15.5));
#2001=DIRECTION('',(-1.42564692775377E-16,-1.42564692775377E-16,1.));
#2002=DIRECTION('',(0.72647578003293,0.687192069967011,2.0153912272167E-16));
#2003=CARTESIAN_POINT('',(11.6229907225857,13.7443110661454,14.5));
#2004=CARTESIAN_POINT('',(11.6229907224038,13.7443110659303,14.5));
#2005=CARTESIAN_POINT('',(11.622990608013,13.7443111286701,14.512170682609));
#2006=CARTESIAN_POINT('',(11.6233413889673,13.7440145487561,14.5372296834723));
#2007=CARTESIAN_POINT('',(11.6249945025573,13.7426164000724,14.5758274961571));
#2008=CARTESIAN_POINT('',(11.6280670026488,13.7400169596109,14.6176676181642));
#2009=CARTESIAN_POINT('',(11.6329539290242,13.7358801426368,14.6631874599304));
#2010=CARTESIAN_POINT('',(11.6419051550126,13.7282961706623,14.7247103584854));
#2011=CARTESIAN_POINT('',(11.6581609129249,13.7145022398401,14.8051020956156));
#2012=CARTESIAN_POINT('',(11.6870868972133,13.6898764298739,14.9063929452834));
#2013=CARTESIAN_POINT('',(11.7264706295598,13.6561732388115,15.007038425545));
#2014=CARTESIAN_POINT('',(11.773821618671,13.6153758080032,15.1001776990145));
#2015=CARTESIAN_POINT('',(11.8304418684436,13.5662429166541,15.1898646924361));
#2016=CARTESIAN_POINT('',(11.9047794160643,13.5011386888453,15.2823937075652));
#2017=CARTESIAN_POINT('',(11.9988160736806,13.4177027471247,15.3689485507261));
#2018=CARTESIAN_POINT('',(12.0961492032916,13.3299926978875,15.4314299477724));
#2019=CARTESIAN_POINT('',(12.1809871167055,13.2524291414201,15.4680672202196));
#2020=CARTESIAN_POINT('',(12.2501612917746,13.188477448597,15.4877829244096));
#2021=CARTESIAN_POINT('',(12.3107917660888,13.1318921395345,15.497850872762));
#2022=CARTESIAN_POINT('',(12.3502755428991,13.0947095181255,15.5000031583373));
#2023=CARTESIAN_POINT('',(12.3694572594066,13.0765640405924,15.5));
#2024=CARTESIAN_POINT('',(11.622990722186,13.7443110657456,5.5));
#2025=CARTESIAN_POINT('',(11.622990722186,13.7443110657456,5.5000000000611));
#2026=VECTOR('',#2027,1.);
#2027=DIRECTION('',(0.,0.,1.));
#2028=CARTESIAN_POINT('',(12.3694572594209,13.0765640406074,4.5));
#2029=CARTESIAN_POINT('',(12.3694572594137,13.0765640405999,4.5));
#2030=CARTESIAN_POINT('',(12.352169097645,13.0929180429384,4.49999792211191));
#2031=CARTESIAN_POINT('',(12.3159209533345,13.1270688711711,4.50177837135956));
#2032=CARTESIAN_POINT('',(12.2592507955372,13.1800201982068,4.51036494707655));
#2033=CARTESIAN_POINT('',(12.1967072521236,13.237936567279,4.52688519422593));
#2034=CARTESIAN_POINT('',(12.1290257055204,13.299992045736,4.55352415943779));
#2035=CARTESIAN_POINT('',(12.0561735988329,13.3660770729676,4.59316198193475));
#2036=CARTESIAN_POINT('',(11.981575175763,13.4329913160259,4.64697073533927));
#2037=CARTESIAN_POINT('',(11.907498689718,13.4986883896167,4.71625986703326));
#2038=CARTESIAN_POINT('',(11.8381819335514,13.559499412181,4.79932966861174));
#2039=CARTESIAN_POINT('',(11.7761565537326,13.6133778873482,4.89446818356286));
#2040=CARTESIAN_POINT('',(11.7234160465544,13.6588003187844,4.999087136005));
#2041=CARTESIAN_POINT('',(11.6823256772009,13.6939390385497,5.10774679511253));
#2042=CARTESIAN_POINT('',(11.6534632680552,13.7184942357182,5.21400204206167));
#2043=CARTESIAN_POINT('',(11.636375793644,13.7329836251153,5.30713300537074));
#2044=CARTESIAN_POINT('',(11.6274703198645,13.7405222081392,5.38505363449769));
#2045=CARTESIAN_POINT('',(11.6236863576483,13.7437229124832,5.44667087152243));
#2046=CARTESIAN_POINT('',(11.6229901554312,13.744311403925,5.48363857730408));
#2047=CARTESIAN_POINT('',(11.6229907222386,13.7443110657012,5.5));
#2048=CARTESIAN_POINT('',(13.0765640405927,12.3694572594062,4.5));
#2049=AXIS2_PLACEMENT_3D('',#2050,#2051,#2052);
#2050=CARTESIAN_POINT('',(3.5527136788005E-15,3.5527136788005E-15,4.5));
#2051=DIRECTION('',(-1.18803910646148E-16,-1.18803910646148E-16,1.));
#2052=DIRECTION('',(0.72647578003293,0.687192069967011,1.67949268934725E-16));
#2053=CARTESIAN_POINT('',(13.7443110657456,11.622990722186,5.50000000000001));
#2054=CARTESIAN_POINT('',(13.7443110657456,11.622990722186,5.50000000000001));
#2055=CARTESIAN_POINT('',(13.7443118468272,11.6229893913765,5.4778971290157));
#2056=CARTESIAN_POINT('',(13.7433515064965,11.6241257395195,5.43326470551185));
#2057=CARTESIAN_POINT('',(13.7389747521129,11.6292991382725,5.36601915800832));
#2058=CARTESIAN_POINT('',(13.7301811296965,11.6396831443322,5.28619171936106));
#2059=CARTESIAN_POINT('',(13.7140226074463,11.6587292612778,5.19102717828813));
#2060=CARTESIAN_POINT('',(13.6859487209026,11.6916941852724,5.07935821910507));
#2061=CARTESIAN_POINT('',(13.6487095189946,11.7351658838475,4.9736042346993));
#2062=CARTESIAN_POINT('',(13.6050196131436,11.785792929792,4.87918720636547));
#2063=CARTESIAN_POINT('',(13.5537960668457,11.8447065647656,4.79072044704316));
#2064=CARTESIAN_POINT('',(13.4867785830615,11.9210538882998,4.70067915809162));
#2065=CARTESIAN_POINT('',(13.4019590312911,12.016404018872,4.61786503810807));
#2066=CARTESIAN_POINT('',(13.3139690531161,12.1137806498316,4.55951102245222));
#2067=CARTESIAN_POINT('',(13.238029011411,12.1966250853942,4.52668257286259));
#2068=CARTESIAN_POINT('',(13.1774991704711,12.2619552450296,4.50987648993446));
#2069=CARTESIAN_POINT('',(13.1259734703632,12.3170849676175,4.5017047695004));
#2070=CARTESIAN_POINT('',(13.0926166333812,12.3524876868841,4.49999798732343));
#2071=CARTESIAN_POINT('',(13.0765640425702,12.3694572573157,4.5));
#2072=CARTESIAN_POINT('',(13.7443110657456,11.622990722186,5.5000000000611));
#2073=VECTOR('',#2074,1.);
#2074=DIRECTION('',(0.,0.,1.));
#2075=CARTESIAN_POINT('',(11.622990722186,-13.7443110657456,14.5));
#2076=CARTESIAN_POINT('',(12.3694572594062,-13.0765640405928,15.5));
#2077=CARTESIAN_POINT('',(12.3694572594062,-13.0765640405928,15.5));
#2078=CARTESIAN_POINT('',(12.3556998022479,-13.08957781167,15.5000008861157));
#2079=CARTESIAN_POINT('',(12.3296000011077,-13.1141879389227,15.4989812408641));
#2080=CARTESIAN_POINT('',(12.289973021734,-13.1513307989648,15.4945103020933));
#2081=CARTESIAN_POINT('',(12.2480123516882,-13.1904291642962,15.486698080208));
#2082=CARTESIAN_POINT('',(12.1976076168645,-13.2370791118269,15.4730147537644));
#2083=CARTESIAN_POINT('',(12.1383033966181,-13.2915062487946,15.450426070342));
#2084=CARTESIAN_POINT('',(12.0700504996858,-13.3535368741515,15.4151653745774));
#2085=CARTESIAN_POINT('',(11.9975163274019,-13.4187537977208,15.3657149226858));
#2086=CARTESIAN_POINT('',(11.9232796299212,-13.4847545448394,15.3000046332814));
#2087=CARTESIAN_POINT('',(11.8526988055359,-13.5468170105308,15.219829560985));
#2088=CARTESIAN_POINT('',(11.7817124616581,-13.6086046185011,15.1166332241571));
#2089=CARTESIAN_POINT('',(11.7181409499611,-13.6633532300503,14.9922184323167));
#2090=CARTESIAN_POINT('',(11.6683597300087,-13.7058474847163,14.8501476908264));
#2091=CARTESIAN_POINT('',(11.6414123803699,-13.728717343947,14.7277593505615));
#2092=CARTESIAN_POINT('',(11.6288567221963,-13.7393492864181,14.6308810786332));
#2093=CARTESIAN_POINT('',(11.6239368350167,-13.7435111820396,14.5618385100558));
#2094=CARTESIAN_POINT('',(11.6229897010581,-13.7443116728692,14.5193638540776));
#2095=CARTESIAN_POINT('',(11.622990722186,-13.7443110657456,14.5));
#2096=CARTESIAN_POINT('',(13.0765640405927,-12.3694572594062,15.5));
#2097=AXIS2_PLACEMENT_3D('',#2098,#2099,#2100);
#2098=CARTESIAN_POINT('',(0.,0.,15.5));
#2099=DIRECTION('',(-1.42564692775377E-16,1.42564692775377E-16,1.));
#2100=DIRECTION('',(0.687192069967011,-0.72647578003293,2.0153912272167E-16));
#2101=CARTESIAN_POINT('',(13.7443110661454,-11.6229907225857,14.5));
#2102=CARTESIAN_POINT('',(13.7443110659303,-11.6229907224038,14.5));
#2103=CARTESIAN_POINT('',(13.7443111286701,-11.622990608013,14.512170682609));
#2104=CARTESIAN_POINT('',(13.7440145487561,-11.6233413889673,14.5372296834723));
#2105=CARTESIAN_POINT('',(13.7426164000724,-11.6249945025573,14.5758274961571));
#2106=CARTESIAN_POINT('',(13.7400169596109,-11.6280670026488,14.6176676181642));
#2107=CARTESIAN_POINT('',(13.7358801426368,-11.6329539290241,14.6631874599305));
#2108=CARTESIAN_POINT('',(13.7282961706623,-11.6419051550126,14.7247103584854));
#2109=CARTESIAN_POINT('',(13.7145022398401,-11.6581609129249,14.8051020956156));
#2110=CARTESIAN_POINT('',(13.6898764298739,-11.6870868972133,14.9063929452834));
#2111=CARTESIAN_POINT('',(13.6561732388115,-11.7264706295598,15.007038425545));
#2112=CARTESIAN_POINT('',(13.6153758080032,-11.773821618671,15.1001776990145));
#2113=CARTESIAN_POINT('',(13.5662429166541,-11.8304418684436,15.1898646924361));
#2114=CARTESIAN_POINT('',(13.5011386888453,-11.9047794160643,15.2823937075652));
#2115=CARTESIAN_POINT('',(13.4177027471247,-11.9988160736806,15.3689485507261));
#2116=CARTESIAN_POINT('',(13.3299926978875,-12.0961492032916,15.4314299477724));
#2117=CARTESIAN_POINT('',(13.25242914142,-12.1809871167054,15.4680672202196));
#2118=CARTESIAN_POINT('',(13.188477448597,-12.2501612917746,15.4877829244096));
#2119=CARTESIAN_POINT('',(13.1318921395345,-12.3107917660888,15.497850872762));
#2120=CARTESIAN_POINT('',(13.0947095181255,-12.3502755428991,15.5000031583373));
#2121=CARTESIAN_POINT('',(13.0765640405924,-12.3694572594066,15.5));
#2122=CARTESIAN_POINT('',(13.7443110657456,-11.622990722186,5.5));
#2123=CARTESIAN_POINT('',(13.7443110657456,-11.622990722186,5.49999999999999));
#2124=VECTOR('',#2125,1.);
#2125=DIRECTION('',(0.,0.,1.));
#2126=CARTESIAN_POINT('',(13.0765640406074,-12.3694572594209,4.5));
#2127=CARTESIAN_POINT('',(13.0765640405999,-12.3694572594137,4.5));
#2128=CARTESIAN_POINT('',(13.0929180429384,-12.352169097645,4.49999792211191));
#2129=CARTESIAN_POINT('',(13.1270688711711,-12.3159209533345,4.50177837135956));
#2130=CARTESIAN_POINT('',(13.1800201982068,-12.2592507955372,4.51036494707655));
#2131=CARTESIAN_POINT('',(13.237936567279,-12.1967072521236,4.52688519422593));
#2132=CARTESIAN_POINT('',(13.299992045736,-12.1290257055204,4.55352415943779));
#2133=CARTESIAN_POINT('',(13.3660770729676,-12.0561735988329,4.59316198193475));
#2134=CARTESIAN_POINT('',(13.4329913160259,-11.981575175763,4.64697073533927));
#2135=CARTESIAN_POINT('',(13.4986883896167,-11.907498689718,4.71625986703326));
#2136=CARTESIAN_POINT('',(13.559499412181,-11.8381819335514,4.79932966861174));
#2137=CARTESIAN_POINT('',(13.6133778873482,-11.7761565537326,4.89446818356287));
#2138=CARTESIAN_POINT('',(13.6588003187844,-11.7234160465544,4.999087136005));
#2139=CARTESIAN_POINT('',(13.6939390385497,-11.6823256772009,5.10774679511253));
#2140=CARTESIAN_POINT('',(13.7184942357182,-11.6534632680551,5.21400204206167));
#2141=CARTESIAN_POINT('',(13.7329836251152,-11.636375793644,5.30713300537074));
#2142=CARTESIAN_POINT('',(13.7405222081392,-11.6274703198645,5.38505363449769));
#2143=CARTESIAN_POINT('',(13.7437229124832,-11.6236863576483,5.44667087152243));
#2144=CARTESIAN_POINT('',(13.744311403925,-11.6229901554312,5.48363857730408));
#2145=CARTESIAN_POINT('',(13.7443110657012,-11.6229907222386,5.5));
#2146=CARTESIAN_POINT('',(12.3694572594062,-13.0765640405927,4.5));
#2147=AXIS2_PLACEMENT_3D('',#2148,#2149,#2150);
#2148=CARTESIAN_POINT('',(3.5527136788005E-15,-3.5527136788005E-15,4.5));
#2149=DIRECTION('',(-1.18803910646148E-16,1.18803910646148E-16,1.));
#2150=DIRECTION('',(0.687192069967011,-0.72647578003293,1.67949268934725E-16));
#2151=CARTESIAN_POINT('',(11.622990722186,-13.7443110657456,5.50000000000001));
#2152=CARTESIAN_POINT('',(11.622990722186,-13.7443110657456,5.50000000000001));
#2153=CARTESIAN_POINT('',(11.6229893913765,-13.7443118468272,5.4778971290157));
#2154=CARTESIAN_POINT('',(11.6241257395195,-13.7433515064965,5.43326470551185));
#2155=CARTESIAN_POINT('',(11.6292991382725,-13.7389747521129,5.36601915800832));
#2156=CARTESIAN_POINT('',(11.6396831443322,-13.7301811296965,5.28619171936106));
#2157=CARTESIAN_POINT('',(11.6587292612778,-13.7140226074463,5.19102717828813));
#2158=CARTESIAN_POINT('',(11.6916941852724,-13.6859487209026,5.07935821910507));
#2159=CARTESIAN_POINT('',(11.7351658838475,-13.6487095189946,4.97360423469929));
#2160=CARTESIAN_POINT('',(11.785792929792,-13.6050196131436,4.87918720636547));
#2161=CARTESIAN_POINT('',(11.8447065647656,-13.5537960668457,4.79072044704316));
#2162=CARTESIAN_POINT('',(11.9210538882998,-13.4867785830615,4.70067915809161));
#2163=CARTESIAN_POINT('',(12.016404018872,-13.4019590312911,4.61786503810806));
#2164=CARTESIAN_POINT('',(12.1137806498316,-13.3139690531161,4.55951102245222));
#2165=CARTESIAN_POINT('',(12.1966250853942,-13.238029011411,4.52668257286259));
#2166=CARTESIAN_POINT('',(12.2619552450296,-13.1774991704711,4.50987648993446));
#2167=CARTESIAN_POINT('',(12.3170849676175,-13.1259734703632,4.5017047695004));
#2168=CARTESIAN_POINT('',(12.3524876868841,-13.0926166333812,4.49999798732343));
#2169=CARTESIAN_POINT('',(12.3694572573157,-13.0765640425702,4.5));
#2170=CARTESIAN_POINT('',(11.622990722186,-13.7443110657456,5.49999999999999));
#2171=VECTOR('',#2172,1.);
#2172=DIRECTION('',(0.,0.,1.));
#2173=CARTESIAN_POINT('',(-13.7443110657456,-11.622990722186,14.5));
#2174=CARTESIAN_POINT('',(-13.0765640405928,-12.3694572594062,15.5));
#2175=CARTESIAN_POINT('',(-13.0765640405928,-12.3694572594062,15.5));
#2176=CARTESIAN_POINT('',(-13.08957781167,-12.3556998022479,15.5000008861158));
#2177=CARTESIAN_POINT('',(-13.1141879389227,-12.3296000011077,15.4989812408641));
#2178=CARTESIAN_POINT('',(-13.1513307989648,-12.289973021734,15.4945103020933));
#2179=CARTESIAN_POINT('',(-13.1904291642962,-12.2480123516882,15.486698080208));
#2180=CARTESIAN_POINT('',(-13.2370791118269,-12.1976076168645,15.4730147537644));
#2181=CARTESIAN_POINT('',(-13.2915062487946,-12.1383033966181,15.450426070342));
#2182=CARTESIAN_POINT('',(-13.3535368741515,-12.0700504996858,15.4151653745774));
#2183=CARTESIAN_POINT('',(-13.4187537977208,-11.9975163274019,15.3657149226858));
#2184=CARTESIAN_POINT('',(-13.4847545448394,-11.9232796299212,15.3000046332814));
#2185=CARTESIAN_POINT('',(-13.5468170105308,-11.8526988055359,15.219829560985));
#2186=CARTESIAN_POINT('',(-13.6086046185011,-11.7817124616581,15.1166332241571));
#2187=CARTESIAN_POINT('',(-13.6633532300503,-11.7181409499611,14.9922184323167));
#2188=CARTESIAN_POINT('',(-13.7058474847163,-11.6683597300087,14.8501476908264));
#2189=CARTESIAN_POINT('',(-13.728717343947,-11.6414123803699,14.7277593505616));
#2190=CARTESIAN_POINT('',(-13.7393492864181,-11.6288567221963,14.6308810786332));
#2191=CARTESIAN_POINT('',(-13.7435111820396,-11.6239368350167,14.5618385100558));
#2192=CARTESIAN_POINT('',(-13.7443116728692,-11.6229897010581,14.5193638540776));
#2193=CARTESIAN_POINT('',(-13.7443110657456,-11.622990722186,14.5));
#2194=CARTESIAN_POINT('',(-12.3694572594062,-13.0765640405927,15.5));
#2195=AXIS2_PLACEMENT_3D('',#2196,#2197,#2198);
#2196=CARTESIAN_POINT('',(0.,0.,15.5));
#2197=DIRECTION('',(1.42564692775377E-16,1.42564692775377E-16,1.));
#2198=DIRECTION('',(-0.72647578003293,-0.687192069967011,2.0153912272167E-16));
#2199=CARTESIAN_POINT('',(-11.6229907225857,-13.7443110661454,14.5));
#2200=CARTESIAN_POINT('',(-11.6229907224038,-13.7443110659303,14.5));
#2201=CARTESIAN_POINT('',(-11.622990608013,-13.7443111286701,14.512170682609));
#2202=CARTESIAN_POINT('',(-11.6233413889673,-13.7440145487561,14.5372296834723));
#2203=CARTESIAN_POINT('',(-11.6249945025573,-13.7426164000724,14.5758274961571));
#2204=CARTESIAN_POINT('',(-11.6280670026488,-13.7400169596109,14.6176676181642));
#2205=CARTESIAN_POINT('',(-11.6329539290242,-13.7358801426368,14.6631874599304));
#2206=CARTESIAN_POINT('',(-11.6419051550126,-13.7282961706623,14.7247103584854));
#2207=CARTESIAN_POINT('',(-11.6581609129249,-13.7145022398401,14.8051020956156));
#2208=CARTESIAN_POINT('',(-11.6870868972133,-13.6898764298739,14.9063929452834));
#2209=CARTESIAN_POINT('',(-11.7264706295598,-13.6561732388115,15.007038425545));
#2210=CARTESIAN_POINT('',(-11.773821618671,-13.6153758080032,15.1001776990145));
#2211=CARTESIAN_POINT('',(-11.8304418684436,-13.5662429166541,15.1898646924361));
#2212=CARTESIAN_POINT('',(-11.9047794160643,-13.5011386888453,15.2823937075652));
#2213=CARTESIAN_POINT('',(-11.9988160736806,-13.4177027471247,15.3689485507261));
#2214=CARTESIAN_POINT('',(-12.0961492032916,-13.3299926978875,15.4314299477724));
#2215=CARTESIAN_POINT('',(-12.1809871167055,-13.25242914142,15.4680672202196));
#2216=CARTESIAN_POINT('',(-12.2501612917746,-13.188477448597,15.4877829244096));
#2217=CARTESIAN_POINT('',(-12.3107917660888,-13.1318921395345,15.497850872762));
#2218=CARTESIAN_POINT('',(-12.3502755428991,-13.0947095181255,15.5000031583373));
#2219=CARTESIAN_POINT('',(-12.3694572594066,-13.0765640405924,15.5));
#2220=CARTESIAN_POINT('',(-11.622990722186,-13.7443110657456,5.5));
#2221=CARTESIAN_POINT('',(-11.622990722186,-13.7443110657456,5.49999999999999));
#2222=VECTOR('',#2223,1.);
#2223=DIRECTION('',(0.,0.,1.));
#2224=CARTESIAN_POINT('',(-12.3694572594209,-13.0765640406074,4.5));
#2225=CARTESIAN_POINT('',(-12.3694572594137,-13.0765640405999,4.5));
#2226=CARTESIAN_POINT('',(-12.352169097645,-13.0929180429384,4.49999792211191));
#2227=CARTESIAN_POINT('',(-12.3159209533345,-13.1270688711711,4.50177837135956));
#2228=CARTESIAN_POINT('',(-12.2592507955372,-13.1800201982068,4.51036494707655));
#2229=CARTESIAN_POINT('',(-12.1967072521236,-13.237936567279,4.52688519422593));
#2230=CARTESIAN_POINT('',(-12.1290257055204,-13.299992045736,4.5535241594378));
#2231=CARTESIAN_POINT('',(-12.0561735988329,-13.3660770729676,4.59316198193475));
#2232=CARTESIAN_POINT('',(-11.981575175763,-13.4329913160259,4.64697073533927));
#2233=CARTESIAN_POINT('',(-11.907498689718,-13.4986883896167,4.71625986703326));
#2234=CARTESIAN_POINT('',(-11.8381819335514,-13.559499412181,4.79932966861174));
#2235=CARTESIAN_POINT('',(-11.7761565537326,-13.6133778873482,4.89446818356286));
#2236=CARTESIAN_POINT('',(-11.7234160465544,-13.6588003187844,4.999087136005));
#2237=CARTESIAN_POINT('',(-11.6823256772009,-13.6939390385497,5.10774679511253));
#2238=CARTESIAN_POINT('',(-11.6534632680551,-13.7184942357182,5.21400204206167));
#2239=CARTESIAN_POINT('',(-11.636375793644,-13.7329836251153,5.30713300537074));
#2240=CARTESIAN_POINT('',(-11.6274703198645,-13.7405222081392,5.38505363449769));
#2241=CARTESIAN_POINT('',(-11.6236863576483,-13.7437229124832,5.44667087152244));
#2242=CARTESIAN_POINT('',(-11.6229901554312,-13.744311403925,5.48363857730408));
#2243=CARTESIAN_POINT('',(-11.6229907222386,-13.7443110657012,5.5));
#2244=CARTESIAN_POINT('',(-13.0765640405927,-12.3694572594062,4.5));
#2245=AXIS2_PLACEMENT_3D('',#2246,#2247,#2248);
#2246=CARTESIAN_POINT('',(-3.5527136788005E-15,-3.5527136788005E-15,4.5));
#2247=DIRECTION('',(1.18803910646148E-16,1.18803910646148E-16,1.));
#2248=DIRECTION('',(-0.72647578003293,-0.687192069967011,1.67949268934725E-16));
#2249=CARTESIAN_POINT('',(-13.7443110657456,-11.622990722186,5.50000000000001));
#2250=CARTESIAN_POINT('',(-13.7443110657456,-11.622990722186,5.50000000000001));
#2251=CARTESIAN_POINT('',(-13.7443118468272,-11.6229893913765,5.4778971290157));
#2252=CARTESIAN_POINT('',(-13.7433515064965,-11.6241257395195,5.43326470551185));
#2253=CARTESIAN_POINT('',(-13.7389747521129,-11.6292991382725,5.36601915800832));
#2254=CARTESIAN_POINT('',(-13.7301811296965,-11.6396831443322,5.28619171936106));
#2255=CARTESIAN_POINT('',(-13.7140226074463,-11.6587292612778,5.19102717828814));
#2256=CARTESIAN_POINT('',(-13.6859487209026,-11.6916941852724,5.07935821910507));
#2257=CARTESIAN_POINT('',(-13.6487095189946,-11.7351658838475,4.9736042346993));
#2258=CARTESIAN_POINT('',(-13.6050196131436,-11.785792929792,4.87918720636547));
#2259=CARTESIAN_POINT('',(-13.5537960668457,-11.8447065647656,4.79072044704316));
#2260=CARTESIAN_POINT('',(-13.4867785830615,-11.9210538882998,4.70067915809161));
#2261=CARTESIAN_POINT('',(-13.4019590312911,-12.016404018872,4.61786503810807));
#2262=CARTESIAN_POINT('',(-13.3139690531161,-12.1137806498316,4.55951102245222));
#2263=CARTESIAN_POINT('',(-13.238029011411,-12.1966250853942,4.52668257286259));
#2264=CARTESIAN_POINT('',(-13.1774991704711,-12.2619552450296,4.50987648993446));
#2265=CARTESIAN_POINT('',(-13.1259734703632,-12.3170849676175,4.5017047695004));
#2266=CARTESIAN_POINT('',(-13.0926166333812,-12.3524876868841,4.49999798732343));
#2267=CARTESIAN_POINT('',(-13.0765640425702,-12.3694572573157,4.50000000000001));
#2268=CARTESIAN_POINT('',(-13.7443110657456,-11.622990722186,5.49999999999999));
#2269=VECTOR('',#2270,1.);
#2270=DIRECTION('',(0.,0.,1.));
#2271=CARTESIAN_POINT('',(-17.9373911146521,1.5,14.5));
#2272=CARTESIAN_POINT('',(-17.9930542154466,0.5,15.5));
#2273=CARTESIAN_POINT('',(-17.9930542154466,0.499999999999999,15.5));
#2274=CARTESIAN_POINT('',(-17.9925283499748,0.518930117051913,15.5000008861149));
#2275=CARTESIAN_POINT('',(-17.9914749914662,0.554787451326502,15.4989812408615));
#2276=CARTESIAN_POINT('',(-17.9897184538427,0.609071925322021,15.4945103020904));
#2277=CARTESIAN_POINT('',(-17.9876944987698,0.666389318901825,15.4866980802075));
#2278=CARTESIAN_POINT('',(-17.9850394632144,0.735017342909013,15.4730147537718));
#2279=CARTESIAN_POINT('',(-17.9815908445557,0.815437556825042,15.4504260703498));
#2280=CARTESIAN_POINT('',(-17.977191034133,0.907561918867594,15.4151653746113));
#2281=CARTESIAN_POINT('',(-17.972016957947,1.00496665287521,15.3657149227259));
#2282=CARTESIAN_POINT('',(-17.9661932615941,1.10412950097132,15.3000046332987));
#2283=CARTESIAN_POINT('',(-17.9601698723955,1.19792247088578,15.2198295609828));
#2284=CARTESIAN_POINT('',(-17.953665383859,1.29180783257485,15.1166332241846));
#2285=CARTESIAN_POINT('',(-17.9474266513348,1.37547279407438,14.9922184323578));
#2286=CARTESIAN_POINT('',(-17.9422739887659,1.44072140792301,14.8501476908753));
#2287=CARTESIAN_POINT('',(-17.9393907676473,1.47594749414388,14.7277593505855));
#2288=CARTESIAN_POINT('',(-17.9380304952288,1.49234360380237,14.6308810786532));
#2289=CARTESIAN_POINT('',(-17.9374945142578,1.49876539400831,14.5618385100723));
#2290=CARTESIAN_POINT('',(-17.9373908219068,1.50000115134767,14.5193638540813));
#2291=CARTESIAN_POINT('',(-17.9373911146521,1.5,14.5));
#2292=CARTESIAN_POINT('',(-17.9930542154466,-0.5,15.5));
#2293=AXIS2_PLACEMENT_3D('',#2294,#2295,#2296);
#2294=CARTESIAN_POINT('',(0.,0.,15.5));
#2295=DIRECTION('',(1.97372982155583E-16,0.,1.));
#2296=DIRECTION('',(-0.999614123080366,0.0277777777777777,1.9729682047721E-16));
#2297=CARTESIAN_POINT('',(-17.9373911152174,-1.5,14.5));
#2298=CARTESIAN_POINT('',(-17.9373911149367,-1.49999999997653,14.5));
#2299=CARTESIAN_POINT('',(-17.9373910784139,-1.50000012522681,14.5121706826123));
#2300=CARTESIAN_POINT('',(-17.9374294043371,-1.49954237196665,14.537229683484));
#2301=CARTESIAN_POINT('',(-17.9376096917513,-1.49738480372098,14.575827496172));
#2302=CARTESIAN_POINT('',(-17.9379441954236,-1.49337413609345,14.6176676181721));
#2303=CARTESIAN_POINT('',(-17.9384746028679,-1.48699338597884,14.6631874599413));
#2304=CARTESIAN_POINT('',(-17.9394413974528,-1.47530123537179,14.7247103584881));
#2305=CARTESIAN_POINT('',(-17.9411821720821,-1.45405289669731,14.8051020956049));
#2306=CARTESIAN_POINT('',(-17.9442228545035,-1.41618605986087,14.9063929452173));
#2307=CARTESIAN_POINT('',(-17.9482396037662,-1.3645058007048,15.0070384254985));
#2308=CARTESIAN_POINT('',(-17.9528736692872,-1.3021754551751,15.1001776990567));
#2309=CARTESIAN_POINT('',(-17.9581680312054,-1.22739669189922,15.1898646925234));
#2310=CARTESIAN_POINT('',(-17.9646969742546,-1.12879646694121,15.282393707595));
#2311=CARTESIAN_POINT('',(-17.9721928123445,-1.00330438856679,15.3689485506974));
#2312=CARTESIAN_POINT('',(-17.9789973577301,-0.87245910205675,15.4314299477319));
#2313=CARTESIAN_POINT('',(-17.9841411048571,-0.757623921411018,15.4680672201966));
#2314=CARTESIAN_POINT('',(-17.987833957469,-0.663489717457314,15.4877829243985));
#2315=CARTESIAN_POINT('',(-17.9906943212508,-0.580605642139848,15.4978508727598));
#2316=CARTESIAN_POINT('',(-17.9923214838405,-0.52639431204191,15.5000031583373));
#2317=CARTESIAN_POINT('',(-17.9930542154466,-0.499999999999457,15.5));
#2318=CARTESIAN_POINT('',(-17.9373911146521,-1.5,5.5));
#2319=CARTESIAN_POINT('',(-17.9373911146521,-1.5,5.5));
#2320=VECTOR('',#2321,1.);
#2321=DIRECTION('',(0.,4.44089209850062E-16,1.));
#2322=CARTESIAN_POINT('',(-17.9930542154673,-0.5,4.5));
#2323=CARTESIAN_POINT('',(-17.993054215457,-0.499999999999713,4.5));
#2324=CARTESIAN_POINT('',(-17.9923936649888,-0.52378860238549,4.49999792211232));
#2325=CARTESIAN_POINT('',(-17.9909106385669,-0.573568193293483,4.50177837136215));
#2326=CARTESIAN_POINT('',(-17.9882810281172,-0.651082288575967,4.51036494708289));
#2327=CARTESIAN_POINT('',(-17.9850091217649,-0.736260309491986,4.52688519422338));
#2328=CARTESIAN_POINT('',(-17.9810308908315,-0.827998239597871,4.55352415940264));
#2329=CARTESIAN_POINT('',(-17.9762458430605,-0.926241629143521,4.59316198187799));
#2330=CARTESIAN_POINT('',(-17.9708123072639,-1.02630619504356,4.64697073529853));
#2331=CARTESIAN_POINT('',(-17.9648871678927,-1.12514102693716,4.71625986701915));
#2332=CARTESIAN_POINT('',(-17.9588727059824,-1.21715526171553,4.79932966861338));
#2333=CARTESIAN_POINT('',(-17.9531119744576,-1.29911166354095,4.89446818356394));
#2334=CARTESIAN_POINT('',(-17.9479373134752,-1.36852334309648,4.99908713600625));
#2335=CARTESIAN_POINT('',(-17.9437288616915,-1.42242544894324,5.10774679512932));
#2336=CARTESIAN_POINT('',(-17.9406832028946,-1.46019740060055,5.21400204208189));
#2337=CARTESIAN_POINT('',(-17.9388460793636,-1.48252561512069,5.30713300536926));
#2338=CARTESIAN_POINT('',(-17.9378795416413,-1.4941533191951,5.38505363447394));
#2339=CARTESIAN_POINT('',(-17.9374671160446,-1.49909222428624,5.44667087149982));
#2340=CARTESIAN_POINT('',(-17.9373909530249,-1.50000063988502,5.48363857729623));
#2341=CARTESIAN_POINT('',(-17.9373911146578,-1.49999999993139,5.5));
#2342=CARTESIAN_POINT('',(-17.9930542154466,0.5,4.5));
#2343=AXIS2_PLACEMENT_3D('',#2344,#2345,#2346);
#2344=CARTESIAN_POINT('',(0.,0.,4.5));
#2345=DIRECTION('',(1.97372982155583E-16,0.,1.));
#2346=DIRECTION('',(-0.999614123080366,0.0277777777777777,1.9729682047721E-16));
#2347=CARTESIAN_POINT('',(-17.9373911152174,1.5,5.50000000000001));
#2348=CARTESIAN_POINT('',(-17.9373911149367,1.49999999997653,5.50000000000001));
#2349=CARTESIAN_POINT('',(-17.9373910784139,1.50000012522681,5.48782931738766));
#2350=CARTESIAN_POINT('',(-17.9374294043371,1.49954237196665,5.46277031651603));
#2351=CARTESIAN_POINT('',(-17.9376096917513,1.49738480372098,5.42417250382801));
#2352=CARTESIAN_POINT('',(-17.9379441954236,1.49337413609345,5.38233238182794));
#2353=CARTESIAN_POINT('',(-17.9384746028679,1.48699338597884,5.33681254005869));
#2354=CARTESIAN_POINT('',(-17.9394413974528,1.47530123537178,5.27528964151186));
#2355=CARTESIAN_POINT('',(-17.9411821720821,1.45405289669731,5.19489790439509));
#2356=CARTESIAN_POINT('',(-17.9442228545035,1.41618605986086,5.09360705478275));
#2357=CARTESIAN_POINT('',(-17.9482396037662,1.36450580070479,4.99296157450148));
#2358=CARTESIAN_POINT('',(-17.9528736692872,1.3021754551751,4.89982230094329));
#2359=CARTESIAN_POINT('',(-17.9581680312054,1.22739669189922,4.81013530747661));
#2360=CARTESIAN_POINT('',(-17.9646969742546,1.1287964669412,4.71760629240498));
#2361=CARTESIAN_POINT('',(-17.9721928123445,1.00330438856678,4.63105144930263));
#2362=CARTESIAN_POINT('',(-17.9789973577301,0.872459102056743,4.56857005226807));
#2363=CARTESIAN_POINT('',(-17.9841411048571,0.75762392141101,4.53193277980336));
#2364=CARTESIAN_POINT('',(-17.987833957469,0.663489717457307,4.5122170756015));
#2365=CARTESIAN_POINT('',(-17.9906943212508,0.580605642139846,4.50214912724026));
#2366=CARTESIAN_POINT('',(-17.9923214838405,0.52639431204191,4.4999968416627));
#2367=CARTESIAN_POINT('',(-17.9930542154466,0.49999999999946,4.50000000000001));
#2368=CARTESIAN_POINT('',(-17.9373911146521,1.50000000000001,5.5));
#2369=VECTOR('',#2370,1.);
#2370=DIRECTION('',(0.,-8.88178419700125E-16,1.));
#2371=CARTESIAN_POINT('',(-1.5,-17.9373911146521,14.5));
#2372=CARTESIAN_POINT('',(-0.5,-17.9930542154466,15.5));
#2373=CARTESIAN_POINT('',(-0.5,-17.9930542154466,15.5));
#2374=CARTESIAN_POINT('',(-0.518930117051921,-17.9925283499748,15.5000008861149));
#2375=CARTESIAN_POINT('',(-0.55478745132652,-17.9914749914662,15.4989812408615));
#2376=CARTESIAN_POINT('',(-0.609071925322034,-17.9897184538427,15.4945103020904));
#2377=CARTESIAN_POINT('',(-0.666389318901832,-17.9876944987699,15.4866980802075));
#2378=CARTESIAN_POINT('',(-0.73501734290901,-17.9850394632144,15.4730147537718));
#2379=CARTESIAN_POINT('',(-0.815437556825043,-17.9815908445557,15.4504260703498));
#2380=CARTESIAN_POINT('',(-0.907561918867594,-17.977191034133,15.4151653746113));
#2381=CARTESIAN_POINT('',(-1.00496665287521,-17.972016957947,15.3657149227259));
#2382=CARTESIAN_POINT('',(-1.10412950097132,-17.9661932615941,15.3000046332987));
#2383=CARTESIAN_POINT('',(-1.19792247088579,-17.9601698723955,15.2198295609828));
#2384=CARTESIAN_POINT('',(-1.29180783257485,-17.953665383859,15.1166332241846));
#2385=CARTESIAN_POINT('',(-1.37547279407439,-17.9474266513348,14.9922184323578));
#2386=CARTESIAN_POINT('',(-1.440721407923,-17.9422739887659,14.8501476908753));
#2387=CARTESIAN_POINT('',(-1.47594749414388,-17.9393907676473,14.7277593505855));
#2388=CARTESIAN_POINT('',(-1.49234360380237,-17.9380304952288,14.6308810786532));
#2389=CARTESIAN_POINT('',(-1.4987653940083,-17.9374945142578,14.5618385100723));
#2390=CARTESIAN_POINT('',(-1.50000115134766,-17.9373908219068,14.5193638540813));
#2391=CARTESIAN_POINT('',(-1.5,-17.9373911146521,14.5));
#2392=CARTESIAN_POINT('',(0.5,-17.9930542154466,15.5));
#2393=AXIS2_PLACEMENT_3D('',#2394,#2395,#2396);
#2394=CARTESIAN_POINT('',(0.,0.,15.5));
#2395=DIRECTION('',(0.,1.97372982155583E-16,1.));
#2396=DIRECTION('',(-0.0277777777777777,-0.999614123080366,1.9729682047721E-16));
#2397=CARTESIAN_POINT('',(1.5,-17.9373911152174,14.5));
#2398=CARTESIAN_POINT('',(1.49999999997653,-17.9373911149367,14.5));
#2399=CARTESIAN_POINT('',(1.50000012522681,-17.9373910784139,14.5121706826123));
#2400=CARTESIAN_POINT('',(1.49954237196665,-17.9374294043371,14.537229683484));
#2401=CARTESIAN_POINT('',(1.49738480372098,-17.9376096917513,14.575827496172));
#2402=CARTESIAN_POINT('',(1.49337413609345,-17.9379441954236,14.6176676181721));
#2403=CARTESIAN_POINT('',(1.48699338597884,-17.9384746028679,14.6631874599413));
#2404=CARTESIAN_POINT('',(1.47530123537178,-17.9394413974528,14.7247103584881));
#2405=CARTESIAN_POINT('',(1.45405289669731,-17.9411821720821,14.8051020956049));
#2406=CARTESIAN_POINT('',(1.41618605986086,-17.9442228545035,14.9063929452173));
#2407=CARTESIAN_POINT('',(1.36450580070479,-17.9482396037662,15.0070384254985));
#2408=CARTESIAN_POINT('',(1.30217545517511,-17.9528736692872,15.1001776990567));
#2409=CARTESIAN_POINT('',(1.22739669189921,-17.9581680312054,15.1898646925234));
#2410=CARTESIAN_POINT('',(1.1287964669412,-17.9646969742547,15.282393707595));
#2411=CARTESIAN_POINT('',(1.0033043885668,-17.9721928123442,15.3689485506974));
#2412=CARTESIAN_POINT('',(0.872459102056387,-17.978997357731,15.4314299477321));
#2413=CARTESIAN_POINT('',(0.757623921411111,-17.984141104855,15.4680672201966));
#2414=CARTESIAN_POINT('',(0.663489717457832,-17.9878339574745,15.4877829243984));
#2415=CARTESIAN_POINT('',(0.580605642138739,-17.9906943212315,15.4978508727598));
#2416=CARTESIAN_POINT('',(0.526394312041262,-17.99232148388,15.5000031583374));
#2417=CARTESIAN_POINT('',(0.499999999999461,-17.9930542155466,15.5));
#2418=CARTESIAN_POINT('',(1.5,-17.9373911146521,5.5));
#2419=CARTESIAN_POINT('',(1.5,-17.9373911146521,5.5));
#2420=VECTOR('',#2421,1.);
#2421=DIRECTION('',(0.,0.,1.));
#2422=CARTESIAN_POINT('',(0.5,-17.9930542154673,4.5));
#2423=CARTESIAN_POINT('',(0.499999999999709,-17.993054215557,4.5));
#2424=CARTESIAN_POINT('',(0.523788602384854,-17.9923936650289,4.49999792211225));
#2425=CARTESIAN_POINT('',(0.573568193292349,-17.9909106385465,4.50177837136208));
#2426=CARTESIAN_POINT('',(0.651082288576599,-17.9882810281234,4.51036494708296));
#2427=CARTESIAN_POINT('',(0.736260309492194,-17.9850091217629,4.52688519422345));
#2428=CARTESIAN_POINT('',(0.827998239597693,-17.9810308908321,4.55352415940258));
#2429=CARTESIAN_POINT('',(0.926241629143386,-17.9762458430603,4.59316198187792));
#2430=CARTESIAN_POINT('',(1.02630619504362,-17.9708123072639,4.64697073529857));
#2431=CARTESIAN_POINT('',(1.1251410269372,-17.9648871678926,4.71625986701918));
#2432=CARTESIAN_POINT('',(1.21715526171552,-17.9588727059824,4.79932966861337));
#2433=CARTESIAN_POINT('',(1.29911166354095,-17.9531119744576,4.89446818356394));
#2434=CARTESIAN_POINT('',(1.36852334309649,-17.9479373134752,4.99908713600626));
#2435=CARTESIAN_POINT('',(1.42242544894324,-17.9437288616915,5.10774679512932));
#2436=CARTESIAN_POINT('',(1.46019740060055,-17.9406832028946,5.21400204208188));
#2437=CARTESIAN_POINT('',(1.48252561512068,-17.9388460793636,5.30713300536926));
#2438=CARTESIAN_POINT('',(1.4941533191951,-17.9378795416413,5.38505363447395));
#2439=CARTESIAN_POINT('',(1.49909222428624,-17.9374671160446,5.44667087149981));
#2440=CARTESIAN_POINT('',(1.50000063988502,-17.9373909530249,5.48363857729623));
#2441=CARTESIAN_POINT('',(1.49999999993139,-17.9373911146578,5.5));
#2442=CARTESIAN_POINT('',(-0.5,-17.9930542154466,4.5));
#2443=AXIS2_PLACEMENT_3D('',#2444,#2445,#2446);
#2444=CARTESIAN_POINT('',(0.,0.,4.5));
#2445=DIRECTION('',(0.,1.97372982155583E-16,1.));
#2446=DIRECTION('',(-0.0277777777777786,-0.999614123080366,1.9729682047721E-16));
#2447=CARTESIAN_POINT('',(-1.5,-17.9373911152174,5.50000000000001));
#2448=CARTESIAN_POINT('',(-1.49999999997653,-17.9373911149367,5.50000000000001));
#2449=CARTESIAN_POINT('',(-1.5000001252268,-17.9373910784139,5.48782931738767));
#2450=CARTESIAN_POINT('',(-1.49954237196664,-17.9374294043371,5.46277031651603));
#2451=CARTESIAN_POINT('',(-1.49738480372098,-17.9376096917513,5.42417250382801));
#2452=CARTESIAN_POINT('',(-1.49337413609345,-17.9379441954236,5.38233238182794));
#2453=CARTESIAN_POINT('',(-1.48699338597884,-17.9384746028679,5.3368125400587));
#2454=CARTESIAN_POINT('',(-1.47530123537178,-17.9394413974528,5.27528964151186));
#2455=CARTESIAN_POINT('',(-1.45405289669731,-17.9411821720821,5.19489790439509));
#2456=CARTESIAN_POINT('',(-1.41618605986086,-17.9442228545035,5.09360705478275));
#2457=CARTESIAN_POINT('',(-1.36450580070479,-17.9482396037662,4.99296157450148));
#2458=CARTESIAN_POINT('',(-1.30217545517511,-17.9528736692872,4.89982230094328));
#2459=CARTESIAN_POINT('',(-1.22739669189922,-17.9581680312054,4.81013530747662));
#2460=CARTESIAN_POINT('',(-1.12879646694121,-17.9646969742546,4.71760629240498));
#2461=CARTESIAN_POINT('',(-1.00330438856679,-17.9721928123445,4.63105144930264));
#2462=CARTESIAN_POINT('',(-0.87245910205675,-17.9789973577301,4.56857005226807));
#2463=CARTESIAN_POINT('',(-0.757623921411018,-17.9841411048571,4.53193277980336));
#2464=CARTESIAN_POINT('',(-0.663489717457315,-17.987833957469,4.5122170756015));
#2465=CARTESIAN_POINT('',(-0.580605642139848,-17.9906943212508,4.50214912724026));
#2466=CARTESIAN_POINT('',(-0.526394312041909,-17.9923214838405,4.4999968416627));
#2467=CARTESIAN_POINT('',(-0.499999999999456,-17.9930542154466,4.50000000000001));
#2468=CARTESIAN_POINT('',(-1.50000000000001,-17.9373911146521,5.5));
#2469=VECTOR('',#2470,1.);
#2470=DIRECTION('',(0.,0.,1.));
#2471=CARTESIAN_POINT('',(1.5,17.9373911146521,14.5));
#2472=CARTESIAN_POINT('',(0.5,17.9930542154466,15.5));
#2473=CARTESIAN_POINT('',(0.499999999999998,17.9930542154466,15.5));
#2474=CARTESIAN_POINT('',(0.518930117051914,17.9925283499748,15.5000008861149));
#2475=CARTESIAN_POINT('',(0.554787451326505,17.9914749914662,15.4989812408615));
#2476=CARTESIAN_POINT('',(0.609071925322024,17.9897184538427,15.4945103020904));
#2477=CARTESIAN_POINT('',(0.66638931890183,17.9876944987698,15.4866980802075));
#2478=CARTESIAN_POINT('',(0.735017342909015,17.9850394632144,15.4730147537719));
#2479=CARTESIAN_POINT('',(0.815437556825043,17.9815908445557,15.4504260703498));
#2480=CARTESIAN_POINT('',(0.907561918867594,17.977191034133,15.4151653746113));
#2481=CARTESIAN_POINT('',(1.0049666528752,17.972016957947,15.3657149227259));
#2482=CARTESIAN_POINT('',(1.10412950097131,17.9661932615941,15.3000046332987));
#2483=CARTESIAN_POINT('',(1.19792247088578,17.9601698723955,15.2198295609828));
#2484=CARTESIAN_POINT('',(1.29180783257485,17.953665383859,15.1166332241846));
#2485=CARTESIAN_POINT('',(1.37547279407438,17.9474266513348,14.9922184323579));
#2486=CARTESIAN_POINT('',(1.44072140792301,17.9422739887659,14.8501476908753));
#2487=CARTESIAN_POINT('',(1.47594749414388,17.9393907676473,14.7277593505855));
#2488=CARTESIAN_POINT('',(1.49234360380237,17.9380304952288,14.6308810786532));
#2489=CARTESIAN_POINT('',(1.49876539400831,17.9374945142578,14.5618385100723));
#2490=CARTESIAN_POINT('',(1.50000115134766,17.9373908219068,14.5193638540813));
#2491=CARTESIAN_POINT('',(1.5,17.9373911146521,14.5));
#2492=CARTESIAN_POINT('',(-0.5,17.9930542154466,15.5));
#2493=AXIS2_PLACEMENT_3D('',#2494,#2495,#2496);
#2494=CARTESIAN_POINT('',(0.,0.,15.5));
#2495=DIRECTION('',(0.,-1.97372982155583E-16,1.));
#2496=DIRECTION('',(0.0277777777777776,0.999614123080366,1.9729682047721E-16));
#2497=CARTESIAN_POINT('',(-1.5,17.9373911152174,14.5));
#2498=CARTESIAN_POINT('',(-1.49999999997653,17.9373911149367,14.5));
#2499=CARTESIAN_POINT('',(-1.50000012522681,17.9373910784139,14.5121706826123));
#2500=CARTESIAN_POINT('',(-1.49954237196665,17.9374294043371,14.537229683484));
#2501=CARTESIAN_POINT('',(-1.49738480372098,17.9376096917513,14.575827496172));
#2502=CARTESIAN_POINT('',(-1.49337413609345,17.9379441954236,14.6176676181721));
#2503=CARTESIAN_POINT('',(-1.48699338597884,17.9384746028679,14.6631874599413));
#2504=CARTESIAN_POINT('',(-1.47530123537179,17.9394413974528,14.7247103584881));
#2505=CARTESIAN_POINT('',(-1.45405289669732,17.9411821720821,14.8051020956049));
#2506=CARTESIAN_POINT('',(-1.41618605986086,17.9442228545035,14.9063929452173));
#2507=CARTESIAN_POINT('',(-1.3645058007048,17.9482396037662,15.0070384254985));
#2508=CARTESIAN_POINT('',(-1.30217545517511,17.9528736692872,15.1001776990567));
#2509=CARTESIAN_POINT('',(-1.22739669189921,17.9581680312054,15.1898646925234));
#2510=CARTESIAN_POINT('',(-1.1287964669412,17.9646969742547,15.282393707595));
#2511=CARTESIAN_POINT('',(-1.0033043885668,17.9721928123442,15.3689485506974));
#2512=CARTESIAN_POINT('',(-0.872459102056383,17.978997357731,15.4314299477321));
#2513=CARTESIAN_POINT('',(-0.757623921411109,17.984141104855,15.4680672201966));
#2514=CARTESIAN_POINT('',(-0.663489717457831,17.9878339574745,15.4877829243985));
#2515=CARTESIAN_POINT('',(-0.58060564213874,17.9906943212315,15.4978508727598));
#2516=CARTESIAN_POINT('',(-0.526394312041262,17.99232148388,15.5000031583374));
#2517=CARTESIAN_POINT('',(-0.499999999999458,17.9930542155466,15.5));
#2518=CARTESIAN_POINT('',(-1.5,17.9373911146521,5.5));
#2519=CARTESIAN_POINT('',(-1.5,17.9373911146521,5.50000000006111));
#2520=VECTOR('',#2521,1.);
#2521=DIRECTION('',(0.,0.,1.));
#2522=CARTESIAN_POINT('',(-0.5,17.9930542154673,4.5));
#2523=CARTESIAN_POINT('',(-0.499999999999712,17.993054215557,4.5));
#2524=CARTESIAN_POINT('',(-0.523788602384856,17.9923936650289,4.49999792211225));
#2525=CARTESIAN_POINT('',(-0.573568193292353,17.9909106385465,4.50177837136208));
#2526=CARTESIAN_POINT('',(-0.651082288576603,17.9882810281234,4.51036494708296));
#2527=CARTESIAN_POINT('',(-0.736260309492202,17.9850091217629,4.52688519422346));
#2528=CARTESIAN_POINT('',(-0.827998239597697,17.9810308908321,4.55352415940258));
#2529=CARTESIAN_POINT('',(-0.926241629143395,17.9762458430603,4.59316198187793));
#2530=CARTESIAN_POINT('',(-1.02630619504362,17.9708123072639,4.64697073529857));
#2531=CARTESIAN_POINT('',(-1.1251410269372,17.9648871678926,4.71625986701919));
#2532=CARTESIAN_POINT('',(-1.21715526171551,17.9588727059824,4.79932966861336));
#2533=CARTESIAN_POINT('',(-1.29911166354094,17.9531119744576,4.89446818356393));
#2534=CARTESIAN_POINT('',(-1.36852334309649,17.9479373134751,4.99908713600626));
#2535=CARTESIAN_POINT('',(-1.42242544894324,17.9437288616915,5.10774679512932));
#2536=CARTESIAN_POINT('',(-1.46019740060055,17.9406832028946,5.21400204208189));
#2537=CARTESIAN_POINT('',(-1.48252561512069,17.9388460793636,5.30713300536926));
#2538=CARTESIAN_POINT('',(-1.49415331919511,17.9378795416413,5.38505363447395));
#2539=CARTESIAN_POINT('',(-1.49909222428624,17.9374671160446,5.44667087149982));
#2540=CARTESIAN_POINT('',(-1.50000063988502,17.9373909530249,5.48363857729623));
#2541=CARTESIAN_POINT('',(-1.49999999993139,17.9373911146578,5.5));
#2542=CARTESIAN_POINT('',(0.5,17.9930542154466,4.5));
#2543=AXIS2_PLACEMENT_3D('',#2544,#2545,#2546);
#2544=CARTESIAN_POINT('',(0.,0.,4.5));
#2545=DIRECTION('',(0.,-1.97372982155583E-16,1.));
#2546=DIRECTION('',(0.0277777777777778,0.999614123080366,1.9729682047721E-16));
#2547=CARTESIAN_POINT('',(1.5,17.9373911152174,5.50000000000001));
#2548=CARTESIAN_POINT('',(1.49999999997653,17.9373911149367,5.50000000000001));
#2549=CARTESIAN_POINT('',(1.50000012522681,17.9373910784139,5.48782931738766));
#2550=CARTESIAN_POINT('',(1.49954237196665,17.9374294043371,5.46277031651603));
#2551=CARTESIAN_POINT('',(1.49738480372098,17.9376096917513,5.42417250382801));
#2552=CARTESIAN_POINT('',(1.49337413609345,17.9379441954236,5.38233238182794));
#2553=CARTESIAN_POINT('',(1.48699338597884,17.9384746028679,5.3368125400587));
#2554=CARTESIAN_POINT('',(1.47530123537178,17.9394413974528,5.27528964151186));
#2555=CARTESIAN_POINT('',(1.45405289669731,17.9411821720821,5.19489790439509));
#2556=CARTESIAN_POINT('',(1.41618605986086,17.9442228545035,5.09360705478275));
#2557=CARTESIAN_POINT('',(1.36450580070479,17.9482396037662,4.99296157450148));
#2558=CARTESIAN_POINT('',(1.3021754551751,17.9528736692872,4.89982230094329));
#2559=CARTESIAN_POINT('',(1.22739669189922,17.9581680312054,4.81013530747662));
#2560=CARTESIAN_POINT('',(1.1287964669412,17.9646969742546,4.71760629240498));
#2561=CARTESIAN_POINT('',(1.00330438856679,17.9721928123445,4.63105144930263));
#2562=CARTESIAN_POINT('',(0.872459102056748,17.9789973577301,4.56857005226807));
#2563=CARTESIAN_POINT('',(0.757623921411018,17.9841411048571,4.53193277980336));
#2564=CARTESIAN_POINT('',(0.663489717457313,17.987833957469,4.5122170756015));
#2565=CARTESIAN_POINT('',(0.580605642139849,17.9906943212508,4.50214912724026));
#2566=CARTESIAN_POINT('',(0.526394312041911,17.9923214838405,4.4999968416627));
#2567=CARTESIAN_POINT('',(0.499999999999459,17.9930542154466,4.50000000000001));
#2568=CARTESIAN_POINT('',(1.5,17.9373911146521,5.50000000006111));
#2569=VECTOR('',#2570,1.);
#2570=DIRECTION('',(0.,0.,1.));
#2571=CARTESIAN_POINT('',(-15.,0.,20.));
#2572=AXIS2_PLACEMENT_3D('',#2573,#2574,#2575);
#2573=CARTESIAN_POINT('',(0.,0.,20.));
#2574=DIRECTION('',(0.,0.,-1.));
#2575=DIRECTION('',(-1.,1.22464679914735E-16,0.));
#2576=CARTESIAN_POINT('',(-16.431676725155,1.5,14.5));
#2577=CARTESIAN_POINT('',(-16.431676725155,1.5,5.5));
#2578=CARTESIAN_POINT('',(-16.431676725155,1.5,5.5));
#2579=VECTOR('',#2580,1.);
#2580=DIRECTION('',(0.,0.,1.));
#2581=CARTESIAN_POINT('',(-16.4924225024706,0.5,4.5));
#2582=CARTESIAN_POINT('',(-16.431676725155,1.5,5.5));
#2583=CARTESIAN_POINT('',(-16.4316762808146,1.50000156526442,5.47761503735319));
#2584=CARTESIAN_POINT('',(-16.4318153635847,1.49848395600047,5.43250612245938));
#2585=CARTESIAN_POINT('',(-16.4324425875168,1.49159553667053,5.36468769619441));
#2586=CARTESIAN_POINT('',(-16.4336854115689,1.47786450370904,5.28462779193812));
#2587=CARTESIAN_POINT('',(-16.4359268155205,1.45282372412814,5.18955397871239));
#2588=CARTESIAN_POINT('',(-16.4397038776199,1.409624684854,5.07826609096722));
#2589=CARTESIAN_POINT('',(-16.4445040741205,1.35265267622444,4.97294909704585));
#2590=CARTESIAN_POINT('',(-16.449842587276,1.28613629464009,4.87888683910763));
#2591=CARTESIAN_POINT('',(-16.4557668537177,1.20838570202764,4.79060519418536));
#2592=CARTESIAN_POINT('',(-16.4629613112614,1.10708103454809,4.70064121783316));
#2593=CARTESIAN_POINT('',(-16.4710850547711,0.979709186352879,4.61785246207555));
#2594=CARTESIAN_POINT('',(-16.4783265249427,0.84865179981786,4.55950798803934));
#2595=CARTESIAN_POINT('',(-16.4836530439944,0.736382122019663,4.52668228922519));
#2596=CARTESIAN_POINT('',(-16.4873563470168,0.647388448826462,4.50987675764558));
#2597=CARTESIAN_POINT('',(-16.4901367125587,0.57197310286576,4.50170492961862));
#2598=CARTESIAN_POINT('',(-16.4917150615626,0.523351531368026,4.49999799017313));
#2599=CARTESIAN_POINT('',(-16.492422502384,0.500000002856574,4.50000000000001));
#2600=CARTESIAN_POINT('',(-16.5,4.04133443718626E-15,4.5));
#2601=AXIS2_PLACEMENT_3D('',#2602,#2603,#2604);
#2602=CARTESIAN_POINT('',(0.,0.,4.5));
#2603=DIRECTION('',(1.97372982155583E-16,0.,1.));
#2604=DIRECTION('',(-0.999540757725494,0.0303030303030309,1.97282340138332E-16));
#2605=CARTESIAN_POINT('',(-16.4924225024707,-0.5,4.5));
#2606=AXIS2_PLACEMENT_3D('',#2607,#2608,#2609);
#2607=CARTESIAN_POINT('',(0.,0.,4.5));
#2608=DIRECTION('',(1.97372982155583E-16,0.,1.));
#2609=DIRECTION('',(-1.,1.22464679914735E-16,1.97372982155583E-16));
#2610=CARTESIAN_POINT('',(-16.431676725155,-1.5,5.5));
#2611=CARTESIAN_POINT('',(-16.4924225024707,-0.499999999999999,4.5));
#2612=CARTESIAN_POINT('',(-16.4920931297303,-0.510865178905819,4.49999988519333));
#2613=CARTESIAN_POINT('',(-16.4913700728406,-0.533960064636624,4.50037647681482));
#2614=CARTESIAN_POINT('',(-16.4901459431046,-0.570601204993438,4.50224452857286));
#2615=CARTESIAN_POINT('',(-16.4885642436444,-0.614836863904636,4.50622164832459));
#2616=CARTESIAN_POINT('',(-16.4864779277876,-0.668782942580526,4.51370988082483));
#2617=CARTESIAN_POINT('',(-16.4835801920775,-0.737200154310739,4.52752229811218));
#2618=CARTESIAN_POINT('',(-16.4798267912902,-0.817206257446141,4.55017922116099));
#2619=CARTESIAN_POINT('',(-16.4750459874151,-0.908784982395915,4.58540206147844));
#2620=CARTESIAN_POINT('',(-16.4694226318495,-1.00570592345713,4.63473542423163));
#2621=CARTESIAN_POINT('',(-16.4630831176861,-1.10457565423652,4.70034153820748));
#2622=CARTESIAN_POINT('',(-16.4565176547862,-1.19822544819767,4.78046782486085));
#2623=CARTESIAN_POINT('',(-16.4494239441357,-1.29202055483108,4.88364650682481));
#2624=CARTESIAN_POINT('',(-16.4426205872425,-1.37559990684372,5.00801777420497));
#2625=CARTESIAN_POINT('',(-16.4370016777363,-1.44078075773892,5.15002365022941));
#2626=CARTESIAN_POINT('',(-16.4338574719097,-1.47597107083385,5.27235175864615));
#2627=CARTESIAN_POINT('',(-16.4323740313776,-1.49235088193081,5.36918136205276));
#2628=CARTESIAN_POINT('',(-16.4317894958508,-1.49876653126443,5.43819028169265));
#2629=CARTESIAN_POINT('',(-16.4316764056586,-1.50000115208475,5.48064494368884));
#2630=CARTESIAN_POINT('',(-16.431676725155,-1.5,5.5));
#2631=CARTESIAN_POINT('',(-16.4316767258641,-1.5,14.5));
#2632=CARTESIAN_POINT('',(-16.431676725155,-1.5,5.5));
#2633=VECTOR('',#2634,1.);
#2634=DIRECTION('',(0.,0.,1.));
#2635=CARTESIAN_POINT('',(-16.4924225024706,-0.5,15.5));
#2636=CARTESIAN_POINT('',(-16.4316767255125,-1.4999999999679,14.5));
#2637=CARTESIAN_POINT('',(-16.4316766804861,-1.50000013556196,14.5125975394312));
#2638=CARTESIAN_POINT('',(-16.4317215102531,-1.49950969117441,14.5385353454471));
#2639=CARTESIAN_POINT('',(-16.43193233335,-1.49719834936955,14.5784806040039));
#2640=CARTESIAN_POINT('',(-16.4323211673824,-1.49292679570593,14.6215246088804));
#2641=CARTESIAN_POINT('',(-16.4329297645737,-1.48621720810787,14.6678708522503));
#2642=CARTESIAN_POINT('',(-16.4340148810241,-1.47418774728581,14.7294583798928));
#2643=CARTESIAN_POINT('',(-16.4359350255774,-1.45269766803907,14.8092017393597));
#2644=CARTESIAN_POINT('',(-16.4392480510518,-1.41486230919555,14.9092330493022));
#2645=CARTESIAN_POINT('',(-16.4436002924574,-1.36351438488417,15.0086267303997));
#2646=CARTESIAN_POINT('',(-16.4486171880101,-1.30165673953458,15.1008250697449));
#2647=CARTESIAN_POINT('',(-16.4543704459267,-1.22718651175175,15.1900695372358));
#2648=CARTESIAN_POINT('',(-16.4614850685269,-1.12872914266458,15.2824448940271));
#2649=CARTESIAN_POINT('',(-16.4696629087457,-1.00326438994058,15.3689698380872));
#2650=CARTESIAN_POINT('',(-16.4770866577541,-0.872437645918182,15.4314378307154));
#2651=CARTESIAN_POINT('',(-16.4826984506023,-0.757613186912456,15.4680698397131));
#2652=CARTESIAN_POINT('',(-16.4867273063899,-0.66348476520557,15.4877835417017));
#2653=CARTESIAN_POINT('',(-16.4898478732017,-0.580605294961686,15.4978508419804));
#2654=CARTESIAN_POINT('',(-16.4916230877442,-0.526394704774495,15.5000031525096));
#2655=CARTESIAN_POINT('',(-16.4924225024707,-0.499999999999369,15.5));
#2656=CARTESIAN_POINT('',(-16.5,4.04133443718626E-15,15.5));
#2657=AXIS2_PLACEMENT_3D('',#2658,#2659,#2660);
#2658=CARTESIAN_POINT('',(0.,0.,15.5));
#2659=DIRECTION('',(1.97372982155583E-16,0.,1.));
#2660=DIRECTION('',(-1.,1.22464679914735E-16,1.97372982155583E-16));
#2661=CARTESIAN_POINT('',(-16.4924225024707,0.5,15.5));
#2662=AXIS2_PLACEMENT_3D('',#2663,#2664,#2665);
#2663=CARTESIAN_POINT('',(0.,0.,15.5));
#2664=DIRECTION('',(1.97372982155583E-16,0.,1.));
#2665=DIRECTION('',(-0.999540757725494,0.0303030303030309,1.97282340138332E-16));
#2666=CARTESIAN_POINT('',(-16.4924225024707,0.499999999999997,15.5));
#2667=CARTESIAN_POINT('',(-16.4920931297303,0.510865178905825,15.5000001148067));
#2668=CARTESIAN_POINT('',(-16.4913700728406,0.533960064636633,15.4996235231852));
#2669=CARTESIAN_POINT('',(-16.4901459431046,0.570601204993452,15.4977554714272));
#2670=CARTESIAN_POINT('',(-16.4885642436444,0.614836863904648,15.4937783516754));
#2671=CARTESIAN_POINT('',(-16.4864779277876,0.668782942580537,15.4862901191752));
#2672=CARTESIAN_POINT('',(-16.4835801920775,0.737200154310748,15.4724777018878));
#2673=CARTESIAN_POINT('',(-16.4798267912902,0.817206257446148,15.449820778839));
#2674=CARTESIAN_POINT('',(-16.4750459874151,0.908784982395916,15.4145979385216));
#2675=CARTESIAN_POINT('',(-16.4694226318495,1.00570592345713,15.3652645757684));
#2676=CARTESIAN_POINT('',(-16.4630831176861,1.10457565423651,15.2996584617925));
#2677=CARTESIAN_POINT('',(-16.4565176547862,1.19822544819767,15.2195321751392));
#2678=CARTESIAN_POINT('',(-16.4494239441357,1.29202055483107,15.1163534931752));
#2679=CARTESIAN_POINT('',(-16.4426205872425,1.37559990684373,14.991982225795));
#2680=CARTESIAN_POINT('',(-16.4370016777363,1.44078075773892,14.8499763497706));
#2681=CARTESIAN_POINT('',(-16.4338574719097,1.47597107083384,14.7276482413539));
#2682=CARTESIAN_POINT('',(-16.4323740313776,1.49235088193081,14.6308186379473));
#2683=CARTESIAN_POINT('',(-16.4317894958508,1.49876653126442,14.5618097183073));
#2684=CARTESIAN_POINT('',(-16.4316764056586,1.50000115208475,14.5193550563112));
#2685=CARTESIAN_POINT('',(-16.431676725155,1.5,14.5));
#2686=CARTESIAN_POINT('',(-16.5,2.02066721859313E-15,18.));
#2687=AXIS2_PLACEMENT_3D('',#2688,#2689,#2690);
#2688=CARTESIAN_POINT('',(0.,0.,18.));
#2689=DIRECTION('',(0.,0.,-1.));
#2690=DIRECTION('',(-1.,3.67394039744206E-16,0.));
#2691=CARTESIAN_POINT('',(-16.5,4.04133443718626E-15,4.));
#2692=AXIS2_PLACEMENT_3D('',#2693,#2694,#2695);
#2693=CARTESIAN_POINT('',(0.,0.,4.));
#2694=DIRECTION('',(0.,0.,1.));
#2695=DIRECTION('',(-1.,1.22464679914735E-16,0.));
#2696=CARTESIAN_POINT('',(0.5,16.4924225024707,15.5));
#2697=CARTESIAN_POINT('',(1.5,16.431676725155,14.5));
#2698=CARTESIAN_POINT('',(0.499999999999997,16.4924225024707,15.5));
#2699=CARTESIAN_POINT('',(0.510865178905821,16.4920931297303,15.5000001148067));
#2700=CARTESIAN_POINT('',(0.533960064636629,16.4913700728406,15.4996235231852));
#2701=CARTESIAN_POINT('',(0.570601204993448,16.4901459431046,15.4977554714271));
#2702=CARTESIAN_POINT('',(0.614836863904642,16.4885642436444,15.4937783516754));
#2703=CARTESIAN_POINT('',(0.66878294258053,16.4864779277876,15.4862901191752));
#2704=CARTESIAN_POINT('',(0.73720015431074,16.4835801920775,15.4724777018878));
#2705=CARTESIAN_POINT('',(0.817206257446147,16.4798267912902,15.449820778839));
#2706=CARTESIAN_POINT('',(0.908784982395916,16.4750459874151,15.4145979385216));
#2707=CARTESIAN_POINT('',(1.00570592345713,16.4694226318495,15.3652645757684));
#2708=CARTESIAN_POINT('',(1.10457565423652,16.4630831176861,15.2996584617925));
#2709=CARTESIAN_POINT('',(1.19822544819767,16.4565176547862,15.2195321751392));
#2710=CARTESIAN_POINT('',(1.29202055483107,16.4494239441357,15.1163534931752));
#2711=CARTESIAN_POINT('',(1.37559990684372,16.4426205872425,14.991982225795));
#2712=CARTESIAN_POINT('',(1.44078075773892,16.4370016777363,14.8499763497706));
#2713=CARTESIAN_POINT('',(1.47597107083384,16.4338574719097,14.7276482413539));
#2714=CARTESIAN_POINT('',(1.49235088193081,16.4323740313776,14.6308186379473));
#2715=CARTESIAN_POINT('',(1.49876653126442,16.4317894958508,14.5618097183073));
#2716=CARTESIAN_POINT('',(1.50000115208475,16.4316764056586,14.5193550563112));
#2717=CARTESIAN_POINT('',(1.5,16.431676725155,14.5));
#2718=CARTESIAN_POINT('',(1.5,16.431676725155,5.5));
#2719=CARTESIAN_POINT('',(1.5,16.431676725155,5.50000000008125));
#2720=VECTOR('',#2721,1.);
#2721=DIRECTION('',(0.,0.,1.));
#2722=CARTESIAN_POINT('',(0.5,16.4924225024706,4.5));
#2723=CARTESIAN_POINT('',(1.5,16.431676725155,5.5));
#2724=CARTESIAN_POINT('',(1.50000156526442,16.4316762808146,5.47761503735319));
#2725=CARTESIAN_POINT('',(1.49848395600047,16.4318153635847,5.43250612245939));
#2726=CARTESIAN_POINT('',(1.49159553667053,16.4324425875168,5.36468769619441));
#2727=CARTESIAN_POINT('',(1.47786450370904,16.4336854115689,5.28462779193812));
#2728=CARTESIAN_POINT('',(1.45282372412814,16.4359268155205,5.18955397871239));
#2729=CARTESIAN_POINT('',(1.40962468485399,16.43970387762,5.07826609096722));
#2730=CARTESIAN_POINT('',(1.35265267622444,16.4445040741205,4.97294909704584));
#2731=CARTESIAN_POINT('',(1.28613629464009,16.449842587276,4.87888683910763));
#2732=CARTESIAN_POINT('',(1.20838570202764,16.4557668537177,4.79060519418536));
#2733=CARTESIAN_POINT('',(1.10708103454808,16.4629613112614,4.70064121783316));
#2734=CARTESIAN_POINT('',(0.979709186352878,16.4710850547711,4.61785246207555));
#2735=CARTESIAN_POINT('',(0.848651799817857,16.4783265249427,4.55950798803933));
#2736=CARTESIAN_POINT('',(0.736382122019661,16.4836530439944,4.52668228922518));
#2737=CARTESIAN_POINT('',(0.647388448826461,16.4873563470168,4.50987675764558));
#2738=CARTESIAN_POINT('',(0.571973102865759,16.4901367125587,4.50170492961862));
#2739=CARTESIAN_POINT('',(0.523351531368024,16.4917150615626,4.49999799017313));
#2740=CARTESIAN_POINT('',(0.500000002856574,16.492422502384,4.5));
#2741=CARTESIAN_POINT('',(-0.5,16.4924225024707,4.5));
#2742=AXIS2_PLACEMENT_3D('',#2743,#2744,#2745);
#2743=CARTESIAN_POINT('',(0.,0.,4.5));
#2744=DIRECTION('',(0.,-1.97372982155583E-16,1.));
#2745=DIRECTION('',(0.0303030303030308,0.999540757725494,1.97282340138332E-16));
#2746=CARTESIAN_POINT('',(-1.5,16.431676725155,5.5));
#2747=CARTESIAN_POINT('',(-0.499999999999999,16.4924225024707,4.5));
#2748=CARTESIAN_POINT('',(-0.510865178905817,16.4920931297303,4.49999988519333));
#2749=CARTESIAN_POINT('',(-0.533960064636613,16.4913700728406,4.50037647681482));
#2750=CARTESIAN_POINT('',(-0.570601204993423,16.4901459431046,4.50224452857286));
#2751=CARTESIAN_POINT('',(-0.614836863904621,16.4885642436444,4.50622164832459));
#2752=CARTESIAN_POINT('',(-0.668782942580516,16.4864779277876,4.51370988082483));
#2753=CARTESIAN_POINT('',(-0.73720015431073,16.4835801920775,4.52752229811218));
#2754=CARTESIAN_POINT('',(-0.817206257446129,16.4798267912902,4.55017922116099));
#2755=CARTESIAN_POINT('',(-0.90878498239591,16.4750459874151,4.58540206147844));
#2756=CARTESIAN_POINT('',(-1.00570592345713,16.4694226318495,4.63473542423164));
#2757=CARTESIAN_POINT('',(-1.10457565423653,16.4630831176861,4.70034153820748));
#2758=CARTESIAN_POINT('',(-1.19822544819767,16.4565176547862,4.78046782486086));
#2759=CARTESIAN_POINT('',(-1.29202055483108,16.4494239441357,4.88364650682481));
#2760=CARTESIAN_POINT('',(-1.37559990684372,16.4426205872425,5.00801777420497));
#2761=CARTESIAN_POINT('',(-1.44078075773892,16.4370016777363,5.15002365022941));
#2762=CARTESIAN_POINT('',(-1.47597107083384,16.4338574719097,5.27235175864615));
#2763=CARTESIAN_POINT('',(-1.49235088193082,16.4323740313776,5.36918136205276));
#2764=CARTESIAN_POINT('',(-1.49876653126443,16.4317894958508,5.43819028169265));
#2765=CARTESIAN_POINT('',(-1.50000115208475,16.4316764056586,5.48064494368884));
#2766=CARTESIAN_POINT('',(-1.5,16.431676725155,5.5));
#2767=CARTESIAN_POINT('',(-1.5,16.4316767258641,14.5));
#2768=CARTESIAN_POINT('',(-1.49999999999999,16.431676725155,5.50000000008125));
#2769=VECTOR('',#2770,1.);
#2770=DIRECTION('',(-7.89491928632201E-16,0.,1.));
#2771=CARTESIAN_POINT('',(-0.5,16.4924225024706,15.5));
#2772=CARTESIAN_POINT('',(-1.4999999999679,16.4316767255125,14.5));
#2773=CARTESIAN_POINT('',(-1.50000013556196,16.4316766804861,14.5125975394312));
#2774=CARTESIAN_POINT('',(-1.4995096911744,16.4317215102531,14.5385353454471));
#2775=CARTESIAN_POINT('',(-1.49719834936956,16.43193233335,14.5784806040039));
#2776=CARTESIAN_POINT('',(-1.49292679570593,16.4323211673824,14.6215246088804));
#2777=CARTESIAN_POINT('',(-1.48621720810787,16.4329297645737,14.6678708522503));
#2778=CARTESIAN_POINT('',(-1.47418774728582,16.4340148810241,14.7294583798928));
#2779=CARTESIAN_POINT('',(-1.45269766803906,16.4359350255774,14.8092017393597));
#2780=CARTESIAN_POINT('',(-1.41486230919555,16.4392480510518,14.9092330493022));
#2781=CARTESIAN_POINT('',(-1.36351438488417,16.4436002924574,15.0086267303997));
#2782=CARTESIAN_POINT('',(-1.30165673953459,16.44861718801,15.1008250697449));
#2783=CARTESIAN_POINT('',(-1.22718651175175,16.4543704459267,15.1900695372358));
#2784=CARTESIAN_POINT('',(-1.12872914266459,16.4614850685269,15.2824448940271));
#2785=CARTESIAN_POINT('',(-1.00326438994058,16.4696629087457,15.3689698380872));
#2786=CARTESIAN_POINT('',(-0.872437645918184,16.4770866577541,15.4314378307154));
#2787=CARTESIAN_POINT('',(-0.757613186912459,16.4826984506023,15.4680698397131));
#2788=CARTESIAN_POINT('',(-0.663484765205569,16.4867273063899,15.4877835417017));
#2789=CARTESIAN_POINT('',(-0.580605294961684,16.4898478732017,15.4978508419803));
#2790=CARTESIAN_POINT('',(-0.526394704774495,16.4916230877442,15.5000031525096));
#2791=CARTESIAN_POINT('',(-0.499999999999369,16.4924225024707,15.5));
#2792=AXIS2_PLACEMENT_3D('',#2793,#2794,#2795);
#2793=CARTESIAN_POINT('',(0.,0.,15.5));
#2794=DIRECTION('',(0.,-1.97372982155583E-16,1.));
#2795=DIRECTION('',(0.0303030303030308,0.999540757725494,1.97282340138332E-16));
#2796=CARTESIAN_POINT('',(16.4924225024707,-0.5,15.5));
#2797=CARTESIAN_POINT('',(16.431676725155,-1.5,14.5));
#2798=CARTESIAN_POINT('',(16.4924225024707,-0.5,15.5));
#2799=CARTESIAN_POINT('',(16.4920931297303,-0.510865178905819,15.5000001148067));
#2800=CARTESIAN_POINT('',(16.4913700728406,-0.533960064636622,15.4996235231852));
#2801=CARTESIAN_POINT('',(16.4901459431046,-0.570601204993433,15.4977554714271));
#2802=CARTESIAN_POINT('',(16.4885642436444,-0.61483686390463,15.4937783516754));
#2803=CARTESIAN_POINT('',(16.4864779277876,-0.668782942580518,15.4862901191752));
#2804=CARTESIAN_POINT('',(16.4835801920775,-0.737200154310734,15.4724777018878));
#2805=CARTESIAN_POINT('',(16.4798267912902,-0.817206257446143,15.449820778839));
#2806=CARTESIAN_POINT('',(16.4750459874151,-0.908784982395917,15.4145979385216));
#2807=CARTESIAN_POINT('',(16.4694226318495,-1.00570592345713,15.3652645757684));
#2808=CARTESIAN_POINT('',(16.4630831176861,-1.10457565423652,15.2996584617925));
#2809=CARTESIAN_POINT('',(16.4565176547862,-1.19822544819767,15.2195321751392));
#2810=CARTESIAN_POINT('',(16.4494239441357,-1.29202055483108,15.1163534931752));
#2811=CARTESIAN_POINT('',(16.4426205872425,-1.37559990684373,14.991982225795));
#2812=CARTESIAN_POINT('',(16.4370016777363,-1.44078075773892,14.8499763497706));
#2813=CARTESIAN_POINT('',(16.4338574719097,-1.47597107083385,14.7276482413539));
#2814=CARTESIAN_POINT('',(16.4323740313776,-1.49235088193081,14.6308186379473));
#2815=CARTESIAN_POINT('',(16.4317894958508,-1.49876653126443,14.5618097183074));
#2816=CARTESIAN_POINT('',(16.4316764056586,-1.50000115208475,14.5193550563112));
#2817=CARTESIAN_POINT('',(16.431676725155,-1.5,14.5));
#2818=CARTESIAN_POINT('',(16.431676725155,-1.5,5.5));
#2819=CARTESIAN_POINT('',(16.431676725155,-1.5,5.50000000008125));
#2820=VECTOR('',#2821,1.);
#2821=DIRECTION('',(0.,4.19417587085857E-16,1.));
#2822=CARTESIAN_POINT('',(16.4924225024706,-0.5,4.5));
#2823=CARTESIAN_POINT('',(16.431676725155,-1.5,5.5));
#2824=CARTESIAN_POINT('',(16.4316762808146,-1.50000156526442,5.47761503735319));
#2825=CARTESIAN_POINT('',(16.4318153635847,-1.49848395600047,5.43250612245938));
#2826=CARTESIAN_POINT('',(16.4324425875168,-1.49159553667053,5.36468769619441));
#2827=CARTESIAN_POINT('',(16.4336854115689,-1.47786450370904,5.28462779193812));
#2828=CARTESIAN_POINT('',(16.4359268155205,-1.45282372412815,5.18955397871239));
#2829=CARTESIAN_POINT('',(16.4397038776199,-1.40962468485399,5.07826609096722));
#2830=CARTESIAN_POINT('',(16.4445040741205,-1.35265267622444,4.97294909704585));
#2831=CARTESIAN_POINT('',(16.449842587276,-1.28613629464009,4.87888683910762));
#2832=CARTESIAN_POINT('',(16.4557668537177,-1.20838570202764,4.79060519418536));
#2833=CARTESIAN_POINT('',(16.4629613112614,-1.10708103454809,4.70064121783316));
#2834=CARTESIAN_POINT('',(16.4710850547711,-0.979709186352879,4.61785246207555));
#2835=CARTESIAN_POINT('',(16.4783265249427,-0.848651799817857,4.55950798803933));
#2836=CARTESIAN_POINT('',(16.4836530439944,-0.73638212201966,4.52668228922519));
#2837=CARTESIAN_POINT('',(16.4873563470168,-0.647388448826456,4.50987675764558));
#2838=CARTESIAN_POINT('',(16.4901367125587,-0.571973102865753,4.50170492961862));
#2839=CARTESIAN_POINT('',(16.4917150615626,-0.523351531368023,4.49999799017313));
#2840=CARTESIAN_POINT('',(16.492422502384,-0.500000002856577,4.5));
#2841=CARTESIAN_POINT('',(16.4924225024707,0.5,4.5));
#2842=AXIS2_PLACEMENT_3D('',#2843,#2844,#2845);
#2843=CARTESIAN_POINT('',(0.,0.,4.5));
#2844=DIRECTION('',(-1.97372982155583E-16,0.,1.));
#2845=DIRECTION('',(0.999540757725494,-0.0303030303030303,1.97282340138332E-16));
#2846=CARTESIAN_POINT('',(16.431676725155,1.5,5.5));
#2847=CARTESIAN_POINT('',(16.4924225024707,0.499999999999999,4.5));
#2848=CARTESIAN_POINT('',(16.4920931297303,0.510865178905823,4.49999988519333));
#2849=CARTESIAN_POINT('',(16.4913700728406,0.533960064636626,4.50037647681482));
#2850=CARTESIAN_POINT('',(16.4901459431046,0.570601204993439,4.50224452857286));
#2851=CARTESIAN_POINT('',(16.4885642436444,0.614836863904633,4.50622164832459));
#2852=CARTESIAN_POINT('',(16.4864779277876,0.668782942580524,4.51370988082484));
#2853=CARTESIAN_POINT('',(16.4835801920775,0.737200154310738,4.52752229811218));
#2854=CARTESIAN_POINT('',(16.4798267912902,0.817206257446141,4.55017922116099));
#2855=CARTESIAN_POINT('',(16.4750459874151,0.908784982395917,4.58540206147844));
#2856=CARTESIAN_POINT('',(16.4694226318495,1.00570592345713,4.63473542423164));
#2857=CARTESIAN_POINT('',(16.4630831176861,1.10457565423652,4.70034153820748));
#2858=CARTESIAN_POINT('',(16.4565176547862,1.19822544819767,4.78046782486085));
#2859=CARTESIAN_POINT('',(16.4494239441357,1.29202055483107,4.88364650682481));
#2860=CARTESIAN_POINT('',(16.4426205872425,1.37559990684373,5.00801777420496));
#2861=CARTESIAN_POINT('',(16.4370016777363,1.44078075773892,5.15002365022941));
#2862=CARTESIAN_POINT('',(16.4338574719097,1.47597107083385,5.27235175864615));
#2863=CARTESIAN_POINT('',(16.4323740313776,1.49235088193081,5.36918136205275));
#2864=CARTESIAN_POINT('',(16.4317894958508,1.49876653126443,5.43819028169265));
#2865=CARTESIAN_POINT('',(16.4316764056586,1.50000115208475,5.48064494368885));
#2866=CARTESIAN_POINT('',(16.431676725155,1.5,5.5));
#2867=CARTESIAN_POINT('',(16.4316767258641,1.5,14.5));
#2868=CARTESIAN_POINT('',(16.431676725155,1.49999999999999,5.50000000008125));
#2869=VECTOR('',#2870,1.);
#2870=DIRECTION('',(0.,7.89491928632201E-16,1.));
#2871=CARTESIAN_POINT('',(16.4924225024706,0.5,15.5));
#2872=CARTESIAN_POINT('',(16.4316767255125,1.4999999999679,14.5));
#2873=CARTESIAN_POINT('',(16.4316766804861,1.50000013556197,14.5125975394312));
#2874=CARTESIAN_POINT('',(16.4317215102531,1.49950969117441,14.5385353454471));
#2875=CARTESIAN_POINT('',(16.43193233335,1.49719834936955,14.5784806040039));
#2876=CARTESIAN_POINT('',(16.4323211673824,1.49292679570593,14.6215246088804));
#2877=CARTESIAN_POINT('',(16.4329297645737,1.48621720810787,14.6678708522503));
#2878=CARTESIAN_POINT('',(16.4340148810241,1.47418774728581,14.7294583798928));
#2879=CARTESIAN_POINT('',(16.4359350255774,1.45269766803907,14.8092017393597));
#2880=CARTESIAN_POINT('',(16.4392480510518,1.41486230919555,14.9092330493022));
#2881=CARTESIAN_POINT('',(16.4436002924573,1.36351438488417,15.0086267303997));
#2882=CARTESIAN_POINT('',(16.4486171880101,1.30165673953458,15.1008250697449));
#2883=CARTESIAN_POINT('',(16.4543704459267,1.22718651175175,15.1900695372358));
#2884=CARTESIAN_POINT('',(16.4614850685269,1.12872914266458,15.2824448940271));
#2885=CARTESIAN_POINT('',(16.4696629087457,1.00326438994058,15.3689698380872));
#2886=CARTESIAN_POINT('',(16.4770866577541,0.87243764591818,15.4314378307154));
#2887=CARTESIAN_POINT('',(16.4826984506023,0.757613186912457,15.4680698397131));
#2888=CARTESIAN_POINT('',(16.4867273063899,0.663484765205572,15.4877835417017));
#2889=CARTESIAN_POINT('',(16.4898478732017,0.580605294961688,15.4978508419804));
#2890=CARTESIAN_POINT('',(16.4916230877442,0.526394704774495,15.5000031525096));
#2891=CARTESIAN_POINT('',(16.4924225024707,0.499999999999366,15.5));
#2892=AXIS2_PLACEMENT_3D('',#2893,#2894,#2895);
#2893=CARTESIAN_POINT('',(0.,0.,15.5));
#2894=DIRECTION('',(-1.97372982155583E-16,0.,1.));
#2895=DIRECTION('',(0.999540757725494,-0.0303030303030303,1.97282340138332E-16));
#2896=CARTESIAN_POINT('',(-0.5,-16.4924225024707,15.5));
#2897=CARTESIAN_POINT('',(-1.5,-16.431676725155,14.5));
#2898=CARTESIAN_POINT('',(-0.499999999999999,-16.4924225024707,15.5));
#2899=CARTESIAN_POINT('',(-0.510865178905819,-16.4920931297303,15.5000001148067));
#2900=CARTESIAN_POINT('',(-0.533960064636621,-16.4913700728406,15.4996235231852));
#2901=CARTESIAN_POINT('',(-0.570601204993433,-16.4901459431046,15.4977554714271));
#2902=CARTESIAN_POINT('',(-0.614836863904632,-16.4885642436444,15.4937783516754));
#2903=CARTESIAN_POINT('',(-0.668782942580526,-16.4864779277876,15.4862901191752));
#2904=CARTESIAN_POINT('',(-0.737200154310738,-16.4835801920775,15.4724777018878));
#2905=CARTESIAN_POINT('',(-0.817206257446139,-16.4798267912902,15.449820778839));
#2906=CARTESIAN_POINT('',(-0.908784982395914,-16.4750459874151,15.4145979385216));
#2907=CARTESIAN_POINT('',(-1.00570592345713,-16.4694226318495,15.3652645757684));
#2908=CARTESIAN_POINT('',(-1.10457565423652,-16.4630831176861,15.2996584617925));
#2909=CARTESIAN_POINT('',(-1.19822544819767,-16.4565176547862,15.2195321751392));
#2910=CARTESIAN_POINT('',(-1.29202055483107,-16.4494239441357,15.1163534931752));
#2911=CARTESIAN_POINT('',(-1.37559990684373,-16.4426205872425,14.991982225795));
#2912=CARTESIAN_POINT('',(-1.44078075773892,-16.4370016777363,14.8499763497706));
#2913=CARTESIAN_POINT('',(-1.47597107083384,-16.4338574719097,14.7276482413539));
#2914=CARTESIAN_POINT('',(-1.49235088193081,-16.4323740313776,14.6308186379473));
#2915=CARTESIAN_POINT('',(-1.49876653126443,-16.4317894958508,14.5618097183074));
#2916=CARTESIAN_POINT('',(-1.50000115208475,-16.4316764056586,14.5193550563112));
#2917=CARTESIAN_POINT('',(-1.5,-16.431676725155,14.5));
#2918=CARTESIAN_POINT('',(-1.5,-16.431676725155,5.5));
#2919=CARTESIAN_POINT('',(-1.5,-16.431676725155,5.50000000008125));
#2920=VECTOR('',#2921,1.);
#2921=DIRECTION('',(0.,0.,1.));
#2922=CARTESIAN_POINT('',(-0.5,-16.4924225024706,4.5));
#2923=CARTESIAN_POINT('',(-1.5,-16.431676725155,5.5));
#2924=CARTESIAN_POINT('',(-1.50000156526442,-16.4316762808146,5.47761503735319));
#2925=CARTESIAN_POINT('',(-1.49848395600047,-16.4318153635847,5.43250612245938));
#2926=CARTESIAN_POINT('',(-1.49159553667053,-16.4324425875168,5.36468769619441));
#2927=CARTESIAN_POINT('',(-1.47786450370904,-16.4336854115689,5.28462779193813));
#2928=CARTESIAN_POINT('',(-1.45282372412814,-16.4359268155205,5.18955397871239));
#2929=CARTESIAN_POINT('',(-1.409624684854,-16.4397038776199,5.07826609096722));
#2930=CARTESIAN_POINT('',(-1.35265267622444,-16.4445040741205,4.97294909704585));
#2931=CARTESIAN_POINT('',(-1.28613629464009,-16.449842587276,4.87888683910763));
#2932=CARTESIAN_POINT('',(-1.20838570202764,-16.4557668537177,4.79060519418536));
#2933=CARTESIAN_POINT('',(-1.10708103454809,-16.4629613112614,4.70064121783316));
#2934=CARTESIAN_POINT('',(-0.979709186352879,-16.4710850547711,4.61785246207555));
#2935=CARTESIAN_POINT('',(-0.848651799817855,-16.4783265249427,4.55950798803933));
#2936=CARTESIAN_POINT('',(-0.73638212201966,-16.4836530439944,4.52668228922519));
#2937=CARTESIAN_POINT('',(-0.647388448826456,-16.4873563470168,4.50987675764558));
#2938=CARTESIAN_POINT('',(-0.571973102865755,-16.4901367125587,4.50170492961862));
#2939=CARTESIAN_POINT('',(-0.523351531368023,-16.4917150615626,4.49999799017313));
#2940=CARTESIAN_POINT('',(-0.500000002856575,-16.492422502384,4.5));
#2941=CARTESIAN_POINT('',(0.5,-16.4924225024707,4.5));
#2942=AXIS2_PLACEMENT_3D('',#2943,#2944,#2945);
#2943=CARTESIAN_POINT('',(0.,0.,4.5));
#2944=DIRECTION('',(0.,1.97372982155583E-16,1.));
#2945=DIRECTION('',(-0.0303030303030304,-0.999540757725494,1.97282340138332E-16));
#2946=CARTESIAN_POINT('',(1.5,-16.431676725155,5.5));
#2947=CARTESIAN_POINT('',(0.499999999999998,-16.4924225024707,4.5));
#2948=CARTESIAN_POINT('',(0.510865178905818,-16.4920931297303,4.49999988519333));
#2949=CARTESIAN_POINT('',(0.533960064636621,-16.4913700728406,4.50037647681482));
#2950=CARTESIAN_POINT('',(0.570601204993435,-16.4901459431046,4.50224452857286));
#2951=CARTESIAN_POINT('',(0.614836863904632,-16.4885642436444,4.50622164832459));
#2952=CARTESIAN_POINT('',(0.668782942580524,-16.4864779277876,4.51370988082483));
#2953=CARTESIAN_POINT('',(0.737200154310737,-16.4835801920775,4.52752229811218));
#2954=CARTESIAN_POINT('',(0.817206257446139,-16.4798267912902,4.55017922116099));
#2955=CARTESIAN_POINT('',(0.908784982395915,-16.4750459874151,4.58540206147844));
#2956=CARTESIAN_POINT('',(1.00570592345713,-16.4694226318495,4.63473542423163));
#2957=CARTESIAN_POINT('',(1.10457565423652,-16.4630831176861,4.70034153820748));
#2958=CARTESIAN_POINT('',(1.19822544819767,-16.4565176547862,4.78046782486086));
#2959=CARTESIAN_POINT('',(1.29202055483108,-16.4494239441357,4.88364650682481));
#2960=CARTESIAN_POINT('',(1.37559990684372,-16.4426205872425,5.00801777420497));
#2961=CARTESIAN_POINT('',(1.44078075773892,-16.4370016777363,5.15002365022941));
#2962=CARTESIAN_POINT('',(1.47597107083384,-16.4338574719097,5.27235175864615));
#2963=CARTESIAN_POINT('',(1.49235088193081,-16.4323740313776,5.36918136205275));
#2964=CARTESIAN_POINT('',(1.49876653126443,-16.4317894958508,5.43819028169265));
#2965=CARTESIAN_POINT('',(1.50000115208475,-16.4316764056586,5.48064494368885));
#2966=CARTESIAN_POINT('',(1.5,-16.431676725155,5.5));
#2967=CARTESIAN_POINT('',(1.5,-16.4316767258641,14.5));
#2968=CARTESIAN_POINT('',(1.5,-16.431676725155,5.50000000008125));
#2969=VECTOR('',#2970,1.);
#2970=DIRECTION('',(3.94745964316101E-16,0.,1.));
#2971=CARTESIAN_POINT('',(0.5,-16.4924225024706,15.5));
#2972=CARTESIAN_POINT('',(1.4999999999679,-16.4316767255125,14.5));
#2973=CARTESIAN_POINT('',(1.50000013556196,-16.4316766804861,14.5125975394312));
#2974=CARTESIAN_POINT('',(1.49950969117441,-16.4317215102531,14.5385353454471));
#2975=CARTESIAN_POINT('',(1.49719834936955,-16.43193233335,14.5784806040039));
#2976=CARTESIAN_POINT('',(1.49292679570593,-16.4323211673824,14.6215246088804));
#2977=CARTESIAN_POINT('',(1.48621720810787,-16.4329297645737,14.6678708522503));
#2978=CARTESIAN_POINT('',(1.47418774728581,-16.4340148810241,14.7294583798928));
#2979=CARTESIAN_POINT('',(1.45269766803907,-16.4359350255774,14.8092017393597));
#2980=CARTESIAN_POINT('',(1.41486230919555,-16.4392480510518,14.9092330493022));
#2981=CARTESIAN_POINT('',(1.36351438488417,-16.4436002924574,15.0086267303997));
#2982=CARTESIAN_POINT('',(1.30165673953458,-16.4486171880101,15.1008250697449));
#2983=CARTESIAN_POINT('',(1.22718651175175,-16.4543704459267,15.1900695372358));
#2984=CARTESIAN_POINT('',(1.12872914266458,-16.4614850685269,15.2824448940271));
#2985=CARTESIAN_POINT('',(1.00326438994057,-16.4696629087457,15.3689698380872));
#2986=CARTESIAN_POINT('',(0.872437645918181,-16.4770866577541,15.4314378307154));
#2987=CARTESIAN_POINT('',(0.757613186912457,-16.4826984506023,15.4680698397131));
#2988=CARTESIAN_POINT('',(0.663484765205571,-16.4867273063899,15.4877835417017));
#2989=CARTESIAN_POINT('',(0.580605294961688,-16.4898478732017,15.4978508419803));
#2990=CARTESIAN_POINT('',(0.526394704774497,-16.4916230877442,15.5000031525096));
#2991=CARTESIAN_POINT('',(0.499999999999368,-16.4924225024707,15.5));
#2992=AXIS2_PLACEMENT_3D('',#2993,#2994,#2995);
#2993=CARTESIAN_POINT('',(0.,0.,15.5));
#2994=DIRECTION('',(0.,1.97372982155583E-16,1.));
#2995=DIRECTION('',(-0.0303030303030302,-0.999540757725494,1.97282340138332E-16));
#2996=CARTESIAN_POINT('',(-12.0154571802839,-11.3083503990974,15.5));
#2997=CARTESIAN_POINT('',(-12.6796102104021,-10.5582898668424,14.5));
#2998=CARTESIAN_POINT('',(-12.0154571802839,-11.3083503990974,15.5));
#2999=CARTESIAN_POINT('',(-12.0229071202632,-11.3004346557218,15.5000001148068));
#3000=CARTESIAN_POINT('',(-12.0387263921238,-11.2835928270029,15.4996235231861));
#3001=CARTESIAN_POINT('',(-12.0637700004862,-11.256818037767,15.4977554714312));
#3002=CARTESIAN_POINT('',(-12.0939309044881,-11.2244202729349,15.4937783516791));
#3003=CARTESIAN_POINT('',(-12.1306012944604,-11.1847993867816,15.4862901191756));
#3004=CARTESIAN_POINT('',(-12.1769305602763,-11.1343721038221,15.4724777018795));
#3005=CARTESIAN_POINT('',(-12.2308493631919,-11.0751451906081,15.4498207788314));
#3006=CARTESIAN_POINT('',(-12.2922247618136,-11.0070087143023,15.4145979384828));
#3007=CARTESIAN_POINT('',(-12.3567819036143,-10.9344989467949,15.3652645757205));
#3008=CARTESIAN_POINT('',(-12.4222106472136,-10.8601047762912,15.2996584617717));
#3009=CARTESIAN_POINT('',(-12.4837885682242,-10.789241888607,15.2195321751422));
#3010=CARTESIAN_POINT('',(-12.5450957132837,-10.7179027217346,15.1163534931429));
#3011=CARTESIAN_POINT('',(-12.5993845400639,-10.653992495366,14.9919822257462));
#3012=CARTESIAN_POINT('',(-12.641501192714,-10.6039295046877,14.8499763497125));
#3013=CARTESIAN_POINT('',(-12.6641612124667,-10.5768229064135,14.7276482413253));
#3014=CARTESIAN_POINT('',(-12.6746945371058,-10.5641916800554,14.6308186379234));
#3015=CARTESIAN_POINT('',(-12.678817757219,-10.5592418018729,14.5618097182877));
#3016=CARTESIAN_POINT('',(-12.6796107991309,-10.5582888262774,14.5193550563067));
#3017=CARTESIAN_POINT('',(-12.6796102104021,-10.5582898668424,14.5));
#3018=CARTESIAN_POINT('',(-12.6796102104021,-10.5582898668424,5.5));
#3019=CARTESIAN_POINT('',(-12.6796102104021,-10.5582898668424,5.50000000008124));
#3020=VECTOR('',#3021,1.);
#3021=DIRECTION('',(-1.9737298215805E-16,0.,1.));
#3022=CARTESIAN_POINT('',(-12.0154571802839,-11.3083503990973,4.5));
#3023=CARTESIAN_POINT('',(-12.6796102104021,-10.5582898668424,5.5));
#3024=CARTESIAN_POINT('',(-12.6796110030152,-10.5582884458371,5.47761503735966));
#3025=CARTESIAN_POINT('',(-12.678636237584,-10.5594599040079,5.43250612248542));
#3026=CARTESIAN_POINT('',(-12.6742089038619,-10.564774266321,5.36468769622856));
#3027=CARTESIAN_POINT('',(-12.6653784066571,-10.575362382156,5.28462779195126));
#3028=CARTESIAN_POINT('',(-12.6492568135345,-10.5946537991473,5.18955397867988));
#3029=CARTESIAN_POINT('',(-12.6213812661319,-10.6278709189996,5.07826609089489));
#3030=CARTESIAN_POINT('',(-12.5844902239888,-10.6715504641357,4.9729490969992));
#3031=CARTESIAN_POINT('',(-12.5412309384023,-10.7223595474226,4.87888683915478));
#3032=CARTESIAN_POINT('',(-12.4904420561471,-10.7815266076194,4.79060519428781));
#3033=CARTESIAN_POINT('',(-12.423896088499,-10.858247074705,4.70064121786729));
#3034=CARTESIAN_POINT('',(-12.3395749449578,-10.9540569265048,4.61785246204202));
#3035=CARTESIAN_POINT('',(-12.2520238708279,-11.0518489859672,4.55950798799571));
#3036=CARTESIAN_POINT('',(-12.176403638108,-11.1350020541661,4.5266822892083));
#3037=CARTESIAN_POINT('',(-12.1160942389996,-11.2005487146332,4.50987675763671));
#3038=CARTESIAN_POINT('',(-12.0647335518152,-11.2558414324733,4.50170492961666));
#3039=CARTESIAN_POINT('',(-12.0314689701863,-11.2913381366691,4.49999799017313));
#3040=CARTESIAN_POINT('',(-12.015457182244,-11.3083503970147,4.5));
#3041=CARTESIAN_POINT('',(-11.3083503990974,-12.0154571802839,4.5));
#3042=AXIS2_PLACEMENT_3D('',#3043,#3044,#3045);
#3043=CARTESIAN_POINT('',(-3.5527136788005E-15,-3.5527136788005E-15,4.5));
#3044=DIRECTION('',(1.18803910646148E-16,1.18803910646148E-16,1.));
#3045=DIRECTION('',(-0.728209526077811,-0.685354569642262,1.6793694252053E-16));
#3046=CARTESIAN_POINT('',(-10.5582898668424,-12.6796102104021,5.5));
#3047=CARTESIAN_POINT('',(-11.3083503990974,-12.0154571802839,4.5));
#3048=CARTESIAN_POINT('',(-11.3004346557218,-12.0229071202632,4.49999988519324));
#3049=CARTESIAN_POINT('',(-11.2835928270029,-12.0387263921238,4.50037647681392));
#3050=CARTESIAN_POINT('',(-11.256818037767,-12.0637700004862,4.50224452856882));
#3051=CARTESIAN_POINT('',(-11.2244202729349,-12.0939309044881,4.50622164832087));
#3052=CARTESIAN_POINT('',(-11.1847993867816,-12.1306012944604,4.51370988082442));
#3053=CARTESIAN_POINT('',(-11.1343721038221,-12.1769305602763,4.52752229812053));
#3054=CARTESIAN_POINT('',(-11.0751451906081,-12.2308493631919,4.55017922116863));
#3055=CARTESIAN_POINT('',(-11.0070087143023,-12.2922247618136,4.5854020615172));
#3056=CARTESIAN_POINT('',(-10.9344989467949,-12.3567819036143,4.63473542427953));
#3057=CARTESIAN_POINT('',(-10.8601047762912,-12.4222106472136,4.70034153822834));
#3058=CARTESIAN_POINT('',(-10.789241888607,-12.4837885682242,4.78046782485783));
#3059=CARTESIAN_POINT('',(-10.7179027217346,-12.5450957132837,4.88364650685715));
#3060=CARTESIAN_POINT('',(-10.653992495366,-12.5993845400639,5.00801777425378));
#3061=CARTESIAN_POINT('',(-10.6039295046877,-12.641501192714,5.1500236502875));
#3062=CARTESIAN_POINT('',(-10.5768229064134,-12.6641612124667,5.27235175867466));
#3063=CARTESIAN_POINT('',(-10.5641916800554,-12.6746945371058,5.3691813620766));
#3064=CARTESIAN_POINT('',(-10.5592418018729,-12.678817757219,5.4381902817123));
#3065=CARTESIAN_POINT('',(-10.5582888262774,-12.6796107991309,5.48064494369328));
#3066=CARTESIAN_POINT('',(-10.5582898668424,-12.6796102104021,5.5));
#3067=CARTESIAN_POINT('',(-10.5582898673439,-12.6796102109035,14.5));
#3068=CARTESIAN_POINT('',(-10.5582898668424,-12.6796102104021,5.50000000008124));
#3069=VECTOR('',#3070,1.);
#3070=DIRECTION('',(0.,1.9737298215805E-16,1.));
#3071=CARTESIAN_POINT('',(-11.3083503990973,-12.0154571802839,15.5));
#3072=CARTESIAN_POINT('',(-10.5582898671179,-12.6796102106322,14.5));
#3073=CARTESIAN_POINT('',(-10.5582897393999,-12.6796102746732,14.5125975394268));
#3074=CARTESIAN_POINT('',(-10.5586682353841,-12.6792951775535,14.5385353454316));
#3075=CARTESIAN_POINT('',(-10.5604516752886,-12.6778098865317,14.5784806039847));
#3076=CARTESIAN_POINT('',(-10.5637470670314,-12.6750643891511,14.6215246088698));
#3077=CARTESIAN_POINT('',(-10.5689218051217,-12.6707503374628,14.6678708522378));
#3078=CARTESIAN_POINT('',(-10.5781952116438,-12.6630115173416,14.7294583798873));
#3079=CARTESIAN_POINT('',(-10.5947487396436,-12.6491734838111,14.8092017393695));
#3080=CARTESIAN_POINT('',(-10.6238450412535,-12.6247625077633,14.9092330493795));
#3081=CARTESIAN_POINT('',(-10.6632310061482,-12.5915315416914,15.0086267304561));
#3082=CARTESIAN_POINT('',(-10.7105184474593,-12.5513390621043,15.1008250696948));
#3083=CARTESIAN_POINT('',(-10.7672450181571,-12.5027488267732,15.1900695371326));
#3084=CARTESIAN_POINT('',(-10.8418956894087,-12.4381597512988,15.2824448939917));
#3085=CARTESIAN_POINT('',(-10.9363952732159,-12.3552253800498,15.3689698381215));
#3086=CARTESIAN_POINT('',(-11.0341531343982,-12.2679662854037,15.4314378307636));
#3087=CARTESIAN_POINT('',(-11.1193144247684,-12.1907412685861,15.4680698397404));
#3088=CARTESIAN_POINT('',(-11.1887221012932,-12.127031254555,15.4877835417148));
#3089=CARTESIAN_POINT('',(-11.2495333106514,-12.0706331931019,15.497850841983));
#3090=CARTESIAN_POINT('',(-11.2891212528017,-12.0335557834321,15.5000031525096));
#3091=CARTESIAN_POINT('',(-11.3083503990978,-12.0154571802834,15.5));
#3092=AXIS2_PLACEMENT_3D('',#3093,#3094,#3095);
#3093=CARTESIAN_POINT('',(0.,0.,15.5));
#3094=DIRECTION('',(1.42564692775377E-16,1.42564692775377E-16,1.));
#3095=DIRECTION('',(-0.72820952607781,-0.685354569642263,2.01524331024636E-16));
#3096=CARTESIAN_POINT('',(11.3083503990974,-12.0154571802839,15.5));
#3097=CARTESIAN_POINT('',(10.5582898668424,-12.6796102104021,14.5));
#3098=CARTESIAN_POINT('',(11.3083503990974,-12.0154571802839,15.5));
#3099=CARTESIAN_POINT('',(11.3004346557218,-12.0229071202632,15.5000001148068));
#3100=CARTESIAN_POINT('',(11.2835928270029,-12.0387263921238,15.4996235231861));
#3101=CARTESIAN_POINT('',(11.256818037767,-12.0637700004862,15.4977554714312));
#3102=CARTESIAN_POINT('',(11.2244202729349,-12.0939309044881,15.4937783516791));
#3103=CARTESIAN_POINT('',(11.1847993867816,-12.1306012944604,15.4862901191756));
#3104=CARTESIAN_POINT('',(11.1343721038221,-12.1769305602763,15.4724777018795));
#3105=CARTESIAN_POINT('',(11.0751451906081,-12.2308493631919,15.4498207788314));
#3106=CARTESIAN_POINT('',(11.0070087143023,-12.2922247618136,15.4145979384828));
#3107=CARTESIAN_POINT('',(10.9344989467949,-12.3567819036143,15.3652645757205));
#3108=CARTESIAN_POINT('',(10.8601047762912,-12.4222106472136,15.2996584617717));
#3109=CARTESIAN_POINT('',(10.789241888607,-12.4837885682242,15.2195321751422));
#3110=CARTESIAN_POINT('',(10.7179027217346,-12.5450957132837,15.1163534931429));
#3111=CARTESIAN_POINT('',(10.653992495366,-12.5993845400639,14.9919822257462));
#3112=CARTESIAN_POINT('',(10.6039295046877,-12.641501192714,14.8499763497125));
#3113=CARTESIAN_POINT('',(10.5768229064134,-12.6641612124667,14.7276482413253));
#3114=CARTESIAN_POINT('',(10.5641916800554,-12.6746945371058,14.6308186379234));
#3115=CARTESIAN_POINT('',(10.5592418018729,-12.678817757219,14.5618097182877));
#3116=CARTESIAN_POINT('',(10.5582888262774,-12.6796107991309,14.5193550563067));
#3117=CARTESIAN_POINT('',(10.5582898668424,-12.6796102104021,14.5));
#3118=CARTESIAN_POINT('',(10.5582898668424,-12.6796102104021,5.5));
#3119=CARTESIAN_POINT('',(10.5582898668424,-12.6796102104021,5.50000000008124));
#3120=VECTOR('',#3121,1.);
#3121=DIRECTION('',(-3.947459643161E-16,-3.947459643161E-16,1.));
#3122=CARTESIAN_POINT('',(11.3083503990973,-12.0154571802839,4.5));
#3123=CARTESIAN_POINT('',(10.5582898668424,-12.6796102104021,5.5));
#3124=CARTESIAN_POINT('',(10.5582884458371,-12.6796110030152,5.47761503735966));
#3125=CARTESIAN_POINT('',(10.5594599040079,-12.678636237584,5.43250612248542));
#3126=CARTESIAN_POINT('',(10.564774266321,-12.6742089038619,5.36468769622856));
#3127=CARTESIAN_POINT('',(10.575362382156,-12.6653784066571,5.28462779195126));
#3128=CARTESIAN_POINT('',(10.5946537991473,-12.6492568135345,5.18955397867987));
#3129=CARTESIAN_POINT('',(10.6278709189997,-12.6213812661319,5.07826609089489));
#3130=CARTESIAN_POINT('',(10.6715504641357,-12.5844902239887,4.97294909699919));
#3131=CARTESIAN_POINT('',(10.7223595474226,-12.5412309384023,4.87888683915478));
#3132=CARTESIAN_POINT('',(10.7815266076194,-12.4904420561471,4.7906051942878));
#3133=CARTESIAN_POINT('',(10.858247074705,-12.423896088499,4.70064121786729));
#3134=CARTESIAN_POINT('',(10.9540569265048,-12.3395749449578,4.61785246204202));
#3135=CARTESIAN_POINT('',(11.0518489859672,-12.2520238708279,4.55950798799571));
#3136=CARTESIAN_POINT('',(11.1350020541661,-12.176403638108,4.5266822892083));
#3137=CARTESIAN_POINT('',(11.2005487146332,-12.1160942389996,4.50987675763671));
#3138=CARTESIAN_POINT('',(11.2558414324733,-12.0647335518152,4.50170492961666));
#3139=CARTESIAN_POINT('',(11.2913381366691,-12.0314689701863,4.49999799017313));
#3140=CARTESIAN_POINT('',(11.3083503970147,-12.015457182244,4.5));
#3141=CARTESIAN_POINT('',(12.0154571802839,-11.3083503990974,4.5));
#3142=AXIS2_PLACEMENT_3D('',#3143,#3144,#3145);
#3143=CARTESIAN_POINT('',(3.5527136788005E-15,-3.5527136788005E-15,4.5));
#3144=DIRECTION('',(-1.18803910646148E-16,1.18803910646148E-16,1.));
#3145=DIRECTION('',(0.685354569642262,-0.728209526077811,1.6793694252053E-16));
#3146=CARTESIAN_POINT('',(12.6796102104021,-10.5582898668424,5.5));
#3147=CARTESIAN_POINT('',(12.0154571802839,-11.3083503990974,4.5));
#3148=CARTESIAN_POINT('',(12.0229071202632,-11.3004346557218,4.49999988519324));
#3149=CARTESIAN_POINT('',(12.0387263921238,-11.2835928270029,4.50037647681392));
#3150=CARTESIAN_POINT('',(12.0637700004862,-11.256818037767,4.50224452856882));
#3151=CARTESIAN_POINT('',(12.0939309044881,-11.2244202729349,4.50622164832087));
#3152=CARTESIAN_POINT('',(12.1306012944604,-11.1847993867816,4.51370988082442));
#3153=CARTESIAN_POINT('',(12.1769305602763,-11.1343721038221,4.52752229812053));
#3154=CARTESIAN_POINT('',(12.2308493631919,-11.0751451906081,4.55017922116863));
#3155=CARTESIAN_POINT('',(12.2922247618136,-11.0070087143023,4.58540206151721));
#3156=CARTESIAN_POINT('',(12.3567819036143,-10.9344989467949,4.63473542427954));
#3157=CARTESIAN_POINT('',(12.4222106472136,-10.8601047762912,4.70034153822835));
#3158=CARTESIAN_POINT('',(12.4837885682242,-10.789241888607,4.78046782485783));
#3159=CARTESIAN_POINT('',(12.5450957132837,-10.7179027217346,4.88364650685715));
#3160=CARTESIAN_POINT('',(12.5993845400639,-10.653992495366,5.00801777425377));
#3161=CARTESIAN_POINT('',(12.641501192714,-10.6039295046877,5.15002365028751));
#3162=CARTESIAN_POINT('',(12.6641612124667,-10.5768229064134,5.27235175867466));
#3163=CARTESIAN_POINT('',(12.6746945371058,-10.5641916800554,5.3691813620766));
#3164=CARTESIAN_POINT('',(12.678817757219,-10.5592418018729,5.43819028171231));
#3165=CARTESIAN_POINT('',(12.6796107991309,-10.5582888262774,5.48064494369328));
#3166=CARTESIAN_POINT('',(12.6796102104021,-10.5582898668424,5.5));
#3167=CARTESIAN_POINT('',(12.6796102109035,-10.5582898673439,14.5));
#3168=CARTESIAN_POINT('',(12.6796102104021,-10.5582898668424,5.50000000008124));
#3169=VECTOR('',#3170,1.);
#3170=DIRECTION('',(-1.9737298215805E-16,0.,1.));
#3171=CARTESIAN_POINT('',(12.0154571802839,-11.3083503990973,15.5));
#3172=CARTESIAN_POINT('',(12.6796102106322,-10.5582898671179,14.5));
#3173=CARTESIAN_POINT('',(12.6796102746732,-10.5582897393999,14.5125975394268));
#3174=CARTESIAN_POINT('',(12.6792951775535,-10.5586682353841,14.5385353454316));
#3175=CARTESIAN_POINT('',(12.6778098865317,-10.5604516752886,14.5784806039847));
#3176=CARTESIAN_POINT('',(12.6750643891511,-10.5637470670314,14.6215246088698));
#3177=CARTESIAN_POINT('',(12.6707503374628,-10.5689218051217,14.6678708522378));
#3178=CARTESIAN_POINT('',(12.6630115173416,-10.5781952116438,14.7294583798873));
#3179=CARTESIAN_POINT('',(12.6491734838111,-10.5947487396436,14.8092017393695));
#3180=CARTESIAN_POINT('',(12.6247625077633,-10.6238450412535,14.9092330493795));
#3181=CARTESIAN_POINT('',(12.5915315416914,-10.6632310061482,15.0086267304561));
#3182=CARTESIAN_POINT('',(12.5513390621043,-10.7105184474593,15.1008250696948));
#3183=CARTESIAN_POINT('',(12.5027488267732,-10.7672450181571,15.1900695371326));
#3184=CARTESIAN_POINT('',(12.4381597512988,-10.8418956894087,15.2824448939917));
#3185=CARTESIAN_POINT('',(12.3552253800498,-10.9363952732159,15.3689698381215));
#3186=CARTESIAN_POINT('',(12.2679662854037,-11.0341531343982,15.4314378307636));
#3187=CARTESIAN_POINT('',(12.1907412685861,-11.1193144247684,15.4680698397404));
#3188=CARTESIAN_POINT('',(12.127031254555,-11.1887221012932,15.4877835417148));
#3189=CARTESIAN_POINT('',(12.0706331931019,-11.2495333106514,15.497850841983));
#3190=CARTESIAN_POINT('',(12.0335557834321,-11.2891212528017,15.5000031525096));
#3191=CARTESIAN_POINT('',(12.0154571802834,-11.3083503990978,15.5));
#3192=AXIS2_PLACEMENT_3D('',#3193,#3194,#3195);
#3193=CARTESIAN_POINT('',(0.,0.,15.5));
#3194=DIRECTION('',(-1.42564692775377E-16,1.42564692775377E-16,1.));
#3195=DIRECTION('',(0.685354569642262,-0.728209526077811,2.01524331024636E-16));
#3196=CARTESIAN_POINT('',(12.0154571802839,11.3083503990974,15.5));
#3197=CARTESIAN_POINT('',(12.6796102104021,10.5582898668424,14.5));
#3198=CARTESIAN_POINT('',(12.0154571802839,11.3083503990974,15.5));
#3199=CARTESIAN_POINT('',(12.0229071202632,11.3004346557218,15.5000001148068));
#3200=CARTESIAN_POINT('',(12.0387263921238,11.2835928270029,15.4996235231861));
#3201=CARTESIAN_POINT('',(12.0637700004862,11.256818037767,15.4977554714312));
#3202=CARTESIAN_POINT('',(12.0939309044881,11.2244202729349,15.4937783516791));
#3203=CARTESIAN_POINT('',(12.1306012944604,11.1847993867816,15.4862901191756));
#3204=CARTESIAN_POINT('',(12.1769305602764,11.1343721038221,15.4724777018795));
#3205=CARTESIAN_POINT('',(12.2308493631919,11.0751451906081,15.4498207788314));
#3206=CARTESIAN_POINT('',(12.2922247618136,11.0070087143023,15.4145979384828));
#3207=CARTESIAN_POINT('',(12.3567819036143,10.9344989467949,15.3652645757205));
#3208=CARTESIAN_POINT('',(12.4222106472136,10.8601047762912,15.2996584617717));
#3209=CARTESIAN_POINT('',(12.4837885682242,10.789241888607,15.2195321751422));
#3210=CARTESIAN_POINT('',(12.5450957132837,10.7179027217346,15.1163534931429));
#3211=CARTESIAN_POINT('',(12.5993845400639,10.653992495366,14.9919822257462));
#3212=CARTESIAN_POINT('',(12.641501192714,10.6039295046877,14.8499763497125));
#3213=CARTESIAN_POINT('',(12.6641612124668,10.5768229064134,14.7276482413253));
#3214=CARTESIAN_POINT('',(12.6746945371058,10.5641916800554,14.6308186379234));
#3215=CARTESIAN_POINT('',(12.678817757219,10.5592418018729,14.5618097182877));
#3216=CARTESIAN_POINT('',(12.6796107991309,10.5582888262774,14.5193550563067));
#3217=CARTESIAN_POINT('',(12.6796102104021,10.5582898668424,14.5));
#3218=CARTESIAN_POINT('',(12.6796102104021,10.5582898668424,5.5));
#3219=CARTESIAN_POINT('',(12.6796102104021,10.5582898668424,5.50000000008124));
#3220=VECTOR('',#3221,1.);
#3221=DIRECTION('',(1.9737298215805E-16,-3.947459643161E-16,1.));
#3222=CARTESIAN_POINT('',(12.0154571802839,11.3083503990973,4.5));
#3223=CARTESIAN_POINT('',(12.6796102104021,10.5582898668424,5.5));
#3224=CARTESIAN_POINT('',(12.6796110030152,10.5582884458371,5.47761503735966));
#3225=CARTESIAN_POINT('',(12.678636237584,10.5594599040079,5.43250612248542));
#3226=CARTESIAN_POINT('',(12.6742089038619,10.564774266321,5.36468769622856));
#3227=CARTESIAN_POINT('',(12.6653784066571,10.575362382156,5.28462779195126));
#3228=CARTESIAN_POINT('',(12.6492568135345,10.5946537991473,5.18955397867987));
#3229=CARTESIAN_POINT('',(12.6213812661319,10.6278709189997,5.07826609089489));
#3230=CARTESIAN_POINT('',(12.5844902239887,10.6715504641357,4.97294909699919));
#3231=CARTESIAN_POINT('',(12.5412309384023,10.7223595474226,4.87888683915478));
#3232=CARTESIAN_POINT('',(12.4904420561471,10.7815266076194,4.7906051942878));
#3233=CARTESIAN_POINT('',(12.423896088499,10.858247074705,4.70064121786729));
#3234=CARTESIAN_POINT('',(12.3395749449578,10.9540569265048,4.61785246204202));
#3235=CARTESIAN_POINT('',(12.2520238708279,11.0518489859672,4.55950798799571));
#3236=CARTESIAN_POINT('',(12.176403638108,11.1350020541661,4.5266822892083));
#3237=CARTESIAN_POINT('',(12.1160942389996,11.2005487146332,4.50987675763671));
#3238=CARTESIAN_POINT('',(12.0647335518152,11.2558414324733,4.50170492961666));
#3239=CARTESIAN_POINT('',(12.0314689701863,11.2913381366691,4.49999799017313));
#3240=CARTESIAN_POINT('',(12.015457182244,11.3083503970147,4.5));
#3241=CARTESIAN_POINT('',(11.3083503990974,12.0154571802839,4.5));
#3242=AXIS2_PLACEMENT_3D('',#3243,#3244,#3245);
#3243=CARTESIAN_POINT('',(3.5527136788005E-15,3.5527136788005E-15,4.5));
#3244=DIRECTION('',(-1.18803910646148E-16,-1.18803910646148E-16,1.));
#3245=DIRECTION('',(0.728209526077811,0.685354569642262,1.6793694252053E-16));
#3246=CARTESIAN_POINT('',(10.5582898668424,12.6796102104021,5.5));
#3247=CARTESIAN_POINT('',(11.3083503990974,12.0154571802839,4.5));
#3248=CARTESIAN_POINT('',(11.3004346557218,12.0229071202632,4.49999988519324));
#3249=CARTESIAN_POINT('',(11.2835928270029,12.0387263921238,4.50037647681392));
#3250=CARTESIAN_POINT('',(11.256818037767,12.0637700004862,4.50224452856882));
#3251=CARTESIAN_POINT('',(11.2244202729349,12.0939309044881,4.50622164832087));
#3252=CARTESIAN_POINT('',(11.1847993867816,12.1306012944604,4.51370988082442));
#3253=CARTESIAN_POINT('',(11.1343721038221,12.1769305602763,4.52752229812052));
#3254=CARTESIAN_POINT('',(11.0751451906081,12.2308493631919,4.55017922116864));
#3255=CARTESIAN_POINT('',(11.0070087143023,12.2922247618136,4.5854020615172));
#3256=CARTESIAN_POINT('',(10.9344989467949,12.3567819036143,4.63473542427953));
#3257=CARTESIAN_POINT('',(10.8601047762912,12.4222106472136,4.70034153822834));
#3258=CARTESIAN_POINT('',(10.789241888607,12.4837885682242,4.78046782485782));
#3259=CARTESIAN_POINT('',(10.7179027217346,12.5450957132837,4.88364650685715));
#3260=CARTESIAN_POINT('',(10.653992495366,12.5993845400639,5.00801777425377));
#3261=CARTESIAN_POINT('',(10.6039295046877,12.641501192714,5.15002365028751));
#3262=CARTESIAN_POINT('',(10.5768229064134,12.6641612124667,5.27235175867466));
#3263=CARTESIAN_POINT('',(10.5641916800554,12.6746945371058,5.3691813620766));
#3264=CARTESIAN_POINT('',(10.5592418018729,12.678817757219,5.4381902817123));
#3265=CARTESIAN_POINT('',(10.5582888262774,12.6796107991309,5.48064494369328));
#3266=CARTESIAN_POINT('',(10.5582898668424,12.6796102104021,5.5));
#3267=CARTESIAN_POINT('',(10.5582898673439,12.6796102109035,14.5));
#3268=CARTESIAN_POINT('',(10.5582898668424,12.6796102104021,5.50000000008124));
#3269=VECTOR('',#3270,1.);
#3270=DIRECTION('',(0.,-1.9737298215805E-16,1.));
#3271=CARTESIAN_POINT('',(11.3083503990973,12.0154571802839,15.5));
#3272=CARTESIAN_POINT('',(10.5582898671179,12.6796102106322,14.5));
#3273=CARTESIAN_POINT('',(10.5582897393999,12.6796102746732,14.5125975394268));
#3274=CARTESIAN_POINT('',(10.5586682353841,12.6792951775535,14.5385353454316));
#3275=CARTESIAN_POINT('',(10.5604516752886,12.6778098865317,14.5784806039847));
#3276=CARTESIAN_POINT('',(10.5637470670314,12.6750643891511,14.6215246088698));
#3277=CARTESIAN_POINT('',(10.5689218051217,12.6707503374628,14.6678708522378));
#3278=CARTESIAN_POINT('',(10.5781952116438,12.6630115173416,14.7294583798873));
#3279=CARTESIAN_POINT('',(10.5947487396436,12.6491734838111,14.8092017393695));
#3280=CARTESIAN_POINT('',(10.6238450412535,12.6247625077633,14.9092330493795));
#3281=CARTESIAN_POINT('',(10.6632310061482,12.5915315416914,15.0086267304561));
#3282=CARTESIAN_POINT('',(10.7105184474593,12.5513390621043,15.1008250696948));
#3283=CARTESIAN_POINT('',(10.7672450181571,12.5027488267732,15.1900695371326));
#3284=CARTESIAN_POINT('',(10.8418956894087,12.4381597512988,15.2824448939917));
#3285=CARTESIAN_POINT('',(10.9363952732159,12.3552253800498,15.3689698381215));
#3286=CARTESIAN_POINT('',(11.0341531343982,12.2679662854037,15.4314378307636));
#3287=CARTESIAN_POINT('',(11.1193144247684,12.1907412685861,15.4680698397404));
#3288=CARTESIAN_POINT('',(11.1887221012932,12.127031254555,15.4877835417148));
#3289=CARTESIAN_POINT('',(11.2495333106514,12.0706331931019,15.497850841983));
#3290=CARTESIAN_POINT('',(11.2891212528017,12.0335557834321,15.5000031525096));
#3291=CARTESIAN_POINT('',(11.3083503990978,12.0154571802834,15.5));
#3292=AXIS2_PLACEMENT_3D('',#3293,#3294,#3295);
#3293=CARTESIAN_POINT('',(0.,0.,15.5));
#3294=DIRECTION('',(-1.42564692775377E-16,-1.42564692775377E-16,1.));
#3295=DIRECTION('',(0.728209526077811,0.685354569642262,2.01524331024636E-16));
#3296=CARTESIAN_POINT('',(-11.3083503990974,12.0154571802839,15.5));
#3297=CARTESIAN_POINT('',(-10.5582898668424,12.6796102104021,14.5));
#3298=CARTESIAN_POINT('',(-11.3083503990974,12.0154571802839,15.5));
#3299=CARTESIAN_POINT('',(-11.3004346557218,12.0229071202632,15.5000001148068));
#3300=CARTESIAN_POINT('',(-11.2835928270029,12.0387263921238,15.4996235231861));
#3301=CARTESIAN_POINT('',(-11.256818037767,12.0637700004862,15.4977554714312));
#3302=CARTESIAN_POINT('',(-11.2244202729349,12.0939309044881,15.4937783516791));
#3303=CARTESIAN_POINT('',(-11.1847993867816,12.1306012944604,15.4862901191756));
#3304=CARTESIAN_POINT('',(-11.1343721038221,12.1769305602763,15.4724777018795));
#3305=CARTESIAN_POINT('',(-11.0751451906081,12.2308493631919,15.4498207788314));
#3306=CARTESIAN_POINT('',(-11.0070087143023,12.2922247618136,15.4145979384828));
#3307=CARTESIAN_POINT('',(-10.9344989467949,12.3567819036143,15.3652645757205));
#3308=CARTESIAN_POINT('',(-10.8601047762912,12.4222106472136,15.2996584617717));
#3309=CARTESIAN_POINT('',(-10.789241888607,12.4837885682242,15.2195321751422));
#3310=CARTESIAN_POINT('',(-10.7179027217346,12.5450957132837,15.1163534931429));
#3311=CARTESIAN_POINT('',(-10.653992495366,12.5993845400639,14.9919822257462));
#3312=CARTESIAN_POINT('',(-10.6039295046877,12.641501192714,14.8499763497125));
#3313=CARTESIAN_POINT('',(-10.5768229064134,12.6641612124667,14.7276482413253));
#3314=CARTESIAN_POINT('',(-10.5641916800554,12.6746945371058,14.6308186379234));
#3315=CARTESIAN_POINT('',(-10.5592418018729,12.678817757219,14.5618097182877));
#3316=CARTESIAN_POINT('',(-10.5582888262774,12.6796107991309,14.5193550563067));
#3317=CARTESIAN_POINT('',(-10.5582898668424,12.6796102104021,14.5));
#3318=CARTESIAN_POINT('',(-10.5582898668424,12.6796102104021,5.5));
#3319=CARTESIAN_POINT('',(-10.5582898668424,12.6796102104021,5.50000000008124));
#3320=VECTOR('',#3321,1.);
#3321=DIRECTION('',(-1.9737298215805E-16,0.,1.));
#3322=CARTESIAN_POINT('',(-11.3083503990973,12.0154571802839,4.5));
#3323=CARTESIAN_POINT('',(-10.5582898668424,12.6796102104021,5.5));
#3324=CARTESIAN_POINT('',(-10.5582884458371,12.6796110030152,5.47761503735966));
#3325=CARTESIAN_POINT('',(-10.5594599040079,12.678636237584,5.43250612248542));
#3326=CARTESIAN_POINT('',(-10.564774266321,12.6742089038619,5.36468769622856));
#3327=CARTESIAN_POINT('',(-10.575362382156,12.6653784066571,5.28462779195126));
#3328=CARTESIAN_POINT('',(-10.5946537991473,12.6492568135345,5.18955397867988));
#3329=CARTESIAN_POINT('',(-10.6278709189996,12.6213812661319,5.07826609089489));
#3330=CARTESIAN_POINT('',(-10.6715504641357,12.5844902239888,4.97294909699919));
#3331=CARTESIAN_POINT('',(-10.7223595474226,12.5412309384023,4.87888683915478));
#3332=CARTESIAN_POINT('',(-10.7815266076194,12.4904420561471,4.79060519428781));
#3333=CARTESIAN_POINT('',(-10.858247074705,12.423896088499,4.70064121786729));
#3334=CARTESIAN_POINT('',(-10.9540569265048,12.3395749449578,4.61785246204202));
#3335=CARTESIAN_POINT('',(-11.0518489859672,12.2520238708279,4.55950798799571));
#3336=CARTESIAN_POINT('',(-11.1350020541661,12.176403638108,4.5266822892083));
#3337=CARTESIAN_POINT('',(-11.2005487146332,12.1160942389996,4.50987675763671));
#3338=CARTESIAN_POINT('',(-11.2558414324733,12.0647335518152,4.50170492961666));
#3339=CARTESIAN_POINT('',(-11.2913381366691,12.0314689701863,4.49999799017313));
#3340=CARTESIAN_POINT('',(-11.3083503970147,12.015457182244,4.5));
#3341=CARTESIAN_POINT('',(-12.0154571802839,11.3083503990974,4.5));
#3342=AXIS2_PLACEMENT_3D('',#3343,#3344,#3345);
#3343=CARTESIAN_POINT('',(-3.5527136788005E-15,3.5527136788005E-15,4.5));
#3344=DIRECTION('',(1.18803910646148E-16,-1.18803910646148E-16,1.));
#3345=DIRECTION('',(-0.685354569642262,0.728209526077811,1.6793694252053E-16));
#3346=CARTESIAN_POINT('',(-12.6796102104021,10.5582898668424,5.5));
#3347=CARTESIAN_POINT('',(-12.0154571802839,11.3083503990974,4.5));
#3348=CARTESIAN_POINT('',(-12.0229071202632,11.3004346557218,4.49999988519324));
#3349=CARTESIAN_POINT('',(-12.0387263921238,11.2835928270029,4.50037647681392));
#3350=CARTESIAN_POINT('',(-12.0637700004862,11.256818037767,4.50224452856882));
#3351=CARTESIAN_POINT('',(-12.0939309044881,11.2244202729349,4.50622164832087));
#3352=CARTESIAN_POINT('',(-12.1306012944604,11.1847993867816,4.51370988082442));
#3353=CARTESIAN_POINT('',(-12.1769305602763,11.1343721038221,4.52752229812052));
#3354=CARTESIAN_POINT('',(-12.2308493631919,11.0751451906081,4.55017922116863));
#3355=CARTESIAN_POINT('',(-12.2922247618136,11.0070087143023,4.58540206151721));
#3356=CARTESIAN_POINT('',(-12.3567819036143,10.9344989467949,4.63473542427953));
#3357=CARTESIAN_POINT('',(-12.4222106472136,10.8601047762912,4.70034153822835));
#3358=CARTESIAN_POINT('',(-12.4837885682242,10.789241888607,4.78046782485782));
#3359=CARTESIAN_POINT('',(-12.5450957132837,10.7179027217346,4.88364650685715));
#3360=CARTESIAN_POINT('',(-12.5993845400639,10.653992495366,5.00801777425378));
#3361=CARTESIAN_POINT('',(-12.641501192714,10.6039295046877,5.15002365028751));
#3362=CARTESIAN_POINT('',(-12.6641612124667,10.5768229064134,5.27235175867466));
#3363=CARTESIAN_POINT('',(-12.6746945371058,10.5641916800554,5.3691813620766));
#3364=CARTESIAN_POINT('',(-12.678817757219,10.5592418018729,5.43819028171231));
#3365=CARTESIAN_POINT('',(-12.6796107991309,10.5582888262774,5.48064494369328));
#3366=CARTESIAN_POINT('',(-12.6796102104021,10.5582898668424,5.5));
#3367=CARTESIAN_POINT('',(-12.6796102109035,10.5582898673439,14.5));
#3368=CARTESIAN_POINT('',(-12.6796102104021,10.5582898668424,5.50000000008124));
#3369=VECTOR('',#3370,1.);
#3370=DIRECTION('',(1.9737298215805E-16,0.,1.));
#3371=CARTESIAN_POINT('',(-12.0154571802839,11.3083503990973,15.5));
#3372=CARTESIAN_POINT('',(-12.6796102106322,10.5582898671179,14.5));
#3373=CARTESIAN_POINT('',(-12.6796102746732,10.5582897393999,14.5125975394268));
#3374=CARTESIAN_POINT('',(-12.6792951775535,10.5586682353841,14.5385353454316));
#3375=CARTESIAN_POINT('',(-12.6778098865317,10.5604516752886,14.5784806039847));
#3376=CARTESIAN_POINT('',(-12.6750643891511,10.5637470670314,14.6215246088698));
#3377=CARTESIAN_POINT('',(-12.6707503374628,10.5689218051217,14.6678708522378));
#3378=CARTESIAN_POINT('',(-12.6630115173416,10.5781952116438,14.7294583798873));
#3379=CARTESIAN_POINT('',(-12.6491734838111,10.5947487396436,14.8092017393694));
#3380=CARTESIAN_POINT('',(-12.6247625077633,10.6238450412535,14.9092330493795));
#3381=CARTESIAN_POINT('',(-12.5915315416914,10.6632310061482,15.0086267304561));
#3382=CARTESIAN_POINT('',(-12.5513390621043,10.7105184474593,15.1008250696948));
#3383=CARTESIAN_POINT('',(-12.5027488267732,10.7672450181571,15.1900695371326));
#3384=CARTESIAN_POINT('',(-12.4381597512988,10.8418956894087,15.2824448939917));
#3385=CARTESIAN_POINT('',(-12.3552253800499,10.9363952732159,15.3689698381215));
#3386=CARTESIAN_POINT('',(-12.2679662854037,11.0341531343982,15.4314378307636));
#3387=CARTESIAN_POINT('',(-12.1907412685861,11.1193144247684,15.4680698397404));
#3388=CARTESIAN_POINT('',(-12.127031254555,11.1887221012932,15.4877835417148));
#3389=CARTESIAN_POINT('',(-12.0706331931019,11.2495333106514,15.497850841983));
#3390=CARTESIAN_POINT('',(-12.0335557834321,11.2891212528017,15.5000031525096));
#3391=CARTESIAN_POINT('',(-12.0154571802834,11.3083503990978,15.5));
#3392=AXIS2_PLACEMENT_3D('',#3393,#3394,#3395);
#3393=CARTESIAN_POINT('',(0.,0.,15.5));
#3394=DIRECTION('',(1.42564692775377E-16,-1.42564692775377E-16,1.));
#3395=DIRECTION('',(-0.685354569642262,0.728209526077811,2.01524331024636E-16));
#3396=CARTESIAN_POINT('',(17.9930542154466,-0.5,15.5));
#3397=VECTOR('',#3398,1.);
#3398=DIRECTION('',(-1.,-2.21951131984968E-16,0.));
#3399=CARTESIAN_POINT('',(17.9373911146521,-1.5,14.5));
#3400=VECTOR('',#3401,1.);
#3401=DIRECTION('',(-1.,0.,0.));
#3402=CARTESIAN_POINT('',(17.9930542154466,0.5,15.5));
#3403=VECTOR('',#3404,1.);
#3404=DIRECTION('',(-1.,0.,0.));
#3405=CARTESIAN_POINT('',(17.9373911152174,1.5,14.5));
#3406=VECTOR('',#3407,1.);
#3407=DIRECTION('',(-1.,0.,0.));
#3408=CARTESIAN_POINT('',(17.9373911146521,1.5,5.5));
#3409=VECTOR('',#3410,1.);
#3410=DIRECTION('',(-1.,0.,0.));
#3411=CARTESIAN_POINT('',(17.9930542154673,0.5,4.5));
#3412=VECTOR('',#3413,1.);
#3413=DIRECTION('',(-1.,7.39837106606369E-17,0.));
#3414=CARTESIAN_POINT('',(17.9930542154466,-0.5,4.5));
#3415=VECTOR('',#3416,1.);
#3416=DIRECTION('',(-1.,0.,0.));
#3417=CARTESIAN_POINT('',(16.,-1.95943487863576E-15,0.));
#3418=AXIS2_PLACEMENT_3D('',#3419,#3420,#3421);
#3419=CARTESIAN_POINT('',(0.,0.,0.));
#3420=DIRECTION('',(0.,0.,1.));
#3421=DIRECTION('',(1.,0.,0.));
#3422=CARTESIAN_POINT('',(17.9373911152174,-1.5,5.50000000000001));
#3423=VECTOR('',#3424,1.);
#3424=DIRECTION('',(-1.,0.,-5.89871774861181E-16));
#3425=CARTESIAN_POINT('',(-11.622990722186,13.7443110657456,14.5));
#3426=VECTOR('',#3427,1.);
#3427=DIRECTION('',(0.707106781186547,-0.707106781186548,0.));
#3428=CARTESIAN_POINT('',(-12.3694572594062,13.0765640405928,15.5));
#3429=VECTOR('',#3430,1.);
#3430=DIRECTION('',(0.707106781186548,-0.707106781186547,0.));
#3431=CARTESIAN_POINT('',(-13.0765640405927,12.3694572594062,15.5));
#3432=VECTOR('',#3433,1.);
#3433=DIRECTION('',(0.707106781186548,-0.707106781186548,0.));
#3434=CARTESIAN_POINT('',(-13.7443110661454,11.6229907225857,14.5));
#3435=VECTOR('',#3436,1.);
#3436=DIRECTION('',(0.707106781186548,-0.707106781186547,0.));
#3437=CARTESIAN_POINT('',(-13.7443110657456,11.622990722186,5.5));
#3438=VECTOR('',#3439,1.);
#3439=DIRECTION('',(0.707106781186547,-0.707106781186548,0.));
#3440=CARTESIAN_POINT('',(-13.0765640406074,12.3694572594209,4.5));
#3441=VECTOR('',#3442,1.);
#3442=DIRECTION('',(0.707106781186547,-0.707106781186547,0.));
#3443=CARTESIAN_POINT('',(-12.3694572594062,13.0765640405927,4.5));
#3444=VECTOR('',#3445,1.);
#3445=DIRECTION('',(0.707106781186547,-0.707106781186547,0.));
#3446=CARTESIAN_POINT('',(-11.622990722186,13.7443110657456,5.50000000000001));
#3447=VECTOR('',#3448,1.);
#3448=DIRECTION('',(0.707106781186548,-0.707106781186548,-5.89871775082633E-16));
#3449=CARTESIAN_POINT('',(13.7443110657456,11.622990722186,14.5));
#3450=VECTOR('',#3451,1.);
#3451=DIRECTION('',(-0.707106781186548,-0.707106781186548,0.));
#3452=CARTESIAN_POINT('',(13.0765640405928,12.3694572594062,15.5));
#3453=VECTOR('',#3454,1.);
#3454=DIRECTION('',(-0.707106781186547,-0.707106781186548,0.));
#3455=CARTESIAN_POINT('',(12.3694572594062,13.0765640405927,15.5));
#3456=VECTOR('',#3457,1.);
#3457=DIRECTION('',(-0.707106781186547,-0.707106781186547,0.));
#3458=CARTESIAN_POINT('',(11.6229907225857,13.7443110661454,14.5));
#3459=VECTOR('',#3460,1.);
#3460=DIRECTION('',(-0.707106781186548,-0.707106781186547,0.));
#3461=CARTESIAN_POINT('',(11.622990722186,13.7443110657456,5.5));
#3462=VECTOR('',#3463,1.);
#3463=DIRECTION('',(-0.707106781186548,-0.707106781186547,0.));
#3464=CARTESIAN_POINT('',(12.3694572594209,13.0765640406074,4.5));
#3465=VECTOR('',#3466,1.);
#3466=DIRECTION('',(-0.707106781186547,-0.707106781186547,0.));
#3467=CARTESIAN_POINT('',(13.0765640405927,12.3694572594062,4.5));
#3468=VECTOR('',#3469,1.);
#3469=DIRECTION('',(-0.707106781186548,-0.707106781186548,0.));
#3470=CARTESIAN_POINT('',(13.7443110657456,11.622990722186,5.50000000000001));
#3471=VECTOR('',#3472,1.);
#3472=DIRECTION('',(-0.707106781186548,-0.707106781186548,-5.89871775082633E-16));
#3473=CARTESIAN_POINT('',(11.622990722186,-13.7443110657456,14.5));
#3474=VECTOR('',#3475,1.);
#3475=DIRECTION('',(-0.707106781186547,0.707106781186548,0.));
#3476=CARTESIAN_POINT('',(12.3694572594062,-13.0765640405928,15.5));
#3477=VECTOR('',#3478,1.);
#3478=DIRECTION('',(-0.707106781186548,0.707106781186547,0.));
#3479=CARTESIAN_POINT('',(13.0765640405927,-12.3694572594062,15.5));
#3480=VECTOR('',#3481,1.);
#3481=DIRECTION('',(-0.707106781186548,0.707106781186548,0.));
#3482=CARTESIAN_POINT('',(13.7443110661454,-11.6229907225857,14.5));
#3483=VECTOR('',#3484,1.);
#3484=DIRECTION('',(-0.707106781186548,0.707106781186548,0.));
#3485=CARTESIAN_POINT('',(13.7443110657456,-11.622990722186,5.5));
#3486=VECTOR('',#3487,1.);
#3487=DIRECTION('',(-0.707106781186547,0.707106781186548,0.));
#3488=CARTESIAN_POINT('',(13.0765640406074,-12.3694572594209,4.5));
#3489=VECTOR('',#3490,1.);
#3490=DIRECTION('',(-0.707106781186547,0.707106781186547,0.));
#3491=CARTESIAN_POINT('',(12.3694572594062,-13.0765640405927,4.5));
#3492=VECTOR('',#3493,1.);
#3493=DIRECTION('',(-0.707106781186548,0.707106781186548,0.));
#3494=CARTESIAN_POINT('',(11.622990722186,-13.7443110657456,5.50000000000001));
#3495=VECTOR('',#3496,1.);
#3496=DIRECTION('',(-0.707106781186548,0.707106781186548,-5.89871775082633E-16));
#3497=CARTESIAN_POINT('',(-13.7443110657456,-11.622990722186,14.5));
#3498=VECTOR('',#3499,1.);
#3499=DIRECTION('',(0.707106781186548,0.707106781186548,0.));
#3500=CARTESIAN_POINT('',(-13.0765640405928,-12.3694572594062,15.5));
#3501=VECTOR('',#3502,1.);
#3502=DIRECTION('',(0.707106781186547,0.707106781186548,0.));
#3503=CARTESIAN_POINT('',(-12.3694572594062,-13.0765640405927,15.5));
#3504=VECTOR('',#3505,1.);
#3505=DIRECTION('',(0.707106781186548,0.707106781186548,0.));
#3506=CARTESIAN_POINT('',(-11.6229907225857,-13.7443110661454,14.5));
#3507=VECTOR('',#3508,1.);
#3508=DIRECTION('',(0.707106781186549,0.707106781186546,0.));
#3509=CARTESIAN_POINT('',(-11.622990722186,-13.7443110657456,5.5));
#3510=VECTOR('',#3511,1.);
#3511=DIRECTION('',(0.707106781186548,0.707106781186547,0.));
#3512=CARTESIAN_POINT('',(-12.3694572594209,-13.0765640406074,4.5));
#3513=VECTOR('',#3514,1.);
#3514=DIRECTION('',(0.707106781186547,0.707106781186547,0.));
#3515=CARTESIAN_POINT('',(-13.0765640405927,-12.3694572594062,4.5));
#3516=VECTOR('',#3517,1.);
#3517=DIRECTION('',(0.707106781186548,0.707106781186548,0.));
#3518=CARTESIAN_POINT('',(-13.7443110657456,-11.622990722186,5.50000000000001));
#3519=VECTOR('',#3520,1.);
#3520=DIRECTION('',(0.707106781186546,0.707106781186549,-5.89871775082634E-16));
#3521=CARTESIAN_POINT('',(-17.9930542154466,0.5,15.5));
#3522=VECTOR('',#3523,1.);
#3523=DIRECTION('',(1.,0.,0.));
#3524=CARTESIAN_POINT('',(-17.9373911146521,1.5,14.5));
#3525=VECTOR('',#3526,1.);
#3526=DIRECTION('',(1.,0.,0.));
#3527=CARTESIAN_POINT('',(-17.9930542154466,-0.5,15.5));
#3528=VECTOR('',#3529,1.);
#3529=DIRECTION('',(1.,0.,0.));
#3530=CARTESIAN_POINT('',(-17.9373911152174,-1.5,14.5));
#3531=VECTOR('',#3532,1.);
#3532=DIRECTION('',(1.,0.,0.));
#3533=CARTESIAN_POINT('',(-17.9373911146521,-1.5,5.5));
#3534=VECTOR('',#3535,1.);
#3535=DIRECTION('',(1.,0.,0.));
#3536=CARTESIAN_POINT('',(-17.9930542154673,-0.5,4.5));
#3537=VECTOR('',#3538,1.);
#3538=DIRECTION('',(1.,7.39837106606367E-17,0.));
#3539=CARTESIAN_POINT('',(-17.9930542154466,0.5,4.5));
#3540=VECTOR('',#3541,1.);
#3541=DIRECTION('',(1.,0.,0.));
#3542=CARTESIAN_POINT('',(-17.9373911152174,1.5,5.50000000000001));
#3543=VECTOR('',#3544,1.);
#3544=DIRECTION('',(1.,0.,-5.89871774861184E-16));
#3545=CARTESIAN_POINT('',(-0.5,-17.9930542154466,15.5));
#3546=VECTOR('',#3547,1.);
#3547=DIRECTION('',(0.,1.,0.));
#3548=CARTESIAN_POINT('',(-1.5,-17.9373911146521,14.5));
#3549=VECTOR('',#3550,1.);
#3550=DIRECTION('',(0.,1.,0.));
#3551=CARTESIAN_POINT('',(0.5,-17.9930542154466,15.5));
#3552=VECTOR('',#3553,1.);
#3553=DIRECTION('',(0.,1.,0.));
#3554=CARTESIAN_POINT('',(1.5,-17.9373911152174,14.5));
#3555=VECTOR('',#3556,1.);
#3556=DIRECTION('',(0.,1.,0.));
#3557=CARTESIAN_POINT('',(1.5,-17.9373911146521,5.5));
#3558=VECTOR('',#3559,1.);
#3559=DIRECTION('',(0.,1.,0.));
#3560=CARTESIAN_POINT('',(0.5,-17.9930542154673,4.5));
#3561=VECTOR('',#3562,1.);
#3562=DIRECTION('',(0.,1.,0.));
#3563=CARTESIAN_POINT('',(-0.5,-17.9930542154466,4.5));
#3564=VECTOR('',#3565,1.);
#3565=DIRECTION('',(0.,1.,0.));
#3566=CARTESIAN_POINT('',(-1.5,-17.9373911152174,5.50000000000001));
#3567=VECTOR('',#3568,1.);
#3568=DIRECTION('',(0.,1.,-5.89871774861183E-16));
#3569=CARTESIAN_POINT('',(0.5,17.9930542154466,15.5));
#3570=VECTOR('',#3571,1.);
#3571=DIRECTION('',(0.,-1.,0.));
#3572=CARTESIAN_POINT('',(1.5,17.9373911146521,14.5));
#3573=VECTOR('',#3574,1.);
#3574=DIRECTION('',(0.,-1.,0.));
#3575=CARTESIAN_POINT('',(-0.5,17.9930542154466,15.5));
#3576=VECTOR('',#3577,1.);
#3577=DIRECTION('',(0.,-1.,0.));
#3578=CARTESIAN_POINT('',(-1.5,17.9373911152174,14.5));
#3579=VECTOR('',#3580,1.);
#3580=DIRECTION('',(0.,-1.,0.));
#3581=CARTESIAN_POINT('',(-1.5,17.9373911146521,5.5));
#3582=VECTOR('',#3583,1.);
#3583=DIRECTION('',(0.,-1.,0.));
#3584=CARTESIAN_POINT('',(-0.5,17.9930542154673,4.5));
#3585=VECTOR('',#3586,1.);
#3586=DIRECTION('',(0.,-1.,0.));
#3587=CARTESIAN_POINT('',(0.5,17.9930542154466,4.5));
#3588=VECTOR('',#3589,1.);
#3589=DIRECTION('',(0.,-1.,0.));
#3590=CARTESIAN_POINT('',(1.5,17.9373911152174,5.50000000000001));
#3591=VECTOR('',#3592,1.);
#3592=DIRECTION('',(0.,-1.,-5.89871774861184E-16));
#3593=CARTESIAN_POINT('',(-15.,0.,19.5));
#3594=AXIS2_PLACEMENT_3D('',#3595,#3596,#3597);
#3595=CARTESIAN_POINT('',(0.,0.,19.5));
#3596=DIRECTION('',(0.,0.,-1.));
#3597=DIRECTION('',(-1.,1.22464679914735E-16,0.));
#3598=CARTESIAN_POINT('',(-14.5,3.55147571752732E-15,2.));
#3599=AXIS2_PLACEMENT_3D('',#3600,#3601,#3602);
#3600=CARTESIAN_POINT('',(0.,0.,2.));
#3601=DIRECTION('',(0.,0.,1.));
#3602=DIRECTION('',(-1.,1.22464679914735E-16,0.));
#3603=CARTESIAN_POINT('',(6.,1.5,0.));
#3604=AXIS2_PLACEMENT_3D('',#3605,#3606,#3607);
#3605=CARTESIAN_POINT('',(6.,7.34788079488412E-16,0.));
#3606=DIRECTION('',(0.,0.,-1.));
#3607=DIRECTION('',(-6.12323399573676E-17,1.,0.));
#3608=CARTESIAN_POINT('',(-6.,1.5,0.));
#3609=AXIS2_PLACEMENT_3D('',#3610,#3611,#3612);
#3610=CARTESIAN_POINT('',(-6.,-1.46957615897682E-15,0.));
#3611=DIRECTION('',(0.,0.,-1.));
#3612=DIRECTION('',(-6.12323399573676E-17,1.,0.));
#3613=CARTESIAN_POINT('',(8.26636589424463E-16,-4.5,0.));
#3614=AXIS2_PLACEMENT_3D('',#3615,#3616,#3617);
#3615=CARTESIAN_POINT('',(1.10218211923262E-15,-6.,0.));
#3616=DIRECTION('',(0.,0.,-1.));
#3617=DIRECTION('',(-6.12323399573676E-17,1.,0.));
#3618=CARTESIAN_POINT('',(-6.42939569552361E-16,7.5,0.));
#3619=AXIS2_PLACEMENT_3D('',#3620,#3621,#3622);
#3620=CARTESIAN_POINT('',(-3.67394039744206E-16,6.,0.));
#3621=DIRECTION('',(0.,0.,-1.));
#3622=DIRECTION('',(-6.12323399573676E-17,1.,0.));
#3623=CARTESIAN_POINT('',(-4.59242549680257E-16,2.5,0.));
#3624=AXIS2_PLACEMENT_3D('',#3625,#3626,#3627);
#3625=CARTESIAN_POINT('',(0.,0.,0.));
#3626=DIRECTION('',(0.,0.,-1.));
#3627=DIRECTION('',(-6.12323399573677E-17,1.,0.));
#3628=CARTESIAN_POINT('',(6.,1.5,2.));
#3629=AXIS2_PLACEMENT_3D('',#3630,#3631,#3632);
#3630=CARTESIAN_POINT('',(6.,7.34788079488412E-16,2.));
#3631=DIRECTION('',(0.,0.,-1.));
#3632=DIRECTION('',(-6.12323399573676E-17,1.,0.));
#3633=CARTESIAN_POINT('',(-6.,1.5,2.));
#3634=AXIS2_PLACEMENT_3D('',#3635,#3636,#3637);
#3635=CARTESIAN_POINT('',(-6.,-1.46957615897682E-15,2.));
#3636=DIRECTION('',(0.,0.,-1.));
#3637=DIRECTION('',(-6.12323399573676E-17,1.,0.));
#3638=CARTESIAN_POINT('',(8.26636589424463E-16,-4.5,2.));
#3639=AXIS2_PLACEMENT_3D('',#3640,#3641,#3642);
#3640=CARTESIAN_POINT('',(1.10218211923262E-15,-6.,2.));
#3641=DIRECTION('',(0.,0.,-1.));
#3642=DIRECTION('',(-6.12323399573676E-17,1.,0.));
#3643=CARTESIAN_POINT('',(-6.4293956955236E-16,7.5,2.));
#3644=AXIS2_PLACEMENT_3D('',#3645,#3646,#3647);
#3645=CARTESIAN_POINT('',(-3.67394039744206E-16,6.,2.));
#3646=DIRECTION('',(0.,0.,-1.));
#3647=DIRECTION('',(-6.12323399573676E-17,1.,0.));
#3648=CARTESIAN_POINT('',(-4.59242549680257E-16,2.5,2.));
#3649=AXIS2_PLACEMENT_3D('',#3650,#3651,#3652);
#3650=CARTESIAN_POINT('',(0.,0.,2.));
#3651=DIRECTION('',(0.,0.,-1.));
#3652=DIRECTION('',(-6.12323399573676E-17,1.,0.));
ENDSEC;
END-ISO-10303-21;
