ISO-10303-21;
HEADER;
FILE_DESCRIPTION(('STEP AP242'),
    '1');
FILE_NAME('Ронити МД - Днищенский держатель силикона',
    '',
    ('UNSPECIFIED'),
    ('UNSPECIFIED'),
    'C3D Converter',
    'C3D Toolkit',
    '');
FILE_SCHEMA(('AP242_MANAGED_MODEL_BASED_3D_ENGINEERING_MIM_LF { 1 0 10303 442 1 1 4 }'));
ENDSEC;

DATA;
#1=PRODUCT_DEFINITION('','UNSPECIFIED',#28,#31);
#2=SHAPE_DEFINITION_REPRESENTATION(#26,#3);
#3=SHAPE_REPRESENTATION('NONE',(#4),#8);
#4=AXIS2_PLACEMENT_3D('',#5,#6,#7);
#5=CARTESIAN_POINT('',(0.,0.,0.));
#6=DIRECTION('',(0.,0.,1.));
#7=DIRECTION('',(1.,0.,0.));
#8=(GEOMETRIC_REPRESENTATION_CONTEXT(3)GLOBAL_UNCERTAINTY_ASSIGNED_CONTEXT((#10))
GLOBAL_UNIT_ASSIGNED_CONTEXT((#9,#11,#12))REPRESENTATION_CONTEXT('NONE','NONE'));
#9=(LENGTH_UNIT()NAMED_UNIT(*)SI_UNIT(.MILLI.,.METRE.));
#10=UNCERTAINTY_MEASURE_WITH_UNIT(LENGTH_MEASURE(1.E-5),#9,'NONE','NONE');
#11=(NAMED_UNIT(*)PLANE_ANGLE_UNIT()SI_UNIT($,.RADIAN.));
#12=(NAMED_UNIT(*)SI_UNIT($,.STERADIAN.)SOLID_ANGLE_UNIT());
#13=MANIFOLD_SOLID_BREP('',#14);
#14=CLOSED_SHELL('',(#53,#54,#55,#56,#57,#58,#59,#60,#61,#62,#63,#64,#65,#66,#67,
#68,#69,#70,#71,#72,#73,#74,#75,#76,#77,#78));
#15=COLOUR_RGB('',0.8,0.6,1.);
#16=FILL_AREA_STYLE_COLOUR('',#15);
#17=FILL_AREA_STYLE($,(#16));
#18=SURFACE_STYLE_FILL_AREA(#17);
#19=SURFACE_SIDE_STYLE('',(#18));
#20=SURFACE_STYLE_USAGE(.BOTH.,#19);
#21=PRESENTATION_STYLE_ASSIGNMENT((#20));
#22=MECHANICAL_DESIGN_GEOMETRIC_PRESENTATION_REPRESENTATION('NONE',(#23),#8);
#23=STYLED_ITEM('',(#21),#13);
#24=ADVANCED_BREP_SHAPE_REPRESENTATION('NONE',(#13),#8);
#25=SHAPE_REPRESENTATION_RELATIONSHIP('','',#3,#24);
#26=PRODUCT_DEFINITION_SHAPE('NONE','NONE',#1);
#27=MECHANICAL_CONTEXT('NONE',#32,'mechanical');
#28=PRODUCT_DEFINITION_FORMATION_WITH_SPECIFIED_SOURCE('ANY','UNSPECIFIED',#29,.NOT_KNOWN.);
#29=PRODUCT('\X2\0420043E043D043804420438\X0\ \X2\041C0414\X0\','\X2\0414043D043804490435043D0441043A04380439\X0\ \X2\0434043504400436043004420435043B044C\X0\ \X2\04410438043B0438043A043E043D0430\X0\',
'NONE',(#27));
#30=PRODUCT_RELATED_PRODUCT_CATEGORY('detail','',(#29));
#31=DESIGN_CONTEXT('detailed design',#32,'design');
#32=APPLICATION_CONTEXT('configuration controlled 3d designs of mechanical parts and assemblies');
#33=APPLICATION_PROTOCOL_DEFINITION('international standard','config_control_design',
1994,#32);
#34=CC_DESIGN_DATE_AND_TIME_ASSIGNMENT(#35,#39,(#1));
#35=DATE_AND_TIME(#36,#37);
#36=CALENDAR_DATE(0,1,1);
#37=LOCAL_TIME(0,0,0.,#38);
#38=COORDINATED_UNIVERSAL_TIME_OFFSET(0,0,.AHEAD.);
#39=DATE_TIME_ROLE('creation_date');
#40=CC_DESIGN_APPROVAL(#41,(#1));
#41=APPROVAL(#42,'UNSPECIFIED');
#42=APPROVAL_STATUS('not_yet_approved');
#43=APPROVAL_DATE_TIME(#44,#41);
#44=DATE_AND_TIME(#45,#46);
#45=CALENDAR_DATE(0,1,1);
#46=LOCAL_TIME(0,0,0.,#47);
#47=COORDINATED_UNIVERSAL_TIME_OFFSET(0,0,.AHEAD.);
#48=PERSON('UNSPECIFIED','io','UNSPECIFIED',('UNSPECIFIED'),('UNSPECIFIED'),('UNSPECIFIED'));
#49=ORGANIZATION('UNSPECIFIED','UNSPECIFIED','UNSPECIFIED');
#50=PERSON_AND_ORGANIZATION(#48,#49);
#51=PERSON_AND_ORGANIZATION_ROLE('creator');
#52=CC_DESIGN_PERSON_AND_ORGANIZATION_ASSIGNMENT(#50,#51,(#28,#1));
#53=ADVANCED_FACE('',(#79),#81,.F.);
#54=ADVANCED_FACE('',(#90),#92,.F.);
#55=ADVANCED_FACE('',(#101),#103,.F.);
#56=ADVANCED_FACE('',(#112),#114,.F.);
#57=ADVANCED_FACE('',(#123,#125),#127,.T.);
#58=ADVANCED_FACE('',(#132),#134,.F.);
#59=ADVANCED_FACE('',(#143,#145),#147,.F.);
#60=ADVANCED_FACE('',(#152),#154,.F.);
#61=ADVANCED_FACE('',(#163,#165),#167,.F.);
#62=ADVANCED_FACE('',(#172),#174,.T.);
#63=ADVANCED_FACE('',(#179,#181),#183,.T.);
#64=ADVANCED_FACE('',(#188),#190,.T.);
#65=ADVANCED_FACE('',(#195),#197,.T.);
#66=ADVANCED_FACE('',(#202),#204,.T.);
#67=ADVANCED_FACE('',(#209,#211),#213,.T.);
#68=ADVANCED_FACE('',(#218,#220),#222,.F.);
#69=ADVANCED_FACE('',(#227),#229,.T.);
#70=ADVANCED_FACE('',(#234),#236,.F.);
#71=ADVANCED_FACE('',(#245),#247,.T.);
#72=ADVANCED_FACE('',(#252),#254,.T.);
#73=ADVANCED_FACE('',(#259),#261,.F.);
#74=ADVANCED_FACE('',(#270),#272,.T.);
#75=ADVANCED_FACE('',(#277),#279,.T.);
#76=ADVANCED_FACE('',(#284),#286,.T.);
#77=ADVANCED_FACE('',(#291),#293,.T.);
#78=ADVANCED_FACE('',(#298),#300,.T.);
#79=FACE_BOUND('',#80,.T.);
#80=EDGE_LOOP('',(#305,#306,#307,#308));
#81=(BOUNDED_SURFACE()B_SPLINE_SURFACE(3,1,(
(#82,#83),
(#84,#85),
(#86,#87),
(#88,#89)),
.UNSPECIFIED.,.F.,.F.,.F.)B_SPLINE_SURFACE_WITH_KNOTS((4,4),
(2,2),
(3.79077739018109,5.63400057053955),
(0.219811320754717,0.313217076671668),
.UNSPECIFIED.)GEOMETRIC_REPRESENTATION_ITEM()RATIONAL_B_SPLINE_SURFACE((
(1.,1.),
(0.736358124477485,0.736358124477485),
(0.736358124477485,0.736358124477485),
(1.,1.)))REPRESENTATION_ITEM('')SURFACE());
#82=CARTESIAN_POINT('',(10.500535700598,2.4161886182529,14.85));
#83=CARTESIAN_POINT('',(10.500535700598,2.4161886182529,9.89949493640159));
#84=CARTESIAN_POINT('',(4.75336449850929,0.911122651644729,14.85));
#85=CARTESIAN_POINT('',(4.75336449850929,0.911122651644729,9.89949493640159));
#86=CARTESIAN_POINT('',(-4.7533644977518,0.911122651598686,14.85));
#87=CARTESIAN_POINT('',(-4.7533644977518,0.911122651598686,9.89949493640159));
#88=CARTESIAN_POINT('',(-10.5005357002096,2.41618861815119,14.85));
#89=CARTESIAN_POINT('',(-10.5005357002096,2.41618861815119,9.89949493640159));
#90=FACE_BOUND('',#91,.T.);
#91=EDGE_LOOP('',(#309,#310,#311,#312));
#92=(BOUNDED_SURFACE()B_SPLINE_SURFACE(3,1,(
(#93,#94),
(#95,#96),
(#97,#98),
(#99,#100)),
.UNSPECIFIED.,.F.,.F.,.F.)B_SPLINE_SURFACE_WITH_KNOTS((4,4),
(2,2),
(3.29220692811314,6.13257103265624),
(0.,0.0941564422784271),
.UNSPECIFIED.)GEOMETRIC_REPRESENTATION_ITEM()RATIONAL_B_SPLINE_SURFACE((
(1.,1.),
(0.43336365408268,0.43336365408268),
(0.43336365408268,0.43336365408268),
(1.,1.)))REPRESENTATION_ITEM('')SURFACE());
#93=CARTESIAN_POINT('',(13.0328407377829,3.6068997143378,26.5));
#94=CARTESIAN_POINT('',(13.0328407377829,3.6068997143378,21.5097085592434));
#95=CARTESIAN_POINT('',(10.0245606778523,-0.332657375836801,26.5));
#96=CARTESIAN_POINT('',(10.0245606778523,-0.332657375836801,21.5097085592434));
#97=CARTESIAN_POINT('',(-10.0245606778523,-0.3326573758368,26.5));
#98=CARTESIAN_POINT('',(-10.0245606778523,-0.3326573758368,21.5097085592434));
#99=CARTESIAN_POINT('',(-13.0328407377829,3.6068997143378,26.5));
#100=CARTESIAN_POINT('',(-13.0328407377829,3.6068997143378,21.5097085592434));
#101=FACE_BOUND('',#102,.T.);
#102=EDGE_LOOP('',(#313,#314,#315,#316,#317,#318));
#103=(BOUNDED_SURFACE()B_SPLINE_SURFACE(3,1,(
(#104,#105),
(#106,#107),
(#108,#109),
(#110,#111)),
.UNSPECIFIED.,.F.,.F.,.F.)B_SPLINE_SURFACE_WITH_KNOTS((4,4),
(2,2),
(3.29220692811314,6.13257103265624),
(0.905843557721573,1.),
.UNSPECIFIED.)GEOMETRIC_REPRESENTATION_ITEM()RATIONAL_B_SPLINE_SURFACE((
(1.,1.),
(0.43336365408268,0.43336365408268),
(0.43336365408268,0.43336365408268),
(1.,1.)))REPRESENTATION_ITEM('')SURFACE());
#104=CARTESIAN_POINT('',(13.0328407377829,3.6068997143378,-21.5097085592434));
#105=CARTESIAN_POINT('',(13.0328407377829,3.6068997143378,-26.5));
#106=CARTESIAN_POINT('',(10.0245606778523,-0.332657375836799,-21.5097085592434));
#107=CARTESIAN_POINT('',(10.0245606778523,-0.332657375836798,-26.5));
#108=CARTESIAN_POINT('',(-10.0245606778523,-0.332657375836797,-21.5097085592434));
#109=CARTESIAN_POINT('',(-10.0245606778523,-0.332657375836797,-26.5));
#110=CARTESIAN_POINT('',(-13.0328407377829,3.6068997143378,-21.5097085592434));
#111=CARTESIAN_POINT('',(-13.0328407377829,3.6068997143378,-26.5));
#112=FACE_BOUND('',#113,.T.);
#113=EDGE_LOOP('',(#319,#320,#321,#322,#323,#324));
#114=(BOUNDED_SURFACE()B_SPLINE_SURFACE(3,1,(
(#115,#116),
(#117,#118),
(#119,#120),
(#121,#122)),
.UNSPECIFIED.,.F.,.F.,.F.)B_SPLINE_SURFACE_WITH_KNOTS((4,4),
(2,2),
(3.7907773901876,5.63400057058939),
(0.686782923332256,0.780188679245283),
.UNSPECIFIED.)GEOMETRIC_REPRESENTATION_ITEM()RATIONAL_B_SPLINE_SURFACE((
(1.,1.),
(0.736358124465982,0.736358124465982),
(0.736358124465982,0.736358124465982),
(1.,1.)))REPRESENTATION_ITEM('')SURFACE());
#115=CARTESIAN_POINT('',(10.5005357005461,2.41618861823931,-9.89949493660958));
#116=CARTESIAN_POINT('',(10.5005357005461,2.41618861823931,-14.85));
#117=CARTESIAN_POINT('',(4.75336449822381,0.911122651590325,-9.89949493660958));
#118=CARTESIAN_POINT('',(4.75336449822381,0.911122651590326,-14.85));
#119=CARTESIAN_POINT('',(-4.75336449834207,0.911122651597514,-9.89949493660958));
#120=CARTESIAN_POINT('',(-4.75336449834207,0.911122651597515,-14.85));
#121=CARTESIAN_POINT('',(-10.5005357006068,2.41618861825519,-9.89949493660958));
#122=CARTESIAN_POINT('',(-10.5005357006068,2.41618861825519,-14.85));
#123=FACE_BOUND('',#124,.T.);
#124=EDGE_LOOP('',(#325,#326,#327,#328,#329));
#125=FACE_OUTER_BOUND('',#126,.T.);
#126=EDGE_LOOP('',(#330));
#127=CYLINDRICAL_SURFACE('',#128,14.85);
#128=AXIS2_PLACEMENT_3D('',#129,#130,#131);
#129=CARTESIAN_POINT('',(0.,1.,6.12323399573677E-17));
#130=DIRECTION('',(0.,1.,6.12323399573676E-17));
#131=DIRECTION('',(6.12323399573677E-17,6.12323399573676E-17,-1.));
#132=FACE_BOUND('',#133,.T.);
#133=EDGE_LOOP('',(#331,#332,#333,#334));
#134=(BOUNDED_SURFACE()B_SPLINE_SURFACE(3,1,(
(#135,#136),
(#137,#138),
(#139,#140),
(#141,#142)),
.UNSPECIFIED.,.F.,.F.,.F.)B_SPLINE_SURFACE_WITH_KNOTS((4,4),
(2,2),
(3.79077739018109,5.63400057059076),
(0.686782923328332,0.780188679245283),
.UNSPECIFIED.)GEOMETRIC_REPRESENTATION_ITEM()RATIONAL_B_SPLINE_SURFACE((
(1.,1.),
(0.736358124463888,0.736358124463888),
(0.736358124463888,0.736358124463888),
(1.,1.)))REPRESENTATION_ITEM('')SURFACE());
#135=CARTESIAN_POINT('',(9.89949493640159,2.4161886182529,10.500535700598));
#136=CARTESIAN_POINT('',(14.85,2.4161886182529,10.500535700598));
#137=CARTESIAN_POINT('',(9.89949493640159,0.91112265158769,4.75336449829148));
#138=CARTESIAN_POINT('',(14.85,0.91112265158769,4.75336449829147));
#139=CARTESIAN_POINT('',(9.89949493640159,0.911122651590026,-4.75336449832991));
#140=CARTESIAN_POINT('',(14.85,0.911122651590026,-4.75336449832991));
#141=CARTESIAN_POINT('',(9.89949493640158,2.41618861825806,-10.5005357006177));
#142=CARTESIAN_POINT('',(14.85,2.41618861825806,-10.5005357006177));
#143=FACE_BOUND('',#144,.T.);
#144=EDGE_LOOP('',(#335,#336,#337,#338,#339));
#145=FACE_OUTER_BOUND('',#146,.T.);
#146=EDGE_LOOP('',(#340));
#147=CYLINDRICAL_SURFACE('',#148,14.);
#148=AXIS2_PLACEMENT_3D('',#149,#150,#151);
#149=CARTESIAN_POINT('',(0.,-6.,-3.67394039744206E-16));
#150=DIRECTION('',(0.,1.,6.12323399573677E-17));
#151=DIRECTION('',(6.12323399573677E-17,6.12323399573677E-17,-1.));
#152=FACE_BOUND('',#153,.T.);
#153=EDGE_LOOP('',(#341,#342,#343,#344));
#154=(BOUNDED_SURFACE()B_SPLINE_SURFACE(3,1,(
(#155,#156),
(#157,#158),
(#159,#160),
(#161,#162)),
.UNSPECIFIED.,.F.,.F.,.F.)B_SPLINE_SURFACE_WITH_KNOTS((4,4),
(2,2),
(3.7907773901783,5.63400057058939),
(0.219811320754717,0.313217076667744),
.UNSPECIFIED.)GEOMETRIC_REPRESENTATION_ITEM()RATIONAL_B_SPLINE_SURFACE((
(1.,1.),
(0.736358124463513,0.736358124463513),
(0.736358124463513,0.736358124463513),
(1.,1.)))REPRESENTATION_ITEM('')SURFACE());
#155=CARTESIAN_POINT('',(-14.85,2.41618861825872,10.5005357006202));
#156=CARTESIAN_POINT('',(-9.89949493660958,2.41618861825872,10.5005357006202));
#157=CARTESIAN_POINT('',(-14.85,0.911122651588751,4.7533644983288));
#158=CARTESIAN_POINT('',(-9.89949493660958,0.911122651588751,4.7533644983288));
#159=CARTESIAN_POINT('',(-14.85,0.911122651587155,-4.75336449830251));
#160=CARTESIAN_POINT('',(-9.89949493660958,0.911122651587155,-4.75336449830251));
#161=CARTESIAN_POINT('',(-14.85,2.41618861825519,-10.5005357006068));
#162=CARTESIAN_POINT('',(-9.89949493660959,2.41618861825519,-10.5005357006068));
#163=FACE_BOUND('',#164,.T.);
#164=EDGE_LOOP('',(#345,#346,#347,#348,#349,#350,#351,#352,#353,#354,#355,#356,#357,
#358,#359,#360,#361));
#165=FACE_OUTER_BOUND('',#166,.T.);
#166=EDGE_LOOP('',(#362));
#167=CYLINDRICAL_SURFACE('',#168,25.15);
#168=AXIS2_PLACEMENT_3D('',#169,#170,#171);
#169=CARTESIAN_POINT('',(0.,1.,6.12323399573677E-17));
#170=DIRECTION('',(0.,1.,6.12323399573676E-17));
#171=DIRECTION('',(6.12323399573677E-17,6.12323399573676E-17,-1.));
#172=FACE_BOUND('',#173,.T.);
#173=EDGE_LOOP('',(#363,#364,#365,#366));
#174=PLANE('',#175);
#175=AXIS2_PLACEMENT_3D('',#176,#177,#178);
#176=CARTESIAN_POINT('',(0.,4.,2.44929359829471E-16));
#177=DIRECTION('',(0.,1.,6.12323399573677E-17));
#178=DIRECTION('',(6.12323399573677E-17,6.12323399573677E-17,-1.));
#179=FACE_BOUND('',#180,.T.);
#180=EDGE_LOOP('',(#367,#368,#369,#370,#371,#372,#373,#374,#375,#376,#377,#378,#379,
#380,#381,#382,#383));
#181=FACE_OUTER_BOUND('',#182,.T.);
#182=EDGE_LOOP('',(#384));
#183=CYLINDRICAL_SURFACE('',#184,26.5);
#184=AXIS2_PLACEMENT_3D('',#185,#186,#187);
#185=CARTESIAN_POINT('',(0.,0.,0.));
#186=DIRECTION('',(0.,1.,6.12323399573677E-17));
#187=DIRECTION('',(6.12323399573677E-17,6.12323399573677E-17,-1.));
#188=FACE_BOUND('',#189,.T.);
#189=EDGE_LOOP('',(#385,#386,#387,#388));
#190=PLANE('',#191);
#191=AXIS2_PLACEMENT_3D('',#192,#193,#194);
#192=CARTESIAN_POINT('',(0.,4.,2.44929359829471E-16));
#193=DIRECTION('',(0.,1.,6.12323399573677E-17));
#194=DIRECTION('',(6.12323399573677E-17,6.12323399573677E-17,-1.));
#195=FACE_BOUND('',#196,.T.);
#196=EDGE_LOOP('',(#389,#390,#391,#392));
#197=PLANE('',#198);
#198=AXIS2_PLACEMENT_3D('',#199,#200,#201);
#199=CARTESIAN_POINT('',(0.,4.,2.44929359829471E-16));
#200=DIRECTION('',(0.,1.,6.12323399573677E-17));
#201=DIRECTION('',(6.12323399573677E-17,6.12323399573677E-17,-1.));
#202=FACE_BOUND('',#203,.T.);
#203=EDGE_LOOP('',(#393,#394,#395,#396));
#204=PLANE('',#205);
#205=AXIS2_PLACEMENT_3D('',#206,#207,#208);
#206=CARTESIAN_POINT('',(0.,4.,2.44929359829471E-16));
#207=DIRECTION('',(0.,1.,6.12323399573677E-17));
#208=DIRECTION('',(6.12323399573677E-17,6.12323399573677E-17,-1.));
#209=FACE_BOUND('',#210,.T.);
#210=EDGE_LOOP('',(#397));
#211=FACE_BOUND('',#212,.T.);
#212=EDGE_LOOP('',(#398));
#213=PLANE('',#214);
#214=AXIS2_PLACEMENT_3D('',#215,#216,#217);
#215=CARTESIAN_POINT('',(0.,1.,6.12323399573677E-17));
#216=DIRECTION('',(0.,1.,6.12323399573677E-17));
#217=DIRECTION('',(6.12323399573677E-17,6.12323399573677E-17,-1.));
#218=FACE_BOUND('',#219,.T.);
#219=EDGE_LOOP('',(#399));
#220=FACE_BOUND('',#221,.T.);
#221=EDGE_LOOP('',(#400));
#222=PLANE('',#223);
#223=AXIS2_PLACEMENT_3D('',#224,#225,#226);
#224=CARTESIAN_POINT('',(0.,0.,0.));
#225=DIRECTION('',(0.,1.,6.12323399573677E-17));
#226=DIRECTION('',(6.12323399573677E-17,6.12323399573677E-17,-1.));
#227=FACE_BOUND('',#228,.T.);
#228=EDGE_LOOP('',(#401,#402,#403,#404));
#229=CYLINDRICAL_SURFACE('',#230,1.);
#230=AXIS2_PLACEMENT_3D('',#231,#232,#233);
#231=CARTESIAN_POINT('',(-24.9887566426973,3.,-13.8276191576816));
#232=DIRECTION('',(-1.,0.,9.56714265089013E-16));
#233=DIRECTION('',(7.60375851902005E-16,0.6068997143378,0.794778419898714));
#234=FACE_BOUND('',#235,.T.);
#235=EDGE_LOOP('',(#405,#406,#407,#408));
#236=(BOUNDED_SURFACE()B_SPLINE_SURFACE(3,1,(
(#237,#238),
(#239,#240),
(#241,#242),
(#243,#244)),
.UNSPECIFIED.,.F.,.F.,.F.)B_SPLINE_SURFACE_WITH_KNOTS((4,4),
(2,2),
(3.29220692811314,6.13257103265623),
(0.,0.0941564422784269),
.UNSPECIFIED.)GEOMETRIC_REPRESENTATION_ITEM()RATIONAL_B_SPLINE_SURFACE((
(1.,1.),
(0.433363654082684,0.433363654082684),
(0.433363654082684,0.433363654082684),
(1.,1.)))REPRESENTATION_ITEM('')SURFACE());
#237=CARTESIAN_POINT('',(-26.5,3.60689971433779,13.0328407377829));
#238=CARTESIAN_POINT('',(-21.5097085592434,3.60689971433779,13.0328407377829));
#239=CARTESIAN_POINT('',(-26.5,-0.332657375836768,10.0245606778523));
#240=CARTESIAN_POINT('',(-21.5097085592434,-0.332657375836768,10.0245606778523));
#241=CARTESIAN_POINT('',(-26.5,-0.332657375836779,-10.0245606778521));
#242=CARTESIAN_POINT('',(-21.5097085592434,-0.332657375836779,-10.0245606778521));
#243=CARTESIAN_POINT('',(-26.5,3.60689971433778,-13.0328407377828));
#244=CARTESIAN_POINT('',(-21.5097085592434,3.60689971433778,-13.0328407377828));
#245=FACE_BOUND('',#246,.T.);
#246=EDGE_LOOP('',(#409,#410,#411,#412));
#247=CYLINDRICAL_SURFACE('',#248,1.);
#248=AXIS2_PLACEMENT_3D('',#249,#250,#251);
#249=CARTESIAN_POINT('',(-24.9887566426973,3.,13.8276191576816));
#250=DIRECTION('',(1.,0.,-9.56714265089013E-16));
#251=DIRECTION('',(-7.60375851902007E-16,0.606899714337798,-0.794778419898716));
#252=FACE_BOUND('',#253,.T.);
#253=EDGE_LOOP('',(#413,#414,#415,#416));
#254=CYLINDRICAL_SURFACE('',#255,1.);
#255=AXIS2_PLACEMENT_3D('',#256,#257,#258);
#256=CARTESIAN_POINT('',(19.418576796257,3.,13.8276191576816));
#257=DIRECTION('',(1.,4.78357132544507E-16,0.));
#258=DIRECTION('',(-2.90314807092709E-16,0.606899714337799,-0.794778419898715));
#259=FACE_BOUND('',#260,.T.);
#260=EDGE_LOOP('',(#417,#418,#419,#420));
#261=(BOUNDED_SURFACE()B_SPLINE_SURFACE(3,1,(
(#262,#263),
(#264,#265),
(#266,#267),
(#268,#269)),
.UNSPECIFIED.,.F.,.F.,.F.)B_SPLINE_SURFACE_WITH_KNOTS((4,4),
(2,2),
(3.29220692811314,6.13257103265623),
(0.905843557721573,1.),
.UNSPECIFIED.)GEOMETRIC_REPRESENTATION_ITEM()RATIONAL_B_SPLINE_SURFACE((
(1.,1.),
(0.433363654082683,0.433363654082683),
(0.433363654082683,0.433363654082683),
(1.,1.)))REPRESENTATION_ITEM('')SURFACE());
#262=CARTESIAN_POINT('',(21.5097085592434,3.60689971433779,13.0328407377828));
#263=CARTESIAN_POINT('',(26.5,3.60689971433779,13.0328407377828));
#264=CARTESIAN_POINT('',(21.5097085592434,-0.332657375836772,10.0245606778523));
#265=CARTESIAN_POINT('',(26.5,-0.332657375836772,10.0245606778523));
#266=CARTESIAN_POINT('',(21.5097085592434,-0.332657375836781,-10.0245606778522));
#267=CARTESIAN_POINT('',(26.5,-0.332657375836781,-10.0245606778522));
#268=CARTESIAN_POINT('',(21.5097085592434,3.60689971433778,-13.0328407377828));
#269=CARTESIAN_POINT('',(26.5,3.60689971433778,-13.0328407377828));
#270=FACE_BOUND('',#271,.T.);
#271=EDGE_LOOP('',(#421,#422,#423,#424));
#272=CYLINDRICAL_SURFACE('',#273,1.);
#273=AXIS2_PLACEMENT_3D('',#274,#275,#276);
#274=CARTESIAN_POINT('',(19.418576796257,3.00000000000001,-13.8276191576816));
#275=DIRECTION('',(-1.,7.9726188757418E-16,-3.18904755029672E-16));
#276=DIRECTION('',(2.30399394520515E-16,0.606899714337799,0.794778419898715));
#277=FACE_BOUND('',#278,.T.);
#278=EDGE_LOOP('',(#425,#426,#427,#428));
#279=CYLINDRICAL_SURFACE('',#280,1.);
#280=AXIS2_PLACEMENT_3D('',#281,#282,#283);
#281=CARTESIAN_POINT('',(-13.8276191576816,3.,24.9887566426973));
#282=DIRECTION('',(0.,-7.97261887574177E-17,1.));
#283=DIRECTION('',(0.794778419898715,0.606899714337799,4.83858011821182E-17));
#284=FACE_BOUND('',#285,.T.);
#285=EDGE_LOOP('',(#429,#430,#431,#432));
#286=CYLINDRICAL_SURFACE('',#287,1.);
#287=AXIS2_PLACEMENT_3D('',#288,#289,#290);
#288=CARTESIAN_POINT('',(13.8276191576816,3.,24.9887566426973));
#289=DIRECTION('',(0.,7.97261887574177E-17,-1.));
#290=DIRECTION('',(-0.794778419898715,0.606899714337799,4.83858011821182E-17));
#291=FACE_BOUND('',#292,.T.);
#292=EDGE_LOOP('',(#433,#434,#435,#436));
#293=CYLINDRICAL_SURFACE('',#294,1.);
#294=AXIS2_PLACEMENT_3D('',#295,#296,#297);
#295=CARTESIAN_POINT('',(13.8276191576816,3.,-19.418576796257));
#296=DIRECTION('',(0.,1.59452377514835E-16,-1.));
#297=DIRECTION('',(-0.794778419898714,0.6068997143378,9.67716023642366E-17));
#298=FACE_BOUND('',#299,.T.);
#299=EDGE_LOOP('',(#437,#438,#439,#440));
#300=CYLINDRICAL_SURFACE('',#301,1.);
#301=AXIS2_PLACEMENT_3D('',#302,#303,#304);
#302=CARTESIAN_POINT('',(-13.8276191576816,3.,-19.418576796257));
#303=DIRECTION('',(3.18904755029671E-16,-1.59452377514836E-16,1.));
#304=DIRECTION('',(0.794778419898714,0.6068997143378,-1.56687014936432E-16));
#305=ORIENTED_EDGE('',*,*,#441,.F.);
#306=ORIENTED_EDGE('',*,*,#442,.F.);
#307=ORIENTED_EDGE('',*,*,#443,.F.);
#308=ORIENTED_EDGE('',*,*,#444,.F.);
#309=ORIENTED_EDGE('',*,*,#445,.F.);
#310=ORIENTED_EDGE('',*,*,#446,.F.);
#311=ORIENTED_EDGE('',*,*,#447,.F.);
#312=ORIENTED_EDGE('',*,*,#448,.F.);
#313=ORIENTED_EDGE('',*,*,#449,.F.);
#314=ORIENTED_EDGE('',*,*,#450,.F.);
#315=ORIENTED_EDGE('',*,*,#451,.F.);
#316=ORIENTED_EDGE('',*,*,#452,.F.);
#317=ORIENTED_EDGE('',*,*,#453,.F.);
#318=ORIENTED_EDGE('',*,*,#454,.F.);
#319=ORIENTED_EDGE('',*,*,#455,.F.);
#320=ORIENTED_EDGE('',*,*,#456,.F.);
#321=ORIENTED_EDGE('',*,*,#457,.F.);
#322=ORIENTED_EDGE('',*,*,#458,.F.);
#323=ORIENTED_EDGE('',*,*,#459,.F.);
#324=ORIENTED_EDGE('',*,*,#460,.F.);
#325=ORIENTED_EDGE('',*,*,#441,.T.);
#326=ORIENTED_EDGE('',*,*,#461,.T.);
#327=ORIENTED_EDGE('',*,*,#455,.T.);
#328=ORIENTED_EDGE('',*,*,#460,.T.);
#329=ORIENTED_EDGE('',*,*,#462,.T.);
#330=ORIENTED_EDGE('',*,*,#463,.T.);
#331=ORIENTED_EDGE('',*,*,#442,.T.);
#332=ORIENTED_EDGE('',*,*,#462,.F.);
#333=ORIENTED_EDGE('',*,*,#459,.T.);
#334=ORIENTED_EDGE('',*,*,#464,.F.);
#335=ORIENTED_EDGE('',*,*,#464,.T.);
#336=ORIENTED_EDGE('',*,*,#458,.T.);
#337=ORIENTED_EDGE('',*,*,#457,.T.);
#338=ORIENTED_EDGE('',*,*,#465,.T.);
#339=ORIENTED_EDGE('',*,*,#443,.T.);
#340=ORIENTED_EDGE('',*,*,#466,.F.);
#341=ORIENTED_EDGE('',*,*,#444,.T.);
#342=ORIENTED_EDGE('',*,*,#465,.F.);
#343=ORIENTED_EDGE('',*,*,#456,.T.);
#344=ORIENTED_EDGE('',*,*,#461,.F.);
#345=ORIENTED_EDGE('',*,*,#467,.T.);
#346=ORIENTED_EDGE('',*,*,#468,.F.);
#347=ORIENTED_EDGE('',*,*,#469,.F.);
#348=ORIENTED_EDGE('',*,*,#470,.F.);
#349=ORIENTED_EDGE('',*,*,#451,.T.);
#350=ORIENTED_EDGE('',*,*,#450,.T.);
#351=ORIENTED_EDGE('',*,*,#471,.F.);
#352=ORIENTED_EDGE('',*,*,#472,.F.);
#353=ORIENTED_EDGE('',*,*,#473,.F.);
#354=ORIENTED_EDGE('',*,*,#474,.T.);
#355=ORIENTED_EDGE('',*,*,#475,.F.);
#356=ORIENTED_EDGE('',*,*,#476,.F.);
#357=ORIENTED_EDGE('',*,*,#477,.F.);
#358=ORIENTED_EDGE('',*,*,#446,.T.);
#359=ORIENTED_EDGE('',*,*,#478,.F.);
#360=ORIENTED_EDGE('',*,*,#479,.F.);
#361=ORIENTED_EDGE('',*,*,#480,.F.);
#362=ORIENTED_EDGE('',*,*,#481,.F.);
#363=ORIENTED_EDGE('',*,*,#482,.T.);
#364=ORIENTED_EDGE('',*,*,#476,.T.);
#365=ORIENTED_EDGE('',*,*,#483,.T.);
#366=ORIENTED_EDGE('',*,*,#484,.T.);
#367=ORIENTED_EDGE('',*,*,#485,.F.);
#368=ORIENTED_EDGE('',*,*,#486,.F.);
#369=ORIENTED_EDGE('',*,*,#487,.F.);
#370=ORIENTED_EDGE('',*,*,#448,.T.);
#371=ORIENTED_EDGE('',*,*,#488,.F.);
#372=ORIENTED_EDGE('',*,*,#484,.F.);
#373=ORIENTED_EDGE('',*,*,#489,.F.);
#374=ORIENTED_EDGE('',*,*,#490,.T.);
#375=ORIENTED_EDGE('',*,*,#491,.F.);
#376=ORIENTED_EDGE('',*,*,#492,.F.);
#377=ORIENTED_EDGE('',*,*,#493,.F.);
#378=ORIENTED_EDGE('',*,*,#454,.T.);
#379=ORIENTED_EDGE('',*,*,#453,.T.);
#380=ORIENTED_EDGE('',*,*,#494,.F.);
#381=ORIENTED_EDGE('',*,*,#495,.F.);
#382=ORIENTED_EDGE('',*,*,#496,.F.);
#383=ORIENTED_EDGE('',*,*,#497,.T.);
#384=ORIENTED_EDGE('',*,*,#498,.T.);
#385=ORIENTED_EDGE('',*,*,#499,.T.);
#386=ORIENTED_EDGE('',*,*,#486,.T.);
#387=ORIENTED_EDGE('',*,*,#500,.T.);
#388=ORIENTED_EDGE('',*,*,#479,.T.);
#389=ORIENTED_EDGE('',*,*,#501,.T.);
#390=ORIENTED_EDGE('',*,*,#469,.T.);
#391=ORIENTED_EDGE('',*,*,#502,.T.);
#392=ORIENTED_EDGE('',*,*,#495,.T.);
#393=ORIENTED_EDGE('',*,*,#503,.T.);
#394=ORIENTED_EDGE('',*,*,#492,.T.);
#395=ORIENTED_EDGE('',*,*,#504,.T.);
#396=ORIENTED_EDGE('',*,*,#472,.T.);
#397=ORIENTED_EDGE('',*,*,#481,.T.);
#398=ORIENTED_EDGE('',*,*,#463,.F.);
#399=ORIENTED_EDGE('',*,*,#498,.F.);
#400=ORIENTED_EDGE('',*,*,#466,.T.);
#401=ORIENTED_EDGE('',*,*,#504,.F.);
#402=ORIENTED_EDGE('',*,*,#491,.T.);
#403=ORIENTED_EDGE('',*,*,#505,.T.);
#404=ORIENTED_EDGE('',*,*,#473,.T.);
#405=ORIENTED_EDGE('',*,*,#506,.F.);
#406=ORIENTED_EDGE('',*,*,#474,.F.);
#407=ORIENTED_EDGE('',*,*,#505,.F.);
#408=ORIENTED_EDGE('',*,*,#490,.F.);
#409=ORIENTED_EDGE('',*,*,#483,.F.);
#410=ORIENTED_EDGE('',*,*,#475,.T.);
#411=ORIENTED_EDGE('',*,*,#506,.T.);
#412=ORIENTED_EDGE('',*,*,#489,.T.);
#413=ORIENTED_EDGE('',*,*,#500,.F.);
#414=ORIENTED_EDGE('',*,*,#485,.T.);
#415=ORIENTED_EDGE('',*,*,#507,.T.);
#416=ORIENTED_EDGE('',*,*,#480,.T.);
#417=ORIENTED_EDGE('',*,*,#507,.F.);
#418=ORIENTED_EDGE('',*,*,#497,.F.);
#419=ORIENTED_EDGE('',*,*,#508,.F.);
#420=ORIENTED_EDGE('',*,*,#467,.F.);
#421=ORIENTED_EDGE('',*,*,#502,.F.);
#422=ORIENTED_EDGE('',*,*,#468,.T.);
#423=ORIENTED_EDGE('',*,*,#508,.T.);
#424=ORIENTED_EDGE('',*,*,#496,.T.);
#425=ORIENTED_EDGE('',*,*,#482,.F.);
#426=ORIENTED_EDGE('',*,*,#488,.T.);
#427=ORIENTED_EDGE('',*,*,#447,.T.);
#428=ORIENTED_EDGE('',*,*,#477,.T.);
#429=ORIENTED_EDGE('',*,*,#499,.F.);
#430=ORIENTED_EDGE('',*,*,#478,.T.);
#431=ORIENTED_EDGE('',*,*,#445,.T.);
#432=ORIENTED_EDGE('',*,*,#487,.T.);
#433=ORIENTED_EDGE('',*,*,#501,.F.);
#434=ORIENTED_EDGE('',*,*,#494,.T.);
#435=ORIENTED_EDGE('',*,*,#452,.T.);
#436=ORIENTED_EDGE('',*,*,#470,.T.);
#437=ORIENTED_EDGE('',*,*,#503,.F.);
#438=ORIENTED_EDGE('',*,*,#471,.T.);
#439=ORIENTED_EDGE('',*,*,#449,.T.);
#440=ORIENTED_EDGE('',*,*,#493,.T.);
#441=EDGE_CURVE('',#509,#510,#511,.F.);
#442=EDGE_CURVE('',#512,#509,#513,.F.);
#443=EDGE_CURVE('',#514,#512,#515,.T.);
#444=EDGE_CURVE('',#510,#514,#516,.T.);
#445=EDGE_CURVE('',#517,#518,#519,.F.);
#446=EDGE_CURVE('',#520,#517,#521,.T.);
#447=EDGE_CURVE('',#522,#520,#523,.T.);
#448=EDGE_CURVE('',#518,#522,#524,.F.);
#449=EDGE_CURVE('',#525,#526,#527,.T.);
#450=EDGE_CURVE('',#528,#525,#529,.F.);
#451=EDGE_CURVE('',#530,#528,#531,.T.);
#452=EDGE_CURVE('',#532,#530,#533,.F.);
#453=EDGE_CURVE('',#534,#532,#535,.F.);
#454=EDGE_CURVE('',#526,#534,#536,.T.);
#455=EDGE_CURVE('',#537,#538,#539,.F.);
#456=EDGE_CURVE('',#540,#537,#541,.T.);
#457=EDGE_CURVE('',#542,#540,#543,.T.);
#458=EDGE_CURVE('',#544,#542,#545,.T.);
#459=EDGE_CURVE('',#546,#544,#547,.F.);
#460=EDGE_CURVE('',#538,#546,#548,.F.);
#461=EDGE_CURVE('',#510,#537,#549,.F.);
#462=EDGE_CURVE('',#546,#509,#550,.F.);
#463=EDGE_CURVE('',#551,#551,#552,.T.);
#464=EDGE_CURVE('',#512,#544,#553,.T.);
#465=EDGE_CURVE('',#540,#514,#554,.T.);
#466=EDGE_CURVE('',#555,#555,#556,.T.);
#467=EDGE_CURVE('',#557,#558,#559,.T.);
#468=EDGE_CURVE('',#560,#558,#561,.T.);
#469=EDGE_CURVE('',#562,#560,#563,.F.);
#470=EDGE_CURVE('',#530,#562,#564,.F.);
#471=EDGE_CURVE('',#565,#525,#566,.T.);
#472=EDGE_CURVE('',#567,#565,#568,.F.);
#473=EDGE_CURVE('',#569,#567,#570,.F.);
#474=EDGE_CURVE('',#569,#571,#572,.T.);
#475=EDGE_CURVE('',#573,#571,#574,.T.);
#476=EDGE_CURVE('',#575,#573,#576,.F.);
#477=EDGE_CURVE('',#520,#575,#577,.F.);
#478=EDGE_CURVE('',#578,#517,#579,.T.);
#479=EDGE_CURVE('',#580,#578,#581,.F.);
#480=EDGE_CURVE('',#557,#580,#582,.F.);
#481=EDGE_CURVE('',#583,#583,#584,.T.);
#482=EDGE_CURVE('',#585,#575,#586,.T.);
#483=EDGE_CURVE('',#573,#587,#588,.F.);
#484=EDGE_CURVE('',#587,#585,#589,.T.);
#485=EDGE_CURVE('',#590,#591,#592,.T.);
#486=EDGE_CURVE('',#593,#590,#594,.T.);
#487=EDGE_CURVE('',#518,#593,#595,.F.);
#488=EDGE_CURVE('',#585,#522,#596,.T.);
#489=EDGE_CURVE('',#597,#587,#598,.F.);
#490=EDGE_CURVE('',#597,#599,#600,.F.);
#491=EDGE_CURVE('',#601,#599,#602,.T.);
#492=EDGE_CURVE('',#603,#601,#604,.T.);
#493=EDGE_CURVE('',#526,#603,#605,.F.);
#494=EDGE_CURVE('',#606,#532,#607,.T.);
#495=EDGE_CURVE('',#608,#606,#609,.T.);
#496=EDGE_CURVE('',#610,#608,#611,.F.);
#497=EDGE_CURVE('',#610,#591,#612,.F.);
#498=EDGE_CURVE('',#613,#613,#614,.T.);
#499=EDGE_CURVE('',#578,#593,#615,.F.);
#500=EDGE_CURVE('',#590,#580,#616,.F.);
#501=EDGE_CURVE('',#606,#562,#617,.F.);
#502=EDGE_CURVE('',#560,#608,#618,.T.);
#503=EDGE_CURVE('',#565,#603,#619,.T.);
#504=EDGE_CURVE('',#601,#567,#620,.T.);
#505=EDGE_CURVE('',#599,#569,#621,.T.);
#506=EDGE_CURVE('',#571,#597,#622,.F.);
#507=EDGE_CURVE('',#591,#557,#623,.F.);
#508=EDGE_CURVE('',#558,#610,#624,.T.);
#509=VERTEX_POINT('',#625);
#510=VERTEX_POINT('',#626);
#511=B_SPLINE_CURVE_WITH_KNOTS('',3,
(#627,#628,#629,#630,#631,#632,#633,#634,#635,#636,#637,#638,#639,#640,#641,#642,
#643,#644,#645,#646,#647,#648,#649,#650,#651),
.UNSPECIFIED.,.F.,.F.,
(4,1,1,1,1,1,1,1,1,1,1,1,1,1,1,1,1,1,1,1,1,1,4),
(0.,0.0304068223231073,0.0625859641508303,0.0965375877775008,0.152535205103062,0.214235232650189,
0.281639258097111,0.336769042496213,0.394186433312804,0.453773584325864,0.500008453642641,
0.513238458243929,0.572335427809662,0.631186318757326,0.687725145736127,0.742196840774477,
0.791872634630966,0.838823210228751,0.879616365967818,0.916979581763896,0.947789018933975,
0.97546025030576,1.),
.UNSPECIFIED.);
#512=VERTEX_POINT('',#652);
#513=B_SPLINE_CURVE_WITH_KNOTS('',3,
(#653,#654,#655,#656,#657,#658,#659),
.UNSPECIFIED.,.F.,.F.,
(4,1,1,1,4),
(0.,0.236283198344002,0.481710965752854,0.736292729593527,1.),
.UNSPECIFIED.);
#514=VERTEX_POINT('',#660);
#515=B_SPLINE_CURVE_WITH_KNOTS('',3,
(#661,#662,#663,#664,#665,#666,#667,#668,#669,#670,#671,#672,#673,#674,#675,#676,
#677,#678,#679,#680,#681,#682,#683,#684),
.UNSPECIFIED.,.F.,.F.,
(4,1,1,1,1,1,1,1,1,1,1,1,1,1,1,1,1,1,1,1,1,4),
(0.,0.0427720773998742,0.0870529161521181,0.134486715103011,0.185210471546126,0.239556858467429,
0.296079671228619,0.354677616269202,0.414853756149112,0.477326889614529,0.500012026772854,
0.54163554443782,0.607771603717872,0.675073616623521,0.731098839395951,0.77526159916997,
0.816300245781686,0.854864226171462,0.890954320383089,0.922221731652281,0.958570519382538,
1.),
.UNSPECIFIED.);
#516=B_SPLINE_CURVE_WITH_KNOTS('',3,
(#685,#686,#687,#688,#689,#690,#691),
.UNSPECIFIED.,.F.,.F.,
(4,1,1,1,4),
(0.,0.239360987309956,0.485809752066873,0.739367185316974,1.),
.UNSPECIFIED.);
#517=VERTEX_POINT('',#692);
#518=VERTEX_POINT('',#693);
#519=LINE('',#694,#695);
#520=VERTEX_POINT('',#697);
#521=B_SPLINE_CURVE_WITH_KNOTS('',3,
(#698,#699,#700,#701,#702,#703,#704,#705,#706,#707,#708,#709,#710,#711,#712,#713,
#714,#715,#716,#717,#718,#719,#720,#721,#722,#723,#724,#725,#726,#727,#728,#729,
#730,#731,#732,#733,#734,#735,#736,#737,#738,#739,#740,#741,#742,#743,#744,#745,
#746,#747,#748,#749,#750,#751,#752,#753,#754,#755,#756,#757,#758,#759,#760,#761,
#762,#763,#764,#765,#766,#767,#768,#769,#770,#771,#772,#773,#774,#775,#776,#777,
#778,#779,#780,#781,#782,#783,#784,#785,#786,#787,#788,#789,#790,#791,#792,#793,
#794,#795,#796,#797,#798,#799,#800,#801,#802,#803,#804),
.UNSPECIFIED.,.F.,.F.,
(4,1,1,1,1,1,1,1,1,1,1,1,1,1,1,1,1,1,1,1,1,1,1,1,1,1,1,1,1,1,1,1,1,1,1,1,1,1,1,1,
1,1,1,1,1,1,1,1,1,1,1,1,1,1,1,1,1,1,1,1,1,1,1,1,1,1,1,1,1,1,1,1,1,1,1,1,1,1,1,1,
1,1,1,1,1,1,1,1,1,1,1,1,1,1,1,1,1,1,1,1,1,1,1,1,4),
(0.,0.00129021654885213,0.0026017820653489,0.0039343968535107,0.00530330447444353,
0.00668953087421931,0.00812370205511326,0.009588664538501,0.0110977471211915,0.0126212962638867,
0.0142193150367524,0.0158770466982134,0.0176409220668685,0.0194482281264362,0.021381326960402,
0.0233926874501477,0.0255147746663536,0.0276722584126109,0.030329470926951,0.0334530397229245,
0.0385263341332987,0.0438871407503032,0.0495366714151953,0.0538678914344635,0.0580755811528632,
0.0623259869015189,0.0667427843725985,0.0747532303494304,0.0840633406510929,0.0946729474976672,
0.1066664346426,0.118683969528349,0.130729880358525,0.139408148864634,0.148218951182711,
0.157526628396311,0.167200709637289,0.177494711945307,0.188047849074806,0.199222723041667,
0.210759937424925,0.222794855417584,0.234970649128463,0.247663755818503,0.260733787735821,
0.274468837550025,0.288476599632873,0.303159492539666,0.318235756493938,0.339172467719843,
0.360590195640205,0.382486242150711,0.399596421363971,0.41689373432302,0.434622874258006,
0.452589407328884,0.470847515263058,0.489167438743882,0.500005144634897,0.507568862925042,
0.526008566596834,0.544488875394023,0.562947802221811,0.581327108461339,0.599647919259804,
0.623858593814174,0.647726057010227,0.671249781609844,0.688257994976608,0.70503818395743,
0.721202120193878,0.737004383255369,0.752249500967018,0.767308358603165,0.781738164393838,
0.795709057916673,0.808877117723116,0.821730626875322,0.833828988639684,0.845471851176162,
0.856476458523071,0.867332626143135,0.877610579119896,0.887449150673713,0.896545580249022,
0.90534853608515,0.91344530164923,0.921112773991529,0.92822342720434,0.935193797614811,
0.941699876486433,0.947885018878843,0.953556384795155,0.95904016536481,0.964031403427527,
0.968722427946353,0.973008184426571,0.977194031259453,0.981077559959824,0.984757231758939,
0.988122465855481,0.991370497449248,0.994382364434013,0.997260999423876,1.),
.UNSPECIFIED.);
#522=VERTEX_POINT('',#805);
#523=LINE('',#806,#807);
#524=B_SPLINE_CURVE_WITH_KNOTS('',3,
(#809,#810,#811,#812,#813,#814,#815,#816,#817,#818,#819,#820,#821,#822,#823,#824,
#825,#826,#827,#828,#829,#830,#831,#832,#833,#834,#835,#836,#837,#838,#839,#840,
#841,#842,#843,#844,#845,#846,#847,#848,#849,#850,#851,#852,#853,#854,#855,#856,
#857,#858,#859,#860,#861,#862,#863,#864,#865,#866,#867,#868,#869,#870,#871,#872,
#873,#874,#875,#876,#877,#878,#879,#880,#881,#882,#883,#884,#885,#886,#887,#888,
#889,#890,#891,#892,#893,#894,#895,#896,#897,#898,#899,#900,#901,#902,#903,#904,
#905,#906,#907,#908,#909,#910),
.UNSPECIFIED.,.F.,.F.,
(4,1,1,1,1,1,1,1,1,1,1,1,1,1,1,1,1,1,1,1,1,1,1,1,1,1,1,1,1,1,1,1,1,1,1,1,1,1,1,1,
1,1,1,1,1,1,1,1,1,1,1,1,1,1,1,1,1,1,1,1,1,1,1,1,1,1,1,1,1,1,1,1,1,1,1,1,1,1,1,1,
1,1,1,1,1,1,1,1,1,1,1,1,1,1,1,1,1,1,1,4),
(0.,0.00153551063831588,0.00309940865625883,0.00468986382550863,0.00632542470718692,
0.00798323367197529,0.00969828645633027,0.0114496925603597,0.0132537669008152,0.0150741712863465,
0.0169839032529182,0.0189655822604081,0.0210742097161457,0.0232365292621542,0.0255497457065592,
0.0279591609459726,0.0305079211374961,0.0331003139653824,0.0358887580167328,0.0388309737903271,
0.0420382520517984,0.0453577053457595,0.050295810496193,0.0554861776519831,0.0609285511855756,
0.0653849317332158,0.0701095812108828,0.0753009255022121,0.0806901418111814,0.0904266573765632,
0.102654229191429,0.117376796146076,0.137773535104331,0.164740686020077,0.192036916891059,
0.212328137414998,0.229394313367774,0.249666557536858,0.269512054814129,0.285907141864721,
0.29888239958391,0.312072265814288,0.330623728541297,0.349635194412434,0.369107706703053,
0.384198938331173,0.399594126609532,0.415473212364975,0.431534353720449,0.453669181545078,
0.476096956755436,0.498807934727261,0.499993115739439,0.516008237208122,0.533293143256468,
0.550691606840632,0.568114032154541,0.585549670349602,0.602977928973061,0.620366571784671,
0.637723833780842,0.654832123635872,0.671721194302216,0.688205422304486,0.704502006772298,
0.720271639745927,0.73569659202843,0.750623414869336,0.765391678472014,0.779572905259179,
0.793324340535435,0.806371649329207,0.819147344573172,0.831247713036593,0.84295006503498,
0.854128049126173,0.865187277557926,0.875723419234096,0.885857567874784,0.895311494814488,
0.904482597077854,0.912949322320317,0.920984314044522,0.928438229747783,0.935727990298039,
0.9424964463773,0.94890290925331,0.954726874885114,0.960345410505473,0.965399302303027,
0.970110702168315,0.974357772184977,0.978489614667429,0.982273005391382,0.985822394901592,
0.989009531813603,0.992064472689602,0.994855781046469,0.997502734799936,1.),
.UNSPECIFIED.);
#525=VERTEX_POINT('',#911);
#526=VERTEX_POINT('',#912);
#527=LINE('',#913,#914);
#528=VERTEX_POINT('',#916);
#529=B_SPLINE_CURVE_WITH_KNOTS('',3,
(#917,#918,#919,#920,#921,#922,#923,#924,#925,#926,#927,#928,#929,#930,#931,#932,
#933,#934,#935,#936,#937,#938,#939,#940,#941,#942,#943,#944,#945,#946,#947,#948,
#949,#950,#951,#952,#953,#954,#955,#956,#957,#958,#959,#960,#961,#962,#963,#964,
#965,#966,#967,#968,#969,#970,#971,#972,#973,#974,#975,#976,#977,#978,#979,#980,
#981,#982,#983,#984),
.UNSPECIFIED.,.F.,.F.,
(4,1,1,1,1,1,1,1,1,1,1,1,1,1,1,1,1,1,1,1,1,1,1,1,1,1,1,1,1,1,1,1,1,1,1,1,1,1,1,1,
1,1,1,1,1,1,1,1,1,1,1,1,1,1,1,1,1,1,1,1,1,1,1,1,1,4),
(0.,0.00257897736037379,0.00520094396280828,0.00786530126377846,0.0106026905253977,
0.0133749907258341,0.0162437997571625,0.0191752672438229,0.0221959532748959,0.025243261706228,
0.0284385317329664,0.0317548617278183,0.0352838416202838,0.0388994192977521,0.0427650039170739,
0.0467867501088734,0.0510333874484282,0.0553508823801649,0.0606653734447762,0.0669116878150133,
0.0770557062594892,0.0877746179859041,0.0990713364340054,0.107689013009754,0.116016211859931,
0.124342088544843,0.13295765330276,0.145751860448917,0.159194266108838,0.173279353483922,
0.188879168221734,0.20545567863081,0.222998975498695,0.242583056683978,0.263002462240184,
0.284260052059509,0.301256274386716,0.318963495442051,0.337865617305898,0.357258092846727,
0.377921903620311,0.399347182061803,0.421791848073496,0.444505294133985,0.468021865781853,
0.492046228006849,0.516796682826375,0.541778009775133,0.56721412067678,0.592849759411844,
0.61863470229376,0.64438357777294,0.669924827763072,0.69527867444865,0.720287736068767,
0.745134451990018,0.76957204586601,0.793741225141699,0.825396747555732,0.856709482402794,
0.887684692549143,0.910447980529145,0.933093118381642,0.955509537064211,0.977814322271168,
1.),
.UNSPECIFIED.);
#530=VERTEX_POINT('',#985);
#531=B_SPLINE_CURVE_WITH_KNOTS('',3,
(#986,#987,#988,#989,#990,#991,#992,#993,#994,#995,#996,#997,#998,#999,#1000,#1001,
#1002,#1003,#1004,#1005,#1006,#1007,#1008,#1009,#1010,#1011,#1012,#1013,#1014,#1015,
#1016,#1017,#1018,#1019,#1020,#1021,#1022,#1023,#1024,#1025,#1026,#1027,#1028,#1029,
#1030,#1031,#1032,#1033,#1034,#1035,#1036,#1037,#1038,#1039,#1040,#1041,#1042,#1043,
#1044,#1045,#1046,#1047,#1048,#1049,#1050,#1051,#1052,#1053),
.UNSPECIFIED.,.F.,.F.,
(4,1,1,1,1,1,1,1,1,1,1,1,1,1,1,1,1,1,1,1,1,1,1,1,1,1,1,1,1,1,1,1,1,1,1,1,1,1,1,1,
1,1,1,1,1,1,1,1,1,1,1,1,1,1,1,1,1,1,1,1,1,1,1,1,1,4),
(0.,0.0025789773606488,0.00520094396336695,0.00786530126462827,0.0106026905265521,
0.0133749907272984,0.0162437997589505,0.0191752672459466,0.022195953277368,0.0252432617090508,
0.0284385317361674,0.0317548617314128,0.0352838416243051,0.0388994193022173,0.0427650039220195,
0.0467867501143346,0.0510333874544316,0.0553508823867385,0.0606653734520756,0.0669116878231859,
0.0770557062691602,0.087774617997178,0.0990713364470047,0.107689013024116,0.116016211875676,
0.124342088562012,0.132957653321432,0.145751860469947,0.159194266132387,0.173279353510146,
0.188879168251153,0.205455678663746,0.222998975535505,0.242583056725466,0.263002462286653,
0.284260052111355,0.301256274443122,0.318963495503363,0.337865617372785,0.357258092919552,
0.377921903699843,0.399347182148442,0.421791848167912,0.444505294236477,0.468021865892513,
0.492046228125439,0.516796682952446,0.541778009908496,0.5672141208163,0.592849759556601,
0.618634702442293,0.644383577925079,0.669924827916568,0.695278674601974,0.720287736219135,
0.745134452136536,0.769572046005961,0.793741225273487,0.825396747673338,0.856709482504583,
0.887684692633342,0.910447980597929,0.933093118434475,0.955509537099994,0.977814322289336,
1.),
.UNSPECIFIED.);
#532=VERTEX_POINT('',#1054);
#533=LINE('',#1055,#1056);
#534=VERTEX_POINT('',#1058);
#535=B_SPLINE_CURVE_WITH_KNOTS('',3,
(#1059,#1060,#1061,#1062,#1063,#1064,#1065,#1066,#1067,#1068,#1069,#1070,#1071,#1072,
#1073,#1074,#1075,#1076,#1077,#1078,#1079,#1080,#1081,#1082,#1083,#1084,#1085,#1086,
#1087,#1088,#1089,#1090,#1091,#1092,#1093,#1094,#1095,#1096,#1097,#1098,#1099,#1100,
#1101,#1102,#1103,#1104,#1105,#1106,#1107,#1108,#1109,#1110,#1111,#1112,#1113,#1114,
#1115,#1116,#1117,#1118,#1119,#1120),
.UNSPECIFIED.,.F.,.F.,
(4,1,1,1,1,1,1,1,1,1,1,1,1,1,1,1,1,1,1,1,1,1,1,1,1,1,1,1,1,1,1,1,1,1,1,1,1,1,1,1,
1,1,1,1,1,1,1,1,1,1,1,1,1,1,1,1,1,1,1,4),
(0.,0.00281739141235538,0.00568225078162585,0.00858992279813,0.0115713714614532,
0.0145878955602332,0.017698916314283,0.020870113699865,0.0241270206057358,0.0274113016911438,
0.0308437501819099,0.0343950139533702,0.0381546437691414,0.0419983960046476,0.0460936776831668,
0.0503488365368778,0.0548307396080731,0.0593877889424537,0.0649949945792613,0.0715845700329345,
0.0822997030367034,0.0936300979787596,0.10558017115414,0.114710552485156,0.123546252659941,
0.132395071000277,0.141555814896338,0.155182426539753,0.169503054108176,0.184518144895941,
0.19667197624404,0.20943103501477,0.223199823172135,0.237375303438353,0.258091090800501,
0.279651673874944,0.302059663693903,0.320058283554605,0.338908283639128,0.359230641724103,
0.380180440774924,0.402827921479084,0.426521493497059,0.451659196162706,0.477211657330832,
0.504357197732909,0.532653607692398,0.562828437453877,0.593772950158703,0.626527838021693,
0.660329743536636,0.695527017442723,0.731046734519748,0.767561943118588,0.804739917021654,
0.842909236745453,0.881408397180041,0.920595280179887,0.96012107916279,1.),
.UNSPECIFIED.);
#536=B_SPLINE_CURVE_WITH_KNOTS('',3,
(#1121,#1122,#1123,#1124,#1125,#1126,#1127,#1128,#1129,#1130,#1131,#1132,#1133,#1134,
#1135,#1136,#1137,#1138,#1139,#1140,#1141,#1142,#1143,#1144,#1145,#1146,#1147,#1148,
#1149,#1150,#1151,#1152,#1153,#1154,#1155,#1156,#1157,#1158,#1159,#1160,#1161,#1162,
#1163,#1164,#1165,#1166,#1167,#1168,#1169,#1170,#1171,#1172,#1173,#1174,#1175,#1176,
#1177,#1178,#1179,#1180,#1181,#1182),
.UNSPECIFIED.,.F.,.F.,
(4,1,1,1,1,1,1,1,1,1,1,1,1,1,1,1,1,1,1,1,1,1,1,1,1,1,1,1,1,1,1,1,1,1,1,1,1,1,1,1,
1,1,1,1,1,1,1,1,1,1,1,1,1,1,1,1,1,1,1,4),
(0.,0.0028173914125232,0.00568225078196825,0.00858992279865156,0.011571371462161,
0.0145878955611312,0.0176989163153776,0.0208701137011624,0.0241270206072448,0.0274113016928647,
0.0308437501838545,0.0343950139555501,0.0381546437715753,0.0419983960073464,0.0460936776861504,
0.0503488365401652,0.0548307396116836,0.0593877889463997,0.0649949945836363,0.0715845700378213,
0.0822997030424718,0.0936300979854713,0.105580171161864,0.114710552493677,0.123546252669274,
0.132395071010453,0.141555814907397,0.155182426552203,0.169503054122112,0.184518144911436,
0.196671976260883,0.20943103503307,0.223199823192088,0.237375303460058,0.258091090824941,
0.279651673902301,0.302059663724403,0.32005828358751,0.33890828367437,0.359230641761555,
0.380180440814526,0.402827921520513,0.426521493540022,0.451659196206797,0.47721165737597,
0.504357197778459,0.532653607737854,0.562828437498492,0.593772950202185,0.626527838063249,
0.660329743575737,0.695527017478765,0.731046734552577,0.767561943147691,0.804739917046706,
0.842909236765953,0.881408397195805,0.920595280190578,0.960121079168225,1.),
.UNSPECIFIED.);
#537=VERTEX_POINT('',#1183);
#538=VERTEX_POINT('',#1184);
#539=B_SPLINE_CURVE_WITH_KNOTS('',3,
(#1185,#1186,#1187,#1188,#1189,#1190,#1191,#1192,#1193,#1194,#1195,#1196,#1197,#1198,
#1199,#1200,#1201,#1202,#1203,#1204,#1205,#1206,#1207,#1208,#1209,#1210,#1211,#1212,
#1213,#1214,#1215,#1216,#1217),
.UNSPECIFIED.,.F.,.F.,
(4,1,1,1,1,1,1,1,1,1,1,1,1,1,1,1,1,1,1,1,1,1,1,1,1,1,1,1,1,1,4),
(0.,0.0330835846496325,0.0661356397789851,0.0991582377270767,0.132119130714562,0.165049963010608,
0.201472337268926,0.241422766531667,0.305543476033908,0.372240674552601,0.441521880478656,
0.501702072949083,0.562791835845982,0.615348227704985,0.650409385827015,0.675309777257962,
0.699502025621609,0.72275062432309,0.745752795164411,0.774635034397137,0.802305463303349,
0.828773863471303,0.852877540283247,0.876040659685555,0.898255639845852,0.914106124672095,
0.929496359333993,0.948944801859963,0.967932679301646,0.986456189462066,1.),
.UNSPECIFIED.);
#540=VERTEX_POINT('',#1218);
#541=B_SPLINE_CURVE_WITH_KNOTS('',3,
(#1219,#1220,#1221,#1222,#1223,#1224,#1225),
.UNSPECIFIED.,.F.,.F.,
(4,1,1,1,4),
(0.,0.235227643986072,0.480309764372503,0.735231182307805,1.),
.UNSPECIFIED.);
#542=VERTEX_POINT('',#1226);
#543=B_SPLINE_CURVE_WITH_KNOTS('',3,
(#1227,#1228,#1229,#1230,#1231,#1232,#1233,#1234,#1235,#1236,#1237,#1238,#1239,#1240,
#1241,#1242,#1243,#1244,#1245,#1246,#1247,#1248,#1249,#1250,#1251,#1252,#1253,#1254,
#1255,#1256,#1257,#1258,#1259),
.UNSPECIFIED.,.F.,.F.,
(4,1,1,1,1,1,1,1,1,1,1,1,1,1,1,1,1,1,1,1,1,1,1,1,1,1,1,1,1,1,4),
(0.,0.0281139313960102,0.0562995833308972,0.0845567399021872,0.112951686710692,0.141415377803475,
0.170078418478339,0.198872471288188,0.227862566496395,0.256916055703673,0.286097524957688,
0.315343291651255,0.35441915162068,0.403129296963344,0.461344777237237,0.509332057832446,
0.547224939273326,0.583947470002441,0.61995862313377,0.655260571477124,0.689277556061408,
0.724747463132374,0.761665401315623,0.800459065579605,0.846469586208478,0.894084359109774,
0.928590202982999,0.951400313538413,0.96786671623591,0.984074576363589,1.),
.UNSPECIFIED.);
#544=VERTEX_POINT('',#1260);
#545=B_SPLINE_CURVE_WITH_KNOTS('',3,
(#1261,#1262,#1263,#1264,#1265,#1266,#1267,#1268,#1269,#1270,#1271,#1272,#1273,#1274,
#1275,#1276,#1277,#1278,#1279),
.UNSPECIFIED.,.F.,.F.,
(4,1,1,1,1,1,1,1,1,1,1,1,1,1,1,1,4),
(0.,0.0564887255158204,0.116710818372237,0.185352526006588,0.263355858973751,0.353506022751633,
0.452960233745646,0.558730961439091,0.647287723484262,0.716790238237185,0.764934639565994,
0.810607188934717,0.852327464252853,0.892572243173005,0.929861073245584,0.965669342844053,
1.),
.UNSPECIFIED.);
#546=VERTEX_POINT('',#1280);
#547=B_SPLINE_CURVE_WITH_KNOTS('',3,
(#1281,#1282,#1283,#1284,#1285,#1286,#1287),
.UNSPECIFIED.,.F.,.F.,
(4,1,1,1,4),
(0.,0.235227643398818,0.480309763621089,0.73523118177645,1.),
.UNSPECIFIED.);
#548=B_SPLINE_CURVE_WITH_KNOTS('',3,
(#1288,#1289,#1290,#1291,#1292,#1293,#1294,#1295,#1296,#1297,#1298,#1299,#1300,#1301,
#1302,#1303,#1304,#1305,#1306,#1307,#1308,#1309,#1310,#1311,#1312,#1313,#1314,#1315),
.UNSPECIFIED.,.F.,.F.,
(4,1,1,1,1,1,1,1,1,1,1,1,1,1,1,1,1,1,1,1,1,1,1,1,1,4),
(0.,0.0293270385572051,0.0535197577533103,0.080145302879235,0.108794113201243,0.139460211072835,
0.165376125491339,0.192098934849308,0.221725674095054,0.253448511588146,0.288573682098239,
0.325002959867282,0.364708583472821,0.406398669669007,0.450752694517647,0.495781909614495,
0.542243311055168,0.589451043260966,0.637465357220671,0.685542936740089,0.748545855807813,
0.810299300943847,0.870801296819377,0.91453325316598,0.957597307503475,1.),
.UNSPECIFIED.);
#549=B_SPLINE_CURVE_WITH_KNOTS('',3,
(#1316,#1317,#1318,#1319,#1320,#1321,#1322,#1323,#1324,#1325,#1326,#1327,#1328,#1329,
#1330,#1331,#1332,#1333,#1334,#1335,#1336,#1337,#1338,#1339,#1340),
.UNSPECIFIED.,.F.,.F.,
(4,1,1,1,1,1,1,1,1,1,1,1,1,1,1,1,1,1,1,1,1,1,4),
(0.,0.0304068223233777,0.0625859641508268,0.0965375877773769,0.15253520510316,0.214235232650254,
0.2816392580971,0.336769042496247,0.394186433312853,0.453773584325885,0.500008453263921,
0.513238458243927,0.572335427809669,0.631186318757356,0.687725145736132,0.74219684077442,
0.79187263463096,0.838823210228866,0.879616365967838,0.916979581763727,0.947789018933934,
0.975460250306011,1.),
.UNSPECIFIED.);
#550=B_SPLINE_CURVE_WITH_KNOTS('',3,
(#1341,#1342,#1343,#1344,#1345,#1346,#1347,#1348,#1349,#1350,#1351,#1352,#1353,#1354,
#1355,#1356,#1357,#1358,#1359,#1360,#1361,#1362,#1363,#1364,#1365),
.UNSPECIFIED.,.F.,.F.,
(4,1,1,1,1,1,1,1,1,1,1,1,1,1,1,1,1,1,1,1,1,1,4),
(0.,0.0304068223233923,0.0625859641508182,0.0965375877773625,0.152535205103137,0.214235232650224,
0.281639258097067,0.336769042496216,0.394186433312824,0.453773584325865,0.500008453263927,
0.513238458243922,0.572335427809663,0.631186318757332,0.687725145736128,0.742196840774468,
0.791872634630965,0.838823210228769,0.879616365967821,0.916979581763864,0.947789018933965,
0.975460250305826,1.),
.UNSPECIFIED.);
#551=VERTEX_POINT('',#1366);
#552=CIRCLE('',#1367,14.85);
#553=B_SPLINE_CURVE_WITH_KNOTS('',3,
(#1371,#1372,#1373,#1374,#1375,#1376,#1377,#1378,#1379,#1380,#1381,#1382,#1383,#1384,
#1385,#1386,#1387,#1388,#1389,#1390,#1391,#1392,#1393,#1394),
.UNSPECIFIED.,.F.,.F.,
(4,1,1,1,1,1,1,1,1,1,1,1,1,1,1,1,1,1,1,1,1,4),
(0.,0.0427720774628936,0.0870529161617916,0.134486715089066,0.185210471544611,0.239556858471907,
0.296079671229559,0.354677616268313,0.414853756149071,0.477326889614871,0.500012026776972,
0.541635544437916,0.607771603717876,0.67507361662349,0.731098839395819,0.775261599169823,
0.816300245781739,0.854864226171703,0.890954320383308,0.922221731652284,0.958570519382295,
1.),
.UNSPECIFIED.);
#554=B_SPLINE_CURVE_WITH_KNOTS('',3,
(#1395,#1396,#1397,#1398,#1399,#1400,#1401,#1402,#1403,#1404,#1405,#1406,#1407,#1408,
#1409,#1410,#1411,#1412,#1413,#1414,#1415,#1416,#1417,#1418,#1419,#1420),
.UNSPECIFIED.,.F.,.F.,
(4,1,1,1,1,1,1,1,1,1,1,1,1,1,1,1,1,1,1,1,1,1,1,4),
(0.,0.0289069485112936,0.0581279583235383,0.087661960881621,0.117820583372561,0.148287962396735,
0.179467738744633,0.21105086993229,0.253870318575555,0.308053847110946,0.373962276344991,
0.441156219275738,0.500011204693998,0.509140556160454,0.577771119366926,0.646833044592929,
0.715216456967529,0.781449425384971,0.842873594550142,0.890748315882986,0.926335985836106,
0.951499754039033,0.976055916885024,1.),
.UNSPECIFIED.);
#555=VERTEX_POINT('',#1421);
#556=CIRCLE('',#1422,14.);
#557=VERTEX_POINT('',#1426);
#558=VERTEX_POINT('',#1427);
#559=B_SPLINE_CURVE_WITH_KNOTS('',3,
(#1428,#1429,#1430,#1431,#1432,#1433,#1434,#1435,#1436,#1437,#1438,#1439,#1440,#1441,
#1442,#1443,#1444,#1445,#1446,#1447,#1448,#1449,#1450,#1451,#1452,#1453,#1454,#1455,
#1456,#1457,#1458,#1459,#1460,#1461,#1462,#1463,#1464,#1465,#1466,#1467,#1468,#1469,
#1470,#1471,#1472,#1473,#1474,#1475,#1476,#1477,#1478,#1479,#1480,#1481,#1482,#1483,
#1484,#1485,#1486,#1487,#1488,#1489,#1490,#1491,#1492,#1493,#1494,#1495,#1496,#1497,
#1498,#1499,#1500,#1501,#1502,#1503,#1504,#1505,#1506,#1507,#1508,#1509,#1510,#1511,
#1512,#1513,#1514,#1515,#1516,#1517,#1518,#1519,#1520,#1521,#1522,#1523,#1524,#1525,
#1526,#1527,#1528,#1529,#1530,#1531,#1532,#1533,#1534),
.UNSPECIFIED.,.F.,.F.,
(4,1,1,1,1,1,1,1,1,1,1,1,1,1,1,1,1,1,1,1,1,1,1,1,1,1,1,1,1,1,1,1,1,1,1,1,1,1,1,1,
1,1,1,1,1,1,1,1,1,1,1,1,1,1,1,1,1,1,1,1,1,1,1,1,1,1,1,1,1,1,1,1,1,1,1,1,1,1,1,1,
1,1,1,1,1,1,1,1,1,1,1,1,1,1,1,1,1,1,1,1,1,1,1,1,4),
(0.,0.00129021654898954,0.00260178206562759,0.00393439685393572,0.0053033044750208,
0.00668953087495188,0.00812370205600822,0.0095886645395632,0.0110977471224283,0.0126212962652999,
0.0142193150383557,0.0158770467000134,0.0176409220688823,0.0194482281286726,0.0213813269628806,
0.0233926874528827,0.0255147746693572,0.0276722584158999,0.0303294709306049,0.0334530397270138,
0.0385263341381366,0.0438871407559419,0.0495366714216968,0.0538678914416454,0.0580755811607371,
0.0623259869101067,0.0667427843819385,0.0747532303601951,0.0840633406635589,0.094672947512132,
0.106666434659455,0.118683969547715,0.130729880380469,0.139408148888582,0.148218951208701,
0.15752662842458,0.167200709668021,0.177494711978866,0.188047849111347,0.199222723081545,
0.210759937468373,0.222794855464977,0.2349706491799,0.247663755874431,0.260733787796577,
0.274468837616405,0.288476599705067,0.303159492618408,0.318235756579755,0.33917246781614,
0.360590195747093,0.382486242268272,0.399596421489044,0.416893734455232,0.43462287439636,
0.452589407472466,0.470847515410659,0.489167438894971,0.500005144636901,0.507568863077914,
0.526008566750569,0.544488875546873,0.562947802373056,0.581327108609782,0.59964791940466,
0.623858593953047,0.647726057142583,0.671249781735254,0.688257995095742,0.705038184069842,
0.721202120298875,0.737004383352275,0.752249501054953,0.767308358682018,0.781738164463493,
0.795709057976972,0.808877117774158,0.821730626917521,0.83382898867392,0.845471851202981,
0.856476458543545,0.867332626157771,0.877610579130022,0.887449150680198,0.896545580253205,
0.905348536087489,0.913445301650617,0.92111277399241,0.928223427205156,0.935193797615561,
0.941699876487119,0.947885018879464,0.953556384795714,0.959040165365306,0.964031403427965,
0.968722427946737,0.973008184426901,0.977194031259732,0.981077559960055,0.984757231759125,
0.988122465855627,0.991370497449353,0.99438236443408,0.997260999423909,1.),
.UNSPECIFIED.);
#560=VERTEX_POINT('',#1535);
#561=B_SPLINE_CURVE_WITH_KNOTS('',3,
(#1536,#1537,#1538,#1539,#1540,#1541,#1542,#1543,#1544,#1545,#1546),
.UNSPECIFIED.,.F.,.F.,
(4,1,1,1,1,1,1,1,4),
(0.,0.0955746075403489,0.225781400832757,0.392861942929005,0.563639772064917,0.703332448235695,
0.806109945611572,0.905063164392336,1.),
.UNSPECIFIED.);
#562=VERTEX_POINT('',#1547);
#563=CIRCLE('',#1548,25.15);
#564=B_SPLINE_CURVE_WITH_KNOTS('',3,
(#1552,#1553,#1554,#1555,#1556,#1557,#1558,#1559,#1560,#1561,#1562),
.UNSPECIFIED.,.F.,.F.,
(4,1,1,1,1,1,1,1,4),
(0.,0.095574607421205,0.225781400980938,0.392861943890029,0.563639773737558,0.703332450292054,
0.806109947207633,0.905063165300736,1.),
.UNSPECIFIED.);
#565=VERTEX_POINT('',#1563);
#566=B_SPLINE_CURVE_WITH_KNOTS('',3,
(#1564,#1565,#1566,#1567,#1568,#1569,#1570,#1571,#1572,#1573,#1574),
.UNSPECIFIED.,.F.,.F.,
(4,1,1,1,1,1,1,1,4),
(0.,0.0955746074212009,0.225781400980944,0.392861943890041,0.563639773737588,0.703332450292088,
0.806109947207667,0.905063165300738,1.),
.UNSPECIFIED.);
#567=VERTEX_POINT('',#1575);
#568=CIRCLE('',#1576,25.15);
#569=VERTEX_POINT('',#1580);
#570=B_SPLINE_CURVE_WITH_KNOTS('',3,
(#1581,#1582,#1583,#1584,#1585,#1586,#1587,#1588,#1589,#1590,#1591),
.UNSPECIFIED.,.F.,.F.,
(4,1,1,1,1,1,1,1,4),
(0.,0.0955746075403503,0.225781400832769,0.392861942929,0.563639772064902,0.703332448235658,
0.806109945611555,0.905063164392324,1.),
.UNSPECIFIED.);
#571=VERTEX_POINT('',#1592);
#572=B_SPLINE_CURVE_WITH_KNOTS('',3,
(#1593,#1594,#1595,#1596,#1597,#1598,#1599,#1600,#1601,#1602,#1603,#1604,#1605,#1606,
#1607,#1608,#1609,#1610,#1611,#1612,#1613,#1614,#1615,#1616,#1617,#1618,#1619,#1620,
#1621,#1622,#1623,#1624,#1625,#1626,#1627,#1628,#1629,#1630,#1631,#1632,#1633,#1634,
#1635,#1636,#1637,#1638,#1639,#1640,#1641,#1642,#1643,#1644,#1645,#1646,#1647,#1648,
#1649,#1650,#1651,#1652,#1653,#1654,#1655,#1656,#1657,#1658,#1659,#1660,#1661,#1662,
#1663,#1664,#1665,#1666,#1667,#1668,#1669,#1670,#1671,#1672,#1673,#1674,#1675,#1676,
#1677,#1678,#1679,#1680,#1681,#1682,#1683,#1684,#1685,#1686,#1687,#1688,#1689,#1690,
#1691,#1692,#1693,#1694,#1695,#1696,#1697,#1698,#1699),
.UNSPECIFIED.,.F.,.F.,
(4,1,1,1,1,1,1,1,1,1,1,1,1,1,1,1,1,1,1,1,1,1,1,1,1,1,1,1,1,1,1,1,1,1,1,1,1,1,1,1,
1,1,1,1,1,1,1,1,1,1,1,1,1,1,1,1,1,1,1,1,1,1,1,1,1,1,1,1,1,1,1,1,1,1,1,1,1,1,1,1,
1,1,1,1,1,1,1,1,1,1,1,1,1,1,1,1,1,1,1,1,1,1,1,1,4),
(0.,0.00129021654885141,0.00260178206534754,0.00393439685350881,0.00530330447444062,
0.00668953087421574,0.00812370205510853,0.00958866453849526,0.0110977471211847,0.0126212962638793,
0.014219315036744,0.0158770466982043,0.0176409220668583,0.0194482281264248,0.0213813269603897,
0.0233926874501341,0.025514774666339,0.0276722584125949,0.0303294709269332,0.0334530397229046,
0.0385263341332747,0.0438871407502745,0.0495366714151616,0.0538678914344262,0.0580755811528221,
0.0623259869014737,0.0667427843725496,0.0747532303493746,0.0840633406510279,0.0946729474975919,
0.106666434642511,0.118683969528247,0.13072988035841,0.139408148864508,0.148218951182574,
0.157526628396161,0.167200709637127,0.177494711945129,0.188047849074612,0.199222723041456,
0.210759937424694,0.222794855417333,0.23497064912819,0.247663755818205,0.260733787735497,
0.274468837549671,0.288476599632487,0.303159492539244,0.318235756493477,0.339172467719324,
0.360590195639628,0.382486242150075,0.399596421363294,0.416893734322304,0.434622874257256,
0.452589407328106,0.470847515262258,0.489167438743063,0.500005144636905,0.507568862924214,
0.526008566596,0.544488875393194,0.562947802220991,0.581327108460535,0.59964791925902,
0.623858593813423,0.647726057009512,0.671249781609167,0.688257994975964,0.705038183956823,
0.721202120193311,0.737004383254847,0.752249500966545,0.767308358602742,0.781738164393466,
0.795709057916351,0.808877117722844,0.8217306268751,0.833828988639505,0.845471851176023,
0.856476458522967,0.867332626143062,0.877610579119849,0.887449150673685,0.896545580249005,
0.905348536085143,0.913445301649229,0.921112773991531,0.928223427204342,0.935193797614812,
0.941699876486434,0.947885018878844,0.953556384795156,0.959040165364811,0.964031403427527,
0.968722427946355,0.973008184426572,0.977194031259453,0.981077559959824,0.984757231758939,
0.988122465855481,0.991370497449248,0.994382364434012,0.997260999423876,1.),
.UNSPECIFIED.);
#573=VERTEX_POINT('',#1700);
#574=B_SPLINE_CURVE_WITH_KNOTS('',3,
(#1701,#1702,#1703,#1704,#1705,#1706,#1707,#1708,#1709,#1710,#1711),
.UNSPECIFIED.,.F.,.F.,
(4,1,1,1,1,1,1,1,4),
(0.,0.0955746075403504,0.225781400832763,0.392861942929001,0.563639772064914,0.703332448235676,
0.806109945611566,0.905063164392327,1.),
.UNSPECIFIED.);
#575=VERTEX_POINT('',#1712);
#576=CIRCLE('',#1713,25.15);
#577=B_SPLINE_CURVE_WITH_KNOTS('',3,
(#1717,#1718,#1719,#1720,#1721,#1722,#1723,#1724,#1725,#1726,#1727),
.UNSPECIFIED.,.F.,.F.,
(4,1,1,1,1,1,1,1,4),
(0.,0.0955746074211838,0.225781400980918,0.392861943890018,0.563639773737573,0.703332450292074,
0.806109947207659,0.905063165300734,1.),
.UNSPECIFIED.);
#578=VERTEX_POINT('',#1728);
#579=B_SPLINE_CURVE_WITH_KNOTS('',3,
(#1729,#1730,#1731,#1732,#1733,#1734,#1735,#1736,#1737,#1738,#1739),
.UNSPECIFIED.,.F.,.F.,
(4,1,1,1,1,1,1,1,4),
(0.,0.0955746074211907,0.225781400980938,0.392861943890037,0.563639773737597,0.703332450292087,
0.806109947207665,0.905063165300729,1.),
.UNSPECIFIED.);
#580=VERTEX_POINT('',#1740);
#581=CIRCLE('',#1741,25.15);
#582=B_SPLINE_CURVE_WITH_KNOTS('',3,
(#1745,#1746,#1747,#1748,#1749,#1750,#1751,#1752,#1753,#1754,#1755),
.UNSPECIFIED.,.F.,.F.,
(4,1,1,1,1,1,1,1,4),
(0.,0.0955746075403305,0.225781400832753,0.392861942928999,0.563639772064899,0.703332448235666,
0.806109945611552,0.905063164392321,1.),
.UNSPECIFIED.);
#583=VERTEX_POINT('',#1756);
#584=CIRCLE('',#1757,25.15);
#585=VERTEX_POINT('',#1761);
#586=LINE('',#1762,#1763);
#587=VERTEX_POINT('',#1765);
#588=LINE('',#1766,#1767);
#589=CIRCLE('',#1769,26.5);
#590=VERTEX_POINT('',#1773);
#591=VERTEX_POINT('',#1774);
#592=B_SPLINE_CURVE_WITH_KNOTS('',3,
(#1775,#1776,#1777,#1778,#1779,#1780,#1781,#1782,#1783,#1784,#1785,#1786),
.UNSPECIFIED.,.F.,.F.,
(4,1,1,1,1,1,1,1,1,4),
(0.,0.101701870150068,0.203310783478017,0.304952278116929,0.43912975231339,0.574625457329435,
0.711419972550063,0.812350874932284,0.908595058352555,1.),
.UNSPECIFIED.);
#593=VERTEX_POINT('',#1787);
#594=CIRCLE('',#1788,26.5);
#595=B_SPLINE_CURVE_WITH_KNOTS('',3,
(#1792,#1793,#1794,#1795,#1796,#1797,#1798,#1799,#1800,#1801,#1802,#1803),
.UNSPECIFIED.,.F.,.F.,
(4,1,1,1,1,1,1,1,1,4),
(0.,0.101701870904953,0.203310785101163,0.304952280373961,0.439129755576611,0.574625461263195,
0.711419976451263,0.812350878618537,0.908595061783674,1.),
.UNSPECIFIED.);
#596=B_SPLINE_CURVE_WITH_KNOTS('',3,
(#1804,#1805,#1806,#1807,#1808,#1809,#1810,#1811,#1812,#1813,#1814,#1815),
.UNSPECIFIED.,.F.,.F.,
(4,1,1,1,1,1,1,1,1,4),
(0.,0.101701869999899,0.20331078330455,0.304952277693987,0.439129751685851,0.574625456646544,
0.711419971671391,0.812350874804795,0.908595060682882,1.),
.UNSPECIFIED.);
#597=VERTEX_POINT('',#1816);
#598=B_SPLINE_CURVE_WITH_KNOTS('',3,
(#1817,#1818,#1819,#1820,#1821,#1822,#1823,#1824,#1825,#1826,#1827,#1828),
.UNSPECIFIED.,.F.,.F.,
(4,1,1,1,1,1,1,1,1,4),
(0.,0.101701869426153,0.203310782042576,0.304952275980945,0.439129749199037,0.57462545357302,
0.711419968726512,0.812350871506879,0.908595054686172,1.),
.UNSPECIFIED.);
#599=VERTEX_POINT('',#1829);
#600=B_SPLINE_CURVE_WITH_KNOTS('',3,
(#1830,#1831,#1832,#1833,#1834,#1835,#1836,#1837,#1838,#1839,#1840,#1841,#1842,#1843,
#1844,#1845,#1846,#1847,#1848,#1849,#1850,#1851,#1852,#1853,#1854,#1855,#1856,#1857,
#1858,#1859,#1860,#1861,#1862,#1863,#1864,#1865,#1866,#1867,#1868,#1869,#1870,#1871,
#1872,#1873,#1874,#1875,#1876,#1877,#1878,#1879,#1880,#1881,#1882,#1883,#1884,#1885,
#1886,#1887,#1888,#1889,#1890,#1891,#1892,#1893,#1894,#1895,#1896,#1897,#1898,#1899,
#1900,#1901,#1902,#1903,#1904,#1905,#1906,#1907,#1908,#1909,#1910,#1911,#1912,#1913,
#1914,#1915,#1916,#1917,#1918,#1919,#1920,#1921,#1922,#1923,#1924,#1925,#1926,#1927,
#1928,#1929,#1930,#1931,#1932,#1933,#1934,#1935,#1936,#1937,#1938),
.UNSPECIFIED.,.F.,.F.,
(4,1,1,1,1,1,1,1,1,1,1,1,1,1,1,1,1,1,1,1,1,1,1,1,1,1,1,1,1,1,1,1,1,1,1,1,1,1,1,1,
1,1,1,1,1,1,1,1,1,1,1,1,1,1,1,1,1,1,1,1,1,1,1,1,1,1,1,1,1,1,1,1,1,1,1,1,1,1,1,1,
1,1,1,1,1,1,1,1,1,1,1,1,1,1,1,1,1,1,1,1,1,1,1,1,1,1,4),
(0.,0.00140899855868582,0.00284166089142873,0.00429566128726708,0.00578644679968193,
0.00729470325819118,0.00885006231365401,0.0104354000233275,0.0120634025709996,0.0137050490931054,
0.0154203010357546,0.0171941177950545,0.0190735170820747,0.0209964991409909,0.0230455986143022,
0.0251737968461254,0.0274134815111526,0.0296912585449027,0.032495166364473,0.0357904487037437,
0.0411491829369753,0.046815568047408,0.052791630385569,0.0573803328834532,0.0618446138996786,
0.0663613929525442,0.0710570166997866,0.0781474215802563,0.0856547180948834,0.093576358906967,
0.102397321083291,0.11433228237603,0.127102086873226,0.138010854389026,0.149697016173928,
0.161754005987221,0.174170800594572,0.184066331688599,0.194146598123458,0.204688270127089,
0.215498589416322,0.226664416814591,0.237921690139809,0.253724790947414,0.270095266216988,
0.287022983293139,0.305206514863803,0.32391942191562,0.34315824160285,0.360055409105644,
0.379205728101163,0.408286003995752,0.437902491090344,0.468082782170344,0.489318138716159,
0.500009127080842,0.508768698434932,0.52643837850932,0.544119304450863,0.567700613667372,
0.591224655409494,0.614688388098941,0.631989513794758,0.649052866191765,0.665699904728012,
0.682153805077574,0.69805965761452,0.713628422736991,0.728702525957498,0.743611700251787,
0.75792873744891,0.771829431035316,0.785022662888008,0.79791235060754,0.8101128447106,
0.821928754475858,0.833216513918992,0.8443508413501,0.854992168862398,0.865292791433337,
0.875013033065844,0.88449196975868,0.893391759052023,0.901960096667658,0.912720431964398,
0.923016274934438,0.93286497088102,0.939483949204558,0.945861435326751,0.951613107856321,
0.956971636610391,0.963318651466774,0.969177583924609,0.974565994155911,0.977913039905144,
0.981069444189903,0.983761455467103,0.986186981816734,0.988273779238272,0.990289417791201,
0.99209254819869,0.993752537111721,0.995195904765023,0.99656460493224,0.997785411919316,
0.998930654015921,1.),
.UNSPECIFIED.);
#601=VERTEX_POINT('',#1939);
#602=B_SPLINE_CURVE_WITH_KNOTS('',3,
(#1940,#1941,#1942,#1943,#1944,#1945,#1946,#1947,#1948,#1949,#1950,#1951),
.UNSPECIFIED.,.F.,.F.,
(4,1,1,1,1,1,1,1,1,4),
(0.,0.101701870150062,0.203310783478001,0.304952278116923,0.439129752313386,0.574625457329444,
0.711419972550054,0.812350874932269,0.908595058352553,1.),
.UNSPECIFIED.);
#603=VERTEX_POINT('',#1952);
#604=CIRCLE('',#1953,26.5);
#605=B_SPLINE_CURVE_WITH_KNOTS('',3,
(#1957,#1958,#1959,#1960,#1961,#1962,#1963,#1964,#1965,#1966,#1967,#1968),
.UNSPECIFIED.,.F.,.F.,
(4,1,1,1,1,1,1,1,1,4),
(0.,0.101701870546502,0.20331078439604,0.304952279329773,0.439129754044339,0.574625459436042,
0.711419974593843,0.812350877085251,0.908595061901114,1.),
.UNSPECIFIED.);
#606=VERTEX_POINT('',#1969);
#607=B_SPLINE_CURVE_WITH_KNOTS('',3,
(#1970,#1971,#1972,#1973,#1974,#1975,#1976,#1977,#1978,#1979,#1980,#1981),
.UNSPECIFIED.,.F.,.F.,
(4,1,1,1,1,1,1,1,1,4),
(0.,0.101701870546504,0.203310784396066,0.304952279329788,0.439129754044346,0.574625459436055,
0.711419974593862,0.812350877085254,0.90859506190111,1.),
.UNSPECIFIED.);
#608=VERTEX_POINT('',#1982);
#609=CIRCLE('',#1983,26.5);
#610=VERTEX_POINT('',#1987);
#611=B_SPLINE_CURVE_WITH_KNOTS('',3,
(#1988,#1989,#1990,#1991,#1992,#1993,#1994,#1995,#1996,#1997,#1998,#1999),
.UNSPECIFIED.,.F.,.F.,
(4,1,1,1,1,1,1,1,1,4),
(0.,0.101701869421017,0.203310782043029,0.304952275997592,0.43912974918676,0.574625453484191,
0.711419968749137,0.812350871074693,0.908595052592013,1.),
.UNSPECIFIED.);
#612=B_SPLINE_CURVE_WITH_KNOTS('',3,
(#2000,#2001,#2002,#2003,#2004,#2005,#2006,#2007,#2008,#2009,#2010,#2011,#2012,#2013,
#2014,#2015,#2016,#2017,#2018,#2019,#2020,#2021,#2022,#2023,#2024,#2025,#2026,#2027,
#2028,#2029,#2030,#2031,#2032,#2033,#2034,#2035,#2036,#2037,#2038,#2039,#2040,#2041,
#2042,#2043,#2044,#2045,#2046,#2047,#2048,#2049,#2050,#2051,#2052,#2053,#2054,#2055,
#2056,#2057,#2058,#2059,#2060,#2061,#2062,#2063,#2064,#2065,#2066,#2067,#2068,#2069,
#2070,#2071,#2072,#2073,#2074,#2075,#2076,#2077,#2078,#2079,#2080,#2081,#2082,#2083,
#2084,#2085,#2086,#2087,#2088,#2089,#2090,#2091,#2092,#2093,#2094,#2095,#2096,#2097,
#2098,#2099,#2100,#2101,#2102,#2103,#2104,#2105,#2106,#2107,#2108),
.UNSPECIFIED.,.F.,.F.,
(4,1,1,1,1,1,1,1,1,1,1,1,1,1,1,1,1,1,1,1,1,1,1,1,1,1,1,1,1,1,1,1,1,1,1,1,1,1,1,1,
1,1,1,1,1,1,1,1,1,1,1,1,1,1,1,1,1,1,1,1,1,1,1,1,1,1,1,1,1,1,1,1,1,1,1,1,1,1,1,1,
1,1,1,1,1,1,1,1,1,1,1,1,1,1,1,1,1,1,1,1,1,1,1,1,1,1,4),
(0.,0.00140899855860147,0.00284166089125816,0.00429566128700719,0.00578644679933082,
0.00729470325774628,0.00885006231311276,0.0104354000226873,0.012063402570257,0.0137050490922618,
0.0154203010348013,0.0171941177939882,0.0190735170808844,0.0209964991396684,0.0230455986128349,
0.0251737968445031,0.0274134815093583,0.0296912585429257,0.0324951663622639,0.0357904487012684,
0.04114918293409,0.0468155680441534,0.0527916303819994,0.0573803328796651,0.0618446138956364,
0.066361392948136,0.0710570166948964,0.078147421574159,0.0856547180870522,0.0935763588968318,
0.102397321070438,0.114332282360654,0.127102086857443,0.138010854375743,0.149697016168387,
0.161754005991233,0.174170800608461,0.184066331705625,0.194146598139401,0.204688270131331,
0.215498589399319,0.226664416760499,0.237921690037843,0.253724790787072,0.270095266028628,
0.287022983119133,0.30520651485646,0.32391942220543,0.343158242335444,0.360055410333582,
0.379205729913859,0.408286006560963,0.437902493691886,0.46808278297969,0.489318137132613,
0.500009127949144,0.508768699640178,0.526438380138434,0.544119305999705,0.567700614497742,
0.591224655631211,0.614688387857637,0.631989513386396,0.649052865703622,0.665699904260086,
0.682153804666951,0.698059657298164,0.713628422522298,0.728702525836665,0.743611700204822,
0.757928737445977,0.771829431058713,0.785022662917915,0.797912350636207,0.810112844730414,
0.821928754484805,0.833216513917614,0.844350841341431,0.854992168850413,0.865292791420315,
0.875013033054081,0.8844919697491,0.893391759045135,0.901960096663407,0.912720431962795,
0.923016274934526,0.93286497088196,0.93948394920554,0.945861435327616,0.951613107856936,
0.956971636610734,0.963318651466828,0.969177583924484,0.9745659941557,0.977913039904935,
0.981069444189709,0.983761455466939,0.986186981816601,0.988273779238168,0.990289417791121,
0.99209254819863,0.993752537111676,0.99519590476499,0.996564604932218,0.997785411919303,
0.998930654015915,1.),
.UNSPECIFIED.);
#613=VERTEX_POINT('',#2109);
#614=CIRCLE('',#2110,26.5);
#615=LINE('',#2114,#2115);
#616=LINE('',#2117,#2118);
#617=LINE('',#2120,#2121);
#618=LINE('',#2123,#2124);
#619=LINE('',#2126,#2127);
#620=LINE('',#2129,#2130);
#621=LINE('',#2132,#2133);
#622=LINE('',#2135,#2136);
#623=LINE('',#2138,#2139);
#624=LINE('',#2141,#2142);
#625=CARTESIAN_POINT('',(10.5005357006202,2.41618861825871,10.5005357006202));
#626=CARTESIAN_POINT('',(-10.5005357006203,2.41618861825872,10.5005357006202));
#627=CARTESIAN_POINT('',(-10.5005357004149,2.41618861820496,10.5005357004129));
#628=CARTESIAN_POINT('',(-10.3353262169885,2.37295275332411,10.6657595116562));
#629=CARTESIAN_POINT('',(-9.98677825213591,2.28736775045389,10.9982299782659));
#630=CARTESIAN_POINT('',(-9.42349691287021,2.16547038025737,11.4854637495448));
#631=CARTESIAN_POINT('',(-8.6784648696057,2.02364636580573,12.065543285848));
#632=CARTESIAN_POINT('',(-7.70204146471449,1.86739287769382,12.721155705));
#633=CARTESIAN_POINT('',(-6.43794339488945,1.70685567781266,13.4101997434664));
#634=CARTESIAN_POINT('',(-5.11341916129654,1.57945799385355,13.9664953996033));
#635=CARTESIAN_POINT('',(-3.77176802064496,1.48502002442743,14.383174527219));
#636=CARTESIAN_POINT('',(-2.45649440041043,1.42117180369769,14.6668244823417));
#637=CARTESIAN_POINT('',(-1.18863492702139,1.38688814968821,14.8197883603647));
#638=CARTESIAN_POINT('',(-0.258001334255754,1.37928047252998,14.8537755754879));
#639=CARTESIAN_POINT('',(0.668804535184242,1.3814480878039,14.8440947158564));
#640=CARTESIAN_POINT('',(1.69295077630287,1.39695979175967,14.7747970377829));
#641=CARTESIAN_POINT('',(3.04001400703546,1.44597027972604,14.556467030838));
#642=CARTESIAN_POINT('',(4.3253083050288,1.52057028539213,14.2259389064736));
#643=CARTESIAN_POINT('',(5.50752834758189,1.61546496311583,13.808838320205));
#644=CARTESIAN_POINT('',(6.5815681117724,1.72609395564146,13.3277685105689));
#645=CARTESIAN_POINT('',(7.52069276522114,1.84481946058294,12.8183610808322));
#646=CARTESIAN_POINT('',(8.34008657739847,1.96808687950643,12.2979971057194));
#647=CARTESIAN_POINT('',(9.02328397723632,2.08753653482655,11.8030449748833));
#648=CARTESIAN_POINT('',(9.59896632852519,2.20230267722947,11.3373394479197));
#649=CARTESIAN_POINT('',(10.0777642174174,2.30933160933008,10.9124928231586));
#650=CARTESIAN_POINT('',(10.3671901373482,2.38128295074149,10.6338880358371));
#651=CARTESIAN_POINT('',(10.5005357006091,2.4161886182558,10.500535700609));
#652=CARTESIAN_POINT('',(9.89949493661141,2.27003648829838,9.89949493661178));
#653=CARTESIAN_POINT('',(10.5005357005979,2.4161886182529,10.5005357005979));
#654=CARTESIAN_POINT('',(10.4533024984035,2.40381999826637,10.4533024984035));
#655=CARTESIAN_POINT('',(10.3569528160828,2.37905206283758,10.3569528160828));
#656=CARTESIAN_POINT('',(10.2095205887659,2.3425130300638,10.2095205887659));
#657=CARTESIAN_POINT('',(10.0564347845722,2.3059418980759,10.0564347845722));
#658=CARTESIAN_POINT('',(9.95243613894585,2.28200371317281,9.95243613894585));
#659=CARTESIAN_POINT('',(9.89949493640255,2.27003648825131,9.89949493640255));
#660=CARTESIAN_POINT('',(-9.89949493661163,2.27003648829835,9.8994949366117));
#661=CARTESIAN_POINT('',(-9.89949493424466,2.27003648776336,9.89949493896136));
#662=CARTESIAN_POINT('',(-9.6797098544639,2.22037482144018,10.1193195635777));
#663=CARTESIAN_POINT('',(-9.21691796204268,2.12345802877593,10.5522403016492));
#664=CARTESIAN_POINT('',(-8.45670748882275,1.9867411424738,11.1723118798238));
#665=CARTESIAN_POINT('',(-7.60484456429673,1.8562955443337,11.770854606663));
#666=CARTESIAN_POINT('',(-6.64448345444696,1.73326110372669,12.3408097518776));
#667=CARTESIAN_POINT('',(-5.57860359587481,1.62206350782398,12.8598588189702));
#668=CARTESIAN_POINT('',(-4.4157922198898,1.52713804628217,13.3055617174408));
#669=CARTESIAN_POINT('',(-3.17448384676966,1.45275025066122,13.6563462410941));
#670=CARTESIAN_POINT('',(-1.86144830860461,1.40171013782185,13.8977434140289));
#671=CARTESIAN_POINT('',(-0.794046713299669,1.38249408128811,13.9887805049474));
#672=CARTESIAN_POINT('',(0.139442513560398,1.37896811646146,14.0054846092617));
#673=CARTESIAN_POINT('',(1.09990209441777,1.38562581281596,13.9739414463553));
#674=CARTESIAN_POINT('',(2.38135374210112,1.41766303535076,13.8222193805682));
#675=CARTESIAN_POINT('',(3.74229941656127,1.48300598723598,13.5134838918336));
#676=CARTESIAN_POINT('',(4.91134323662023,1.56537859141785,13.1258042206122));
#677=CARTESIAN_POINT('',(5.86676587719906,1.65136077376001,12.7229775506489));
#678=CARTESIAN_POINT('',(6.67748848472882,1.73881283522884,12.3152857256824));
#679=CARTESIAN_POINT('',(7.40903082930809,1.83095456895325,11.8882315224305));
#680=CARTESIAN_POINT('',(8.05391633235779,1.92412673017997,11.4593340615293));
#681=CARTESIAN_POINT('',(8.66146882847391,2.02306757363163,11.0073571247938));
#682=CARTESIAN_POINT('',(9.27348029358986,2.13520956963915,10.49969181106));
#683=CARTESIAN_POINT('',(9.68657442495826,2.22192255777887,10.1124423349079));
#684=CARTESIAN_POINT('',(9.89949493650758,2.27003648827489,9.89949493650663));
#685=CARTESIAN_POINT('',(-10.5005357002076,2.4161886181512,10.5005357002077));
#686=CARTESIAN_POINT('',(-10.4526871243368,2.40365887593399,10.4526871243368));
#687=CARTESIAN_POINT('',(-10.3555167132893,2.37868603142782,10.3555167132894));
#688=CARTESIAN_POINT('',(-10.2074664185555,2.3420135496663,10.2074664185555));
#689=CARTESIAN_POINT('',(-10.0549953871025,2.30560814475048,10.0549953871025));
#690=CARTESIAN_POINT('',(-9.95181878960157,2.28186414225494,9.95181878960165));
#691=CARTESIAN_POINT('',(-9.89949493659431,2.27003648722854,9.8994949365944));
#692=CARTESIAN_POINT('',(13.0328407377829,3.6068997143378,21.5097085592434));
#693=CARTESIAN_POINT('',(13.0328407406123,3.60689971574842,23.0736876553145));
#694=CARTESIAN_POINT('',(13.0328407377829,3.6068997143378,23.073687654585));
#695=VECTOR('',#696,1.);
#696=DIRECTION('',(0.,2.83948302872325E-16,-1.));
#697=CARTESIAN_POINT('',(-13.0328407377829,3.6068997143378,21.5097085592434));
#698=CARTESIAN_POINT('',(-13.0328407377829,3.6068997143378,21.5097085592434));
#699=CARTESIAN_POINT('',(-13.025901911895,3.5978148865264,21.5139128479449));
#700=CARTESIAN_POINT('',(-13.0116657013347,3.57981749895083,21.5225293422056));
#701=CARTESIAN_POINT('',(-12.9894582309926,3.55351045384987,21.5359399475178));
#702=CARTESIAN_POINT('',(-12.9661728711553,3.52753596417766,21.549967945825));
#703=CARTESIAN_POINT('',(-12.9418546654297,3.5018996039204,21.5645815700775));
#704=CARTESIAN_POINT('',(-12.9163636540593,3.47641781916704,21.5798599694866));
#705=CARTESIAN_POINT('',(-12.8897424385522,3.45111550753599,21.5957721854099));
#706=CARTESIAN_POINT('',(-12.8618284770899,3.42583345162257,21.6124092806907));
#707=CARTESIAN_POINT('',(-12.8328428205143,3.40076492013048,21.6296333511546));
#708=CARTESIAN_POINT('',(-12.8025161713783,3.37566606860705,21.6475982315883));
#709=CARTESIAN_POINT('',(-12.7707424585189,3.35046460176402,21.6663591160712));
#710=CARTESIAN_POINT('',(-12.7368938507385,3.32471341891229,21.6862762913198));
#711=CARTESIAN_POINT('',(-12.7011542472218,3.29862176143795,21.7072289445727));
#712=CARTESIAN_POINT('',(-12.6630512359529,3.27190853717711,21.7294803239719));
#713=CARTESIAN_POINT('',(-12.6227634338235,3.2447712127718,21.7529105443652));
#714=CARTESIAN_POINT('',(-12.579808015697,3.21696469838439,21.7777821609442));
#715=CARTESIAN_POINT('',(-12.5348258108643,3.18896843005989,21.8037057530914));
#716=CARTESIAN_POINT('',(-12.4847998485691,3.15900530055993,21.8323953439637));
#717=CARTESIAN_POINT('',(-12.4270389742805,3.12579456401366,21.8653373542906));
#718=CARTESIAN_POINT('',(-12.3472840322954,3.08200051345445,21.9105171878073));
#719=CARTESIAN_POINT('',(-12.2464060862883,3.02988561680046,21.967112886406));
#720=CARTESIAN_POINT('',(-12.1250817544812,2.97143853263374,22.0343304658224));
#721=CARTESIAN_POINT('',(-12.0079277103434,2.91866471991612,22.0983690215651));
#722=CARTESIAN_POINT('',(-11.8985218005164,2.87204598198951,22.157434451175));
#723=CARTESIAN_POINT('',(-11.7991539429423,2.83156355584512,22.2105076217151));
#724=CARTESIAN_POINT('',(-11.6984259104797,2.79222004534953,22.2637319759294));
#725=CARTESIAN_POINT('',(-11.5670856784451,2.74298421875925,22.3323634604312));
#726=CARTESIAN_POINT('',(-11.3944188797788,2.6818026526793,22.4211463103759));
#727=CARTESIAN_POINT('',(-11.1702352307743,2.60790427426232,22.5338081688884));
#728=CARTESIAN_POINT('',(-10.9114281753894,2.52889572417876,22.6604202573114));
#729=CARTESIAN_POINT('',(-10.6276675460828,2.44897976824122,22.7949758541228));
#730=CARTESIAN_POINT('',(-10.329050587849,2.37131319738246,22.9318423497802));
#731=CARTESIAN_POINT('',(-10.0553262482167,2.30527748319901,23.0529859828635));
#732=CARTESIAN_POINT('',(-9.80657667766165,2.24884403826714,23.1597249063899));
#733=CARTESIAN_POINT('',(-9.57956600304008,2.19988306223967,23.2545739460729));
#734=CARTESIAN_POINT('',(-9.34275270236693,2.15135206450946,23.3507680457472));
#735=CARTESIAN_POINT('',(-9.09185399852387,2.10255616621968,23.449650593245));
#736=CARTESIAN_POINT('',(-8.82876022278717,2.0540798934488,23.5500165489971));
#737=CARTESIAN_POINT('',(-8.55113714409193,2.00568924982678,23.6522901199099));
#738=CARTESIAN_POINT('',(-8.26109219924107,1.95794589416401,23.7552102779238));
#739=CARTESIAN_POINT('',(-7.95642356488431,1.91068672997742,23.8590366502626));
#740=CARTESIAN_POINT('',(-7.64125666115381,1.8647141339628,23.9618769020074));
#741=CARTESIAN_POINT('',(-7.31417884804945,1.81992894521859,24.0637757447621));
#742=CARTESIAN_POINT('',(-6.97619648176711,1.77658440280616,24.1639856816303));
#743=CARTESIAN_POINT('',(-6.62255255626606,1.73424372851839,24.2633665450466));
#744=CARTESIAN_POINT('',(-6.25533914617682,1.69337010564354,24.3606914279862));
#745=CARTESIAN_POINT('',(-5.87179621813581,1.6538604826137,24.4560448972729));
#746=CARTESIAN_POINT('',(-5.47431662883388,1.61617200541099,24.5481592701699));
#747=CARTESIAN_POINT('',(-5.01189333543328,1.57608821883027,24.647289301953));
#748=CARTESIAN_POINT('',(-4.4854988507548,1.53543240094501,24.7491443733505));
#749=CARTESIAN_POINT('',(-3.89365738983848,1.49598469872825,24.8492417560736));
#750=CARTESIAN_POINT('',(-3.33460901104477,1.46451837497963,24.9299649362104));
#751=CARTESIAN_POINT('',(-2.8119446731495,1.43980666689699,24.9938622682822));
#752=CARTESIAN_POINT('',(-2.32674646929927,1.42062884873715,25.0437479265145));
#753=CARTESIAN_POINT('',(-1.83253597068997,1.4049187326847,25.0848165403036));
#754=CARTESIAN_POINT('',(-1.32851134582487,1.3928065428937,25.1166041221562));
#755=CARTESIAN_POINT('',(-0.818329180563422,1.38451287303891,25.1384327052652));
#756=CARTESIAN_POINT('',(-0.374477764877174,1.38075228821257,25.1483477360666));
#757=CARTESIAN_POINT('',(-0.0306545202193438,1.37996327262053,25.1504286071669));
#758=CARTESIAN_POINT('',(0.314290584691984,1.38051574888444,25.1489716283037));
#759=CARTESIAN_POINT('',(0.730734151343726,1.38347631478283,25.1411643832278));
#760=CARTESIAN_POINT('',(1.24881096671019,1.39122535362198,25.1207614815009));
#761=CARTESIAN_POINT('',(1.76569900673901,1.40304781667276,25.089718307408));
#762=CARTESIAN_POINT('',(2.28021844195261,1.41892711640055,25.0481843867383));
#763=CARTESIAN_POINT('',(2.84714171164304,1.44101147871417,24.9907130248571));
#764=CARTESIAN_POINT('',(3.46321112333992,1.47091093263872,24.91345326706));
#765=CARTESIAN_POINT('',(4.12463400569805,1.51042005592663,24.8124337949173));
#766=CARTESIAN_POINT('',(4.71647752959328,1.55259052395203,24.7059829244118));
#767=CARTESIAN_POINT('',(5.24052102536579,1.59535830751098,24.5994702240832));
#768=CARTESIAN_POINT('',(5.69514880069641,1.6365619670224,24.4981328342882));
#769=CARTESIAN_POINT('',(6.13661430437939,1.68064355970046,24.3912066786269));
#770=CARTESIAN_POINT('',(6.56196829250168,1.72712220279518,24.2801506196864));
#771=CARTESIAN_POINT('',(6.97512821055927,1.77626372622321,24.164636823797));
#772=CARTESIAN_POINT('',(7.37373924479392,1.82766853028849,24.0459309905024));
#773=CARTESIAN_POINT('',(7.75864158517903,1.88130979848934,23.9244246952088));
#774=CARTESIAN_POINT('',(8.12442729881075,1.93621177038304,23.8025972503907));
#775=CARTESIAN_POINT('',(8.47397947498828,1.99253166357634,23.680321782334));
#776=CARTESIAN_POINT('',(8.80484509735156,2.04961269265916,23.5592237051625));
#777=CARTESIAN_POINT('',(9.12019153350279,2.10775175952641,23.4388671603915));
#778=CARTESIAN_POINT('',(9.41741733363488,2.16618967832113,23.3209617699285));
#779=CARTESIAN_POINT('',(9.70188326160207,2.22574457067697,23.2040101525518));
#780=CARTESIAN_POINT('',(9.97267231088279,2.28608209514578,23.0888786321105));
#781=CARTESIAN_POINT('',(10.2316552071965,2.3475044587924,22.9752252534323));
#782=CARTESIAN_POINT('',(10.4741047059247,2.40867049883804,22.8656486116305));
#783=CARTESIAN_POINT('',(10.7026420088415,2.46994544158277,22.7595196136972));
#784=CARTESIAN_POINT('',(10.9152994284446,2.53051229628911,22.6582498367573));
#785=CARTESIAN_POINT('',(11.1148797080144,2.5908864409009,22.5609649081988));
#786=CARTESIAN_POINT('',(11.2994733981525,2.65015593718662,22.4690383128837));
#787=CARTESIAN_POINT('',(11.4738457067085,2.70957730700397,22.3804684033545));
#788=CARTESIAN_POINT('',(11.6378493766697,2.7689592293211,22.295602144616));
#789=CARTESIAN_POINT('',(11.7930574504186,2.8287822805367,22.2138660260416));
#790=CARTESIAN_POINT('',(11.9363725899799,2.88764161520512,22.1371564599197));
#791=CARTESIAN_POINT('',(12.0699009674907,2.94612071588155,22.0646113424077));
#792=CARTESIAN_POINT('',(12.1923364702193,3.00337042751291,21.9971707681684));
#793=CARTESIAN_POINT('',(12.3055569487996,3.05998862918976,21.9340110487482));
#794=CARTESIAN_POINT('',(12.4082121636045,3.11493453069265,21.8760832340239));
#795=CARTESIAN_POINT('',(12.5034207323819,3.16956123558972,21.8217930445237));
#796=CARTESIAN_POINT('',(12.591312017488,3.22378310412563,21.771187311061));
#797=CARTESIAN_POINT('',(12.6732181868127,3.27837440605545,21.7235994246877));
#798=CARTESIAN_POINT('',(12.7476252748315,3.33217174365475,21.680009516718));
#799=CARTESIAN_POINT('',(12.8159085200427,3.38597425826002,21.6397062219548));
#800=CARTESIAN_POINT('',(12.8779209648014,3.43954969516487,21.6028527703249));
#801=CARTESIAN_POINT('',(12.934736377083,3.49386590580628,21.5688759849177));
#802=CARTESIAN_POINT('',(12.9861676207577,3.5488067218077,21.5379439535347));
#803=CARTESIAN_POINT('',(13.017878771338,3.58734518128233,21.5187745207526));
#804=CARTESIAN_POINT('',(13.0328407377829,3.6068997143378,21.5097085592434));
#805=CARTESIAN_POINT('',(-13.0328407384446,3.60689971513132,23.0736876607897));
#806=CARTESIAN_POINT('',(-13.0328407377829,3.6068997143378,23.0736876609613));
#807=VECTOR('',#808,1.);
#808=DIRECTION('',(0.,2.83948301714686E-16,-1.));
#809=CARTESIAN_POINT('',(-13.0328407387754,3.60689971552808,23.0736876607039));
#810=CARTESIAN_POINT('',(-13.0245380488514,3.5960307976959,23.0783773574972));
#811=CARTESIAN_POINT('',(-13.0074319543076,3.57455261752031,23.0880274859479));
#812=CARTESIAN_POINT('',(-12.9805923740545,3.54333629958439,23.1031286575129));
#813=CARTESIAN_POINT('',(-12.9523052729435,3.5126503089256,23.1189998897233));
#814=CARTESIAN_POINT('',(-12.922647094395,3.48249317977025,23.1355915405417));
#815=CARTESIAN_POINT('',(-12.8914697641739,3.4526443766923,23.1529792976951));
#816=CARTESIAN_POINT('',(-12.8588479489065,3.42313228732068,23.1711138533422));
#817=CARTESIAN_POINT('',(-12.8246007657688,3.39376826607326,23.1900872789867));
#818=CARTESIAN_POINT('',(-12.7890154461052,3.36477287060064,23.2097319265826));
#819=CARTESIAN_POINT('',(-12.7517666249928,3.33585197843489,23.2302189573249));
#820=CARTESIAN_POINT('',(-12.7127232202258,3.30691079123572,23.2516100053238));
#821=CARTESIAN_POINT('',(-12.6711085416193,3.27742686730046,23.2743163548766));
#822=CARTESIAN_POINT('',(-12.6271395330273,3.24763108594833,23.2982023807991));
#823=CARTESIAN_POINT('',(-12.5802360775223,3.21720141833914,23.3235643944609));
#824=CARTESIAN_POINT('',(-12.5306053431925,3.18635451075427,23.3502689891466));
#825=CARTESIAN_POINT('',(-12.477622758594,3.15479494651986,23.3786270070185));
#826=CARTESIAN_POINT('',(-12.4220781556393,3.1230695590845,23.4081900347056));
#827=CARTESIAN_POINT('',(-12.3632684161898,3.09082632912803,23.4393074372617));
#828=CARTESIAN_POINT('',(-12.3010520161119,3.0580664884614,23.4720235093744));
#829=CARTESIAN_POINT('',(-12.233718131567,3.02402279151922,23.5071947052677));
#830=CARTESIAN_POINT('',(-12.1618333215586,2.98914364376992,23.5444719785185));
#831=CARTESIAN_POINT('',(-12.0741396725365,2.94831231567507,23.5895952107253));
#832=CARTESIAN_POINT('',(-11.9703775871115,2.90233065955648,23.6424590918722));
#833=CARTESIAN_POINT('',(-11.8490930506696,2.85151574362703,23.7034909341136));
#834=CARTESIAN_POINT('',(-11.7305270612117,2.8044904875438,23.7623745376355));
#835=CARTESIAN_POINT('',(-11.614770274165,2.76071517786189,23.8191529507876));
#836=CARTESIAN_POINT('',(-11.5002738975432,2.71920259095207,23.8746624463025));
#837=CARTESIAN_POINT('',(-11.3775656454098,2.6765989612818,23.9334004983525));
#838=CARTESIAN_POINT('',(-11.2136454178755,2.62213654086644,24.0107940480499));
#839=CARTESIAN_POINT('',(-10.9911338432529,2.55253449784371,24.1137784964442));
#840=CARTESIAN_POINT('',(-10.689585907828,2.46554448851193,24.2492743982768));
#841=CARTESIAN_POINT('',(-10.2961781595017,2.36200328600339,24.4195723198754));
#842=CARTESIAN_POINT('',(-9.77369211907038,2.23893803477661,24.6346473280381));
#843=CARTESIAN_POINT('',(-9.13579996094985,2.10808074934786,24.8791659025857));
#844=CARTESIAN_POINT('',(-8.48954799339447,1.99362375121383,25.106224178147));
#845=CARTESIAN_POINT('',(-7.92283993553088,1.9049373379276,25.2896789964001));
#846=CARTESIAN_POINT('',(-7.41367783878299,1.83262533378768,25.4436004597984));
#847=CARTESIAN_POINT('',(-6.90476994157984,1.76711091192881,25.586665672578));
#848=CARTESIAN_POINT('',(-6.39829125626629,1.70853634644786,25.7176328086678));
#849=CARTESIAN_POINT('',(-5.95465534653689,1.66209757898638,25.8233990365426));
#850=CARTESIAN_POINT('',(-5.56935729844315,1.62500922172203,25.9090031918507));
#851=CARTESIAN_POINT('',(-5.16308515806604,1.58882989379207,25.9934274935215));
#852=CARTESIAN_POINT('',(-4.70010862507373,1.55149947993032,26.0816084895531));
#853=CARTESIAN_POINT('',(-4.17759889001678,1.51434341760094,26.1704728236714));
#854=CARTESIAN_POINT('',(-3.68490296678659,1.48391959053816,26.2440357267048));
#855=CARTESIAN_POINT('',(-3.22409096273766,1.45920312866068,26.304288231433));
#856=CARTESIAN_POINT('',(-2.79542964191696,1.43920470622617,26.3533512048744));
#857=CARTESIAN_POINT('',(-2.35689852715461,1.42182125422146,26.3962373171807));
#858=CARTESIAN_POINT('',(-1.85504268061158,1.40545638854787,26.4368019426741));
#859=CARTESIAN_POINT('',(-1.29144785040363,1.39174353707076,26.4709535618649));
#860=CARTESIAN_POINT('',(-0.665189867111257,1.38246101633386,26.4941530379233));
#861=CARTESIAN_POINT('',(-0.233652075558025,1.3801813830733,26.4998608804488));
#862=CARTESIAN_POINT('',(0.138152367518272,1.38008854002056,26.500093237998));
#863=CARTESIAN_POINT('',(0.459407345158333,1.38117231027646,26.4973801591328));
#864=CARTESIAN_POINT('',(0.931529774088317,1.38608181368959,26.485100220462));
#865=CARTESIAN_POINT('',(1.41638154515995,1.39468974422345,26.463611626548));
#866=CARTESIAN_POINT('',(1.90206195716066,1.40693086959053,26.4331452755737));
#867=CARTESIAN_POINT('',(2.38724833810056,1.42282461262048,26.3937498899543));
#868=CARTESIAN_POINT('',(2.87115460934426,1.44239382600541,26.345496548294));
#869=CARTESIAN_POINT('',(3.35317561650066,1.4656619814833,26.2884868400688));
#870=CARTESIAN_POINT('',(3.83089704006114,1.49255019395641,26.2231047085324));
#871=CARTESIAN_POINT('',(4.30252336670208,1.52295433586136,26.1498208211534));
#872=CARTESIAN_POINT('',(4.76451910526888,1.5565925508053,26.0695491593324));
#873=CARTESIAN_POINT('',(5.21736993312619,1.59341593548702,25.9826570423816));
#874=CARTESIAN_POINT('',(5.65821739206865,1.63310153815805,25.8901703378916));
#875=CARTESIAN_POINT('',(6.08758870722492,1.67558293502128,25.7925176417719));
#876=CARTESIAN_POINT('',(6.50269333256341,1.72043753668395,25.690937337224));
#877=CARTESIAN_POINT('',(6.90687585053718,1.76789641420226,25.5851857750352));
#878=CARTESIAN_POINT('',(7.29799101832167,1.81761765432871,25.4763242384215));
#879=CARTESIAN_POINT('',(7.67658518145471,1.8695631612728,25.3647388383544));
#880=CARTESIAN_POINT('',(8.03783520237134,1.92288376600593,25.2525056067552));
#881=CARTESIAN_POINT('',(8.38458474997994,1.97777474608929,25.1394339846964));
#882=CARTESIAN_POINT('',(8.71476110905538,2.03370618038487,25.0268283656472));
#883=CARTESIAN_POINT('',(9.03112475267446,2.09095562954818,24.9143434762703));
#884=CARTESIAN_POINT('',(9.33161592646304,2.14893914360713,24.8033021054204));
#885=CARTESIAN_POINT('',(9.62112239373726,2.20844270202615,24.6924049471851));
#886=CARTESIAN_POINT('',(9.89864650831034,2.26919295123846,24.5824274374941));
#887=CARTESIAN_POINT('',(10.1653944386848,2.33140041266045,24.4732737209981));
#888=CARTESIAN_POINT('',(10.4168552811411,2.39385720891848,24.367246190005));
#889=CARTESIAN_POINT('',(10.6552613694557,2.45689123708237,24.2638947315087));
#890=CARTESIAN_POINT('',(10.878311026608,2.51966495036316,24.1646695148952));
#891=CARTESIAN_POINT('',(11.0882845353762,2.58257665688752,24.0689926118673));
#892=CARTESIAN_POINT('',(11.2829651370747,2.64465102921307,23.9783053367816));
#893=CARTESIAN_POINT('',(11.4669412009632,2.70709036876239,23.890840772928));
#894=CARTESIAN_POINT('',(11.6396257327522,2.76955635901445,23.8071597360438));
#895=CARTESIAN_POINT('',(11.8023895145125,2.83243772774855,23.7268574146777));
#896=CARTESIAN_POINT('',(11.951719631396,2.89411210391907,23.6519552101853));
#897=CARTESIAN_POINT('',(12.0900358338044,2.95522371621806,23.581525879662));
#898=CARTESIAN_POINT('',(12.2157965295459,3.01473559437906,23.5166008605535));
#899=CARTESIAN_POINT('',(12.3311389677184,3.07328978471909,23.4563010543645));
#900=CARTESIAN_POINT('',(12.4344581197534,3.12958229264373,23.4016746761226));
#901=CARTESIAN_POINT('',(12.529360770318,3.18513741117158,23.3509876286705));
#902=CARTESIAN_POINT('',(12.6159942637014,3.23977430733294,23.3042852173304));
#903=CARTESIAN_POINT('',(12.6959324924829,3.29433432319054,23.2608207512946));
#904=CARTESIAN_POINT('',(12.767491286114,3.34736862875479,23.2216098168381));
#905=CARTESIAN_POINT('',(12.8323174607774,3.39972384710393,23.1858416786109));
#906=CARTESIAN_POINT('',(12.8903511926688,3.45104190325025,23.153621387687));
#907=CARTESIAN_POINT('',(12.9429871574851,3.50239165634201,23.1242331775663));
#908=CARTESIAN_POINT('',(12.9901544262313,3.55354153960219,23.097765239388));
#909=CARTESIAN_POINT('',(13.019179390722,3.58903710641633,23.0814043569099));
#910=CARTESIAN_POINT('',(13.0328407377829,3.6068997143378,23.0736876580764));
#911=CARTESIAN_POINT('',(-13.0328407377829,3.6068997143378,-21.5097085592434));
#912=CARTESIAN_POINT('',(-13.0328407391526,3.60689971600544,-23.0736876591345));
#913=CARTESIAN_POINT('',(-13.0328407377829,3.6068997143378,-21.5097085592434));
#914=VECTOR('',#915,1.);
#915=DIRECTION('',(0.,0.,-1.));
#916=CARTESIAN_POINT('',(4.61998004978339E-15,1.38012579421709,-25.15));
#917=CARTESIAN_POINT('',(-13.0328407377829,3.6068997143378,-21.5097085592434));
#918=CARTESIAN_POINT('',(-13.0259040428568,3.59781768027818,-21.5139115568184));
#919=CARTESIAN_POINT('',(-13.0116717879855,3.57982510723872,-21.5225256594343));
#920=CARTESIAN_POINT('',(-12.9894704390664,3.55352459322537,-21.5359325815216));
#921=CARTESIAN_POINT('',(-12.9661895190234,3.52755406275859,-21.5499579273729));
#922=CARTESIAN_POINT('',(-12.9418739272355,3.50191937956051,-21.5645700094821));
#923=CARTESIAN_POINT('',(-12.9163825246852,3.47643616306932,-21.5798486756207));
#924=CARTESIAN_POINT('',(-12.8897557800209,3.45112774101118,-21.5957642273478));
#925=CARTESIAN_POINT('',(-12.8618286187669,3.42583333108346,-21.6124092070383));
#926=CARTESIAN_POINT('',(-12.832831156551,3.40075493002249,-21.6296402781084));
#927=CARTESIAN_POINT('',(-12.8025010913341,3.37565393616639,-21.6476071459343));
#928=CARTESIAN_POINT('',(-12.7707304926559,3.35045535562601,-21.6663661662427));
#929=CARTESIAN_POINT('',(-12.7368824651562,3.32470488593551,-21.6862829821781));
#930=CARTESIAN_POINT('',(-12.7011378996988,3.29861001936045,-21.7072385140417));
#931=CARTESIAN_POINT('',(-12.6630349759226,3.27189740870301,-21.7294897966646));
#932=CARTESIAN_POINT('',(-12.6227546308464,3.24476552170393,-21.7529156411367));
#933=CARTESIAN_POINT('',(-12.5798006545428,3.21695998928784,-21.777786416558));
#934=CARTESIAN_POINT('',(-12.5348068756558,3.18895667702351,-21.8037166627124));
#935=CARTESIAN_POINT('',(-12.4847626699361,3.15898339398656,-21.8324166202983));
#936=CARTESIAN_POINT('',(-12.4269922116666,3.1257683201391,-21.8653639321127));
#937=CARTESIAN_POINT('',(-12.347241603359,3.08197809644471,-21.9105410814657));
#938=CARTESIAN_POINT('',(-12.2463724097518,3.02986898680805,-21.9671316323986));
#939=CARTESIAN_POINT('',(-12.1250593609743,2.971428254261,-22.0343427562947));
#940=CARTESIAN_POINT('',(-12.0080843140787,2.91873548375866,-22.0982833586064));
#941=CARTESIAN_POINT('',(-11.899196490292,2.87233183475217,-22.1570706579986));
#942=CARTESIAN_POINT('',(-11.801029402781,2.83232026692677,-22.2095082809935));
#943=CARTESIAN_POINT('',(-11.702199842538,2.79367658188423,-22.2617440747876));
#944=CARTESIAN_POINT('',(-11.5851490863021,2.74971201223673,-22.3229413964515));
#945=CARTESIAN_POINT('',(-11.4469266665396,2.70025730004201,-22.3942113089219));
#946=CARTESIAN_POINT('',(-11.2856991512368,2.64569510892428,-22.4759196035528));
#947=CARTESIAN_POINT('',(-11.1119457439212,2.59004053907386,-22.5623713836294));
#948=CARTESIAN_POINT('',(-10.9241558940114,2.53317027803842,-22.6539447973204));
#949=CARTESIAN_POINT('',(-10.7207759437004,2.47501995447926,-22.7509441211444));
#950=CARTESIAN_POINT('',(-10.499425671698,2.41529264815101,-22.8540153071164));
#951=CARTESIAN_POINT('',(-10.2604062230216,2.35456148961403,-22.9623953773762));
#952=CARTESIAN_POINT('',(-10.0040015455201,2.29332071835246,-23.0753065176163));
#953=CARTESIAN_POINT('',(-9.75661350656869,2.23777990350002,-23.1809018090362));
#954=CARTESIAN_POINT('',(-9.51915864342555,2.18730762834672,-23.2793300817498));
#955=CARTESIAN_POINT('',(-9.29044188982402,2.14100048264599,-23.3715961326051));
#956=CARTESIAN_POINT('',(-9.05017297077066,2.09473965190783,-23.4657251641196));
#957=CARTESIAN_POINT('',(-8.79581959768622,2.04823224084833,-23.5622945716578));
#958=CARTESIAN_POINT('',(-8.52912324994771,2.00199879287771,-23.6601979069839));
#959=CARTESIAN_POINT('',(-8.24765770067258,1.9558341260431,-23.7598312793955));
#960=CARTESIAN_POINT('',(-7.95569284962107,1.91061664701239,-23.8592183670045));
#961=CARTESIAN_POINT('',(-7.65299435894435,1.86641685747736,-23.9580607533851));
#962=CARTESIAN_POINT('',(-7.3417658682808,1.82363538820412,-24.0553013392153));
#963=CARTESIAN_POINT('',(-7.0199306685789,1.78207767617035,-24.151223841665));
#964=CARTESIAN_POINT('',(-6.68999802826878,1.74215269014256,-24.2447222648055));
#965=CARTESIAN_POINT('',(-6.35219691114854,1.70393754896196,-24.335435153514));
#966=CARTESIAN_POINT('',(-6.00891324345497,1.66772210954964,-24.4224877883516));
#967=CARTESIAN_POINT('',(-5.66055393067196,1.63355156677356,-24.5055853727641));
#968=CARTESIAN_POINT('',(-5.30940596685591,1.60162457298492,-24.5840605534806));
#969=CARTESIAN_POINT('',(-4.9574086775808,1.57205845538956,-24.6574443158795));
#970=CARTESIAN_POINT('',(-4.60620036763701,1.54490041708887,-24.7254476166433));
#971=CARTESIAN_POINT('',(-4.25730623537632,1.52016128203513,-24.7878869666234));
#972=CARTESIAN_POINT('',(-3.91063079880244,1.49772287508409,-24.8449222664077));
#973=CARTESIAN_POINT('',(-3.56730486104309,1.47755217448457,-24.8965184759814));
#974=CARTESIAN_POINT('',(-3.22708177444904,1.45952966927649,-24.9428782528173));
#975=CARTESIAN_POINT('',(-2.8545629743261,1.44187905400333,-24.9885052088488));
#976=CARTESIAN_POINT('',(-2.44928769860946,1.42523427030201,-25.0317511942354));
#977=CARTESIAN_POINT('',(-2.01148605710851,1.41031242690154,-25.0707027072765));
#978=CARTESIAN_POINT('',(-1.61448774349938,1.39948279773021,-25.0990783934768));
#979=CARTESIAN_POINT('',(-1.2575642804884,1.39181666248578,-25.1192139309243));
#980=CARTESIAN_POINT('',(-0.940407304327611,1.38654798837472,-25.1330758069559));
#981=CARTESIAN_POINT('',(-0.625229822350633,1.38282593565094,-25.1428807784597));
#982=CARTESIAN_POINT('',(-0.312097438909286,1.38061477634253,-25.1487101311835));
#983=CARTESIAN_POINT('',(-0.103845529032546,1.38012590771305,-25.1500000823699));
#984=CARTESIAN_POINT('',(-1.22947766853697E-9,1.38012579431341,-25.15));
#985=CARTESIAN_POINT('',(13.0328407377829,3.6068997143378,-21.5097085592434));
#986=CARTESIAN_POINT('',(13.0328407377829,3.6068997143378,-21.5097085592434));
#987=CARTESIAN_POINT('',(13.025904042856,3.5978176802772,-21.5139115568189));
#988=CARTESIAN_POINT('',(13.0116717879831,3.57982510723581,-21.5225256594357));
#989=CARTESIAN_POINT('',(12.9894704390615,3.55352459321973,-21.5359325815245));
#990=CARTESIAN_POINT('',(12.9661895190158,3.52755406275033,-21.5499579273775));
#991=CARTESIAN_POINT('',(12.941873927225,3.50191937954968,-21.5645700094884));
#992=CARTESIAN_POINT('',(12.9163825246716,3.47643616305601,-21.5798486756289));
#993=CARTESIAN_POINT('',(12.889755780004,3.45112774099544,-21.5957642273579));
#994=CARTESIAN_POINT('',(12.8618286187465,3.42583333106533,-21.6124092070505));
#995=CARTESIAN_POINT('',(12.8328311565268,3.40075493000204,-21.6296402781228));
#996=CARTESIAN_POINT('',(12.802501091306,3.37565393614364,-21.6476071459509));
#997=CARTESIAN_POINT('',(12.7707304926237,3.35045535560098,-21.6663661662617));
#998=CARTESIAN_POINT('',(12.7368824651195,3.32470488590815,-21.6862829821996));
#999=CARTESIAN_POINT('',(12.7011378996573,3.29861001933075,-21.7072385140659));
#1000=CARTESIAN_POINT('',(12.663034975876,3.27189740867093,-21.7294897966918));
#1001=CARTESIAN_POINT('',(12.6227546307941,3.24476552166941,-21.752915641167));
#1002=CARTESIAN_POINT('',(12.5798006544845,3.21695998925083,-21.7777864165916));
#1003=CARTESIAN_POINT('',(12.5348068755911,3.18895667698399,-21.8037166627496));
#1004=CARTESIAN_POINT('',(12.4847626698641,3.15898339394431,-21.8324166203394));
#1005=CARTESIAN_POINT('',(12.426992211586,3.12576832009379,-21.8653639321585));
#1006=CARTESIAN_POINT('',(12.347241603266,3.08197809639519,-21.9105410815181));
#1007=CARTESIAN_POINT('',(12.2463724096427,3.02986898675351,-21.9671316324595));
#1008=CARTESIAN_POINT('',(12.1250593608455,2.97142825420088,-22.0343427563656));
#1009=CARTESIAN_POINT('',(12.0080843139305,2.91873548369356,-22.0982833586869));
#1010=CARTESIAN_POINT('',(11.8991964901252,2.87233183468258,-22.1570706580882));
#1011=CARTESIAN_POINT('',(11.8010294025967,2.83232026685316,-22.2095082810914));
#1012=CARTESIAN_POINT('',(11.7021998423356,2.79367658180663,-22.2617440748941));
#1013=CARTESIAN_POINT('',(11.5851490860774,2.7497120121544,-22.3229413965682));
#1014=CARTESIAN_POINT('',(11.4469266662878,2.70025729995429,-22.3942113090507));
#1015=CARTESIAN_POINT('',(11.2856991509526,2.64569510883063,-22.4759196036956));
#1016=CARTESIAN_POINT('',(11.1119457436009,2.590040538974,-22.5623713837873));
#1017=CARTESIAN_POINT('',(10.9241558936505,2.53317027793207,-22.6539447974946));
#1018=CARTESIAN_POINT('',(10.7207759432932,2.47501995436602,-22.7509441213364));
#1019=CARTESIAN_POINT('',(10.4994256712379,2.41529264803038,-22.854015307328));
#1020=CARTESIAN_POINT('',(10.2604062225016,2.35456148948572,-22.9623953776089));
#1021=CARTESIAN_POINT('',(10.004001544933,2.2933207182163,-23.0753065178711));
#1022=CARTESIAN_POINT('',(9.75661350591458,2.23777990335678,-23.1809018093118));
#1023=CARTESIAN_POINT('',(9.51915864270434,2.18730762819696,-23.279330082045));
#1024=CARTESIAN_POINT('',(9.29044188903451,2.14100048248997,-23.3715961329192));
#1025=CARTESIAN_POINT('',(9.05017296990623,2.09473965174545,-23.4657251644533));
#1026=CARTESIAN_POINT('',(8.79581959673827,2.04823224067938,-23.5622945720121));
#1027=CARTESIAN_POINT('',(8.52912324890872,2.00199879270229,-23.6601979073589));
#1028=CARTESIAN_POINT('',(8.24765769953357,1.95583412586133,-23.7598312797914));
#1029=CARTESIAN_POINT('',(7.95569284837513,1.91061664682476,-23.8592183674204));
#1030=CARTESIAN_POINT('',(7.65299435758585,1.86641685728464,-23.9580607538196));
#1031=CARTESIAN_POINT('',(7.34176586680819,1.82363538800766,-24.0553013396652));
#1032=CARTESIAN_POINT('',(7.01993066699396,1.78207767597198,-24.1512238421262));
#1033=CARTESIAN_POINT('',(6.68999802657464,1.74215268994407,-24.2447222652735));
#1034=CARTESIAN_POINT('',(6.35219690935256,1.70393754876552,-24.3354351539833));
#1035=CARTESIAN_POINT('',(6.00891324156678,1.66772210935734,-24.4224877888165));
#1036=CARTESIAN_POINT('',(5.66055392870724,1.63355156658783,-24.5055853732182));
#1037=CARTESIAN_POINT('',(5.30940596482617,1.60162457280736,-24.5840605539191));
#1038=CARTESIAN_POINT('',(4.95740867550386,1.57205845522202,-24.6574443162972));
#1039=CARTESIAN_POINT('',(4.60620036553121,1.54490041693282,-24.7254476170357));
#1040=CARTESIAN_POINT('',(4.2573062332723,1.52016128189253,-24.7878869669847));
#1041=CARTESIAN_POINT('',(3.91063079672481,1.49772287495596,-24.8449222667345));
#1042=CARTESIAN_POINT('',(3.56730485902215,1.47755217437183,-24.8965184762706));
#1043=CARTESIAN_POINT('',(3.22708177250973,1.45952966917939,-24.9428782530677));
#1044=CARTESIAN_POINT('',(2.85456297251684,1.44187905392394,-24.9885052090547));
#1045=CARTESIAN_POINT('',(2.44928769697411,1.42523427024107,-25.0317511943942));
#1046=CARTESIAN_POINT('',(2.01148605569213,1.41031242685863,-25.0707027073888));
#1047=CARTESIAN_POINT('',(1.6144877423092,1.39948279770148,-25.0990783935522));
#1048=CARTESIAN_POINT('',(1.25756427952603,1.39181666246782,-25.1192139309715));
#1049=CARTESIAN_POINT('',(0.940407303591146,1.38654798836463,-25.1330758069825));
#1050=CARTESIAN_POINT('',(0.625229821850773,1.38282593564661,-25.1428807784711));
#1051=CARTESIAN_POINT('',(0.312097438656702,1.38061477634174,-25.1487101311856));
#1052=CARTESIAN_POINT('',(0.103845528947497,1.38012590771305,-25.1500000823699));
#1053=CARTESIAN_POINT('',(1.22947000651289E-9,1.38012579431341,-25.15));
#1054=CARTESIAN_POINT('',(13.0328407391526,3.60689971600544,-23.0736876591345));
#1055=CARTESIAN_POINT('',(13.0328407377829,3.6068997143378,-21.5097085592434));
#1056=VECTOR('',#1057,1.);
#1057=DIRECTION('',(0.,0.,-1.));
#1058=CARTESIAN_POINT('',(4.86797102661073E-15,1.38012579440974,-26.5));
#1059=CARTESIAN_POINT('',(13.0328407377829,3.6068997143378,-23.0736876603231));
#1060=CARTESIAN_POINT('',(13.0252332752276,3.59694006848599,-23.0779846556925));
#1061=CARTESIAN_POINT('',(13.0095955242622,3.57723707125744,-23.0868073558444));
#1062=CARTESIAN_POINT('',(12.9851399254177,3.54852754238911,-23.1005717709539));
#1063=CARTESIAN_POINT('',(12.9594645806593,3.52027799406973,-23.1149860463101));
#1064=CARTESIAN_POINT('',(12.932639199382,3.49249510088779,-23.1300058940356));
#1065=CARTESIAN_POINT('',(12.9045397008398,3.46499148107946,-23.1456953700635));
#1066=CARTESIAN_POINT('',(12.8752259945688,3.43778837761352,-23.1620152087774));
#1067=CARTESIAN_POINT('',(12.8445503879746,3.4107263478802,-23.1790412229643));
#1068=CARTESIAN_POINT('',(12.8127466725637,3.38398863170937,-23.1966372434802));
#1069=CARTESIAN_POINT('',(12.7795474157516,3.35732515645722,-23.2149448398154));
#1070=CARTESIAN_POINT('',(12.7448433146764,3.33065229423155,-23.2340164502101));
#1071=CARTESIAN_POINT('',(12.7080082415767,3.30353014165573,-23.2541855788244));
#1072=CARTESIAN_POINT('',(12.6692401761981,3.27616419087359,-23.2753311716437));
#1073=CARTESIAN_POINT('',(12.6280609612553,3.24827116023367,-23.2977003861137));
#1074=CARTESIAN_POINT('',(12.5846323927034,3.2200252060064,-23.3211897957181));
#1075=CARTESIAN_POINT('',(12.5384400916715,3.19116656041666,-23.3460593146547));
#1076=CARTESIAN_POINT('',(12.4901245374833,3.16215654451149,-23.3719455446037));
#1077=CARTESIAN_POINT('',(12.4364510195715,3.1311540675496,-23.40055630868));
#1078=CARTESIAN_POINT('',(12.3745200986702,3.09682678606325,-23.4333784019059));
#1079=CARTESIAN_POINT('',(12.289017764399,3.05158332618268,-23.4783759850341));
#1080=CARTESIAN_POINT('',(12.1808530252002,2.99776529948597,-23.5347297659267));
#1081=CARTESIAN_POINT('',(12.0507287259252,2.93743414749251,-23.60164269913));
#1082=CARTESIAN_POINT('',(11.9251967562911,2.88305239525198,-23.6652922865332));
#1083=CARTESIAN_POINT('',(11.8082412899374,2.83515401732594,-23.7238295736905));
#1084=CARTESIAN_POINT('',(11.7026474063647,2.7938215436055,-23.776092881147));
#1085=CARTESIAN_POINT('',(11.5962368303951,2.75389166770203,-23.8281776202218));
#1086=CARTESIAN_POINT('',(11.4700568272,2.70844392221114,-23.8892353446485));
#1087=CARTESIAN_POINT('',(11.3209832578226,2.65734801400963,-23.9603213244676));
#1088=CARTESIAN_POINT('',(11.1470346181298,2.60102414736421,-24.0417672331151));
#1089=CARTESIAN_POINT('',(10.9778379870194,2.54923800436273,-24.1194590082402));
#1090=CARTESIAN_POINT('',(10.8140072748428,2.50150284520714,-24.1933193628567));
#1091=CARTESIAN_POINT('',(10.6544354034425,2.45698735576525,-24.2640430097816));
#1092=CARTESIAN_POINT('',(10.4856103566146,2.4119444648517,-24.3375016645988));
#1093=CARTESIAN_POINT('',(10.2826862110986,2.36019997467187,-24.4240739723831));
#1094=CARTESIAN_POINT('',(10.045758679051,2.30300758176278,-24.5226530438316));
#1095=CARTESIAN_POINT('',(9.77232910840956,2.24105906872124,-24.63294100939));
#1096=CARTESIAN_POINT('',(9.50858564222117,2.18498401596209,-24.7358549173025));
#1097=CARTESIAN_POINT('',(9.25488891071283,2.13400436300791,-24.8318022735232));
#1098=CARTESIAN_POINT('',(9.00886429252121,2.08700433330247,-24.9221708167365));
#1099=CARTESIAN_POINT('',(8.74879766545309,2.03987875458526,-25.0147058798341));
#1100=CARTESIAN_POINT('',(8.47087358798418,1.99220515150937,-25.1102467068443));
#1101=CARTESIAN_POINT('',(8.17678010306143,1.94457056940323,-25.2076268700287));
#1102=CARTESIAN_POINT('',(7.86277191807937,1.89669910841601,-25.3074073963059));
#1103=CARTESIAN_POINT('',(7.53434013474461,1.84971950655391,-25.4071800333901));
#1104=CARTESIAN_POINT('',(7.18898015748342,1.80348915729889,-25.5071177513991));
#1105=CARTESIAN_POINT('',(6.82786741627879,1.75840190874122,-25.6062405774182));
#1106=CARTESIAN_POINT('',(6.44431475498255,1.71394711259352,-25.7055594065621));
#1107=CARTESIAN_POINT('',(6.04184217689283,1.67090097236083,-25.8032227038633));
#1108=CARTESIAN_POINT('',(5.6173490587663,1.62926950951829,-25.8990512707739));
#1109=CARTESIAN_POINT('',(5.17448981322311,1.58974309333305,-25.9912721768971));
#1110=CARTESIAN_POINT('',(4.71034209713193,1.55240368989064,-26.0794884946364));
#1111=CARTESIAN_POINT('',(4.23166920228488,1.51808623022338,-26.1614985666812));
#1112=CARTESIAN_POINT('',(3.73876161165235,1.48700473322796,-26.236536520129));
#1113=CARTESIAN_POINT('',(3.23511566225727,1.4595297035794,-26.3034639633741));
#1114=CARTESIAN_POINT('',(2.71779982075291,1.43567848891483,-26.3620148314178));
#1115=CARTESIAN_POINT('',(2.19007596522726,1.41579066921058,-26.4111554293354));
#1116=CARTESIAN_POINT('',(1.65205762986182,1.40002748840824,-26.4503088872403));
#1117=CARTESIAN_POINT('',(1.10702797283699,1.38861485233041,-26.4787694724433));
#1118=CARTESIAN_POINT('',(0.555161194087958,1.38167568422637,-26.496117739913));
#1119=CARTESIAN_POINT('',(0.185577981709314,1.38012694942855,-26.5000009209415));
#1120=CARTESIAN_POINT('',(4.47166666268159E-11,1.38012579440974,-26.5));
#1121=CARTESIAN_POINT('',(-13.0328407377829,3.6068997143378,-23.0736876603231));
#1122=CARTESIAN_POINT('',(-13.0252332752272,3.59694006848539,-23.0779846556928));
#1123=CARTESIAN_POINT('',(-13.0095955242607,3.57723707125566,-23.0868073558452));
#1124=CARTESIAN_POINT('',(-12.9851399254147,3.54852754238567,-23.1005717709556));
#1125=CARTESIAN_POINT('',(-12.9594645806546,3.52027799406468,-23.1149860463128));
#1126=CARTESIAN_POINT('',(-12.9326391993755,3.4924951008812,-23.1300058940392));
#1127=CARTESIAN_POINT('',(-12.9045397008313,3.46499148107137,-23.1456953700682));
#1128=CARTESIAN_POINT('',(-12.8752259945583,3.43778837760398,-23.1620152087832));
#1129=CARTESIAN_POINT('',(-12.8445503879619,3.41072634786925,-23.1790412229713));
#1130=CARTESIAN_POINT('',(-12.8127466725488,3.38398863169705,-23.1966372434884));
#1131=CARTESIAN_POINT('',(-12.7795474157342,3.35732515644357,-23.214944839825));
#1132=CARTESIAN_POINT('',(-12.7448433146565,3.33065229421657,-23.234016450221));
#1133=CARTESIAN_POINT('',(-12.7080082415541,3.30353014163941,-23.2541855788367));
#1134=CARTESIAN_POINT('',(-12.6692401761726,3.27616419085592,-23.2753311716576));
#1135=CARTESIAN_POINT('',(-12.6280609612267,3.24827116021464,-23.2977003861293));
#1136=CARTESIAN_POINT('',(-12.5846323926714,3.22002520598596,-23.3211897957354));
#1137=CARTESIAN_POINT('',(-12.5384400916358,3.1911665603948,-23.3460593146739));
#1138=CARTESIAN_POINT('',(-12.4901245374438,3.1621565444882,-23.3719455446248));
#1139=CARTESIAN_POINT('',(-12.4364510195276,3.13115406752475,-23.4005563087033));
#1140=CARTESIAN_POINT('',(-12.3745200986211,3.09682678603667,-23.4333784019318));
#1141=CARTESIAN_POINT('',(-12.2890177643425,3.05158332615372,-23.4783759850636));
#1142=CARTESIAN_POINT('',(-12.1808530251341,2.99776529945418,-23.5347297659609));
#1143=CARTESIAN_POINT('',(-12.0507287258474,2.93743414745758,-23.6016426991698));
#1144=CARTESIAN_POINT('',(-11.9251967562017,2.88305239521426,-23.6652922865782));
#1145=CARTESIAN_POINT('',(-11.8082412898371,2.83515401728571,-23.7238295737404));
#1146=CARTESIAN_POINT('',(-11.702647406254,2.79382154356303,-23.7760928812015));
#1147=CARTESIAN_POINT('',(-11.5962368302736,2.75389166765732,-23.828177620281));
#1148=CARTESIAN_POINT('',(-11.4700568270652,2.70844392216379,-23.8892353447132));
#1149=CARTESIAN_POINT('',(-11.3209832576716,2.65734801395926,-23.960321324539));
#1150=CARTESIAN_POINT('',(-11.1470346179597,2.60102414731059,-24.0417672331941));
#1151=CARTESIAN_POINT('',(-10.9778379868301,2.54923800430609,-24.1194590083264));
#1152=CARTESIAN_POINT('',(-10.8140072746344,2.50150284514769,-24.1933193629499));
#1153=CARTESIAN_POINT('',(-10.6544354032146,2.45698735570303,-24.2640430098818));
#1154=CARTESIAN_POINT('',(-10.4856103563652,2.4119444647866,-24.3375016647063));
#1155=CARTESIAN_POINT('',(-10.282686210822,2.36019997460328,-24.4240739724997));
#1156=CARTESIAN_POINT('',(-10.0457586787415,2.30300758169028,-24.5226530439586));
#1157=CARTESIAN_POINT('',(-9.7723291080606,2.24105906864453,-24.6329410095286));
#1158=CARTESIAN_POINT('',(-9.5085856418339,2.18498401588185,-24.7358549174515));
#1159=CARTESIAN_POINT('',(-9.25488891028954,2.13400436292491,-24.8318022736811));
#1160=CARTESIAN_POINT('',(-9.00886429206576,2.08700433321768,-24.9221708169013));
#1161=CARTESIAN_POINT('',(-8.74879766496628,2.03987875449937,-25.0147058800045));
#1162=CARTESIAN_POINT('',(-8.47087358746788,1.99220515142327,-25.1102467070185));
#1163=CARTESIAN_POINT('',(-8.17678010251834,1.94457056931785,-25.207626870205));
#1164=CARTESIAN_POINT('',(-7.86277191751368,1.89669910833246,-25.3074073964817));
#1165=CARTESIAN_POINT('',(-7.53434013415964,1.84971950647294,-25.4071800335637));
#1166=CARTESIAN_POINT('',(-7.188980156884,1.80348915722139,-25.5071177515681));
#1167=CARTESIAN_POINT('',(-6.82786741567033,1.75840190866804,-25.6062405775804));
#1168=CARTESIAN_POINT('',(-6.44431475437348,1.71394711252575,-25.7055594067147));
#1169=CARTESIAN_POINT('',(-6.04184217629023,1.67090097229915,-25.8032227040044));
#1170=CARTESIAN_POINT('',(-5.61734905817863,1.62926950946337,-25.8990512709013));
#1171=CARTESIAN_POINT('',(-5.17448981265801,1.58974309328524,-25.9912721770095));
#1172=CARTESIAN_POINT('',(-4.71034209659856,1.55240368985023,-26.0794884947325));
#1173=CARTESIAN_POINT('',(-4.23166920178958,1.51808623019016,-26.1614985667611));
#1174=CARTESIAN_POINT('',(-3.73876161120147,1.48700473320162,-26.2365365201929));
#1175=CARTESIAN_POINT('',(-3.23511566185586,1.45952970355936,-26.3034639634231));
#1176=CARTESIAN_POINT('',(-2.71779982040761,1.43567848890055,-26.362014831453));
#1177=CARTESIAN_POINT('',(-2.19007596494315,1.41579066920126,-26.4111554293585));
#1178=CARTESIAN_POINT('',(-1.65205762964399,1.40002748840296,-26.4503088872535));
#1179=CARTESIAN_POINT('',(-1.10702797268894,1.38861485232814,-26.478769472449));
#1180=CARTESIAN_POINT('',(-0.55516119401308,1.38167568422595,-26.4961177399141));
#1181=CARTESIAN_POINT('',(-0.185577981684054,1.38012694942855,-26.5000009209415));
#1182=CARTESIAN_POINT('',(-4.46598518034212E-11,1.38012579440974,-26.5));
#1183=CARTESIAN_POINT('',(-10.5005357006202,2.41618861825871,-10.5005357006202));
#1184=CARTESIAN_POINT('',(2.72790074510073E-15,1.38012579427612,-14.85));
#1185=CARTESIAN_POINT('',(2.42144247136117E-14,1.38012579434293,-14.85));
#1186=CARTESIAN_POINT('',(-0.129377815713891,1.38012577457773,-14.8500005387368));
#1187=CARTESIAN_POINT('',(-0.387980428771115,1.38088255087079,-14.8466196359857));
#1188=CARTESIAN_POINT('',(-0.775356027331872,1.38428358053007,-14.8314315317502));
#1189=CARTESIAN_POINT('',(-1.16164036419427,1.38994004159911,-14.8061800506997));
#1190=CARTESIAN_POINT('',(-1.54657964126881,1.39784113143948,-14.770927776189));
#1191=CARTESIAN_POINT('',(-1.94357983302375,1.4083369882279,-14.7241331845677));
#1192=CARTESIAN_POINT('',(-2.36608795038894,1.42215923689829,-14.6625682355506));
#1193=CARTESIAN_POINT('',(-2.90640933468867,1.44361431099086,-14.5671336761038));
#1194=CARTESIAN_POINT('',(-3.55776311764885,1.47579328192379,-14.4243002949819));
#1195=CARTESIAN_POINT('',(-4.31099367157599,1.52246121280736,-14.2179085671814));
#1196=CARTESIAN_POINT('',(-5.03693139346136,1.57730727359296,-13.9765188917868));
#1197=CARTESIAN_POINT('',(-5.72855743969461,1.63897602243146,-13.7066907108422));
#1198=CARTESIAN_POINT('',(-6.34643112107716,1.70239676713241,-13.4310142433727));
#1199=CARTESIAN_POINT('',(-6.86341111638862,1.76240849355534,-13.1720981240602));
#1200=CARTESIAN_POINT('',(-7.24725116644589,1.81119058301518,-12.9630587534255));
#1201=CARTESIAN_POINT('',(-7.53039114436015,1.84941228321165,-12.800114634338));
#1202=CARTESIAN_POINT('',(-7.77092054256405,1.88349743791602,-12.6554609876813));
#1203=CARTESIAN_POINT('',(-8.00235642113963,1.91785133493131,-12.510351852888));
#1204=CARTESIAN_POINT('',(-8.24622451559265,1.9557105650133,-12.3512235293113));
#1205=CARTESIAN_POINT('',(-8.50081424325122,1.99725728615067,-12.1776278675914));
#1206=CARTESIAN_POINT('',(-8.76223233614531,2.04229608785553,-11.9907754022974));
#1207=CARTESIAN_POINT('',(-9.00464228003755,2.08628356195093,-11.8096404229132));
#1208=CARTESIAN_POINT('',(-9.22950540708201,2.12911786472976,-11.6345924276727));
#1209=CARTESIAN_POINT('',(-9.43816691351894,2.17072075808054,-11.4658852251977));
#1210=CARTESIAN_POINT('',(-9.61924970887186,2.20845306893592,-11.3140998581788));
#1211=CARTESIAN_POINT('',(-9.77525706579526,2.24219856530926,-11.1793438990246));
#1212=CARTESIAN_POINT('',(-9.92154345705657,2.27483479985987,-11.0498440118716));
#1213=CARTESIAN_POINT('',(-10.0749079820703,2.31026094338672,-10.9103233965073));
#1214=CARTESIAN_POINT('',(-10.2348548824878,2.34867402178742,-10.7603842150736));
#1215=CARTESIAN_POINT('',(-10.3761376639532,2.38393931693988,-10.6240178743034));
#1216=CARTESIAN_POINT('',(-10.4637407599508,2.40655293000708,-10.5373306962619));
#1217=CARTESIAN_POINT('',(-10.5005357006135,2.41618861825695,-10.5005357006162));
#1218=CARTESIAN_POINT('',(-9.8994949366115,2.27003648829833,-9.89949493661175));
#1219=CARTESIAN_POINT('',(-9.89949493660955,2.27003648829793,-9.89949493660955));
#1220=CARTESIAN_POINT('',(-9.94671703004857,2.28071075535835,-9.94671703004856));
#1221=CARTESIAN_POINT('',(-10.0430974713167,2.30285239256054,-10.0430974713167));
#1222=CARTESIAN_POINT('',(-10.190492029353,2.337895604625,-10.190492029353));
#1223=CARTESIAN_POINT('',(-10.3436504584906,2.37566546751611,-10.3436504584906));
#1224=CARTESIAN_POINT('',(-10.4476063646362,2.40232861477976,-10.4476063646362));
#1225=CARTESIAN_POINT('',(-10.5005357006094,2.41618861825517,-10.5005357006094));
#1226=CARTESIAN_POINT('',(2.57175827820944E-15,1.38012579427612,-14.));
#1227=CARTESIAN_POINT('',(2.42404484580935E-14,1.38012579434293,-14.));
#1228=CARTESIAN_POINT('',(-0.103531992012896,1.38012575965492,-14.0000002696241));
#1229=CARTESIAN_POINT('',(-0.310845480863898,1.38061126414121,-13.997699950391));
#1230=CARTESIAN_POINT('',(-0.622014284848958,1.38279958850515,-13.9873330821425));
#1231=CARTESIAN_POINT('',(-0.933865315893327,1.38646174971853,-13.9699862047353));
#1232=CARTESIAN_POINT('',(-1.24622795079674,1.39161096475927,-13.94560017293));
#1233=CARTESIAN_POINT('',(-1.55940781429038,1.39827001375746,-13.914071898585));
#1234=CARTESIAN_POINT('',(-1.87321227401554,1.40645670720573,-13.8753234339499));
#1235=CARTESIAN_POINT('',(-2.18793141236037,1.41620483258352,-13.829202946815));
#1236=CARTESIAN_POINT('',(-2.50289232352732,1.42752011557902,-13.7756932356534));
#1237=CARTESIAN_POINT('',(-2.81790466850241,1.44041861164875,-13.7147301576656));
#1238=CARTESIAN_POINT('',(-3.13230107655928,1.45489208339292,-13.6463663374502));
#1239=CARTESIAN_POINT('',(-3.48079801835572,1.47273618437529,-13.562142060769));
#1240=CARTESIAN_POINT('',(-3.8961241254852,1.49654765580864,-13.449855474545));
#1241=CARTESIAN_POINT('',(-4.40891490935864,1.53006631523372,-13.2920092497807));
#1242=CARTESIAN_POINT('',(-4.94519778385323,1.57051857256176,-13.1018845463008));
#1243=CARTESIAN_POINT('',(-5.43583964408217,1.61261335981839,-12.9045122291557));
#1244=CARTESIAN_POINT('',(-5.84712791680967,1.65147496654805,-12.7227056016405));
#1245=CARTESIAN_POINT('',(-6.21307785889335,1.68891054314951,-12.5479460748802));
#1246=CARTESIAN_POINT('',(-6.56524599116431,1.72770928774843,-12.3672435934322));
#1247=CARTESIAN_POINT('',(-6.90333756459746,1.76766231875871,-12.1816347379364));
#1248=CARTESIAN_POINT('',(-7.2343502736459,1.80945184934802,-11.9880210591845));
#1249=CARTESIAN_POINT('',(-7.56478476358139,1.85395142087604,-11.7824686794864));
#1250=CARTESIAN_POINT('',(-7.90360308757383,1.90268544818089,-11.5581337708374));
#1251=CARTESIAN_POINT('',(-8.2668472197922,1.95858960842658,-11.3018275764076));
#1252=CARTESIAN_POINT('',(-8.65224484974597,2.02250340358778,-11.0102741161525));
#1253=CARTESIAN_POINT('',(-9.014239828203,2.08765019000736,-10.7149984771078));
#1254=CARTESIAN_POINT('',(-9.30249921225268,2.1433804834403,-10.4640629715392));
#1255=CARTESIAN_POINT('',(-9.50105222486981,2.18374223052577,-10.2832609673211));
#1256=CARTESIAN_POINT('',(-9.64819261213712,2.21470333054082,-10.145095929375));
#1257=CARTESIAN_POINT('',(-9.7754723904099,2.24226883482993,-10.0224934495615));
#1258=CARTESIAN_POINT('',(-9.85857242856185,2.26078673747878,-9.94041749349178));
#1259=CARTESIAN_POINT('',(-9.89949493661059,2.27003648829817,-9.89949493661062));
#1260=CARTESIAN_POINT('',(9.89949493661263,2.27003648829839,-9.89949493661128));
#1261=CARTESIAN_POINT('',(9.89949493663087,2.27003648830267,-9.89949493663011));
#1262=CARTESIAN_POINT('',(9.75435005910572,2.23723339588675,-10.044648024005));
#1263=CARTESIAN_POINT('',(9.44763110723924,2.17131584218609,-10.3381608521666));
#1264=CARTESIAN_POINT('',(8.93909079848156,2.07266866803552,-10.7823179904225));
#1265=CARTESIAN_POINT('',(8.3464030403058,1.96991399498347,-11.2495675328559));
#1266=CARTESIAN_POINT('',(7.63731119637846,1.86185812279286,-11.7454453344419));
#1267=CARTESIAN_POINT('',(6.7993582494837,1.75222143160859,-12.2527834940292));
#1268=CARTESIAN_POINT('',(5.83378133692533,1.64697893800912,-12.7433224359144));
#1269=CARTESIAN_POINT('',(4.8356480556287,1.55961286793609,-13.1529367697902));
#1270=CARTESIAN_POINT('',(3.91296953765073,1.49618212383062,-13.4515119891283));
#1271=CARTESIAN_POINT('',(3.17826059567237,1.45630456638313,-13.6396724650175));
#1272=CARTESIAN_POINT('',(2.58989687178558,1.43049792859989,-13.7616068633431));
#1273=CARTESIAN_POINT('',(2.09807774809139,1.41292801743939,-13.8446995630819));
#1274=CARTESIAN_POINT('',(1.63244018236454,1.39977293662877,-13.9069551941214));
#1275=CARTESIAN_POINT('',(1.19571623456762,1.39046315005058,-13.9510347062312));
#1276=CARTESIAN_POINT('',(0.779552833633143,1.3843007894843,-13.9802216177426));
#1277=CARTESIAN_POINT('',(0.384473577326059,1.38086341281449,-13.9965052541263));
#1278=CARTESIAN_POINT('',(0.126342912689535,1.38012569154367,-14.000000734983));
#1279=CARTESIAN_POINT('',(4.35170041078134E-14,1.38012579434293,-14.));
#1280=CARTESIAN_POINT('',(10.5005357006203,2.41618861825872,-10.5005357006202));
#1281=CARTESIAN_POINT('',(9.89949493664931,2.27003648830694,-9.89949493664929));
#1282=CARTESIAN_POINT('',(9.94671703005045,2.28071075535886,-9.94671703005043));
#1283=CARTESIAN_POINT('',(10.043097471289,2.30285239255434,-10.0430974712889));
#1284=CARTESIAN_POINT('',(10.1904920292723,2.33789560460541,-10.1904920292723));
#1285=CARTESIAN_POINT('',(10.3436504584406,2.37566546750334,-10.3436504584406));
#1286=CARTESIAN_POINT('',(10.447606364577,2.40232861476435,-10.447606364577));
#1287=CARTESIAN_POINT('',(10.5005357005491,2.41618861823924,-10.5005357005491));
#1288=CARTESIAN_POINT('',(10.5005357005832,2.41618861824901,-10.5005357005861));
#1289=CARTESIAN_POINT('',(10.4208641271701,2.39532595173308,-10.5802079330394));
#1290=CARTESIAN_POINT('',(10.2737178063209,2.35797394243786,-10.7240435464335));
#1291=CARTESIAN_POINT('',(10.0486923496177,2.30392108030927,-10.9350365356465));
#1292=CARTESIAN_POINT('',(9.82125514266316,2.25202355414674,-11.1399957974677));
#1293=CARTESIAN_POINT('',(9.5703268664869,2.19782341947177,-11.3565241636491));
#1294=CARTESIAN_POINT('',(9.31631875530711,2.1460501803106,-11.5656650417037));
#1295=CARTESIAN_POINT('',(9.06338010980079,2.09723725371539,-11.7647222846705));
#1296=CARTESIAN_POINT('',(8.80941134331937,2.05064335473714,-11.956271862587));
#1297=CARTESIAN_POINT('',(8.53284508210977,2.00257163384373,-12.1554670093509));
#1298=CARTESIAN_POINT('',(8.22449402472414,1.95203721178471,-12.3665093735185));
#1299=CARTESIAN_POINT('',(7.88831846842067,1.90038031899362,-12.5839057874762));
#1300=CARTESIAN_POINT('',(7.51942539968666,1.84750976163344,-12.8080547615417));
#1301=CARTESIAN_POINT('',(7.12151941445673,1.79462125605148,-13.0338578368431));
#1302=CARTESIAN_POINT('',(6.68901373694922,1.74168841459899,-13.2613551580111));
#1303=CARTESIAN_POINT('',(6.23006974836059,1.69036564849458,-13.4833021865538));
#1304=CARTESIAN_POINT('',(5.74625994819778,1.64130797802648,-13.6966484420237));
#1305=CARTESIAN_POINT('',(5.24440749454565,1.5955348690411,-13.8967115349965));
#1306=CARTESIAN_POINT('',(4.72422473103365,1.55329079003509,-14.0821722297595));
#1307=CARTESIAN_POINT('',(4.1911162938117,1.51521167959233,-14.2499977889156));
#1308=CARTESIAN_POINT('',(3.59227877222846,1.47815133811528,-14.4138777791425));
#1309=CARTESIAN_POINT('',(2.93410471185865,1.44445705328367,-14.5633654147326));
#1310=CARTESIAN_POINT('',(2.22125178531856,1.41627173743006,-14.6887603353067));
#1311=CARTESIAN_POINT('',(1.57770601529871,1.39800255195957,-14.7702015668088));
#1312=CARTESIAN_POINT('',(1.00410986289634,1.38708422898004,-14.8189261152483));
#1313=CARTESIAN_POINT('',(0.499766571133822,1.38137789733673,-14.844406570988));
#1314=CARTESIAN_POINT('',(0.165730440666993,1.38012569475933,-14.8500016972593));
#1315=CARTESIAN_POINT('',(7.10952980315976E-13,1.38012579434293,-14.85));
#1316=CARTESIAN_POINT('',(-10.5005357006161,2.41618861825695,-10.5005357006135));
#1317=CARTESIAN_POINT('',(-10.6657595117342,2.37295275334527,-10.3353262170697));
#1318=CARTESIAN_POINT('',(-10.9982299782222,2.28736775044488,-9.98677825210202));
#1319=CARTESIAN_POINT('',(-11.4854637495579,2.16547038025979,-9.42349691287913));
#1320=CARTESIAN_POINT('',(-12.0655432858453,2.02364636580372,-8.67846486959661));
#1321=CARTESIAN_POINT('',(-12.7211557049999,1.8673928776948,-7.70204146471962));
#1322=CARTESIAN_POINT('',(-13.4101997434663,1.7068556778124,-6.43794339488831));
#1323=CARTESIAN_POINT('',(-13.9664953996043,1.5794579938534,-5.11341916129424));
#1324=CARTESIAN_POINT('',(-14.383174527219,1.48502002442742,-3.77176802064469));
#1325=CARTESIAN_POINT('',(-14.6668244823418,1.42117180369769,-2.45649440041029));
#1326=CARTESIAN_POINT('',(-14.8197883600098,1.38688814976775,-1.18863492996229));
#1327=CARTESIAN_POINT('',(-14.8537755754108,1.37928047254725,-0.258001337218117));
#1328=CARTESIAN_POINT('',(-14.8440947160564,1.38144808775913,0.668804532227904));
#1329=CARTESIAN_POINT('',(-14.7747970377828,1.39695979175968,1.69295077630327));
#1330=CARTESIAN_POINT('',(-14.5564670308381,1.44597027972603,3.04001400703495));
#1331=CARTESIAN_POINT('',(-14.2259389064738,1.52057028539208,4.32530830502828));
#1332=CARTESIAN_POINT('',(-13.8088383202046,1.61546496311596,5.50752834758335));
#1333=CARTESIAN_POINT('',(-13.3277685105681,1.72609395564158,6.58156811177343));
#1334=CARTESIAN_POINT('',(-12.818361080834,1.84481946058275,7.52069276521926));
#1335=CARTESIAN_POINT('',(-12.297997105719,1.96808687950581,8.34008657739566));
#1336=CARTESIAN_POINT('',(-11.8030449748856,2.0875365348283,9.02328397724395));
#1337=CARTESIAN_POINT('',(-11.3373394479045,2.20230267722655,9.5989663285143));
#1338=CARTESIAN_POINT('',(-10.9124928232048,2.30933160933979,10.077764217454));
#1339=CARTESIAN_POINT('',(-10.6338880357595,2.38128295072022,10.3671901372667));
#1340=CARTESIAN_POINT('',(-10.5005357004129,2.41618861820496,10.500535700415));
#1341=CARTESIAN_POINT('',(10.500535700609,2.4161886182558,10.5005357006091));
#1342=CARTESIAN_POINT('',(10.6657595117312,2.37295275334487,10.3353262170682));
#1343=CARTESIAN_POINT('',(10.9982299782232,2.2873677504452,9.98677825210329));
#1344=CARTESIAN_POINT('',(11.4854637495576,2.16547038025971,9.42349691287884));
#1345=CARTESIAN_POINT('',(12.0655432858453,2.0236463658038,8.67846486959704));
#1346=CARTESIAN_POINT('',(12.7211557049995,1.86739287769486,7.70204146472004));
#1347=CARTESIAN_POINT('',(13.410199743466,1.70685567781247,6.43794339488894));
#1348=CARTESIAN_POINT('',(13.966495399604,1.57945799385346,5.113419161295));
#1349=CARTESIAN_POINT('',(14.3831745272188,1.48502002442746,3.77176802064544));
#1350=CARTESIAN_POINT('',(14.6668244823417,1.42117180369771,2.45649440041087));
#1351=CARTESIAN_POINT('',(14.8197883600098,1.38688814976775,1.18863492996262));
#1352=CARTESIAN_POINT('',(14.8537755754108,1.37928047254725,0.258001337218431));
#1353=CARTESIAN_POINT('',(14.8440947160564,1.38144808775912,-0.668804532227613));
#1354=CARTESIAN_POINT('',(14.7747970377829,1.39695979175967,-1.69295077630284));
#1355=CARTESIAN_POINT('',(14.556467030838,1.44597027972604,-3.04001400703533));
#1356=CARTESIAN_POINT('',(14.2259389064737,1.52057028539212,-4.32530830502872));
#1357=CARTESIAN_POINT('',(13.808838320205,1.61546496311585,-5.5075283475821));
#1358=CARTESIAN_POINT('',(13.3277685105688,1.72609395564148,-6.58156811177257));
#1359=CARTESIAN_POINT('',(12.8183610808324,1.84481946058291,-7.52069276522083));
#1360=CARTESIAN_POINT('',(12.2979971057195,1.96808687950634,-8.34008657739801));
#1361=CARTESIAN_POINT('',(11.8030449748835,2.0875365348268,-9.02328397723742));
#1362=CARTESIAN_POINT('',(11.3373394479175,2.20230267722917,-9.59896632852412));
#1363=CARTESIAN_POINT('',(10.9124928231647,2.30933160933124,-10.0777642174217));
#1364=CARTESIAN_POINT('',(10.6338880358284,2.38128295073857,-10.367190137337));
#1365=CARTESIAN_POINT('',(10.5005357005862,2.41618861824901,-10.5005357005831));
#1366=CARTESIAN_POINT('',(2.72790074510073E-15,1.,-14.85));
#1367=AXIS2_PLACEMENT_3D('',#1368,#1369,#1370);
#1368=CARTESIAN_POINT('',(0.,1.,6.12323399573677E-17));
#1369=DIRECTION('',(0.,1.,6.12323399573677E-17));
#1370=DIRECTION('',(6.12323399573677E-17,6.12323399573677E-17,-1.));
#1371=CARTESIAN_POINT('',(9.89949493650663,2.27003648827489,9.89949493650758));
#1372=CARTESIAN_POINT('',(10.119319562267,2.22037482171697,9.67970985579274));
#1373=CARTESIAN_POINT('',(10.5522403015142,2.12345802881251,9.21691796230069));
#1374=CARTESIAN_POINT('',(11.1723118802132,1.98674114238646,8.45670748828095));
#1375=CARTESIAN_POINT('',(11.7708546067851,1.85629554430801,7.60484456409265));
#1376=CARTESIAN_POINT('',(12.3408097518006,1.73326110374306,6.64448345458622));
#1377=CARTESIAN_POINT('',(12.859858818951,1.62206350782811,5.57860359592998));
#1378=CARTESIAN_POINT('',(13.3055617174571,1.5271380462787,4.4157922198408));
#1379=CARTESIAN_POINT('',(13.656346241098,1.4527502506604,3.17448384674755));
#1380=CARTESIAN_POINT('',(13.8977434140274,1.40171013782216,1.86144830861481));
#1381=CARTESIAN_POINT('',(13.9887805049499,1.38249408128758,0.794046713272887));
#1382=CARTESIAN_POINT('',(14.0054846092612,1.37896811646156,-0.139442513591344));
#1383=CARTESIAN_POINT('',(13.9739414463517,1.38562581281673,-1.09990209444962));
#1384=CARTESIAN_POINT('',(13.822219380568,1.4176630353508,-2.38135374210129));
#1385=CARTESIAN_POINT('',(13.5134838918342,1.48300598723586,-3.74229941655924));
#1386=CARTESIAN_POINT('',(13.1258042206124,1.56537859141781,-4.91134323661977));
#1387=CARTESIAN_POINT('',(12.7229775506486,1.65136077376007,-5.86676587719974));
#1388=CARTESIAN_POINT('',(12.3152857256819,1.73881283522891,-6.67748848472946));
#1389=CARTESIAN_POINT('',(11.8882315224313,1.83095456895322,-7.40903082930771));
#1390=CARTESIAN_POINT('',(11.4593340615277,1.92412673017981,-8.05391633235728));
#1391=CARTESIAN_POINT('',(11.0073571247986,2.02306757363231,-8.66146882847662));
#1392=CARTESIAN_POINT('',(10.4996918110393,2.13520956963566,-9.27348029357488));
#1393=CARTESIAN_POINT('',(10.1124423349506,2.22192255778924,-9.68657442500447));
#1394=CARTESIAN_POINT('',(9.89949493663078,2.27003648830266,-9.89949493663017));
#1395=CARTESIAN_POINT('',(-9.89949493661063,2.27003648829817,-9.89949493661059));
#1396=CARTESIAN_POINT('',(-10.0480572631087,2.23646282361789,-9.7509405399902));
#1397=CARTESIAN_POINT('',(-10.3402757233809,2.17084628355751,-9.44525885996209));
#1398=CARTESIAN_POINT('',(-10.7602129410927,2.07758275090937,-8.9641176775298));
#1399=CARTESIAN_POINT('',(-11.1638323229005,1.98874661672772,-8.45642923028754));
#1400=CARTESIAN_POINT('',(-11.549128777845,1.90459160360041,-7.92242574204994));
#1401=CARTESIAN_POINT('',(-11.9156724144771,1.82505040038283,-7.35998096497705));
#1402=CARTESIAN_POINT('',(-12.2602635828885,1.75068568283338,-6.77084876031847));
#1403=CARTESIAN_POINT('',(-12.6175442244929,1.67394499972994,-6.08460155156678));
#1404=CARTESIAN_POINT('',(-13.0036591624697,1.59140316980317,-5.22368918606412));
#1405=CARTESIAN_POINT('',(-13.4090120930042,1.50516524819834,-4.09696484821659));
#1406=CARTESIAN_POINT('',(-13.751235903411,1.43266791303642,-2.76116803540989));
#1407=CARTESIAN_POINT('',(-13.9568779632611,1.38922566387695,-1.36141997385085));
#1408=CARTESIAN_POINT('',(-14.0031209113806,1.37946704228124,-0.366123461159126));
#1409=CARTESIAN_POINT('',(-13.9958773833025,1.38099603668742,0.639754422769674));
#1410=CARTESIAN_POINT('',(-13.9217236025082,1.39664443298301,1.71979434033853));
#1411=CARTESIAN_POINT('',(-13.6540770206261,1.45322036049694,3.21466846249208));
#1412=CARTESIAN_POINT('',(-13.2318679515765,1.54277457303813,4.65320436046377));
#1413=CARTESIAN_POINT('',(-12.6822573063822,1.65998344672094,5.9848726753164));
#1414=CARTESIAN_POINT('',(-12.0745734813143,1.79056784370863,7.11950355844207));
#1415=CARTESIAN_POINT('',(-11.4959902131795,1.91607248922166,8.00769090134961));
#1416=CARTESIAN_POINT('',(-11.0206206376394,2.02017173651148,8.64260553490004));
#1417=CARTESIAN_POINT('',(-10.6246557584594,2.10763054672346,9.12223291134874));
#1418=CARTESIAN_POINT('',(-10.2673236649673,2.18720092587844,9.52236731199297));
#1419=CARTESIAN_POINT('',(-10.022556619454,2.24222377859288,9.77643712348127));
#1420=CARTESIAN_POINT('',(-9.8994949389612,2.27003648776337,9.89949493424485));
#1421=CARTESIAN_POINT('',(2.57175827820944E-15,1.77635683940025E-15,-14.));
#1422=AXIS2_PLACEMENT_3D('',#1423,#1424,#1425);
#1423=CARTESIAN_POINT('',(0.,3.01898744547311E-48,-4.93038065763132E-32));
#1424=DIRECTION('',(0.,1.,6.12323399573677E-17));
#1425=DIRECTION('',(6.12323399573677E-17,6.12323399573677E-17,-1.));
#1426=CARTESIAN_POINT('',(21.5097085592434,3.6068997143378,13.0328407377828));
#1427=CARTESIAN_POINT('',(21.5097085592434,3.60689971433781,-13.0328407377829));
#1428=CARTESIAN_POINT('',(21.5097085592434,3.60689971433779,13.0328407377828));
#1429=CARTESIAN_POINT('',(21.5139128479454,3.59781488652542,13.0259019118943));
#1430=CARTESIAN_POINT('',(21.522529342207,3.57981749894794,13.0116657013324));
#1431=CARTESIAN_POINT('',(21.5359399475207,3.55351045384424,12.9894582309877));
#1432=CARTESIAN_POINT('',(21.5499679458296,3.52753596416939,12.9661728711478));
#1433=CARTESIAN_POINT('',(21.5645815700838,3.50189960390958,12.9418546654192));
#1434=CARTESIAN_POINT('',(21.5798599694947,3.47641781915371,12.9163636540457));
#1435=CARTESIAN_POINT('',(21.59577218542,3.45111550752024,12.8897424385352));
#1436=CARTESIAN_POINT('',(21.6124092807029,3.42583345160444,12.8618284770695));
#1437=CARTESIAN_POINT('',(21.6296333511689,3.40076492011002,12.8328428204902));
#1438=CARTESIAN_POINT('',(21.6475982316049,3.37566606858427,12.8025161713503));
#1439=CARTESIAN_POINT('',(21.6663591160902,3.35046460173895,12.7707424584867));
#1440=CARTESIAN_POINT('',(21.6862762913414,3.3247134188849,12.7368938507017));
#1441=CARTESIAN_POINT('',(21.707228944597,3.29862176140821,12.7011542471803));
#1442=CARTESIAN_POINT('',(21.7294803239991,3.27190853714497,12.6630512359061));
#1443=CARTESIAN_POINT('',(21.7529105443956,3.24477121273722,12.6227634337712));
#1444=CARTESIAN_POINT('',(21.777782160978,3.21696469834734,12.5798080156386));
#1445=CARTESIAN_POINT('',(21.8037057531286,3.18896843002034,12.5348258107996));
#1446=CARTESIAN_POINT('',(21.8323953440049,3.15900530051765,12.484799848497));
#1447=CARTESIAN_POINT('',(21.8653373543365,3.12579456396831,12.4270389741999));
#1448=CARTESIAN_POINT('',(21.9105171878598,3.0820005134049,12.3472840322023));
#1449=CARTESIAN_POINT('',(21.9671128864669,3.0298856167459,12.2464060861791));
#1450=CARTESIAN_POINT('',(22.0343304658934,2.9714385325736,12.1250817543524));
#1451=CARTESIAN_POINT('',(22.0983690216457,2.918664719851,12.0079277101952));
#1452=CARTESIAN_POINT('',(22.1574344512646,2.87204598191992,11.8985218003496));
#1453=CARTESIAN_POINT('',(22.210507621813,2.83156355577153,11.799153942758));
#1454=CARTESIAN_POINT('',(22.2637319760359,2.792220045272,11.6984259102772));
#1455=CARTESIAN_POINT('',(22.3323634605488,2.74298421867664,11.5670856782182));
#1456=CARTESIAN_POINT('',(22.4211463105082,2.68180265259032,11.3944188795188));
#1457=CARTESIAN_POINT('',(22.5338081690393,2.60790427416568,11.1702352304702));
#1458=CARTESIAN_POINT('',(22.6604202574836,2.52889572407387,10.9114281750324));
#1459=CARTESIAN_POINT('',(22.7949758543178,2.4489797681279,10.6276675456653));
#1460=CARTESIAN_POINT('',(22.9318423499985,2.37131319726098,10.3290505873653));
#1461=CARTESIAN_POINT('',(23.0529859831025,2.30527748307056,10.0553262476695));
#1462=CARTESIAN_POINT('',(23.1597249066471,2.24884403813276,9.80657667705475));
#1463=CARTESIAN_POINT('',(23.2545739463467,2.19988306209991,9.57956600237592));
#1464=CARTESIAN_POINT('',(23.3507680460379,2.15135206436439,9.34275270164101));
#1465=CARTESIAN_POINT('',(23.4496505935536,2.10255616606901,9.09185399772873));
#1466=CARTESIAN_POINT('',(23.5500165493241,2.05407989329249,8.82876022191605));
#1467=CARTESIAN_POINT('',(23.6522901202558,2.00568924966473,8.55113714313637));
#1468=CARTESIAN_POINT('',(23.7552102782884,1.95794589399642,8.26109219819372));
#1469=CARTESIAN_POINT('',(23.8590366506461,1.91068672980442,7.95642356373578));
#1470=CARTESIAN_POINT('',(23.9618769024087,1.86471413378488,7.64125665989691));
#1471=CARTESIAN_POINT('',(24.0637757451805,1.81992894503618,7.31417884667505));
#1472=CARTESIAN_POINT('',(24.1639856820642,1.77658440261988,6.97619648026637));
#1473=CARTESIAN_POINT('',(24.2633665454956,1.73424372832844,6.6225525546237));
#1474=CARTESIAN_POINT('',(24.3606914284485,1.69337010545068,6.25533914437982));
#1475=CARTESIAN_POINT('',(24.4560448977464,1.65386048241871,5.87179621616742));
#1476=CARTESIAN_POINT('',(24.5481592706513,1.61617200521515,5.47431662667975));
#1477=CARTESIAN_POINT('',(24.6472893024396,1.57608821863483,5.01189333304853));
#1478=CARTESIAN_POINT('',(24.7491443738341,1.53543240075323,4.48549884809985));
#1479=CARTESIAN_POINT('',(24.84924175654,1.49598469854549,3.89365738687778));
#1480=CARTESIAN_POINT('',(24.9299649366456,1.46451837481069,3.33460900780599));
#1481=CARTESIAN_POINT('',(24.9938622686755,1.43980666674536,2.81194466966551));
#1482=CARTESIAN_POINT('',(25.0437479268582,1.42062884860539,2.32674646561341));
#1483=CARTESIAN_POINT('',(25.0848165405871,1.4049187325765,1.83253596682424));
#1484=CARTESIAN_POINT('',(25.1166041223695,1.39280654281258,1.32851134180954));
#1485=CARTESIAN_POINT('',(25.1384327054006,1.3845128729875,0.818329176424775));
#1486=CARTESIAN_POINT('',(25.1483477360985,1.38075228820051,0.374477762061802));
#1487=CARTESIAN_POINT('',(25.1504286071696,1.3799632726195,0.0306545173545463));
#1488=CARTESIAN_POINT('',(25.1489716282765,1.38051574889476,-0.314290587581637));
#1489=CARTESIAN_POINT('',(25.1411643831028,1.38347631483026,-0.730734155644098));
#1490=CARTESIAN_POINT('',(25.1207614812878,1.39122535370299,-1.24881097099137));
#1491=CARTESIAN_POINT('',(25.0897183071102,1.40304781678637,-1.76569901096469));
#1492=CARTESIAN_POINT('',(25.0481843863605,1.41892711654532,-2.28021844609564));
#1493=CARTESIAN_POINT('',(24.9907130243984,1.44101147889105,-2.84714171565992));
#1494=CARTESIAN_POINT('',(24.9134532665228,1.47091093284764,-3.46321112719308));
#1495=CARTESIAN_POINT('',(24.812433794308,1.51042005616638,-4.12463400935334));
#1496=CARTESIAN_POINT('',(24.7059829237507,1.55259052421555,-4.71647753304879));
#1497=CARTESIAN_POINT('',(24.5994702233885,1.59535830779165,-5.24052102862144));
#1498=CARTESIAN_POINT('',(24.498132833577,1.63656196731356,-5.69514880375042));
#1499=CARTESIAN_POINT('',(24.3912066779119,1.68064355999749,-6.13661430721636));
#1500=CARTESIAN_POINT('',(24.280150618982,1.72712220309243,-6.56196829510288));
#1501=CARTESIAN_POINT('',(24.1646368231165,1.77626372651534,-6.97512821291165));
#1502=CARTESIAN_POINT('',(24.0459309898582,1.82766853057024,-7.37373924688996));
#1503=CARTESIAN_POINT('',(23.924424694611,1.88130979875609,-7.75864158701795));
#1504=CARTESIAN_POINT('',(23.8025972498489,1.93621177063002,-8.12442730039407));
#1505=CARTESIAN_POINT('',(23.6803217818554,1.99253166379955,-8.47397947632222));
#1506=CARTESIAN_POINT('',(23.5592237047503,2.04961269285605,-8.80484509845143));
#1507=CARTESIAN_POINT('',(23.4388671600463,2.10775175969556,-9.12019153438748));
#1508=CARTESIAN_POINT('',(23.3209617696476,2.16618967846253,-9.41741733432864));
#1509=CARTESIAN_POINT('',(23.2040101523323,2.22574457079063,-9.70188326212539));
#1510=CARTESIAN_POINT('',(23.088878631946,2.28608209523362,-9.97267231126244));
#1511=CARTESIAN_POINT('',(22.9752252533158,2.34750445885658,-10.231655207457));
#1512=CARTESIAN_POINT('',(22.8656486115513,2.40867049888318,-10.4741047060969));
#1513=CARTESIAN_POINT('',(22.7595196136466,2.46994544161261,-10.7026420089486));
#1514=CARTESIAN_POINT('',(22.658249836726,2.53051229630827,-10.9152994285092));
#1515=CARTESIAN_POINT('',(22.5609649081803,2.59088644091266,-11.1148797080518));
#1516=CARTESIAN_POINT('',(22.4690383128712,2.65015593719486,-11.2994733981773));
#1517=CARTESIAN_POINT('',(22.3804684033445,2.70957730701082,-11.473845706728));
#1518=CARTESIAN_POINT('',(22.2956021446068,2.76895922932772,-11.6378493766874));
#1519=CARTESIAN_POINT('',(22.2138660260331,2.82878228054306,-11.7930574504346));
#1520=CARTESIAN_POINT('',(22.137156459912,2.88764161521121,-11.9363725899943));
#1521=CARTESIAN_POINT('',(22.0646113424007,2.94612071588731,-12.0699009675034));
#1522=CARTESIAN_POINT('',(21.9971707681622,3.00337042751834,-12.1923364702305));
#1523=CARTESIAN_POINT('',(21.9340110487428,3.05998862919482,-12.3055569488093));
#1524=CARTESIAN_POINT('',(21.8760832340191,3.11493453069733,-12.4082121636129));
#1525=CARTESIAN_POINT('',(21.8217930445196,3.16956123559398,-12.503420732389));
#1526=CARTESIAN_POINT('',(21.7711873110576,3.22378310412945,-12.591312017494));
#1527=CARTESIAN_POINT('',(21.7235994246849,3.27837440605883,-12.6732181868175));
#1528=CARTESIAN_POINT('',(21.6800095167158,3.33217174365765,-12.7476252748354));
#1529=CARTESIAN_POINT('',(21.6397062219531,3.38597425826241,-12.8159085200455));
#1530=CARTESIAN_POINT('',(21.6028527703236,3.43954969516673,-12.8779209648035));
#1531=CARTESIAN_POINT('',(21.5688759849169,3.49386590580759,-12.9347363770842));
#1532=CARTESIAN_POINT('',(21.5379439535344,3.54880672180839,-12.9861676207583));
#1533=CARTESIAN_POINT('',(21.5187745207524,3.58734518128257,-13.0178787713381));
#1534=CARTESIAN_POINT('',(21.5097085592434,3.6068997143378,-13.0328407377829));
#1535=CARTESIAN_POINT('',(21.0076045381218,4.,-13.8276191576816));
#1536=CARTESIAN_POINT('',(21.0076045381219,4.,-13.8276191576816));
#1537=CARTESIAN_POINT('',(21.0259681653789,4.00000112500437,-13.7997222983214));
#1538=CARTESIAN_POINT('',(21.0692419873176,3.99724124444522,-13.7336888744179));
#1539=CARTESIAN_POINT('',(21.143608221849,3.98098130974616,-13.6190425589747));
#1540=CARTESIAN_POINT('',(21.2296770097128,3.94341413884196,-13.4845447999718));
#1541=CARTESIAN_POINT('',(21.3130785784001,3.88366873903647,-13.3522466274809));
#1542=CARTESIAN_POINT('',(21.3804004898327,3.81475000852413,-13.244050603085));
#1543=CARTESIAN_POINT('',(21.4320154500524,3.74684496631255,-13.1603030574252));
#1544=CARTESIAN_POINT('',(21.4734887035013,3.68011127981889,-13.092502873043));
#1545=CARTESIAN_POINT('',(21.4982246081202,3.63171937476744,-13.0517948884285));
#1546=CARTESIAN_POINT('',(21.5097085592434,3.60689971433781,-13.0328407377829));
#1547=CARTESIAN_POINT('',(13.82761915597,4.,-21.0076045429754));
#1548=AXIS2_PLACEMENT_3D('',#1549,#1550,#1551);
#1549=CARTESIAN_POINT('',(0.,4.,2.44929359829471E-16));
#1550=DIRECTION('',(0.,1.,6.12323399573677E-17));
#1551=DIRECTION('',(0.835292426963095,3.36659036606031E-17,-0.549805930722925));
#1552=CARTESIAN_POINT('',(13.82761915597,4.,-21.0076045429754));
#1553=CARTESIAN_POINT('',(13.799722295773,4.00000112490847,-21.0259681686873));
#1554=CARTESIAN_POINT('',(13.7336888708286,3.99724124414324,-21.0692419886194));
#1555=CARTESIAN_POINT('',(13.6190425562465,3.98098130912391,-21.1436082240163));
#1556=CARTESIAN_POINT('',(13.4845447971337,3.94341413783724,-21.2296770113907));
#1557=CARTESIAN_POINT('',(13.3522466248115,3.88366873759573,-21.3130785800991));
#1558=CARTESIAN_POINT('',(13.2440506008133,3.81475000687937,-21.3804004912341));
#1559=CARTESIAN_POINT('',(13.1603030558162,3.74684496483638,-21.4320154510402));
#1560=CARTESIAN_POINT('',(13.0925028722651,3.68011127892661,-21.4734887039742));
#1561=CARTESIAN_POINT('',(13.0517948881723,3.63171937443211,-21.4982246082754));
#1562=CARTESIAN_POINT('',(13.0328407377829,3.6068997143378,-21.5097085592434));
#1563=CARTESIAN_POINT('',(-13.82761915597,4.,-21.0076045429754));
#1564=CARTESIAN_POINT('',(-13.82761915597,4.,-21.0076045429754));
#1565=CARTESIAN_POINT('',(-13.799722295773,4.00000112490847,-21.0259681686873));
#1566=CARTESIAN_POINT('',(-13.7336888708286,3.99724124414324,-21.0692419886194));
#1567=CARTESIAN_POINT('',(-13.6190425562465,3.9809813091239,-21.1436082240163));
#1568=CARTESIAN_POINT('',(-13.4845447971337,3.94341413783723,-21.2296770113907));
#1569=CARTESIAN_POINT('',(-13.3522466248115,3.88366873759571,-21.3130785800991));
#1570=CARTESIAN_POINT('',(-13.2440506008133,3.81475000687934,-21.3804004912341));
#1571=CARTESIAN_POINT('',(-13.1603030558162,3.74684496483637,-21.4320154510402));
#1572=CARTESIAN_POINT('',(-13.0925028722651,3.6801112789266,-21.4734887039742));
#1573=CARTESIAN_POINT('',(-13.0517948881723,3.63171937443211,-21.4982246082753));
#1574=CARTESIAN_POINT('',(-13.0328407377829,3.6068997143378,-21.5097085592434));
#1575=CARTESIAN_POINT('',(-21.0076045381218,4.,-13.8276191576816));
#1576=AXIS2_PLACEMENT_3D('',#1577,#1578,#1579);
#1577=CARTESIAN_POINT('',(0.,4.,2.44929359829471E-16));
#1578=DIRECTION('',(0.,1.,6.12323399573677E-17));
#1579=DIRECTION('',(-0.549805930586817,5.11469098571047E-17,-0.835292427052685));
#1580=CARTESIAN_POINT('',(-21.5097085592434,3.6068997143378,-13.0328407377829));
#1581=CARTESIAN_POINT('',(-21.0076045381218,4.,-13.8276191576816));
#1582=CARTESIAN_POINT('',(-21.0259681653789,4.00000112500437,-13.7997222983215));
#1583=CARTESIAN_POINT('',(-21.0692419873175,3.99724124444522,-13.7336888744179));
#1584=CARTESIAN_POINT('',(-21.143608221849,3.98098130974617,-13.6190425589747));
#1585=CARTESIAN_POINT('',(-21.2296770097128,3.94341413884195,-13.4845447999718));
#1586=CARTESIAN_POINT('',(-21.3130785784001,3.88366873903648,-13.3522466274809));
#1587=CARTESIAN_POINT('',(-21.3804004898327,3.81475000852413,-13.244050603085));
#1588=CARTESIAN_POINT('',(-21.4320154500524,3.74684496631256,-13.1603030574252));
#1589=CARTESIAN_POINT('',(-21.4734887035013,3.68011127981889,-13.092502873043));
#1590=CARTESIAN_POINT('',(-21.4982246081202,3.63171937476743,-13.0517948884285));
#1591=CARTESIAN_POINT('',(-21.5097085592434,3.6068997143378,-13.0328407377829));
#1592=CARTESIAN_POINT('',(-21.5097085592434,3.6068997143378,13.0328407377829));
#1593=CARTESIAN_POINT('',(-21.5097085592434,3.60689971433779,-13.0328407377828));
#1594=CARTESIAN_POINT('',(-21.5139128479449,3.59781488652639,-13.025901911895));
#1595=CARTESIAN_POINT('',(-21.5225293422056,3.57981749895083,-13.0116657013348));
#1596=CARTESIAN_POINT('',(-21.5359399475178,3.55351045384989,-12.9894582309926));
#1597=CARTESIAN_POINT('',(-21.549967945825,3.52753596417769,-12.9661728711554));
#1598=CARTESIAN_POINT('',(-21.5645815700775,3.50189960392045,-12.9418546654297));
#1599=CARTESIAN_POINT('',(-21.5798599694866,3.4764178191671,-12.9163636540594));
#1600=CARTESIAN_POINT('',(-21.5957721854099,3.45111550753606,-12.8897424385522));
#1601=CARTESIAN_POINT('',(-21.6124092806907,3.42583345162266,-12.86182847709));
#1602=CARTESIAN_POINT('',(-21.6296333511545,3.40076492013058,-12.8328428205145));
#1603=CARTESIAN_POINT('',(-21.6475982315882,3.37566606860717,-12.8025161713785));
#1604=CARTESIAN_POINT('',(-21.6663591160711,3.35046460176414,-12.7707424585191));
#1605=CARTESIAN_POINT('',(-21.6862762913197,3.32471341891243,-12.7368938507386));
#1606=CARTESIAN_POINT('',(-21.7072289445726,3.2986217614381,-12.701154247222));
#1607=CARTESIAN_POINT('',(-21.7294803239718,3.27190853717727,-12.6630512359531));
#1608=CARTESIAN_POINT('',(-21.7529105443651,3.24477121277198,-12.6227634338237));
#1609=CARTESIAN_POINT('',(-21.7777821609441,3.21696469838456,-12.5798080156972));
#1610=CARTESIAN_POINT('',(-21.8037057530913,3.18896843006009,-12.5348258108646));
#1611=CARTESIAN_POINT('',(-21.8323953439635,3.15900530056013,-12.4847998485694));
#1612=CARTESIAN_POINT('',(-21.8653373542904,3.12579456401388,-12.4270389742809));
#1613=CARTESIAN_POINT('',(-21.910517187807,3.0820005134547,-12.3472840322958));
#1614=CARTESIAN_POINT('',(-21.9671128864057,3.02988561680073,-12.2464060862888));
#1615=CARTESIAN_POINT('',(-22.0343304658221,2.97143853263405,-12.1250817544819));
#1616=CARTESIAN_POINT('',(-22.0983690215647,2.91866471991645,-12.0079277103442));
#1617=CARTESIAN_POINT('',(-22.1574344511745,2.87204598198987,-11.8985218005173));
#1618=CARTESIAN_POINT('',(-22.2105076217146,2.8315635558455,-11.7991539429432));
#1619=CARTESIAN_POINT('',(-22.2637319759289,2.79222004534993,-11.6984259104807));
#1620=CARTESIAN_POINT('',(-22.3323634604306,2.74298421875968,-11.5670856784463));
#1621=CARTESIAN_POINT('',(-22.4211463103753,2.68180265267977,-11.3944188797801));
#1622=CARTESIAN_POINT('',(-22.5338081688876,2.60790427426282,-11.1702352307759));
#1623=CARTESIAN_POINT('',(-22.6604202573105,2.52889572417932,-10.9114281753913));
#1624=CARTESIAN_POINT('',(-22.7949758541218,2.44897976824181,-10.627667546085));
#1625=CARTESIAN_POINT('',(-22.9318423497791,2.37131319738309,-10.3290505878516));
#1626=CARTESIAN_POINT('',(-23.0529859828623,2.30527748319969,-10.0553262482196));
#1627=CARTESIAN_POINT('',(-23.1597249063886,2.24884403826785,-9.80657667766484));
#1628=CARTESIAN_POINT('',(-23.2545739460715,2.19988306224041,-9.57956600304358));
#1629=CARTESIAN_POINT('',(-23.3507680457457,2.15135206451023,-9.34275270237075));
#1630=CARTESIAN_POINT('',(-23.4496505932434,2.10255616622048,-9.09185399852806));
#1631=CARTESIAN_POINT('',(-23.5500165489954,2.05407989344963,-8.82876022279176));
#1632=CARTESIAN_POINT('',(-23.6522901199081,2.00568924982763,-8.55113714409698));
#1633=CARTESIAN_POINT('',(-23.7552102779218,1.9579458941649,-8.2610921992466));
#1634=CARTESIAN_POINT('',(-23.8590366502606,1.91068672997834,-7.95642356489039));
#1635=CARTESIAN_POINT('',(-23.9618769020053,1.86471413396374,-7.64125666116047));
#1636=CARTESIAN_POINT('',(-24.0637757447599,1.81992894521955,-7.31417884805674));
#1637=CARTESIAN_POINT('',(-24.163985681628,1.77658440280716,-6.9761964817751));
#1638=CARTESIAN_POINT('',(-24.2633665450442,1.7342437285194,-6.62255255627481));
#1639=CARTESIAN_POINT('',(-24.3606914279838,1.69337010564457,-6.25533914618642));
#1640=CARTESIAN_POINT('',(-24.4560448972703,1.65386048261474,-5.87179621814634));
#1641=CARTESIAN_POINT('',(-24.5481592701673,1.61617200541204,-5.47431662884543));
#1642=CARTESIAN_POINT('',(-24.6472893019504,1.57608821883133,-5.01189333544611));
#1643=CARTESIAN_POINT('',(-24.7491443733479,1.53543240094604,-4.48549885076911));
#1644=CARTESIAN_POINT('',(-24.8492417560711,1.49598469872923,-3.89365738985447));
#1645=CARTESIAN_POINT('',(-24.9299649362081,1.46451837498054,-3.33460901106228));
#1646=CARTESIAN_POINT('',(-24.99386226828,1.43980666689781,-2.81194467316834));
#1647=CARTESIAN_POINT('',(-25.0437479265127,1.42062884873787,-2.32674646931922));
#1648=CARTESIAN_POINT('',(-25.0848165403021,1.40491873268529,-1.8325359707109));
#1649=CARTESIAN_POINT('',(-25.116604122155,1.39280654289415,-1.32851134584662));
#1650=CARTESIAN_POINT('',(-25.1384327052644,1.38451287303919,-0.81832918058585));
#1651=CARTESIAN_POINT('',(-25.1483477360669,1.38075228821248,-0.374477764873537));
#1652=CARTESIAN_POINT('',(-25.1504286071669,1.37996327262052,-0.0306545202159718));
#1653=CARTESIAN_POINT('',(-25.1489716283035,1.38051574888452,0.314290584695216));
#1654=CARTESIAN_POINT('',(-25.1411643832285,1.38347631478258,0.73073415132041));
#1655=CARTESIAN_POINT('',(-25.120761481502,1.39122535362154,1.24881096668697));
#1656=CARTESIAN_POINT('',(-25.0897183074096,1.40304781667214,1.76569900671611));
#1657=CARTESIAN_POINT('',(-25.0481843867403,1.41892711639977,2.28021844193016));
#1658=CARTESIAN_POINT('',(-24.9907130248596,1.44101147871321,2.84714171162129));
#1659=CARTESIAN_POINT('',(-24.9134532670629,1.47091093263759,3.46321112331908));
#1660=CARTESIAN_POINT('',(-24.8124337949206,1.51042005592533,4.12463400567829));
#1661=CARTESIAN_POINT('',(-24.7059829244154,1.55259052395061,4.7164775295746));
#1662=CARTESIAN_POINT('',(-24.599470224087,1.59535830750946,5.2405210253482));
#1663=CARTESIAN_POINT('',(-24.498132834292,1.63656196702083,5.69514880067991));
#1664=CARTESIAN_POINT('',(-24.3912066786308,1.68064355969886,6.13661430436409));
#1665=CARTESIAN_POINT('',(-24.2801506196902,1.72712220279358,6.56196829248768));
#1666=CARTESIAN_POINT('',(-24.1646368238007,1.77626372622164,6.97512821054663));
#1667=CARTESIAN_POINT('',(-24.0459309905059,1.82766853028698,7.37373924478269));
#1668=CARTESIAN_POINT('',(-23.924424695212,1.88130979848791,7.7586415851692));
#1669=CARTESIAN_POINT('',(-23.8025972503936,1.93621177038172,8.12442729880231));
#1670=CARTESIAN_POINT('',(-23.6803217823365,1.99253166357515,8.4739794749812));
#1671=CARTESIAN_POINT('',(-23.5592237051647,2.04961269265812,8.80484509734575));
#1672=CARTESIAN_POINT('',(-23.4388671603933,2.10775175952552,9.12019153349815));
#1673=CARTESIAN_POINT('',(-23.32096176993,2.16618967832039,9.41741733363129));
#1674=CARTESIAN_POINT('',(-23.204010152553,2.22574457067639,9.7018832615994));
#1675=CARTESIAN_POINT('',(-23.0888786321114,2.28608209514534,9.97267231088089));
#1676=CARTESIAN_POINT('',(-22.9752252534329,2.34750445879209,10.2316552071953));
#1677=CARTESIAN_POINT('',(-22.8656486116308,2.40867049883783,10.474104705924));
#1678=CARTESIAN_POINT('',(-22.7595196136974,2.46994544158265,10.7026420088411));
#1679=CARTESIAN_POINT('',(-22.6582498367574,2.53051229628904,10.9152994284443));
#1680=CARTESIAN_POINT('',(-22.5609649081988,2.59088644090087,11.1148797080143));
#1681=CARTESIAN_POINT('',(-22.4690383128837,2.65015593718662,11.2994733981525));
#1682=CARTESIAN_POINT('',(-22.3804684033545,2.70957730700397,11.4738457067085));
#1683=CARTESIAN_POINT('',(-22.295602144616,2.7689592293211,11.6378493766697));
#1684=CARTESIAN_POINT('',(-22.2138660260416,2.82878228053671,11.7930574504186));
#1685=CARTESIAN_POINT('',(-22.1371564599198,2.88764161520513,11.9363725899799));
#1686=CARTESIAN_POINT('',(-22.0646113424077,2.94612071588155,12.0699009674907));
#1687=CARTESIAN_POINT('',(-21.9971707681684,3.00337042751291,12.1923364702193));
#1688=CARTESIAN_POINT('',(-21.9340110487482,3.05998862918978,12.3055569487996));
#1689=CARTESIAN_POINT('',(-21.8760832340239,3.11493453069266,12.4082121636045));
#1690=CARTESIAN_POINT('',(-21.8217930445237,3.16956123558973,12.5034207323819));
#1691=CARTESIAN_POINT('',(-21.7711873110611,3.22378310412564,12.591312017488));
#1692=CARTESIAN_POINT('',(-21.7235994246877,3.27837440605545,12.6732181868127));
#1693=CARTESIAN_POINT('',(-21.6800095167181,3.33217174365474,12.7476252748315));
#1694=CARTESIAN_POINT('',(-21.6397062219548,3.38597425826001,12.8159085200426));
#1695=CARTESIAN_POINT('',(-21.6028527703249,3.43954969516485,12.8779209648014));
#1696=CARTESIAN_POINT('',(-21.5688759849177,3.49386590580627,12.9347363770829));
#1697=CARTESIAN_POINT('',(-21.5379439535347,3.54880672180769,12.9861676207577));
#1698=CARTESIAN_POINT('',(-21.5187745207526,3.58734518128233,13.0178787713379));
#1699=CARTESIAN_POINT('',(-21.5097085592434,3.6068997143378,13.0328407377829));
#1700=CARTESIAN_POINT('',(-21.0076045381218,4.,13.8276191576816));
#1701=CARTESIAN_POINT('',(-21.0076045381218,4.,13.8276191576816));
#1702=CARTESIAN_POINT('',(-21.0259681653789,4.00000112500437,13.7997222983214));
#1703=CARTESIAN_POINT('',(-21.0692419873176,3.99724124444522,13.7336888744179));
#1704=CARTESIAN_POINT('',(-21.143608221849,3.98098130974616,13.6190425589747));
#1705=CARTESIAN_POINT('',(-21.2296770097128,3.94341413884194,13.4845447999718));
#1706=CARTESIAN_POINT('',(-21.3130785784001,3.88366873903647,13.3522466274809));
#1707=CARTESIAN_POINT('',(-21.3804004898327,3.81475000852412,13.244050603085));
#1708=CARTESIAN_POINT('',(-21.4320154500524,3.74684496631255,13.1603030574252));
#1709=CARTESIAN_POINT('',(-21.4734887035013,3.68011127981887,13.092502873043));
#1710=CARTESIAN_POINT('',(-21.4982246081202,3.63171937476742,13.0517948884285));
#1711=CARTESIAN_POINT('',(-21.5097085592434,3.6068997143378,13.0328407377829));
#1712=CARTESIAN_POINT('',(-13.82761915597,4.,21.0076045429754));
#1713=AXIS2_PLACEMENT_3D('',#1714,#1715,#1716);
#1714=CARTESIAN_POINT('',(0.,4.,2.44929359829471E-16));
#1715=DIRECTION('',(0.,1.,6.12323399573677E-17));
#1716=DIRECTION('',(-0.835292426963095,-3.36659036606031E-17,0.549805930722925));
#1717=CARTESIAN_POINT('',(-13.82761915597,4.,21.0076045429754));
#1718=CARTESIAN_POINT('',(-13.799722295773,4.00000112490847,21.0259681686873));
#1719=CARTESIAN_POINT('',(-13.7336888708286,3.99724124414324,21.0692419886194));
#1720=CARTESIAN_POINT('',(-13.6190425562465,3.9809813091239,21.1436082240163));
#1721=CARTESIAN_POINT('',(-13.4845447971337,3.94341413783724,21.2296770113907));
#1722=CARTESIAN_POINT('',(-13.3522466248115,3.88366873759572,21.3130785800991));
#1723=CARTESIAN_POINT('',(-13.2440506008133,3.81475000687935,21.3804004912341));
#1724=CARTESIAN_POINT('',(-13.1603030558162,3.74684496483637,21.4320154510402));
#1725=CARTESIAN_POINT('',(-13.0925028722651,3.6801112789266,21.4734887039742));
#1726=CARTESIAN_POINT('',(-13.0517948881723,3.63171937443211,21.4982246082753));
#1727=CARTESIAN_POINT('',(-13.0328407377829,3.6068997143378,21.5097085592434));
#1728=CARTESIAN_POINT('',(13.82761915597,4.,21.0076045429754));
#1729=CARTESIAN_POINT('',(13.82761915597,4.,21.0076045429754));
#1730=CARTESIAN_POINT('',(13.799722295773,4.00000112490847,21.0259681686873));
#1731=CARTESIAN_POINT('',(13.7336888708286,3.99724124414324,21.0692419886194));
#1732=CARTESIAN_POINT('',(13.6190425562465,3.9809813091239,21.1436082240163));
#1733=CARTESIAN_POINT('',(13.4845447971337,3.94341413783723,21.2296770113907));
#1734=CARTESIAN_POINT('',(13.3522466248115,3.88366873759571,21.3130785800991));
#1735=CARTESIAN_POINT('',(13.2440506008133,3.81475000687934,21.3804004912341));
#1736=CARTESIAN_POINT('',(13.1603030558162,3.74684496483637,21.4320154510402));
#1737=CARTESIAN_POINT('',(13.0925028722651,3.6801112789266,21.4734887039742));
#1738=CARTESIAN_POINT('',(13.0517948881723,3.63171937443211,21.4982246082753));
#1739=CARTESIAN_POINT('',(13.0328407377829,3.6068997143378,21.5097085592434));
#1740=CARTESIAN_POINT('',(21.0076045381218,4.,13.8276191576816));
#1741=AXIS2_PLACEMENT_3D('',#1742,#1743,#1744);
#1742=CARTESIAN_POINT('',(0.,4.,2.44929359829471E-16));
#1743=DIRECTION('',(0.,1.,6.12323399573677E-17));
#1744=DIRECTION('',(0.549805930586817,-5.11469098571047E-17,0.835292427052685));
#1745=CARTESIAN_POINT('',(21.0076045381218,4.,13.8276191576816));
#1746=CARTESIAN_POINT('',(21.0259681653789,4.00000112500437,13.7997222983215));
#1747=CARTESIAN_POINT('',(21.0692419873175,3.99724124444521,13.7336888744179));
#1748=CARTESIAN_POINT('',(21.143608221849,3.98098130974616,13.6190425589747));
#1749=CARTESIAN_POINT('',(21.2296770097128,3.94341413884195,13.4845447999718));
#1750=CARTESIAN_POINT('',(21.3130785784001,3.88366873903647,13.3522466274809));
#1751=CARTESIAN_POINT('',(21.3804004898327,3.81475000852413,13.244050603085));
#1752=CARTESIAN_POINT('',(21.4320154500524,3.74684496631256,13.1603030574252));
#1753=CARTESIAN_POINT('',(21.4734887035013,3.68011127981888,13.092502873043));
#1754=CARTESIAN_POINT('',(21.4982246081202,3.63171937476743,13.0517948884285));
#1755=CARTESIAN_POINT('',(21.5097085592434,3.6068997143378,13.0328407377829));
#1756=CARTESIAN_POINT('',(4.61998004978339E-15,1.,-25.15));
#1757=AXIS2_PLACEMENT_3D('',#1758,#1759,#1760);
#1758=CARTESIAN_POINT('',(0.,1.,6.12323399573677E-17));
#1759=DIRECTION('',(0.,1.,6.12323399573677E-17));
#1760=DIRECTION('',(6.12323399573677E-17,6.12323399573677E-17,-1.));
#1761=CARTESIAN_POINT('',(-13.8276191559779,4.,22.6063475300695));
#1762=CARTESIAN_POINT('',(-13.8276191576816,4.,22.6063475328548));
#1763=VECTOR('',#1764,1.);
#1764=DIRECTION('',(0.,0.,-1.));
#1765=CARTESIAN_POINT('',(-22.6063475252,4.,13.8276191576816));
#1766=CARTESIAN_POINT('',(-22.6063475252,4.,13.8276191576816));
#1767=VECTOR('',#1768,1.);
#1768=DIRECTION('',(1.,0.,-2.22219187669016E-15));
#1769=AXIS2_PLACEMENT_3D('',#1770,#1771,#1772);
#1770=CARTESIAN_POINT('',(0.,4.,2.44929359829471E-16));
#1771=DIRECTION('',(0.,1.,6.12323399573677E-17));
#1772=DIRECTION('',(-0.853069717932076,-3.19508481911007E-17,0.521796949346475));
#1773=CARTESIAN_POINT('',(22.6063475252,4.,13.8276191576816));
#1774=CARTESIAN_POINT('',(23.0736876591345,3.60689971600543,13.0328407391526));
#1775=CARTESIAN_POINT('',(22.6063475252,4.,13.8276191576816));
#1776=CARTESIAN_POINT('',(22.6246036561826,4.0000016753612,13.7977744926906));
#1777=CARTESIAN_POINT('',(22.6610018320891,3.99732767695643,13.7379997066978));
#1778=CARTESIAN_POINT('',(22.7149474353368,3.98523248634816,13.6486175976567));
#1779=CARTESIAN_POINT('',(22.7735146742255,3.96284133723754,13.5507105916115));
#1780=CARTESIAN_POINT('',(22.8360656200157,3.92663231557363,13.4450686431436));
#1781=CARTESIAN_POINT('',(22.9013621605137,3.87242742664341,13.3335276329881));
#1782=CARTESIAN_POINT('',(22.9575589653038,3.8091521143149,13.236466342325));
#1783=CARTESIAN_POINT('',(23.0041528366263,3.74221067952196,13.1552683334267));
#1784=CARTESIAN_POINT('',(23.0413627826349,3.67719977803094,13.0899670944651));
#1785=CARTESIAN_POINT('',(23.0634658278237,3.63059953255961,13.0509383254647));
#1786=CARTESIAN_POINT('',(23.0736876603231,3.6068997143378,13.0328407377828));
#1787=CARTESIAN_POINT('',(13.8276191559779,4.,22.6063475300694));
#1788=AXIS2_PLACEMENT_3D('',#1789,#1790,#1791);
#1789=CARTESIAN_POINT('',(0.,4.,2.44929359829471E-16));
#1790=DIRECTION('',(0.,1.,6.12323399573677E-17));
#1791=DIRECTION('',(0.521796949217899,-5.22354549805683E-17,0.853069718010723));
#1792=CARTESIAN_POINT('',(13.8276191559779,4.,22.6063475300694));
#1793=CARTESIAN_POINT('',(13.7977744899462,4.00000167525984,22.6246036593279));
#1794=CARTESIAN_POINT('',(13.7379997029663,3.99732767665034,22.6610018336705));
#1795=CARTESIAN_POINT('',(13.6486175943152,3.98523248572849,22.7149474375251));
#1796=CARTESIAN_POINT('',(13.5507105881486,3.96284133625136,22.7735146762195));
#1797=CARTESIAN_POINT('',(13.4450686399652,3.92663231424831,22.8360656219093));
#1798=CARTESIAN_POINT('',(13.3335276305068,3.87242742519627,22.9013621619382));
#1799=CARTESIAN_POINT('',(13.2364663399879,3.80915211269413,22.957558966698));
#1800=CARTESIAN_POINT('',(13.1552683324811,3.74221067825453,23.0041528370417));
#1801=CARTESIAN_POINT('',(13.0899670958152,3.67719978047082,23.0413627822952));
#1802=CARTESIAN_POINT('',(13.0509383308211,3.6305995363941,23.0634658239053));
#1803=CARTESIAN_POINT('',(13.0328407462712,3.60689971856966,23.0736876532819));
#1804=CARTESIAN_POINT('',(-13.8276191559779,4.,22.6063475300695));
#1805=CARTESIAN_POINT('',(-13.7977744899441,4.0000016752598,22.6246036593293));
#1806=CARTESIAN_POINT('',(-13.7379997029612,3.99732767665007,22.6610018336737));
#1807=CARTESIAN_POINT('',(-13.6486175943096,3.98523248572693,22.7149474375282));
#1808=CARTESIAN_POINT('',(-13.5507105881671,3.96284133625728,22.7735146762095));
#1809=CARTESIAN_POINT('',(-13.4450686398292,3.92663231419707,22.8360656219847));
#1810=CARTESIAN_POINT('',(-13.333527629909,3.87242742491896,22.9013621623072));
#1811=CARTESIAN_POINT('',(-13.2364663387498,3.80915211173555,22.9575589673467));
#1812=CARTESIAN_POINT('',(-13.1552683295116,3.74221067600828,23.0041528389171));
#1813=CARTESIAN_POINT('',(-13.0899670919,3.67719977511564,23.0413627839081));
#1814=CARTESIAN_POINT('',(-13.0509383248049,3.6305995316267,23.063465828567));
#1815=CARTESIAN_POINT('',(-13.0328407387754,3.60689971552808,23.0736876607039));
#1816=CARTESIAN_POINT('',(-23.0736876615678,3.6068997143378,13.0328407377829));
#1817=CARTESIAN_POINT('',(-22.6063475252,4.,13.8276191576816));
#1818=CARTESIAN_POINT('',(-22.6246036561836,4.00000167536121,13.7977744926891));
#1819=CARTESIAN_POINT('',(-22.6610018320918,3.99732767695606,13.7379997066932));
#1820=CARTESIAN_POINT('',(-22.7149474353409,3.98523248634695,13.6486175976497));
#1821=CARTESIAN_POINT('',(-22.7735146742141,3.96284133724121,13.5507105916311));
#1822=CARTESIAN_POINT('',(-22.8360656200625,3.92663231555302,13.4450686430616));
#1823=CARTESIAN_POINT('',(-22.9013621608245,3.87242742636836,13.333527632469));
#1824=CARTESIAN_POINT('',(-22.95755896572,3.80915211378707,13.236466341559));
#1825=CARTESIAN_POINT('',(-23.0041528375421,3.74221067825212,13.1552683319479));
#1826=CARTESIAN_POINT('',(-23.0413627845745,3.67719977406679,13.0899670906345));
#1827=CARTESIAN_POINT('',(-23.0634658315687,3.63059952559791,13.0509383197175));
#1828=CARTESIAN_POINT('',(-23.0736876655612,3.60689970507924,13.0328407307129));
#1829=CARTESIAN_POINT('',(-23.0736876591345,3.60689971600544,-13.0328407391526));
#1830=CARTESIAN_POINT('',(-23.0736876603231,3.60689971433779,-13.0328407377828));
#1831=CARTESIAN_POINT('',(-23.077985091682,3.59693905523449,-13.0252325033285));
#1832=CARTESIAN_POINT('',(-23.0868085864776,3.57723435418214,-13.0095933424001));
#1833=CARTESIAN_POINT('',(-23.100574270517,3.54852245023691,-12.9851354803878));
#1834=CARTESIAN_POINT('',(-23.1149893990044,3.52027159805273,-12.9594586016777));
#1835=CARTESIAN_POINT('',(-23.130009642568,3.49248835664802,-12.9326324952981));
#1836=CARTESIAN_POINT('',(-23.1456987432674,3.46498574306864,-12.9045336494036));
#1837=CARTESIAN_POINT('',(-23.1620173696287,3.43778491038418,-12.8752221040328));
#1838=CARTESIAN_POINT('',(-23.1790408565594,3.41072699067705,-12.8445510431667));
#1839=CARTESIAN_POINT('',(-23.196633354266,3.38399450071681,-12.8127537054256));
#1840=CARTESIAN_POINT('',(-23.2149350618148,3.35733923420223,-12.7795651637355));
#1841=CARTESIAN_POINT('',(-23.2339958385368,3.33068079856569,-12.744880858776));
#1842=CARTESIAN_POINT('',(-23.2541543690203,3.30357146354393,-12.7080653238747));
#1843=CARTESIAN_POINT('',(-23.2752971413463,3.27620731215116,-12.6693027131526));
#1844=CARTESIAN_POINT('',(-23.2976760267667,3.24830069789831,-12.6281059246907));
#1845=CARTESIAN_POINT('',(-23.32117910843,3.22003764676565,-12.5846522414522));
#1846=CARTESIAN_POINT('',(-23.3460528247931,3.19117400010403,-12.5384521646382));
#1847=CARTESIAN_POINT('',(-23.3719339767582,3.16216943219202,-12.49014614605));
#1848=CARTESIAN_POINT('',(-23.4005373792658,3.13117423906072,-12.4364866237714));
#1849=CARTESIAN_POINT('',(-23.4333578158366,3.09684784250314,-12.3745590913654));
#1850=CARTESIAN_POINT('',(-23.4783593347486,3.05159950269904,-12.289049607413));
#1851=CARTESIAN_POINT('',(-23.5347182337509,2.99777587077912,-12.1808753596029));
#1852=CARTESIAN_POINT('',(-23.6016371710977,2.93743888977541,-12.0507396120992));
#1853=CARTESIAN_POINT('',(-23.6653831676641,2.8829746881455,-11.9250175618943));
#1854=CARTESIAN_POINT('',(-23.7241952872527,2.83485620245071,-11.8075095813329));
#1855=CARTESIAN_POINT('',(-23.7770879011044,2.79304069728647,-11.7006317953643));
#1856=CARTESIAN_POINT('',(-23.8301511880269,2.75239331562555,-11.5921902599743));
#1857=CARTESIAN_POINT('',(-23.8930621592619,2.70563197549074,-11.4621073530521));
#1858=CARTESIAN_POINT('',(-23.9669374840682,2.65266201588354,-11.3070173859756));
#1859=CARTESIAN_POINT('',(-24.0522215561804,2.59391224994962,-11.1245217294463));
#1860=CARTESIAN_POINT('',(-24.1428640763985,2.53381524686058,-10.9265337255326));
#1861=CARTESIAN_POINT('',(-24.2484341758719,2.46640474448364,-10.6906482200845));
#1862=CARTESIAN_POINT('',(-24.3693984270164,2.39235327280332,-10.4124950064043));
#1863=CARTESIAN_POINT('',(-24.4946351618176,2.31897193470841,-10.1142346667528));
#1864=CARTESIAN_POINT('',(-24.6157521997259,2.25056515586823,-9.81563165262267));
#1865=CARTESIAN_POINT('',(-24.7312953559427,2.18734950855753,-9.52094483164012));
#1866=CARTESIAN_POINT('',(-24.8483355361975,2.12521075792169,-9.21129463295852));
#1867=CARTESIAN_POINT('',(-24.9560520811646,2.06959809973587,-8.91499180926383));
#1868=CARTESIAN_POINT('',(-25.0544858916409,2.01992865119172,-8.63412038410392));
#1869=CARTESIAN_POINT('',(-25.1445835473763,1.97532461947956,-8.36821072196726));
#1870=CARTESIAN_POINT('',(-25.2345426538477,1.93159369308399,-8.09301563467711));
#1871=CARTESIAN_POINT('',(-25.3245319499918,1.88860417865617,-7.80697867035456));
#1872=CARTESIAN_POINT('',(-25.4132301944643,1.84692802005063,-7.51331425596562));
#1873=CARTESIAN_POINT('',(-25.511375479138,1.80152681582383,-7.17405575066748));
#1874=CARTESIAN_POINT('',(-25.617523947394,1.75327654502053,-6.78667413521548));
#1875=CARTESIAN_POINT('',(-25.7302539981695,1.70297257225358,-6.3462887364695));
#1876=CARTESIAN_POINT('',(-25.8404778265323,1.65461864696678,-5.88210948543679));
#1877=CARTESIAN_POINT('',(-25.94685203698,1.60869357721678,-5.39432927843674));
#1878=CARTESIAN_POINT('',(-26.0479971278051,1.56566419834661,-4.88313486263471));
#1879=CARTESIAN_POINT('',(-26.1369040245017,1.52833668659186,-4.38143049142521));
#1880=CARTESIAN_POINT('',(-26.2169374692041,1.49509287392296,-3.87382663217271));
#1881=CARTESIAN_POINT('',(-26.2999019822182,1.46095619945117,-3.2738716088629));
#1882=CARTESIAN_POINT('',(-26.3808832672351,1.42799933690597,-2.55399305849493));
#1883=CARTESIAN_POINT('',(-26.4479189571704,1.40097443854998,-1.72920502141741));
#1884=CARTESIAN_POINT('',(-26.4853242726874,1.38599068723,-0.975379187909278));
#1885=CARTESIAN_POINT('',(-26.4983235406054,1.38079557962449,-0.396984866613169));
#1886=CARTESIAN_POINT('',(-26.5004599651382,1.37994202324945,-0.0179916877566144));
#1887=CARTESIAN_POINT('',(-26.4988629218377,1.38058010380694,0.327789116042734));
#1888=CARTESIAN_POINT('',(-26.4912392955062,1.38362644196595,0.738623871734264));
#1889=CARTESIAN_POINT('',(-26.4708274873266,1.39179580134043,1.28717775040054));
#1890=CARTESIAN_POINT('',(-26.4352800641976,1.40606396947898,1.88951787334582));
#1891=CARTESIAN_POINT('',(-26.3802994341779,1.42825382066682,2.54426666171336));
#1892=CARTESIAN_POINT('',(-26.3154870397034,1.45460907466056,3.13908503029456));
#1893=CARTESIAN_POINT('',(-26.2457510598694,1.48321240890874,3.67248663959546));
#1894=CARTESIAN_POINT('',(-26.1757671168973,1.51215815336456,4.14160145901553));
#1895=CARTESIAN_POINT('',(-26.0988158813122,1.54428863472208,4.6013839013929));
#1896=CARTESIAN_POINT('',(-26.0158838840488,1.57928607648485,5.04890954851719));
#1897=CARTESIAN_POINT('',(-25.9274053067372,1.61706646206115,5.48485276694687));
#1898=CARTESIAN_POINT('',(-25.8345557566572,1.65722637774625,5.90645910898438));
#1899=CARTESIAN_POINT('',(-25.7371493977236,1.69995110136756,6.31719835437301));
#1900=CARTESIAN_POINT('',(-25.6362381888044,1.74489183269388,6.71477232533558));
#1901=CARTESIAN_POINT('',(-25.532186240506,1.79200141981874,7.09989533464623));
#1902=CARTESIAN_POINT('',(-25.4269358163763,1.84049929576726,7.46779088842217));
#1903=CARTESIAN_POINT('',(-25.3204145391678,1.89050694552525,7.8211267595067));
#1904=CARTESIAN_POINT('',(-25.2139559315646,1.94148118225245,8.15760416035102));
#1905=CARTESIAN_POINT('',(-25.1072319201397,1.99366115026284,8.48018420970825));
#1906=CARTESIAN_POINT('',(-25.0014345420836,2.04653414587409,8.78703964386665));
#1907=CARTESIAN_POINT('',(-24.8954182169056,2.10075595327118,9.08294472810254));
#1908=CARTESIAN_POINT('',(-24.789881521469,2.15607483405791,9.36704897899789));
#1909=CARTESIAN_POINT('',(-24.6845880220277,2.2127319735531,9.64098504044362));
#1910=CARTESIAN_POINT('',(-24.581329413328,2.26985229142421,9.90117398638391));
#1911=CARTESIAN_POINT('',(-24.4796536707101,2.32775588527149,10.1498485358844));
#1912=CARTESIAN_POINT('',(-24.3807403259612,2.38583570430291,10.3851019046661));
#1913=CARTESIAN_POINT('',(-24.2840489593712,2.44447119561694,10.6091315099404));
#1914=CARTESIAN_POINT('',(-24.1810032607285,2.50910255055944,10.842136891115));
#1915=CARTESIAN_POINT('',(-24.0709032686857,2.58103788692253,11.0845996552394));
#1916=CARTESIAN_POINT('',(-23.9539799168973,2.66142896513417,11.3349469361149));
#1917=CARTESIAN_POINT('',(-23.8512249945766,2.73614600192732,11.5492496292091));
#1918=CARTESIAN_POINT('',(-23.7626384674062,2.80408784293417,11.7301662093019));
#1919=CARTESIAN_POINT('',(-23.6894650383625,2.86288528684403,11.8771907162906));
#1920=CARTESIAN_POINT('',(-23.6208656112899,2.92075582526049,12.0129790155153));
#1921=CARTESIAN_POINT('',(-23.552147010738,2.9816858330715,12.1471808653375));
#1922=CARTESIAN_POINT('',(-23.4828108380147,3.04685898120631,12.2807049620051));
#1923=CARTESIAN_POINT('',(-23.4133545606013,3.11694252099412,12.4125553613513));
#1924=CARTESIAN_POINT('',(-23.3561619394556,3.17921554794821,12.5197299128038));
#1925=CARTESIAN_POINT('',(-23.3100985117254,3.23297513699202,12.6052126585667));
#1926=CARTESIAN_POINT('',(-23.2749072833522,3.27646701131355,12.6700557434793));
#1927=CARTESIAN_POINT('',(-23.2436795347459,3.3173423792447,12.7272368073999));
#1928=CARTESIAN_POINT('',(-23.2168902518398,3.35441295248493,12.7760283907926));
#1929=CARTESIAN_POINT('',(-23.1929931717855,3.3893208877051,12.8193517336688));
#1930=CARTESIAN_POINT('',(-23.1717309979312,3.4221014058056,12.8577398349692));
#1931=CARTESIAN_POINT('',(-23.1523693270549,3.45364943492332,12.8925660641372));
#1932=CARTESIAN_POINT('',(-23.1353722431508,3.48291137540811,12.9230378813422));
#1933=CARTESIAN_POINT('',(-23.1201980642971,3.51048690805676,12.950162984057));
#1934=CARTESIAN_POINT('',(-23.1068053773537,3.53616044744275,12.9740422114333));
#1935=CARTESIAN_POINT('',(-23.0946824391652,3.56068291449571,12.9956078240427));
#1936=CARTESIAN_POINT('',(-23.0837924749517,3.58391887828475,13.0149404179411));
#1937=CARTESIAN_POINT('',(-23.0769479706132,3.59934180545591,13.0270686190633));
#1938=CARTESIAN_POINT('',(-23.0736876615678,3.6068997143378,13.0328407377829));
#1939=CARTESIAN_POINT('',(-22.6063475252,4.,-13.8276191576816));
#1940=CARTESIAN_POINT('',(-22.6063475252,4.,-13.8276191576816));
#1941=CARTESIAN_POINT('',(-22.6246036561826,4.0000016753612,-13.7977744926907));
#1942=CARTESIAN_POINT('',(-22.661001832089,3.99732767695644,-13.7379997066978));
#1943=CARTESIAN_POINT('',(-22.7149474353368,3.98523248634816,-13.6486175976567));
#1944=CARTESIAN_POINT('',(-22.7735146742255,3.96284133723754,-13.5507105916115));
#1945=CARTESIAN_POINT('',(-22.8360656200157,3.92663231557363,-13.4450686431436));
#1946=CARTESIAN_POINT('',(-22.9013621605137,3.87242742664341,-13.3335276329881));
#1947=CARTESIAN_POINT('',(-22.9575589653038,3.80915211431491,-13.236466342325));
#1948=CARTESIAN_POINT('',(-23.0041528366263,3.74221067952197,-13.1552683334267));
#1949=CARTESIAN_POINT('',(-23.0413627826349,3.67719977803095,-13.0899670944651));
#1950=CARTESIAN_POINT('',(-23.0634658278237,3.63059953255962,-13.0509383254647));
#1951=CARTESIAN_POINT('',(-23.0736876603231,3.6068997143378,-13.0328407377829));
#1952=CARTESIAN_POINT('',(-13.8276191559779,4.,-22.6063475300695));
#1953=AXIS2_PLACEMENT_3D('',#1954,#1955,#1956);
#1954=CARTESIAN_POINT('',(0.,4.,2.44929359829471E-16));
#1955=DIRECTION('',(0.,1.,6.12323399573677E-17));
#1956=DIRECTION('',(-0.521796949217898,5.22354549805683E-17,-0.853069718010723));
#1957=CARTESIAN_POINT('',(-13.8276191559779,4.,-22.6063475300695));
#1958=CARTESIAN_POINT('',(-13.7977744899443,4.00000167525981,-22.6246036593291));
#1959=CARTESIAN_POINT('',(-13.7379997029617,3.99732767665009,-22.6610018336734));
#1960=CARTESIAN_POINT('',(-13.6486175943101,3.98523248572708,-22.714947437528));
#1961=CARTESIAN_POINT('',(-13.5507105881653,3.96284133625672,-22.7735146762103));
#1962=CARTESIAN_POINT('',(-13.4450686399142,3.9266323142265,-22.836065621936));
#1963=CARTESIAN_POINT('',(-13.3335276302383,3.87242742508381,-22.9013621621087));
#1964=CARTESIAN_POINT('',(-13.2364663395853,3.80915211231393,-22.9575589668839));
#1965=CARTESIAN_POINT('',(-13.1552683310956,3.7422106773695,-23.0041528379582));
#1966=CARTESIAN_POINT('',(-13.0899670943724,3.67719977779094,-23.041362782684));
#1967=CARTESIAN_POINT('',(-13.0509383277406,3.63059953510618,-23.0634658265341));
#1968=CARTESIAN_POINT('',(-13.032840741892,3.60689971934072,-23.0736876580021));
#1969=CARTESIAN_POINT('',(13.8276191559779,4.,-22.6063475300695));
#1970=CARTESIAN_POINT('',(13.8276191559779,4.,-22.6063475300695));
#1971=CARTESIAN_POINT('',(13.7977744899443,4.00000167525981,-22.6246036593291));
#1972=CARTESIAN_POINT('',(13.7379997029617,3.9973276766501,-22.6610018336734));
#1973=CARTESIAN_POINT('',(13.6486175943101,3.98523248572708,-22.714947437528));
#1974=CARTESIAN_POINT('',(13.5507105881653,3.96284133625671,-22.7735146762103));
#1975=CARTESIAN_POINT('',(13.4450686399142,3.9266323142265,-22.836065621936));
#1976=CARTESIAN_POINT('',(13.3335276302383,3.87242742508381,-22.9013621621087));
#1977=CARTESIAN_POINT('',(13.2364663395853,3.80915211231392,-22.9575589668839));
#1978=CARTESIAN_POINT('',(13.1552683310956,3.74221067736949,-23.0041528379582));
#1979=CARTESIAN_POINT('',(13.0899670943724,3.67719977779094,-23.041362782684));
#1980=CARTESIAN_POINT('',(13.0509383277406,3.63059953510618,-23.0634658265341));
#1981=CARTESIAN_POINT('',(13.032840741892,3.60689971934071,-23.0736876580021));
#1982=CARTESIAN_POINT('',(22.6063475252,4.,-13.8276191576816));
#1983=AXIS2_PLACEMENT_3D('',#1984,#1985,#1986);
#1984=CARTESIAN_POINT('',(0.,4.,2.44929359829471E-16));
#1985=DIRECTION('',(0.,1.,6.12323399573677E-17));
#1986=DIRECTION('',(0.853069717932076,3.19508481911007E-17,-0.521796949346475));
#1987=CARTESIAN_POINT('',(23.0736876615678,3.60689971433781,-13.0328407377829));
#1988=CARTESIAN_POINT('',(22.6063475252,4.,-13.8276191576816));
#1989=CARTESIAN_POINT('',(22.6246036561844,4.00000167536123,-13.7977744926877));
#1990=CARTESIAN_POINT('',(22.6610018320944,3.99732767695571,-13.737999706689));
#1991=CARTESIAN_POINT('',(22.7149474353449,3.98523248634586,-13.6486175976432));
#1992=CARTESIAN_POINT('',(22.7735146742033,3.96284133724441,-13.5507105916492));
#1993=CARTESIAN_POINT('',(22.8360656200448,3.92663231557115,-13.445068643092));
#1994=CARTESIAN_POINT('',(22.9013621608764,3.87242742630937,-13.3335276323794));
#1995=CARTESIAN_POINT('',(22.9575589655215,3.80915211402184,-13.2364663419025));
#1996=CARTESIAN_POINT('',(23.0041528371964,3.74221067878856,-13.1552683325522));
#1997=CARTESIAN_POINT('',(23.0413627848927,3.6771997735849,-13.0899670900779));
#1998=CARTESIAN_POINT('',(23.063465832681,3.63059952325324,-13.0509383177541));
#1999=CARTESIAN_POINT('',(23.0736876673398,3.6068997009555,-13.032840727564));
#2000=CARTESIAN_POINT('',(23.0736876603231,3.6068997143378,13.0328407377828));
#2001=CARTESIAN_POINT('',(23.0779850916817,3.59693905523511,13.025232503329));
#2002=CARTESIAN_POINT('',(23.0868085864768,3.57723435418392,13.0095933424015));
#2003=CARTESIAN_POINT('',(23.1005742705153,3.54852245024034,12.9851354803908));
#2004=CARTESIAN_POINT('',(23.1149893990018,3.52027159805775,12.9594586016824));
#2005=CARTESIAN_POINT('',(23.1300096425644,3.49248835665454,12.9326324953046));
#2006=CARTESIAN_POINT('',(23.1456987432628,3.46498574307663,12.9045336494119));
#2007=CARTESIAN_POINT('',(23.1620173696229,3.4377849103936,12.8752221040432));
#2008=CARTESIAN_POINT('',(23.1790408565524,3.41072699068784,12.8445510431793));
#2009=CARTESIAN_POINT('',(23.1966333542579,3.38399450072893,12.8127537054403));
#2010=CARTESIAN_POINT('',(23.2149350618054,3.35733923421566,12.7795651637526));
#2011=CARTESIAN_POINT('',(23.2339958385261,3.3306807985804,12.7448808587955));
#2012=CARTESIAN_POINT('',(23.2541543690082,3.30357146355996,12.7080653238969));
#2013=CARTESIAN_POINT('',(23.2752971413327,3.27620731216852,12.6693027131777));
#2014=CARTESIAN_POINT('',(23.2976760267514,3.24830069791705,12.628105924719));
#2015=CARTESIAN_POINT('',(23.321179108413,3.2200376467858,12.5846522414838));
#2016=CARTESIAN_POINT('',(23.3460528247742,3.19117400012565,12.5384521646735));
#2017=CARTESIAN_POINT('',(23.3719339767372,3.16216943221516,12.4901461460893));
#2018=CARTESIAN_POINT('',(23.4005373792426,3.13117423908549,12.4364866238152));
#2019=CARTESIAN_POINT('',(23.4333578158107,3.09684784252971,12.3745590914144));
#2020=CARTESIAN_POINT('',(23.4783593347192,3.05159950272784,12.2890496074691));
#2021=CARTESIAN_POINT('',(23.5347182337174,2.99777587081024,12.1808753596676));
#2022=CARTESIAN_POINT('',(23.6016371710597,2.93743888980882,12.0507396121737));
#2023=CARTESIAN_POINT('',(23.6653831676218,2.88297468818093,11.9250175619782));
#2024=CARTESIAN_POINT('',(23.7241952872065,2.83485620248791,11.8075095814258));
#2025=CARTESIAN_POINT('',(23.7770879010543,2.79304069732553,11.7006317954662));
#2026=CARTESIAN_POINT('',(23.8301511879721,2.75239331566691,11.5921902600868));
#2027=CARTESIAN_POINT('',(23.8930621591996,2.70563197553626,11.4621073531819));
#2028=CARTESIAN_POINT('',(23.9669374839946,2.65266201593538,11.3070173861315));
#2029=CARTESIAN_POINT('',(24.0522215560914,2.59391225000984,11.1245217296384));
#2030=CARTESIAN_POINT('',(24.1428640762927,2.53381524692948,10.926533725766));
#2031=CARTESIAN_POINT('',(24.2484341757505,2.46640474455953,10.6906482203594));
#2032=CARTESIAN_POINT('',(24.369398426887,2.39235327288078,10.4124950067069));
#2033=CARTESIAN_POINT('',(24.4946351616903,2.31897193478162,10.1142346670613));
#2034=CARTESIAN_POINT('',(24.6157521996218,2.25056515592582,9.81563165288451));
#2035=CARTESIAN_POINT('',(24.7312953558765,2.18734950859298,9.52094483181363));
#2036=CARTESIAN_POINT('',(24.8483355361711,2.12521075793532,9.2112946330312));
#2037=CARTESIAN_POINT('',(24.9560520811635,2.06959809973634,8.91499180926767));
#2038=CARTESIAN_POINT('',(25.0544858916461,2.01992865118911,8.63412038408823));
#2039=CARTESIAN_POINT('',(25.1445835473444,1.97532461949536,8.36821072206117));
#2040=CARTESIAN_POINT('',(25.2345426537374,1.93159369313741,8.0930156350167));
#2041=CARTESIAN_POINT('',(25.3245319497451,1.88860417877344,7.80697867114731));
#2042=CARTESIAN_POINT('',(25.4132301940399,1.84692802024896,7.51331425739073));
#2043=CARTESIAN_POINT('',(25.5113754785294,1.80152681610324,7.17405575281785));
#2044=CARTESIAN_POINT('',(25.6175239466984,1.75327654533388,6.78667413783317));
#2045=CARTESIAN_POINT('',(25.7302539975342,1.70297257253429,6.34628873905377));
#2046=CARTESIAN_POINT('',(25.8404778263243,1.65461864705588,5.88210948641721));
#2047=CARTESIAN_POINT('',(25.946852037583,1.60869357695617,5.39432927570357));
#2048=CARTESIAN_POINT('',(26.0479971295595,1.56566419760289,4.88313485354427));
#2049=CARTESIAN_POINT('',(26.1369040273741,1.52833668539052,4.38143047462148));
#2050=CARTESIAN_POINT('',(26.2169374731067,1.49509287230836,3.87382660619068));
#2051=CARTESIAN_POINT('',(26.2999019868676,1.46095619754819,3.27387157229255));
#2052=CARTESIAN_POINT('',(26.3808832713113,1.42799933525627,2.55399301670479));
#2053=CARTESIAN_POINT('',(26.4479189585886,1.40097443798272,1.72920499514798));
#2054=CARTESIAN_POINT('',(26.4853242717078,1.3859906876224,0.975379200798342));
#2055=CARTESIAN_POINT('',(26.4983235401911,1.38079557978993,0.396984892958565));
#2056=CARTESIAN_POINT('',(26.5004599652688,1.37994202319727,0.0179917076249002));
#2057=CARTESIAN_POINT('',(26.4988629217425,1.38058010384499,-0.327789129089237));
#2058=CARTESIAN_POINT('',(26.4912392949134,1.38362644220289,-0.738623895225026));
#2059=CARTESIAN_POINT('',(26.470827486031,1.39179580185957,-1.28717777624769));
#2060=CARTESIAN_POINT('',(26.435280062737,1.40606397006719,-1.88951789238884));
#2061=CARTESIAN_POINT('',(26.3802994333085,1.42825382101985,-2.54426666983789));
#2062=CARTESIAN_POINT('',(26.3154870396913,1.45460907466656,-3.1390850299595));
#2063=CARTESIAN_POINT('',(26.245751060653,1.48321240858657,-3.67248663386889));
#2064=CARTESIAN_POINT('',(26.1757671181027,1.51215815286405,-4.14160145135663));
#2065=CARTESIAN_POINT('',(26.0988158827547,1.5442886341167,-4.60138389322141));
#2066=CARTESIAN_POINT('',(26.0158838855104,1.57928607586432,-5.04890954101667));
#2067=CARTESIAN_POINT('',(25.9274053080744,1.6170664614861,-5.48485276066783));
#2068=CARTESIAN_POINT('',(25.8345557577457,1.65722637727158,-5.90645910426364));
#2069=CARTESIAN_POINT('',(25.7371493985126,1.69995110101813,-6.31719835119292));
#2070=CARTESIAN_POINT('',(25.6362381892924,1.74489183247413,-6.71477232349712));
#2071=CARTESIAN_POINT('',(25.5321862407463,1.79200141970845,-7.09989533379624));
#2072=CARTESIAN_POINT('',(25.4269358164571,1.84049929572937,-7.46779088815452));
#2073=CARTESIAN_POINT('',(25.3204145391532,1.89050694553199,-7.82112675955647));
#2074=CARTESIAN_POINT('',(25.2139559315172,1.94148118227534,-8.15760416049795));
#2075=CARTESIAN_POINT('',(25.107231920094,1.99366115028555,-8.48018420984263));
#2076=CARTESIAN_POINT('',(25.0014345420669,2.04653414588268,-8.78703964391273));
#2077=CARTESIAN_POINT('',(24.8954182169252,2.10075595326122,-9.08294472804755));
#2078=CARTESIAN_POINT('',(24.7898815215231,2.15607483402931,-9.36704897885383));
#2079=CARTESIAN_POINT('',(24.6845880221036,2.21273197351178,-9.64098504024905));
#2080=CARTESIAN_POINT('',(24.58132941341,2.26985229137818,-9.90117398618027));
#2081=CARTESIAN_POINT('',(24.4796536707882,2.32775588522633,-10.1498485356965));
#2082=CARTESIAN_POINT('',(24.3807403260273,2.3858357042634,-10.3851019045112));
#2083=CARTESIAN_POINT('',(24.2840489594225,2.44447119558524,-10.6091315098235));
#2084=CARTESIAN_POINT('',(24.1810032607638,2.50910255053668,-10.8421368910365));
#2085=CARTESIAN_POINT('',(24.0709032687066,2.5810378869084,-11.0845996551944));
#2086=CARTESIAN_POINT('',(23.9539799169045,2.66142896512889,-11.3349469360997));
#2087=CARTESIAN_POINT('',(23.8512249945756,2.73614600192799,-11.5492496292112));
#2088=CARTESIAN_POINT('',(23.7626384674017,2.80408784293766,-11.730166209311));
#2089=CARTESIAN_POINT('',(23.689465038358,2.86288528684771,-11.8771907162995));
#2090=CARTESIAN_POINT('',(23.6208656112864,2.92075582526357,-12.0129790155222));
#2091=CARTESIAN_POINT('',(23.552147010736,2.98168583307335,-12.1471808653414));
#2092=CARTESIAN_POINT('',(23.4828108380142,3.04685898120679,-12.280704962006));
#2093=CARTESIAN_POINT('',(23.4133545606022,3.11694252099314,-12.4125553613495));
#2094=CARTESIAN_POINT('',(23.3561619394573,3.17921554794629,-12.5197299128006));
#2095=CARTESIAN_POINT('',(23.3100985117274,3.23297513698969,-12.6052126585631));
#2096=CARTESIAN_POINT('',(23.274907283354,3.27646701131125,-12.670055743476));
#2097=CARTESIAN_POINT('',(23.2436795347475,3.31734237924254,-12.7272368073969));
#2098=CARTESIAN_POINT('',(23.2168902518412,3.35441295248301,-12.7760283907901));
#2099=CARTESIAN_POINT('',(23.1929931717866,3.38932088770346,-12.8193517336668));
#2100=CARTESIAN_POINT('',(23.171730997932,3.42210140580423,-12.8577398349677));
#2101=CARTESIAN_POINT('',(23.1523693270556,3.4536494349222,-12.892566064136));
#2102=CARTESIAN_POINT('',(23.1353722431513,3.48291137540722,-12.9230378813413));
#2103=CARTESIAN_POINT('',(23.1201980642974,3.51048690805608,-12.9501629840564));
#2104=CARTESIAN_POINT('',(23.1068053773539,3.53616044744225,-12.9740422114329));
#2105=CARTESIAN_POINT('',(23.0946824391653,3.56068291449538,-12.9956078240424));
#2106=CARTESIAN_POINT('',(23.0837924749518,3.58391887828458,-13.014940417941));
#2107=CARTESIAN_POINT('',(23.0769479706132,3.59934180545585,-13.0270686190633));
#2108=CARTESIAN_POINT('',(23.0736876615678,3.6068997143378,-13.0328407377828));
#2109=CARTESIAN_POINT('',(4.86797102661073E-15,1.62265700887024E-15,-26.5));
#2110=AXIS2_PLACEMENT_3D('',#2111,#2112,#2113);
#2111=CARTESIAN_POINT('',(0.,0.,0.));
#2112=DIRECTION('',(0.,1.,6.12323399573677E-17));
#2113=DIRECTION('',(6.12323399573677E-17,6.12323399573677E-17,-1.));
#2114=CARTESIAN_POINT('',(13.8276191576816,4.,22.6063475328548));
#2115=VECTOR('',#2116,1.);
#2116=DIRECTION('',(0.,0.,-1.));
#2117=CARTESIAN_POINT('',(21.0076045381219,4.,13.8276191576816));
#2118=VECTOR('',#2119,1.);
#2119=DIRECTION('',(1.,2.7777398458627E-16,-1.11109593834508E-15));
#2120=CARTESIAN_POINT('',(13.8276191576816,4.,-21.0076045455758));
#2121=VECTOR('',#2122,1.);
#2122=DIRECTION('',(0.,0.,-1.));
#2123=CARTESIAN_POINT('',(21.0076045381218,4.,-13.8276191576816));
#2124=VECTOR('',#2125,1.);
#2125=DIRECTION('',(1.,-5.55547969172538E-16,0.));
#2126=CARTESIAN_POINT('',(-13.8276191576816,4.,-21.0076045455758));
#2127=VECTOR('',#2128,1.);
#2128=DIRECTION('',(0.,5.55547969102764E-16,-1.));
#2129=CARTESIAN_POINT('',(-22.6063475252,4.,-13.8276191576816));
#2130=VECTOR('',#2131,1.);
#2131=DIRECTION('',(1.,0.,-2.22219187669014E-15));
#2132=CARTESIAN_POINT('',(-23.0736876590783,3.60689971433778,-13.0328407377828));
#2133=VECTOR('',#2134,1.);
#2134=DIRECTION('',(1.,0.,-1.1357932082262E-15));
#2135=CARTESIAN_POINT('',(-23.0736876615678,3.60689971433779,13.0328407377829));
#2136=VECTOR('',#2137,1.);
#2137=DIRECTION('',(1.,0.,-1.13579320641827E-15));
#2138=CARTESIAN_POINT('',(21.5097085592434,3.60689971433779,13.0328407377828));
#2139=VECTOR('',#2140,1.);
#2140=DIRECTION('',(1.,0.,0.));
#2141=CARTESIAN_POINT('',(21.5097085592434,3.60689971433778,-13.0328407377828));
#2142=VECTOR('',#2143,1.);
#2143=DIRECTION('',(1.,0.,0.));
ENDSEC;
END-ISO-10303-21;
