ISO-10303-21;
HEADER;
FILE_DESCRIPTION(('STEP AP242'),
    '1');
FILE_NAME('Ронити МД - ободок матрицы',
    '',
    ('UNSPECIFIED'),
    ('UNSPECIFIED'),
    'C3D Converter',
    'C3D Toolkit',
    '');
FILE_SCHEMA(('AP242_MANAGED_MODEL_BASED_3D_ENGINEERING_MIM_LF { 1 0 10303 442 1 1 4 }'));
ENDSEC;

DATA;
#1=PRODUCT_DEFINITION('','UNSPECIFIED',#28,#31);
#2=SHAPE_DEFINITION_REPRESENTATION(#26,#3);
#3=SHAPE_REPRESENTATION('NONE',(#4),#8);
#4=AXIS2_PLACEMENT_3D('',#5,#6,#7);
#5=CARTESIAN_POINT('',(0.,0.,0.));
#6=DIRECTION('',(0.,0.,1.));
#7=DIRECTION('',(1.,0.,0.));
#8=(GEOMETRIC_REPRESENTATION_CONTEXT(3)GLOBAL_UNCERTAINTY_ASSIGNED_CONTEXT((#10))
GLOBAL_UNIT_ASSIGNED_CONTEXT((#9,#11,#12))REPRESENTATION_CONTEXT('NONE','NONE'));
#9=(LENGTH_UNIT()NAMED_UNIT(*)SI_UNIT(.MILLI.,.METRE.));
#10=UNCERTAINTY_MEASURE_WITH_UNIT(LENGTH_MEASURE(1.E-5),#9,'NONE','NONE');
#11=(NAMED_UNIT(*)PLANE_ANGLE_UNIT()SI_UNIT($,.RADIAN.));
#12=(NAMED_UNIT(*)SI_UNIT($,.STERADIAN.)SOLID_ANGLE_UNIT());
#13=MANIFOLD_SOLID_BREP('',#14);
#14=CLOSED_SHELL('',(#53,#54,#55,#56,#57,#58,#59,#60,#61,#62,#63,#64,#65,#66,#67,
#68,#69,#70,#71,#72,#73,#74,#75,#76,#77,#78,#79,#80,#81,#82,#83,#84,#85,#86,#87,
#88,#89,#90,#91,#92,#93,#94,#95,#96,#97,#98,#99,#100,#101,#102,#103,#104,#105,#106,
#107,#108,#109,#110,#111,#112,#113,#114,#115,#116,#117,#118,#119,#120,#121,#122,
#123,#124,#125));
#15=COLOUR_RGB('',1.,0.8,0.6);
#16=FILL_AREA_STYLE_COLOUR('',#15);
#17=FILL_AREA_STYLE($,(#16));
#18=SURFACE_STYLE_FILL_AREA(#17);
#19=SURFACE_SIDE_STYLE('',(#18));
#20=SURFACE_STYLE_USAGE(.BOTH.,#19);
#21=PRESENTATION_STYLE_ASSIGNMENT((#20));
#22=MECHANICAL_DESIGN_GEOMETRIC_PRESENTATION_REPRESENTATION('NONE',(#23),#8);
#23=STYLED_ITEM('',(#21),#13);
#24=ADVANCED_BREP_SHAPE_REPRESENTATION('NONE',(#13),#8);
#25=SHAPE_REPRESENTATION_RELATIONSHIP('','',#3,#24);
#26=PRODUCT_DEFINITION_SHAPE('NONE','NONE',#1);
#27=MECHANICAL_CONTEXT('NONE',#32,'mechanical');
#28=PRODUCT_DEFINITION_FORMATION_WITH_SPECIFIED_SOURCE('ANY','UNSPECIFIED',#29,.NOT_KNOWN.);
#29=PRODUCT('\X2\0420043E043D043804420438\X0\ \X2\041C0414\X0\','\X2\043E0431043E0434043E043A\X0\ \X2\043C04300442044004380446044B\X0\',
'NONE',(#27));
#30=PRODUCT_RELATED_PRODUCT_CATEGORY('detail','',(#29));
#31=DESIGN_CONTEXT('detailed design',#32,'design');
#32=APPLICATION_CONTEXT('configuration controlled 3d designs of mechanical parts and assemblies');
#33=APPLICATION_PROTOCOL_DEFINITION('international standard','config_control_design',
1994,#32);
#34=CC_DESIGN_DATE_AND_TIME_ASSIGNMENT(#35,#39,(#1));
#35=DATE_AND_TIME(#36,#37);
#36=CALENDAR_DATE(0,1,1);
#37=LOCAL_TIME(0,0,0.,#38);
#38=COORDINATED_UNIVERSAL_TIME_OFFSET(0,0,.AHEAD.);
#39=DATE_TIME_ROLE('creation_date');
#40=CC_DESIGN_APPROVAL(#41,(#1));
#41=APPROVAL(#42,'UNSPECIFIED');
#42=APPROVAL_STATUS('not_yet_approved');
#43=APPROVAL_DATE_TIME(#44,#41);
#44=DATE_AND_TIME(#45,#46);
#45=CALENDAR_DATE(0,1,1);
#46=LOCAL_TIME(0,0,0.,#47);
#47=COORDINATED_UNIVERSAL_TIME_OFFSET(0,0,.AHEAD.);
#48=PERSON('UNSPECIFIED','io','UNSPECIFIED',('UNSPECIFIED'),('UNSPECIFIED'),('UNSPECIFIED'));
#49=ORGANIZATION('UNSPECIFIED','UNSPECIFIED','UNSPECIFIED');
#50=PERSON_AND_ORGANIZATION(#48,#49);
#51=PERSON_AND_ORGANIZATION_ROLE('creator');
#52=CC_DESIGN_PERSON_AND_ORGANIZATION_ASSIGNMENT(#50,#51,(#28,#1));
#53=ADVANCED_FACE('',(#126),#128,.T.);
#54=ADVANCED_FACE('',(#133,#135),#137,.T.);
#55=ADVANCED_FACE('',(#142),#144,.T.);
#56=ADVANCED_FACE('',(#149),#151,.T.);
#57=ADVANCED_FACE('',(#156),#158,.T.);
#58=ADVANCED_FACE('',(#163),#165,.F.);
#59=ADVANCED_FACE('',(#170),#172,.F.);
#60=ADVANCED_FACE('',(#177),#179,.F.);
#61=ADVANCED_FACE('',(#184),#186,.F.);
#62=ADVANCED_FACE('',(#191,#193),#195,.T.);
#63=ADVANCED_FACE('',(#200),#202,.T.);
#64=ADVANCED_FACE('',(#207),#209,.F.);
#65=ADVANCED_FACE('',(#214),#216,.T.);
#66=ADVANCED_FACE('',(#221),#223,.F.);
#67=ADVANCED_FACE('',(#228),#230,.T.);
#68=ADVANCED_FACE('',(#235),#237,.F.);
#69=ADVANCED_FACE('',(#242),#244,.T.);
#70=ADVANCED_FACE('',(#249),#251,.F.);
#71=ADVANCED_FACE('',(#256),#258,.T.);
#72=ADVANCED_FACE('',(#263),#265,.T.);
#73=ADVANCED_FACE('',(#270),#272,.T.);
#74=ADVANCED_FACE('',(#277),#279,.T.);
#75=ADVANCED_FACE('',(#284),#286,.T.);
#76=ADVANCED_FACE('',(#291),#293,.T.);
#77=ADVANCED_FACE('',(#298),#300,.T.);
#78=ADVANCED_FACE('',(#305),#307,.T.);
#79=ADVANCED_FACE('',(#312),#314,.T.);
#80=ADVANCED_FACE('',(#319),#321,.T.);
#81=ADVANCED_FACE('',(#326),#328,.T.);
#82=ADVANCED_FACE('',(#333),#335,.T.);
#83=ADVANCED_FACE('',(#340,#342),#344,.F.);
#84=ADVANCED_FACE('',(#349),#351,.T.);
#85=ADVANCED_FACE('',(#356),#358,.T.);
#86=ADVANCED_FACE('',(#363),#365,.T.);
#87=ADVANCED_FACE('',(#370),#372,.T.);
#88=ADVANCED_FACE('',(#377),#379,.T.);
#89=ADVANCED_FACE('',(#384),#386,.T.);
#90=ADVANCED_FACE('',(#391),#393,.T.);
#91=ADVANCED_FACE('',(#398),#400,.F.);
#92=ADVANCED_FACE('',(#405),#407,.T.);
#93=ADVANCED_FACE('',(#412),#414,.T.);
#94=ADVANCED_FACE('',(#419),#421,.T.);
#95=ADVANCED_FACE('',(#426),#428,.T.);
#96=ADVANCED_FACE('',(#433),#435,.T.);
#97=ADVANCED_FACE('',(#440),#442,.T.);
#98=ADVANCED_FACE('',(#447),#449,.T.);
#99=ADVANCED_FACE('',(#454,#456),#458,.F.);
#100=ADVANCED_FACE('',(#463),#465,.T.);
#101=ADVANCED_FACE('',(#470),#472,.T.);
#102=ADVANCED_FACE('',(#477),#479,.T.);
#103=ADVANCED_FACE('',(#484),#486,.T.);
#104=ADVANCED_FACE('',(#491),#493,.T.);
#105=ADVANCED_FACE('',(#498),#500,.T.);
#106=ADVANCED_FACE('',(#505),#507,.T.);
#107=ADVANCED_FACE('',(#512),#514,.T.);
#108=ADVANCED_FACE('',(#519),#521,.T.);
#109=ADVANCED_FACE('',(#526),#528,.T.);
#110=ADVANCED_FACE('',(#533),#535,.T.);
#111=ADVANCED_FACE('',(#540),#542,.T.);
#112=ADVANCED_FACE('',(#547),#549,.T.);
#113=ADVANCED_FACE('',(#554),#556,.T.);
#114=ADVANCED_FACE('',(#561),#563,.T.);
#115=ADVANCED_FACE('',(#568),#570,.T.);
#116=ADVANCED_FACE('',(#575),#577,.F.);
#117=ADVANCED_FACE('',(#582,#584),#586,.T.);
#118=ADVANCED_FACE('',(#591),#593,.T.);
#119=ADVANCED_FACE('',(#598),#600,.T.);
#120=ADVANCED_FACE('',(#605),#607,.T.);
#121=ADVANCED_FACE('',(#612),#614,.T.);
#122=ADVANCED_FACE('',(#619,#621),#623,.F.);
#123=ADVANCED_FACE('',(#628),#630,.T.);
#124=ADVANCED_FACE('',(#635,#637),#639,.F.);
#125=ADVANCED_FACE('',(#644,#646),#648,.F.);
#126=FACE_BOUND('',#127,.T.);
#127=EDGE_LOOP('',(#653,#654,#655,#656,#657,#658));
#128=PLANE('',#129);
#129=AXIS2_PLACEMENT_3D('',#130,#131,#132);
#130=CARTESIAN_POINT('',(25.9875429343441,3.,-7.39240233182843));
#131=DIRECTION('',(0.951056516295154,-4.23105063051969E-17,-0.309016994374947));
#132=DIRECTION('',(-5.82354159244546E-17,-1.,-4.23105063051969E-17));
#133=FACE_BOUND('',#134,.T.);
#134=EDGE_LOOP('',(#659,#660,#661,#662,#663,#664,#665,#666,#667,#668,#669,#670,#671,
#672,#673,#674,#675,#676,#677,#678));
#135=FACE_BOUND('',#136,.T.);
#136=EDGE_LOOP('',(#679));
#137=PLANE('',#138);
#138=AXIS2_PLACEMENT_3D('',#139,#140,#141);
#139=CARTESIAN_POINT('',(25.0364864180489,3.,-7.08338533745348));
#140=DIRECTION('',(5.82354159244546E-17,1.,4.23105063051969E-17));
#141=DIRECTION('',(0.951056516295154,-4.23105063051969E-17,-0.309016994374948));
#142=FACE_BOUND('',#143,.T.);
#143=EDGE_LOOP('',(#680,#681,#682,#683,#684,#685));
#144=PLANE('',#145);
#145=AXIS2_PLACEMENT_3D('',#146,#147,#148);
#146=CARTESIAN_POINT('',(15.0611848175218,3.,22.4312441004161));
#147=DIRECTION('',(0.587785252292473,-1.10770343588222E-16,0.809016994374947));
#148=DIRECTION('',(-3.59914663902998E-17,-1.,-1.10770343588222E-16));
#149=FACE_BOUND('',#150,.T.);
#150=EDGE_LOOP('',(#686,#687,#688,#689,#690,#691));
#151=PLANE('',#152);
#152=AXIS2_PLACEMENT_3D('',#153,#154,#155);
#153=CARTESIAN_POINT('',(-16.6792188062717,3.,21.2556735958311));
#154=DIRECTION('',(-0.587785252292473,-1.10770343588222E-16,0.809016994374948));
#155=DIRECTION('',(3.59914663902998E-17,-1.,-1.10770343588222E-16));
#156=FACE_BOUND('',#157,.T.);
#157=EDGE_LOOP('',(#692,#693,#694,#695,#696,#697));
#158=PLANE('',#159);
#159=AXIS2_PLACEMENT_3D('',#160,#161,#162);
#160=CARTESIAN_POINT('',(-25.3695089455942,3.,-9.29451536441873));
#161=DIRECTION('',(-0.951056516295153,-4.23105063051969E-17,-0.309016994374947));
#162=DIRECTION('',(5.82354159244546E-17,-1.,-4.23105063051969E-17));
#163=FACE_BOUND('',#164,.T.);
#164=EDGE_LOOP('',(#698,#699,#700,#701,#702,#703));
#165=PLANE('',#166);
#166=AXIS2_PLACEMENT_3D('',#167,#168,#169);
#167=CARTESIAN_POINT('',(1.23259516440783E-32,1.,6.12323399573676E-17));
#168=DIRECTION('',(0.,1.,6.12323399573677E-17));
#169=DIRECTION('',(0.951056516295154,1.89218336521708E-17,-0.309016994374947));
#170=FACE_BOUND('',#171,.T.);
#171=EDGE_LOOP('',(#704,#705,#706,#707,#708,#709));
#172=PLANE('',#173);
#173=AXIS2_PLACEMENT_3D('',#174,#175,#176);
#174=CARTESIAN_POINT('',(6.16297582203915E-33,1.,6.12323399573677E-17));
#175=DIRECTION('',(0.,1.,6.12323399573677E-17));
#176=DIRECTION('',(0.587785252292473,-4.95380036308546E-17,0.809016994374947));
#177=FACE_BOUND('',#178,.T.);
#178=EDGE_LOOP('',(#710,#711,#712,#713,#714,#715));
#179=PLANE('',#180);
#180=AXIS2_PLACEMENT_3D('',#181,#182,#183);
#181=CARTESIAN_POINT('',(-6.16297582203915E-33,1.,6.12323399573677E-17));
#182=DIRECTION('',(0.,1.,6.12323399573677E-17));
#183=DIRECTION('',(-0.587785252292473,-4.95380036308546E-17,0.809016994374948));
#184=FACE_BOUND('',#185,.T.);
#185=EDGE_LOOP('',(#716,#717,#718,#719,#720,#721));
#186=PLANE('',#187);
#187=AXIS2_PLACEMENT_3D('',#188,#189,#190);
#188=CARTESIAN_POINT('',(-1.23259516440783E-32,1.,6.12323399573676E-17));
#189=DIRECTION('',(0.,1.,6.12323399573677E-17));
#190=DIRECTION('',(-0.951056516295153,1.89218336521708E-17,-0.309016994374947));
#191=FACE_BOUND('',#192,.T.);
#192=EDGE_LOOP('',(#722,#723,#724,#725,#726,#727,#728,#729,#730,#731,#732,#733,#734,
#735,#736,#737,#738,#739,#740,#741,#742));
#193=FACE_BOUND('',#194,.T.);
#194=EDGE_LOOP('',(#743,#744,#745,#746,#747));
#195=CYLINDRICAL_SURFACE('',#196,26.);
#196=AXIS2_PLACEMENT_3D('',#197,#198,#199);
#197=CARTESIAN_POINT('',(0.,0.,0.));
#198=DIRECTION('',(0.,1.,6.12323399573676E-17));
#199=DIRECTION('',(6.12323399573677E-17,6.12323399573676E-17,-1.));
#200=FACE_BOUND('',#201,.T.);
#201=EDGE_LOOP('',(#748,#749,#750,#751,#752,#753,#754,#755,#756));
#202=PLANE('',#203);
#203=AXIS2_PLACEMENT_3D('',#204,#205,#206);
#204=CARTESIAN_POINT('',(-0.309016994374947,-5.82354159244546E-17,0.951056516295153));
#205=DIRECTION('',(-0.309016994374947,-5.82354159244546E-17,0.951056516295153));
#206=DIRECTION('',(-0.951056516295153,-4.23105063051969E-17,-0.309016994374947));
#207=FACE_BOUND('',#208,.T.);
#208=EDGE_LOOP('',(#757,#758,#759,#760,#761,#762,#763,#764,#765));
#209=PLANE('',#210);
#210=AXIS2_PLACEMENT_3D('',#211,#212,#213);
#211=CARTESIAN_POINT('',(0.309016994374947,5.82354159244546E-17,-0.951056516295153));
#212=DIRECTION('',(-0.309016994374947,-5.82354159244546E-17,0.951056516295153));
#213=DIRECTION('',(-0.951056516295153,-4.23105063051969E-17,-0.309016994374947));
#214=FACE_BOUND('',#215,.T.);
#215=EDGE_LOOP('',(#766,#767,#768,#769,#770,#771,#772,#773,#774));
#216=PLANE('',#217);
#217=AXIS2_PLACEMENT_3D('',#218,#219,#220);
#218=CARTESIAN_POINT('',(0.809016994374948,-3.59914663902998E-17,0.587785252292473));
#219=DIRECTION('',(0.809016994374948,-3.59914663902998E-17,0.587785252292473));
#220=DIRECTION('',(-0.587785252292473,-1.10770343588222E-16,0.809016994374948));
#221=FACE_BOUND('',#222,.T.);
#222=EDGE_LOOP('',(#775,#776,#777,#778,#779,#780,#781,#782,#783));
#223=PLANE('',#224);
#224=AXIS2_PLACEMENT_3D('',#225,#226,#227);
#225=CARTESIAN_POINT('',(-0.809016994374948,3.59914663902998E-17,-0.587785252292473));
#226=DIRECTION('',(0.809016994374948,-3.59914663902998E-17,0.587785252292473));
#227=DIRECTION('',(-0.587785252292473,-1.10770343588222E-16,0.809016994374948));
#228=FACE_BOUND('',#229,.T.);
#229=EDGE_LOOP('',(#784,#785,#786,#787,#788,#789,#790,#791,#792));
#230=PLANE('',#231);
#231=AXIS2_PLACEMENT_3D('',#232,#233,#234);
#232=CARTESIAN_POINT('',(0.809016994374947,3.59914663902998E-17,-0.587785252292473));
#233=DIRECTION('',(0.809016994374947,3.59914663902998E-17,-0.587785252292473));
#234=DIRECTION('',(0.587785252292473,-1.10770343588222E-16,0.809016994374947));
#235=FACE_BOUND('',#236,.T.);
#236=EDGE_LOOP('',(#793,#794,#795,#796,#797,#798,#799,#800,#801));
#237=PLANE('',#238);
#238=AXIS2_PLACEMENT_3D('',#239,#240,#241);
#239=CARTESIAN_POINT('',(-0.809016994374947,-3.59914663902998E-17,0.587785252292473));
#240=DIRECTION('',(0.809016994374947,3.59914663902998E-17,-0.587785252292473));
#241=DIRECTION('',(0.587785252292473,-1.10770343588222E-16,0.809016994374947));
#242=FACE_BOUND('',#243,.T.);
#243=EDGE_LOOP('',(#802,#803,#804,#805,#806,#807,#808,#809,#810));
#244=PLANE('',#245);
#245=AXIS2_PLACEMENT_3D('',#246,#247,#248);
#246=CARTESIAN_POINT('',(-0.309016994374947,5.82354159244546E-17,-0.951056516295154));
#247=DIRECTION('',(-0.309016994374947,5.82354159244546E-17,-0.951056516295154));
#248=DIRECTION('',(0.951056516295154,-4.23105063051969E-17,-0.309016994374947));
#249=FACE_BOUND('',#250,.T.);
#250=EDGE_LOOP('',(#811,#812,#813,#814,#815,#816,#817,#818,#819));
#251=PLANE('',#252);
#252=AXIS2_PLACEMENT_3D('',#253,#254,#255);
#253=CARTESIAN_POINT('',(0.309016994374947,-5.82354159244546E-17,0.951056516295154));
#254=DIRECTION('',(-0.309016994374947,5.82354159244546E-17,-0.951056516295154));
#255=DIRECTION('',(0.951056516295154,-4.23105063051969E-17,-0.309016994374947));
#256=FACE_BOUND('',#257,.T.);
#257=EDGE_LOOP('',(#820,#821,#822,#823));
#258=PLANE('',#259);
#259=AXIS2_PLACEMENT_3D('',#260,#261,#262);
#260=CARTESIAN_POINT('',(25.3695089455942,1.,-9.29451536441874));
#261=DIRECTION('',(0.775344937881702,-1.84318430192365E-17,-0.631537985636035));
#262=DIRECTION('',(-0.631537985636035,6.9583114148553E-17,-0.775344937881702));
#263=FACE_BOUND('',#264,.T.);
#264=EDGE_LOOP('',(#824,#825,#826,#827));
#265=PLANE('',#266);
#266=AXIS2_PLACEMENT_3D('',#267,#268,#269);
#267=CARTESIAN_POINT('',(25.4356565038802,1.,2.59235712285399));
#268=DIRECTION('',(0.998475945468241,-6.04817214044955E-17,0.0551886430463863));
#269=DIRECTION('',(0.0551886430463863,3.90320892042089E-17,-0.998475945468241));
#270=FACE_BOUND('',#271,.T.);
#271=EDGE_LOOP('',(#828,#829,#830,#831));
#272=PLANE('',#273);
#273=AXIS2_PLACEMENT_3D('',#274,#275,#276);
#274=CARTESIAN_POINT('',(16.6792188062717,0.999999999999999,21.2556735958311));
#275=DIRECTION('',(0.8402230788351,-9.03050698849226E-17,0.542240885393997));
#276=DIRECTION('',(0.542240885393997,7.35557545312135E-17,-0.8402230788351));
#277=FACE_BOUND('',#278,.T.);
#278=EDGE_LOOP('',(#832,#833,#834,#835));
#279=PLANE('',#280);
#280=AXIS2_PLACEMENT_3D('',#281,#282,#283);
#281=CARTESIAN_POINT('',(5.39457198852821,0.999999999999999,24.9918292707113));
#282=DIRECTION('',(0.256058517029527,-1.16293323949812E-16,0.966661282899361));
#283=DIRECTION('',(0.966661282899361,-6.42786716422514E-18,-0.256058517029527));
#284=FACE_BOUND('',#285,.T.);
#285=EDGE_LOOP('',(#836,#837,#838,#839));
#286=PLANE('',#287);
#287=AXIS2_PLACEMENT_3D('',#288,#289,#290);
#288=CARTESIAN_POINT('',(-15.0611848175218,0.999999999999999,22.4312441004161));
#289=DIRECTION('',(-0.256058517029527,-1.16293323949812E-16,0.966661282899362));
#290=DIRECTION('',(0.966661282899362,6.42786716422509E-18,0.256058517029527));
#291=FACE_BOUND('',#292,.T.);
#292=EDGE_LOOP('',(#840,#841,#842,#843));
#293=PLANE('',#294);
#294=AXIS2_PLACEMENT_3D('',#295,#296,#297);
#295=CARTESIAN_POINT('',(-22.1016276602117,1.,12.8534428074801));
#296=DIRECTION('',(-0.8402230788351,-9.03050698849226E-17,0.542240885393997));
#297=DIRECTION('',(0.542240885393997,-7.35557545312135E-17,0.8402230788351));
#298=FACE_BOUND('',#299,.T.);
#299=EDGE_LOOP('',(#844,#845,#846,#847));
#300=PLANE('',#301);
#301=AXIS2_PLACEMENT_3D('',#302,#303,#304);
#302=CARTESIAN_POINT('',(-25.9875429343441,1.,-7.39240233182843));
#303=DIRECTION('',(-0.998475945468241,-6.04817214044955E-17,0.0551886430463859));
#304=DIRECTION('',(0.0551886430463859,-3.90320892042089E-17,0.998475945468241));
#305=FACE_BOUND('',#306,.T.);
#306=EDGE_LOOP('',(#848,#849,#850,#851));
#307=PLANE('',#308);
#308=AXIS2_PLACEMENT_3D('',#309,#310,#311);
#309=CARTESIAN_POINT('',(-19.0541290892338,1.,-17.0479647432357));
#310=DIRECTION('',(-0.775344937881701,-1.84318430192365E-17,-0.631537985636035));
#311=DIRECTION('',(-0.631537985636035,-6.9583114148553E-17,0.775344937881701));
#312=FACE_BOUND('',#313,.T.);
#313=EDGE_LOOP('',(#852,#853,#854,#855));
#314=PLANE('',#315);
#315=AXIS2_PLACEMENT_3D('',#316,#317,#318);
#316=CARTESIAN_POINT('',(25.9875429343441,0.192654764695403,-7.39240233182843));
#317=DIRECTION('',(0.882984509360768,0.371520236900211,-0.286899058559862));
#318=DIRECTION('',(0.353336742239465,-0.928424856180408,-0.114806066956372));
#319=FACE_BOUND('',#320,.T.);
#320=EDGE_LOOP('',(#856,#857,#858,#859));
#321=PLANE('',#322);
#322=AXIS2_PLACEMENT_3D('',#323,#324,#325);
#323=CARTESIAN_POINT('',(10.3255282570371,1.,-23.3896644578097));
#324=DIRECTION('',(0.361033554219033,0.,-0.932552825703709));
#325=DIRECTION('',(-0.932552825703709,0.,-0.361033554219033));
#326=FACE_BOUND('',#327,.T.);
#327=EDGE_LOOP('',(#860,#861,#862,#863,#864,#865));
#328=PLANE('',#329);
#329=AXIS2_PLACEMENT_3D('',#330,#331,#332);
#330=CARTESIAN_POINT('',(0.999999999999998,3.,-27.));
#331=DIRECTION('',(0.,0.,-1.));
#332=DIRECTION('',(0.,-1.,0.));
#333=FACE_BOUND('',#334,.T.);
#334=EDGE_LOOP('',(#866,#867,#868,#869));
#335=PLANE('',#336);
#336=AXIS2_PLACEMENT_3D('',#337,#338,#339);
#337=CARTESIAN_POINT('',(-1.,1.,-27.));
#338=DIRECTION('',(-0.361033554219032,0.,-0.932552825703709));
#339=DIRECTION('',(-0.932552825703709,0.,0.361033554219032));
#340=FACE_OUTER_BOUND('',#341,.T.);
#341=EDGE_LOOP('',(#870));
#342=FACE_OUTER_BOUND('',#343,.T.);
#343=EDGE_LOOP('',(#871));
#344=CYLINDRICAL_SURFACE('',#345,25.15);
#345=AXIS2_PLACEMENT_3D('',#346,#347,#348);
#346=CARTESIAN_POINT('',(0.,0.,0.));
#347=DIRECTION('',(0.,-1.,-6.12323399573676E-17));
#348=DIRECTION('',(6.12323399573677E-17,6.12323399573676E-17,-1.));
#349=FACE_BOUND('',#350,.T.);
#350=EDGE_LOOP('',(#872,#873,#874,#875));
#351=PLANE('',#352);
#352=AXIS2_PLACEMENT_3D('',#353,#354,#355);
#353=CARTESIAN_POINT('',(15.0611848175218,0.192654764695401,22.4312441004161));
#354=DIRECTION('',(0.545714438324604,0.371520236900211,0.751111486650066));
#355=DIRECTION('',(0.21837411617815,-0.928424856180408,0.300566185406477));
#356=FACE_BOUND('',#357,.T.);
#357=EDGE_LOOP('',(#876,#877,#878,#879));
#358=PLANE('',#359);
#359=AXIS2_PLACEMENT_3D('',#360,#361,#362);
#360=CARTESIAN_POINT('',(-16.6792188062717,0.192654764695401,21.2556735958311));
#361=DIRECTION('',(-0.545714438324604,0.371520236900211,0.751111486650066));
#362=DIRECTION('',(-0.21837411617815,-0.928424856180408,0.300566185406477));
#363=FACE_BOUND('',#364,.T.);
#364=EDGE_LOOP('',(#880,#881,#882,#883));
#365=PLANE('',#366);
#366=AXIS2_PLACEMENT_3D('',#367,#368,#369);
#367=CARTESIAN_POINT('',(-25.3695089455942,0.192654764695403,-9.29451536441873));
#368=DIRECTION('',(-0.882984509360768,0.371520236900211,-0.286899058559862));
#369=DIRECTION('',(-0.353336742239465,-0.928424856180408,-0.114806066956372));
#370=FACE_BOUND('',#371,.T.);
#371=EDGE_LOOP('',(#884,#885,#886,#887,#888));
#372=PLANE('',#373);
#373=AXIS2_PLACEMENT_3D('',#374,#375,#376);
#374=CARTESIAN_POINT('',(25.0364864180489,4.33732259031985E-16,-7.08338533745348));
#375=DIRECTION('',(-0.951056516295154,4.23105063051969E-17,0.309016994374947));
#376=DIRECTION('',(5.82354159244546E-17,1.,4.23105063051969E-17));
#377=FACE_BOUND('',#378,.T.);
#378=EDGE_LOOP('',(#889,#890,#891,#892,#893));
#379=PLANE('',#380);
#380=AXIS2_PLACEMENT_3D('',#381,#382,#383);
#381=CARTESIAN_POINT('',(14.4733995652294,-1.32397956079252E-15,21.6222271060411));
#382=DIRECTION('',(-0.587785252292473,1.10770343588222E-16,-0.809016994374947));
#383=DIRECTION('',(3.59914663902998E-17,1.,1.10770343588222E-16));
#384=FACE_BOUND('',#385,.T.);
#385=EDGE_LOOP('',(#894,#895,#896,#897,#898));
#386=PLANE('',#387);
#387=AXIS2_PLACEMENT_3D('',#388,#389,#390);
#388=CARTESIAN_POINT('',(-16.0914335539793,-1.25199662801192E-15,20.4466566014562));
#389=DIRECTION('',(0.587785252292473,1.10770343588222E-16,-0.809016994374948));
#390=DIRECTION('',(-3.59914663902998E-17,1.,1.10770343588222E-16));
#391=FACE_BOUND('',#392,.T.);
#392=EDGE_LOOP('',(#899,#900,#901,#902,#903));
#393=PLANE('',#394);
#394=AXIS2_PLACEMENT_3D('',#395,#396,#397);
#395=CARTESIAN_POINT('',(-24.418452429299,5.50203090880894E-16,-8.98549837004379));
#396=DIRECTION('',(0.951056516295153,4.23105063051969E-17,0.309016994374947));
#397=DIRECTION('',(-5.82354159244546E-17,1.,4.23105063051969E-17));
#398=FACE_BOUND('',#399,.T.);
#399=EDGE_LOOP('',(#904,#905,#906,#907,#908,#909,#910));
#400=PLANE('',#401);
#401=AXIS2_PLACEMENT_3D('',#402,#403,#404);
#402=CARTESIAN_POINT('',(0.,1.,6.12323399573676E-17));
#403=DIRECTION('',(0.,1.,6.12323399573677E-17));
#404=DIRECTION('',(6.12323399573677E-17,6.12323399573677E-17,-1.));
#405=FACE_BOUND('',#406,.T.);
#406=EDGE_LOOP('',(#911,#912,#913,#914,#915,#916));
#407=CONICAL_SURFACE('',#408,29.183561121572,0.401425727958696);
#408=AXIS2_PLACEMENT_3D('',#409,#410,#411);
#409=CARTESIAN_POINT('',(0.,-7.5,-4.59242549680257E-16));
#410=DIRECTION('',(0.,-1.,-6.12323399573677E-17));
#411=DIRECTION('',(-6.12323399573677E-17,-6.12323399573677E-17,1.));
#412=FACE_BOUND('',#413,.T.);
#413=EDGE_LOOP('',(#917,#918,#919,#920,#921,#922));
#414=CONICAL_SURFACE('',#415,29.183316406216,0.401425727958696);
#415=AXIS2_PLACEMENT_3D('',#416,#417,#418);
#416=CARTESIAN_POINT('',(0.,-7.49942348674955,-4.59207248424916E-16));
#417=DIRECTION('',(0.,-1.,-6.12323399573677E-17));
#418=DIRECTION('',(-6.12323399573677E-17,-6.12323399573677E-17,1.));
#419=FACE_BOUND('',#420,.T.);
#420=EDGE_LOOP('',(#923,#924,#925,#926,#927,#928));
#421=CONICAL_SURFACE('',#422,29.1833164032976,0.401425727958696);
#422=AXIS2_PLACEMENT_3D('',#423,#424,#425);
#423=CARTESIAN_POINT('',(0.,-7.49942347987431,-4.59207248003929E-16));
#424=DIRECTION('',(0.,-1.,-6.12323399573677E-17));
#425=DIRECTION('',(-6.12323399573677E-17,-6.12323399573677E-17,1.));
#426=FACE_BOUND('',#427,.T.);
#427=EDGE_LOOP('',(#929,#930,#931,#932,#933,#934));
#428=CONICAL_SURFACE('',#429,29.183561121572,0.401425727958696);
#429=AXIS2_PLACEMENT_3D('',#430,#431,#432);
#430=CARTESIAN_POINT('',(0.,-7.5,-4.59242549680257E-16));
#431=DIRECTION('',(0.,-1.,-6.12323399573677E-17));
#432=DIRECTION('',(-6.12323399573677E-17,-6.12323399573677E-17,1.));
#433=FACE_BOUND('',#434,.T.);
#434=EDGE_LOOP('',(#935,#936,#937,#938,#939,#940));
#435=CONICAL_SURFACE('',#436,29.1835597556212,0.401425727958696);
#436=AXIS2_PLACEMENT_3D('',#437,#438,#439);
#437=CARTESIAN_POINT('',(0.,-7.4999967820215,-4.59242352635904E-16));
#438=DIRECTION('',(0.,-1.,-6.12323399573677E-17));
#439=DIRECTION('',(-6.12323399573677E-17,-6.12323399573677E-17,1.));
#440=FACE_BOUND('',#441,.T.);
#441=EDGE_LOOP('',(#941,#942,#943,#944));
#442=PLANE('',#443);
#443=AXIS2_PLACEMENT_3D('',#444,#445,#446);
#444=CARTESIAN_POINT('',(-30.884129513539,-14.2975190429687,-11.0863242041951));
#445=DIRECTION('',(-0.909793190001884,-0.291361014499986,-0.295609726930179));
#446=DIRECTION('',(0.277100791434578,-0.956613171156209,0.0900355049788211));
#447=FACE_BOUND('',#448,.T.);
#448=EDGE_LOOP('',(#945,#946,#947,#948));
#449=PLANE('',#450);
#450=AXIS2_PLACEMENT_3D('',#451,#452,#453);
#451=CARTESIAN_POINT('',(-30.6481355030371,-15.1122225217691,-11.00964510199));
#452=DIRECTION('',(0.277100791434576,-0.95661317115621,0.0900355049788204));
#453=DIRECTION('',(0.909793190001885,0.291361014499984,0.295609726930179));
#454=FACE_BOUND('',#455,.T.);
#455=EDGE_LOOP('',(#949,#950,#951,#952,#953,#954,#955,#956,#957,#958,#959,#960,#961,
#962,#963,#964,#965,#966,#967,#968));
#456=FACE_BOUND('',#457,.T.);
#457=EDGE_LOOP('',(#969));
#458=PLANE('',#459);
#459=AXIS2_PLACEMENT_3D('',#460,#461,#462);
#460=CARTESIAN_POINT('',(0.,-15.,-9.18485099360515E-16));
#461=DIRECTION('',(0.,1.,6.12323399573677E-17));
#462=DIRECTION('',(6.12323399573677E-17,6.12323399573677E-17,-1.));
#463=FACE_BOUND('',#464,.T.);
#464=EDGE_LOOP('',(#970,#971,#972));
#465=PLANE('',#466);
#466=AXIS2_PLACEMENT_3D('',#467,#468,#469);
#467=CARTESIAN_POINT('',(-29.8768927087525,-14.342554921691,-10.7590531275493));
#468=DIRECTION('',(0.882984509360768,-0.371520236900211,0.286899058559863));
#469=DIRECTION('',(0.353336742239464,0.928424856180408,0.114806066956372));
#470=FACE_BOUND('',#471,.T.);
#471=EDGE_LOOP('',(#973,#974,#975));
#472=PLANE('',#473);
#473=AXIS2_PLACEMENT_3D('',#474,#475,#476);
#474=CARTESIAN_POINT('',(-29.8768927087525,-14.342554921691,-10.7590531275493));
#475=DIRECTION('',(0.882984509360768,-0.371520236900211,0.286899058559863));
#476=DIRECTION('',(0.353336742239464,0.928424856180408,0.114806066956372));
#477=FACE_BOUND('',#478,.T.);
#478=EDGE_LOOP('',(#976,#977,#978,#979));
#479=PLANE('',#480);
#480=AXIS2_PLACEMENT_3D('',#481,#482,#483);
#481=CARTESIAN_POINT('',(-20.0874417523208,-14.2975190429687,25.9466900397081));
#482=DIRECTION('',(-0.562283114154355,-0.291361014499986,0.773916312508284));
#483=DIRECTION('',(0.171257707416065,-0.956613171156209,-0.235716012228814));
#484=FACE_BOUND('',#485,.T.);
#485=EDGE_LOOP('',(#980,#981,#982,#983));
#486=PLANE('',#487);
#487=AXIS2_PLACEMENT_3D('',#488,#489,#490);
#488=CARTESIAN_POINT('',(-19.9415894326893,-15.1122225217691,25.7459415439084));
#489=DIRECTION('',(0.171257707416064,-0.95661317115621,-0.235716012228812));
#490=DIRECTION('',(0.562283114154356,0.291361014499984,-0.773916312508284));
#491=FACE_BOUND('',#492,.T.);
#492=EDGE_LOOP('',(#984,#985,#986));
#493=PLANE('',#494);
#494=AXIS2_PLACEMENT_3D('',#495,#496,#497);
#495=CARTESIAN_POINT('',(-19.4649351722429,-14.342554921691,25.0898832375146));
#496=DIRECTION('',(0.545714438324604,-0.371520236900211,-0.751111486650067));
#497=DIRECTION('',(0.21837411617815,0.928424856180408,-0.300566185406477));
#498=FACE_BOUND('',#499,.T.);
#499=EDGE_LOOP('',(#987,#988,#989));
#500=PLANE('',#501);
#501=AXIS2_PLACEMENT_3D('',#502,#503,#504);
#502=CARTESIAN_POINT('',(-19.4649351722429,-14.342554921691,25.0898832375146));
#503=DIRECTION('',(0.545714438324604,-0.371520236900211,-0.751111486650067));
#504=DIRECTION('',(0.21837411617815,0.928424856180408,-0.300566185406477));
#505=FACE_BOUND('',#506,.T.);
#506=EDGE_LOOP('',(#990,#991,#992,#993));
#507=PLANE('',#508);
#508=AXIS2_PLACEMENT_3D('',#509,#510,#511);
#509=CARTESIAN_POINT('',(18.4694077635709,-14.2975190429687,27.1222605442931));
#510=DIRECTION('',(0.562283114154355,-0.291361014499986,0.773916312508284));
#511=DIRECTION('',(-0.171257707416065,-0.956613171156209,-0.235716012228814));
#512=FACE_BOUND('',#513,.T.);
#513=EDGE_LOOP('',(#994,#995,#996,#997));
#514=PLANE('',#515);
#515=AXIS2_PLACEMENT_3D('',#516,#517,#518);
#516=CARTESIAN_POINT('',(18.3235554439394,-15.1122225217691,26.9215120484934));
#517=DIRECTION('',(-0.171257707416064,-0.95661317115621,-0.235716012228812));
#518=DIRECTION('',(-0.562283114154356,0.291361014499984,-0.773916312508284));
#519=FACE_BOUND('',#520,.T.);
#520=EDGE_LOOP('',(#998,#999,#1000));
#521=PLANE('',#522);
#522=AXIS2_PLACEMENT_3D('',#523,#524,#525);
#523=CARTESIAN_POINT('',(17.846901183493,-14.342554921691,26.2654537420995));
#524=DIRECTION('',(-0.545714438324604,-0.371520236900211,-0.751111486650066));
#525=DIRECTION('',(-0.21837411617815,0.928424856180408,-0.300566185406477));
#526=FACE_BOUND('',#527,.T.);
#527=EDGE_LOOP('',(#1001,#1002,#1003));
#528=PLANE('',#529);
#529=AXIS2_PLACEMENT_3D('',#530,#531,#532);
#530=CARTESIAN_POINT('',(17.846901183493,-14.342554921691,26.2654537420995));
#531=DIRECTION('',(-0.545714438324604,-0.371520236900211,-0.751111486650066));
#532=DIRECTION('',(-0.21837411617815,0.928424856180408,-0.300566185406477));
#533=FACE_BOUND('',#534,.T.);
#534=EDGE_LOOP('',(#1004,#1005,#1006,#1007));
#535=PLANE('',#536);
#536=AXIS2_PLACEMENT_3D('',#537,#538,#539);
#537=CARTESIAN_POINT('',(31.5021635022889,-14.2975190429687,-9.18421117160478));
#538=DIRECTION('',(0.909793190001884,-0.291361014499986,-0.295609726930179));
#539=DIRECTION('',(-0.277100791434578,-0.956613171156209,0.0900355049788211));
#540=FACE_BOUND('',#541,.T.);
#541=EDGE_LOOP('',(#1008,#1009,#1010,#1011));
#542=PLANE('',#543);
#543=AXIS2_PLACEMENT_3D('',#544,#545,#546);
#544=CARTESIAN_POINT('',(31.266169491787,-15.1122225217691,-9.10753206939972));
#545=DIRECTION('',(-0.277100791434576,-0.95661317115621,0.0900355049788204));
#546=DIRECTION('',(-0.909793190001885,0.291361014499984,0.295609726930179));
#547=FACE_BOUND('',#548,.T.);
#548=EDGE_LOOP('',(#1012,#1013,#1014));
#549=PLANE('',#550);
#550=AXIS2_PLACEMENT_3D('',#551,#552,#553);
#551=CARTESIAN_POINT('',(30.4949266975024,-14.342554921691,-8.85694009495895));
#552=DIRECTION('',(-0.882984509360768,-0.371520236900211,0.286899058559863));
#553=DIRECTION('',(-0.353336742239464,0.928424856180408,0.114806066956372));
#554=FACE_BOUND('',#555,.T.);
#555=EDGE_LOOP('',(#1015,#1016,#1017));
#556=PLANE('',#557);
#557=AXIS2_PLACEMENT_3D('',#558,#559,#560);
#558=CARTESIAN_POINT('',(30.4949266975024,-14.342554921691,-8.85694009495895));
#559=DIRECTION('',(-0.882984509360768,-0.371520236900211,0.286899058559863));
#560=DIRECTION('',(-0.353336742239464,0.928424856180408,0.114806066956372));
#561=FACE_BOUND('',#562,.T.);
#562=EDGE_LOOP('',(#1018,#1019,#1020,#1021));
#563=PLANE('',#564);
#564=AXIS2_PLACEMENT_3D('',#565,#566,#567);
#565=CARTESIAN_POINT('',(0.999999999999998,0.192654764695404,-27.));
#566=DIRECTION('',(0.,0.371520236900211,-0.928424856180408));
#567=DIRECTION('',(-2.13405028603716E-17,-0.928424856180408,-0.371520236900211));
#568=FACE_BOUND('',#569,.T.);
#569=EDGE_LOOP('',(#1022,#1023,#1024,#1025,#1026,#1027,#1028,#1029,#1030));
#570=PLANE('',#571);
#571=AXIS2_PLACEMENT_3D('',#572,#573,#574);
#572=CARTESIAN_POINT('',(-1.,0.,6.12323399573677E-17));
#573=DIRECTION('',(-1.,0.,6.12323399573677E-17));
#574=DIRECTION('',(-6.12323399573677E-17,0.,-1.));
#575=FACE_BOUND('',#576,.T.);
#576=EDGE_LOOP('',(#1031,#1032,#1033,#1034,#1035,#1036,#1037,#1038,#1039));
#577=PLANE('',#578);
#578=AXIS2_PLACEMENT_3D('',#579,#580,#581);
#579=CARTESIAN_POINT('',(1.,0.,-6.12323399573677E-17));
#580=DIRECTION('',(-1.,0.,6.12323399573677E-17));
#581=DIRECTION('',(-6.12323399573677E-17,0.,-1.));
#582=FACE_BOUND('',#583,.T.);
#583=EDGE_LOOP('',(#1040));
#584=FACE_BOUND('',#585,.T.);
#585=EDGE_LOOP('',(#1041));
#586=PLANE('',#587);
#587=AXIS2_PLACEMENT_3D('',#588,#589,#590);
#588=CARTESIAN_POINT('',(0.,0.5,3.06161699786838E-17));
#589=DIRECTION('',(0.,1.,6.12323399573677E-17));
#590=DIRECTION('',(6.12323399573677E-17,6.12323399573677E-17,-1.));
#591=FACE_BOUND('',#592,.T.);
#592=EDGE_LOOP('',(#1042,#1043,#1044,#1045,#1046));
#593=PLANE('',#594);
#594=AXIS2_PLACEMENT_3D('',#595,#596,#597);
#595=CARTESIAN_POINT('',(0.999999999999998,1.59204083889156E-15,-26.));
#596=DIRECTION('',(0.,0.,1.));
#597=DIRECTION('',(0.,1.,0.));
#598=FACE_BOUND('',#599,.T.);
#599=EDGE_LOOP('',(#1047,#1048,#1049));
#600=PLANE('',#601);
#601=AXIS2_PLACEMENT_3D('',#602,#603,#604);
#602=CARTESIAN_POINT('',(0.999999999999998,-14.342554921691,-31.7393437571059));
#603=DIRECTION('',(1.54074395550979E-33,-0.371520236900211,0.928424856180408));
#604=DIRECTION('',(2.87468629569455E-17,0.928424856180408,0.371520236900211));
#605=FACE_BOUND('',#606,.T.);
#606=EDGE_LOOP('',(#1050,#1051,#1052));
#607=PLANE('',#608);
#608=AXIS2_PLACEMENT_3D('',#609,#610,#611);
#609=CARTESIAN_POINT('',(0.999999999999998,-14.342554921691,-31.7393437571059));
#610=DIRECTION('',(1.54074395550979E-33,-0.371520236900211,0.928424856180408));
#611=DIRECTION('',(2.87468629569455E-17,0.928424856180408,0.371520236900211));
#612=FACE_BOUND('',#613,.T.);
#613=EDGE_LOOP('',(#1053,#1054,#1055,#1056));
#614=PLANE('',#615);
#615=AXIS2_PLACEMENT_3D('',#616,#617,#618);
#616=CARTESIAN_POINT('',(0.999999999999998,-15.1122225217691,-32.5502764210121));
#617=DIRECTION('',(0.,-0.95661317115621,0.291361014499984));
#618=DIRECTION('',(1.11022302462516E-16,0.291361014499984,0.95661317115621));
#619=FACE_OUTER_BOUND('',#620,.T.);
#620=EDGE_LOOP('',(#1057));
#621=FACE_OUTER_BOUND('',#622,.T.);
#622=EDGE_LOOP('',(#1058));
#623=CONICAL_SURFACE('',#624,28.183561121572,0.401425727958696);
#624=AXIS2_PLACEMENT_3D('',#625,#626,#627);
#625=CARTESIAN_POINT('',(0.,-7.5,-4.59242549680257E-16));
#626=DIRECTION('',(6.84227765783602E-49,-1.,-6.12323399573677E-17));
#627=DIRECTION('',(6.12323399573677E-17,6.12323399573677E-17,-1.));
#628=FACE_BOUND('',#629,.T.);
#629=EDGE_LOOP('',(#1059,#1060,#1061,#1062));
#630=PLANE('',#631);
#631=AXIS2_PLACEMENT_3D('',#632,#633,#634);
#632=CARTESIAN_POINT('',(0.999999999999998,-14.2975190429687,-32.7984152082013));
#633=DIRECTION('',(0.,-0.291361014499986,-0.956613171156209));
#634=DIRECTION('',(0.,-0.956613171156209,0.291361014499986));
#635=FACE_OUTER_BOUND('',#636,.T.);
#636=EDGE_LOOP('',(#1063));
#637=FACE_OUTER_BOUND('',#638,.T.);
#638=EDGE_LOOP('',(#1064));
#639=CYLINDRICAL_SURFACE('',#640,24.85);
#640=AXIS2_PLACEMENT_3D('',#641,#642,#643);
#641=CARTESIAN_POINT('',(0.,0.,0.));
#642=DIRECTION('',(0.,-1.,-6.12323399573677E-17));
#643=DIRECTION('',(6.12323399573677E-17,6.12323399573677E-17,-1.));
#644=FACE_BOUND('',#645,.T.);
#645=EDGE_LOOP('',(#1065));
#646=FACE_BOUND('',#647,.T.);
#647=EDGE_LOOP('',(#1066));
#648=PLANE('',#649);
#649=AXIS2_PLACEMENT_3D('',#650,#651,#652);
#650=CARTESIAN_POINT('',(0.,0.,0.));
#651=DIRECTION('',(0.,1.,6.12323399573677E-17));
#652=DIRECTION('',(6.12323399573677E-17,6.12323399573677E-17,-1.));
#653=ORIENTED_EDGE('',*,*,#1067,.T.);
#654=ORIENTED_EDGE('',*,*,#1068,.F.);
#655=ORIENTED_EDGE('',*,*,#1069,.T.);
#656=ORIENTED_EDGE('',*,*,#1070,.F.);
#657=ORIENTED_EDGE('',*,*,#1071,.F.);
#658=ORIENTED_EDGE('',*,*,#1072,.T.);
#659=ORIENTED_EDGE('',*,*,#1073,.T.);
#660=ORIENTED_EDGE('',*,*,#1074,.T.);
#661=ORIENTED_EDGE('',*,*,#1075,.T.);
#662=ORIENTED_EDGE('',*,*,#1076,.T.);
#663=ORIENTED_EDGE('',*,*,#1077,.T.);
#664=ORIENTED_EDGE('',*,*,#1078,.T.);
#665=ORIENTED_EDGE('',*,*,#1079,.T.);
#666=ORIENTED_EDGE('',*,*,#1080,.T.);
#667=ORIENTED_EDGE('',*,*,#1081,.T.);
#668=ORIENTED_EDGE('',*,*,#1082,.T.);
#669=ORIENTED_EDGE('',*,*,#1083,.T.);
#670=ORIENTED_EDGE('',*,*,#1084,.T.);
#671=ORIENTED_EDGE('',*,*,#1085,.T.);
#672=ORIENTED_EDGE('',*,*,#1086,.T.);
#673=ORIENTED_EDGE('',*,*,#1070,.T.);
#674=ORIENTED_EDGE('',*,*,#1087,.T.);
#675=ORIENTED_EDGE('',*,*,#1088,.T.);
#676=ORIENTED_EDGE('',*,*,#1089,.T.);
#677=ORIENTED_EDGE('',*,*,#1090,.T.);
#678=ORIENTED_EDGE('',*,*,#1091,.T.);
#679=ORIENTED_EDGE('',*,*,#1092,.T.);
#680=ORIENTED_EDGE('',*,*,#1093,.T.);
#681=ORIENTED_EDGE('',*,*,#1094,.F.);
#682=ORIENTED_EDGE('',*,*,#1095,.T.);
#683=ORIENTED_EDGE('',*,*,#1083,.F.);
#684=ORIENTED_EDGE('',*,*,#1096,.F.);
#685=ORIENTED_EDGE('',*,*,#1097,.T.);
#686=ORIENTED_EDGE('',*,*,#1098,.T.);
#687=ORIENTED_EDGE('',*,*,#1099,.F.);
#688=ORIENTED_EDGE('',*,*,#1100,.T.);
#689=ORIENTED_EDGE('',*,*,#1079,.F.);
#690=ORIENTED_EDGE('',*,*,#1101,.F.);
#691=ORIENTED_EDGE('',*,*,#1102,.T.);
#692=ORIENTED_EDGE('',*,*,#1103,.T.);
#693=ORIENTED_EDGE('',*,*,#1104,.F.);
#694=ORIENTED_EDGE('',*,*,#1105,.T.);
#695=ORIENTED_EDGE('',*,*,#1075,.F.);
#696=ORIENTED_EDGE('',*,*,#1106,.F.);
#697=ORIENTED_EDGE('',*,*,#1107,.T.);
#698=ORIENTED_EDGE('',*,*,#1108,.F.);
#699=ORIENTED_EDGE('',*,*,#1109,.T.);
#700=ORIENTED_EDGE('',*,*,#1110,.T.);
#701=ORIENTED_EDGE('',*,*,#1111,.T.);
#702=ORIENTED_EDGE('',*,*,#1112,.F.);
#703=ORIENTED_EDGE('',*,*,#1113,.T.);
#704=ORIENTED_EDGE('',*,*,#1114,.F.);
#705=ORIENTED_EDGE('',*,*,#1115,.T.);
#706=ORIENTED_EDGE('',*,*,#1116,.T.);
#707=ORIENTED_EDGE('',*,*,#1117,.T.);
#708=ORIENTED_EDGE('',*,*,#1118,.F.);
#709=ORIENTED_EDGE('',*,*,#1119,.T.);
#710=ORIENTED_EDGE('',*,*,#1120,.F.);
#711=ORIENTED_EDGE('',*,*,#1121,.T.);
#712=ORIENTED_EDGE('',*,*,#1122,.T.);
#713=ORIENTED_EDGE('',*,*,#1123,.T.);
#714=ORIENTED_EDGE('',*,*,#1124,.F.);
#715=ORIENTED_EDGE('',*,*,#1125,.T.);
#716=ORIENTED_EDGE('',*,*,#1126,.F.);
#717=ORIENTED_EDGE('',*,*,#1127,.T.);
#718=ORIENTED_EDGE('',*,*,#1128,.T.);
#719=ORIENTED_EDGE('',*,*,#1129,.T.);
#720=ORIENTED_EDGE('',*,*,#1130,.F.);
#721=ORIENTED_EDGE('',*,*,#1131,.T.);
#722=ORIENTED_EDGE('',*,*,#1085,.F.);
#723=ORIENTED_EDGE('',*,*,#1132,.F.);
#724=ORIENTED_EDGE('',*,*,#1119,.F.);
#725=ORIENTED_EDGE('',*,*,#1133,.F.);
#726=ORIENTED_EDGE('',*,*,#1081,.F.);
#727=ORIENTED_EDGE('',*,*,#1134,.F.);
#728=ORIENTED_EDGE('',*,*,#1125,.F.);
#729=ORIENTED_EDGE('',*,*,#1135,.F.);
#730=ORIENTED_EDGE('',*,*,#1077,.F.);
#731=ORIENTED_EDGE('',*,*,#1136,.F.);
#732=ORIENTED_EDGE('',*,*,#1131,.F.);
#733=ORIENTED_EDGE('',*,*,#1137,.F.);
#734=ORIENTED_EDGE('',*,*,#1073,.F.);
#735=ORIENTED_EDGE('',*,*,#1138,.F.);
#736=ORIENTED_EDGE('',*,*,#1139,.F.);
#737=ORIENTED_EDGE('',*,*,#1140,.F.);
#738=ORIENTED_EDGE('',*,*,#1141,.F.);
#739=ORIENTED_EDGE('',*,*,#1088,.F.);
#740=ORIENTED_EDGE('',*,*,#1142,.F.);
#741=ORIENTED_EDGE('',*,*,#1113,.F.);
#742=ORIENTED_EDGE('',*,*,#1143,.F.);
#743=ORIENTED_EDGE('',*,*,#1144,.F.);
#744=ORIENTED_EDGE('',*,*,#1145,.F.);
#745=ORIENTED_EDGE('',*,*,#1146,.F.);
#746=ORIENTED_EDGE('',*,*,#1147,.F.);
#747=ORIENTED_EDGE('',*,*,#1148,.F.);
#748=ORIENTED_EDGE('',*,*,#1127,.F.);
#749=ORIENTED_EDGE('',*,*,#1104,.T.);
#750=ORIENTED_EDGE('',*,*,#1149,.T.);
#751=ORIENTED_EDGE('',*,*,#1150,.T.);
#752=ORIENTED_EDGE('',*,*,#1151,.T.);
#753=ORIENTED_EDGE('',*,*,#1152,.T.);
#754=ORIENTED_EDGE('',*,*,#1153,.T.);
#755=ORIENTED_EDGE('',*,*,#1154,.T.);
#756=ORIENTED_EDGE('',*,*,#1155,.T.);
#757=ORIENTED_EDGE('',*,*,#1129,.F.);
#758=ORIENTED_EDGE('',*,*,#1156,.F.);
#759=ORIENTED_EDGE('',*,*,#1157,.F.);
#760=ORIENTED_EDGE('',*,*,#1158,.T.);
#761=ORIENTED_EDGE('',*,*,#1159,.T.);
#762=ORIENTED_EDGE('',*,*,#1160,.F.);
#763=ORIENTED_EDGE('',*,*,#1161,.F.);
#764=ORIENTED_EDGE('',*,*,#1162,.F.);
#765=ORIENTED_EDGE('',*,*,#1107,.F.);
#766=ORIENTED_EDGE('',*,*,#1121,.F.);
#767=ORIENTED_EDGE('',*,*,#1099,.T.);
#768=ORIENTED_EDGE('',*,*,#1163,.T.);
#769=ORIENTED_EDGE('',*,*,#1164,.T.);
#770=ORIENTED_EDGE('',*,*,#1165,.T.);
#771=ORIENTED_EDGE('',*,*,#1166,.T.);
#772=ORIENTED_EDGE('',*,*,#1167,.T.);
#773=ORIENTED_EDGE('',*,*,#1168,.T.);
#774=ORIENTED_EDGE('',*,*,#1169,.T.);
#775=ORIENTED_EDGE('',*,*,#1123,.F.);
#776=ORIENTED_EDGE('',*,*,#1170,.F.);
#777=ORIENTED_EDGE('',*,*,#1171,.F.);
#778=ORIENTED_EDGE('',*,*,#1172,.T.);
#779=ORIENTED_EDGE('',*,*,#1173,.T.);
#780=ORIENTED_EDGE('',*,*,#1174,.F.);
#781=ORIENTED_EDGE('',*,*,#1175,.F.);
#782=ORIENTED_EDGE('',*,*,#1176,.F.);
#783=ORIENTED_EDGE('',*,*,#1102,.F.);
#784=ORIENTED_EDGE('',*,*,#1115,.F.);
#785=ORIENTED_EDGE('',*,*,#1094,.T.);
#786=ORIENTED_EDGE('',*,*,#1177,.T.);
#787=ORIENTED_EDGE('',*,*,#1178,.T.);
#788=ORIENTED_EDGE('',*,*,#1179,.T.);
#789=ORIENTED_EDGE('',*,*,#1180,.T.);
#790=ORIENTED_EDGE('',*,*,#1181,.T.);
#791=ORIENTED_EDGE('',*,*,#1182,.T.);
#792=ORIENTED_EDGE('',*,*,#1183,.T.);
#793=ORIENTED_EDGE('',*,*,#1117,.F.);
#794=ORIENTED_EDGE('',*,*,#1184,.F.);
#795=ORIENTED_EDGE('',*,*,#1185,.F.);
#796=ORIENTED_EDGE('',*,*,#1186,.T.);
#797=ORIENTED_EDGE('',*,*,#1187,.T.);
#798=ORIENTED_EDGE('',*,*,#1188,.F.);
#799=ORIENTED_EDGE('',*,*,#1189,.F.);
#800=ORIENTED_EDGE('',*,*,#1190,.F.);
#801=ORIENTED_EDGE('',*,*,#1097,.F.);
#802=ORIENTED_EDGE('',*,*,#1109,.F.);
#803=ORIENTED_EDGE('',*,*,#1068,.T.);
#804=ORIENTED_EDGE('',*,*,#1191,.T.);
#805=ORIENTED_EDGE('',*,*,#1192,.T.);
#806=ORIENTED_EDGE('',*,*,#1193,.T.);
#807=ORIENTED_EDGE('',*,*,#1194,.T.);
#808=ORIENTED_EDGE('',*,*,#1195,.T.);
#809=ORIENTED_EDGE('',*,*,#1196,.T.);
#810=ORIENTED_EDGE('',*,*,#1197,.T.);
#811=ORIENTED_EDGE('',*,*,#1111,.F.);
#812=ORIENTED_EDGE('',*,*,#1198,.F.);
#813=ORIENTED_EDGE('',*,*,#1199,.F.);
#814=ORIENTED_EDGE('',*,*,#1200,.T.);
#815=ORIENTED_EDGE('',*,*,#1201,.T.);
#816=ORIENTED_EDGE('',*,*,#1202,.F.);
#817=ORIENTED_EDGE('',*,*,#1203,.F.);
#818=ORIENTED_EDGE('',*,*,#1204,.F.);
#819=ORIENTED_EDGE('',*,*,#1072,.F.);
#820=ORIENTED_EDGE('',*,*,#1142,.T.);
#821=ORIENTED_EDGE('',*,*,#1087,.F.);
#822=ORIENTED_EDGE('',*,*,#1069,.F.);
#823=ORIENTED_EDGE('',*,*,#1108,.T.);
#824=ORIENTED_EDGE('',*,*,#1143,.T.);
#825=ORIENTED_EDGE('',*,*,#1112,.T.);
#826=ORIENTED_EDGE('',*,*,#1071,.T.);
#827=ORIENTED_EDGE('',*,*,#1086,.F.);
#828=ORIENTED_EDGE('',*,*,#1132,.T.);
#829=ORIENTED_EDGE('',*,*,#1084,.F.);
#830=ORIENTED_EDGE('',*,*,#1095,.F.);
#831=ORIENTED_EDGE('',*,*,#1114,.T.);
#832=ORIENTED_EDGE('',*,*,#1133,.T.);
#833=ORIENTED_EDGE('',*,*,#1118,.T.);
#834=ORIENTED_EDGE('',*,*,#1096,.T.);
#835=ORIENTED_EDGE('',*,*,#1082,.F.);
#836=ORIENTED_EDGE('',*,*,#1134,.T.);
#837=ORIENTED_EDGE('',*,*,#1080,.F.);
#838=ORIENTED_EDGE('',*,*,#1100,.F.);
#839=ORIENTED_EDGE('',*,*,#1120,.T.);
#840=ORIENTED_EDGE('',*,*,#1135,.T.);
#841=ORIENTED_EDGE('',*,*,#1124,.T.);
#842=ORIENTED_EDGE('',*,*,#1101,.T.);
#843=ORIENTED_EDGE('',*,*,#1078,.F.);
#844=ORIENTED_EDGE('',*,*,#1136,.T.);
#845=ORIENTED_EDGE('',*,*,#1076,.F.);
#846=ORIENTED_EDGE('',*,*,#1105,.F.);
#847=ORIENTED_EDGE('',*,*,#1126,.T.);
#848=ORIENTED_EDGE('',*,*,#1137,.T.);
#849=ORIENTED_EDGE('',*,*,#1130,.T.);
#850=ORIENTED_EDGE('',*,*,#1106,.T.);
#851=ORIENTED_EDGE('',*,*,#1074,.F.);
#852=ORIENTED_EDGE('',*,*,#1204,.T.);
#853=ORIENTED_EDGE('',*,*,#1205,.T.);
#854=ORIENTED_EDGE('',*,*,#1191,.F.);
#855=ORIENTED_EDGE('',*,*,#1067,.F.);
#856=ORIENTED_EDGE('',*,*,#1141,.T.);
#857=ORIENTED_EDGE('',*,*,#1206,.T.);
#858=ORIENTED_EDGE('',*,*,#1207,.T.);
#859=ORIENTED_EDGE('',*,*,#1089,.F.);
#860=ORIENTED_EDGE('',*,*,#1208,.T.);
#861=ORIENTED_EDGE('',*,*,#1209,.F.);
#862=ORIENTED_EDGE('',*,*,#1210,.T.);
#863=ORIENTED_EDGE('',*,*,#1090,.F.);
#864=ORIENTED_EDGE('',*,*,#1207,.F.);
#865=ORIENTED_EDGE('',*,*,#1211,.T.);
#866=ORIENTED_EDGE('',*,*,#1138,.T.);
#867=ORIENTED_EDGE('',*,*,#1091,.F.);
#868=ORIENTED_EDGE('',*,*,#1210,.F.);
#869=ORIENTED_EDGE('',*,*,#1212,.T.);
#870=ORIENTED_EDGE('',*,*,#1092,.F.);
#871=ORIENTED_EDGE('',*,*,#1213,.F.);
#872=ORIENTED_EDGE('',*,*,#1190,.T.);
#873=ORIENTED_EDGE('',*,*,#1214,.T.);
#874=ORIENTED_EDGE('',*,*,#1177,.F.);
#875=ORIENTED_EDGE('',*,*,#1093,.F.);
#876=ORIENTED_EDGE('',*,*,#1176,.T.);
#877=ORIENTED_EDGE('',*,*,#1215,.T.);
#878=ORIENTED_EDGE('',*,*,#1163,.F.);
#879=ORIENTED_EDGE('',*,*,#1098,.F.);
#880=ORIENTED_EDGE('',*,*,#1162,.T.);
#881=ORIENTED_EDGE('',*,*,#1216,.T.);
#882=ORIENTED_EDGE('',*,*,#1149,.F.);
#883=ORIENTED_EDGE('',*,*,#1103,.F.);
#884=ORIENTED_EDGE('',*,*,#1110,.F.);
#885=ORIENTED_EDGE('',*,*,#1197,.F.);
#886=ORIENTED_EDGE('',*,*,#1217,.F.);
#887=ORIENTED_EDGE('',*,*,#1218,.F.);
#888=ORIENTED_EDGE('',*,*,#1198,.T.);
#889=ORIENTED_EDGE('',*,*,#1116,.F.);
#890=ORIENTED_EDGE('',*,*,#1183,.F.);
#891=ORIENTED_EDGE('',*,*,#1219,.F.);
#892=ORIENTED_EDGE('',*,*,#1220,.F.);
#893=ORIENTED_EDGE('',*,*,#1184,.T.);
#894=ORIENTED_EDGE('',*,*,#1122,.F.);
#895=ORIENTED_EDGE('',*,*,#1169,.F.);
#896=ORIENTED_EDGE('',*,*,#1221,.F.);
#897=ORIENTED_EDGE('',*,*,#1222,.F.);
#898=ORIENTED_EDGE('',*,*,#1170,.T.);
#899=ORIENTED_EDGE('',*,*,#1128,.F.);
#900=ORIENTED_EDGE('',*,*,#1155,.F.);
#901=ORIENTED_EDGE('',*,*,#1223,.F.);
#902=ORIENTED_EDGE('',*,*,#1224,.F.);
#903=ORIENTED_EDGE('',*,*,#1156,.T.);
#904=ORIENTED_EDGE('',*,*,#1139,.T.);
#905=ORIENTED_EDGE('',*,*,#1212,.F.);
#906=ORIENTED_EDGE('',*,*,#1225,.T.);
#907=ORIENTED_EDGE('',*,*,#1226,.T.);
#908=ORIENTED_EDGE('',*,*,#1227,.T.);
#909=ORIENTED_EDGE('',*,*,#1206,.F.);
#910=ORIENTED_EDGE('',*,*,#1140,.T.);
#911=ORIENTED_EDGE('',*,*,#1228,.F.);
#912=ORIENTED_EDGE('',*,*,#1145,.T.);
#913=ORIENTED_EDGE('',*,*,#1229,.F.);
#914=ORIENTED_EDGE('',*,*,#1230,.F.);
#915=ORIENTED_EDGE('',*,*,#1231,.T.);
#916=ORIENTED_EDGE('',*,*,#1158,.F.);
#917=ORIENTED_EDGE('',*,*,#1232,.F.);
#918=ORIENTED_EDGE('',*,*,#1153,.F.);
#919=ORIENTED_EDGE('',*,*,#1233,.T.);
#920=ORIENTED_EDGE('',*,*,#1172,.F.);
#921=ORIENTED_EDGE('',*,*,#1234,.F.);
#922=ORIENTED_EDGE('',*,*,#1146,.T.);
#923=ORIENTED_EDGE('',*,*,#1235,.F.);
#924=ORIENTED_EDGE('',*,*,#1167,.F.);
#925=ORIENTED_EDGE('',*,*,#1236,.T.);
#926=ORIENTED_EDGE('',*,*,#1186,.F.);
#927=ORIENTED_EDGE('',*,*,#1237,.F.);
#928=ORIENTED_EDGE('',*,*,#1147,.T.);
#929=ORIENTED_EDGE('',*,*,#1238,.F.);
#930=ORIENTED_EDGE('',*,*,#1181,.F.);
#931=ORIENTED_EDGE('',*,*,#1239,.T.);
#932=ORIENTED_EDGE('',*,*,#1200,.F.);
#933=ORIENTED_EDGE('',*,*,#1240,.F.);
#934=ORIENTED_EDGE('',*,*,#1148,.T.);
#935=ORIENTED_EDGE('',*,*,#1241,.F.);
#936=ORIENTED_EDGE('',*,*,#1195,.F.);
#937=ORIENTED_EDGE('',*,*,#1242,.T.);
#938=ORIENTED_EDGE('',*,*,#1243,.F.);
#939=ORIENTED_EDGE('',*,*,#1244,.F.);
#940=ORIENTED_EDGE('',*,*,#1144,.T.);
#941=ORIENTED_EDGE('',*,*,#1161,.T.);
#942=ORIENTED_EDGE('',*,*,#1245,.T.);
#943=ORIENTED_EDGE('',*,*,#1150,.F.);
#944=ORIENTED_EDGE('',*,*,#1216,.F.);
#945=ORIENTED_EDGE('',*,*,#1246,.T.);
#946=ORIENTED_EDGE('',*,*,#1151,.F.);
#947=ORIENTED_EDGE('',*,*,#1245,.F.);
#948=ORIENTED_EDGE('',*,*,#1160,.T.);
#949=ORIENTED_EDGE('',*,*,#1246,.F.);
#950=ORIENTED_EDGE('',*,*,#1159,.F.);
#951=ORIENTED_EDGE('',*,*,#1231,.F.);
#952=ORIENTED_EDGE('',*,*,#1247,.F.);
#953=ORIENTED_EDGE('',*,*,#1248,.F.);
#954=ORIENTED_EDGE('',*,*,#1249,.F.);
#955=ORIENTED_EDGE('',*,*,#1242,.F.);
#956=ORIENTED_EDGE('',*,*,#1194,.F.);
#957=ORIENTED_EDGE('',*,*,#1250,.F.);
#958=ORIENTED_EDGE('',*,*,#1201,.F.);
#959=ORIENTED_EDGE('',*,*,#1239,.F.);
#960=ORIENTED_EDGE('',*,*,#1180,.F.);
#961=ORIENTED_EDGE('',*,*,#1251,.F.);
#962=ORIENTED_EDGE('',*,*,#1187,.F.);
#963=ORIENTED_EDGE('',*,*,#1236,.F.);
#964=ORIENTED_EDGE('',*,*,#1166,.F.);
#965=ORIENTED_EDGE('',*,*,#1252,.F.);
#966=ORIENTED_EDGE('',*,*,#1173,.F.);
#967=ORIENTED_EDGE('',*,*,#1233,.F.);
#968=ORIENTED_EDGE('',*,*,#1152,.F.);
#969=ORIENTED_EDGE('',*,*,#1253,.F.);
#970=ORIENTED_EDGE('',*,*,#1232,.T.);
#971=ORIENTED_EDGE('',*,*,#1223,.T.);
#972=ORIENTED_EDGE('',*,*,#1154,.F.);
#973=ORIENTED_EDGE('',*,*,#1228,.T.);
#974=ORIENTED_EDGE('',*,*,#1157,.T.);
#975=ORIENTED_EDGE('',*,*,#1224,.T.);
#976=ORIENTED_EDGE('',*,*,#1175,.T.);
#977=ORIENTED_EDGE('',*,*,#1254,.T.);
#978=ORIENTED_EDGE('',*,*,#1164,.F.);
#979=ORIENTED_EDGE('',*,*,#1215,.F.);
#980=ORIENTED_EDGE('',*,*,#1252,.T.);
#981=ORIENTED_EDGE('',*,*,#1165,.F.);
#982=ORIENTED_EDGE('',*,*,#1254,.F.);
#983=ORIENTED_EDGE('',*,*,#1174,.T.);
#984=ORIENTED_EDGE('',*,*,#1235,.T.);
#985=ORIENTED_EDGE('',*,*,#1221,.T.);
#986=ORIENTED_EDGE('',*,*,#1168,.F.);
#987=ORIENTED_EDGE('',*,*,#1234,.T.);
#988=ORIENTED_EDGE('',*,*,#1171,.T.);
#989=ORIENTED_EDGE('',*,*,#1222,.T.);
#990=ORIENTED_EDGE('',*,*,#1189,.T.);
#991=ORIENTED_EDGE('',*,*,#1255,.T.);
#992=ORIENTED_EDGE('',*,*,#1178,.F.);
#993=ORIENTED_EDGE('',*,*,#1214,.F.);
#994=ORIENTED_EDGE('',*,*,#1251,.T.);
#995=ORIENTED_EDGE('',*,*,#1179,.F.);
#996=ORIENTED_EDGE('',*,*,#1255,.F.);
#997=ORIENTED_EDGE('',*,*,#1188,.T.);
#998=ORIENTED_EDGE('',*,*,#1238,.T.);
#999=ORIENTED_EDGE('',*,*,#1219,.T.);
#1000=ORIENTED_EDGE('',*,*,#1182,.F.);
#1001=ORIENTED_EDGE('',*,*,#1237,.T.);
#1002=ORIENTED_EDGE('',*,*,#1185,.T.);
#1003=ORIENTED_EDGE('',*,*,#1220,.T.);
#1004=ORIENTED_EDGE('',*,*,#1203,.T.);
#1005=ORIENTED_EDGE('',*,*,#1256,.T.);
#1006=ORIENTED_EDGE('',*,*,#1192,.F.);
#1007=ORIENTED_EDGE('',*,*,#1205,.F.);
#1008=ORIENTED_EDGE('',*,*,#1250,.T.);
#1009=ORIENTED_EDGE('',*,*,#1193,.F.);
#1010=ORIENTED_EDGE('',*,*,#1256,.F.);
#1011=ORIENTED_EDGE('',*,*,#1202,.T.);
#1012=ORIENTED_EDGE('',*,*,#1241,.T.);
#1013=ORIENTED_EDGE('',*,*,#1217,.T.);
#1014=ORIENTED_EDGE('',*,*,#1196,.F.);
#1015=ORIENTED_EDGE('',*,*,#1240,.T.);
#1016=ORIENTED_EDGE('',*,*,#1199,.T.);
#1017=ORIENTED_EDGE('',*,*,#1218,.T.);
#1018=ORIENTED_EDGE('',*,*,#1257,.T.);
#1019=ORIENTED_EDGE('',*,*,#1258,.T.);
#1020=ORIENTED_EDGE('',*,*,#1259,.F.);
#1021=ORIENTED_EDGE('',*,*,#1208,.F.);
#1022=ORIENTED_EDGE('',*,*,#1225,.F.);
#1023=ORIENTED_EDGE('',*,*,#1209,.T.);
#1024=ORIENTED_EDGE('',*,*,#1259,.T.);
#1025=ORIENTED_EDGE('',*,*,#1260,.T.);
#1026=ORIENTED_EDGE('',*,*,#1261,.T.);
#1027=ORIENTED_EDGE('',*,*,#1247,.T.);
#1028=ORIENTED_EDGE('',*,*,#1230,.T.);
#1029=ORIENTED_EDGE('',*,*,#1262,.T.);
#1030=ORIENTED_EDGE('',*,*,#1263,.T.);
#1031=ORIENTED_EDGE('',*,*,#1227,.F.);
#1032=ORIENTED_EDGE('',*,*,#1264,.F.);
#1033=ORIENTED_EDGE('',*,*,#1265,.F.);
#1034=ORIENTED_EDGE('',*,*,#1243,.T.);
#1035=ORIENTED_EDGE('',*,*,#1249,.T.);
#1036=ORIENTED_EDGE('',*,*,#1266,.F.);
#1037=ORIENTED_EDGE('',*,*,#1267,.F.);
#1038=ORIENTED_EDGE('',*,*,#1257,.F.);
#1039=ORIENTED_EDGE('',*,*,#1211,.F.);
#1040=ORIENTED_EDGE('',*,*,#1213,.T.);
#1041=ORIENTED_EDGE('',*,*,#1268,.T.);
#1042=ORIENTED_EDGE('',*,*,#1226,.F.);
#1043=ORIENTED_EDGE('',*,*,#1263,.F.);
#1044=ORIENTED_EDGE('',*,*,#1269,.F.);
#1045=ORIENTED_EDGE('',*,*,#1270,.F.);
#1046=ORIENTED_EDGE('',*,*,#1264,.T.);
#1047=ORIENTED_EDGE('',*,*,#1229,.T.);
#1048=ORIENTED_EDGE('',*,*,#1269,.T.);
#1049=ORIENTED_EDGE('',*,*,#1262,.F.);
#1050=ORIENTED_EDGE('',*,*,#1244,.T.);
#1051=ORIENTED_EDGE('',*,*,#1265,.T.);
#1052=ORIENTED_EDGE('',*,*,#1270,.T.);
#1053=ORIENTED_EDGE('',*,*,#1248,.T.);
#1054=ORIENTED_EDGE('',*,*,#1261,.F.);
#1055=ORIENTED_EDGE('',*,*,#1271,.F.);
#1056=ORIENTED_EDGE('',*,*,#1266,.T.);
#1057=ORIENTED_EDGE('',*,*,#1272,.F.);
#1058=ORIENTED_EDGE('',*,*,#1253,.T.);
#1059=ORIENTED_EDGE('',*,*,#1267,.T.);
#1060=ORIENTED_EDGE('',*,*,#1271,.T.);
#1061=ORIENTED_EDGE('',*,*,#1260,.F.);
#1062=ORIENTED_EDGE('',*,*,#1258,.F.);
#1063=ORIENTED_EDGE('',*,*,#1268,.F.);
#1064=ORIENTED_EDGE('',*,*,#1273,.T.);
#1065=ORIENTED_EDGE('',*,*,#1272,.T.);
#1066=ORIENTED_EDGE('',*,*,#1273,.F.);
#1067=EDGE_CURVE('',#1274,#1275,#1276,.T.);
#1068=EDGE_CURVE('',#1277,#1275,#1278,.T.);
#1069=EDGE_CURVE('',#1277,#1279,#1280,.T.);
#1070=EDGE_CURVE('',#1281,#1279,#1282,.T.);
#1071=EDGE_CURVE('',#1283,#1281,#1284,.T.);
#1072=EDGE_CURVE('',#1283,#1274,#1285,.T.);
#1073=EDGE_CURVE('',#1286,#1287,#1288,.T.);
#1074=EDGE_CURVE('',#1287,#1289,#1290,.T.);
#1075=EDGE_CURVE('',#1289,#1291,#1292,.T.);
#1076=EDGE_CURVE('',#1291,#1293,#1294,.T.);
#1077=EDGE_CURVE('',#1293,#1295,#1296,.T.);
#1078=EDGE_CURVE('',#1295,#1297,#1298,.T.);
#1079=EDGE_CURVE('',#1297,#1299,#1300,.T.);
#1080=EDGE_CURVE('',#1299,#1301,#1302,.T.);
#1081=EDGE_CURVE('',#1301,#1303,#1304,.T.);
#1082=EDGE_CURVE('',#1303,#1305,#1306,.T.);
#1083=EDGE_CURVE('',#1305,#1307,#1308,.T.);
#1084=EDGE_CURVE('',#1307,#1309,#1310,.T.);
#1085=EDGE_CURVE('',#1309,#1311,#1312,.T.);
#1086=EDGE_CURVE('',#1311,#1281,#1313,.T.);
#1087=EDGE_CURVE('',#1279,#1314,#1315,.T.);
#1088=EDGE_CURVE('',#1314,#1316,#1317,.T.);
#1089=EDGE_CURVE('',#1316,#1318,#1319,.T.);
#1090=EDGE_CURVE('',#1318,#1320,#1321,.T.);
#1091=EDGE_CURVE('',#1320,#1286,#1322,.T.);
#1092=EDGE_CURVE('',#1323,#1323,#1324,.T.);
#1093=EDGE_CURVE('',#1325,#1326,#1327,.T.);
#1094=EDGE_CURVE('',#1328,#1326,#1329,.T.);
#1095=EDGE_CURVE('',#1328,#1307,#1330,.T.);
#1096=EDGE_CURVE('',#1331,#1305,#1332,.T.);
#1097=EDGE_CURVE('',#1331,#1325,#1333,.T.);
#1098=EDGE_CURVE('',#1334,#1335,#1336,.T.);
#1099=EDGE_CURVE('',#1337,#1335,#1338,.T.);
#1100=EDGE_CURVE('',#1337,#1299,#1339,.T.);
#1101=EDGE_CURVE('',#1340,#1297,#1341,.T.);
#1102=EDGE_CURVE('',#1340,#1334,#1342,.T.);
#1103=EDGE_CURVE('',#1343,#1344,#1345,.T.);
#1104=EDGE_CURVE('',#1346,#1344,#1347,.T.);
#1105=EDGE_CURVE('',#1346,#1291,#1348,.T.);
#1106=EDGE_CURVE('',#1349,#1289,#1350,.T.);
#1107=EDGE_CURVE('',#1349,#1343,#1351,.T.);
#1108=EDGE_CURVE('',#1277,#1352,#1353,.T.);
#1109=EDGE_CURVE('',#1277,#1354,#1355,.F.);
#1110=EDGE_CURVE('',#1354,#1356,#1357,.F.);
#1111=EDGE_CURVE('',#1356,#1283,#1358,.T.);
#1112=EDGE_CURVE('',#1359,#1283,#1360,.T.);
#1113=EDGE_CURVE('',#1359,#1352,#1361,.T.);
#1114=EDGE_CURVE('',#1328,#1362,#1363,.T.);
#1115=EDGE_CURVE('',#1328,#1364,#1365,.F.);
#1116=EDGE_CURVE('',#1364,#1366,#1367,.F.);
#1117=EDGE_CURVE('',#1366,#1331,#1368,.T.);
#1118=EDGE_CURVE('',#1369,#1331,#1370,.T.);
#1119=EDGE_CURVE('',#1369,#1362,#1371,.T.);
#1120=EDGE_CURVE('',#1337,#1372,#1373,.T.);
#1121=EDGE_CURVE('',#1337,#1374,#1375,.F.);
#1122=EDGE_CURVE('',#1374,#1376,#1377,.F.);
#1123=EDGE_CURVE('',#1376,#1340,#1378,.T.);
#1124=EDGE_CURVE('',#1379,#1340,#1380,.T.);
#1125=EDGE_CURVE('',#1379,#1372,#1381,.T.);
#1126=EDGE_CURVE('',#1346,#1382,#1383,.T.);
#1127=EDGE_CURVE('',#1346,#1384,#1385,.F.);
#1128=EDGE_CURVE('',#1384,#1386,#1387,.F.);
#1129=EDGE_CURVE('',#1386,#1349,#1388,.T.);
#1130=EDGE_CURVE('',#1389,#1349,#1390,.T.);
#1131=EDGE_CURVE('',#1389,#1382,#1391,.T.);
#1132=EDGE_CURVE('',#1362,#1309,#1392,.T.);
#1133=EDGE_CURVE('',#1303,#1369,#1393,.F.);
#1134=EDGE_CURVE('',#1372,#1301,#1394,.T.);
#1135=EDGE_CURVE('',#1295,#1379,#1395,.F.);
#1136=EDGE_CURVE('',#1382,#1293,#1396,.T.);
#1137=EDGE_CURVE('',#1287,#1389,#1397,.F.);
#1138=EDGE_CURVE('',#1398,#1286,#1399,.T.);
#1139=EDGE_CURVE('',#1400,#1398,#1401,.T.);
#1140=EDGE_CURVE('',#1402,#1400,#1403,.T.);
#1141=EDGE_CURVE('',#1316,#1402,#1404,.F.);
#1142=EDGE_CURVE('',#1352,#1314,#1405,.T.);
#1143=EDGE_CURVE('',#1311,#1359,#1406,.F.);
#1144=EDGE_CURVE('',#1407,#1408,#1409,.F.);
#1145=EDGE_CURVE('',#1410,#1407,#1411,.F.);
#1146=EDGE_CURVE('',#1412,#1410,#1413,.F.);
#1147=EDGE_CURVE('',#1414,#1412,#1415,.F.);
#1148=EDGE_CURVE('',#1408,#1414,#1416,.F.);
#1149=EDGE_CURVE('',#1344,#1417,#1418,.T.);
#1150=EDGE_CURVE('',#1417,#1419,#1420,.T.);
#1151=EDGE_CURVE('',#1419,#1421,#1422,.T.);
#1152=EDGE_CURVE('',#1421,#1423,#1424,.F.);
#1153=EDGE_CURVE('',#1423,#1425,#1426,.F.);
#1154=EDGE_CURVE('',#1425,#1427,#1428,.T.);
#1155=EDGE_CURVE('',#1427,#1384,#1429,.T.);
#1156=EDGE_CURVE('',#1430,#1386,#1431,.T.);
#1157=EDGE_CURVE('',#1432,#1430,#1433,.T.);
#1158=EDGE_CURVE('',#1432,#1434,#1435,.T.);
#1159=EDGE_CURVE('',#1434,#1436,#1437,.T.);
#1160=EDGE_CURVE('',#1438,#1436,#1439,.T.);
#1161=EDGE_CURVE('',#1440,#1438,#1441,.T.);
#1162=EDGE_CURVE('',#1343,#1440,#1442,.T.);
#1163=EDGE_CURVE('',#1335,#1443,#1444,.T.);
#1164=EDGE_CURVE('',#1443,#1445,#1446,.T.);
#1165=EDGE_CURVE('',#1445,#1447,#1448,.T.);
#1166=EDGE_CURVE('',#1447,#1449,#1450,.F.);
#1167=EDGE_CURVE('',#1449,#1451,#1452,.F.);
#1168=EDGE_CURVE('',#1451,#1453,#1454,.T.);
#1169=EDGE_CURVE('',#1453,#1374,#1455,.T.);
#1170=EDGE_CURVE('',#1456,#1376,#1457,.T.);
#1171=EDGE_CURVE('',#1458,#1456,#1459,.T.);
#1172=EDGE_CURVE('',#1458,#1460,#1461,.T.);
#1173=EDGE_CURVE('',#1460,#1462,#1463,.T.);
#1174=EDGE_CURVE('',#1464,#1462,#1465,.T.);
#1175=EDGE_CURVE('',#1466,#1464,#1467,.T.);
#1176=EDGE_CURVE('',#1334,#1466,#1468,.T.);
#1177=EDGE_CURVE('',#1326,#1469,#1470,.T.);
#1178=EDGE_CURVE('',#1469,#1471,#1472,.T.);
#1179=EDGE_CURVE('',#1471,#1473,#1474,.T.);
#1180=EDGE_CURVE('',#1473,#1475,#1476,.F.);
#1181=EDGE_CURVE('',#1475,#1477,#1478,.F.);
#1182=EDGE_CURVE('',#1477,#1479,#1480,.T.);
#1183=EDGE_CURVE('',#1479,#1364,#1481,.T.);
#1184=EDGE_CURVE('',#1482,#1366,#1483,.T.);
#1185=EDGE_CURVE('',#1484,#1482,#1485,.T.);
#1186=EDGE_CURVE('',#1484,#1486,#1487,.T.);
#1187=EDGE_CURVE('',#1486,#1488,#1489,.T.);
#1188=EDGE_CURVE('',#1490,#1488,#1491,.T.);
#1189=EDGE_CURVE('',#1492,#1490,#1493,.T.);
#1190=EDGE_CURVE('',#1325,#1492,#1494,.T.);
#1191=EDGE_CURVE('',#1275,#1495,#1496,.T.);
#1192=EDGE_CURVE('',#1495,#1497,#1498,.T.);
#1193=EDGE_CURVE('',#1497,#1499,#1500,.T.);
#1194=EDGE_CURVE('',#1499,#1501,#1502,.F.);
#1195=EDGE_CURVE('',#1501,#1503,#1504,.F.);
#1196=EDGE_CURVE('',#1503,#1505,#1506,.T.);
#1197=EDGE_CURVE('',#1505,#1354,#1507,.T.);
#1198=EDGE_CURVE('',#1508,#1356,#1509,.T.);
#1199=EDGE_CURVE('',#1510,#1508,#1511,.T.);
#1200=EDGE_CURVE('',#1510,#1512,#1513,.T.);
#1201=EDGE_CURVE('',#1512,#1514,#1515,.T.);
#1202=EDGE_CURVE('',#1516,#1514,#1517,.T.);
#1203=EDGE_CURVE('',#1518,#1516,#1519,.T.);
#1204=EDGE_CURVE('',#1274,#1518,#1520,.T.);
#1205=EDGE_CURVE('',#1518,#1495,#1521,.T.);
#1206=EDGE_CURVE('',#1402,#1522,#1523,.T.);
#1207=EDGE_CURVE('',#1522,#1318,#1524,.T.);
#1208=EDGE_CURVE('',#1525,#1526,#1527,.T.);
#1209=EDGE_CURVE('',#1528,#1526,#1529,.T.);
#1210=EDGE_CURVE('',#1528,#1320,#1530,.T.);
#1211=EDGE_CURVE('',#1522,#1525,#1531,.T.);
#1212=EDGE_CURVE('',#1528,#1398,#1532,.T.);
#1213=EDGE_CURVE('',#1533,#1533,#1534,.F.);
#1214=EDGE_CURVE('',#1492,#1469,#1535,.T.);
#1215=EDGE_CURVE('',#1466,#1443,#1536,.T.);
#1216=EDGE_CURVE('',#1440,#1417,#1537,.T.);
#1217=EDGE_CURVE('',#1408,#1505,#1538,.T.);
#1218=EDGE_CURVE('',#1508,#1408,#1539,.T.);
#1219=EDGE_CURVE('',#1414,#1479,#1540,.T.);
#1220=EDGE_CURVE('',#1482,#1414,#1541,.T.);
#1221=EDGE_CURVE('',#1412,#1453,#1542,.T.);
#1222=EDGE_CURVE('',#1456,#1412,#1543,.T.);
#1223=EDGE_CURVE('',#1410,#1427,#1544,.T.);
#1224=EDGE_CURVE('',#1430,#1410,#1545,.T.);
#1225=EDGE_CURVE('',#1528,#1546,#1547,.F.);
#1226=EDGE_CURVE('',#1546,#1548,#1549,.F.);
#1227=EDGE_CURVE('',#1548,#1522,#1550,.T.);
#1228=EDGE_CURVE('',#1410,#1432,#1551,.F.);
#1229=EDGE_CURVE('',#1552,#1407,#1553,.F.);
#1230=EDGE_CURVE('',#1554,#1552,#1555,.F.);
#1231=EDGE_CURVE('',#1554,#1434,#1556,.T.);
#1232=EDGE_CURVE('',#1425,#1410,#1557,.F.);
#1233=EDGE_CURVE('',#1423,#1460,#1558,.T.);
#1234=EDGE_CURVE('',#1412,#1458,#1559,.F.);
#1235=EDGE_CURVE('',#1451,#1412,#1560,.F.);
#1236=EDGE_CURVE('',#1449,#1486,#1561,.T.);
#1237=EDGE_CURVE('',#1414,#1484,#1562,.F.);
#1238=EDGE_CURVE('',#1477,#1414,#1563,.F.);
#1239=EDGE_CURVE('',#1475,#1512,#1564,.T.);
#1240=EDGE_CURVE('',#1408,#1510,#1565,.F.);
#1241=EDGE_CURVE('',#1503,#1408,#1566,.F.);
#1242=EDGE_CURVE('',#1501,#1567,#1568,.T.);
#1243=EDGE_CURVE('',#1569,#1567,#1570,.T.);
#1244=EDGE_CURVE('',#1407,#1569,#1571,.T.);
#1245=EDGE_CURVE('',#1438,#1419,#1572,.T.);
#1246=EDGE_CURVE('',#1436,#1421,#1573,.F.);
#1247=EDGE_CURVE('',#1574,#1554,#1575,.F.);
#1248=EDGE_CURVE('',#1576,#1574,#1577,.F.);
#1249=EDGE_CURVE('',#1567,#1576,#1578,.T.);
#1250=EDGE_CURVE('',#1514,#1499,#1579,.F.);
#1251=EDGE_CURVE('',#1488,#1473,#1580,.F.);
#1252=EDGE_CURVE('',#1462,#1447,#1581,.F.);
#1253=EDGE_CURVE('',#1582,#1582,#1583,.T.);
#1254=EDGE_CURVE('',#1464,#1445,#1584,.T.);
#1255=EDGE_CURVE('',#1490,#1471,#1585,.T.);
#1256=EDGE_CURVE('',#1516,#1497,#1586,.T.);
#1257=EDGE_CURVE('',#1525,#1587,#1588,.T.);
#1258=EDGE_CURVE('',#1587,#1589,#1590,.T.);
#1259=EDGE_CURVE('',#1526,#1589,#1591,.T.);
#1260=EDGE_CURVE('',#1589,#1592,#1593,.T.);
#1261=EDGE_CURVE('',#1592,#1574,#1594,.T.);
#1262=EDGE_CURVE('',#1552,#1595,#1596,.T.);
#1263=EDGE_CURVE('',#1595,#1546,#1597,.T.);
#1264=EDGE_CURVE('',#1598,#1548,#1599,.T.);
#1265=EDGE_CURVE('',#1569,#1598,#1600,.T.);
#1266=EDGE_CURVE('',#1601,#1576,#1602,.T.);
#1267=EDGE_CURVE('',#1587,#1601,#1603,.T.);
#1268=EDGE_CURVE('',#1604,#1604,#1605,.T.);
#1269=EDGE_CURVE('',#1407,#1595,#1606,.T.);
#1270=EDGE_CURVE('',#1598,#1407,#1607,.T.);
#1271=EDGE_CURVE('',#1601,#1592,#1608,.T.);
#1272=EDGE_CURVE('',#1609,#1609,#1610,.T.);
#1273=EDGE_CURVE('',#1611,#1611,#1612,.T.);
#1274=VERTEX_POINT('',#1613);
#1275=VERTEX_POINT('',#1614);
#1276=LINE('',#1615,#1616);
#1277=VERTEX_POINT('',#1618);
#1278=LINE('',#1619,#1620);
#1279=VERTEX_POINT('',#1622);
#1280=LINE('',#1623,#1624);
#1281=VERTEX_POINT('',#1626);
#1282=LINE('',#1627,#1628);
#1283=VERTEX_POINT('',#1630);
#1284=LINE('',#1631,#1632);
#1285=LINE('',#1634,#1635);
#1286=VERTEX_POINT('',#1637);
#1287=VERTEX_POINT('',#1638);
#1288=CIRCLE('',#1639,26.);
#1289=VERTEX_POINT('',#1643);
#1290=LINE('',#1644,#1645);
#1291=VERTEX_POINT('',#1647);
#1292=LINE('',#1648,#1649);
#1293=VERTEX_POINT('',#1651);
#1294=LINE('',#1652,#1653);
#1295=VERTEX_POINT('',#1655);
#1296=CIRCLE('',#1656,26.);
#1297=VERTEX_POINT('',#1660);
#1298=LINE('',#1661,#1662);
#1299=VERTEX_POINT('',#1664);
#1300=LINE('',#1665,#1666);
#1301=VERTEX_POINT('',#1668);
#1302=LINE('',#1669,#1670);
#1303=VERTEX_POINT('',#1672);
#1304=CIRCLE('',#1673,26.);
#1305=VERTEX_POINT('',#1677);
#1306=LINE('',#1678,#1679);
#1307=VERTEX_POINT('',#1681);
#1308=LINE('',#1682,#1683);
#1309=VERTEX_POINT('',#1685);
#1310=LINE('',#1686,#1687);
#1311=VERTEX_POINT('',#1689);
#1312=CIRCLE('',#1690,26.);
#1313=LINE('',#1694,#1695);
#1314=VERTEX_POINT('',#1697);
#1315=LINE('',#1698,#1699);
#1316=VERTEX_POINT('',#1701);
#1317=CIRCLE('',#1702,26.);
#1318=VERTEX_POINT('',#1706);
#1319=LINE('',#1707,#1708);
#1320=VERTEX_POINT('',#1710);
#1321=LINE('',#1711,#1712);
#1322=LINE('',#1714,#1715);
#1323=VERTEX_POINT('',#1717);
#1324=CIRCLE('',#1718,25.15);
#1325=VERTEX_POINT('',#1722);
#1326=VERTEX_POINT('',#1723);
#1327=LINE('',#1724,#1725);
#1328=VERTEX_POINT('',#1727);
#1329=LINE('',#1728,#1729);
#1330=LINE('',#1731,#1732);
#1331=VERTEX_POINT('',#1734);
#1332=LINE('',#1735,#1736);
#1333=LINE('',#1738,#1739);
#1334=VERTEX_POINT('',#1741);
#1335=VERTEX_POINT('',#1742);
#1336=LINE('',#1743,#1744);
#1337=VERTEX_POINT('',#1746);
#1338=LINE('',#1747,#1748);
#1339=LINE('',#1750,#1751);
#1340=VERTEX_POINT('',#1753);
#1341=LINE('',#1754,#1755);
#1342=LINE('',#1757,#1758);
#1343=VERTEX_POINT('',#1760);
#1344=VERTEX_POINT('',#1761);
#1345=LINE('',#1762,#1763);
#1346=VERTEX_POINT('',#1765);
#1347=LINE('',#1766,#1767);
#1348=LINE('',#1769,#1770);
#1349=VERTEX_POINT('',#1772);
#1350=LINE('',#1773,#1774);
#1351=LINE('',#1776,#1777);
#1352=VERTEX_POINT('',#1779);
#1353=LINE('',#1780,#1781);
#1354=VERTEX_POINT('',#1783);
#1355=LINE('',#1784,#1785);
#1356=VERTEX_POINT('',#1787);
#1357=LINE('',#1788,#1789);
#1358=LINE('',#1791,#1792);
#1359=VERTEX_POINT('',#1794);
#1360=LINE('',#1795,#1796);
#1361=CIRCLE('',#1798,26.);
#1362=VERTEX_POINT('',#1802);
#1363=LINE('',#1803,#1804);
#1364=VERTEX_POINT('',#1806);
#1365=LINE('',#1807,#1808);
#1366=VERTEX_POINT('',#1810);
#1367=LINE('',#1811,#1812);
#1368=LINE('',#1814,#1815);
#1369=VERTEX_POINT('',#1817);
#1370=LINE('',#1818,#1819);
#1371=CIRCLE('',#1821,26.);
#1372=VERTEX_POINT('',#1825);
#1373=LINE('',#1826,#1827);
#1374=VERTEX_POINT('',#1829);
#1375=LINE('',#1830,#1831);
#1376=VERTEX_POINT('',#1833);
#1377=LINE('',#1834,#1835);
#1378=LINE('',#1837,#1838);
#1379=VERTEX_POINT('',#1840);
#1380=LINE('',#1841,#1842);
#1381=CIRCLE('',#1844,26.);
#1382=VERTEX_POINT('',#1848);
#1383=LINE('',#1849,#1850);
#1384=VERTEX_POINT('',#1852);
#1385=LINE('',#1853,#1854);
#1386=VERTEX_POINT('',#1856);
#1387=LINE('',#1857,#1858);
#1388=LINE('',#1860,#1861);
#1389=VERTEX_POINT('',#1863);
#1390=LINE('',#1864,#1865);
#1391=CIRCLE('',#1867,26.);
#1392=LINE('',#1871,#1872);
#1393=LINE('',#1874,#1875);
#1394=LINE('',#1877,#1878);
#1395=LINE('',#1880,#1881);
#1396=LINE('',#1883,#1884);
#1397=LINE('',#1886,#1887);
#1398=VERTEX_POINT('',#1889);
#1399=LINE('',#1890,#1891);
#1400=VERTEX_POINT('',#1893);
#1401=CIRCLE('',#1894,26.);
#1402=VERTEX_POINT('',#1898);
#1403=CIRCLE('',#1899,26.);
#1404=LINE('',#1903,#1904);
#1405=LINE('',#1906,#1907);
#1406=LINE('',#1909,#1910);
#1407=VERTEX_POINT('',#1912);
#1408=VERTEX_POINT('',#1913);
#1409=CIRCLE('',#1914,26.);
#1410=VERTEX_POINT('',#1918);
#1411=CIRCLE('',#1919,26.);
#1412=VERTEX_POINT('',#1923);
#1413=CIRCLE('',#1924,26.);
#1414=VERTEX_POINT('',#1928);
#1415=CIRCLE('',#1929,26.);
#1416=CIRCLE('',#1933,26.);
#1417=VERTEX_POINT('',#1937);
#1418=LINE('',#1938,#1939);
#1419=VERTEX_POINT('',#1941);
#1420=LINE('',#1942,#1943);
#1421=VERTEX_POINT('',#1945);
#1422=LINE('',#1946,#1947);
#1423=VERTEX_POINT('',#1949);
#1424=LINE('',#1950,#1951);
#1425=VERTEX_POINT('',#1953);
#1426=B_SPLINE_CURVE_WITH_KNOTS('',3,
(#1954,#1955,#1956,#1957,#1958,#1959,#1960,#1961),
.UNSPECIFIED.,.F.,.F.,
(4,1,1,1,1,4),
(0.,0.136573185076653,0.300320310356644,0.497910804289446,0.736693471031251,1.),
.UNSPECIFIED.);
#1427=VERTEX_POINT('',#1962);
#1428=LINE('',#1963,#1964);
#1429=LINE('',#1966,#1967);
#1430=VERTEX_POINT('',#1969);
#1431=LINE('',#1970,#1971);
#1432=VERTEX_POINT('',#1973);
#1433=LINE('',#1974,#1975);
#1434=VERTEX_POINT('',#1977);
#1435=B_SPLINE_CURVE_WITH_KNOTS('',3,
(#1978,#1979,#1980,#1981,#1982,#1983,#1984,#1985),
.UNSPECIFIED.,.F.,.F.,
(4,1,1,1,1,4),
(0.,0.136573185402742,0.300320311110311,0.497910805778862,0.736693472294912,1.),
.UNSPECIFIED.);
#1436=VERTEX_POINT('',#1986);
#1437=LINE('',#1987,#1988);
#1438=VERTEX_POINT('',#1990);
#1439=LINE('',#1991,#1992);
#1440=VERTEX_POINT('',#1994);
#1441=LINE('',#1995,#1996);
#1442=LINE('',#1998,#1999);
#1443=VERTEX_POINT('',#2001);
#1444=LINE('',#2002,#2003);
#1445=VERTEX_POINT('',#2005);
#1446=LINE('',#2006,#2007);
#1447=VERTEX_POINT('',#2009);
#1448=LINE('',#2010,#2011);
#1449=VERTEX_POINT('',#2013);
#1450=LINE('',#2014,#2015);
#1451=VERTEX_POINT('',#2017);
#1452=B_SPLINE_CURVE_WITH_KNOTS('',3,
(#2018,#2019,#2020,#2021,#2022,#2023,#2024,#2025),
.UNSPECIFIED.,.F.,.F.,
(4,1,1,1,1,4),
(0.,0.136573185538441,0.300320311423943,0.497910806398669,0.736693472820774,1.),
.UNSPECIFIED.);
#1453=VERTEX_POINT('',#2026);
#1454=LINE('',#2027,#2028);
#1455=LINE('',#2030,#2031);
#1456=VERTEX_POINT('',#2033);
#1457=LINE('',#2034,#2035);
#1458=VERTEX_POINT('',#2037);
#1459=LINE('',#2038,#2039);
#1460=VERTEX_POINT('',#2041);
#1461=B_SPLINE_CURVE_WITH_KNOTS('',3,
(#2042,#2043,#2044,#2045,#2046,#2047,#2048,#2049),
.UNSPECIFIED.,.F.,.F.,
(4,1,1,1,1,4),
(0.,0.136573185402682,0.300320311110173,0.497910805778589,0.736693472294681,1.),
.UNSPECIFIED.);
#1462=VERTEX_POINT('',#2050);
#1463=LINE('',#2051,#2052);
#1464=VERTEX_POINT('',#2054);
#1465=LINE('',#2055,#2056);
#1466=VERTEX_POINT('',#2058);
#1467=LINE('',#2059,#2060);
#1468=LINE('',#2062,#2063);
#1469=VERTEX_POINT('',#2065);
#1470=LINE('',#2066,#2067);
#1471=VERTEX_POINT('',#2069);
#1472=LINE('',#2070,#2071);
#1473=VERTEX_POINT('',#2073);
#1474=LINE('',#2074,#2075);
#1475=VERTEX_POINT('',#2077);
#1476=LINE('',#2078,#2079);
#1477=VERTEX_POINT('',#2081);
#1478=B_SPLINE_CURVE_WITH_KNOTS('',3,
(#2082,#2083,#2084,#2085,#2086,#2087,#2088,#2089),
.UNSPECIFIED.,.F.,.F.,
(4,1,1,1,1,4),
(0.,0.136573185538481,0.300320311424037,0.497910806398855,0.736693472820932,1.),
.UNSPECIFIED.);
#1479=VERTEX_POINT('',#2090);
#1480=LINE('',#2091,#2092);
#1481=LINE('',#2094,#2095);
#1482=VERTEX_POINT('',#2097);
#1483=LINE('',#2098,#2099);
#1484=VERTEX_POINT('',#2101);
#1485=LINE('',#2102,#2103);
#1486=VERTEX_POINT('',#2105);
#1487=B_SPLINE_CURVE_WITH_KNOTS('',3,
(#2106,#2107,#2108,#2109,#2110,#2111,#2112,#2113),
.UNSPECIFIED.,.F.,.F.,
(4,1,1,1,1,4),
(0.,0.136573185402699,0.300320311110211,0.497910805778665,0.736693472294746,1.),
.UNSPECIFIED.);
#1488=VERTEX_POINT('',#2114);
#1489=LINE('',#2115,#2116);
#1490=VERTEX_POINT('',#2118);
#1491=LINE('',#2119,#2120);
#1492=VERTEX_POINT('',#2122);
#1493=LINE('',#2123,#2124);
#1494=LINE('',#2126,#2127);
#1495=VERTEX_POINT('',#2129);
#1496=LINE('',#2130,#2131);
#1497=VERTEX_POINT('',#2133);
#1498=LINE('',#2134,#2135);
#1499=VERTEX_POINT('',#2137);
#1500=LINE('',#2138,#2139);
#1501=VERTEX_POINT('',#2141);
#1502=LINE('',#2142,#2143);
#1503=VERTEX_POINT('',#2145);
#1504=B_SPLINE_CURVE_WITH_KNOTS('',3,
(#2146,#2147,#2148,#2149,#2150,#2151,#2152,#2153),
.UNSPECIFIED.,.F.,.F.,
(4,1,1,1,1,4),
(0.,0.136573185076518,0.300320310356333,0.497910804288832,0.736693471030729,1.),
.UNSPECIFIED.);
#1505=VERTEX_POINT('',#2154);
#1506=LINE('',#2155,#2156);
#1507=LINE('',#2158,#2159);
#1508=VERTEX_POINT('',#2161);
#1509=LINE('',#2162,#2163);
#1510=VERTEX_POINT('',#2165);
#1511=LINE('',#2166,#2167);
#1512=VERTEX_POINT('',#2169);
#1513=B_SPLINE_CURVE_WITH_KNOTS('',3,
(#2170,#2171,#2172,#2173,#2174,#2175,#2176,#2177),
.UNSPECIFIED.,.F.,.F.,
(4,1,1,1,1,4),
(0.,0.136573185402694,0.300320311110201,0.497910805778645,0.736693472294729,1.),
.UNSPECIFIED.);
#1514=VERTEX_POINT('',#2178);
#1515=LINE('',#2179,#2180);
#1516=VERTEX_POINT('',#2182);
#1517=LINE('',#2183,#2184);
#1518=VERTEX_POINT('',#2186);
#1519=LINE('',#2187,#2188);
#1520=LINE('',#2190,#2191);
#1521=LINE('',#2193,#2194);
#1522=VERTEX_POINT('',#2196);
#1523=LINE('',#2197,#2198);
#1524=LINE('',#2200,#2201);
#1525=VERTEX_POINT('',#2203);
#1526=VERTEX_POINT('',#2204);
#1527=LINE('',#2205,#2206);
#1528=VERTEX_POINT('',#2208);
#1529=LINE('',#2209,#2210);
#1530=LINE('',#2212,#2213);
#1531=LINE('',#2215,#2216);
#1532=LINE('',#2218,#2219);
#1533=VERTEX_POINT('',#2221);
#1534=CIRCLE('',#2222,25.15);
#1535=LINE('',#2226,#2227);
#1536=LINE('',#2229,#2230);
#1537=LINE('',#2232,#2233);
#1538=LINE('',#2235,#2236);
#1539=LINE('',#2238,#2239);
#1540=LINE('',#2241,#2242);
#1541=LINE('',#2244,#2245);
#1542=LINE('',#2247,#2248);
#1543=LINE('',#2250,#2251);
#1544=LINE('',#2253,#2254);
#1545=LINE('',#2256,#2257);
#1546=VERTEX_POINT('',#2259);
#1547=LINE('',#2260,#2261);
#1548=VERTEX_POINT('',#2263);
#1549=LINE('',#2264,#2265);
#1550=LINE('',#2267,#2268);
#1551=B_SPLINE_CURVE_WITH_KNOTS('',3,
(#2270,#2271,#2272,#2273,#2274,#2275,#2276,#2277,#2278,#2279,#2280,#2281,#2282,#2283,
#2284,#2285,#2286,#2287,#2288,#2289,#2290,#2291,#2292,#2293,#2294,#2295,#2296,#2297,
#2298,#2299,#2300,#2301,#2302,#2303,#2304,#2305,#2306,#2307,#2308,#2309,#2310,#2311,
#2312,#2313,#2314,#2315,#2316,#2317,#2318,#2319,#2320,#2321,#2322,#2323,#2324,#2325,
#2326,#2327,#2328,#2329,#2330,#2331,#2332,#2333,#2334,#2335,#2336),
.UNSPECIFIED.,.F.,.F.,
(4,1,1,1,1,1,1,1,1,1,1,1,1,1,1,1,1,1,1,1,1,1,1,1,1,1,1,1,1,1,1,1,1,1,1,1,1,1,1,1,
1,1,1,1,1,1,1,1,1,1,1,1,1,1,1,1,1,1,1,1,1,1,1,1,4),
(0.,0.0130516848924142,0.0262478066908579,0.0395988188311787,0.053257748325499,0.0670739057016949,
0.0813423470177023,0.0959104616936475,0.110923802856843,0.126084702119908,0.141711910701016,
0.157657091209426,0.174090466607643,0.190690401521832,0.207657639309672,0.224819231429331,
0.248013175729441,0.271449045601007,0.295186155287766,0.313557688017549,0.332140504078327,
0.351235740246603,0.370640813032464,0.390463516553647,0.410383037705534,0.430423420527171,
0.4504624350687,0.470394392454794,0.490188856431488,0.509570583173216,0.528652464184233,
0.547356241406328,0.565958655606897,0.576484325690334,0.58393850889978,0.601438783039019,
0.618124695906236,0.634490293186465,0.650078790026694,0.665208529006303,0.679748110925471,
0.694145997053735,0.708144431501381,0.721873658791368,0.735210882526479,0.748426787907237,
0.768731028970529,0.798376519225421,0.836636249304255,0.872572934008246,0.897614187492884,
0.912498541331059,0.920722017139143,0.928637282172861,0.935936330316419,0.942924358646058,
0.949567681402722,0.956189228020312,0.962712526581685,0.969160683151648,0.975483545169921,
0.981749067156227,0.987902993550437,0.993987753602855,1.),
.UNSPECIFIED.);
#1552=VERTEX_POINT('',#2337);
#1553=B_SPLINE_CURVE_WITH_KNOTS('',3,
(#2338,#2339,#2340,#2341,#2342,#2343,#2344,#2345,#2346,#2347,#2348,#2349,#2350,#2351,
#2352,#2353,#2354,#2355,#2356,#2357,#2358,#2359,#2360,#2361,#2362,#2363,#2364,#2365,
#2366,#2367,#2368,#2369,#2370,#2371,#2372,#2373,#2374,#2375,#2376,#2377,#2378,#2379,
#2380,#2381,#2382,#2383,#2384,#2385,#2386,#2387,#2388,#2389,#2390,#2391,#2392,#2393,
#2394,#2395,#2396,#2397,#2398,#2399,#2400,#2401,#2402,#2403,#2404,#2405,#2406,#2407,
#2408,#2409,#2410,#2411,#2412),
.UNSPECIFIED.,.F.,.F.,
(4,1,1,1,1,1,1,1,1,1,1,1,1,1,1,1,1,1,1,1,1,1,1,1,1,1,1,1,1,1,1,1,1,1,1,1,1,1,1,1,
1,1,1,1,1,1,1,1,1,1,1,1,1,1,1,1,1,1,1,1,1,1,1,1,1,1,1,1,1,1,1,1,4),
(0.,0.0130555601747081,0.0265693676071158,0.040504931931838,0.0548975909555308,0.0695578989652699,
0.0843187772243331,0.0990572733706348,0.113614010686023,0.128077561829707,0.14199363633434,
0.155462061005546,0.168169772127606,0.180537288772258,0.193242776345667,0.206579059893258,
0.224617435418546,0.242029849784135,0.258841981529627,0.269846243231046,0.279640605614128,
0.288212234732289,0.296772418790614,0.30536305095713,0.313996057159125,0.322725481509033,
0.331512058132418,0.340472756168164,0.34955632353305,0.358831462553487,0.368183202478727,
0.377739096484458,0.387431525336033,0.397325348987581,0.40729246650054,0.417394215705611,
0.427564435049937,0.437801536984356,0.448041284812171,0.45825680145824,0.468443189739311,
0.47856769365002,0.488647318893383,0.49863107161324,0.508541205776784,0.51834968805109,
0.528110720836338,0.538112291474628,0.548380148930131,0.559179831723214,0.570259685208733,
0.582148817918667,0.594582545665937,0.607833345623782,0.621370215302576,0.635747223550576,
0.650689433301315,0.666479239931078,0.682555175935121,0.704950525487902,0.73334740306107,
0.76195682553992,0.784836377273811,0.801962019255503,0.819067378073371,0.836066655428526,
0.852985884497321,0.86976853019572,0.886499124423536,0.904832820124691,0.924824495086972,
0.957105793220702,1.),
.UNSPECIFIED.);
#1554=VERTEX_POINT('',#2413);
#1555=B_SPLINE_CURVE_WITH_KNOTS('',3,
(#2414,#2415,#2416,#2417,#2418,#2419,#2420,#2421,#2422,#2423,#2424,#2425,#2426,#2427),
.UNSPECIFIED.,.F.,.F.,
(4,1,1,1,1,1,1,1,1,1,1,4),
(0.,0.0630337777276607,0.136573185076598,0.204859777614897,0.300320310356518,0.387446687807117,
0.497910804289197,0.605040206546559,0.73669347103104,0.844381928890835,0.984962411225809,
1.),
.UNSPECIFIED.);
#1556=CIRCLE('',#2428,32.3671222431441);
#1557=B_SPLINE_CURVE_WITH_KNOTS('',3,
(#2432,#2433,#2434,#2435,#2436,#2437,#2438,#2439,#2440,#2441,#2442,#2443,#2444,#2445,
#2446,#2447,#2448,#2449,#2450,#2451,#2452,#2453,#2454,#2455,#2456,#2457,#2458,#2459,
#2460,#2461,#2462,#2463,#2464,#2465,#2466,#2467,#2468,#2469,#2470,#2471,#2472,#2473,
#2474,#2475,#2476,#2477,#2478,#2479,#2480,#2481,#2482,#2483,#2484,#2485,#2486,#2487,
#2488,#2489,#2490,#2491,#2492,#2493,#2494,#2495,#2496,#2497,#2498,#2499,#2500,#2501,
#2502,#2503,#2504,#2505,#2506,#2507,#2508,#2509,#2510),
.UNSPECIFIED.,.F.,.F.,
(4,1,1,1,1,1,1,1,1,1,1,1,1,1,1,1,1,1,1,1,1,1,1,1,1,1,1,1,1,1,1,1,1,1,1,1,1,1,1,1,
1,1,1,1,1,1,1,1,1,1,1,1,1,1,1,1,1,1,1,1,1,1,1,1,1,1,1,1,1,1,1,1,1,1,1,1,4),
(0.,0.0128058417009549,0.0256658498034053,0.0385797671047759,0.0515108579782042,
0.0644792160359377,0.0773265643954762,0.0900761478550092,0.102630998362152,0.115130373736592,
0.127173780422249,0.13883456992258,0.149807347541943,0.16047265523954,0.170348196500342,
0.179725127508758,0.188409942967178,0.196874686044386,0.204785312323671,0.212334152545248,
0.219363076438517,0.226204861446074,0.232719951912039,0.239068352609533,0.245253588088519,
0.251414610678407,0.257783392643972,0.264373455583326,0.271381981289963,0.278605308256515,
0.286412206357219,0.294610602890185,0.303391362062218,0.312388733572084,0.322041351731916,
0.332163708238793,0.343027459244932,0.354193056679234,0.366009199158936,0.378202239001717,
0.390858759832027,0.40362025862232,0.416605528701109,0.429716263713127,0.442976485501508,
0.456252519242836,0.469509628506309,0.482706890499799,0.495754784724742,0.508669688910346,
0.52151243017756,0.534401459563315,0.547526355354755,0.560817037343225,0.574586827342302,
0.588691682880307,0.603312980854751,0.618137779109835,0.633524220447944,0.649287689113819,
0.665609817945682,0.682121974392186,0.69900997810374,0.716077258338046,0.73905236038758,
0.761962488703037,0.784861251882729,0.801993283014667,0.819102154081133,0.836101222447275,
0.853018525734984,0.869797863177836,0.886525281341707,0.904855306045919,0.924842782113123,
0.957116505213309,1.),
.UNSPECIFIED.);
#1558=CIRCLE('',#2511,32.3671222431441);
#1559=B_SPLINE_CURVE_WITH_KNOTS('',3,
(#2515,#2516,#2517,#2518,#2519,#2520,#2521,#2522,#2523,#2524,#2525,#2526,#2527,#2528,
#2529,#2530,#2531,#2532,#2533,#2534,#2535,#2536,#2537,#2538,#2539,#2540,#2541,#2542,
#2543,#2544,#2545,#2546,#2547,#2548,#2549,#2550,#2551,#2552,#2553,#2554,#2555,#2556,
#2557,#2558,#2559,#2560,#2561,#2562,#2563,#2564,#2565,#2566,#2567,#2568,#2569,#2570,
#2571,#2572,#2573,#2574,#2575,#2576,#2577,#2578,#2579,#2580,#2581,#2582,#2583),
.UNSPECIFIED.,.F.,.F.,
(4,1,1,1,1,1,1,1,1,1,1,1,1,1,1,1,1,1,1,1,1,1,1,1,1,1,1,1,1,1,1,1,1,1,1,1,1,1,1,1,
1,1,1,1,1,1,1,1,1,1,1,1,1,1,1,1,1,1,1,1,1,1,1,1,1,1,4),
(0.,0.0169510292515723,0.0339583234396057,0.0510356282938986,0.0682380457230929,
0.0855056057051967,0.102937607346848,0.120474680679471,0.138161817843563,0.155895032129488,
0.173697416340836,0.191519705844969,0.209335410227522,0.227117852227414,0.250619268364401,
0.279785834462211,0.308887442832111,0.332118452651121,0.349546391700811,0.367000388815345,
0.384569605881652,0.402220927323159,0.42001047839334,0.437836510827821,0.45568215794906,
0.47348437414192,0.491152323888903,0.508702542531847,0.52594167759852,0.543024813509028,
0.559842893357433,0.576576593389653,0.594424712179784,0.613500652553953,0.639950312726278,
0.66576712627256,0.69093381545968,0.707586731803472,0.72249580318922,0.735591163082651,
0.748614630431147,0.768531069237534,0.797173473001729,0.833580014384745,0.867131641374053,
0.890185631057084,0.90367163839619,0.910987718093608,0.918010756141491,0.924376515493686,
0.930374367271289,0.937734539922771,0.944816286098027,0.951623660311029,0.956313842615916,
0.960878248730506,0.965173766414505,0.969324991018823,0.973260535904119,0.977141471785163,
0.980831075269031,0.984382055726558,0.987719263276661,0.990970935447786,0.994064885210878,
0.997074260062932,1.),
.UNSPECIFIED.);
#1560=B_SPLINE_CURVE_WITH_KNOTS('',3,
(#2584,#2585,#2586,#2587,#2588,#2589,#2590,#2591,#2592,#2593,#2594,#2595,#2596,#2597,
#2598,#2599,#2600,#2601,#2602,#2603,#2604,#2605,#2606,#2607,#2608,#2609,#2610,#2611,
#2612,#2613,#2614,#2615,#2616,#2617,#2618,#2619,#2620,#2621,#2622,#2623,#2624,#2625,
#2626,#2627,#2628,#2629,#2630,#2631,#2632,#2633,#2634,#2635,#2636,#2637,#2638,#2639,
#2640,#2641,#2642,#2643,#2644,#2645,#2646),
.UNSPECIFIED.,.F.,.F.,
(4,1,1,1,1,1,1,1,1,1,1,1,1,1,1,1,1,1,1,1,1,1,1,1,1,1,1,1,1,1,1,1,1,1,1,1,1,1,1,1,
1,1,1,1,1,1,1,1,1,1,1,1,1,1,1,1,1,1,1,1,4),
(0.,0.0134488599761595,0.0276192515355237,0.0424623052448797,0.0582016296297653,
0.0743976035760893,0.0912254183573251,0.108326456380545,0.125630957216954,0.142834669936941,
0.15978009596243,0.176451565039444,0.192700123710865,0.208664209003714,0.224345312695873,
0.23994625104633,0.255408686808805,0.270878005735978,0.286057371752272,0.30099939534807,
0.315493073958385,0.329822589970989,0.343657500670039,0.357188825311557,0.37030112148313,
0.383305978546681,0.395852163866214,0.408038284477735,0.419613653425986,0.430915664334756,
0.441571888229078,0.451824635458573,0.461528034171552,0.47104648505381,0.480476649057864,
0.490005630473266,0.499855826436712,0.50994052735792,0.520803628551775,0.532229891061746,
0.544560710349974,0.557253874630372,0.571102971661906,0.585770031237479,0.60172256993771,
0.618163182745533,0.635667843254808,0.653761342259156,0.672544295295284,0.691423420223897,
0.71719689859528,0.743282622638699,0.769720470617303,0.789984326463769,0.810462443381766,
0.831201227241877,0.851995942228198,0.875293791073838,0.901046880139182,0.943446126912774,
1.),
.UNSPECIFIED.);
#1561=CIRCLE('',#2647,32.3671222431441);
#1562=B_SPLINE_CURVE_WITH_KNOTS('',3,
(#2651,#2652,#2653,#2654,#2655,#2656,#2657,#2658,#2659,#2660,#2661,#2662,#2663,#2664,
#2665,#2666,#2667,#2668,#2669,#2670,#2671,#2672,#2673,#2674,#2675,#2676,#2677,#2678,
#2679,#2680,#2681,#2682,#2683,#2684,#2685,#2686,#2687,#2688,#2689,#2690,#2691,#2692,
#2693,#2694,#2695,#2696,#2697,#2698,#2699,#2700,#2701,#2702,#2703,#2704,#2705,#2706,
#2707,#2708,#2709,#2710,#2711,#2712,#2713,#2714,#2715,#2716,#2717,#2718,#2719),
.UNSPECIFIED.,.F.,.F.,
(4,1,1,1,1,1,1,1,1,1,1,1,1,1,1,1,1,1,1,1,1,1,1,1,1,1,1,1,1,1,1,1,1,1,1,1,1,1,1,1,
1,1,1,1,1,1,1,1,1,1,1,1,1,1,1,1,1,1,1,1,1,1,1,1,1,1,4),
(0.,0.016951026516521,0.0339583179606368,0.05103562005996,0.0682380347143534,0.0855055919113498,
0.102937590741849,0.120474661246759,0.138161795559555,0.155895006987181,0.173697388329236,
0.191519674960688,0.209335376470886,0.227117815603029,0.250619227946824,0.279785789332189,
0.308887392996612,0.332118399058635,0.34954633529331,0.36700032959183,0.384569543831021,
0.402220862438584,0.420010410662806,0.437836440252193,0.455682084528524,0.473484297881404,
0.491152244800047,0.508702460623049,0.525941592894062,0.543024726011154,0.559842803071345,
0.576576500303086,0.594424616100627,0.613500553294645,0.639950209195186,0.665767018752934,
0.690933704280719,0.707586618323734,0.72249568764376,0.735591045637111,0.748614510997314,
0.768530946152619,0.79717334433503,0.833579880348037,0.867131502877826,0.890185479773989,
0.903671474113648,0.910987548679392,0.918010584484388,0.924376347998249,0.930374208802814,
0.93773440577534,0.944816184395083,0.951623600326428,0.956313816742814,0.960878257256513,
0.965173780242334,0.969324980000733,0.973260474375397,0.977141351907751,0.980830902271622,
0.984381842286282,0.987719036673928,0.990970717474431,0.994064712707097,0.997074159802237,
1.),
.UNSPECIFIED.);
#1563=B_SPLINE_CURVE_WITH_KNOTS('',3,
(#2720,#2721,#2722,#2723,#2724,#2725,#2726,#2727,#2728,#2729,#2730,#2731,#2732,#2733,
#2734,#2735,#2736,#2737,#2738,#2739,#2740,#2741,#2742,#2743,#2744,#2745,#2746,#2747,
#2748,#2749,#2750,#2751,#2752,#2753,#2754,#2755,#2756,#2757,#2758,#2759,#2760,#2761,
#2762,#2763,#2764,#2765,#2766,#2767,#2768,#2769,#2770,#2771,#2772,#2773,#2774,#2775,
#2776,#2777,#2778,#2779,#2780,#2781,#2782),
.UNSPECIFIED.,.F.,.F.,
(4,1,1,1,1,1,1,1,1,1,1,1,1,1,1,1,1,1,1,1,1,1,1,1,1,1,1,1,1,1,1,1,1,1,1,1,1,1,1,1,
1,1,1,1,1,1,1,1,1,1,1,1,1,1,1,1,1,1,1,1,4),
(0.,0.0134487475889112,0.0276190506574844,0.0424620408830884,0.0582013395414068,
0.074397312325498,0.0912251584727861,0.108326244796988,0.12563080748128,0.142834582041698,
0.159780059794713,0.176451567292457,0.192700141792368,0.20866422609105,0.224345312069261,
0.239946256238576,0.255408690754756,0.270878011888399,0.286057384940656,0.300999418251941,
0.315493109456867,0.329822638984288,0.343657563936594,0.357188902765429,0.370301212403405,
0.383306081884302,0.395852279462194,0.408038412640983,0.419613795499334,0.430915820798409,
0.441572061938195,0.451824828321137,0.461528249428798,0.471046723596258,0.48047691837865,
0.490005936436838,0.499856177158471,0.509940926142036,0.520804094033795,0.532230407743867,
0.544561295719087,0.557254530821007,0.571103700372996,0.585770832140467,0.601723440169348,
0.618164119705905,0.635668837122917,0.653762385459431,0.672545375139464,0.691424530968739,
0.717198016865567,0.743283727083853,0.769721546802575,0.789985358480951,0.810463418643879,
0.831202128627316,0.85199676509857,0.875294506742399,0.901047464374595,0.943446464439466,
1.),
.UNSPECIFIED.);
#1564=CIRCLE('',#2783,32.3671222431441);
#1565=B_SPLINE_CURVE_WITH_KNOTS('',3,
(#2787,#2788,#2789,#2790,#2791,#2792,#2793,#2794,#2795,#2796,#2797,#2798,#2799,#2800,
#2801,#2802,#2803,#2804,#2805,#2806,#2807,#2808,#2809,#2810,#2811,#2812,#2813,#2814,
#2815,#2816,#2817,#2818,#2819,#2820,#2821,#2822,#2823,#2824,#2825,#2826,#2827,#2828,
#2829,#2830,#2831,#2832,#2833,#2834,#2835,#2836,#2837,#2838,#2839,#2840,#2841,#2842,
#2843,#2844,#2845,#2846,#2847,#2848,#2849,#2850,#2851,#2852),
.UNSPECIFIED.,.F.,.F.,
(4,1,1,1,1,1,1,1,1,1,1,1,1,1,1,1,1,1,1,1,1,1,1,1,1,1,1,1,1,1,1,1,1,1,1,1,1,1,1,1,
1,1,1,1,1,1,1,1,1,1,1,1,1,1,1,1,1,1,1,1,1,1,1,4),
(0.,0.0130516784645664,0.026247793763316,0.0395987993269532,0.0532577220918815,0.0670738726605846,
0.0813423069449917,0.0959104144406844,0.11092374820273,0.126084639991012,0.141711840867251,
0.157657013514623,0.174090380813227,0.190690307547808,0.207657536980225,0.224819120653263,
0.248013053549708,0.271448911903924,0.295186009927153,0.313557533621604,0.332140340534933,
0.351235567283061,0.370640630477984,0.390463324172621,0.410382835430265,0.430423208284986,
0.450462212862835,0.470394160360324,0.490188614542183,0.509570331755914,0.528652203442259,
0.547355971615506,0.565958376879566,0.583938221569262,0.601438487320323,0.618124392114244,
0.63448998139397,0.650078470418848,0.66520820163958,0.679747775830172,0.694145654125001,
0.708144080894297,0.721873300740238,0.735210517536615,0.748426416328774,0.76873064847032,
0.798376129048844,0.836635849756002,0.872572539514601,0.897613830618276,0.91249824230738,
0.920721766886677,0.928637080906016,0.935936147991808,0.942924167435595,0.949567456026948,
0.956188958826442,0.96271221590927,0.969160342212279,0.975483202697577,0.981748748222918,
0.987902744274358,0.993987609701868,1.),
.UNSPECIFIED.);
#1566=B_SPLINE_CURVE_WITH_KNOTS('',3,
(#2853,#2854,#2855,#2856,#2857,#2858,#2859,#2860,#2861,#2862,#2863,#2864,#2865,#2866,
#2867,#2868,#2869,#2870,#2871,#2872,#2873,#2874,#2875,#2876,#2877,#2878,#2879,#2880,
#2881,#2882,#2883,#2884,#2885,#2886,#2887,#2888,#2889,#2890,#2891,#2892,#2893,#2894,
#2895,#2896,#2897,#2898,#2899,#2900,#2901,#2902,#2903,#2904,#2905,#2906,#2907,#2908,
#2909,#2910,#2911,#2912,#2913,#2914,#2915,#2916,#2917,#2918,#2919,#2920,#2921,#2922,
#2923,#2924,#2925,#2926,#2927,#2928,#2929,#2930,#2931,#2932),
.UNSPECIFIED.,.F.,.F.,
(4,1,1,1,1,1,1,1,1,1,1,1,1,1,1,1,1,1,1,1,1,1,1,1,1,1,1,1,1,1,1,1,1,1,1,1,1,1,1,1,
1,1,1,1,1,1,1,1,1,1,1,1,1,1,1,1,1,1,1,1,1,1,1,1,1,1,1,1,1,1,1,1,1,1,1,1,1,4),
(0.,0.012805760635948,0.0256657002694572,0.0385795611099367,0.0515106130472072,0.0644789420878114,
0.0773262781939854,0.0900758594179574,0.102630720096937,0.115130109987795,0.127173538339006,
0.138834353065447,0.149807159739622,0.160472496556973,0.170348057985803,0.179725025114615,
0.188409865428717,0.196874630732217,0.204785275387321,0.212334131620421,0.219363068625678,
0.226204865142536,0.232719965006885,0.239068373666591,0.245253614989449,0.251414641657274,
0.257783425746637,0.264373491189481,0.271382019973605,0.278605350976263,0.286412254046179,
0.294610656434415,0.303391422848417,0.312388803085903,0.322041431245919,0.332163798630075,
0.343027561391918,0.354193171584541,0.36600932724635,0.378202380466893,0.390858914455463,
0.403620426285226,0.416605707484287,0.421967163494379,0.429716451802008,0.442976679481053,
0.456252717331683,0.469509826121638,0.482707084566424,0.495754970827286,0.508669865415218,
0.521512591132037,0.534401598925421,0.547526465101231,0.560817114040514,0.574586863075844,
0.588691672895733,0.603312918937789,0.618137663794194,0.633524049827184,0.649287462932148,
0.665609537290031,0.682121640910168,0.699009597423033,0.716076834886442,0.739051890710399,
0.761961981347906,0.784860715114612,0.801992740574741,0.819101611271836,0.836100692954601,
0.853018017942337,0.869797388519316,0.886524842926685,0.904854921320535,0.924842465543655,
0.957116321692858,1.),
.UNSPECIFIED.);
#1567=VERTEX_POINT('',#2933);
#1568=CIRCLE('',#2934,32.3671222431441);
#1569=VERTEX_POINT('',#2938);
#1570=B_SPLINE_CURVE_WITH_KNOTS('',3,
(#2939,#2940,#2941,#2942,#2943,#2944,#2945,#2946,#2947,#2948,#2949,#2950,#2951,#2952),
.UNSPECIFIED.,.F.,.F.,
(4,1,1,1,1,1,1,1,1,1,1,4),
(0.,0.063033777727651,0.136573185076577,0.204859777614866,0.30032031035647,0.387446687807054,
0.497910804289102,0.605040206546438,0.736693471030959,0.844381928890595,0.984962411225649,
1.),
.UNSPECIFIED.);
#1571=B_SPLINE_CURVE_WITH_KNOTS('',3,
(#2953,#2954,#2955,#2956,#2957,#2958,#2959,#2960,#2961,#2962,#2963,#2964,#2965,#2966,
#2967,#2968,#2969,#2970,#2971,#2972,#2973,#2974,#2975,#2976,#2977,#2978,#2979,#2980,
#2981,#2982,#2983,#2984,#2985,#2986,#2987,#2988,#2989,#2990,#2991,#2992,#2993,#2994,
#2995,#2996,#2997,#2998,#2999,#3000,#3001,#3002,#3003,#3004,#3005,#3006,#3007,#3008,
#3009,#3010,#3011,#3012,#3013,#3014,#3015,#3016,#3017,#3018,#3019,#3020,#3021,#3022,
#3023,#3024,#3025,#3026,#3027),
.UNSPECIFIED.,.F.,.F.,
(4,1,1,1,1,1,1,1,1,1,1,1,1,1,1,1,1,1,1,1,1,1,1,1,1,1,1,1,1,1,1,1,1,1,1,1,1,1,1,1,
1,1,1,1,1,1,1,1,1,1,1,1,1,1,1,1,1,1,1,1,1,1,1,1,1,1,1,1,1,1,1,1,4),
(0.,0.0130555601745572,0.0265693676067822,0.0405049319313249,0.0548975909548259,
0.069557898964391,0.0843187772232986,0.0990572733695037,0.113614010684815,0.128077561828422,
0.141993636333043,0.155462061004234,0.168169772126342,0.180537288771026,0.19324277634453,
0.206579059892241,0.224617435417711,0.242029849783481,0.258841981529123,0.26984624323063,
0.279640605613777,0.288212234731999,0.296772418790363,0.305363050956921,0.313996057158955,
0.322725481508851,0.331512058132251,0.340472756168008,0.3495563235329,0.358831462553337,
0.368183202478577,0.377739096484317,0.387431525335892,0.397325348987442,0.407292466500398,
0.417394215705477,0.427564435049791,0.437801536984197,0.448041284812002,0.45825680145808,
0.468443189739149,0.478567693649869,0.48864731889324,0.498631071613119,0.508541205776657,
0.518349688050994,0.528110720836244,0.538112291474539,0.548380148930054,0.559179831723139,
0.570259685208691,0.582148817918633,0.594582545665913,0.607833345623781,0.621370215302593,
0.635747223550597,0.650689433301352,0.66647923993113,0.682555175935175,0.704950525487968,
0.733347403061148,0.761956825540003,0.784836377273909,0.801962019255586,0.819067378073444,
0.836066655428589,0.852985884497371,0.869768530195768,0.886499124423574,0.904832820124719,
0.924824495086986,0.957105793220699,1.),
.UNSPECIFIED.);
#1572=LINE('',#3028,#3029);
#1573=LINE('',#3031,#3032);
#1574=VERTEX_POINT('',#3034);
#1575=LINE('',#3035,#3036);
#1576=VERTEX_POINT('',#3038);
#1577=LINE('',#3039,#3040);
#1578=LINE('',#3042,#3043);
#1579=LINE('',#3045,#3046);
#1580=LINE('',#3048,#3049);
#1581=LINE('',#3051,#3052);
#1582=VERTEX_POINT('',#3054);
#1583=CIRCLE('',#3055,31.3671222431441);
#1584=LINE('',#3059,#3060);
#1585=LINE('',#3062,#3063);
#1586=LINE('',#3065,#3066);
#1587=VERTEX_POINT('',#3068);
#1588=LINE('',#3069,#3070);
#1589=VERTEX_POINT('',#3072);
#1590=LINE('',#3073,#3074);
#1591=LINE('',#3076,#3077);
#1592=VERTEX_POINT('',#3079);
#1593=LINE('',#3080,#3081);
#1594=LINE('',#3083,#3084);
#1595=VERTEX_POINT('',#3086);
#1596=LINE('',#3087,#3088);
#1597=LINE('',#3090,#3091);
#1598=VERTEX_POINT('',#3093);
#1599=LINE('',#3094,#3095);
#1600=LINE('',#3097,#3098);
#1601=VERTEX_POINT('',#3100);
#1602=LINE('',#3101,#3102);
#1603=LINE('',#3104,#3105);
#1604=VERTEX_POINT('',#3107);
#1605=CIRCLE('',#3108,24.85);
#1606=LINE('',#3112,#3113);
#1607=LINE('',#3115,#3116);
#1608=LINE('',#3118,#3119);
#1609=VERTEX_POINT('',#3121);
#1610=CIRCLE('',#3122,25.);
#1611=VERTEX_POINT('',#3126);
#1612=CIRCLE('',#3127,24.85);
#1613=CARTESIAN_POINT('',(25.9875429343441,0.192654764695403,-7.39240233182843));
#1614=CARTESIAN_POINT('',(25.3695089455942,0.192654764695403,-9.29451536441874));
#1615=CARTESIAN_POINT('',(25.9875429343441,0.192654764695403,-7.39240233182843));
#1616=VECTOR('',#1617,1.);
#1617=DIRECTION('',(-0.309016994374948,5.55111512312578E-17,-0.951056516295153));
#1618=CARTESIAN_POINT('',(25.3695089455942,1.,-9.29451536441874));
#1619=CARTESIAN_POINT('',(25.3695089455942,1.,-9.29451536441874));
#1620=VECTOR('',#1621,1.);
#1621=DIRECTION('',(0.,-1.,0.));
#1622=CARTESIAN_POINT('',(25.3695089455942,3.,-9.29451536441874));
#1623=CARTESIAN_POINT('',(25.3695089455942,1.,-9.29451536441874));
#1624=VECTOR('',#1625,1.);
#1625=DIRECTION('',(0.,1.,0.));
#1626=CARTESIAN_POINT('',(25.9875429343441,3.,-7.39240233182843));
#1627=CARTESIAN_POINT('',(25.9875429343441,3.,-7.39240233182843));
#1628=VECTOR('',#1629,1.);
#1629=DIRECTION('',(-0.309016994374949,0.,-0.951056516295153));
#1630=CARTESIAN_POINT('',(25.9875429343441,1.,-7.39240233182843));
#1631=CARTESIAN_POINT('',(25.9875429343441,1.,-7.39240233182843));
#1632=VECTOR('',#1633,1.);
#1633=DIRECTION('',(0.,1.,0.));
#1634=CARTESIAN_POINT('',(25.9875429343441,1.,-7.39240233182843));
#1635=VECTOR('',#1636,1.);
#1636=DIRECTION('',(0.,-1.,0.));
#1637=CARTESIAN_POINT('',(-4.67986772127973,3.,-25.5753560700789));
#1638=CARTESIAN_POINT('',(-22.8774503897152,3.,-12.3540383545673));
#1639=AXIS2_PLACEMENT_3D('',#1640,#1641,#1642);
#1640=CARTESIAN_POINT('',(0.,3.,1.77635683940025E-15));
#1641=DIRECTION('',(5.82354159244546E-17,1.,4.23105063051969E-17));
#1642=DIRECTION('',(-0.179994912356913,5.21015502877264E-17,-0.983667541156883));
#1643=CARTESIAN_POINT('',(-25.3695089455942,3.,-9.29451536441873));
#1644=CARTESIAN_POINT('',(-22.8774503897152,3.,-12.3540383545673));
#1645=VECTOR('',#1646,1.);
#1646=DIRECTION('',(-0.631537985636036,0.,0.7753449378817));
#1647=CARTESIAN_POINT('',(-25.9875429343441,3.,-7.39240233182843));
#1648=CARTESIAN_POINT('',(-25.3695089455942,3.,-9.29451536441873));
#1649=VECTOR('',#1650,1.);
#1650=DIRECTION('',(-0.309016994374947,0.,0.951056516295154));
#1651=CARTESIAN_POINT('',(-25.7697677043196,3.,-3.45240097112239));
#1652=CARTESIAN_POINT('',(-25.9875429343441,3.,-7.39240233182843));
#1653=VECTOR('',#1654,1.);
#1654=DIRECTION('',(0.0551886430463848,-1.12541177802493E-16,0.998475945468242));
#1655=CARTESIAN_POINT('',(-18.8189096380633,3.,17.9401404686365));
#1656=AXIS2_PLACEMENT_3D('',#1657,#1658,#1659);
#1657=CARTESIAN_POINT('',(0.,3.,1.77635683940025E-15));
#1658=DIRECTION('',(5.82354159244546E-17,1.,4.23105063051969E-17));
#1659=DIRECTION('',(-0.9911449117046,6.33379220613219E-17,-0.132784652735476));
#1660=CARTESIAN_POINT('',(-16.6792188062717,3.,21.2556735958311));
#1661=CARTESIAN_POINT('',(-18.8189096380633,3.,17.9401404686365));
#1662=VECTOR('',#1663,1.);
#1663=DIRECTION('',(0.542240885393997,0.,0.8402230788351));
#1664=CARTESIAN_POINT('',(-15.0611848175218,3.,22.4312441004161));
#1665=CARTESIAN_POINT('',(-16.6792188062717,3.,21.2556735958311));
#1666=VECTOR('',#1667,1.);
#1667=DIRECTION('',(0.809016994374947,0.,0.587785252292474));
#1668=CARTESIAN_POINT('',(-11.2467246021791,3.,23.4416549271322));
#1669=CARTESIAN_POINT('',(-15.0611848175218,3.,22.4312441004161));
#1670=VECTOR('',#1671,1.);
#1671=DIRECTION('',(0.966661282899362,-1.12541177802492E-16,0.256058517029526));
#1672=CARTESIAN_POINT('',(11.2467246021791,3.,23.4416549271322));
#1673=AXIS2_PLACEMENT_3D('',#1674,#1675,#1676);
#1674=CARTESIAN_POINT('',(0.,3.,1.77635683940025E-15));
#1675=DIRECTION('',(5.82354159244546E-17,1.,4.23105063051969E-17));
#1676=DIRECTION('',(-0.432566330853041,-1.29565616770378E-17,0.901602112582007));
#1677=CARTESIAN_POINT('',(15.0611848175218,3.,22.4312441004161));
#1678=CARTESIAN_POINT('',(11.2467246021791,3.,23.4416549271322));
#1679=VECTOR('',#1680,1.);
#1680=DIRECTION('',(0.966661282899361,0.,-0.256058517029528));
#1681=CARTESIAN_POINT('',(16.6792188062717,3.,21.2556735958311));
#1682=CARTESIAN_POINT('',(15.0611848175218,3.,22.4312441004161));
#1683=VECTOR('',#1684,1.);
#1684=DIRECTION('',(0.809016994374949,0.,-0.587785252292471));
#1685=CARTESIAN_POINT('',(18.8189096380633,3.,17.9401404686365));
#1686=CARTESIAN_POINT('',(16.6792188062717,3.,21.2556735958311));
#1687=VECTOR('',#1688,1.);
#1688=DIRECTION('',(0.542240885393996,0.,-0.8402230788351));
#1689=CARTESIAN_POINT('',(25.7697677043196,3.,-3.45240097112242));
#1690=AXIS2_PLACEMENT_3D('',#1691,#1692,#1693);
#1691=CARTESIAN_POINT('',(0.,3.,1.77635683940025E-15));
#1692=DIRECTION('',(5.82354159244546E-17,1.,4.23105063051969E-17));
#1693=DIRECTION('',(0.723804216848587,-7.13455175550656E-17,0.690005402639866));
#1694=CARTESIAN_POINT('',(25.7697677043196,3.,-3.45240097112241));
#1695=VECTOR('',#1696,1.);
#1696=DIRECTION('',(0.0551886430463862,0.,-0.998475945468241));
#1697=CARTESIAN_POINT('',(22.8774503897152,3.,-12.3540383545673));
#1698=CARTESIAN_POINT('',(25.3695089455942,3.,-9.29451536441874));
#1699=VECTOR('',#1700,1.);
#1700=DIRECTION('',(-0.631537985636035,0.,-0.775344937881701));
#1701=CARTESIAN_POINT('',(4.67986772127975,3.,-25.5753560700789));
#1702=AXIS2_PLACEMENT_3D('',#1703,#1704,#1705);
#1703=CARTESIAN_POINT('',(0.,3.,1.77635683940025E-15));
#1704=DIRECTION('',(5.82354159244546E-17,1.,4.23105063051969E-17));
#1705=DIRECTION('',(0.879901938065969,-3.11373931169452E-17,-0.475155321329513));
#1706=CARTESIAN_POINT('',(0.999999999999998,3.,-27.));
#1707=CARTESIAN_POINT('',(4.67986772127973,3.,-25.5753560700789));
#1708=VECTOR('',#1709,1.);
#1709=DIRECTION('',(-0.932552825703709,1.12541177802495E-16,-0.361033554219033));
#1710=CARTESIAN_POINT('',(-1.,3.,-27.));
#1711=CARTESIAN_POINT('',(0.999999999999999,3.,-27.));
#1712=VECTOR('',#1713,1.);
#1713=DIRECTION('',(-1.,0.,0.));
#1714=CARTESIAN_POINT('',(-1.,3.,-27.));
#1715=VECTOR('',#1716,1.);
#1716=DIRECTION('',(-0.93255282570371,0.,0.361033554219032));
#1717=CARTESIAN_POINT('',(-1.5399933499278E-15,3.,-25.15));
#1718=AXIS2_PLACEMENT_3D('',#1719,#1720,#1721);
#1719=CARTESIAN_POINT('',(0.,3.,1.77635683940025E-15));
#1720=DIRECTION('',(-5.82354159244546E-17,-1.,-4.23105063051969E-17));
#1721=DIRECTION('',(1.11022302462516E-16,4.23105063051969E-17,-1.));
#1722=CARTESIAN_POINT('',(15.0611848175218,0.192654764695401,22.4312441004161));
#1723=CARTESIAN_POINT('',(16.6792188062717,0.192654764695401,21.2556735958311));
#1724=CARTESIAN_POINT('',(15.0611848175218,0.192654764695401,22.4312441004161));
#1725=VECTOR('',#1726,1.);
#1726=DIRECTION('',(0.809016994374947,4.16333634234434E-17,-0.587785252292473));
#1727=CARTESIAN_POINT('',(16.6792188062717,0.999999999999999,21.2556735958311));
#1728=CARTESIAN_POINT('',(16.6792188062717,0.999999999999999,21.2556735958311));
#1729=VECTOR('',#1730,1.);
#1730=DIRECTION('',(0.,-1.,0.));
#1731=CARTESIAN_POINT('',(16.6792188062717,0.999999999999999,21.2556735958311));
#1732=VECTOR('',#1733,1.);
#1733=DIRECTION('',(0.,1.,0.));
#1734=CARTESIAN_POINT('',(15.0611848175218,0.999999999999999,22.4312441004161));
#1735=CARTESIAN_POINT('',(15.0611848175218,0.999999999999999,22.4312441004161));
#1736=VECTOR('',#1737,1.);
#1737=DIRECTION('',(0.,1.,0.));
#1738=CARTESIAN_POINT('',(15.0611848175218,0.999999999999999,22.4312441004161));
#1739=VECTOR('',#1740,1.);
#1740=DIRECTION('',(0.,-1.,0.));
#1741=CARTESIAN_POINT('',(-16.6792188062717,0.192654764695401,21.2556735958311));
#1742=CARTESIAN_POINT('',(-15.0611848175218,0.192654764695401,22.4312441004161));
#1743=CARTESIAN_POINT('',(-16.6792188062717,0.192654764695401,21.2556735958311));
#1744=VECTOR('',#1745,1.);
#1745=DIRECTION('',(0.809016994374947,-2.77555756156289E-17,0.587785252292473));
#1746=CARTESIAN_POINT('',(-15.0611848175218,0.999999999999999,22.4312441004161));
#1747=CARTESIAN_POINT('',(-15.0611848175218,0.999999999999999,22.4312441004161));
#1748=VECTOR('',#1749,1.);
#1749=DIRECTION('',(0.,-1.,0.));
#1750=CARTESIAN_POINT('',(-15.0611848175218,0.999999999999999,22.4312441004161));
#1751=VECTOR('',#1752,1.);
#1752=DIRECTION('',(0.,1.,0.));
#1753=CARTESIAN_POINT('',(-16.6792188062717,0.999999999999999,21.2556735958311));
#1754=CARTESIAN_POINT('',(-16.6792188062717,0.999999999999999,21.2556735958311));
#1755=VECTOR('',#1756,1.);
#1756=DIRECTION('',(0.,1.,0.));
#1757=CARTESIAN_POINT('',(-16.6792188062717,0.999999999999999,21.2556735958311));
#1758=VECTOR('',#1759,1.);
#1759=DIRECTION('',(0.,-1.,0.));
#1760=CARTESIAN_POINT('',(-25.3695089455942,0.192654764695403,-9.29451536441873));
#1761=CARTESIAN_POINT('',(-25.9875429343441,0.192654764695403,-7.39240233182843));
#1762=CARTESIAN_POINT('',(-25.3695089455942,0.192654764695403,-9.29451536441873));
#1763=VECTOR('',#1764,1.);
#1764=DIRECTION('',(-0.309016994374947,-5.55111512312578E-17,0.951056516295154));
#1765=CARTESIAN_POINT('',(-25.9875429343441,1.,-7.39240233182843));
#1766=CARTESIAN_POINT('',(-25.9875429343441,1.,-7.39240233182843));
#1767=VECTOR('',#1768,1.);
#1768=DIRECTION('',(0.,-1.,0.));
#1769=CARTESIAN_POINT('',(-25.9875429343441,1.,-7.39240233182843));
#1770=VECTOR('',#1771,1.);
#1771=DIRECTION('',(0.,1.,0.));
#1772=CARTESIAN_POINT('',(-25.3695089455942,1.,-9.29451536441873));
#1773=CARTESIAN_POINT('',(-25.3695089455942,1.,-9.29451536441873));
#1774=VECTOR('',#1775,1.);
#1775=DIRECTION('',(0.,1.,0.));
#1776=CARTESIAN_POINT('',(-25.3695089455942,1.,-9.29451536441873));
#1777=VECTOR('',#1778,1.);
#1778=DIRECTION('',(0.,-1.,0.));
#1779=CARTESIAN_POINT('',(22.8774503897152,1.,-12.3540383545673));
#1780=CARTESIAN_POINT('',(25.3695089455942,1.,-9.29451536441874));
#1781=VECTOR('',#1782,1.);
#1782=DIRECTION('',(-0.631537985636035,1.12541177802495E-16,-0.775344937881701));
#1783=CARTESIAN_POINT('',(24.418452429299,1.,-8.98549837004379));
#1784=CARTESIAN_POINT('',(24.4184524292991,1.,-8.98549837004379));
#1785=VECTOR('',#1786,1.);
#1786=DIRECTION('',(0.951056516295154,0.,-0.309016994374947));
#1787=CARTESIAN_POINT('',(25.0364864180489,1.,-7.08338533745348));
#1788=CARTESIAN_POINT('',(25.0364864180489,1.,-7.08338533745348));
#1789=VECTOR('',#1790,1.);
#1790=DIRECTION('',(-0.309016994374945,0.,-0.951056516295155));
#1791=CARTESIAN_POINT('',(25.0364864180489,1.,-7.08338533745348));
#1792=VECTOR('',#1793,1.);
#1793=DIRECTION('',(0.951056516295154,0.,-0.309016994374948));
#1794=CARTESIAN_POINT('',(25.7697677043196,1.,-3.45240097112243));
#1795=CARTESIAN_POINT('',(25.7697677043196,1.,-3.45240097112243));
#1796=VECTOR('',#1797,1.);
#1797=DIRECTION('',(0.0551886430463856,0.,-0.998475945468241));
#1798=AXIS2_PLACEMENT_3D('',#1799,#1800,#1801);
#1799=CARTESIAN_POINT('',(-1.29257252451606E-32,1.,6.12323399573676E-17));
#1800=DIRECTION('',(-3.39907768361723E-33,1.,6.12323399573677E-17));
#1801=DIRECTION('',(0.9911449117046,8.1307149974197E-18,-0.132784652735476));
#1802=CARTESIAN_POINT('',(18.8189096380633,0.999999999999999,17.9401404686365));
#1803=CARTESIAN_POINT('',(16.6792188062717,0.999999999999999,21.2556735958311));
#1804=VECTOR('',#1805,1.);
#1805=DIRECTION('',(0.542240885393997,1.12541177802493E-16,-0.8402230788351));
#1806=CARTESIAN_POINT('',(16.0914335539793,0.999999999999999,20.4466566014562));
#1807=CARTESIAN_POINT('',(16.0914335539793,0.999999999999999,20.4466566014562));
#1808=VECTOR('',#1809,1.);
#1809=DIRECTION('',(0.587785252292472,-1.11022302462515E-16,0.809016994374948));
#1810=CARTESIAN_POINT('',(14.4733995652294,0.999999999999999,21.6222271060411));
#1811=CARTESIAN_POINT('',(14.4733995652294,0.999999999999999,21.6222271060411));
#1812=VECTOR('',#1813,1.);
#1813=DIRECTION('',(0.809016994374947,0.,-0.587785252292474));
#1814=CARTESIAN_POINT('',(14.4733995652294,0.999999999999999,21.6222271060411));
#1815=VECTOR('',#1816,1.);
#1816=DIRECTION('',(0.587785252292472,-1.11022302462515E-16,0.809016994374948));
#1817=CARTESIAN_POINT('',(11.2467246021791,0.999999999999999,23.4416549271322));
#1818=CARTESIAN_POINT('',(11.2467246021791,0.999999999999999,23.4416549271322));
#1819=VECTOR('',#1820,1.);
#1820=DIRECTION('',(0.966661282899361,0.,-0.256058517029527));
#1821=AXIS2_PLACEMENT_3D('',#1822,#1823,#1824);
#1822=CARTESIAN_POINT('',(-3.34109719572804E-33,1.,6.12323399573676E-17));
#1823=DIRECTION('',(0.,1.,6.12323399573677E-17));
#1824=DIRECTION('',(0.432566330853043,-5.52072070639022E-17,0.901602112582006));
#1825=CARTESIAN_POINT('',(-11.2467246021791,0.999999999999999,23.4416549271322));
#1826=CARTESIAN_POINT('',(-15.0611848175218,0.999999999999999,22.4312441004161));
#1827=VECTOR('',#1828,1.);
#1828=DIRECTION('',(0.966661282899361,0.,0.256058517029527));
#1829=CARTESIAN_POINT('',(-14.4733995652294,0.999999999999999,21.6222271060411));
#1830=CARTESIAN_POINT('',(-14.4733995652294,0.999999999999999,21.6222271060411));
#1831=VECTOR('',#1832,1.);
#1832=DIRECTION('',(-0.587785252292471,-1.11022302462516E-16,0.809016994374949));
#1833=CARTESIAN_POINT('',(-16.0914335539793,0.999999999999999,20.4466566014562));
#1834=CARTESIAN_POINT('',(-16.0914335539793,0.999999999999999,20.4466566014562));
#1835=VECTOR('',#1836,1.);
#1836=DIRECTION('',(0.809016994374947,0.,0.587785252292474));
#1837=CARTESIAN_POINT('',(-16.0914335539793,0.999999999999999,20.4466566014562));
#1838=VECTOR('',#1839,1.);
#1839=DIRECTION('',(-0.587785252292471,-1.11022302462516E-16,0.809016994374949));
#1840=CARTESIAN_POINT('',(-18.8189096380633,0.999999999999999,17.9401404686365));
#1841=CARTESIAN_POINT('',(-18.8189096380633,0.999999999999999,17.9401404686365));
#1842=VECTOR('',#1843,1.);
#1843=DIRECTION('',(0.542240885393996,-8.4405883351871E-17,0.8402230788351));
#1844=AXIS2_PLACEMENT_3D('',#1845,#1846,#1847);
#1845=CARTESIAN_POINT('',(3.34109719572805E-33,1.,6.12323399573676E-17));
#1846=DIRECTION('',(6.16297582203915E-33,1.,6.12323399573676E-17));
#1847=DIRECTION('',(-0.723804216848586,-4.22506453868647E-17,0.690005402639867));
#1848=CARTESIAN_POINT('',(-25.7697677043196,1.,-3.45240097112242));
#1849=CARTESIAN_POINT('',(-25.9875429343441,1.,-7.39240233182843));
#1850=VECTOR('',#1851,1.);
#1851=DIRECTION('',(0.0551886430463855,0.,0.998475945468241));
#1852=CARTESIAN_POINT('',(-25.0364864180489,1.,-7.08338533745348));
#1853=CARTESIAN_POINT('',(-25.0364864180489,1.,-7.08338533745348));
#1854=VECTOR('',#1855,1.);
#1855=DIRECTION('',(-0.951056516295153,0.,-0.309016994374949));
#1856=CARTESIAN_POINT('',(-24.418452429299,1.,-8.98549837004379));
#1857=CARTESIAN_POINT('',(-24.418452429299,1.,-8.98549837004379));
#1858=VECTOR('',#1859,1.);
#1859=DIRECTION('',(-0.309016994374947,0.,0.951056516295154));
#1860=CARTESIAN_POINT('',(-24.418452429299,1.,-8.98549837004379));
#1861=VECTOR('',#1862,1.);
#1862=DIRECTION('',(-0.951056516295154,0.,-0.309016994374947));
#1863=CARTESIAN_POINT('',(-22.8774503897152,1.,-12.3540383545673));
#1864=CARTESIAN_POINT('',(-22.8774503897152,1.,-12.3540383545673));
#1865=VECTOR('',#1866,1.);
#1866=DIRECTION('',(-0.631537985636035,-5.6270588901247E-17,0.775344937881701));
#1867=AXIS2_PLACEMENT_3D('',#1868,#1869,#1870);
#1868=CARTESIAN_POINT('',(4.47097755999685E-34,1.,6.12323399573676E-17));
#1869=DIRECTION('',(-3.71666745621488E-33,1.,6.12323399573677E-17));
#1870=DIRECTION('',(-0.879901938065969,2.9094872168201E-17,-0.475155321329513));
#1871=CARTESIAN_POINT('',(18.8189096380633,0.999999999999999,17.9401404686365));
#1872=VECTOR('',#1873,1.);
#1873=DIRECTION('',(0.,1.,0.));
#1874=CARTESIAN_POINT('',(11.2467246021791,0.999999999999999,23.4416549271322));
#1875=VECTOR('',#1876,1.);
#1876=DIRECTION('',(0.,1.,0.));
#1877=CARTESIAN_POINT('',(-11.2467246021791,0.999999999999999,23.4416549271322));
#1878=VECTOR('',#1879,1.);
#1879=DIRECTION('',(0.,1.,0.));
#1880=CARTESIAN_POINT('',(-18.8189096380633,0.999999999999999,17.9401404686365));
#1881=VECTOR('',#1882,1.);
#1882=DIRECTION('',(0.,1.,0.));
#1883=CARTESIAN_POINT('',(-25.7697677043196,1.,-3.45240097112243));
#1884=VECTOR('',#1885,1.);
#1885=DIRECTION('',(0.,1.,1.55431223447522E-15));
#1886=CARTESIAN_POINT('',(-22.8774503897152,1.,-12.3540383545673));
#1887=VECTOR('',#1888,1.);
#1888=DIRECTION('',(0.,1.,0.));
#1889=CARTESIAN_POINT('',(-4.67986772127971,1.,-25.575356070079));
#1890=CARTESIAN_POINT('',(-4.67986772127971,1.,-25.575356070079));
#1891=VECTOR('',#1892,1.);
#1892=DIRECTION('',(0.,1.,0.));
#1893=CARTESIAN_POINT('',(4.77612251667468E-15,1.,-26.));
#1894=AXIS2_PLACEMENT_3D('',#1895,#1896,#1897);
#1895=CARTESIAN_POINT('',(0.,1.,6.12323399573676E-17));
#1896=DIRECTION('',(0.,1.,6.12323399573677E-17));
#1897=DIRECTION('',(6.12323399573677E-17,6.12323399573677E-17,-1.));
#1898=CARTESIAN_POINT('',(4.67986772127977,1.,-25.5753560700789));
#1899=AXIS2_PLACEMENT_3D('',#1900,#1901,#1902);
#1900=CARTESIAN_POINT('',(0.,1.,6.12323399573676E-17));
#1901=DIRECTION('',(0.,1.,6.12323399573677E-17));
#1902=DIRECTION('',(0.179994912356912,6.02322652851462E-17,-0.983667541156883));
#1903=CARTESIAN_POINT('',(4.67986772127976,1.,-25.5753560700789));
#1904=VECTOR('',#1905,1.);
#1905=DIRECTION('',(5.77315972805081E-15,1.,0.));
#1906=CARTESIAN_POINT('',(22.8774503897152,1.,-12.3540383545673));
#1907=VECTOR('',#1908,1.);
#1908=DIRECTION('',(0.,1.,0.));
#1909=CARTESIAN_POINT('',(25.7697677043196,1.,-3.45240097112243));
#1910=VECTOR('',#1911,1.);
#1911=DIRECTION('',(0.,1.,0.));
#1912=CARTESIAN_POINT('',(1.77759313127825E-15,1.19745925709829E-15,-26.));
#1913=CARTESIAN_POINT('',(24.7274694236714,3.33509584664671E-14,-8.03444185375653));
#1914=AXIS2_PLACEMENT_3D('',#1915,#1916,#1917);
#1915=CARTESIAN_POINT('',(0.,0.,0.));
#1916=DIRECTION('',(0.,1.,6.12323399573676E-17));
#1917=DIRECTION('',(0.951056516295154,1.89218336521707E-17,-0.309016994374947));
#1918=CARTESIAN_POINT('',(-24.7274694235984,1.82172060662761E-10,-8.03444185373098));
#1919=AXIS2_PLACEMENT_3D('',#1920,#1921,#1922);
#1920=CARTESIAN_POINT('',(0.,0.,0.));
#1921=DIRECTION('',(0.,1.,6.12323399573676E-17));
#1922=DIRECTION('',(6.12323399573677E-17,6.12323399573676E-17,-1.));
#1923=CARTESIAN_POINT('',(-15.2824164903336,-6.05658707205088E-9,21.0344419071635));
#1924=AXIS2_PLACEMENT_3D('',#1925,#1926,#1927);
#1925=CARTESIAN_POINT('',(0.,0.,0.));
#1926=DIRECTION('',(0.,1.,6.12323399573676E-17));
#1927=DIRECTION('',(-0.951056516295153,1.89218336521708E-17,-0.309016994374948));
#1928=CARTESIAN_POINT('',(15.2824165578706,-9.69002607918572E-9,21.034441859924));
#1929=AXIS2_PLACEMENT_3D('',#1930,#1931,#1932);
#1930=CARTESIAN_POINT('',(0.,0.,0.));
#1931=DIRECTION('',(0.,1.,6.12323399573676E-17));
#1932=DIRECTION('',(-0.587785252292473,-4.95380036308546E-17,0.809016994374947));
#1933=AXIS2_PLACEMENT_3D('',#1934,#1935,#1936);
#1934=CARTESIAN_POINT('',(0.,0.,0.));
#1935=DIRECTION('',(0.,1.,6.12323399573676E-17));
#1936=DIRECTION('',(0.587785252292473,-4.95380036308546E-17,0.809016994374948));
#1937=CARTESIAN_POINT('',(-31.5021635022889,-14.2975190429687,-9.18421117160478));
#1938=CARTESIAN_POINT('',(-25.9875429343441,0.192654764695403,-7.39240233182843));
#1939=VECTOR('',#1940,1.);
#1940=DIRECTION('',(-0.353336742239465,-0.928424856180408,-0.114806066956372));
#1941=CARTESIAN_POINT('',(-31.266169491787,-15.1122225217691,-9.10753206939972));
#1942=CARTESIAN_POINT('',(-31.5021635022889,-14.2975190429687,-9.18421117160478));
#1943=VECTOR('',#1944,1.);
#1944=DIRECTION('',(0.27710079143458,-0.956613171156209,0.0900355049788195));
#1945=CARTESIAN_POINT('',(-30.9157475719376,-15.,-8.99367308564889));
#1946=CARTESIAN_POINT('',(-31.266169491787,-15.1122225217691,-9.10753206939972));
#1947=VECTOR('',#1948,1.);
#1948=DIRECTION('',(0.909793190001884,0.291361014499984,0.29560972693018));
#1949=CARTESIAN_POINT('',(-31.0772843033928,-15.,-9.04615955136378));
#1950=CARTESIAN_POINT('',(-31.0772843033928,-15.,-9.04615955136377));
#1951=VECTOR('',#1952,1.);
#1952=DIRECTION('',(0.951056516295157,0.,0.309016994374937));
#1953=CARTESIAN_POINT('',(-25.333826505011,-0.781288483401776,-7.17999698818705));
#1954=CARTESIAN_POINT('',(-25.3338265051541,-0.78128848390321,-7.1799969882337));
#1955=CARTESIAN_POINT('',(-25.5953237377905,-1.42857341036247,-7.26496258962758));
#1956=CARTESIAN_POINT('',(-26.1703373722648,-2.85193829101982,-7.45179584507067));
#1957=CARTESIAN_POINT('',(-27.1236345192119,-5.21179758219703,-7.7615408644764));
#1958=CARTESIAN_POINT('',(-28.2725737619819,-8.05610222354232,-8.13485385422756));
#1959=CARTESIAN_POINT('',(-29.6120619225831,-11.3723007591726,-8.57007994047824));
#1960=CARTESIAN_POINT('',(-30.5732342678222,-13.7520193249224,-8.8823837669214));
#1961=CARTESIAN_POINT('',(-31.077284303414,-14.9999999999903,-9.04615955137245));
#1962=CARTESIAN_POINT('',(-25.0364864180489,4.33732259031985E-16,-7.08338533745348));
#1963=CARTESIAN_POINT('',(-25.333826505011,-0.781288483401776,-7.17999698818705));
#1964=VECTOR('',#1965,1.);
#1965=DIRECTION('',(0.35333674223947,0.928424856180406,0.114806066956371));
#1966=CARTESIAN_POINT('',(-25.0364864180489,4.33732259031985E-16,-7.08338533745348));
#1967=VECTOR('',#1968,1.);
#1968=DIRECTION('',(0.,1.,0.));
#1969=CARTESIAN_POINT('',(-24.418452429299,5.50203090880894E-16,-8.98549837004379));
#1970=CARTESIAN_POINT('',(-24.418452429299,5.50203090880894E-16,-8.98549837004379));
#1971=VECTOR('',#1972,1.);
#1972=DIRECTION('',(0.,1.,0.));
#1973=CARTESIAN_POINT('',(-24.7157925154126,-0.781288481172357,-9.08211002050167));
#1974=CARTESIAN_POINT('',(-24.7157925154126,-0.781288481172357,-9.08211002050167));
#1975=VECTOR('',#1976,1.);
#1976=DIRECTION('',(0.353336742239468,0.928424856180407,0.11480606695637));
#1977=CARTESIAN_POINT('',(-30.4592503146429,-15.,-10.9482725839541));
#1978=CARTESIAN_POINT('',(-24.7157925159801,-0.781288482788693,-9.08211002068592));
#1979=CARTESIAN_POINT('',(-24.9772897492683,-1.42857341084046,-9.16707562229172));
#1980=CARTESIAN_POINT('',(-25.5523033852598,-2.8519382951671,-9.35390887822798));
#1981=CARTESIAN_POINT('',(-26.5056005352123,-5.21179759355119,-9.66365389861025));
#1982=CARTESIAN_POINT('',(-27.654539779952,-8.05610223952312,-10.0369668890009));
#1983=CARTESIAN_POINT('',(-28.9940279393177,-11.372300771793,-10.472192974849));
#1984=CARTESIAN_POINT('',(-29.9552002818539,-13.7520193306357,-10.7844968004127));
#1985=CARTESIAN_POINT('',(-30.4592503151046,-14.999999999794,-10.9482725841023));
#1986=CARTESIAN_POINT('',(-30.2977135831877,-15.,-10.8957861182392));
#1987=CARTESIAN_POINT('',(-30.4592503146429,-15.,-10.9482725839541));
#1988=VECTOR('',#1989,1.);
#1989=DIRECTION('',(0.951056516295155,0.,0.309016994374943));
#1990=CARTESIAN_POINT('',(-30.6481355030371,-15.1122225217691,-11.00964510199));
#1991=CARTESIAN_POINT('',(-30.6481355030371,-15.1122225217691,-11.00964510199));
#1992=VECTOR('',#1993,1.);
#1993=DIRECTION('',(0.909793190001884,0.291361014499984,0.29560972693018));
#1994=CARTESIAN_POINT('',(-30.884129513539,-14.2975190429687,-11.0863242041951));
#1995=CARTESIAN_POINT('',(-30.884129513539,-14.2975190429687,-11.0863242041951));
#1996=VECTOR('',#1997,1.);
#1997=DIRECTION('',(0.27710079143458,-0.956613171156209,0.0900355049788195));
#1998=CARTESIAN_POINT('',(-25.3695089455942,0.192654764695403,-9.29451536441873));
#1999=VECTOR('',#2000,1.);
#2000=DIRECTION('',(-0.353336742239465,-0.928424856180408,-0.114806066956372));
#2001=CARTESIAN_POINT('',(-18.4694077635709,-14.2975190429687,27.1222605442931));
#2002=CARTESIAN_POINT('',(-15.0611848175218,0.192654764695401,22.4312441004161));
#2003=VECTOR('',#2004,1.);
#2004=DIRECTION('',(-0.21837411617815,-0.928424856180408,0.300566185406477));
#2005=CARTESIAN_POINT('',(-18.3235554439394,-15.1122225217691,26.9215120484934));
#2006=CARTESIAN_POINT('',(-18.4694077635709,-14.2975190429687,27.1222605442931));
#2007=VECTOR('',#2008,1.);
#2008=DIRECTION('',(0.171257707416061,-0.956613171156209,-0.235716012228817));
#2009=CARTESIAN_POINT('',(-18.1069827870694,-15.,26.6234253591092));
#2010=CARTESIAN_POINT('',(-18.3235554439394,-15.1122225217691,26.9215120484934));
#2011=VECTOR('',#2012,1.);
#2012=DIRECTION('',(0.56228311415436,0.291361014499987,-0.77391631250828));
#2013=CARTESIAN_POINT('',(-18.2068179775403,-15.,26.7608367103001));
#2014=CARTESIAN_POINT('',(-18.2068179775403,-15.,26.7608367103001));
#2015=VECTOR('',#2016,1.);
#2016=DIRECTION('',(0.587785252292474,0.,-0.809016994374947));
#2017=CARTESIAN_POINT('',(-14.6571658444471,-0.781288480244415,21.8751596903487));
#2018=CARTESIAN_POINT('',(-14.6571658449071,-0.781288482324999,21.8751596909816));
#2019=CARTESIAN_POINT('',(-14.8187800232031,-1.42857341104497,22.0976025240802));
#2020=CARTESIAN_POINT('',(-15.1741579946138,-2.85193829691072,22.5867383388637));
#2021=CARTESIAN_POINT('',(-15.7633280354078,-5.2117975983142,23.3976613310958));
#2022=CARTESIAN_POINT('',(-16.4734115401384,-8.05610224623587,24.3750074290314));
#2023=CARTESIAN_POINT('',(-17.3012607497976,-11.3723007771358,25.5144441140817));
#2024=CARTESIAN_POINT('',(-17.8952979258081,-13.7520193331246,26.3320661432294));
#2025=CARTESIAN_POINT('',(-18.2068179777708,-14.9999999998345,26.7608367106144));
#2026=CARTESIAN_POINT('',(-14.4733995652294,-1.32397956079252E-15,21.6222271060411));
#2027=CARTESIAN_POINT('',(-14.6571658444471,-0.781288480244415,21.8751596903487));
#2028=VECTOR('',#2029,1.);
#2029=DIRECTION('',(0.218374116178151,0.928424856180406,-0.300566185406481));
#2030=CARTESIAN_POINT('',(-14.4733995652294,-1.32397956079252E-15,21.6222271060411));
#2031=VECTOR('',#2032,1.);
#2032=DIRECTION('',(0.,1.,0.));
#2033=CARTESIAN_POINT('',(-16.0914335539793,-1.25199662801192E-15,20.4466566014562));
#2034=CARTESIAN_POINT('',(-16.0914335539793,-1.25199662801192E-15,20.4466566014562));
#2035=VECTOR('',#2036,1.);
#2036=DIRECTION('',(0.,1.,0.));
#2037=CARTESIAN_POINT('',(-16.2751998334153,-0.781288481172665,20.6995891860642));
#2038=CARTESIAN_POINT('',(-16.2751998334153,-0.781288481172665,20.6995891860642));
#2039=VECTOR('',#2040,1.);
#2040=DIRECTION('',(0.21837411617815,0.928424856180406,-0.300566185406481));
#2041=CARTESIAN_POINT('',(-19.8248519662902,-15.,25.5852662057152));
#2042=CARTESIAN_POINT('',(-16.2751998337659,-0.781288482788905,20.699589186547));
#2043=CARTESIAN_POINT('',(-16.4368140118864,-1.42857341085168,20.9220320194037));
#2044=CARTESIAN_POINT('',(-16.7921919828893,-2.85193829520253,21.4111678336257));
#2045=CARTESIAN_POINT('',(-17.381362022881,-5.21179759362656,22.2220908247535));
#2046=CARTESIAN_POINT('',(-18.0914455270694,-8.05610223964734,23.1994369219438));
#2047=CARTESIAN_POINT('',(-18.9192947370049,-11.3723007719758,24.3388736073762));
#2048=CARTESIAN_POINT('',(-19.5133319136807,-13.7520193308614,25.1564956374416));
#2049=CARTESIAN_POINT('',(-19.8248519662298,-15.0000000000426,25.5852662056351));
#2050=CARTESIAN_POINT('',(-19.7250167758193,-15.,25.4478548545243));
#2051=CARTESIAN_POINT('',(-19.8248519662902,-15.,25.5852662057152));
#2052=VECTOR('',#2053,1.);
#2053=DIRECTION('',(0.587785252292468,0.,-0.809016994374951));
#2054=CARTESIAN_POINT('',(-19.9415894326893,-15.1122225217691,25.7459415439084));
#2055=CARTESIAN_POINT('',(-19.9415894326893,-15.1122225217691,25.7459415439084));
#2056=VECTOR('',#2057,1.);
#2057=DIRECTION('',(0.562283114154353,0.291361014499988,-0.773916312508284));
#2058=CARTESIAN_POINT('',(-20.0874417523208,-14.2975190429687,25.9466900397081));
#2059=CARTESIAN_POINT('',(-20.0874417523208,-14.2975190429687,25.9466900397081));
#2060=VECTOR('',#2061,1.);
#2061=DIRECTION('',(0.171257707416065,-0.956613171156209,-0.235716012228817));
#2062=CARTESIAN_POINT('',(-16.6792188062717,0.192654764695401,21.2556735958311));
#2063=VECTOR('',#2064,1.);
#2064=DIRECTION('',(-0.21837411617815,-0.928424856180408,0.300566185406477));
#2065=CARTESIAN_POINT('',(20.0874417523208,-14.2975190429687,25.9466900397081));
#2066=CARTESIAN_POINT('',(16.6792188062717,0.192654764695401,21.2556735958311));
#2067=VECTOR('',#2068,1.);
#2068=DIRECTION('',(0.21837411617815,-0.928424856180408,0.300566185406477));
#2069=CARTESIAN_POINT('',(19.9415894326893,-15.1122225217691,25.7459415439084));
#2070=CARTESIAN_POINT('',(20.0874417523208,-14.2975190429687,25.9466900397081));
#2071=VECTOR('',#2072,1.);
#2072=DIRECTION('',(-0.171257707416061,-0.95661317115621,-0.235716012228813));
#2073=CARTESIAN_POINT('',(19.7250167758193,-15.,25.4478548545243));
#2074=CARTESIAN_POINT('',(19.9415894326893,-15.1122225217691,25.7459415439084));
#2075=VECTOR('',#2076,1.);
#2076=DIRECTION('',(-0.562283114154353,0.291361014499988,-0.773916312508284));
#2077=CARTESIAN_POINT('',(19.8248519662902,-15.,25.5852662057152));
#2078=CARTESIAN_POINT('',(19.8248519662902,-15.,25.5852662057152));
#2079=VECTOR('',#2080,1.);
#2080=DIRECTION('',(-0.587785252292471,0.,-0.809016994374949));
#2081=CARTESIAN_POINT('',(16.275199833197,-0.781288480244331,20.6995891857637));
#2082=CARTESIAN_POINT('',(16.2751998336567,-0.781288482324649,20.6995891863967));
#2083=CARTESIAN_POINT('',(16.4368140119457,-1.42857341105015,20.9220320194854));
#2084=CARTESIAN_POINT('',(16.7921919833408,-2.85193829692794,21.4111678342472));
#2085=CARTESIAN_POINT('',(17.3813620241088,-5.21179759835124,22.2220908264435));
#2086=CARTESIAN_POINT('',(18.0914455288075,-8.05610224629638,23.199436924336));
#2087=CARTESIAN_POINT('',(18.9192947384287,-11.3723007772226,24.338873609336));
#2088=CARTESIAN_POINT('',(19.5133319144116,-13.7520193332297,25.1564956384476));
#2089=CARTESIAN_POINT('',(19.8248519663596,-14.9999999999488,25.5852662058137));
#2090=CARTESIAN_POINT('',(16.0914335539793,-1.25199662801192E-15,20.4466566014562));
#2091=CARTESIAN_POINT('',(16.275199833197,-0.781288480244331,20.6995891857637));
#2092=VECTOR('',#2093,1.);
#2093=DIRECTION('',(-0.218374116178145,0.928424856180409,-0.300566185406476));
#2094=CARTESIAN_POINT('',(16.0914335539793,-1.25199662801192E-15,20.4466566014562));
#2095=VECTOR('',#2096,1.);
#2096=DIRECTION('',(0.,1.,0.));
#2097=CARTESIAN_POINT('',(14.4733995652294,-1.32397956079252E-15,21.6222271060411));
#2098=CARTESIAN_POINT('',(14.4733995652294,-1.32397956079252E-15,21.6222271060411));
#2099=VECTOR('',#2100,1.);
#2100=DIRECTION('',(0.,1.,0.));
#2101=CARTESIAN_POINT('',(14.6571658446654,-0.781288481172514,21.8751596906491));
#2102=CARTESIAN_POINT('',(14.6571658446654,-0.781288481172514,21.8751596906491));
#2103=VECTOR('',#2104,1.);
#2104=DIRECTION('',(-0.21837411617815,0.928424856180408,-0.300566185406477));
#2105=CARTESIAN_POINT('',(18.2068179775403,-15.,26.7608367103001));
#2106=CARTESIAN_POINT('',(14.6571658450162,-0.781288482788839,21.8751596911318));
#2107=CARTESIAN_POINT('',(14.8187800231539,-1.42857341083923,22.0976025240123));
#2108=CARTESIAN_POINT('',(15.1741579941946,-2.85193829516284,22.5867383382868));
#2109=CARTESIAN_POINT('',(15.7633280342493,-5.21179759354176,23.3976613295013));
#2110=CARTESIAN_POINT('',(16.4734115385141,-8.05610223950796,24.3750074267958));
#2111=CARTESIAN_POINT('',(17.3012607485388,-11.3723007717723,25.5144441123492));
#2112=CARTESIAN_POINT('',(17.8952979252791,-13.7520193306117,26.3320661425011));
#2113=CARTESIAN_POINT('',(18.206817977862,-14.9999999997686,26.7608367107399));
#2114=CARTESIAN_POINT('',(18.1069827870694,-15.,26.6234253591092));
#2115=CARTESIAN_POINT('',(18.2068179775403,-15.,26.7608367103001));
#2116=VECTOR('',#2117,1.);
#2117=DIRECTION('',(-0.587785252292458,0.,-0.809016994374959));
#2118=CARTESIAN_POINT('',(18.3235554439394,-15.1122225217691,26.9215120484934));
#2119=CARTESIAN_POINT('',(18.3235554439394,-15.1122225217691,26.9215120484934));
#2120=VECTOR('',#2121,1.);
#2121=DIRECTION('',(-0.562283114154353,0.291361014499988,-0.773916312508284));
#2122=CARTESIAN_POINT('',(18.4694077635709,-14.2975190429687,27.1222605442931));
#2123=CARTESIAN_POINT('',(18.4694077635709,-14.2975190429687,27.1222605442931));
#2124=VECTOR('',#2125,1.);
#2125=DIRECTION('',(-0.171257707416065,-0.95661317115621,-0.235716012228813));
#2126=CARTESIAN_POINT('',(15.0611848175218,0.192654764695401,22.4312441004161));
#2127=VECTOR('',#2128,1.);
#2128=DIRECTION('',(0.21837411617815,-0.928424856180408,0.300566185406477));
#2129=CARTESIAN_POINT('',(30.884129513539,-14.2975190429687,-11.0863242041951));
#2130=CARTESIAN_POINT('',(25.3695089455942,0.192654764695403,-9.29451536441874));
#2131=VECTOR('',#2132,1.);
#2132=DIRECTION('',(0.353336742239465,-0.928424856180408,-0.114806066956372));
#2133=CARTESIAN_POINT('',(30.6481355030371,-15.1122225217691,-11.00964510199));
#2134=CARTESIAN_POINT('',(30.884129513539,-14.2975190429687,-11.0863242041951));
#2135=VECTOR('',#2136,1.);
#2136=DIRECTION('',(-0.27710079143458,-0.956613171156209,0.0900355049788195));
#2137=CARTESIAN_POINT('',(30.2977135831877,-15.,-10.8957861182392));
#2138=CARTESIAN_POINT('',(30.6481355030371,-15.1122225217691,-11.00964510199));
#2139=VECTOR('',#2140,1.);
#2140=DIRECTION('',(-0.909793190001886,0.291361014499982,0.295609726930177));
#2141=CARTESIAN_POINT('',(30.4592503146429,-15.,-10.9482725839541));
#2142=CARTESIAN_POINT('',(30.4592503146429,-15.,-10.9482725839541));
#2143=VECTOR('',#2144,1.);
#2144=DIRECTION('',(-0.951056516295159,0.,0.309016994374931));
#2145=CARTESIAN_POINT('',(24.7157925162613,-0.78128848340246,-9.08211002077744));
#2146=CARTESIAN_POINT('',(24.7157925164045,-0.781288483903842,-9.08211002082383));
#2147=CARTESIAN_POINT('',(24.9772897490509,-1.42857341035771,-9.16707562222111));
#2148=CARTESIAN_POINT('',(25.5523033835473,-2.85193829100325,-9.35390887767157));
#2149=CARTESIAN_POINT('',(26.505600530531,-5.21179758216066,-9.66365389708918));
#2150=CARTESIAN_POINT('',(27.6545397733459,-8.05610222348368,-10.0369668868544));
#2151=CARTESIAN_POINT('',(28.9940279340011,-11.3723007590916,-10.4721929731215));
#2152=CARTESIAN_POINT('',(29.9552002792797,-13.7520193248273,-10.7844967995763));
#2153=CARTESIAN_POINT('',(30.4592503148927,-14.9999999998887,-10.9482725840334));
#2154=CARTESIAN_POINT('',(24.418452429299,5.50203090880894E-16,-8.98549837004379));
#2155=CARTESIAN_POINT('',(24.7157925162613,-0.78128848340246,-9.08211002077744));
#2156=VECTOR('',#2157,1.);
#2157=DIRECTION('',(-0.353336742239465,0.928424856180408,0.11480606695637));
#2158=CARTESIAN_POINT('',(24.418452429299,5.50203090880894E-16,-8.98549837004379));
#2159=VECTOR('',#2160,1.);
#2160=DIRECTION('',(0.,1.,0.));
#2161=CARTESIAN_POINT('',(25.0364864180489,4.33732259031985E-16,-7.08338533745348));
#2162=CARTESIAN_POINT('',(25.0364864180489,4.33732259031985E-16,-7.08338533745348));
#2163=VECTOR('',#2164,1.);
#2164=DIRECTION('',(0.,1.,0.));
#2165=CARTESIAN_POINT('',(25.3338265041626,-0.781288481172574,-7.17999698791139));
#2166=CARTESIAN_POINT('',(25.3338265041626,-0.781288481172574,-7.17999698791139));
#2167=VECTOR('',#2168,1.);
#2168=DIRECTION('',(-0.353336742239467,0.928424856180407,0.11480606695637));
#2169=CARTESIAN_POINT('',(31.0772843033928,-15.,-9.04615955136377));
#2170=CARTESIAN_POINT('',(25.33382650473,-0.781288482788811,-7.1799969880959));
#2171=CARTESIAN_POINT('',(25.595323737997,-1.42857341084979,-7.26496258969469));
#2172=CARTESIAN_POINT('',(26.170337373942,-2.85193829519665,-7.45179584561561));
#2173=CARTESIAN_POINT('',(27.1236345238172,-5.21179759361405,-7.76154086597275));
#2174=CARTESIAN_POINT('',(28.2725737684637,-8.05610223962669,-8.13485385633359));
#2175=CARTESIAN_POINT('',(29.6120619277212,-11.3723007719453,-8.57007994214764));
#2176=CARTESIAN_POINT('',(30.5732342701799,-13.7520193308237,-8.88238376768735));
#2177=CARTESIAN_POINT('',(31.07728430339,-15.000000000001,-9.04615955136451));
#2178=CARTESIAN_POINT('',(30.9157475719376,-15.,-8.9936730856489));
#2179=CARTESIAN_POINT('',(31.0772843033928,-15.,-9.04615955136378));
#2180=VECTOR('',#2181,1.);
#2181=DIRECTION('',(-0.951056516295159,0.,0.309016994374931));
#2182=CARTESIAN_POINT('',(31.266169491787,-15.1122225217691,-9.10753206939972));
#2183=CARTESIAN_POINT('',(31.266169491787,-15.1122225217691,-9.10753206939972));
#2184=VECTOR('',#2185,1.);
#2185=DIRECTION('',(-0.909793190001884,0.291361014499984,0.29560972693018));
#2186=CARTESIAN_POINT('',(31.5021635022889,-14.2975190429687,-9.18421117160478));
#2187=CARTESIAN_POINT('',(31.5021635022889,-14.2975190429687,-9.18421117160478));
#2188=VECTOR('',#2189,1.);
#2189=DIRECTION('',(-0.27710079143458,-0.956613171156209,0.0900355049788195));
#2190=CARTESIAN_POINT('',(25.9875429343441,0.192654764695403,-7.39240233182843));
#2191=VECTOR('',#2192,1.);
#2192=DIRECTION('',(0.353336742239465,-0.928424856180408,-0.114806066956372));
#2193=CARTESIAN_POINT('',(31.5021635022889,-14.2975190429687,-9.18421117160478));
#2194=VECTOR('',#2195,1.);
#2195=DIRECTION('',(-0.309016994374948,0.,-0.951056516295153));
#2196=CARTESIAN_POINT('',(0.999999999999998,1.,-27.));
#2197=CARTESIAN_POINT('',(4.67986772127977,1.,-25.5753560700789));
#2198=VECTOR('',#2199,1.);
#2199=DIRECTION('',(-0.932552825703709,0.,-0.361033554219033));
#2200=CARTESIAN_POINT('',(0.999999999999998,1.,-27.));
#2201=VECTOR('',#2202,1.);
#2202=DIRECTION('',(0.,1.,0.));
#2203=CARTESIAN_POINT('',(0.999999999999998,0.192654764695404,-27.));
#2204=CARTESIAN_POINT('',(-1.,0.192654764695404,-27.));
#2205=CARTESIAN_POINT('',(0.999999999999998,0.192654764695404,-27.));
#2206=VECTOR('',#2207,1.);
#2207=DIRECTION('',(-1.,0.,0.));
#2208=CARTESIAN_POINT('',(-1.,1.,-27.));
#2209=CARTESIAN_POINT('',(-1.,1.,-27.));
#2210=VECTOR('',#2211,1.);
#2211=DIRECTION('',(0.,-1.,0.));
#2212=CARTESIAN_POINT('',(-1.,1.,-27.));
#2213=VECTOR('',#2214,1.);
#2214=DIRECTION('',(0.,1.,0.));
#2215=CARTESIAN_POINT('',(0.999999999999998,1.,-27.));
#2216=VECTOR('',#2217,1.);
#2217=DIRECTION('',(0.,-1.,0.));
#2218=CARTESIAN_POINT('',(-1.,1.,-27.));
#2219=VECTOR('',#2220,1.);
#2220=DIRECTION('',(-0.932552825703709,0.,0.361033554219032));
#2221=CARTESIAN_POINT('',(-1.5399933499278E-15,0.500000000000002,-25.15));
#2222=AXIS2_PLACEMENT_3D('',#2223,#2224,#2225);
#2223=CARTESIAN_POINT('',(0.,0.5,3.06161699786838E-17));
#2224=DIRECTION('',(0.,-1.,-6.12323399573677E-17));
#2225=DIRECTION('',(6.12323399573677E-17,6.12323399573677E-17,-1.));
#2226=CARTESIAN_POINT('',(18.4694077635709,-14.2975190429687,27.1222605442931));
#2227=VECTOR('',#2228,1.);
#2228=DIRECTION('',(0.809016994374947,0.,-0.587785252292474));
#2229=CARTESIAN_POINT('',(-20.0874417523208,-14.2975190429687,25.9466900397081));
#2230=VECTOR('',#2231,1.);
#2231=DIRECTION('',(0.809016994374948,0.,0.587785252292473));
#2232=CARTESIAN_POINT('',(-30.884129513539,-14.2975190429687,-11.0863242041951));
#2233=VECTOR('',#2234,1.);
#2234=DIRECTION('',(-0.309016994374948,0.,0.951056516295153));
#2235=CARTESIAN_POINT('',(24.727469423674,-5.99732223206458E-16,-8.03444185374864));
#2236=VECTOR('',#2237,1.);
#2237=DIRECTION('',(-0.309016994374948,7.15800669776745E-17,-0.951056516295154));
#2238=CARTESIAN_POINT('',(25.0364864180489,-6.71312290184133E-16,-7.08338533745348));
#2239=VECTOR('',#2240,1.);
#2240=DIRECTION('',(-0.309016994374949,7.15800669776747E-17,-0.951056516295153));
#2241=CARTESIAN_POINT('',(15.2824165596043,-2.38901050235299E-15,21.0344418537486));
#2242=VECTOR('',#2243,1.);
#2243=DIRECTION('',(0.809016994374947,4.93361174435199E-17,-0.587785252292474));
#2244=CARTESIAN_POINT('',(14.4733995652294,-2.43834661979651E-15,21.6222271060411));
#2245=VECTOR('',#2246,1.);
#2246=DIRECTION('',(0.809016994374948,4.93361174435196E-17,-0.587785252292473));
#2247=CARTESIAN_POINT('',(-15.2824165596043,-2.42500196874329E-15,21.0344418537486));
#2248=VECTOR('',#2249,1.);
#2249=DIRECTION('',(0.809016994374948,-2.264681533708E-17,0.587785252292473));
#2250=CARTESIAN_POINT('',(-16.0914335539793,-2.40235515340621E-15,20.4466566014562));
#2251=VECTOR('',#2252,1.);
#2252=DIRECTION('',(0.809016994374947,-2.26468153370795E-17,0.587785252292474));
#2253=CARTESIAN_POINT('',(-24.727469423674,-6.57967639130913E-16,-8.03444185374864));
#2254=VECTOR('',#2255,1.);
#2255=DIRECTION('',(-0.309016994374946,-4.48907648712347E-17,0.951056516295154));
#2256=CARTESIAN_POINT('',(-24.418452429299,-6.13076874259678E-16,-8.98549837004379));
#2257=VECTOR('',#2258,1.);
#2258=DIRECTION('',(-0.309016994374948,-4.48907648712346E-17,0.951056516295154));
#2259=CARTESIAN_POINT('',(-1.,1.,-26.));
#2260=CARTESIAN_POINT('',(-1.,1.,-26.));
#2261=VECTOR('',#2262,1.);
#2262=DIRECTION('',(0.,0.,-1.));
#2263=CARTESIAN_POINT('',(0.999999999999998,1.,-26.));
#2264=CARTESIAN_POINT('',(0.999999999999998,1.,-26.));
#2265=VECTOR('',#2266,1.);
#2266=DIRECTION('',(-1.,0.,0.));
#2267=CARTESIAN_POINT('',(0.999999999999998,1.,-26.));
#2268=VECTOR('',#2269,1.);
#2269=DIRECTION('',(-1.11022302462516E-16,0.,-1.));
#2270=CARTESIAN_POINT('',(-24.7157925168025,-0.781288484824513,-9.08211002095329));
#2271=CARTESIAN_POINT('',(-24.7149432398114,-0.776580605642399,-9.0786273536809));
#2272=CARTESIAN_POINT('',(-24.7132453740135,-0.767122923168649,-9.07160561145298));
#2273=CARTESIAN_POINT('',(-24.7107152670107,-0.752886714696485,-9.06095728702497));
#2274=CARTESIAN_POINT('',(-24.7081793909876,-0.738466525276339,-9.05008847149413));
#2275=CARTESIAN_POINT('',(-24.705639396988,-0.72386082415054,-9.03899210121392));
#2276=CARTESIAN_POINT('',(-24.703079659299,-0.708966771421892,-9.02758309455085));
#2277=CARTESIAN_POINT('',(-24.700504188892,-0.693791599830942,-9.01585847304942));
#2278=CARTESIAN_POINT('',(-24.6978998230813,-0.678237998575527,-9.00373273456486));
#2279=CARTESIAN_POINT('',(-24.6952891375349,-0.662419565032135,-8.99128350137786));
#2280=CARTESIAN_POINT('',(-24.6926668078005,-0.646282896561073,-8.97845800666321));
#2281=CARTESIAN_POINT('',(-24.690044853569,-0.629878716726994,-8.96528494214924));
#2282=CARTESIAN_POINT('',(-24.6874098049152,-0.613094457121119,-8.95165999342372));
#2283=CARTESIAN_POINT('',(-24.6847842457009,-0.5960425643486,-8.93765926735675));
#2284=CARTESIAN_POINT('',(-24.6821714951938,-0.578713406030703,-8.92326007483342));
#2285=CARTESIAN_POINT('',(-24.6795926745002,-0.561216252147174,-8.9085389110479));
#2286=CARTESIAN_POINT('',(-24.6767641536229,-0.541545792504259,-8.89177192083348));
#2287=CARTESIAN_POINT('',(-24.6737328652258,-0.519794287963402,-8.87293413360251));
#2288=CARTESIAN_POINT('',(-24.6705445887844,-0.495987600262252,-8.85191814430153));
#2289=CARTESIAN_POINT('',(-24.6677284977176,-0.473998599573113,-8.83211050190349));
#2290=CARTESIAN_POINT('',(-24.6652544082387,-0.453800561032522,-8.81356949516229));
#2291=CARTESIAN_POINT('',(-24.6630820660108,-0.435285292929484,-8.79627891121792));
#2292=CARTESIAN_POINT('',(-24.6609913418835,-0.416578726887812,-8.77848941112252));
#2293=CARTESIAN_POINT('',(-24.6589877483465,-0.397630341184228,-8.76011860601907));
#2294=CARTESIAN_POINT('',(-24.65709896141,-0.378592847515228,-8.74127907207781));
#2295=CARTESIAN_POINT('',(-24.6553433532945,-0.359543609125254,-8.72201444703299));
#2296=CARTESIAN_POINT('',(-24.6537441026861,-0.340634677205678,-8.70245029307397));
#2297=CARTESIAN_POINT('',(-24.6523160599185,-0.321947053104441,-8.68264579835303));
#2298=CARTESIAN_POINT('',(-24.6510729473875,-0.303575474259817,-8.66268141002441));
#2299=CARTESIAN_POINT('',(-24.650028531538,-0.28565739951895,-8.642692761805));
#2300=CARTESIAN_POINT('',(-24.6491881586757,-0.268256941952323,-8.62274642274595));
#2301=CARTESIAN_POINT('',(-24.6485548754326,-0.251448119397326,-8.60292886575432));
#2302=CARTESIAN_POINT('',(-24.648125061453,-0.235141437419715,-8.58313534222779));
#2303=CARTESIAN_POINT('',(-24.6479319444402,-0.221551082487433,-8.56613085090034));
#2304=CARTESIAN_POINT('',(-24.6478919261786,-0.211313931847904,-8.55299740548373));
#2305=CARTESIAN_POINT('',(-24.6479194136489,-0.201483402564445,-8.5401827535391));
#2306=CARTESIAN_POINT('',(-24.648061806368,-0.190110971588708,-8.5250177723881));
#2307=CARTESIAN_POINT('',(-24.648426408444,-0.176598889064246,-8.50639815713923));
#2308=CARTESIAN_POINT('',(-24.6489634526942,-0.163889467996386,-8.48828722674532));
#2309=CARTESIAN_POINT('',(-24.6496650533066,-0.151876836799332,-8.47057215271888));
#2310=CARTESIAN_POINT('',(-24.6505141525442,-0.140613705979957,-8.45337369090239));
#2311=CARTESIAN_POINT('',(-24.6515116047911,-0.12992809097531,-8.43646650018155));
#2312=CARTESIAN_POINT('',(-24.6526516909952,-0.11979757912398,-8.41983915868957));
#2313=CARTESIAN_POINT('',(-24.6539380488051,-0.110142813427785,-8.4033777074673));
#2314=CARTESIAN_POINT('',(-24.6553572304303,-0.10101536259508,-8.38719031351119));
#2315=CARTESIAN_POINT('',(-24.6569128352114,-0.0923469055897906,-8.37117742679247));
#2316=CARTESIAN_POINT('',(-24.6589148400026,-0.0826034444732726,-8.35239858440987));
#2317=CARTESIAN_POINT('',(-24.6619517885129,-0.0700710092257195,-8.32682292780392));
#2318=CARTESIAN_POINT('',(-24.6669305002411,-0.0539038284053757,-8.29056432091666));
#2319=CARTESIAN_POINT('',(-24.6740513542918,-0.0372212150355882,-8.24704541794854));
#2320=CARTESIAN_POINT('',(-24.6822462722458,-0.0240632824387712,-8.20478517525274));
#2321=CARTESIAN_POINT('',(-24.6894332505676,-0.0159095809058036,-8.17210728603577));
#2322=CARTESIAN_POINT('',(-24.6943856960252,-0.0115744298156513,-8.15125141773026));
#2323=CARTESIAN_POINT('',(-24.6977225423757,-0.00910430759210357,-8.13778297328651));
#2324=CARTESIAN_POINT('',(-24.7003202893555,-0.00741129283888564,-8.12759555894234));
#2325=CARTESIAN_POINT('',(-24.7028492757139,-0.0059642925710125,-8.1179383447468));
#2326=CARTESIAN_POINT('',(-24.705293304823,-0.00474052672174929,-8.10883167972307));
#2327=CARTESIAN_POINT('',(-24.7077130440186,-0.00368715976808465,-8.10002042959492));
#2328=CARTESIAN_POINT('',(-24.710128851581,-0.00278325465071039,-8.09141482555121));
#2329=CARTESIAN_POINT('',(-24.712571145201,-0.00201188025933163,-8.08289932660701));
#2330=CARTESIAN_POINT('',(-24.715024765047,-0.00137294827684553,-8.07452047555983));
#2331=CARTESIAN_POINT('',(-24.717492404813,-0.000860224046422164,-8.06626190849636));
#2332=CARTESIAN_POINT('',(-24.719966937026,-0.000469949843761142,-8.05814069545435));
#2333=CARTESIAN_POINT('',(-24.7224534346643,-0.000196419554844174,-8.05013383427333));
#2334=CARTESIAN_POINT('',(-24.724947607351,-3.54223319818381E-5,-8.04224907653425));
#2335=CARTESIAN_POINT('',(-24.7266277819748,6.96634783192707E-9,-8.03703215154836));
#2336=CARTESIAN_POINT('',(-24.727469423463,5.53118773005679E-10,-8.03444185370076));
#2337=CARTESIAN_POINT('',(-1.,-0.781288483401954,-26.3126418691924));
#2338=CARTESIAN_POINT('',(-3.14202605179377E-16,9.01523070753345E-16,-26.));
#2339=CARTESIAN_POINT('',(-0.00648742543275317,-1.32719523622591E-7,-26.0000000531093));
#2340=CARTESIAN_POINT('',(-0.0195844205679299,-0.000203131918380739,-26.0000812856506));
#2341=CARTESIAN_POINT('',(-0.0392335258967638,-0.00111399670208057,-26.0004457790158));
#2342=CARTESIAN_POINT('',(-0.0592040354674816,-0.0026656236909487,-26.0010666809904));
#2343=CARTESIAN_POINT('',(-0.0793872955764262,-0.00487603431451141,-26.0019512030635));
#2344=CARTESIAN_POINT('',(-0.0996212813495768,-0.0077412569200419,-26.0030977559311));
#2345=CARTESIAN_POINT('',(-0.119685619864386,-0.0112235535597727,-26.004491238305));
#2346=CARTESIAN_POINT('',(-0.139387945194689,-0.0152638946305132,-26.006108028788));
#2347=CARTESIAN_POINT('',(-0.158659151260631,-0.0198092918419602,-26.0079269234865));
#2348=CARTESIAN_POINT('',(-0.177289528678107,-0.0247631518928187,-26.0099092694431));
#2349=CARTESIAN_POINT('',(-0.195195179010472,-0.0300423094516242,-26.0120217870623));
#2350=CARTESIAN_POINT('',(-0.212127564059009,-0.0355006613079338,-26.0142060114088));
#2351=CARTESIAN_POINT('',(-0.228212221419807,-0.0411034453121932,-26.0164480319952));
#2352=CARTESIAN_POINT('',(-0.243805544215175,-0.0469184968947282,-26.0187749939751));
#2353=CARTESIAN_POINT('',(-0.259488452705106,-0.0531483339632647,-26.0212679372953));
#2354=CARTESIAN_POINT('',(-0.277291332971717,-0.0606649298528133,-26.0242757924459));
#2355=CARTESIAN_POINT('',(-0.296744857482071,-0.0694578943393979,-26.0277944016551));
#2356=CARTESIAN_POINT('',(-0.317300022418429,-0.0794285457330978,-26.0317842762725));
#2357=CARTESIAN_POINT('',(-0.334872976833184,-0.0885058969989945,-26.0354166862303));
#2358=CARTESIAN_POINT('',(-0.349353303140959,-0.0963511269273598,-26.038556048196));
#2359=CARTESIAN_POINT('',(-0.360588373682906,-0.102648834255742,-26.0410761506071));
#2360=CARTESIAN_POINT('',(-0.370833275236608,-0.108560076567476,-26.0434416044501));
#2361=CARTESIAN_POINT('',(-0.380573814553106,-0.114329063940369,-26.0457501332892));
#2362=CARTESIAN_POINT('',(-0.390289275070597,-0.120230955082114,-26.0481118451504));
#2363=CARTESIAN_POINT('',(-0.400017814691043,-0.12628853751272,-26.0505358587307));
#2364=CARTESIAN_POINT('',(-0.409766467622636,-0.132507015336455,-26.0530242565141));
#2365=CARTESIAN_POINT('',(-0.419580936432638,-0.138917238938354,-26.0555893836488));
#2366=CARTESIAN_POINT('',(-0.429466935377481,-0.145526050410157,-26.0582339780791));
#2367=CARTESIAN_POINT('',(-0.439469157001866,-0.152367717107744,-26.0609717522946));
#2368=CARTESIAN_POINT('',(-0.449546736531034,-0.15941885268202,-26.0637933479698));
#2369=CARTESIAN_POINT('',(-0.459724064463711,-0.166700367399829,-26.0667071325964));
#2370=CARTESIAN_POINT('',(-0.469976581737009,-0.17419860948079,-26.0697076432524));
#2371=CARTESIAN_POINT('',(-0.480343776073786,-0.181947068489382,-26.0728082811848));
#2372=CARTESIAN_POINT('',(-0.490773685904853,-0.189911250029732,-26.0759952430513));
#2373=CARTESIAN_POINT('',(-0.50126076572684,-0.198089704794037,-26.0792679488941));
#2374=CARTESIAN_POINT('',(-0.511754058404894,-0.206443937802721,-26.0826109944899));
#2375=CARTESIAN_POINT('',(-0.522247282679427,-0.214969131869122,-26.0860224521842));
#2376=CARTESIAN_POINT('',(-0.532691649326008,-0.223624312477873,-26.0894859255377));
#2377=CARTESIAN_POINT('',(-0.543053131705136,-0.23237799371028,-26.0929888150861));
#2378=CARTESIAN_POINT('',(-0.553301373495088,-0.241199497051337,-26.096518844457));
#2379=CARTESIAN_POINT('',(-0.563417415426957,-0.250066550199559,-26.1000671011245));
#2380=CARTESIAN_POINT('',(-0.573397356430529,-0.258969247115821,-26.1036296210693));
#2381=CARTESIAN_POINT('',(-0.583222414330047,-0.26788402762519,-26.1071969764074));
#2382=CARTESIAN_POINT('',(-0.592892131596873,-0.27680327702768,-26.1107661200261));
#2383=CARTESIAN_POINT('',(-0.602391717517966,-0.285705903121973,-26.1143286116306));
#2384=CARTESIAN_POINT('',(-0.611740084079909,-0.294602380657971,-26.1178886428165));
#2385=CARTESIAN_POINT('',(-0.621039070679935,-0.30358446180809,-26.1214829293056));
#2386=CARTESIAN_POINT('',(-0.630404295428001,-0.312764169885015,-26.1251562985575));
#2387=CARTESIAN_POINT('',(-0.640012689460802,-0.322321576625276,-26.1289808084169));
#2388=CARTESIAN_POINT('',(-0.649870112203881,-0.332273918243687,-26.1329633561602));
#2389=CARTESIAN_POINT('',(-0.660135190660681,-0.342795528535632,-26.1371737035267));
#2390=CARTESIAN_POINT('',(-0.670801287107928,-0.353898561965668,-26.1416167142698));
#2391=CARTESIAN_POINT('',(-0.682017093799911,-0.365761602513536,-26.1463638508908));
#2392=CARTESIAN_POINT('',(-0.693613243230212,-0.378229830351475,-26.1513531603962));
#2393=CARTESIAN_POINT('',(-0.705665790685395,-0.391406280442843,-26.1566258734508));
#2394=CARTESIAN_POINT('',(-0.71808889052592,-0.405218943215863,-26.1621531745689));
#2395=CARTESIAN_POINT('',(-0.731031144337102,-0.419858796074314,-26.1680114856276));
#2396=CARTESIAN_POINT('',(-0.7443193841135,-0.43515591054819,-26.1741328077306));
#2397=CARTESIAN_POINT('',(-0.759558514191741,-0.453011123983386,-26.181277783526));
#2398=CARTESIAN_POINT('',(-0.778100208326356,-0.475189866330248,-26.1901528707837));
#2399=CARTESIAN_POINT('',(-0.799758985384451,-0.501785492127765,-26.2007954264315));
#2400=CARTESIAN_POINT('',(-0.821164869545866,-0.528817060213827,-26.2116124295655));
#2401=CARTESIAN_POINT('',(-0.839265040330327,-0.552231794647069,-26.2209821137414));
#2402=CARTESIAN_POINT('',(-0.854152075532298,-0.571840722961655,-26.2288288593818));
#2403=CARTESIAN_POINT('',(-0.867372697630515,-0.58951856356347,-26.2359028573306));
#2404=CARTESIAN_POINT('',(-0.880410688183942,-0.607208468181796,-26.2429816828389));
#2405=CARTESIAN_POINT('',(-0.893241350410547,-0.624865041575183,-26.2500471704615));
#2406=CARTESIAN_POINT('',(-0.905883383480593,-0.642502083897227,-26.2571048424939));
#2407=CARTESIAN_POINT('',(-0.918759328127838,-0.660705917780408,-26.2643893229036));
#2408=CARTESIAN_POINT('',(-0.932300927696203,-0.680112679342449,-26.272155169116));
#2409=CARTESIAN_POINT('',(-0.949487336779085,-0.705101885851451,-26.2821548969995));
#2410=CARTESIAN_POINT('',(-0.972328797105818,-0.738957582728797,-26.2957026563474));
#2411=CARTESIAN_POINT('',(-0.990017219070015,-0.765878682242802,-26.3064754541698));
#2412=CARTESIAN_POINT('',(-0.999999999969551,-0.781288483382017,-26.3126418691809));
#2413=CARTESIAN_POINT('',(-1.,-15.,-32.3516707806974));
#2414=CARTESIAN_POINT('',(-0.999999999999857,-0.781288483903387,-26.3126418693429));
#2415=CARTESIAN_POINT('',(-0.999999999999988,-1.08003536210124,-26.439543939868));
#2416=CARTESIAN_POINT('',(-1.00000000000018,-1.72732130495468,-26.7144960059402));
#2417=CARTESIAN_POINT('',(-0.999999999999328,-2.69825345248185,-27.1269165452786));
#2418=CARTESIAN_POINT('',(-1.00000000000267,-3.82287575246675,-27.6046094660871));
#2419=CARTESIAN_POINT('',(-0.999999999986053,-5.01189795010441,-28.1096448698257));
#2420=CARTESIAN_POINT('',(-1.00000000005179,-6.40082698928446,-28.6995758124553));
#2421=CARTESIAN_POINT('',(-0.999999999750925,-7.84506676881036,-29.312983795392));
#2422=CARTESIAN_POINT('',(-1.00000000097781,-9.50035121177029,-30.0160099006252));
#2423=CARTESIAN_POINT('',(-0.999999999773598,-11.1424868979641,-30.7134328622998));
#2424=CARTESIAN_POINT('',(-1.00000000007787,-12.9431742554151,-31.4781745301186));
#2425=CARTESIAN_POINT('',(-0.999999999998287,-14.1911520816523,-32.0081708094224));
#2426=CARTESIAN_POINT('',(-0.99999999999985,-14.9287270949533,-32.3214027779888));
#2427=CARTESIAN_POINT('',(-1.,-15.,-32.3516707806974));
#2428=AXIS2_PLACEMENT_3D('',#2429,#2430,#2431);
#2429=CARTESIAN_POINT('',(0.,-15.,-9.18485099360515E-16));
#2430=DIRECTION('',(0.,1.,6.12323399573677E-17));
#2431=DIRECTION('',(-0.0308955486523619,6.12031087765953E-17,-0.99952261859023));
#2432=CARTESIAN_POINT('',(-24.7274694236742,-2.31084119691123E-14,-8.03444185374817));
#2433=CARTESIAN_POINT('',(-24.7292879626219,7.24578484892891E-8,-8.02884487253747));
#2434=CARTESIAN_POINT('',(-24.7329910815447,-0.000164769591092327,-8.01766130677701));
#2435=CARTESIAN_POINT('',(-24.7387288295163,-0.000904561745382196,-8.00096032893067));
#2436=CARTESIAN_POINT('',(-24.7446535340979,-0.00213765074038443,-7.98432275306498));
#2437=CARTESIAN_POINT('',(-24.750759236054,-0.00386172631266441,-7.96776392814307));
#2438=CARTESIAN_POINT('',(-24.7570138425058,-0.00606367006831508,-7.95136563821154));
#2439=CARTESIAN_POINT('',(-24.7633916879443,-0.00872448657456242,-7.93518227542925));
#2440=CARTESIAN_POINT('',(-24.7698449913128,-0.0118084784732081,-7.91931466843668));
#2441=CARTESIAN_POINT('',(-24.7763746937692,-0.0152978499270444,-7.903736875909));
#2442=CARTESIAN_POINT('',(-24.7829081790813,-0.0191339685195191,-7.88859646151974));
#2443=CARTESIAN_POINT('',(-24.7893986493678,-0.02326185078243,-7.87396625343783));
#2444=CARTESIAN_POINT('',(-24.7957159458406,-0.0275619861134943,-7.86009207884271));
#2445=CARTESIAN_POINT('',(-24.8018694121265,-0.0320001772228628,-7.84690089719153));
#2446=CARTESIAN_POINT('',(-24.8077675942484,-0.0364722839487056,-7.83453931847253));
#2447=CARTESIAN_POINT('',(-24.813430865116,-0.040956232091511,-7.82291605630882));
#2448=CARTESIAN_POINT('',(-24.8187722231811,-0.0453463732133317,-7.81216206437746));
#2449=CARTESIAN_POINT('',(-24.8238886346465,-0.0496908648278285,-7.8020412730155));
#2450=CARTESIAN_POINT('',(-24.828760349979,-0.0539490387156743,-7.79256180168239));
#2451=CARTESIAN_POINT('',(-24.8334433299071,-0.0581499828556222,-7.78358908847461));
#2452=CARTESIAN_POINT('',(-24.837871471813,-0.062215460857459,-7.77522526403457));
#2453=CARTESIAN_POINT('',(-24.8421107766394,-0.0661891403885018,-7.76732374583893));
#2454=CARTESIAN_POINT('',(-24.846163399189,-0.07005996615885,-7.75986358602847));
#2455=CARTESIAN_POINT('',(-24.8500958239418,-0.07388157356965,-7.75270962163181));
#2456=CARTESIAN_POINT('',(-24.8539098516365,-0.077647813129815,-7.74584834725549));
#2457=CARTESIAN_POINT('',(-24.8576637479339,-0.0814104973829373,-7.73916753434206));
#2458=CARTESIAN_POINT('',(-24.8614310621872,-0.0852404773586897,-7.73253256987335));
#2459=CARTESIAN_POINT('',(-24.8652893260959,-0.089217544465344,-7.72580816178184));
#2460=CARTESIAN_POINT('',(-24.8693285055634,-0.0934388036651127,-7.71884316966074));
#2461=CARTESIAN_POINT('',(-24.8735510724826,-0.0979134464643171,-7.71164188835638));
#2462=CARTESIAN_POINT('',(-24.8780316662661,-0.102728290573824,-7.70408702606352));
#2463=CARTESIAN_POINT('',(-24.8827662422461,-0.1078886040124,-7.69619785281565));
#2464=CARTESIAN_POINT('',(-24.8878314230051,-0.113489569778027,-7.68786180587573));
#2465=CARTESIAN_POINT('',(-24.8931538857687,-0.119461963268037,-7.67921490706721));
#2466=CARTESIAN_POINT('',(-24.8987890336127,-0.125878649112493,-7.67018099938452));
#2467=CARTESIAN_POINT('',(-24.904715575486,-0.132727034735575,-7.66080930317669));
#2468=CARTESIAN_POINT('',(-24.9110439520632,-0.140149198896488,-7.65094390203561));
#2469=CARTESIAN_POINT('',(-24.917703725967,-0.148078194137593,-7.64071488623713));
#2470=CARTESIAN_POINT('',(-24.924734677309,-0.15657548315137,-7.63007941636487));
#2471=CARTESIAN_POINT('',(-24.9320631539434,-0.16556493574255,-7.61916558553911));
#2472=CARTESIAN_POINT('',(-24.9397247868378,-0.175102607849657,-7.60793632261431));
#2473=CARTESIAN_POINT('',(-24.9476071016272,-0.185058144763086,-7.59656898512333));
#2474=CARTESIAN_POINT('',(-24.9556788806886,-0.195397353208642,-7.58511537241477));
#2475=CARTESIAN_POINT('',(-24.9638676294617,-0.206029297771571,-7.57368084289261));
#2476=CARTESIAN_POINT('',(-24.9721808210961,-0.216964448059787,-7.56225595419686));
#2477=CARTESIAN_POINT('',(-24.9805723825675,-0.228141876138542,-7.55090360582305));
#2478=CARTESIAN_POINT('',(-24.9890091967558,-0.239515269440532,-7.53966574927882));
#2479=CARTESIAN_POINT('',(-24.9974441632395,-0.251016942178661,-7.52859969497486));
#2480=CARTESIAN_POINT('',(-25.0058393753929,-0.262589586443613,-7.5177478965722));
#2481=CARTESIAN_POINT('',(-25.0141677334844,-0.274188999220592,-7.50713651772805));
#2482=CARTESIAN_POINT('',(-25.0224238751064,-0.28580050393853,-7.49676305679467));
#2483=CARTESIAN_POINT('',(-25.0306482961081,-0.297475068837632,-7.48656888173972));
#2484=CARTESIAN_POINT('',(-25.0389184331783,-0.309319200852348,-7.47645358820799));
#2485=CARTESIAN_POINT('',(-25.0472838866581,-0.321403472992139,-7.46635591063821));
#2486=CARTESIAN_POINT('',(-25.05583564403,-0.333861015640745,-7.45616821568404));
#2487=CARTESIAN_POINT('',(-25.0645936731579,-0.346724833052679,-7.44587178747345));
#2488=CARTESIAN_POINT('',(-25.0736312120069,-0.360108015197166,-7.43538766870091));
#2489=CARTESIAN_POINT('',(-25.0828881102258,-0.373927164688417,-7.42479298757972));
#2490=CARTESIAN_POINT('',(-25.0924107685005,-0.388256351191729,-7.41404085407409));
#2491=CARTESIAN_POINT('',(-25.102169576983,-0.403056080387832,-7.40317125471536));
#2492=CARTESIAN_POINT('',(-25.1122399526187,-0.418446792526358,-7.39210804424002));
#2493=CARTESIAN_POINT('',(-25.1225431292743,-0.434313980471804,-7.38094535874414));
#2494=CARTESIAN_POINT('',(-25.1330790822632,-0.450661671151826,-7.36968848887996));
#2495=CARTESIAN_POINT('',(-25.1437676275532,-0.467367840746695,-7.35842620084938));
#2496=CARTESIAN_POINT('',(-25.1558194394114,-0.486339657153467,-7.34590211146124));
#2497=CARTESIAN_POINT('',(-25.1691397954245,-0.507478380736173,-7.3322798833326));
#2498=CARTESIAN_POINT('',(-25.1836867218855,-0.530767157977607,-7.3176668737704));
#2499=CARTESIAN_POINT('',(-25.1969892741012,-0.552241829544317,-7.30453447629017));
#2500=CARTESIAN_POINT('',(-25.2090575910632,-0.571859433359184,-7.29279585249735));
#2501=CARTESIAN_POINT('',(-25.2198728091788,-0.589540743372398,-7.28240646470488));
#2502=CARTESIAN_POINT('',(-25.2306349769724,-0.607232162605122,-7.27219343995935));
#2503=CARTESIAN_POINT('',(-25.2413192600758,-0.624888384380846,-7.26217454065879));
#2504=CARTESIAN_POINT('',(-25.2519372628811,-0.642524136822737,-7.25233312435528));
#2505=CARTESIAN_POINT('',(-25.2628427481963,-0.660725816834727,-7.24233977636443));
#2506=CARTESIAN_POINT('',(-25.2744114885798,-0.68012998544723,-7.23186230304387));
#2507=CARTESIAN_POINT('',(-25.2892303186976,-0.705115297973308,-7.21860939022023));
#2508=CARTESIAN_POINT('',(-25.309169834305,-0.738965026844844,-7.20107561321323));
#2509=CARTESIAN_POINT('',(-25.3248785962507,-0.765881351391633,-7.187584337896));
#2510=CARTESIAN_POINT('',(-25.3338265049902,-0.781288483382038,-7.17999698821231));
#2511=AXIS2_PLACEMENT_3D('',#2512,#2513,#2514);
#2512=CARTESIAN_POINT('',(0.,-15.,-9.18485099360515E-16));
#2513=DIRECTION('',(0.,1.,6.12323399573677E-17));
#2514=DIRECTION('',(-0.960149749178751,1.71135855945619E-17,-0.279486062536187));
#2515=CARTESIAN_POINT('',(-16.2751998342743,-0.781288484824794,20.6995891872466));
#2516=CARTESIAN_POINT('',(-16.2705550828272,-0.775171276150038,20.6999380583739));
#2517=CARTESIAN_POINT('',(-16.2612273163614,-0.762934294817973,20.7006623325249));
#2518=CARTESIAN_POINT('',(-16.2471388081804,-0.744599516423598,20.701829351179));
#2519=CARTESIAN_POINT('',(-16.2329092979945,-0.72623363517587,20.7030834294663));
#2520=CARTESIAN_POINT('',(-16.2185339650927,-0.707837165897813,20.7044283244837));
#2521=CARTESIAN_POINT('',(-16.2039838574071,-0.689380388506326,20.7058703707758));
#2522=CARTESIAN_POINT('',(-16.1892616953125,-0.670874836442937,20.7074132966296));
#2523=CARTESIAN_POINT('',(-16.174340291921,-0.652295232432677,20.7090643516454));
#2524=CARTESIAN_POINT('',(-16.1592498503984,-0.63368831628608,20.7108247107243));
#2525=CARTESIAN_POINT('',(-16.1439974590279,-0.615071562839974,20.7126978674584));
#2526=CARTESIAN_POINT('',(-16.1286172714465,-0.59649475390436,20.7146836312195));
#2527=CARTESIAN_POINT('',(-16.1131215102961,-0.577980311930514,20.7167842124947));
#2528=CARTESIAN_POINT('',(-16.0975372169294,-0.559567525113485,20.7189993976045));
#2529=CARTESIAN_POINT('',(-16.0801889750451,-0.539306192763328,20.7215818252676));
#2530=CARTESIAN_POINT('',(-16.0593563817868,-0.515310170877526,20.7248485030336));
#2531=CARTESIAN_POINT('',(-16.0349421598678,-0.487703609370924,20.7289315149237));
#2532=CARTESIAN_POINT('',(-16.010336783463,-0.460477038320339,20.7333413623255));
#2533=CARTESIAN_POINT('',(-15.98905695427,-0.437411639503892,20.7373932875822));
#2534=CARTESIAN_POINT('',(-15.9711833369223,-0.418362246438732,20.7409568811032));
#2535=CARTESIAN_POINT('',(-15.9549340470534,-0.401302451828731,20.7443244413177));
#2536=CARTESIAN_POINT('',(-15.938494015613,-0.384311279318661,20.7478645257589));
#2537=CARTESIAN_POINT('',(-15.9218224111547,-0.367361807250366,20.7515934840222));
#2538=CARTESIAN_POINT('',(-15.9049376350482,-0.350489323240241,20.7555154009482));
#2539=CARTESIAN_POINT('',(-15.8878532324139,-0.333723865960867,20.7596352933777));
#2540=CARTESIAN_POINT('',(-15.8706251712579,-0.317135297815156,20.7639470540251));
#2541=CARTESIAN_POINT('',(-15.8533072796159,-0.300788210917111,20.7684435235553));
#2542=CARTESIAN_POINT('',(-15.8359441035546,-0.284734571627968,20.7731180413366));
#2543=CARTESIAN_POINT('',(-15.8186243632447,-0.269063276602789,20.7779501191034));
#2544=CARTESIAN_POINT('',(-15.8013570994941,-0.253785892171292,20.7829389093463));
#2545=CARTESIAN_POINT('',(-15.7841936696632,-0.238949579932112,20.7880704261727));
#2546=CARTESIAN_POINT('',(-15.7670595955079,-0.224492682041705,20.7933682835422));
#2547=CARTESIAN_POINT('',(-15.7495218280711,-0.21006397044994,20.7989733829615));
#2548=CARTESIAN_POINT('',(-15.731060041483,-0.195286517695391,20.8050773246957));
#2549=CARTESIAN_POINT('',(-15.7090644596404,-0.178219975408918,20.8126164728226));
#2550=CARTESIAN_POINT('',(-15.6840425796437,-0.159585865211342,20.8215789933979));
#2551=CARTESIAN_POINT('',(-15.6565666961483,-0.140156076413674,20.8319308875316));
#2552=CARTESIAN_POINT('',(-15.6322999309003,-0.123925840964125,20.8415338071735));
#2553=CARTESIAN_POINT('',(-15.6117691167804,-0.110870599567491,20.8499928381328));
#2554=CARTESIAN_POINT('',(-15.5955045010605,-0.100944261114566,20.8568999352961));
#2555=CARTESIAN_POINT('',(-15.5804807595072,-0.0921255845574098,20.8634533644039));
#2556=CARTESIAN_POINT('',(-15.5635411986548,-0.0825595465020923,20.8710290523182));
#2557=CARTESIAN_POINT('',(-15.5407443096487,-0.0703405605182534,20.8815481178003));
#2558=CARTESIAN_POINT('',(-15.5090248094604,-0.054732053983996,20.8968732904131));
#2559=CARTESIAN_POINT('',(-15.4718475137908,-0.0387462770937093,20.9159771753397));
#2560=CARTESIAN_POINT('',(-15.4365334132875,-0.0260903829013225,20.9353744205849));
#2561=CARTESIAN_POINT('',(-15.4099028948881,-0.0181838126971954,20.9508118193757));
#2562=CARTESIAN_POINT('',(-15.3932570072205,-0.0139276175679164,20.9608005344331));
#2563=CARTESIAN_POINT('',(-15.3827047847239,-0.0114827105857823,20.9672578551345));
#2564=CARTESIAN_POINT('',(-15.3748578931532,-0.0097960239873478,20.9721246743572));
#2565=CARTESIAN_POINT('',(-15.3675151632671,-0.00833388075724528,20.9767362639521));
#2566=CARTESIAN_POINT('',(-15.3600491842894,-0.00695745154761329,20.981479795747));
#2567=CARTESIAN_POINT('',(-15.3523167024485,-0.00565653759745999,20.9864543051139));
#2568=CARTESIAN_POINT('',(-15.3442839799594,-0.00444688859729825,20.9916920942149));
#2569=CARTESIAN_POINT('',(-15.3372705536711,-0.00351120437769503,20.9963248317334));
#2570=CARTESIAN_POINT('',(-15.3312175331953,-0.00279061562119398,21.0003661856704));
#2571=CARTESIAN_POINT('',(-15.3261194723181,-0.00224310066600886,21.0037993278713));
#2572=CARTESIAN_POINT('',(-15.3212333488905,-0.00177320140158044,21.0071168793404));
#2573=CARTESIAN_POINT('',(-15.3165929634088,-0.00137689860231149,21.0102922945608));
#2574=CARTESIAN_POINT('',(-15.312117964119,-0.00104110416495307,21.0133774787662));
#2575=CARTESIAN_POINT('',(-15.3078259018667,-0.00076225385921358,21.0163579175552));
#2576=CARTESIAN_POINT('',(-15.3036874757123,-0.000533933504922812,21.0192517266781));
#2577=CARTESIAN_POINT('',(-15.2997610784634,-0.000354268377745548,21.022015553987));
#2578=CARTESIAN_POINT('',(-15.2960064557691,-0.000216222203712202,21.0246751656466));
#2579=CARTESIAN_POINT('',(-15.2924297934336,-0.000115599328699867,21.027223992122));
#2580=CARTESIAN_POINT('',(-15.2889827246375,-4.73872982599266E-5,21.0296946946679));
#2581=CARTESIAN_POINT('',(-15.2856639107006,-8.44145465339619E-6,21.0320866904587));
#2582=CARTESIAN_POINT('',(-15.2834878539416,1.03804176365685E-9,21.0336635123503));
#2583=CARTESIAN_POINT('',(-15.2824165600499,2.97672997362497E-12,21.0344418534346));
#2584=CARTESIAN_POINT('',(-15.2824162705894,-3.63395118487701E-8,21.0344420822508));
#2585=CARTESIAN_POINT('',(-15.2772149391402,-4.86979393463148E-8,21.0382210765331));
#2586=CARTESIAN_POINT('',(-15.2666348453997,-0.000201408050305037,21.0460075620952));
#2587=CARTESIAN_POINT('',(-15.2506837646923,-0.0011278607458986,21.0580549495159));
#2588=CARTESIAN_POINT('',(-15.2342140126826,-0.00276514369309475,21.0708307695598));
#2589=CARTESIAN_POINT('',(-15.2173674817936,-0.00517995573421338,21.0842649226399));
#2590=CARTESIAN_POINT('',(-15.2001986780182,-0.00843499971649493,21.0983488223086));
#2591=CARTESIAN_POINT('',(-15.1829581354629,-0.0125353931079441,21.1129029761408));
#2592=CARTESIAN_POINT('',(-15.1657543408224,-0.0174870747339463,21.1278515014389));
#2593=CARTESIAN_POINT('',(-15.1488415415017,-0.0232198756426579,21.1429749691737));
#2594=CARTESIAN_POINT('',(-15.1323873713646,-0.0296483083980556,21.1581093017949));
#2595=CARTESIAN_POINT('',(-15.1165233352579,-0.0366650287367782,21.1731058600373));
#2596=CARTESIAN_POINT('',(-15.1013221795988,-0.0441673779446899,21.1878610127335));
#2597=CARTESIAN_POINT('',(-15.086761519951,-0.0520899879837072,21.2023586903132));
#2598=CARTESIAN_POINT('',(-15.0728151441536,-0.0603739583452902,21.2165888032274));
#2599=CARTESIAN_POINT('',(-15.0593604398096,-0.0690300979256879,21.2306457809719));
#2600=CARTESIAN_POINT('',(-15.0463390282842,-0.0780475959481836,21.2445666908024));
#2601=CARTESIAN_POINT('',(-15.0336581716492,-0.0874525838620444,21.2584318360957));
#2602=CARTESIAN_POINT('',(-15.0213647308406,-0.0971760772980496,21.2721730488373));
#2603=CARTESIAN_POINT('',(-15.0094715407535,-0.107167432462469,21.2857559541281));
#2604=CARTESIAN_POINT('',(-14.998079375832,-0.117291550072039,21.2990405112564));
#2605=CARTESIAN_POINT('',(-14.9871359861146,-0.127539648568381,21.3120603384431));
#2606=CARTESIAN_POINT('',(-14.9766865945968,-0.137816823936158,21.3247356371431));
#2607=CARTESIAN_POINT('',(-14.9666765142214,-0.148124577054752,21.337106882205));
#2608=CARTESIAN_POINT('',(-14.9571473069434,-0.158367343342706,21.3490966082514));
#2609=CARTESIAN_POINT('',(-14.9479903553188,-0.168614356523003,21.3608179753631));
#2610=CARTESIAN_POINT('',(-14.9392271873274,-0.178801861184345,21.3722238073812));
#2611=CARTESIAN_POINT('',(-14.9308305947433,-0.188921956998955,21.3833299645211));
#2612=CARTESIAN_POINT('',(-14.9228960853998,-0.198814588087787,21.3939878882751));
#2613=CARTESIAN_POINT('',(-14.9153654543524,-0.208505135017009,21.4042524209312));
#2614=CARTESIAN_POINT('',(-14.908283522254,-0.217892209183469,21.4140408488093));
#2615=CARTESIAN_POINT('',(-14.9015905383601,-0.227012893068879,21.4234149253736));
#2616=CARTESIAN_POINT('',(-14.8953279862685,-0.235769643178847,21.432296263352));
#2617=CARTESIAN_POINT('',(-14.889387708451,-0.244277773572143,21.4408204812688));
#2618=CARTESIAN_POINT('',(-14.8836963350552,-0.252616257563919,21.4490799477984));
#2619=CARTESIAN_POINT('',(-14.8781192017183,-0.260968234411088,21.4572630880012));
#2620=CARTESIAN_POINT('',(-14.8725558933162,-0.269480421504284,21.4655154281605));
#2621=CARTESIAN_POINT('',(-14.8669467171572,-0.278249658306996,21.473928236996));
#2622=CARTESIAN_POINT('',(-14.8611682154806,-0.287482072392827,21.4826931681443));
#2623=CARTESIAN_POINT('',(-14.8551851306826,-0.297257869429196,21.4918755096654));
#2624=CARTESIAN_POINT('',(-14.8488879602448,-0.307789928935128,21.5016601158148));
#2625=CARTESIAN_POINT('',(-14.8423681430535,-0.318963440426865,21.5119237639549));
#2626=CARTESIAN_POINT('',(-14.8355352491173,-0.330971363297091,21.5228275983011));
#2627=CARTESIAN_POINT('',(-14.8284226897713,-0.343800937239457,21.5343410325018));
#2628=CARTESIAN_POINT('',(-14.82089435717,-0.357757327850633,21.5467138979263));
#2629=CARTESIAN_POINT('',(-14.8130882766509,-0.372650145432265,21.5597517413572));
#2630=CARTESIAN_POINT('',(-14.8049854512687,-0.388574041112745,21.5735151819138));
#2631=CARTESIAN_POINT('',(-14.7967180825247,-0.405321236036073,21.5878053964913));
#2632=CARTESIAN_POINT('',(-14.7882716431316,-0.42296979854483,21.6026715545144));
#2633=CARTESIAN_POINT('',(-14.7798089093825,-0.441215019601694,21.6178446746789));
#2634=CARTESIAN_POINT('',(-14.7704007440292,-0.462141484559167,21.6350309075077));
#2635=CARTESIAN_POINT('',(-14.7601904368579,-0.485688679783204,21.6540962151825));
#2636=CARTESIAN_POINT('',(-14.7492334921692,-0.512006509990735,21.675074418432));
#2637=CARTESIAN_POINT('',(-14.7393571269422,-0.536696200191276,21.6944622122731));
#2638=CARTESIAN_POINT('',(-14.7304842777426,-0.559655316676142,21.7122649200607));
#2639=CARTESIAN_POINT('',(-14.7225513203853,-0.580796693528154,21.7284856528301));
#2640=CARTESIAN_POINT('',(-14.714734506278,-0.602246200799973,21.7447744123026));
#2641=CARTESIAN_POINT('',(-14.7067503835117,-0.624796131952922,21.7617290283099));
#2642=CARTESIAN_POINT('',(-14.6983569754022,-0.649225187893855,21.7799104739216));
#2643=CARTESIAN_POINT('',(-14.6876600772073,-0.681394607647218,21.8035940981938));
#2644=CARTESIAN_POINT('',(-14.6736065017744,-0.725585155830445,21.8356624693924));
#2645=CARTESIAN_POINT('',(-14.6630344068522,-0.76097574192801,21.8608486954978));
#2646=CARTESIAN_POINT('',(-14.6571658444284,-0.781288480244418,21.8751596902393));
#2647=AXIS2_PLACEMENT_3D('',#2648,#2649,#2650);
#2648=CARTESIAN_POINT('',(0.,-15.,-9.18485099360515E-16));
#2649=DIRECTION('',(0.,1.,6.12323399573677E-17));
#2650=DIRECTION('',(-0.562509630629793,-5.06263312097754E-17,0.826790732560987));
#2651=CARTESIAN_POINT('',(14.6571658455244,-0.781288484824737,21.8751596918315));
#2652=CARTESIAN_POINT('',(14.6589329488152,-0.775171276150178,21.8708500778085));
#2653=CARTESIAN_POINT('',(14.6625042128234,-0.76293429481845,21.8622026577502));
#2654=CARTESIAN_POINT('',(14.6679677019722,-0.74459951642454,21.849164318837));
#2655=CARTESIAN_POINT('',(14.6735575617681,-0.72623363517713,21.8360187819543));
#2656=CARTESIAN_POINT('',(14.6792788551045,-0.70783716589923,21.8227626233403));
#2657=CARTESIAN_POINT('',(14.6851465531723,-0.689380388507576,21.809370265424));
#2658=CARTESIAN_POINT('',(14.6911633611413,-0.670874836444036,21.7958454475395));
#2659=CARTESIAN_POINT('',(14.6973445750006,-0.652295232432878,21.7821645536698));
#2660=CARTESIAN_POINT('',(14.7036819788572,-0.633688316285355,21.7683566717968));
#2661=CARTESIAN_POINT('',(14.710176704914,-0.615071562838176,21.7544296228578));
#2662=CARTESIAN_POINT('',(14.7168180178183,-0.596494753901313,21.7404158299849));
#2663=CARTESIAN_POINT('',(14.7236042428651,-0.577980311926797,21.7263276006791));
#2664=CARTESIAN_POINT('',(14.730526820594,-0.559567525108947,21.7121905867652));
#2665=CARTESIAN_POINT('',(14.7383437568159,-0.53930619275986,21.6964894423098));
#2666=CARTESIAN_POINT('',(14.7478881773439,-0.515310170876823,21.6776859276875));
#2667=CARTESIAN_POINT('',(14.7593157618834,-0.487703609375492,21.6557283429075));
#2668=CARTESIAN_POINT('',(14.7711132554508,-0.460477038329777,21.6336899571354));
#2669=CARTESIAN_POINT('',(14.7815426942256,-0.437411639517226,21.6147037506833));
#2670=CARTESIAN_POINT('',(14.7904551245753,-0.418362246454361,21.598806141396));
#2671=CARTESIAN_POINT('',(14.7986791713781,-0.401302451843082,21.5843927817156));
#2672=CARTESIAN_POINT('',(14.807126240859,-0.384311279327934,21.569851328936));
#2673=CARTESIAN_POINT('',(14.8158245000205,-0.367361807250038,21.5551480023451));
#2674=CARTESIAN_POINT('',(14.8247721474397,-0.350489323226338,21.5403015649713));
#2675=CARTESIAN_POINT('',(14.833969768743,-0.333723865931143,21.5253264492802));
#2676=CARTESIAN_POINT('',(14.8433942604906,-0.317135297769247,21.5102739967551));
#2677=CARTESIAN_POINT('',(14.8530221799708,-0.300788210857724,21.4951931885466));
#2678=CARTESIAN_POINT('',(14.8628334270531,-0.284734571559895,21.4801243322357));
#2679=CARTESIAN_POINT('',(14.8727811001955,-0.269063276536404,21.4651454745013));
#2680=CARTESIAN_POINT('',(14.8828615996031,-0.25378589211665,21.4502649517696));
#2681=CARTESIAN_POINT('',(14.8930457536014,-0.238949579905552,21.4355272859196));
#2682=CARTESIAN_POINT('',(14.9033790354434,-0.224492682054916,21.4208689410447));
#2683=CARTESIAN_POINT('',(14.9141292699174,-0.210063970508347,21.4059216040657));
#2684=CARTESIAN_POINT('',(14.9256394692444,-0.195286517796943,21.3902496234049));
#2685=CARTESIAN_POINT('',(14.9396066337731,-0.178219975522187,21.3716603068748));
#2686=CARTESIAN_POINT('',(14.9558626835549,-0.159585865275522,21.3506326559734));
#2687=CARTESIAN_POINT('',(14.9741984349731,-0.140156076357265,21.3277004490049));
#2688=CARTESIAN_POINT('',(14.9908301972558,-0.123925840797895,21.3075888490082));
#2689=CARTESIAN_POINT('',(15.0052195843925,-0.110870599280262,21.2906768686081));
#2690=CARTESIAN_POINT('',(15.0168146669588,-0.100944260730294,21.2773427101007));
#2691=CARTESIAN_POINT('',(15.0276899399684,-0.0921255841211698,21.2650794036692));
#2692=CARTESIAN_POINT('',(15.0401294594105,-0.082559546164669,21.2513099403646));
#2693=CARTESIAN_POINT('',(15.0571783110324,-0.0703405604145206,21.2328793808357));
#2694=CARTESIAN_POINT('',(15.0815552813119,-0.0547320535440457,21.2074480818158));
#2695=CARTESIAN_POINT('',(15.1112125739267,-0.0387462759238013,21.1779937956502));
#2696=CARTESIAN_POINT('',(15.1405730974237,-0.0260903859050079,21.1504021781402));
#2697=CARTESIAN_POINT('',(15.1634842183853,-0.018183815260435,21.1298454688097));
#2698=CARTESIAN_POINT('',(15.1781279112131,-0.0139276203241704,21.1171009730488));
#2699=CARTESIAN_POINT('',(15.1875300017934,-0.0114827136482563,21.1090606368339));
#2700=CARTESIAN_POINT('',(15.1945834458265,-0.0097960265430841,21.1031017283081));
#2701=CARTESIAN_POINT('',(15.2012383606814,-0.008333882194933,21.0975434331535));
#2702=CARTESIAN_POINT('',(15.2080568533454,-0.00695745059615994,21.0919086876288));
#2703=CARTESIAN_POINT('',(15.2151773798865,-0.00565653344535236,21.0860918531539));
#2704=CARTESIAN_POINT('',(15.222641087297,-0.00444688090003959,21.0800708251468));
#2705=CARTESIAN_POINT('',(15.2292143762517,-0.00351119411310745,21.0748322349554));
#2706=CARTESIAN_POINT('',(15.2349284420186,-0.0027906037173837,21.0703242994955));
#2707=CARTESIAN_POINT('',(15.2397689510167,-0.00224308909986385,21.0665366481813));
#2708=CARTESIAN_POINT('',(15.2444340098094,-0.00177319273538851,21.0629148610088));
#2709=CARTESIAN_POINT('',(15.2488879177787,-0.00137689523431037,21.0594828878955));
#2710=CARTESIAN_POINT('',(15.2532048768794,-0.00104110686674647,21.0561803434279));
#2711=CARTESIAN_POINT('',(15.2573656723947,-0.000762261814094363,21.0530194241638));
#2712=CARTESIAN_POINT('',(15.2613966018876,-0.000533944856860009,21.0499778506626));
#2713=CARTESIAN_POINT('',(15.2652384039949,-0.000354280860882121,21.0470977513328));
#2714=CARTESIAN_POINT('',(15.268928030371,-0.000216233811848862,21.04434879902));
#2715=CARTESIAN_POINT('',(15.2724573269342,-0.000115608593062541,21.0417348429965));
#2716=CARTESIAN_POINT('',(15.2758723161346,-4.73930077587482E-5,21.0392199668107));
#2717=CARTESIAN_POINT('',(15.2791728107302,-8.44489913646494E-6,21.0368027523588));
#2718=CARTESIAN_POINT('',(15.2813449974858,2.04306329879114E-9,21.0352203881352));
#2719=CARTESIAN_POINT('',(15.2824163878359,4.55391461010468E-9,21.0344419761563));
#2720=CARTESIAN_POINT('',(15.2824167209702,-6.26940632428531E-8,21.0344417683932));
#2721=CARTESIAN_POINT('',(15.2876180308513,-5.72033993548841E-8,21.0306627923186));
#2722=CARTESIAN_POINT('',(15.2982928054585,-0.000201395607013267,21.0230067015446));
#2723=CARTESIAN_POINT('',(15.3146796607939,-0.00112784282542351,21.0115592005345));
#2724=CARTESIAN_POINT('',(15.3319196037799,-0.0027651113735487,20.9998434864123));
#2725=CARTESIAN_POINT('',(15.3499021207753,-0.00517991470935518,20.9879728506953));
#2726=CARTESIAN_POINT('',(15.3686022033449,-0.00843495657778504,20.9759964779548));
#2727=CARTESIAN_POINT('',(15.3877717158528,-0.0125353572268149,20.9640971819269));
#2728=CARTESIAN_POINT('',(15.4073049608842,-0.0174870568397973,20.9523546944469));
#2729=CARTESIAN_POINT('',(15.4269146691006,-0.0232198844809766,20.9409430204492));
#2730=CARTESIAN_POINT('',(15.4463929810543,-0.0296483492858231,20.9299708925473));
#2731=CARTESIAN_POINT('',(15.4655578857933,-0.0366651023452297,20.9195174517388));
#2732=CARTESIAN_POINT('',(15.4842883357958,-0.0441674793386856,20.9096198636219));
#2733=CARTESIAN_POINT('',(15.5025759668909,-0.052090110635417,20.9002518715192));
#2734=CARTESIAN_POINT('',(15.5204192713825,-0.0603740872119715,20.8913854328259));
#2735=CARTESIAN_POINT('',(15.5379460067602,-0.0690302463451567,20.882933086705));
#2736=CARTESIAN_POINT('',(15.5552093843343,-0.0780477355250608,20.8748508049293));
#2737=CARTESIAN_POINT('',(15.5723145276155,-0.0874527338278456,20.867075159683));
#2738=CARTESIAN_POINT('',(15.5891820757809,-0.0971762320134368,20.8596296761256));
#2739=CARTESIAN_POINT('',(15.6057753851536,-0.107167594278095,20.8525159315967));
#2740=CARTESIAN_POINT('',(15.6219301253421,-0.117291720108349,20.8457864947138));
#2741=CARTESIAN_POINT('',(15.6376944149489,-0.1275398278115,20.8394020616012));
#2742=CARTESIAN_POINT('',(15.6529783858066,-0.137817013090139,20.833380983049));
#2743=CARTESIAN_POINT('',(15.66783743029,-0.14812477639384,20.8276837563045));
#2744=CARTESIAN_POINT('',(15.6821850308234,-0.158367552934066,20.8223259711139));
#2745=CARTESIAN_POINT('',(15.6961623732112,-0.168614576145217,20.8172392947318));
#2746=CARTESIAN_POINT('',(15.7097179379707,-0.17880209073703,20.812429623147));
#2747=CARTESIAN_POINT('',(15.7228752171323,-0.188922196586356,20.807875980784));
#2748=CARTESIAN_POINT('',(15.7354634104446,-0.198814838408725,20.803623293578));
#2749=CARTESIAN_POINT('',(15.7475526624306,-0.208505396915199,20.7996331525424));
#2750=CARTESIAN_POINT('',(15.759050458196,-0.217892484187279,20.795922624451));
#2751=CARTESIAN_POINT('',(15.7700339928281,-0.227013182853164,20.7924539658699));
#2752=CARTESIAN_POINT('',(15.7804158973561,-0.235769950202599,20.7892424067858));
#2753=CARTESIAN_POINT('',(15.7903585743419,-0.24427809972943,20.7862269920315));
#2754=CARTESIAN_POINT('',(15.799972545943,-0.252616606408434,20.7833664857368));
#2755=CARTESIAN_POINT('',(15.8094786291964,-0.260968610213643,20.7805910409619));
#2756=CARTESIAN_POINT('',(15.819046260596,-0.269480831289625,20.7778501266752));
#2757=CARTESIAN_POINT('',(15.8287806842397,-0.27825010601269,20.775115176478));
#2758=CARTESIAN_POINT('',(15.8389023364414,-0.287482573660013,20.7723279961248));
#2759=CARTESIAN_POINT('',(15.8494841633838,-0.297258401636235,20.7694752400975));
#2760=CARTESIAN_POINT('',(15.8607358860509,-0.307790540384807,20.7665098682824));
#2761=CARTESIAN_POINT('',(15.87251197729,-0.318964105713219,20.7634807874884));
#2762=CARTESIAN_POINT('',(15.8849936821434,-0.330972097837197,20.7603517786574));
#2763=CARTESIAN_POINT('',(15.8981415696868,-0.343801740680399,20.7571451706368));
#2764=CARTESIAN_POINT('',(15.9122353047323,-0.357758201370424,20.7538087190354));
#2765=CARTESIAN_POINT('',(15.9270472969432,-0.372651087894127,20.750413604827));
#2766=CARTESIAN_POINT('',(15.9426410662175,-0.388575048569766,20.7469604937451));
#2767=CARTESIAN_POINT('',(15.9587866667764,-0.40532230275131,20.7435136772));
#2768=CARTESIAN_POINT('',(15.9755353477413,-0.422970915345082,20.7400745335581));
#2769=CARTESIAN_POINT('',(15.9925809937486,-0.441216178311919,20.7367147517389));
#2770=CARTESIAN_POINT('',(16.0118333635158,-0.462142671962309,20.7330779011196));
#2771=CARTESIAN_POINT('',(16.0331206983965,-0.485689879238545,20.7292588382731));
#2772=CARTESIAN_POINT('',(16.0564580099644,-0.512007701222089,20.725320801818));
#2773=CARTESIAN_POINT('',(16.0779488215888,-0.536697364386637,20.7219189943203));
#2774=CARTESIAN_POINT('',(16.097622012709,-0.55965643792557,20.7189817685673));
#2775=CARTESIAN_POINT('',(16.1155002023359,-0.580797755010969,20.7164495757938));
#2776=CARTESIAN_POINT('',(16.1334071899203,-0.602247189469069,20.7140488633397));
#2777=CARTESIAN_POINT('',(16.1519991320344,-0.624797028970796,20.7116947926512));
#2778=CARTESIAN_POINT('',(16.1718843186728,-0.649225971538926,20.709330580469));
#2779=CARTESIAN_POINT('',(16.1977141567896,-0.68139521594504,20.7064758906699));
#2780=CARTESIAN_POINT('',(16.2325555682332,-0.725585501633913,20.7030198446597));
#2781=CARTESIAN_POINT('',(16.2597758794293,-0.76097586919875,20.7007481723922));
#2782=CARTESIAN_POINT('',(16.2751998330987,-0.781288480244333,20.6995891857121));
#2783=AXIS2_PLACEMENT_3D('',#2784,#2785,#2786);
#2784=CARTESIAN_POINT('',(0.,-15.,-9.18485099360515E-16));
#2785=DIRECTION('',(0.,1.,6.12323399573677E-17));
#2786=DIRECTION('',(0.61249967845039,-4.84023790079127E-17,0.790470836842302));
#2787=CARTESIAN_POINT('',(25.3338265055525,-0.781288484824782,-7.17999698836301));
#2788=CARTESIAN_POINT('',(25.3310923655721,-0.776580605642207,-7.18231533288202));
#2789=CARTESIAN_POINT('',(25.3255914867599,-0.767122923167535,-7.18699806119862));
#2790=CARTESIAN_POINT('',(25.3172856591359,-0.752886714693855,-7.19412557703997));
#2791=CARTESIAN_POINT('',(25.3088455628581,-0.738466525272858,-7.20142808298562));
#2792=CARTESIAN_POINT('',(25.3002683817419,-0.723860824146813,-7.20891226410471));
#2793=CARTESIAN_POINT('',(25.2914914645907,-0.708966771418452,-7.21663776832038));
#2794=CARTESIAN_POINT('',(25.2825163056563,-0.693791599828533,-7.22460936284409));
#2795=CARTESIAN_POINT('',(25.2732819992027,-0.67823799857507,-7.23288848353136));
#2796=CARTESIAN_POINT('',(25.2638524345605,-0.662419565034394,-7.24142560228273));
#2797=CARTESIAN_POINT('',(25.2541922885957,-0.646282896566275,-7.25026027872186));
#2798=CARTESIAN_POINT('',(25.2443281500168,-0.629878716735197,-7.25937636575054));
#2799=CARTESIAN_POINT('',(25.2341878069522,-0.613094457131529,-7.26885033807777));
#2800=CARTESIAN_POINT('',(25.2238342646252,-0.596042564360153,-7.27863389841352));
#2801=CARTESIAN_POINT('',(25.2132568720521,-0.578713406041253,-7.28874735365481));
#2802=CARTESIAN_POINT('',(25.2025176793135,-0.561216252154061,-7.29914123256429));
#2803=CARTESIAN_POINT('',(25.1903739682754,-0.541545792501296,-7.31104344974069));
#2804=CARTESIAN_POINT('',(25.1768490309182,-0.519794287946386,-7.32450179314069));
#2805=CARTESIAN_POINT('',(25.1619167725106,-0.495987600229239,-7.33963006377684));
#2806=CARTESIAN_POINT('',(25.1479958668867,-0.473998599526453,-7.35399952630654));
#2807=CARTESIAN_POINT('',(25.1350961561209,-0.453800560976279,-7.36754528255183));
#2808=CARTESIAN_POINT('',(25.1231755440947,-0.435285292873702,-7.38025678808175));
#2809=CARTESIAN_POINT('',(25.1110277069496,-0.416578726842145,-7.3934198991657));
#2810=CARTESIAN_POINT('',(25.0986086774313,-0.397630341162898,-7.40710450994507));
#2811=CARTESIAN_POINT('',(25.086007016514,-0.378592847530221,-7.42123581193709));
#2812=CARTESIAN_POINT('',(25.0732632372503,-0.359543609184064,-7.43578930039479));
#2813=CARTESIAN_POINT('',(25.0604698951913,-0.340634677311614,-7.45067701746715));
#2814=CARTESIAN_POINT('',(25.0476737944276,-0.321947053253451,-7.46585980774593));
#2815=CARTESIAN_POINT('',(25.0349333222554,-0.303575474435894,-7.48128065393995));
#2816=CARTESIAN_POINT('',(25.0223393394563,-0.28565739971553,-7.49683791780871));
#2817=CARTESIAN_POINT('',(25.0099352995713,-0.268256942079844,-7.51248088628461));
#2818=CARTESIAN_POINT('',(24.9977744949225,-0.251448119646784,-7.52814139230478));
#2819=CARTESIAN_POINT('',(24.9857924267013,-0.235141436926498,-7.54390205051202));
#2820=CARTESIAN_POINT('',(24.9740592221405,-0.219433144642449,-7.55967167145204));
#2821=CARTESIAN_POINT('',(24.9626032162102,-0.204358077746958,-7.57540815861174));
#2822=CARTESIAN_POINT('',(24.9515806015757,-0.190110970769737,-7.59088297207986));
#2823=CARTESIAN_POINT('',(24.9409312356898,-0.17659888888068,-7.60616086552834));
#2824=CARTESIAN_POINT('',(24.930720375801,-0.163889467656901,-7.62112858255904));
#2825=CARTESIAN_POINT('',(24.9208753234386,-0.151876836591493,-7.63587276893501));
#2826=CARTESIAN_POINT('',(24.9114532570799,-0.140613705942072,-7.65028570460076));
#2827=CARTESIAN_POINT('',(24.9023224157479,-0.129928091187243,-7.66455019661));
#2828=CARTESIAN_POINT('',(24.8934714589864,-0.119797579601199,-7.67867212391495));
#2829=CARTESIAN_POINT('',(24.8848363462945,-0.110142814157647,-7.69274581944672));
#2830=CARTESIAN_POINT('',(24.8764697770925,-0.101015363506732,-7.70667586994449));
#2831=CARTESIAN_POINT('',(24.8683161492328,-0.0923469065771947,-7.72054492877977));
#2832=CARTESIAN_POINT('',(24.8588978783342,-0.0826034452329262,-7.73691408058175));
#2833=CARTESIAN_POINT('',(24.8463218265273,-0.0700710089585972,-7.75939029668643));
#2834=CARTESIAN_POINT('',(24.8290374124997,-0.0539038263559596,-7.7916505431129));
#2835=CARTESIAN_POINT('',(24.8092185293841,-0.0372212082184495,-7.83104361953994));
#2836=CARTESIAN_POINT('',(24.7910083879707,-0.0240632615895027,-7.87004977518268));
#2837=CARTESIAN_POINT('',(24.7776151753265,-0.0159095524979349,-7.90071119110243));
#2838=CARTESIAN_POINT('',(24.7693629989288,-0.0115743963940886,-7.92049496360089));
#2839=CARTESIAN_POINT('',(24.764145993928,-0.00910426950428311,-7.93335256059681));
#2840=CARTESIAN_POINT('',(24.7602595930056,-0.00741125360729811,-7.94312130002174));
#2841=CARTESIAN_POINT('',(24.7566292186855,-0.00596425728067151,-7.95242065388836));
#2842=CARTESIAN_POINT('',(24.7532537318587,-0.0047405002671228,-7.96122462869602));
#2843=CARTESIAN_POINT('',(24.7500322456207,-0.00368714439891504,-7.96977529956844));
#2844=CARTESIAN_POINT('',(24.7469284602932,-0.0027832500288878,-7.97815726961049));
#2845=CARTESIAN_POINT('',(24.7438990653528,-0.00201188403003516,-7.98648190733581));
#2846=CARTESIAN_POINT('',(24.7409591475039,-0.00137295679709937,-7.99470266460895));
#2847=CARTESIAN_POINT('',(24.7381012644174,-0.000860233793523069,-8.00283437314341));
#2848=CARTESIAN_POINT('',(24.7353296785814,-0.000469957663108533,-8.01085904875746));
#2849=CARTESIAN_POINT('',(24.7326349734832,-0.000196423899573084,-8.01879828544109));
#2850=CARTESIAN_POINT('',(24.7300182330667,-3.54231232926327E-5,-8.02664329621734));
#2851=CARTESIAN_POINT('',(24.7283110720543,6.74876576844952E-9,-8.03185151761));
#2852=CARTESIAN_POINT('',(24.7274694236739,-3.86213283576353E-12,-8.03444185371867));
#2853=CARTESIAN_POINT('',(24.7274694236662,1.0040662378513E-13,-8.03444185377232));
#2854=CARTESIAN_POINT('',(24.7256508387044,7.24576947454639E-8,-8.04003878894134));
#2855=CARTESIAN_POINT('',(24.722073205497,-0.000164768020388393,-8.05126307211601));
#2856=CARTESIAN_POINT('',(24.7168985714551,-0.000904553866989672,-8.06814694457583));
#2857=CARTESIAN_POINT('',(24.7119124479331,-0.00213763445604036,-8.08508943385624));
#2858=CARTESIAN_POINT('',(24.7071190368145,-0.00386170116387621,-8.10207461833505));
#2859=CARTESIAN_POINT('',(24.702540446087,-0.0060636374822603,-8.1190174713861));
#2860=CARTESIAN_POINT('',(24.6981878844731,-0.00872444909555443,-8.13585889940013));
#2861=CARTESIAN_POINT('',(24.6940819623323,-0.011808440193762,-8.15248924588603));
#2862=CARTESIAN_POINT('',(24.69020819502,-0.0152978150104374,-8.16893004534982));
#2863=CARTESIAN_POINT('',(24.6865945713097,-0.0191339415165985,-8.18501923159632));
#2864=CARTESIAN_POINT('',(24.6832460393423,-0.0232618357775511,-8.20067037431008));
#2865=CARTESIAN_POINT('',(24.6802017925027,-0.0275619868135174,-8.21560808778687));
#2866=CARTESIAN_POINT('',(24.6774264578204,-0.0320001976542901,-8.22989695543345));
#2867=CARTESIAN_POINT('',(24.6749322257311,-0.036472321717491,-8.24336459422012));
#2868=CARTESIAN_POINT('',(24.6726819131761,-0.0409563010432961,-8.25609687785658));
#2869=CARTESIAN_POINT('',(24.6706821216725,-0.0453464561915399,-8.26793663926034));
#2870=CARTESIAN_POINT('',(24.6688725262685,-0.0496909736303429,-8.27913193865935));
#2871=CARTESIAN_POINT('',(24.6672419291731,-0.0539491682504968,-8.28966455408666));
#2872=CARTESIAN_POINT('',(24.6657565077526,-0.0581501324823316,-8.29967625417772));
#2873=CARTESIAN_POINT('',(24.664422815008,-0.062215628617115,-8.30904555686649));
#2874=CARTESIAN_POINT('',(24.6632080874214,-0.0661893248594668,-8.31792984608015));
#2875=CARTESIAN_POINT('',(24.6621017553342,-0.0700601657393886,-8.32634733559011));
#2876=CARTESIAN_POINT('',(24.6610781588745,-0.0738817869497724,-8.33444645395847));
#2877=CARTESIAN_POINT('',(24.6601308165633,-0.0776480387827763,-8.3422391855565));
#2878=CARTESIAN_POINT('',(24.6592408999661,-0.0814107338641677,-8.3498505731603));
#2879=CARTESIAN_POINT('',(24.6583887882227,-0.0852407231432051,-8.3574327520801));
#2880=CARTESIAN_POINT('',(24.6575576829899,-0.0892177986124084,-8.36514074902415));
#2881=CARTESIAN_POINT('',(24.6567315300348,-0.0934390657887394,-8.37314972073196));
#2882=CARTESIAN_POINT('',(24.6559148534884,-0.0979137167335093,-8.38145764662954));
#2883=CARTESIAN_POINT('',(24.6550990955373,-0.102728569312191,-8.3902032898441));
#2884=CARTESIAN_POINT('',(24.6542923106146,-0.107888891525358,-8.39936868318258));
#2885=CARTESIAN_POINT('',(24.653490325015,-0.113489866451849,-8.40908992941698));
#2886=CARTESIAN_POINT('',(24.6527137709352,-0.11946226944038,-8.41921388664008));
#2887=CARTESIAN_POINT('',(24.6519627064707,-0.125878965167761,-8.42983473224216));
#2888=CARTESIAN_POINT('',(24.6512488377926,-0.132727360880544,-8.44090013133352));
#2889=CARTESIAN_POINT('',(24.6505698679925,-0.140149535189933,-8.45260113791867));
#2890=CARTESIAN_POINT('',(24.6499452771187,-0.148078540536732,-8.46479110476093));
#2891=CARTESIAN_POINT('',(24.6493820675959,-0.156575839419108,-8.47752807153981));
#2892=CARTESIAN_POINT('',(24.6488959447602,-0.16556530160141,-8.49066511727266));
#2893=CARTESIAN_POINT('',(24.6484939448112,-0.175102982776301,-8.50425317614171));
#2894=CARTESIAN_POINT('',(24.6481893220856,-0.185058528208808,-8.51808265249199));
#2895=CARTESIAN_POINT('',(24.6479872680012,-0.195397744492989,-8.53209328999575));
#2896=CARTESIAN_POINT('',(24.6479102471776,-0.203909384384438,-8.5433524927241));
#2897=CARTESIAN_POINT('',(24.6478957865057,-0.211127346037094,-8.55274390511054));
#2898=CARTESIAN_POINT('',(24.6479169074814,-0.218476371120451,-8.56219552917326));
#2899=CARTESIAN_POINT('',(24.648017373812,-0.228142280498386,-8.57440320509161));
#2900=CARTESIAN_POINT('',(24.6482374569523,-0.239515673098116,-8.58845384551326));
#2901=CARTESIAN_POINT('',(24.6485570278853,-0.251017342551431,-8.60236440623942));
#2902=CARTESIAN_POINT('',(24.6489703729315,-0.262589980029988,-8.61607826003985));
#2903=CARTESIAN_POINT('',(24.6494709465727,-0.274189383468559,-8.62955831243744));
#2904=CARTESIAN_POINT('',(24.650052940023,-0.285800875473548,-8.64280343453107));
#2905=CARTESIAN_POINT('',(24.6507146520065,-0.297475423609907,-8.65588486281042));
#2906=CARTESIAN_POINT('',(24.651459713745,-0.309319532646347,-8.66892933998671));
#2907=CARTESIAN_POINT('',(24.6522922417189,-0.321403776121788,-8.68201558611398));
#2908=CARTESIAN_POINT('',(24.6532225809321,-0.33386128359947,-8.69528415881156));
#2909=CARTESIAN_POINT('',(24.6542558847872,-0.34672506012584,-8.70876193745661));
#2910=CARTESIAN_POINT('',(24.6554049939296,-0.36010819453569,-8.72255584711161));
#2911=CARTESIAN_POINT('',(24.6566665805941,-0.373927291263997,-8.73656813641026));
#2912=CARTESIAN_POINT('',(24.658050622461,-0.38825642063577,-8.75086401465527));
#2913=CARTESIAN_POINT('',(24.6595566683049,-0.403056090238359,-8.76539372983426));
#2914=CARTESIAN_POINT('',(24.6612009747198,-0.418446741105891,-8.78026321453883));
#2915=CARTESIAN_POINT('',(24.6629751505142,-0.434313867362174,-8.79535001469716));
#2916=CARTESIAN_POINT('',(24.6648822857394,-0.450661497953775,-8.81064983739702));
#2917=CARTESIAN_POINT('',(24.6669096858315,-0.467367610364061,-8.82604373930318));
#2918=CARTESIAN_POINT('',(24.6692983229371,-0.486339369783349,-8.84325976997124));
#2919=CARTESIAN_POINT('',(24.6720677635842,-0.507478037656927,-8.86210984822513));
#2920=CARTESIAN_POINT('',(24.6752471535729,-0.530766761941499,-8.88248244994435));
#2921=CARTESIAN_POINT('',(24.6782901074478,-0.552241395211636,-8.90092579978246));
#2922=CARTESIAN_POINT('',(24.6811537856521,-0.571858974610377,-8.91751610954153));
#2923=CARTESIAN_POINT('',(24.6837967491252,-0.589540276199654,-8.93227832441449));
#2924=CARTESIAN_POINT('',(24.6865004590852,-0.607231696641124,-8.94686668424294));
#2925=CARTESIAN_POINT('',(24.6892552650364,-0.624887931538919,-8.96125222322359));
#2926=CARTESIAN_POINT('',(24.692060772469,-0.642523705424161,-8.97545522308012));
#2927=CARTESIAN_POINT('',(24.6950095569044,-0.660725418103646,-8.98995012469925));
#2928=CARTESIAN_POINT('',(24.698210366405,-0.680129631453757,-9.00522655242938));
#2929=CARTESIAN_POINT('',(24.7024091967278,-0.705115020441251,-9.02465873715242));
#2930=CARTESIAN_POINT('',(24.7082345275396,-0.738964868333368,-9.05056410845575));
#2931=CARTESIAN_POINT('',(24.7130132277122,-0.765881292891906,-9.07071223382691));
#2932=CARTESIAN_POINT('',(24.7157925162507,-0.78128848338632,-9.08211002074197));
#2933=CARTESIAN_POINT('',(0.999999999999999,-15.,-32.3516707806974));
#2934=AXIS2_PLACEMENT_3D('',#2935,#2936,#2937);
#2935=CARTESIAN_POINT('',(0.,-15.,-9.18485099360515E-16));
#2936=DIRECTION('',(0.,1.,6.12323399573677E-17));
#2937=DIRECTION('',(0.941055250010516,2.07120158465309E-17,-0.338252888276872));
#2938=CARTESIAN_POINT('',(0.999999999999998,-0.78128848340211,-26.3126418691924));
#2939=CARTESIAN_POINT('',(0.999999999999857,-0.78128848390361,-26.312641869343));
#2940=CARTESIAN_POINT('',(0.999999999999984,-1.08003536210132,-26.4395439398681));
#2941=CARTESIAN_POINT('',(1.00000000000017,-1.72732130495457,-26.7144960059401));
#2942=CARTESIAN_POINT('',(0.999999999999331,-2.69825345248163,-27.1269165452785));
#2943=CARTESIAN_POINT('',(1.00000000000267,-3.82287575246632,-27.604609466087));
#2944=CARTESIAN_POINT('',(0.999999999986047,-5.01189795010378,-28.1096448698255));
#2945=CARTESIAN_POINT('',(1.00000000005178,-6.40082698928351,-28.6995758124549));
#2946=CARTESIAN_POINT('',(0.999999999750924,-7.84506676880907,-29.3129837953915));
#2947=CARTESIAN_POINT('',(1.00000000097781,-9.5003512117689,-30.0160099006246));
#2948=CARTESIAN_POINT('',(0.999999999773586,-11.142486897962,-30.7134328622989));
#2949=CARTESIAN_POINT('',(1.00000000007787,-12.9431742554128,-31.4781745301177));
#2950=CARTESIAN_POINT('',(0.999999999998273,-14.1911520816504,-32.0081708094215));
#2951=CARTESIAN_POINT('',(0.999999999999846,-14.9287270949526,-32.3214027779884));
#2952=CARTESIAN_POINT('',(0.999999999999998,-15.,-32.3516707806974));
#2953=CARTESIAN_POINT('',(2.86987907260374E-15,9.01523070753345E-16,-26.));
#2954=CARTESIAN_POINT('',(0.00648742543267465,-1.32719664733713E-7,-26.0000000531094));
#2955=CARTESIAN_POINT('',(0.0195844205676882,-0.000203131918624197,-26.0000812856507));
#2956=CARTESIAN_POINT('',(0.0392335258962979,-0.00111399670219081,-26.0004457790159));
#2957=CARTESIAN_POINT('',(0.0592040354668105,-0.00266562369085323,-26.0010666809904));
#2958=CARTESIAN_POINT('',(0.0793872955754767,-0.00487603431478815,-26.0019512030636));
#2959=CARTESIAN_POINT('',(0.0996212813485279,-0.00774125691964535,-26.0030977559309));
#2960=CARTESIAN_POINT('',(0.119685619863199,-0.0112235535593503,-26.0044912383047));
#2961=CARTESIAN_POINT('',(0.139387945193295,-0.0152638946303477,-26.0061080287879));
#2962=CARTESIAN_POINT('',(0.158659151259234,-0.0198092918414314,-26.0079269234862));
#2963=CARTESIAN_POINT('',(0.177289528676669,-0.0247631518922568,-26.0099092694427));
#2964=CARTESIAN_POINT('',(0.195195179008849,-0.030042309451423,-26.0120217870621));
#2965=CARTESIAN_POINT('',(0.212127564057495,-0.035500661307453,-26.0142060114084));
#2966=CARTESIAN_POINT('',(0.228212221418212,-0.0411034453120101,-26.016448031995));
#2967=CARTESIAN_POINT('',(0.243805544213864,-0.0469184968940875,-26.0187749939746));
#2968=CARTESIAN_POINT('',(0.259488452703691,-0.053148333963091,-26.021267937295));
#2969=CARTESIAN_POINT('',(0.277291332970551,-0.0606649298524401,-26.0242757924454));
#2970=CARTESIAN_POINT('',(0.296744857481192,-0.0694578943389482,-26.0277944016546));
#2971=CARTESIAN_POINT('',(0.317300022417657,-0.0794285457329113,-26.031784276272));
#2972=CARTESIAN_POINT('',(0.334872976832635,-0.0885058969987933,-26.0354166862298));
#2973=CARTESIAN_POINT('',(0.349353303140459,-0.0963511269273547,-26.0385560481955));
#2974=CARTESIAN_POINT('',(0.360588373682655,-0.102648834255552,-26.0410761506064));
#2975=CARTESIAN_POINT('',(0.370833275236302,-0.108560076567521,-26.0434416044495));
#2976=CARTESIAN_POINT('',(0.380573814552895,-0.1143290639404,-26.0457501332885));
#2977=CARTESIAN_POINT('',(0.390289275070382,-0.120230955082262,-26.0481118451498));
#2978=CARTESIAN_POINT('',(0.40001781469089,-0.126288537512853,-26.05053585873));
#2979=CARTESIAN_POINT('',(0.40976646762225,-0.132507015336942,-26.0530242565136));
#2980=CARTESIAN_POINT('',(0.419580936432763,-0.138917238938195,-26.055589383648));
#2981=CARTESIAN_POINT('',(0.429466935377233,-0.145526050410514,-26.0582339780785));
#2982=CARTESIAN_POINT('',(0.439469157001686,-0.152367717108032,-26.0609717522938));
#2983=CARTESIAN_POINT('',(0.449546736530936,-0.159418852682224,-26.063793347969));
#2984=CARTESIAN_POINT('',(0.459724064463568,-0.166700367400109,-26.0667071325956));
#2985=CARTESIAN_POINT('',(0.469976581736892,-0.174198609481051,-26.0697076432515));
#2986=CARTESIAN_POINT('',(0.480343776073731,-0.181947068489587,-26.0728082811838));
#2987=CARTESIAN_POINT('',(0.490773685904706,-0.189911250030058,-26.0759952430503));
#2988=CARTESIAN_POINT('',(0.501260765726789,-0.198089704794284,-26.0792679488931));
#2989=CARTESIAN_POINT('',(0.511754058404812,-0.206443937803015,-26.0826109944888));
#2990=CARTESIAN_POINT('',(0.522247282679279,-0.214969131869498,-26.0860224521831));
#2991=CARTESIAN_POINT('',(0.532691649325958,-0.223624312478152,-26.0894859255365));
#2992=CARTESIAN_POINT('',(0.543053131705048,-0.232377993710621,-26.0929888150849));
#2993=CARTESIAN_POINT('',(0.553301373494837,-0.241199497051859,-26.0965188444558));
#2994=CARTESIAN_POINT('',(0.563417415427005,-0.250066550199819,-26.1000671011232));
#2995=CARTESIAN_POINT('',(0.573397356430419,-0.258969247116274,-26.1036296210679));
#2996=CARTESIAN_POINT('',(0.583222414329801,-0.267884027625812,-26.107196976406));
#2997=CARTESIAN_POINT('',(0.59289213159686,-0.276803277028122,-26.1107661200247));
#2998=CARTESIAN_POINT('',(0.602391717518015,-0.285705903122403,-26.1143286116291));
#2999=CARTESIAN_POINT('',(0.611740084079793,-0.294602380658586,-26.117888642815));
#3000=CARTESIAN_POINT('',(0.621039070680092,-0.303584461808504,-26.1214829293039));
#3001=CARTESIAN_POINT('',(0.630404295427845,-0.312764169885739,-26.1251562985559));
#3002=CARTESIAN_POINT('',(0.640012689460687,-0.322321576625987,-26.1289808084153));
#3003=CARTESIAN_POINT('',(0.649870112204001,-0.332273918244248,-26.1329633561584));
#3004=CARTESIAN_POINT('',(0.660135190660713,-0.34279552853632,-26.1371737035249));
#3005=CARTESIAN_POINT('',(0.67080128710783,-0.353898561966514,-26.141616714268));
#3006=CARTESIAN_POINT('',(0.682017093800006,-0.365761602514276,-26.1463638508889));
#3007=CARTESIAN_POINT('',(0.693613243230218,-0.378229830352343,-26.1513531603943));
#3008=CARTESIAN_POINT('',(0.705665790685358,-0.391406280443803,-26.1566258734489));
#3009=CARTESIAN_POINT('',(0.718088890526146,-0.405218943216669,-26.1621531745668));
#3010=CARTESIAN_POINT('',(0.731031144337079,-0.419858796075372,-26.1680114856255));
#3011=CARTESIAN_POINT('',(0.744319384113556,-0.43515591054923,-26.1741328077284));
#3012=CARTESIAN_POINT('',(0.759558514191713,-0.453011123984552,-26.1812777835238));
#3013=CARTESIAN_POINT('',(0.778100208326595,-0.475189866331282,-26.1901528707812));
#3014=CARTESIAN_POINT('',(0.799758985384546,-0.501785492128978,-26.2007954264289));
#3015=CARTESIAN_POINT('',(0.821164869545979,-0.528817060215112,-26.2116124295628));
#3016=CARTESIAN_POINT('',(0.839265040330469,-0.55223179464839,-26.2209821137386));
#3017=CARTESIAN_POINT('',(0.854152075532393,-0.571840722963049,-26.2288288593789));
#3018=CARTESIAN_POINT('',(0.867372697630549,-0.589518563564929,-26.2359028573276));
#3019=CARTESIAN_POINT('',(0.880410688184086,-0.607208468183215,-26.2429816828358));
#3020=CARTESIAN_POINT('',(0.89324135041051,-0.624865041576748,-26.2500471704583));
#3021=CARTESIAN_POINT('',(0.905883383480742,-0.642502083898706,-26.2571048424906));
#3022=CARTESIAN_POINT('',(0.918759328127844,-0.660705917782009,-26.2643893229002));
#3023=CARTESIAN_POINT('',(0.932300927696189,-0.680112679344086,-26.2721551691125));
#3024=CARTESIAN_POINT('',(0.949487336779306,-0.705101885852992,-26.2821548969958));
#3025=CARTESIAN_POINT('',(0.972328797105974,-0.738957582730436,-26.2957026563436));
#3026=CARTESIAN_POINT('',(0.990017219070046,-0.765878682244555,-26.3064754541659));
#3027=CARTESIAN_POINT('',(0.999999999969539,-0.781288483383818,-26.3126418691768));
#3028=CARTESIAN_POINT('',(-30.6481355030371,-15.1122225217691,-11.00964510199));
#3029=VECTOR('',#3030,1.);
#3030=DIRECTION('',(-0.309016994374948,0.,0.951056516295153));
#3031=CARTESIAN_POINT('',(-30.9157475719376,-15.,-8.99367308564889));
#3032=VECTOR('',#3033,1.);
#3033=DIRECTION('',(0.309016994374947,0.,-0.951056516295154));
#3034=CARTESIAN_POINT('',(-1.,-15.,-32.1818210097454));
#3035=CARTESIAN_POINT('',(-1.,-15.,-32.3516707806974));
#3036=VECTOR('',#3037,1.);
#3037=DIRECTION('',(0.,0.,1.));
#3038=CARTESIAN_POINT('',(0.999999999999998,-15.,-32.1818210097454));
#3039=CARTESIAN_POINT('',(-1.,-15.,-32.1818210097454));
#3040=VECTOR('',#3041,1.);
#3041=DIRECTION('',(1.,0.,0.));
#3042=CARTESIAN_POINT('',(0.999999999999998,-15.,-32.3516707806974));
#3043=VECTOR('',#3044,1.);
#3044=DIRECTION('',(0.,0.,1.));
#3045=CARTESIAN_POINT('',(30.2977135831877,-15.,-10.8957861182392));
#3046=VECTOR('',#3047,1.);
#3047=DIRECTION('',(0.309016994374948,0.,0.951056516295153));
#3048=CARTESIAN_POINT('',(19.7250167758193,-15.,25.4478548545243));
#3049=VECTOR('',#3050,1.);
#3050=DIRECTION('',(-0.809016994374947,0.,0.587785252292474));
#3051=CARTESIAN_POINT('',(-18.1069827870694,-15.,26.6234253591092));
#3052=VECTOR('',#3053,1.);
#3053=DIRECTION('',(-0.809016994374948,0.,-0.587785252292473));
#3054=CARTESIAN_POINT('',(-1.92068229267651E-15,-15.,-31.3671222431441));
#3055=AXIS2_PLACEMENT_3D('',#3056,#3057,#3058);
#3056=CARTESIAN_POINT('',(0.,-15.,-9.18485099360515E-16));
#3057=DIRECTION('',(0.,-1.,-6.12323399573677E-17));
#3058=DIRECTION('',(6.12323399573677E-17,6.12323399573677E-17,-1.));
#3059=CARTESIAN_POINT('',(-19.9415894326893,-15.1122225217691,25.7459415439084));
#3060=VECTOR('',#3061,1.);
#3061=DIRECTION('',(0.809016994374948,0.,0.587785252292473));
#3062=CARTESIAN_POINT('',(18.3235554439394,-15.1122225217691,26.9215120484934));
#3063=VECTOR('',#3064,1.);
#3064=DIRECTION('',(0.809016994374948,0.,-0.587785252292473));
#3065=CARTESIAN_POINT('',(31.266169491787,-15.1122225217691,-9.10753206939972));
#3066=VECTOR('',#3067,1.);
#3067=DIRECTION('',(-0.309016994374947,0.,-0.951056516295154));
#3068=CARTESIAN_POINT('',(0.999999999999998,-14.2975190429687,-32.7984152082013));
#3069=CARTESIAN_POINT('',(0.999999999999998,0.192654764695404,-27.));
#3070=VECTOR('',#3071,1.);
#3071=DIRECTION('',(-2.13405028603716E-17,-0.928424856180408,-0.371520236900211));
#3072=CARTESIAN_POINT('',(-1.,-14.2975190429687,-32.7984152082013));
#3073=CARTESIAN_POINT('',(0.999999999999998,-14.2975190429687,-32.7984152082013));
#3074=VECTOR('',#3075,1.);
#3075=DIRECTION('',(-1.,0.,0.));
#3076=CARTESIAN_POINT('',(-1.,0.192654764695404,-27.));
#3077=VECTOR('',#3078,1.);
#3078=DIRECTION('',(-1.42270019069144E-17,-0.928424856180408,-0.371520236900211));
#3079=CARTESIAN_POINT('',(-1.,-15.1122225217691,-32.5502764210121));
#3080=CARTESIAN_POINT('',(-1.,-14.2975190429687,-32.7984152082013));
#3081=VECTOR('',#3082,1.);
#3082=DIRECTION('',(0.,-0.956613171156209,0.291361014499986));
#3083=CARTESIAN_POINT('',(-1.,-15.1122225217691,-32.5502764210121));
#3084=VECTOR('',#3085,1.);
#3085=DIRECTION('',(0.,0.29136101449998,0.956613171156211));
#3086=CARTESIAN_POINT('',(-1.,1.59204083889156E-15,-26.));
#3087=CARTESIAN_POINT('',(-1.,-0.781288483401954,-26.3126418691924));
#3088=VECTOR('',#3089,1.);
#3089=DIRECTION('',(0.,0.928424856180409,0.371520236900209));
#3090=CARTESIAN_POINT('',(-1.,1.59204083889156E-15,-26.));
#3091=VECTOR('',#3092,1.);
#3092=DIRECTION('',(0.,1.,0.));
#3093=CARTESIAN_POINT('',(0.999999999999998,1.59204083889156E-15,-26.));
#3094=CARTESIAN_POINT('',(0.999999999999998,1.59204083889156E-15,-26.));
#3095=VECTOR('',#3096,1.);
#3096=DIRECTION('',(0.,1.,0.));
#3097=CARTESIAN_POINT('',(0.999999999999998,-0.78128848340211,-26.3126418691924));
#3098=VECTOR('',#3099,1.);
#3099=DIRECTION('',(0.,0.928424856180408,0.37152023690021));
#3100=CARTESIAN_POINT('',(0.999999999999998,-15.1122225217691,-32.5502764210121));
#3101=CARTESIAN_POINT('',(0.999999999999998,-15.1122225217691,-32.5502764210121));
#3102=VECTOR('',#3103,1.);
#3103=DIRECTION('',(0.,0.29136101449998,0.956613171156211));
#3104=CARTESIAN_POINT('',(0.999999999999998,-14.2975190429687,-32.7984152082013));
#3105=VECTOR('',#3106,1.);
#3106=DIRECTION('',(0.,-0.956613171156209,0.291361014499986));
#3107=CARTESIAN_POINT('',(-1.52162364794059E-15,0.500000000000002,-24.85));
#3108=AXIS2_PLACEMENT_3D('',#3109,#3110,#3111);
#3109=CARTESIAN_POINT('',(0.,0.5,3.06161699786838E-17));
#3110=DIRECTION('',(0.,-1.,-6.12323399573677E-17));
#3111=DIRECTION('',(6.12323399573677E-17,6.12323399573677E-17,-1.));
#3112=CARTESIAN_POINT('',(-2.22044604925031E-15,8.09365070499E-16,-26.));
#3113=VECTOR('',#3114,1.);
#3114=DIRECTION('',(-1.,1.334465105322E-17,0.));
#3115=CARTESIAN_POINT('',(0.999999999999998,7.96020419445779E-16,-26.));
#3116=VECTOR('',#3117,1.);
#3117=DIRECTION('',(-1.,1.334465105322E-17,0.));
#3118=CARTESIAN_POINT('',(0.999999999999998,-15.1122225217691,-32.5502764210121));
#3119=VECTOR('',#3120,1.);
#3120=DIRECTION('',(-1.,0.,0.));
#3121=CARTESIAN_POINT('',(-1.53080849893419E-15,1.53080849893419E-15,-25.));
#3122=AXIS2_PLACEMENT_3D('',#3123,#3124,#3125);
#3123=CARTESIAN_POINT('',(0.,0.,0.));
#3124=DIRECTION('',(0.,-1.,-6.12323399573677E-17));
#3125=DIRECTION('',(6.12323399573677E-17,6.12323399573676E-17,-1.));
#3126=CARTESIAN_POINT('',(-1.52162364794059E-15,1.52162364794059E-15,-24.85));
#3127=AXIS2_PLACEMENT_3D('',#3128,#3129,#3130);
#3128=CARTESIAN_POINT('',(0.,0.,0.));
#3129=DIRECTION('',(0.,-1.,-6.12323399573677E-17));
#3130=DIRECTION('',(6.12323399573677E-17,6.12323399573677E-17,-1.));
ENDSEC;
END-ISO-10303-21;
