ISO-10303-21;
HEADER;
FILE_DESCRIPTION(('STEP AP242'),
    '1');
FILE_NAME('Ронити МС - Ступица',
    '',
    ('UNSPECIFIED'),
    ('UNSPECIFIED'),
    'C3D Converter',
    'C3D Toolkit',
    '');
FILE_SCHEMA(('AP242_MANAGED_MODEL_BASED_3D_ENGINEERING_MIM_LF { 1 0 10303 442 1 1 4 }'));
ENDSEC;

DATA;
#1=PRODUCT_DEFINITION('','UNSPECIFIED',#28,#31);
#2=SHAPE_DEFINITION_REPRESENTATION(#26,#3);
#3=SHAPE_REPRESENTATION('NONE',(#4),#8);
#4=AXIS2_PLACEMENT_3D('',#5,#6,#7);
#5=CARTESIAN_POINT('',(0.,0.,0.));
#6=DIRECTION('',(0.,0.,1.));
#7=DIRECTION('',(1.,0.,0.));
#8=(GEOMETRIC_REPRESENTATION_CONTEXT(3)GLOBAL_UNCERTAINTY_ASSIGNED_CONTEXT((#10))
GLOBAL_UNIT_ASSIGNED_CONTEXT((#9,#11,#12))REPRESENTATION_CONTEXT('NONE','NONE'));
#9=(LENGTH_UNIT()NAMED_UNIT(*)SI_UNIT(.MILLI.,.METRE.));
#10=UNCERTAINTY_MEASURE_WITH_UNIT(LENGTH_MEASURE(1.E-5),#9,'NONE','NONE');
#11=(NAMED_UNIT(*)PLANE_ANGLE_UNIT()SI_UNIT($,.RADIAN.));
#12=(NAMED_UNIT(*)SI_UNIT($,.STERADIAN.)SOLID_ANGLE_UNIT());
#13=MANIFOLD_SOLID_BREP('',#14);
#14=CLOSED_SHELL('',(#53,#54,#55,#56,#57,#58,#59,#60,#61,#62,#63,#64,#65,#66,#67,
#68,#69,#70,#71,#72,#73,#74,#75,#76,#77,#78,#79,#80,#81,#82,#83,#84,#85,#86,#87,
#88,#89,#90,#91,#92,#93,#94,#95,#96,#97,#98,#99,#100,#101,#102,#103,#104,#105,#106,
#107,#108,#109,#110,#111,#112,#113,#114,#115,#116,#117,#118,#119,#120,#121,#122,
#123,#124,#125,#126,#127,#128,#129,#130,#131,#132));
#15=COLOUR_RGB('',1.,0.4,0.4);
#16=FILL_AREA_STYLE_COLOUR('',#15);
#17=FILL_AREA_STYLE($,(#16));
#18=SURFACE_STYLE_FILL_AREA(#17);
#19=SURFACE_SIDE_STYLE('',(#18));
#20=SURFACE_STYLE_USAGE(.BOTH.,#19);
#21=PRESENTATION_STYLE_ASSIGNMENT((#20));
#22=MECHANICAL_DESIGN_GEOMETRIC_PRESENTATION_REPRESENTATION('NONE',(#23),#8);
#23=STYLED_ITEM('',(#21),#13);
#24=ADVANCED_BREP_SHAPE_REPRESENTATION('NONE',(#13),#8);
#25=SHAPE_REPRESENTATION_RELATIONSHIP('','',#3,#24);
#26=PRODUCT_DEFINITION_SHAPE('NONE','NONE',#1);
#27=MECHANICAL_CONTEXT('NONE',#32,'mechanical');
#28=PRODUCT_DEFINITION_FORMATION_WITH_SPECIFIED_SOURCE('ANY','UNSPECIFIED',#29,.NOT_KNOWN.);
#29=PRODUCT('\X2\0420043E043D043804420438\X0\ \X2\041C0421\X0\','\X2\042104420443043F043804460430\X0\',
'NONE',(#27));
#30=PRODUCT_RELATED_PRODUCT_CATEGORY('detail','',(#29));
#31=DESIGN_CONTEXT('detailed design',#32,'design');
#32=APPLICATION_CONTEXT('configuration controlled 3d designs of mechanical parts and assemblies');
#33=APPLICATION_PROTOCOL_DEFINITION('international standard','config_control_design',
1994,#32);
#34=CC_DESIGN_DATE_AND_TIME_ASSIGNMENT(#35,#39,(#1));
#35=DATE_AND_TIME(#36,#37);
#36=CALENDAR_DATE(0,1,1);
#37=LOCAL_TIME(0,0,0.,#38);
#38=COORDINATED_UNIVERSAL_TIME_OFFSET(0,0,.AHEAD.);
#39=DATE_TIME_ROLE('creation_date');
#40=CC_DESIGN_APPROVAL(#41,(#1));
#41=APPROVAL(#42,'UNSPECIFIED');
#42=APPROVAL_STATUS('not_yet_approved');
#43=APPROVAL_DATE_TIME(#44,#41);
#44=DATE_AND_TIME(#45,#46);
#45=CALENDAR_DATE(0,1,1);
#46=LOCAL_TIME(0,0,0.,#47);
#47=COORDINATED_UNIVERSAL_TIME_OFFSET(0,0,.AHEAD.);
#48=PERSON('UNSPECIFIED','io','UNSPECIFIED',('UNSPECIFIED'),('UNSPECIFIED'),('UNSPECIFIED'));
#49=ORGANIZATION('UNSPECIFIED','UNSPECIFIED','UNSPECIFIED');
#50=PERSON_AND_ORGANIZATION(#48,#49);
#51=PERSON_AND_ORGANIZATION_ROLE('creator');
#52=CC_DESIGN_PERSON_AND_ORGANIZATION_ASSIGNMENT(#50,#51,(#28,#1));
#53=ADVANCED_FACE('',(#133,#135),#137,.T.);
#54=ADVANCED_FACE('',(#142,#144,#146,#148,#150,#152),#154,.T.);
#55=ADVANCED_FACE('',(#159),#161,.F.);
#56=ADVANCED_FACE('',(#166),#168,.T.);
#57=ADVANCED_FACE('',(#173),#175,.T.);
#58=ADVANCED_FACE('',(#180),#182,.F.);
#59=ADVANCED_FACE('',(#187),#189,.T.);
#60=ADVANCED_FACE('',(#194),#196,.T.);
#61=ADVANCED_FACE('',(#201),#203,.F.);
#62=ADVANCED_FACE('',(#208),#210,.T.);
#63=ADVANCED_FACE('',(#215),#217,.T.);
#64=ADVANCED_FACE('',(#222),#224,.F.);
#65=ADVANCED_FACE('',(#229),#231,.T.);
#66=ADVANCED_FACE('',(#236),#238,.T.);
#67=ADVANCED_FACE('',(#243,#245),#247,.T.);
#68=ADVANCED_FACE('',(#252),#254,.T.);
#69=ADVANCED_FACE('',(#259),#261,.T.);
#70=ADVANCED_FACE('',(#266),#268,.T.);
#71=ADVANCED_FACE('',(#273),#275,.T.);
#72=ADVANCED_FACE('',(#280),#282,.T.);
#73=ADVANCED_FACE('',(#287),#289,.T.);
#74=ADVANCED_FACE('',(#294),#296,.T.);
#75=ADVANCED_FACE('',(#301),#303,.T.);
#76=ADVANCED_FACE('',(#308),#310,.T.);
#77=ADVANCED_FACE('',(#315),#317,.T.);
#78=ADVANCED_FACE('',(#322),#324,.T.);
#79=ADVANCED_FACE('',(#329),#331,.T.);
#80=ADVANCED_FACE('',(#336,#338),#340,.F.);
#81=ADVANCED_FACE('',(#345,#347),#349,.F.);
#82=ADVANCED_FACE('',(#354,#356),#358,.F.);
#83=ADVANCED_FACE('',(#363,#365),#367,.F.);
#84=ADVANCED_FACE('',(#372),#374,.F.);
#85=ADVANCED_FACE('',(#379),#381,.F.);
#86=ADVANCED_FACE('',(#386),#388,.F.);
#87=ADVANCED_FACE('',(#393),#395,.F.);
#88=ADVANCED_FACE('',(#400),#402,.T.);
#89=ADVANCED_FACE('',(#407),#409,.F.);
#90=ADVANCED_FACE('',(#414),#416,.F.);
#91=ADVANCED_FACE('',(#421),#423,.F.);
#92=ADVANCED_FACE('',(#428),#430,.F.);
#93=ADVANCED_FACE('',(#435),#437,.F.);
#94=ADVANCED_FACE('',(#442),#444,.T.);
#95=ADVANCED_FACE('',(#449),#451,.F.);
#96=ADVANCED_FACE('',(#456),#458,.F.);
#97=ADVANCED_FACE('',(#463),#465,.F.);
#98=ADVANCED_FACE('',(#470),#472,.F.);
#99=ADVANCED_FACE('',(#477),#479,.F.);
#100=ADVANCED_FACE('',(#484),#486,.T.);
#101=ADVANCED_FACE('',(#491),#493,.F.);
#102=ADVANCED_FACE('',(#498),#500,.F.);
#103=ADVANCED_FACE('',(#505),#507,.F.);
#104=ADVANCED_FACE('',(#512),#514,.F.);
#105=ADVANCED_FACE('',(#519),#521,.F.);
#106=ADVANCED_FACE('',(#526),#528,.T.);
#107=ADVANCED_FACE('',(#533),#535,.F.);
#108=ADVANCED_FACE('',(#540,#542,#544,#546,#548,#550),#552,.F.);
#109=ADVANCED_FACE('',(#557),#559,.T.);
#110=ADVANCED_FACE('',(#564),#566,.T.);
#111=ADVANCED_FACE('',(#571),#573,.T.);
#112=ADVANCED_FACE('',(#578),#580,.T.);
#113=ADVANCED_FACE('',(#585),#587,.T.);
#114=ADVANCED_FACE('',(#592),#594,.T.);
#115=ADVANCED_FACE('',(#599),#601,.T.);
#116=ADVANCED_FACE('',(#606),#608,.T.);
#117=ADVANCED_FACE('',(#613),#615,.T.);
#118=ADVANCED_FACE('',(#620),#622,.T.);
#119=ADVANCED_FACE('',(#627),#629,.T.);
#120=ADVANCED_FACE('',(#634),#636,.T.);
#121=ADVANCED_FACE('',(#641),#643,.T.);
#122=ADVANCED_FACE('',(#648),#650,.T.);
#123=ADVANCED_FACE('',(#655),#657,.T.);
#124=ADVANCED_FACE('',(#662),#664,.T.);
#125=ADVANCED_FACE('',(#669),#671,.T.);
#126=ADVANCED_FACE('',(#676),#678,.T.);
#127=ADVANCED_FACE('',(#683),#685,.T.);
#128=ADVANCED_FACE('',(#690),#692,.T.);
#129=ADVANCED_FACE('',(#697),#699,.T.);
#130=ADVANCED_FACE('',(#704),#706,.T.);
#131=ADVANCED_FACE('',(#711),#713,.T.);
#132=ADVANCED_FACE('',(#718),#720,.T.);
#133=FACE_BOUND('',#134,.T.);
#134=EDGE_LOOP('',(#725,#726,#727,#728,#729,#730,#731,#732,#733,#734,#735,#736,#737,
#738,#739,#740,#741));
#135=FACE_OUTER_BOUND('',#136,.T.);
#136=EDGE_LOOP('',(#742));
#137=CYLINDRICAL_SURFACE('',#138,4.);
#138=AXIS2_PLACEMENT_3D('',#139,#140,#141);
#139=CARTESIAN_POINT('',(0.,3.,1.83697019872103E-16));
#140=DIRECTION('',(0.,1.,6.12323399573676E-17));
#141=DIRECTION('',(6.12323399573677E-17,6.12323399573676E-17,-1.));
#142=FACE_BOUND('',#143,.T.);
#143=EDGE_LOOP('',(#743,#744,#745,#746,#747,#748,#749,#750,#751,#752,#753,#754));
#144=FACE_BOUND('',#145,.T.);
#145=EDGE_LOOP('',(#755,#756,#757,#758,#759,#760,#761,#762,#763,#764,#765,#766,#767,
#768,#769,#770,#771));
#146=FACE_BOUND('',#147,.T.);
#147=EDGE_LOOP('',(#772));
#148=FACE_BOUND('',#149,.T.);
#149=EDGE_LOOP('',(#773));
#150=FACE_BOUND('',#151,.T.);
#151=EDGE_LOOP('',(#774));
#152=FACE_BOUND('',#153,.T.);
#153=EDGE_LOOP('',(#775));
#154=PLANE('',#155);
#155=AXIS2_PLACEMENT_3D('',#156,#157,#158);
#156=CARTESIAN_POINT('',(0.,3.,1.83697019872103E-16));
#157=DIRECTION('',(0.,1.,6.12323399573677E-17));
#158=DIRECTION('',(6.12323399573677E-17,6.12323399573677E-17,-1.));
#159=FACE_BOUND('',#160,.T.);
#160=EDGE_LOOP('',(#776,#777,#778));
#161=PLANE('',#162);
#162=AXIS2_PLACEMENT_3D('',#163,#164,#165);
#163=CARTESIAN_POINT('',(-0.707106781186547,0.,0.707106781186548));
#164=DIRECTION('',(0.707106781186547,0.,-0.707106781186548));
#165=DIRECTION('',(-0.707106781186548,8.65956056235493E-17,-0.707106781186547));
#166=FACE_BOUND('',#167,.T.);
#167=EDGE_LOOP('',(#779,#780,#781));
#168=PLANE('',#169);
#169=AXIS2_PLACEMENT_3D('',#170,#171,#172);
#170=CARTESIAN_POINT('',(0.707106781186547,0.,-0.707106781186548));
#171=DIRECTION('',(0.707106781186547,0.,-0.707106781186548));
#172=DIRECTION('',(-0.707106781186548,8.65956056235493E-17,-0.707106781186547));
#173=FACE_BOUND('',#174,.T.);
#174=EDGE_LOOP('',(#782,#783,#784,#785));
#175=PLANE('',#176);
#176=AXIS2_PLACEMENT_3D('',#177,#178,#179);
#177=CARTESIAN_POINT('',(1.93750550710787,8.29507948513936,3.35171906948097));
#178=DIRECTION('',(0.558035112532566,0.614160912433812,0.558035112532566));
#179=DIRECTION('',(0.434277345921666,-0.789180824423952,0.434277345921666));
#180=FACE_BOUND('',#181,.T.);
#181=EDGE_LOOP('',(#786,#787,#788));
#182=PLANE('',#183);
#183=AXIS2_PLACEMENT_3D('',#184,#185,#186);
#184=CARTESIAN_POINT('',(-0.707106781186548,8.65956056235493E-17,-0.707106781186547));
#185=DIRECTION('',(0.707106781186548,-8.65956056235493E-17,0.707106781186547));
#186=DIRECTION('',(0.707106781186547,8.65956056235493E-17,-0.707106781186548));
#187=FACE_BOUND('',#188,.T.);
#188=EDGE_LOOP('',(#789,#790,#791));
#189=PLANE('',#190);
#190=AXIS2_PLACEMENT_3D('',#191,#192,#193);
#191=CARTESIAN_POINT('',(0.707106781186548,-8.65956056235493E-17,0.707106781186547));
#192=DIRECTION('',(0.707106781186548,-8.65956056235493E-17,0.707106781186547));
#193=DIRECTION('',(0.707106781186547,8.65956056235493E-17,-0.707106781186548));
#194=FACE_BOUND('',#195,.T.);
#195=EDGE_LOOP('',(#792,#793,#794,#795));
#196=PLANE('',#197);
#197=AXIS2_PLACEMENT_3D('',#198,#199,#200);
#198=CARTESIAN_POINT('',(-3.35171906948097,8.29507948513936,1.93750550710787));
#199=DIRECTION('',(-0.558035112532566,0.614160912433812,0.558035112532567));
#200=DIRECTION('',(-0.434277345921666,-0.789180824423952,0.434277345921666));
#201=FACE_BOUND('',#202,.T.);
#202=EDGE_LOOP('',(#796,#797,#798));
#203=PLANE('',#204);
#204=AXIS2_PLACEMENT_3D('',#205,#206,#207);
#205=CARTESIAN_POINT('',(0.707106781186547,8.65956056235493E-17,-0.707106781186548));
#206=DIRECTION('',(-0.707106781186547,-8.65956056235493E-17,0.707106781186548));
#207=DIRECTION('',(0.707106781186548,0.,0.707106781186547));
#208=FACE_BOUND('',#209,.T.);
#209=EDGE_LOOP('',(#799,#800,#801));
#210=PLANE('',#211);
#211=AXIS2_PLACEMENT_3D('',#212,#213,#214);
#212=CARTESIAN_POINT('',(-0.707106781186547,-8.65956056235493E-17,0.707106781186548));
#213=DIRECTION('',(-0.707106781186547,-8.65956056235493E-17,0.707106781186548));
#214=DIRECTION('',(0.707106781186548,0.,0.707106781186547));
#215=FACE_BOUND('',#216,.T.);
#216=EDGE_LOOP('',(#802,#803,#804,#805));
#217=PLANE('',#218);
#218=AXIS2_PLACEMENT_3D('',#219,#220,#221);
#219=CARTESIAN_POINT('',(-1.93750550710787,8.29507948513936,-3.35171906948097));
#220=DIRECTION('',(-0.558035112532566,0.614160912433812,-0.558035112532566));
#221=DIRECTION('',(-0.434277345921666,-0.789180824423952,-0.434277345921666));
#222=FACE_BOUND('',#223,.T.);
#223=EDGE_LOOP('',(#806,#807,#808));
#224=PLANE('',#225);
#225=AXIS2_PLACEMENT_3D('',#226,#227,#228);
#226=CARTESIAN_POINT('',(0.707106781186548,0.,0.707106781186547));
#227=DIRECTION('',(-0.707106781186548,0.,-0.707106781186547));
#228=DIRECTION('',(-0.707106781186547,0.,0.707106781186548));
#229=FACE_BOUND('',#230,.T.);
#230=EDGE_LOOP('',(#809,#810,#811,#812));
#231=PLANE('',#232);
#232=AXIS2_PLACEMENT_3D('',#233,#234,#235);
#233=CARTESIAN_POINT('',(3.35171906948097,8.29507948513936,-1.93750550710787));
#234=DIRECTION('',(0.558035112532566,0.614160912433812,-0.558035112532566));
#235=DIRECTION('',(0.434277345921666,-0.789180824423952,-0.434277345921666));
#236=FACE_BOUND('',#237,.T.);
#237=EDGE_LOOP('',(#813,#814,#815));
#238=PLANE('',#239);
#239=AXIS2_PLACEMENT_3D('',#240,#241,#242);
#240=CARTESIAN_POINT('',(-0.707106781186548,0.,-0.707106781186547));
#241=DIRECTION('',(-0.707106781186548,0.,-0.707106781186547));
#242=DIRECTION('',(-0.707106781186547,0.,0.707106781186548));
#243=FACE_BOUND('',#244,.T.);
#244=EDGE_LOOP('',(#816));
#245=FACE_BOUND('',#246,.T.);
#246=EDGE_LOOP('',(#817,#818,#819,#820,#821,#822,#823,#824,#825,#826,#827,#828,#829,
#830,#831,#832,#833,#834,#835,#836,#837,#838,#839,#840));
#247=PLANE('',#248);
#248=AXIS2_PLACEMENT_3D('',#249,#250,#251);
#249=CARTESIAN_POINT('',(0.,10.,6.12323399573677E-16));
#250=DIRECTION('',(0.,1.,6.12323399573677E-17));
#251=DIRECTION('',(6.12323399573677E-17,6.12323399573677E-17,-1.));
#252=FACE_BOUND('',#253,.T.);
#253=EDGE_LOOP('',(#841,#842,#843,#844));
#254=CYLINDRICAL_SURFACE('',#255,2.90000000000001);
#255=AXIS2_PLACEMENT_3D('',#256,#257,#258);
#256=CARTESIAN_POINT('',(7.6979589711327,-1.79311383834298E-17,0.292837712815061));
#257=DIRECTION('',(0.,1.,6.12323399573676E-17));
#258=DIRECTION('',(0.724137931034483,-4.22291999705984E-17,0.689655172413793));
#259=FACE_BOUND('',#260,.T.);
#260=EDGE_LOOP('',(#845,#846,#847,#848));
#261=CYLINDRICAL_SURFACE('',#262,10.);
#262=AXIS2_PLACEMENT_3D('',#263,#264,#265);
#263=CARTESIAN_POINT('',(-2.628604982129E-16,-1.79311383834296E-17,0.292837712815057));
#264=DIRECTION('',(0.,1.,6.12323399573676E-17));
#265=DIRECTION('',(0.979795897113271,1.22464679914735E-17,-0.2));
#266=FACE_BOUND('',#267,.T.);
#267=EDGE_LOOP('',(#849,#850,#851,#852));
#268=CYLINDRICAL_SURFACE('',#269,2.90000000000001);
#269=AXIS2_PLACEMENT_3D('',#270,#271,#272);
#270=CARTESIAN_POINT('',(3.84897948556634,3.90282095291751E-16,-6.37379031347619));
#271=DIRECTION('',(0.,1.,6.12323399573676E-17));
#272=DIRECTION('',(0.959327864678922,1.72855379685339E-17,-0.282294257912873));
#273=FACE_BOUND('',#274,.T.);
#274=EDGE_LOOP('',(#853,#854,#855,#856));
#275=CYLINDRICAL_SURFACE('',#276,10.);
#276=AXIS2_PLACEMENT_3D('',#277,#278,#279);
#277=CARTESIAN_POINT('',(-2.628604982129E-16,-1.79311383834296E-17,0.292837712815057));
#278=DIRECTION('',(0.,1.,6.12323399573676E-17));
#279=DIRECTION('',(0.316692867799748,5.80805973698663E-17,-0.948528137423857));
#280=FACE_BOUND('',#281,.T.);
#281=EDGE_LOOP('',(#857,#858,#859,#860));
#282=CYLINDRICAL_SURFACE('',#283,2.90000000000001);
#283=AXIS2_PLACEMENT_3D('',#284,#285,#286);
#284=CARTESIAN_POINT('',(-3.84897948556638,3.9028209529175E-16,-6.37379031347617));
#285=DIRECTION('',(0.,1.,6.12323399573676E-17));
#286=DIRECTION('',(0.235189933644435,5.95147379391321E-17,-0.971949430326664));
#287=FACE_BOUND('',#288,.T.);
#288=EDGE_LOOP('',(#861,#862,#863,#864));
#289=CYLINDRICAL_SURFACE('',#290,10.);
#290=AXIS2_PLACEMENT_3D('',#291,#292,#293);
#291=CARTESIAN_POINT('',(-2.628604982129E-16,-1.79311383834296E-17,0.292837712815057));
#292=DIRECTION('',(0.,1.,6.12323399573676E-17));
#293=DIRECTION('',(-0.663103029313524,4.58341293783928E-17,-0.748528137423857));
#294=FACE_BOUND('',#295,.T.);
#295=EDGE_LOOP('',(#865,#866,#867,#868));
#296=CYLINDRICAL_SURFACE('',#297,2.90000000000001);
#297=AXIS2_PLACEMENT_3D('',#298,#299,#300);
#298=CARTESIAN_POINT('',(-7.69795897113271,-1.79311383834297E-17,0.292837712815059));
#299=DIRECTION('',(0.,1.,6.12323399573676E-17));
#300=DIRECTION('',(-0.724137931034484,4.22291999705983E-17,-0.689655172413792));
#301=FACE_BOUND('',#302,.T.);
#302=EDGE_LOOP('',(#869,#870,#871,#872));
#303=CYLINDRICAL_SURFACE('',#304,10.);
#304=AXIS2_PLACEMENT_3D('',#305,#306,#307);
#305=CARTESIAN_POINT('',(-2.628604982129E-16,-1.79311383834296E-17,0.292837712815057));
#306=DIRECTION('',(0.,1.,6.12323399573676E-17));
#307=DIRECTION('',(-0.979795897113271,-1.22464679914735E-17,0.2));
#308=FACE_BOUND('',#309,.T.);
#309=EDGE_LOOP('',(#873,#874,#875,#876));
#310=CYLINDRICAL_SURFACE('',#311,2.90000000000001);
#311=AXIS2_PLACEMENT_3D('',#312,#313,#314);
#312=CARTESIAN_POINT('',(-3.84897948556634,-4.2614437205861E-16,6.95946573910631));
#313=DIRECTION('',(0.,1.,6.12323399573676E-17));
#314=DIRECTION('',(-0.959327864678922,-1.72855379685338E-17,0.282294257912872));
#315=FACE_BOUND('',#316,.T.);
#316=EDGE_LOOP('',(#877,#878,#879,#880));
#317=CYLINDRICAL_SURFACE('',#318,10.);
#318=AXIS2_PLACEMENT_3D('',#319,#320,#321);
#319=CARTESIAN_POINT('',(-2.628604982129E-16,-1.79311383834296E-17,0.292837712815057));
#320=DIRECTION('',(0.,1.,6.12323399573676E-17));
#321=DIRECTION('',(-0.316692867799747,-5.80805973698664E-17,0.948528137423857));
#322=FACE_BOUND('',#323,.T.);
#323=EDGE_LOOP('',(#881,#882,#883,#884));
#324=CYLINDRICAL_SURFACE('',#325,2.90000000000001);
#325=AXIS2_PLACEMENT_3D('',#326,#327,#328);
#326=CARTESIAN_POINT('',(3.84897948556636,-4.2614437205861E-16,6.9594657391063));
#327=DIRECTION('',(0.,1.,6.12323399573676E-17));
#328=DIRECTION('',(-0.235189933644439,-5.9514737939132E-17,0.971949430326663));
#329=FACE_BOUND('',#330,.T.);
#330=EDGE_LOOP('',(#885,#886,#887,#888));
#331=CYLINDRICAL_SURFACE('',#332,10.);
#332=AXIS2_PLACEMENT_3D('',#333,#334,#335);
#333=CARTESIAN_POINT('',(-2.628604982129E-16,-1.79311383834296E-17,0.292837712815057));
#334=DIRECTION('',(0.,1.,6.12323399573676E-17));
#335=DIRECTION('',(0.663103029313524,-4.58341293783928E-17,0.748528137423857));
#336=FACE_OUTER_BOUND('',#337,.T.);
#337=EDGE_LOOP('',(#889));
#338=FACE_OUTER_BOUND('',#339,.T.);
#339=EDGE_LOOP('',(#890));
#340=CYLINDRICAL_SURFACE('',#341,1.5);
#341=AXIS2_PLACEMENT_3D('',#342,#343,#344);
#342=CARTESIAN_POINT('',(6.,-1.79311383834297E-17,0.292837712815059));
#343=DIRECTION('',(0.,1.,6.12323399573676E-17));
#344=DIRECTION('',(6.12323399573676E-17,6.12323399573676E-17,-1.));
#345=FACE_OUTER_BOUND('',#346,.T.);
#346=EDGE_LOOP('',(#891));
#347=FACE_OUTER_BOUND('',#348,.T.);
#348=EDGE_LOOP('',(#892));
#349=CYLINDRICAL_SURFACE('',#350,1.5);
#350=AXIS2_PLACEMENT_3D('',#351,#352,#353);
#351=CARTESIAN_POINT('',(-6.,-1.79311383834295E-17,0.292837712815056));
#352=DIRECTION('',(0.,1.,6.12323399573676E-17));
#353=DIRECTION('',(6.12323399573676E-17,6.12323399573676E-17,-1.));
#354=FACE_OUTER_BOUND('',#355,.T.);
#355=EDGE_LOOP('',(#893));
#356=FACE_OUTER_BOUND('',#357,.T.);
#357=EDGE_LOOP('',(#894));
#358=CYLINDRICAL_SURFACE('',#359,1.4);
#359=AXIS2_PLACEMENT_3D('',#360,#361,#362);
#360=CARTESIAN_POINT('',(1.57410970050813E-15,3.49462901360776E-16,-5.70716228718494));
#361=DIRECTION('',(0.,1.,6.12323399573676E-17));
#362=DIRECTION('',(-1.83697019872103E-16,-6.12323399573676E-17,1.));
#363=FACE_OUTER_BOUND('',#364,.T.);
#364=EDGE_LOOP('',(#895));
#365=FACE_OUTER_BOUND('',#366,.T.);
#366=EDGE_LOOP('',(#896));
#367=CYLINDRICAL_SURFACE('',#368,1.4);
#368=AXIS2_PLACEMENT_3D('',#369,#370,#371);
#369=CARTESIAN_POINT('',(-1.36504261744552E-15,-3.85325178127636E-16,6.29283771281506));
#370=DIRECTION('',(0.,1.,6.12323399573676E-17));
#371=DIRECTION('',(-1.83697019872103E-16,-6.12323399573676E-17,1.));
#372=FACE_BOUND('',#373,.T.);
#373=EDGE_LOOP('',(#897,#898,#899,#900));
#374=PLANE('',#375);
#375=AXIS2_PLACEMENT_3D('',#376,#377,#378);
#376=CARTESIAN_POINT('',(-2.37377302011578,3.,0.931505045059009));
#377=DIRECTION('',(-0.571040240720156,-5.20803761428053E-17,0.820922069065186));
#378=DIRECTION('',(0.820922069065186,0.,0.571040240720156));
#379=FACE_BOUND('',#380,.T.);
#380=EDGE_LOOP('',(#901,#902,#903,#904));
#381=CYLINDRICAL_SURFACE('',#382,2.55);
#382=AXIS2_PLACEMENT_3D('',#383,#384,#385);
#383=CARTESIAN_POINT('',(0.,3.,1.83697019872103E-16));
#384=DIRECTION('',(0.,1.,6.12323399573676E-17));
#385=DIRECTION('',(-0.930891380437563,2.23679347415907E-17,-0.365296096101572));
#386=FACE_BOUND('',#387,.T.);
#387=EDGE_LOOP('',(#905,#906,#907,#908));
#388=PLANE('',#389);
#389=AXIS2_PLACEMENT_3D('',#390,#391,#392);
#390=CARTESIAN_POINT('',(-2.20342578948758,3.,-1.05));
#391=DIRECTION('',(-0.571040240720153,5.20803761428054E-17,-0.820922069065188));
#392=DIRECTION('',(-0.820922069065188,0.,0.571040240720153));
#393=FACE_BOUND('',#394,.T.);
#394=EDGE_LOOP('',(#909,#910,#911,#912));
#395=PLANE('',#396);
#396=AXIS2_PLACEMENT_3D('',#397,#398,#399);
#397=CARTESIAN_POINT('',(-1.4,3.,-1.05));
#398=DIRECTION('',(0.,6.34413156928661E-17,-1.));
#399=DIRECTION('',(-1.,0.,0.));
#400=FACE_BOUND('',#401,.T.);
#401=EDGE_LOOP('',(#913,#914,#915,#916));
#402=CYLINDRICAL_SURFACE('',#403,0.35);
#403=AXIS2_PLACEMENT_3D('',#404,#405,#406);
#404=CARTESIAN_POINT('',(-1.4,3.,-1.4));
#405=DIRECTION('',(0.,-1.,-6.12323399573676E-17));
#406=DIRECTION('',(1.,-3.74939945665464E-33,6.12323399573677E-17));
#407=FACE_BOUND('',#408,.T.);
#408=EDGE_LOOP('',(#917,#918,#919,#920));
#409=PLANE('',#410);
#410=AXIS2_PLACEMENT_3D('',#411,#412,#413);
#411=CARTESIAN_POINT('',(-1.05,3.,-2.20342578948758));
#412=DIRECTION('',(-1.,0.,0.));
#413=DIRECTION('',(0.,0.,1.));
#414=FACE_BOUND('',#415,.T.);
#415=EDGE_LOOP('',(#921,#922,#923,#924));
#416=PLANE('',#417);
#417=AXIS2_PLACEMENT_3D('',#418,#419,#420);
#418=CARTESIAN_POINT('',(-0.931505045059008,3.,-2.37377302011578));
#419=DIRECTION('',(-0.820922069065183,3.6227544184858E-17,-0.571040240720161));
#420=DIRECTION('',(-0.571040240720161,0.,0.820922069065183));
#421=FACE_BOUND('',#422,.T.);
#422=EDGE_LOOP('',(#925,#926,#927,#928));
#423=CYLINDRICAL_SURFACE('',#424,2.55);
#424=AXIS2_PLACEMENT_3D('',#425,#426,#427);
#425=CARTESIAN_POINT('',(0.,3.,1.83697019872103E-16));
#426=DIRECTION('',(0.,1.,6.12323399573676E-17));
#427=DIRECTION('',(0.365296096101572,5.70006574703361E-17,-0.930891380437563));
#428=FACE_BOUND('',#429,.T.);
#429=EDGE_LOOP('',(#929,#930,#931,#932));
#430=PLANE('',#431);
#431=AXIS2_PLACEMENT_3D('',#432,#433,#434);
#432=CARTESIAN_POINT('',(1.05,3.,-2.20342578948758));
#433=DIRECTION('',(0.820922069065184,3.62275441848578E-17,-0.571040240720159));
#434=DIRECTION('',(-0.571040240720159,0.,-0.820922069065184));
#435=FACE_BOUND('',#436,.T.);
#436=EDGE_LOOP('',(#933,#934,#935,#936));
#437=PLANE('',#438);
#438=AXIS2_PLACEMENT_3D('',#439,#440,#441);
#439=CARTESIAN_POINT('',(1.05,3.,-1.4));
#440=DIRECTION('',(1.,0.,0.));
#441=DIRECTION('',(0.,0.,-1.));
#442=FACE_BOUND('',#443,.T.);
#443=EDGE_LOOP('',(#937,#938,#939,#940));
#444=CYLINDRICAL_SURFACE('',#445,0.35);
#445=AXIS2_PLACEMENT_3D('',#446,#447,#448);
#446=CARTESIAN_POINT('',(1.4,3.,-1.4));
#447=DIRECTION('',(0.,-1.,-6.12323399573676E-17));
#448=DIRECTION('',(-6.12323399573677E-17,-6.12323399573676E-17,1.));
#449=FACE_BOUND('',#450,.T.);
#450=EDGE_LOOP('',(#941,#942,#943,#944));
#451=PLANE('',#452);
#452=AXIS2_PLACEMENT_3D('',#453,#454,#455);
#453=CARTESIAN_POINT('',(2.20342578948758,3.,-1.05));
#454=DIRECTION('',(2.76372264657637E-16,6.34413156928661E-17,-1.));
#455=DIRECTION('',(-1.,0.,-2.76372264657637E-16));
#456=FACE_BOUND('',#457,.T.);
#457=EDGE_LOOP('',(#945,#946,#947,#948));
#458=PLANE('',#459);
#459=AXIS2_PLACEMENT_3D('',#460,#461,#462);
#460=CARTESIAN_POINT('',(2.37377302011579,3.,-0.931505045059008));
#461=DIRECTION('',(0.571040240720155,5.20803761428053E-17,-0.820922069065187));
#462=DIRECTION('',(-0.820922069065187,0.,-0.571040240720155));
#463=FACE_BOUND('',#464,.T.);
#464=EDGE_LOOP('',(#949,#950,#951,#952));
#465=CYLINDRICAL_SURFACE('',#466,2.55);
#466=AXIS2_PLACEMENT_3D('',#467,#468,#469);
#467=CARTESIAN_POINT('',(0.,3.,1.83697019872103E-16));
#468=DIRECTION('',(0.,1.,6.12323399573676E-17));
#469=DIRECTION('',(0.930891380437563,-2.23679347415907E-17,0.365296096101572));
#470=FACE_BOUND('',#471,.T.);
#471=EDGE_LOOP('',(#953,#954,#955,#956));
#472=PLANE('',#473);
#473=AXIS2_PLACEMENT_3D('',#474,#475,#476);
#474=CARTESIAN_POINT('',(2.20342578948758,3.,1.05));
#475=DIRECTION('',(0.571040240720154,-5.20803761428054E-17,0.820922069065187));
#476=DIRECTION('',(0.820922069065187,0.,-0.571040240720154));
#477=FACE_BOUND('',#478,.T.);
#478=EDGE_LOOP('',(#957,#958,#959,#960));
#479=PLANE('',#480);
#480=AXIS2_PLACEMENT_3D('',#481,#482,#483);
#481=CARTESIAN_POINT('',(1.4,3.,1.05));
#482=DIRECTION('',(-2.76372264657637E-16,-6.34413156928661E-17,1.));
#483=DIRECTION('',(1.,0.,2.76372264657637E-16));
#484=FACE_BOUND('',#485,.T.);
#485=EDGE_LOOP('',(#961,#962,#963,#964));
#486=CYLINDRICAL_SURFACE('',#487,0.35);
#487=AXIS2_PLACEMENT_3D('',#488,#489,#490);
#488=CARTESIAN_POINT('',(1.4,3.,1.4));
#489=DIRECTION('',(0.,-1.,-6.12323399573676E-17));
#490=DIRECTION('',(-1.,3.74939945665464E-33,-6.12323399573677E-17));
#491=FACE_BOUND('',#492,.T.);
#492=EDGE_LOOP('',(#965,#966,#967,#968));
#493=PLANE('',#494);
#494=AXIS2_PLACEMENT_3D('',#495,#496,#497);
#495=CARTESIAN_POINT('',(1.05,3.,2.20342578948758));
#496=DIRECTION('',(1.,0.,0.));
#497=DIRECTION('',(0.,0.,-1.));
#498=FACE_BOUND('',#499,.T.);
#499=EDGE_LOOP('',(#969,#970,#971,#972));
#500=PLANE('',#501);
#501=AXIS2_PLACEMENT_3D('',#502,#503,#504);
#502=CARTESIAN_POINT('',(0.931505045059008,3.,2.37377302011579));
#503=DIRECTION('',(0.820922069065186,-3.62275441848577E-17,0.571040240720157));
#504=DIRECTION('',(0.571040240720157,0.,-0.820922069065186));
#505=FACE_BOUND('',#506,.T.);
#506=EDGE_LOOP('',(#973,#974,#975,#976));
#507=CYLINDRICAL_SURFACE('',#508,2.55);
#508=AXIS2_PLACEMENT_3D('',#509,#510,#511);
#509=CARTESIAN_POINT('',(0.,3.,1.83697019872103E-16));
#510=DIRECTION('',(0.,1.,6.12323399573676E-17));
#511=DIRECTION('',(-0.365296096101572,-5.70006574703361E-17,0.930891380437563));
#512=FACE_BOUND('',#513,.T.);
#513=EDGE_LOOP('',(#977,#978,#979,#980));
#514=PLANE('',#515);
#515=AXIS2_PLACEMENT_3D('',#516,#517,#518);
#516=CARTESIAN_POINT('',(-1.05,3.,2.20342578948757));
#517=DIRECTION('',(-0.820922069065189,-3.62275441848574E-17,0.571040240720152));
#518=DIRECTION('',(0.571040240720152,0.,0.820922069065189));
#519=FACE_BOUND('',#520,.T.);
#520=EDGE_LOOP('',(#981,#982,#983,#984));
#521=PLANE('',#522);
#522=AXIS2_PLACEMENT_3D('',#523,#524,#525);
#523=CARTESIAN_POINT('',(-1.05,3.,1.4));
#524=DIRECTION('',(-1.,0.,0.));
#525=DIRECTION('',(0.,0.,1.));
#526=FACE_BOUND('',#527,.T.);
#527=EDGE_LOOP('',(#985,#986,#987,#988));
#528=CYLINDRICAL_SURFACE('',#529,0.35);
#529=AXIS2_PLACEMENT_3D('',#530,#531,#532);
#530=CARTESIAN_POINT('',(-1.4,3.,1.4));
#531=DIRECTION('',(0.,-1.,-6.12323399573676E-17));
#532=DIRECTION('',(6.12323399573677E-17,6.12323399573676E-17,-1.));
#533=FACE_BOUND('',#534,.T.);
#534=EDGE_LOOP('',(#989,#990,#991,#992));
#535=PLANE('',#536);
#536=AXIS2_PLACEMENT_3D('',#537,#538,#539);
#537=CARTESIAN_POINT('',(-2.20342578948757,3.,1.05));
#538=DIRECTION('',(2.76372264657637E-16,-6.34413156928661E-17,1.));
#539=DIRECTION('',(1.,0.,-2.76372264657637E-16));
#540=FACE_BOUND('',#541,.T.);
#541=EDGE_LOOP('',(#993,#994,#995,#996,#997,#998,#999,#1000,#1001,#1002,#1003,#1004));
#542=FACE_BOUND('',#543,.T.);
#543=EDGE_LOOP('',(#1005,#1006,#1007,#1008,#1009,#1010,#1011,#1012,#1013,#1014,#1015,
#1016,#1017,#1018,#1019,#1020,#1021,#1022,#1023,#1024,#1025,#1026,#1027,#1028));
#544=FACE_BOUND('',#545,.T.);
#545=EDGE_LOOP('',(#1029));
#546=FACE_BOUND('',#547,.T.);
#547=EDGE_LOOP('',(#1030));
#548=FACE_BOUND('',#549,.T.);
#549=EDGE_LOOP('',(#1031));
#550=FACE_BOUND('',#551,.T.);
#551=EDGE_LOOP('',(#1032));
#552=PLANE('',#553);
#553=AXIS2_PLACEMENT_3D('',#554,#555,#556);
#554=CARTESIAN_POINT('',(0.,0.,0.));
#555=DIRECTION('',(0.,1.,6.12323399573677E-17));
#556=DIRECTION('',(6.12323399573677E-17,6.12323399573677E-17,-1.));
#557=FACE_BOUND('',#558,.T.);
#558=EDGE_LOOP('',(#1033,#1034,#1035,#1036));
#559=CYLINDRICAL_SURFACE('',#560,0.3);
#560=AXIS2_PLACEMENT_3D('',#561,#562,#563);
#561=CARTESIAN_POINT('',(-1.35,9.7,0.200000000000001));
#562=DIRECTION('',(0.,-4.03403378260853E-16,1.));
#563=DIRECTION('',(1.,3.73223098963975E-31,0.));
#564=FACE_BOUND('',#565,.T.);
#565=EDGE_LOOP('',(#1037,#1038,#1039,#1040));
#566=DEGENERATE_TOROIDAL_SURFACE('',#567,0.05,0.3,.T.);
#567=AXIS2_PLACEMENT_3D('',#568,#569,#570);
#568=CARTESIAN_POINT('',(-1.4,9.7,1.4));
#569=DIRECTION('',(0.,-1.,-6.12323399573677E-17));
#570=DIRECTION('',(-1.,3.21377096284685E-33,-5.2484862820601E-17));
#571=FACE_BOUND('',#572,.T.);
#572=EDGE_LOOP('',(#1041,#1042,#1043,#1044));
#573=CYLINDRICAL_SURFACE('',#574,0.3);
#574=AXIS2_PLACEMENT_3D('',#575,#576,#577);
#575=CARTESIAN_POINT('',(-3.40342578948757,9.7,1.35));
#576=DIRECTION('',(1.,0.,-2.77258934049538E-16));
#577=DIRECTION('',(-2.77258934049538E-16,0.,-1.));
#578=FACE_BOUND('',#579,.T.);
#579=EDGE_LOOP('',(#1045,#1046,#1047,#1048));
#580=CYLINDRICAL_SURFACE('',#581,0.3);
#581=AXIS2_PLACEMENT_3D('',#582,#583,#584);
#582=CARTESIAN_POINT('',(-3.53019157521005,9.7,0.492533376914378));
#583=DIRECTION('',(0.820922069065186,0.,0.571040240720156));
#584=DIRECTION('',(0.571040240720156,5.9211894646675E-15,-0.820922069065186));
#585=FACE_BOUND('',#586,.T.);
#586=EDGE_LOOP('',(#1049,#1050,#1051,#1052));
#587=TOROIDAL_SURFACE('',#588,2.85,0.3);
#588=AXIS2_PLACEMENT_3D('',#589,#590,#591);
#589=CARTESIAN_POINT('',(0.,9.7,5.93953697586466E-16));
#590=DIRECTION('',(0.,1.,6.12323399573677E-17));
#591=DIRECTION('',(-0.834000674435015,3.3785765497686E-17,-0.551763423073639));
#592=FACE_BOUND('',#593,.T.);
#593=EDGE_LOOP('',(#1053,#1054,#1055,#1056));
#594=CYLINDRICAL_SURFACE('',#595,0.3);
#595=AXIS2_PLACEMENT_3D('',#596,#597,#598);
#596=CARTESIAN_POINT('',(-1.3896313788254,9.7,-1.98152490958374));
#597=DIRECTION('',(-0.820922069065187,0.,0.571040240720154));
#598=DIRECTION('',(0.571040240720154,-5.92118946466748E-15,0.820922069065188));
#599=FACE_BOUND('',#600,.T.);
#600=EDGE_LOOP('',(#1057,#1058,#1059,#1060));
#601=CYLINDRICAL_SURFACE('',#602,0.3);
#602=AXIS2_PLACEMENT_3D('',#603,#604,#605);
#603=CARTESIAN_POINT('',(-0.2,9.7,-1.35));
#604=DIRECTION('',(-1.,0.,0.));
#605=DIRECTION('',(0.,0.,1.));
#606=FACE_BOUND('',#607,.T.);
#607=EDGE_LOOP('',(#1061,#1062,#1063,#1064));
#608=DEGENERATE_TOROIDAL_SURFACE('',#609,0.05,0.3,.T.);
#609=AXIS2_PLACEMENT_3D('',#610,#611,#612);
#610=CARTESIAN_POINT('',(-1.4,9.7,-1.4));
#611=DIRECTION('',(0.,-1.,-6.12323399573677E-17));
#612=DIRECTION('',(-6.34413156928661E-16,6.12323399573677E-17,-1.));
#613=FACE_BOUND('',#614,.T.);
#614=EDGE_LOOP('',(#1065,#1066,#1067,#1068));
#615=CYLINDRICAL_SURFACE('',#616,0.3);
#616=AXIS2_PLACEMENT_3D('',#617,#618,#619);
#617=CARTESIAN_POINT('',(-1.35,9.7,-4.60342578948758));
#618=DIRECTION('',(1.00850844565213E-16,4.03403378260853E-16,1.));
#619=DIRECTION('',(1.,1.15363034528665E-30,-1.00850844565213E-16));
#620=FACE_BOUND('',#621,.T.);
#621=EDGE_LOOP('',(#1069,#1070,#1071,#1072));
#622=CYLINDRICAL_SURFACE('',#623,0.3);
#623=AXIS2_PLACEMENT_3D('',#624,#625,#626);
#624=CARTESIAN_POINT('',(-0.49253337691437,9.7,-3.53019157521005));
#625=DIRECTION('',(-0.571040240720161,0.,0.820922069065183));
#626=DIRECTION('',(0.820922069065183,0.,0.571040240720161));
#627=FACE_BOUND('',#628,.T.);
#628=EDGE_LOOP('',(#1073,#1074,#1075,#1076));
#629=TOROIDAL_SURFACE('',#630,2.85,0.3);
#630=AXIS2_PLACEMENT_3D('',#631,#632,#633);
#631=CARTESIAN_POINT('',(0.,9.7,5.93953697586466E-16));
#632=DIRECTION('',(0.,1.,6.12323399573676E-17));
#633=DIRECTION('',(0.551763423073639,5.10678128216787E-17,-0.834000674435015));
#634=FACE_BOUND('',#635,.T.);
#635=EDGE_LOOP('',(#1077,#1078,#1079,#1080));
#636=CYLINDRICAL_SURFACE('',#637,0.3);
#637=AXIS2_PLACEMENT_3D('',#638,#639,#640);
#638=CARTESIAN_POINT('',(1.98152490958375,9.7,-1.3896313788254));
#639=DIRECTION('',(-0.571040240720158,0.,-0.820922069065185));
#640=DIRECTION('',(-0.820922069065185,5.92118946466751E-15,0.571040240720158));
#641=FACE_BOUND('',#642,.T.);
#642=EDGE_LOOP('',(#1081,#1082,#1083,#1084));
#643=CYLINDRICAL_SURFACE('',#644,0.3);
#644=AXIS2_PLACEMENT_3D('',#645,#646,#647);
#645=CARTESIAN_POINT('',(1.35,9.7,-0.199999999999998));
#646=DIRECTION('',(0.,5.54517868099076E-16,-1.));
#647=DIRECTION('',(-1.,1.64170267927907E-30,0.));
#648=FACE_BOUND('',#649,.T.);
#649=EDGE_LOOP('',(#1085,#1086,#1087,#1088));
#650=DEGENERATE_TOROIDAL_SURFACE('',#651,0.05,0.3,.T.);
#651=AXIS2_PLACEMENT_3D('',#652,#653,#654);
#652=CARTESIAN_POINT('',(1.4,9.7,-1.4));
#653=DIRECTION('',(0.,-1.,-6.12323399573677E-17));
#654=DIRECTION('',(1.,3.21377096284685E-33,-5.2484862820601E-17));
#655=FACE_BOUND('',#656,.T.);
#656=EDGE_LOOP('',(#1089,#1090,#1091,#1092));
#657=CYLINDRICAL_SURFACE('',#658,0.3);
#658=AXIS2_PLACEMENT_3D('',#659,#660,#661);
#659=CARTESIAN_POINT('',(3.40342578948758,9.7,-1.35));
#660=DIRECTION('',(-1.,5.54517868099076E-16,-1.38629467024769E-16));
#661=DIRECTION('',(-1.38629467024769E-16,8.9772385614982E-31,1.));
#662=FACE_BOUND('',#663,.T.);
#663=EDGE_LOOP('',(#1093,#1094,#1095,#1096));
#664=CYLINDRICAL_SURFACE('',#665,0.3);
#665=AXIS2_PLACEMENT_3D('',#666,#667,#668);
#666=CARTESIAN_POINT('',(3.53019157521006,9.7,-0.492533376914377));
#667=DIRECTION('',(-0.820922069065186,0.,-0.571040240720156));
#668=DIRECTION('',(-0.571040240720156,-5.92118946466751E-15,0.820922069065186));
#669=FACE_BOUND('',#670,.T.);
#670=EDGE_LOOP('',(#1097,#1098,#1099,#1100));
#671=TOROIDAL_SURFACE('',#672,2.85,0.3);
#672=AXIS2_PLACEMENT_3D('',#673,#674,#675);
#673=CARTESIAN_POINT('',(0.,9.7,5.93953697586466E-16));
#674=DIRECTION('',(0.,1.,6.12323399573677E-17));
#675=DIRECTION('',(0.834000674435015,-3.3785765497686E-17,0.551763423073639));
#676=FACE_BOUND('',#677,.T.);
#677=EDGE_LOOP('',(#1101,#1102,#1103,#1104));
#678=CYLINDRICAL_SURFACE('',#679,0.3);
#679=AXIS2_PLACEMENT_3D('',#680,#681,#682);
#680=CARTESIAN_POINT('',(1.3896313788254,9.7,1.98152490958374));
#681=DIRECTION('',(0.820922069065188,0.,-0.571040240720154));
#682=DIRECTION('',(-0.571040240720154,-5.92118946466752E-15,-0.820922069065188));
#683=FACE_BOUND('',#684,.T.);
#684=EDGE_LOOP('',(#1105,#1106,#1107,#1108));
#685=CYLINDRICAL_SURFACE('',#686,0.3);
#686=AXIS2_PLACEMENT_3D('',#687,#688,#689);
#687=CARTESIAN_POINT('',(0.2,9.7,1.35));
#688=DIRECTION('',(1.,0.,1.38629467024769E-16));
#689=DIRECTION('',(1.38629467024769E-16,0.,-1.));
#690=FACE_BOUND('',#691,.T.);
#691=EDGE_LOOP('',(#1109,#1110,#1111,#1112));
#692=DEGENERATE_TOROIDAL_SURFACE('',#693,0.0499999999999998,0.3,.T.);
#693=AXIS2_PLACEMENT_3D('',#694,#695,#696);
#694=CARTESIAN_POINT('',(1.4,9.7,1.4));
#695=DIRECTION('',(0.,-1.,-6.12323399573677E-17));
#696=DIRECTION('',(0.,-6.12323399573677E-17,1.));
#697=FACE_BOUND('',#698,.T.);
#698=EDGE_LOOP('',(#1113,#1114,#1115,#1116));
#699=CYLINDRICAL_SURFACE('',#700,0.3);
#700=AXIS2_PLACEMENT_3D('',#701,#702,#703);
#701=CARTESIAN_POINT('',(1.35,9.7,3.40342578948758));
#702=DIRECTION('',(-1.38629467024769E-16,0.,-1.));
#703=DIRECTION('',(-1.,5.9211894646675E-15,1.38629467024769E-16));
#704=FACE_BOUND('',#705,.T.);
#705=EDGE_LOOP('',(#1117,#1118,#1119,#1120));
#706=CYLINDRICAL_SURFACE('',#707,0.3);
#707=AXIS2_PLACEMENT_3D('',#708,#709,#710);
#708=CARTESIAN_POINT('',(0.492533376914376,9.7,3.53019157521006));
#709=DIRECTION('',(0.571040240720156,0.,-0.820922069065186));
#710=DIRECTION('',(-0.820922069065186,5.92118946466748E-15,-0.571040240720156));
#711=FACE_BOUND('',#712,.T.);
#712=EDGE_LOOP('',(#1121,#1122,#1123,#1124));
#713=TOROIDAL_SURFACE('',#714,2.85,0.3);
#714=AXIS2_PLACEMENT_3D('',#715,#716,#717);
#715=CARTESIAN_POINT('',(0.,9.7,5.93953697586466E-16));
#716=DIRECTION('',(0.,1.,6.12323399573677E-17));
#717=DIRECTION('',(-0.551763423073639,-5.10678128216787E-17,0.834000674435015));
#718=FACE_BOUND('',#719,.T.);
#719=EDGE_LOOP('',(#1125,#1126,#1127,#1128));
#720=CYLINDRICAL_SURFACE('',#721,0.3);
#721=AXIS2_PLACEMENT_3D('',#722,#723,#724);
#722=CARTESIAN_POINT('',(-2.28152490958374,9.7,0.958354205768426));
#723=DIRECTION('',(0.571040240720151,5.67007287990046E-16,0.820922069065189));
#724=DIRECTION('',(0.820922069065189,7.86880682821021E-31,-0.571040240720151));
#725=ORIENTED_EDGE('',*,*,#1129,.F.);
#726=ORIENTED_EDGE('',*,*,#1130,.T.);
#727=ORIENTED_EDGE('',*,*,#1131,.F.);
#728=ORIENTED_EDGE('',*,*,#1132,.F.);
#729=ORIENTED_EDGE('',*,*,#1133,.F.);
#730=ORIENTED_EDGE('',*,*,#1134,.T.);
#731=ORIENTED_EDGE('',*,*,#1135,.T.);
#732=ORIENTED_EDGE('',*,*,#1136,.F.);
#733=ORIENTED_EDGE('',*,*,#1137,.F.);
#734=ORIENTED_EDGE('',*,*,#1138,.F.);
#735=ORIENTED_EDGE('',*,*,#1139,.T.);
#736=ORIENTED_EDGE('',*,*,#1140,.F.);
#737=ORIENTED_EDGE('',*,*,#1141,.F.);
#738=ORIENTED_EDGE('',*,*,#1142,.F.);
#739=ORIENTED_EDGE('',*,*,#1143,.T.);
#740=ORIENTED_EDGE('',*,*,#1144,.F.);
#741=ORIENTED_EDGE('',*,*,#1145,.F.);
#742=ORIENTED_EDGE('',*,*,#1146,.F.);
#743=ORIENTED_EDGE('',*,*,#1147,.T.);
#744=ORIENTED_EDGE('',*,*,#1148,.T.);
#745=ORIENTED_EDGE('',*,*,#1149,.T.);
#746=ORIENTED_EDGE('',*,*,#1150,.T.);
#747=ORIENTED_EDGE('',*,*,#1151,.T.);
#748=ORIENTED_EDGE('',*,*,#1152,.T.);
#749=ORIENTED_EDGE('',*,*,#1153,.T.);
#750=ORIENTED_EDGE('',*,*,#1154,.T.);
#751=ORIENTED_EDGE('',*,*,#1155,.T.);
#752=ORIENTED_EDGE('',*,*,#1156,.T.);
#753=ORIENTED_EDGE('',*,*,#1157,.T.);
#754=ORIENTED_EDGE('',*,*,#1158,.T.);
#755=ORIENTED_EDGE('',*,*,#1159,.F.);
#756=ORIENTED_EDGE('',*,*,#1160,.F.);
#757=ORIENTED_EDGE('',*,*,#1135,.F.);
#758=ORIENTED_EDGE('',*,*,#1134,.F.);
#759=ORIENTED_EDGE('',*,*,#1161,.F.);
#760=ORIENTED_EDGE('',*,*,#1162,.F.);
#761=ORIENTED_EDGE('',*,*,#1163,.F.);
#762=ORIENTED_EDGE('',*,*,#1130,.F.);
#763=ORIENTED_EDGE('',*,*,#1164,.F.);
#764=ORIENTED_EDGE('',*,*,#1165,.F.);
#765=ORIENTED_EDGE('',*,*,#1166,.F.);
#766=ORIENTED_EDGE('',*,*,#1143,.F.);
#767=ORIENTED_EDGE('',*,*,#1167,.F.);
#768=ORIENTED_EDGE('',*,*,#1168,.F.);
#769=ORIENTED_EDGE('',*,*,#1169,.F.);
#770=ORIENTED_EDGE('',*,*,#1139,.F.);
#771=ORIENTED_EDGE('',*,*,#1170,.F.);
#772=ORIENTED_EDGE('',*,*,#1171,.T.);
#773=ORIENTED_EDGE('',*,*,#1172,.T.);
#774=ORIENTED_EDGE('',*,*,#1173,.T.);
#775=ORIENTED_EDGE('',*,*,#1174,.T.);
#776=ORIENTED_EDGE('',*,*,#1166,.T.);
#777=ORIENTED_EDGE('',*,*,#1175,.F.);
#778=ORIENTED_EDGE('',*,*,#1144,.T.);
#779=ORIENTED_EDGE('',*,*,#1164,.T.);
#780=ORIENTED_EDGE('',*,*,#1129,.T.);
#781=ORIENTED_EDGE('',*,*,#1176,.T.);
#782=ORIENTED_EDGE('',*,*,#1165,.T.);
#783=ORIENTED_EDGE('',*,*,#1176,.F.);
#784=ORIENTED_EDGE('',*,*,#1145,.T.);
#785=ORIENTED_EDGE('',*,*,#1175,.T.);
#786=ORIENTED_EDGE('',*,*,#1169,.T.);
#787=ORIENTED_EDGE('',*,*,#1177,.F.);
#788=ORIENTED_EDGE('',*,*,#1140,.T.);
#789=ORIENTED_EDGE('',*,*,#1167,.T.);
#790=ORIENTED_EDGE('',*,*,#1142,.T.);
#791=ORIENTED_EDGE('',*,*,#1178,.T.);
#792=ORIENTED_EDGE('',*,*,#1168,.T.);
#793=ORIENTED_EDGE('',*,*,#1178,.F.);
#794=ORIENTED_EDGE('',*,*,#1141,.T.);
#795=ORIENTED_EDGE('',*,*,#1177,.T.);
#796=ORIENTED_EDGE('',*,*,#1160,.T.);
#797=ORIENTED_EDGE('',*,*,#1179,.F.);
#798=ORIENTED_EDGE('',*,*,#1136,.T.);
#799=ORIENTED_EDGE('',*,*,#1170,.T.);
#800=ORIENTED_EDGE('',*,*,#1138,.T.);
#801=ORIENTED_EDGE('',*,*,#1180,.T.);
#802=ORIENTED_EDGE('',*,*,#1159,.T.);
#803=ORIENTED_EDGE('',*,*,#1180,.F.);
#804=ORIENTED_EDGE('',*,*,#1137,.T.);
#805=ORIENTED_EDGE('',*,*,#1179,.T.);
#806=ORIENTED_EDGE('',*,*,#1131,.T.);
#807=ORIENTED_EDGE('',*,*,#1163,.T.);
#808=ORIENTED_EDGE('',*,*,#1181,.F.);
#809=ORIENTED_EDGE('',*,*,#1132,.T.);
#810=ORIENTED_EDGE('',*,*,#1181,.T.);
#811=ORIENTED_EDGE('',*,*,#1162,.T.);
#812=ORIENTED_EDGE('',*,*,#1182,.F.);
#813=ORIENTED_EDGE('',*,*,#1133,.T.);
#814=ORIENTED_EDGE('',*,*,#1182,.T.);
#815=ORIENTED_EDGE('',*,*,#1161,.T.);
#816=ORIENTED_EDGE('',*,*,#1146,.T.);
#817=ORIENTED_EDGE('',*,*,#1183,.T.);
#818=ORIENTED_EDGE('',*,*,#1184,.T.);
#819=ORIENTED_EDGE('',*,*,#1185,.T.);
#820=ORIENTED_EDGE('',*,*,#1186,.T.);
#821=ORIENTED_EDGE('',*,*,#1187,.T.);
#822=ORIENTED_EDGE('',*,*,#1188,.T.);
#823=ORIENTED_EDGE('',*,*,#1189,.T.);
#824=ORIENTED_EDGE('',*,*,#1190,.T.);
#825=ORIENTED_EDGE('',*,*,#1191,.T.);
#826=ORIENTED_EDGE('',*,*,#1192,.T.);
#827=ORIENTED_EDGE('',*,*,#1193,.T.);
#828=ORIENTED_EDGE('',*,*,#1194,.T.);
#829=ORIENTED_EDGE('',*,*,#1195,.T.);
#830=ORIENTED_EDGE('',*,*,#1196,.T.);
#831=ORIENTED_EDGE('',*,*,#1197,.T.);
#832=ORIENTED_EDGE('',*,*,#1198,.T.);
#833=ORIENTED_EDGE('',*,*,#1199,.T.);
#834=ORIENTED_EDGE('',*,*,#1200,.T.);
#835=ORIENTED_EDGE('',*,*,#1201,.T.);
#836=ORIENTED_EDGE('',*,*,#1202,.T.);
#837=ORIENTED_EDGE('',*,*,#1203,.T.);
#838=ORIENTED_EDGE('',*,*,#1204,.T.);
#839=ORIENTED_EDGE('',*,*,#1205,.T.);
#840=ORIENTED_EDGE('',*,*,#1206,.T.);
#841=ORIENTED_EDGE('',*,*,#1207,.T.);
#842=ORIENTED_EDGE('',*,*,#1208,.T.);
#843=ORIENTED_EDGE('',*,*,#1147,.F.);
#844=ORIENTED_EDGE('',*,*,#1209,.F.);
#845=ORIENTED_EDGE('',*,*,#1210,.T.);
#846=ORIENTED_EDGE('',*,*,#1211,.T.);
#847=ORIENTED_EDGE('',*,*,#1148,.F.);
#848=ORIENTED_EDGE('',*,*,#1208,.F.);
#849=ORIENTED_EDGE('',*,*,#1212,.T.);
#850=ORIENTED_EDGE('',*,*,#1213,.T.);
#851=ORIENTED_EDGE('',*,*,#1149,.F.);
#852=ORIENTED_EDGE('',*,*,#1211,.F.);
#853=ORIENTED_EDGE('',*,*,#1214,.T.);
#854=ORIENTED_EDGE('',*,*,#1215,.T.);
#855=ORIENTED_EDGE('',*,*,#1150,.F.);
#856=ORIENTED_EDGE('',*,*,#1213,.F.);
#857=ORIENTED_EDGE('',*,*,#1216,.T.);
#858=ORIENTED_EDGE('',*,*,#1217,.T.);
#859=ORIENTED_EDGE('',*,*,#1151,.F.);
#860=ORIENTED_EDGE('',*,*,#1215,.F.);
#861=ORIENTED_EDGE('',*,*,#1218,.T.);
#862=ORIENTED_EDGE('',*,*,#1219,.T.);
#863=ORIENTED_EDGE('',*,*,#1152,.F.);
#864=ORIENTED_EDGE('',*,*,#1217,.F.);
#865=ORIENTED_EDGE('',*,*,#1220,.T.);
#866=ORIENTED_EDGE('',*,*,#1221,.T.);
#867=ORIENTED_EDGE('',*,*,#1153,.F.);
#868=ORIENTED_EDGE('',*,*,#1219,.F.);
#869=ORIENTED_EDGE('',*,*,#1222,.T.);
#870=ORIENTED_EDGE('',*,*,#1223,.T.);
#871=ORIENTED_EDGE('',*,*,#1154,.F.);
#872=ORIENTED_EDGE('',*,*,#1221,.F.);
#873=ORIENTED_EDGE('',*,*,#1224,.T.);
#874=ORIENTED_EDGE('',*,*,#1225,.T.);
#875=ORIENTED_EDGE('',*,*,#1155,.F.);
#876=ORIENTED_EDGE('',*,*,#1223,.F.);
#877=ORIENTED_EDGE('',*,*,#1226,.T.);
#878=ORIENTED_EDGE('',*,*,#1227,.T.);
#879=ORIENTED_EDGE('',*,*,#1156,.F.);
#880=ORIENTED_EDGE('',*,*,#1225,.F.);
#881=ORIENTED_EDGE('',*,*,#1228,.T.);
#882=ORIENTED_EDGE('',*,*,#1229,.T.);
#883=ORIENTED_EDGE('',*,*,#1157,.F.);
#884=ORIENTED_EDGE('',*,*,#1227,.F.);
#885=ORIENTED_EDGE('',*,*,#1230,.T.);
#886=ORIENTED_EDGE('',*,*,#1209,.T.);
#887=ORIENTED_EDGE('',*,*,#1158,.F.);
#888=ORIENTED_EDGE('',*,*,#1229,.F.);
#889=ORIENTED_EDGE('',*,*,#1171,.F.);
#890=ORIENTED_EDGE('',*,*,#1231,.F.);
#891=ORIENTED_EDGE('',*,*,#1172,.F.);
#892=ORIENTED_EDGE('',*,*,#1232,.F.);
#893=ORIENTED_EDGE('',*,*,#1173,.F.);
#894=ORIENTED_EDGE('',*,*,#1233,.F.);
#895=ORIENTED_EDGE('',*,*,#1174,.F.);
#896=ORIENTED_EDGE('',*,*,#1234,.F.);
#897=ORIENTED_EDGE('',*,*,#1235,.F.);
#898=ORIENTED_EDGE('',*,*,#1236,.F.);
#899=ORIENTED_EDGE('',*,*,#1237,.F.);
#900=ORIENTED_EDGE('',*,*,#1238,.T.);
#901=ORIENTED_EDGE('',*,*,#1239,.F.);
#902=ORIENTED_EDGE('',*,*,#1238,.F.);
#903=ORIENTED_EDGE('',*,*,#1240,.F.);
#904=ORIENTED_EDGE('',*,*,#1241,.T.);
#905=ORIENTED_EDGE('',*,*,#1242,.F.);
#906=ORIENTED_EDGE('',*,*,#1241,.F.);
#907=ORIENTED_EDGE('',*,*,#1243,.F.);
#908=ORIENTED_EDGE('',*,*,#1244,.T.);
#909=ORIENTED_EDGE('',*,*,#1245,.F.);
#910=ORIENTED_EDGE('',*,*,#1244,.F.);
#911=ORIENTED_EDGE('',*,*,#1246,.F.);
#912=ORIENTED_EDGE('',*,*,#1247,.T.);
#913=ORIENTED_EDGE('',*,*,#1248,.F.);
#914=ORIENTED_EDGE('',*,*,#1247,.F.);
#915=ORIENTED_EDGE('',*,*,#1249,.F.);
#916=ORIENTED_EDGE('',*,*,#1250,.T.);
#917=ORIENTED_EDGE('',*,*,#1251,.F.);
#918=ORIENTED_EDGE('',*,*,#1250,.F.);
#919=ORIENTED_EDGE('',*,*,#1252,.F.);
#920=ORIENTED_EDGE('',*,*,#1253,.T.);
#921=ORIENTED_EDGE('',*,*,#1254,.F.);
#922=ORIENTED_EDGE('',*,*,#1253,.F.);
#923=ORIENTED_EDGE('',*,*,#1255,.F.);
#924=ORIENTED_EDGE('',*,*,#1256,.T.);
#925=ORIENTED_EDGE('',*,*,#1257,.F.);
#926=ORIENTED_EDGE('',*,*,#1256,.F.);
#927=ORIENTED_EDGE('',*,*,#1258,.F.);
#928=ORIENTED_EDGE('',*,*,#1259,.T.);
#929=ORIENTED_EDGE('',*,*,#1260,.F.);
#930=ORIENTED_EDGE('',*,*,#1259,.F.);
#931=ORIENTED_EDGE('',*,*,#1261,.F.);
#932=ORIENTED_EDGE('',*,*,#1262,.T.);
#933=ORIENTED_EDGE('',*,*,#1263,.F.);
#934=ORIENTED_EDGE('',*,*,#1262,.F.);
#935=ORIENTED_EDGE('',*,*,#1264,.F.);
#936=ORIENTED_EDGE('',*,*,#1265,.T.);
#937=ORIENTED_EDGE('',*,*,#1266,.F.);
#938=ORIENTED_EDGE('',*,*,#1265,.F.);
#939=ORIENTED_EDGE('',*,*,#1267,.F.);
#940=ORIENTED_EDGE('',*,*,#1268,.T.);
#941=ORIENTED_EDGE('',*,*,#1269,.F.);
#942=ORIENTED_EDGE('',*,*,#1268,.F.);
#943=ORIENTED_EDGE('',*,*,#1270,.F.);
#944=ORIENTED_EDGE('',*,*,#1271,.T.);
#945=ORIENTED_EDGE('',*,*,#1272,.F.);
#946=ORIENTED_EDGE('',*,*,#1271,.F.);
#947=ORIENTED_EDGE('',*,*,#1273,.F.);
#948=ORIENTED_EDGE('',*,*,#1274,.T.);
#949=ORIENTED_EDGE('',*,*,#1275,.F.);
#950=ORIENTED_EDGE('',*,*,#1274,.F.);
#951=ORIENTED_EDGE('',*,*,#1276,.F.);
#952=ORIENTED_EDGE('',*,*,#1277,.T.);
#953=ORIENTED_EDGE('',*,*,#1278,.F.);
#954=ORIENTED_EDGE('',*,*,#1277,.F.);
#955=ORIENTED_EDGE('',*,*,#1279,.F.);
#956=ORIENTED_EDGE('',*,*,#1280,.T.);
#957=ORIENTED_EDGE('',*,*,#1281,.F.);
#958=ORIENTED_EDGE('',*,*,#1280,.F.);
#959=ORIENTED_EDGE('',*,*,#1282,.F.);
#960=ORIENTED_EDGE('',*,*,#1283,.T.);
#961=ORIENTED_EDGE('',*,*,#1284,.F.);
#962=ORIENTED_EDGE('',*,*,#1283,.F.);
#963=ORIENTED_EDGE('',*,*,#1285,.F.);
#964=ORIENTED_EDGE('',*,*,#1286,.T.);
#965=ORIENTED_EDGE('',*,*,#1287,.F.);
#966=ORIENTED_EDGE('',*,*,#1286,.F.);
#967=ORIENTED_EDGE('',*,*,#1288,.F.);
#968=ORIENTED_EDGE('',*,*,#1289,.T.);
#969=ORIENTED_EDGE('',*,*,#1290,.F.);
#970=ORIENTED_EDGE('',*,*,#1289,.F.);
#971=ORIENTED_EDGE('',*,*,#1291,.F.);
#972=ORIENTED_EDGE('',*,*,#1292,.T.);
#973=ORIENTED_EDGE('',*,*,#1293,.F.);
#974=ORIENTED_EDGE('',*,*,#1292,.F.);
#975=ORIENTED_EDGE('',*,*,#1294,.F.);
#976=ORIENTED_EDGE('',*,*,#1295,.T.);
#977=ORIENTED_EDGE('',*,*,#1296,.F.);
#978=ORIENTED_EDGE('',*,*,#1295,.F.);
#979=ORIENTED_EDGE('',*,*,#1297,.F.);
#980=ORIENTED_EDGE('',*,*,#1298,.T.);
#981=ORIENTED_EDGE('',*,*,#1299,.F.);
#982=ORIENTED_EDGE('',*,*,#1298,.F.);
#983=ORIENTED_EDGE('',*,*,#1300,.F.);
#984=ORIENTED_EDGE('',*,*,#1301,.T.);
#985=ORIENTED_EDGE('',*,*,#1302,.F.);
#986=ORIENTED_EDGE('',*,*,#1301,.F.);
#987=ORIENTED_EDGE('',*,*,#1303,.F.);
#988=ORIENTED_EDGE('',*,*,#1304,.T.);
#989=ORIENTED_EDGE('',*,*,#1305,.F.);
#990=ORIENTED_EDGE('',*,*,#1304,.F.);
#991=ORIENTED_EDGE('',*,*,#1306,.F.);
#992=ORIENTED_EDGE('',*,*,#1236,.T.);
#993=ORIENTED_EDGE('',*,*,#1230,.F.);
#994=ORIENTED_EDGE('',*,*,#1228,.F.);
#995=ORIENTED_EDGE('',*,*,#1226,.F.);
#996=ORIENTED_EDGE('',*,*,#1224,.F.);
#997=ORIENTED_EDGE('',*,*,#1222,.F.);
#998=ORIENTED_EDGE('',*,*,#1220,.F.);
#999=ORIENTED_EDGE('',*,*,#1218,.F.);
#1000=ORIENTED_EDGE('',*,*,#1216,.F.);
#1001=ORIENTED_EDGE('',*,*,#1214,.F.);
#1002=ORIENTED_EDGE('',*,*,#1212,.F.);
#1003=ORIENTED_EDGE('',*,*,#1210,.F.);
#1004=ORIENTED_EDGE('',*,*,#1207,.F.);
#1005=ORIENTED_EDGE('',*,*,#1243,.T.);
#1006=ORIENTED_EDGE('',*,*,#1240,.T.);
#1007=ORIENTED_EDGE('',*,*,#1237,.T.);
#1008=ORIENTED_EDGE('',*,*,#1306,.T.);
#1009=ORIENTED_EDGE('',*,*,#1303,.T.);
#1010=ORIENTED_EDGE('',*,*,#1300,.T.);
#1011=ORIENTED_EDGE('',*,*,#1297,.T.);
#1012=ORIENTED_EDGE('',*,*,#1294,.T.);
#1013=ORIENTED_EDGE('',*,*,#1291,.T.);
#1014=ORIENTED_EDGE('',*,*,#1288,.T.);
#1015=ORIENTED_EDGE('',*,*,#1285,.T.);
#1016=ORIENTED_EDGE('',*,*,#1282,.T.);
#1017=ORIENTED_EDGE('',*,*,#1279,.T.);
#1018=ORIENTED_EDGE('',*,*,#1276,.T.);
#1019=ORIENTED_EDGE('',*,*,#1273,.T.);
#1020=ORIENTED_EDGE('',*,*,#1270,.T.);
#1021=ORIENTED_EDGE('',*,*,#1267,.T.);
#1022=ORIENTED_EDGE('',*,*,#1264,.T.);
#1023=ORIENTED_EDGE('',*,*,#1261,.T.);
#1024=ORIENTED_EDGE('',*,*,#1258,.T.);
#1025=ORIENTED_EDGE('',*,*,#1255,.T.);
#1026=ORIENTED_EDGE('',*,*,#1252,.T.);
#1027=ORIENTED_EDGE('',*,*,#1249,.T.);
#1028=ORIENTED_EDGE('',*,*,#1246,.T.);
#1029=ORIENTED_EDGE('',*,*,#1231,.T.);
#1030=ORIENTED_EDGE('',*,*,#1232,.T.);
#1031=ORIENTED_EDGE('',*,*,#1233,.T.);
#1032=ORIENTED_EDGE('',*,*,#1234,.T.);
#1033=ORIENTED_EDGE('',*,*,#1307,.F.);
#1034=ORIENTED_EDGE('',*,*,#1299,.T.);
#1035=ORIENTED_EDGE('',*,*,#1308,.T.);
#1036=ORIENTED_EDGE('',*,*,#1198,.F.);
#1037=ORIENTED_EDGE('',*,*,#1199,.F.);
#1038=ORIENTED_EDGE('',*,*,#1308,.F.);
#1039=ORIENTED_EDGE('',*,*,#1302,.T.);
#1040=ORIENTED_EDGE('',*,*,#1309,.T.);
#1041=ORIENTED_EDGE('',*,*,#1200,.F.);
#1042=ORIENTED_EDGE('',*,*,#1309,.F.);
#1043=ORIENTED_EDGE('',*,*,#1305,.T.);
#1044=ORIENTED_EDGE('',*,*,#1310,.T.);
#1045=ORIENTED_EDGE('',*,*,#1201,.F.);
#1046=ORIENTED_EDGE('',*,*,#1310,.F.);
#1047=ORIENTED_EDGE('',*,*,#1235,.T.);
#1048=ORIENTED_EDGE('',*,*,#1311,.T.);
#1049=ORIENTED_EDGE('',*,*,#1202,.F.);
#1050=ORIENTED_EDGE('',*,*,#1311,.F.);
#1051=ORIENTED_EDGE('',*,*,#1239,.T.);
#1052=ORIENTED_EDGE('',*,*,#1312,.T.);
#1053=ORIENTED_EDGE('',*,*,#1203,.F.);
#1054=ORIENTED_EDGE('',*,*,#1312,.F.);
#1055=ORIENTED_EDGE('',*,*,#1242,.T.);
#1056=ORIENTED_EDGE('',*,*,#1313,.T.);
#1057=ORIENTED_EDGE('',*,*,#1204,.F.);
#1058=ORIENTED_EDGE('',*,*,#1313,.F.);
#1059=ORIENTED_EDGE('',*,*,#1245,.T.);
#1060=ORIENTED_EDGE('',*,*,#1314,.T.);
#1061=ORIENTED_EDGE('',*,*,#1205,.F.);
#1062=ORIENTED_EDGE('',*,*,#1314,.F.);
#1063=ORIENTED_EDGE('',*,*,#1248,.T.);
#1064=ORIENTED_EDGE('',*,*,#1315,.T.);
#1065=ORIENTED_EDGE('',*,*,#1316,.F.);
#1066=ORIENTED_EDGE('',*,*,#1206,.F.);
#1067=ORIENTED_EDGE('',*,*,#1315,.F.);
#1068=ORIENTED_EDGE('',*,*,#1251,.T.);
#1069=ORIENTED_EDGE('',*,*,#1183,.F.);
#1070=ORIENTED_EDGE('',*,*,#1316,.T.);
#1071=ORIENTED_EDGE('',*,*,#1254,.T.);
#1072=ORIENTED_EDGE('',*,*,#1317,.T.);
#1073=ORIENTED_EDGE('',*,*,#1184,.F.);
#1074=ORIENTED_EDGE('',*,*,#1317,.F.);
#1075=ORIENTED_EDGE('',*,*,#1257,.T.);
#1076=ORIENTED_EDGE('',*,*,#1318,.T.);
#1077=ORIENTED_EDGE('',*,*,#1185,.F.);
#1078=ORIENTED_EDGE('',*,*,#1318,.F.);
#1079=ORIENTED_EDGE('',*,*,#1260,.T.);
#1080=ORIENTED_EDGE('',*,*,#1319,.T.);
#1081=ORIENTED_EDGE('',*,*,#1186,.F.);
#1082=ORIENTED_EDGE('',*,*,#1319,.F.);
#1083=ORIENTED_EDGE('',*,*,#1263,.T.);
#1084=ORIENTED_EDGE('',*,*,#1320,.T.);
#1085=ORIENTED_EDGE('',*,*,#1187,.F.);
#1086=ORIENTED_EDGE('',*,*,#1320,.F.);
#1087=ORIENTED_EDGE('',*,*,#1266,.T.);
#1088=ORIENTED_EDGE('',*,*,#1321,.T.);
#1089=ORIENTED_EDGE('',*,*,#1188,.F.);
#1090=ORIENTED_EDGE('',*,*,#1321,.F.);
#1091=ORIENTED_EDGE('',*,*,#1269,.T.);
#1092=ORIENTED_EDGE('',*,*,#1322,.T.);
#1093=ORIENTED_EDGE('',*,*,#1189,.F.);
#1094=ORIENTED_EDGE('',*,*,#1322,.F.);
#1095=ORIENTED_EDGE('',*,*,#1272,.T.);
#1096=ORIENTED_EDGE('',*,*,#1323,.T.);
#1097=ORIENTED_EDGE('',*,*,#1190,.F.);
#1098=ORIENTED_EDGE('',*,*,#1323,.F.);
#1099=ORIENTED_EDGE('',*,*,#1275,.T.);
#1100=ORIENTED_EDGE('',*,*,#1324,.T.);
#1101=ORIENTED_EDGE('',*,*,#1191,.F.);
#1102=ORIENTED_EDGE('',*,*,#1324,.F.);
#1103=ORIENTED_EDGE('',*,*,#1278,.T.);
#1104=ORIENTED_EDGE('',*,*,#1325,.T.);
#1105=ORIENTED_EDGE('',*,*,#1192,.F.);
#1106=ORIENTED_EDGE('',*,*,#1325,.F.);
#1107=ORIENTED_EDGE('',*,*,#1281,.T.);
#1108=ORIENTED_EDGE('',*,*,#1326,.T.);
#1109=ORIENTED_EDGE('',*,*,#1193,.F.);
#1110=ORIENTED_EDGE('',*,*,#1326,.F.);
#1111=ORIENTED_EDGE('',*,*,#1284,.T.);
#1112=ORIENTED_EDGE('',*,*,#1327,.T.);
#1113=ORIENTED_EDGE('',*,*,#1194,.F.);
#1114=ORIENTED_EDGE('',*,*,#1327,.F.);
#1115=ORIENTED_EDGE('',*,*,#1287,.T.);
#1116=ORIENTED_EDGE('',*,*,#1328,.T.);
#1117=ORIENTED_EDGE('',*,*,#1195,.F.);
#1118=ORIENTED_EDGE('',*,*,#1328,.F.);
#1119=ORIENTED_EDGE('',*,*,#1290,.T.);
#1120=ORIENTED_EDGE('',*,*,#1329,.T.);
#1121=ORIENTED_EDGE('',*,*,#1196,.F.);
#1122=ORIENTED_EDGE('',*,*,#1329,.F.);
#1123=ORIENTED_EDGE('',*,*,#1293,.T.);
#1124=ORIENTED_EDGE('',*,*,#1330,.T.);
#1125=ORIENTED_EDGE('',*,*,#1197,.F.);
#1126=ORIENTED_EDGE('',*,*,#1330,.F.);
#1127=ORIENTED_EDGE('',*,*,#1296,.T.);
#1128=ORIENTED_EDGE('',*,*,#1307,.T.);
#1129=EDGE_CURVE('',#1331,#1332,#1333,.T.);
#1130=EDGE_CURVE('',#1331,#1334,#1335,.T.);
#1131=EDGE_CURVE('',#1336,#1334,#1337,.F.);
#1132=EDGE_CURVE('',#1338,#1336,#1339,.F.);
#1133=EDGE_CURVE('',#1340,#1338,#1341,.T.);
#1134=EDGE_CURVE('',#1340,#1342,#1343,.T.);
#1135=EDGE_CURVE('',#1342,#1344,#1345,.T.);
#1136=EDGE_CURVE('',#1346,#1344,#1347,.F.);
#1137=EDGE_CURVE('',#1348,#1346,#1349,.F.);
#1138=EDGE_CURVE('',#1350,#1348,#1351,.T.);
#1139=EDGE_CURVE('',#1350,#1352,#1353,.T.);
#1140=EDGE_CURVE('',#1354,#1352,#1355,.F.);
#1141=EDGE_CURVE('',#1356,#1354,#1357,.F.);
#1142=EDGE_CURVE('',#1358,#1356,#1359,.T.);
#1143=EDGE_CURVE('',#1358,#1360,#1361,.T.);
#1144=EDGE_CURVE('',#1362,#1360,#1363,.F.);
#1145=EDGE_CURVE('',#1332,#1362,#1364,.F.);
#1146=EDGE_CURVE('',#1365,#1365,#1366,.T.);
#1147=EDGE_CURVE('',#1367,#1368,#1369,.T.);
#1148=EDGE_CURVE('',#1368,#1370,#1371,.T.);
#1149=EDGE_CURVE('',#1370,#1372,#1373,.T.);
#1150=EDGE_CURVE('',#1372,#1374,#1375,.T.);
#1151=EDGE_CURVE('',#1374,#1376,#1377,.T.);
#1152=EDGE_CURVE('',#1376,#1378,#1379,.T.);
#1153=EDGE_CURVE('',#1378,#1380,#1381,.T.);
#1154=EDGE_CURVE('',#1380,#1382,#1383,.T.);
#1155=EDGE_CURVE('',#1382,#1384,#1385,.T.);
#1156=EDGE_CURVE('',#1384,#1386,#1387,.T.);
#1157=EDGE_CURVE('',#1386,#1388,#1389,.T.);
#1158=EDGE_CURVE('',#1388,#1367,#1390,.T.);
#1159=EDGE_CURVE('',#1391,#1392,#1393,.T.);
#1160=EDGE_CURVE('',#1344,#1391,#1394,.F.);
#1161=EDGE_CURVE('',#1395,#1340,#1396,.T.);
#1162=EDGE_CURVE('',#1397,#1395,#1398,.T.);
#1163=EDGE_CURVE('',#1334,#1397,#1399,.F.);
#1164=EDGE_CURVE('',#1400,#1331,#1401,.T.);
#1165=EDGE_CURVE('',#1402,#1400,#1403,.T.);
#1166=EDGE_CURVE('',#1360,#1402,#1404,.F.);
#1167=EDGE_CURVE('',#1405,#1358,#1406,.T.);
#1168=EDGE_CURVE('',#1407,#1405,#1408,.T.);
#1169=EDGE_CURVE('',#1352,#1407,#1409,.F.);
#1170=EDGE_CURVE('',#1392,#1350,#1410,.T.);
#1171=EDGE_CURVE('',#1411,#1411,#1412,.F.);
#1172=EDGE_CURVE('',#1413,#1413,#1414,.F.);
#1173=EDGE_CURVE('',#1415,#1415,#1416,.F.);
#1174=EDGE_CURVE('',#1417,#1417,#1418,.F.);
#1175=EDGE_CURVE('',#1362,#1402,#1419,.T.);
#1176=EDGE_CURVE('',#1332,#1400,#1420,.T.);
#1177=EDGE_CURVE('',#1354,#1407,#1421,.T.);
#1178=EDGE_CURVE('',#1356,#1405,#1422,.T.);
#1179=EDGE_CURVE('',#1346,#1391,#1423,.T.);
#1180=EDGE_CURVE('',#1348,#1392,#1424,.T.);
#1181=EDGE_CURVE('',#1336,#1397,#1425,.T.);
#1182=EDGE_CURVE('',#1338,#1395,#1426,.T.);
#1183=EDGE_CURVE('',#1427,#1428,#1429,.F.);
#1184=EDGE_CURVE('',#1428,#1430,#1431,.F.);
#1185=EDGE_CURVE('',#1430,#1432,#1433,.F.);
#1186=EDGE_CURVE('',#1432,#1434,#1435,.F.);
#1187=EDGE_CURVE('',#1434,#1436,#1437,.F.);
#1188=EDGE_CURVE('',#1436,#1438,#1439,.F.);
#1189=EDGE_CURVE('',#1438,#1440,#1441,.F.);
#1190=EDGE_CURVE('',#1440,#1442,#1443,.F.);
#1191=EDGE_CURVE('',#1442,#1444,#1445,.F.);
#1192=EDGE_CURVE('',#1444,#1446,#1447,.F.);
#1193=EDGE_CURVE('',#1446,#1448,#1449,.F.);
#1194=EDGE_CURVE('',#1448,#1450,#1451,.F.);
#1195=EDGE_CURVE('',#1450,#1452,#1453,.F.);
#1196=EDGE_CURVE('',#1452,#1454,#1455,.F.);
#1197=EDGE_CURVE('',#1454,#1456,#1457,.F.);
#1198=EDGE_CURVE('',#1456,#1458,#1459,.F.);
#1199=EDGE_CURVE('',#1458,#1460,#1461,.F.);
#1200=EDGE_CURVE('',#1460,#1462,#1463,.F.);
#1201=EDGE_CURVE('',#1462,#1464,#1465,.F.);
#1202=EDGE_CURVE('',#1464,#1466,#1467,.F.);
#1203=EDGE_CURVE('',#1466,#1468,#1469,.F.);
#1204=EDGE_CURVE('',#1468,#1470,#1471,.F.);
#1205=EDGE_CURVE('',#1470,#1472,#1473,.F.);
#1206=EDGE_CURVE('',#1472,#1427,#1474,.F.);
#1207=EDGE_CURVE('',#1475,#1476,#1477,.T.);
#1208=EDGE_CURVE('',#1476,#1368,#1478,.T.);
#1209=EDGE_CURVE('',#1475,#1367,#1479,.T.);
#1210=EDGE_CURVE('',#1476,#1480,#1481,.T.);
#1211=EDGE_CURVE('',#1480,#1370,#1482,.T.);
#1212=EDGE_CURVE('',#1480,#1483,#1484,.T.);
#1213=EDGE_CURVE('',#1483,#1372,#1485,.T.);
#1214=EDGE_CURVE('',#1483,#1486,#1487,.T.);
#1215=EDGE_CURVE('',#1486,#1374,#1488,.T.);
#1216=EDGE_CURVE('',#1486,#1489,#1490,.T.);
#1217=EDGE_CURVE('',#1489,#1376,#1491,.T.);
#1218=EDGE_CURVE('',#1489,#1492,#1493,.T.);
#1219=EDGE_CURVE('',#1492,#1378,#1494,.T.);
#1220=EDGE_CURVE('',#1492,#1495,#1496,.T.);
#1221=EDGE_CURVE('',#1495,#1380,#1497,.T.);
#1222=EDGE_CURVE('',#1495,#1498,#1499,.T.);
#1223=EDGE_CURVE('',#1498,#1382,#1500,.T.);
#1224=EDGE_CURVE('',#1498,#1501,#1502,.T.);
#1225=EDGE_CURVE('',#1501,#1384,#1503,.T.);
#1226=EDGE_CURVE('',#1501,#1504,#1505,.T.);
#1227=EDGE_CURVE('',#1504,#1386,#1506,.T.);
#1228=EDGE_CURVE('',#1504,#1507,#1508,.T.);
#1229=EDGE_CURVE('',#1507,#1388,#1509,.T.);
#1230=EDGE_CURVE('',#1507,#1475,#1510,.T.);
#1231=EDGE_CURVE('',#1511,#1511,#1512,.T.);
#1232=EDGE_CURVE('',#1513,#1513,#1514,.T.);
#1233=EDGE_CURVE('',#1515,#1515,#1516,.T.);
#1234=EDGE_CURVE('',#1517,#1517,#1518,.T.);
#1235=EDGE_CURVE('',#1519,#1520,#1521,.F.);
#1236=EDGE_CURVE('',#1522,#1519,#1523,.T.);
#1237=EDGE_CURVE('',#1524,#1522,#1525,.T.);
#1238=EDGE_CURVE('',#1524,#1520,#1526,.T.);
#1239=EDGE_CURVE('',#1520,#1527,#1528,.F.);
#1240=EDGE_CURVE('',#1529,#1524,#1530,.T.);
#1241=EDGE_CURVE('',#1529,#1527,#1531,.T.);
#1242=EDGE_CURVE('',#1527,#1532,#1533,.F.);
#1243=EDGE_CURVE('',#1534,#1529,#1535,.T.);
#1244=EDGE_CURVE('',#1534,#1532,#1536,.T.);
#1245=EDGE_CURVE('',#1532,#1537,#1538,.F.);
#1246=EDGE_CURVE('',#1539,#1534,#1540,.T.);
#1247=EDGE_CURVE('',#1539,#1537,#1541,.T.);
#1248=EDGE_CURVE('',#1537,#1542,#1543,.F.);
#1249=EDGE_CURVE('',#1544,#1539,#1545,.T.);
#1250=EDGE_CURVE('',#1544,#1542,#1546,.T.);
#1251=EDGE_CURVE('',#1542,#1547,#1548,.F.);
#1252=EDGE_CURVE('',#1549,#1544,#1550,.T.);
#1253=EDGE_CURVE('',#1549,#1547,#1551,.T.);
#1254=EDGE_CURVE('',#1547,#1552,#1553,.F.);
#1255=EDGE_CURVE('',#1554,#1549,#1555,.T.);
#1256=EDGE_CURVE('',#1554,#1552,#1556,.T.);
#1257=EDGE_CURVE('',#1552,#1557,#1558,.F.);
#1258=EDGE_CURVE('',#1559,#1554,#1560,.T.);
#1259=EDGE_CURVE('',#1559,#1557,#1561,.T.);
#1260=EDGE_CURVE('',#1557,#1562,#1563,.F.);
#1261=EDGE_CURVE('',#1564,#1559,#1565,.T.);
#1262=EDGE_CURVE('',#1564,#1562,#1566,.T.);
#1263=EDGE_CURVE('',#1562,#1567,#1568,.F.);
#1264=EDGE_CURVE('',#1569,#1564,#1570,.T.);
#1265=EDGE_CURVE('',#1569,#1567,#1571,.T.);
#1266=EDGE_CURVE('',#1567,#1572,#1573,.F.);
#1267=EDGE_CURVE('',#1574,#1569,#1575,.T.);
#1268=EDGE_CURVE('',#1574,#1572,#1576,.T.);
#1269=EDGE_CURVE('',#1572,#1577,#1578,.F.);
#1270=EDGE_CURVE('',#1579,#1574,#1580,.T.);
#1271=EDGE_CURVE('',#1579,#1577,#1581,.T.);
#1272=EDGE_CURVE('',#1577,#1582,#1583,.F.);
#1273=EDGE_CURVE('',#1584,#1579,#1585,.T.);
#1274=EDGE_CURVE('',#1584,#1582,#1586,.T.);
#1275=EDGE_CURVE('',#1582,#1587,#1588,.F.);
#1276=EDGE_CURVE('',#1589,#1584,#1590,.T.);
#1277=EDGE_CURVE('',#1589,#1587,#1591,.T.);
#1278=EDGE_CURVE('',#1587,#1592,#1593,.F.);
#1279=EDGE_CURVE('',#1594,#1589,#1595,.T.);
#1280=EDGE_CURVE('',#1594,#1592,#1596,.T.);
#1281=EDGE_CURVE('',#1592,#1597,#1598,.F.);
#1282=EDGE_CURVE('',#1599,#1594,#1600,.T.);
#1283=EDGE_CURVE('',#1599,#1597,#1601,.T.);
#1284=EDGE_CURVE('',#1597,#1602,#1603,.F.);
#1285=EDGE_CURVE('',#1604,#1599,#1605,.T.);
#1286=EDGE_CURVE('',#1604,#1602,#1606,.T.);
#1287=EDGE_CURVE('',#1602,#1607,#1608,.F.);
#1288=EDGE_CURVE('',#1609,#1604,#1610,.T.);
#1289=EDGE_CURVE('',#1609,#1607,#1611,.T.);
#1290=EDGE_CURVE('',#1607,#1612,#1613,.F.);
#1291=EDGE_CURVE('',#1614,#1609,#1615,.T.);
#1292=EDGE_CURVE('',#1614,#1612,#1616,.T.);
#1293=EDGE_CURVE('',#1612,#1617,#1618,.F.);
#1294=EDGE_CURVE('',#1619,#1614,#1620,.T.);
#1295=EDGE_CURVE('',#1619,#1617,#1621,.T.);
#1296=EDGE_CURVE('',#1617,#1622,#1623,.F.);
#1297=EDGE_CURVE('',#1624,#1619,#1625,.T.);
#1298=EDGE_CURVE('',#1624,#1622,#1626,.T.);
#1299=EDGE_CURVE('',#1622,#1627,#1628,.F.);
#1300=EDGE_CURVE('',#1629,#1624,#1630,.T.);
#1301=EDGE_CURVE('',#1629,#1627,#1631,.T.);
#1302=EDGE_CURVE('',#1627,#1632,#1633,.F.);
#1303=EDGE_CURVE('',#1634,#1629,#1635,.T.);
#1304=EDGE_CURVE('',#1634,#1632,#1636,.T.);
#1305=EDGE_CURVE('',#1632,#1519,#1637,.F.);
#1306=EDGE_CURVE('',#1522,#1634,#1638,.T.);
#1307=EDGE_CURVE('',#1622,#1456,#1639,.T.);
#1308=EDGE_CURVE('',#1627,#1458,#1640,.F.);
#1309=EDGE_CURVE('',#1632,#1460,#1641,.F.);
#1310=EDGE_CURVE('',#1519,#1462,#1642,.F.);
#1311=EDGE_CURVE('',#1520,#1464,#1643,.F.);
#1312=EDGE_CURVE('',#1527,#1466,#1644,.F.);
#1313=EDGE_CURVE('',#1532,#1468,#1645,.F.);
#1314=EDGE_CURVE('',#1537,#1470,#1646,.F.);
#1315=EDGE_CURVE('',#1542,#1472,#1647,.F.);
#1316=EDGE_CURVE('',#1427,#1547,#1648,.F.);
#1317=EDGE_CURVE('',#1552,#1428,#1649,.F.);
#1318=EDGE_CURVE('',#1557,#1430,#1650,.F.);
#1319=EDGE_CURVE('',#1562,#1432,#1651,.F.);
#1320=EDGE_CURVE('',#1567,#1434,#1652,.F.);
#1321=EDGE_CURVE('',#1572,#1436,#1653,.F.);
#1322=EDGE_CURVE('',#1577,#1438,#1654,.F.);
#1323=EDGE_CURVE('',#1582,#1440,#1655,.F.);
#1324=EDGE_CURVE('',#1587,#1442,#1656,.F.);
#1325=EDGE_CURVE('',#1592,#1444,#1657,.F.);
#1326=EDGE_CURVE('',#1597,#1446,#1658,.F.);
#1327=EDGE_CURVE('',#1602,#1448,#1659,.F.);
#1328=EDGE_CURVE('',#1607,#1450,#1660,.F.);
#1329=EDGE_CURVE('',#1612,#1452,#1661,.F.);
#1330=EDGE_CURVE('',#1617,#1454,#1662,.F.);
#1331=VERTEX_POINT('',#1663);
#1332=VERTEX_POINT('',#1664);
#1333=LINE('',#1665,#1666);
#1334=VERTEX_POINT('',#1668);
#1335=CIRCLE('',#1669,4.);
#1336=VERTEX_POINT('',#1673);
#1337=LINE('',#1674,#1675);
#1338=VERTEX_POINT('',#1677);
#1339=(BOUNDED_CURVE()B_SPLINE_CURVE(3,
(#1678,#1679,#1680,#1681),
.UNSPECIFIED.,.F.,.F.)B_SPLINE_CURVE_WITH_KNOTS((4,4),
(0.,1.),
.UNSPECIFIED.)CURVE()GEOMETRIC_REPRESENTATION_ITEM()RATIONAL_B_SPLINE_CURVE((1.,
0.978830557701236,0.978830557701236,1.))REPRESENTATION_ITEM(''));
#1340=VERTEX_POINT('',#1682);
#1341=LINE('',#1683,#1684);
#1342=VERTEX_POINT('',#1686);
#1343=CIRCLE('',#1687,4.);
#1344=VERTEX_POINT('',#1691);
#1345=CIRCLE('',#1692,4.);
#1346=VERTEX_POINT('',#1696);
#1347=LINE('',#1697,#1698);
#1348=VERTEX_POINT('',#1700);
#1349=(BOUNDED_CURVE()B_SPLINE_CURVE(3,
(#1701,#1702,#1703,#1704),
.UNSPECIFIED.,.F.,.F.)B_SPLINE_CURVE_WITH_KNOTS((4,4),
(0.,1.),
.UNSPECIFIED.)CURVE()GEOMETRIC_REPRESENTATION_ITEM()RATIONAL_B_SPLINE_CURVE((1.,
0.978830557701236,0.978830557701236,1.))REPRESENTATION_ITEM(''));
#1350=VERTEX_POINT('',#1705);
#1351=LINE('',#1706,#1707);
#1352=VERTEX_POINT('',#1709);
#1353=CIRCLE('',#1710,4.);
#1354=VERTEX_POINT('',#1714);
#1355=LINE('',#1715,#1716);
#1356=VERTEX_POINT('',#1718);
#1357=(BOUNDED_CURVE()B_SPLINE_CURVE(3,
(#1719,#1720,#1721,#1722),
.UNSPECIFIED.,.F.,.F.)B_SPLINE_CURVE_WITH_KNOTS((4,4),
(0.,1.),
.UNSPECIFIED.)CURVE()GEOMETRIC_REPRESENTATION_ITEM()RATIONAL_B_SPLINE_CURVE((1.,
0.978830557701236,0.978830557701236,1.))REPRESENTATION_ITEM(''));
#1358=VERTEX_POINT('',#1723);
#1359=LINE('',#1724,#1725);
#1360=VERTEX_POINT('',#1727);
#1361=CIRCLE('',#1728,4.);
#1362=VERTEX_POINT('',#1732);
#1363=LINE('',#1733,#1734);
#1364=(BOUNDED_CURVE()B_SPLINE_CURVE(3,
(#1736,#1737,#1738,#1739),
.UNSPECIFIED.,.F.,.F.)B_SPLINE_CURVE_WITH_KNOTS((4,4),
(0.,1.),
.UNSPECIFIED.)CURVE()GEOMETRIC_REPRESENTATION_ITEM()RATIONAL_B_SPLINE_CURVE((1.,
0.978830557701236,0.978830557701236,1.))REPRESENTATION_ITEM(''));
#1365=VERTEX_POINT('',#1740);
#1366=CIRCLE('',#1741,4.);
#1367=VERTEX_POINT('',#1745);
#1368=VERTEX_POINT('',#1746);
#1369=CIRCLE('',#1747,2.90000000000001);
#1370=VERTEX_POINT('',#1751);
#1371=CIRCLE('',#1752,10.);
#1372=VERTEX_POINT('',#1756);
#1373=CIRCLE('',#1757,2.90000000000001);
#1374=VERTEX_POINT('',#1761);
#1375=CIRCLE('',#1762,10.);
#1376=VERTEX_POINT('',#1766);
#1377=CIRCLE('',#1767,2.90000000000001);
#1378=VERTEX_POINT('',#1771);
#1379=CIRCLE('',#1772,10.);
#1380=VERTEX_POINT('',#1776);
#1381=CIRCLE('',#1777,2.90000000000001);
#1382=VERTEX_POINT('',#1781);
#1383=CIRCLE('',#1782,10.);
#1384=VERTEX_POINT('',#1786);
#1385=CIRCLE('',#1787,2.90000000000001);
#1386=VERTEX_POINT('',#1791);
#1387=CIRCLE('',#1792,10.);
#1388=VERTEX_POINT('',#1796);
#1389=CIRCLE('',#1797,2.90000000000001);
#1390=CIRCLE('',#1801,10.);
#1391=VERTEX_POINT('',#1805);
#1392=VERTEX_POINT('',#1806);
#1393=LINE('',#1807,#1808);
#1394=LINE('',#1810,#1811);
#1395=VERTEX_POINT('',#1813);
#1396=LINE('',#1814,#1815);
#1397=VERTEX_POINT('',#1817);
#1398=LINE('',#1818,#1819);
#1399=LINE('',#1821,#1822);
#1400=VERTEX_POINT('',#1824);
#1401=LINE('',#1825,#1826);
#1402=VERTEX_POINT('',#1828);
#1403=LINE('',#1829,#1830);
#1404=LINE('',#1832,#1833);
#1405=VERTEX_POINT('',#1835);
#1406=LINE('',#1836,#1837);
#1407=VERTEX_POINT('',#1839);
#1408=LINE('',#1840,#1841);
#1409=LINE('',#1843,#1844);
#1410=LINE('',#1846,#1847);
#1411=VERTEX_POINT('',#1849);
#1412=CIRCLE('',#1850,1.5);
#1413=VERTEX_POINT('',#1854);
#1414=CIRCLE('',#1855,1.5);
#1415=VERTEX_POINT('',#1859);
#1416=CIRCLE('',#1860,1.4);
#1417=VERTEX_POINT('',#1864);
#1418=CIRCLE('',#1865,1.4);
#1419=LINE('',#1869,#1870);
#1420=LINE('',#1872,#1873);
#1421=LINE('',#1875,#1876);
#1422=LINE('',#1878,#1879);
#1423=LINE('',#1881,#1882);
#1424=LINE('',#1884,#1885);
#1425=LINE('',#1887,#1888);
#1426=LINE('',#1890,#1891);
#1427=VERTEX_POINT('',#1893);
#1428=VERTEX_POINT('',#1894);
#1429=LINE('',#1895,#1896);
#1430=VERTEX_POINT('',#1898);
#1431=CIRCLE('',#1899,2.85);
#1432=VERTEX_POINT('',#1903);
#1433=LINE('',#1904,#1905);
#1434=VERTEX_POINT('',#1907);
#1435=LINE('',#1908,#1909);
#1436=VERTEX_POINT('',#1911);
#1437=CIRCLE('',#1912,0.0499999999999998);
#1438=VERTEX_POINT('',#1916);
#1439=LINE('',#1917,#1918);
#1440=VERTEX_POINT('',#1920);
#1441=LINE('',#1921,#1922);
#1442=VERTEX_POINT('',#1924);
#1443=CIRCLE('',#1925,2.85);
#1444=VERTEX_POINT('',#1929);
#1445=LINE('',#1930,#1931);
#1446=VERTEX_POINT('',#1933);
#1447=LINE('',#1934,#1935);
#1448=VERTEX_POINT('',#1937);
#1449=CIRCLE('',#1938,0.0499999999999998);
#1450=VERTEX_POINT('',#1942);
#1451=LINE('',#1943,#1944);
#1452=VERTEX_POINT('',#1946);
#1453=LINE('',#1947,#1948);
#1454=VERTEX_POINT('',#1950);
#1455=CIRCLE('',#1951,2.85);
#1456=VERTEX_POINT('',#1955);
#1457=LINE('',#1956,#1957);
#1458=VERTEX_POINT('',#1959);
#1459=LINE('',#1960,#1961);
#1460=VERTEX_POINT('',#1963);
#1461=CIRCLE('',#1964,0.05);
#1462=VERTEX_POINT('',#1968);
#1463=LINE('',#1969,#1970);
#1464=VERTEX_POINT('',#1972);
#1465=LINE('',#1973,#1974);
#1466=VERTEX_POINT('',#1976);
#1467=CIRCLE('',#1977,2.85);
#1468=VERTEX_POINT('',#1981);
#1469=LINE('',#1982,#1983);
#1470=VERTEX_POINT('',#1985);
#1471=LINE('',#1986,#1987);
#1472=VERTEX_POINT('',#1989);
#1473=CIRCLE('',#1990,0.0499999999999998);
#1474=LINE('',#1994,#1995);
#1475=VERTEX_POINT('',#1997);
#1476=VERTEX_POINT('',#1998);
#1477=CIRCLE('',#1999,2.90000000000001);
#1478=LINE('',#2003,#2004);
#1479=LINE('',#2006,#2007);
#1480=VERTEX_POINT('',#2009);
#1481=CIRCLE('',#2010,10.);
#1482=LINE('',#2014,#2015);
#1483=VERTEX_POINT('',#2017);
#1484=CIRCLE('',#2018,2.90000000000001);
#1485=LINE('',#2022,#2023);
#1486=VERTEX_POINT('',#2025);
#1487=CIRCLE('',#2026,10.);
#1488=LINE('',#2030,#2031);
#1489=VERTEX_POINT('',#2033);
#1490=CIRCLE('',#2034,2.90000000000001);
#1491=LINE('',#2038,#2039);
#1492=VERTEX_POINT('',#2041);
#1493=CIRCLE('',#2042,10.);
#1494=LINE('',#2046,#2047);
#1495=VERTEX_POINT('',#2049);
#1496=CIRCLE('',#2050,2.90000000000001);
#1497=LINE('',#2054,#2055);
#1498=VERTEX_POINT('',#2057);
#1499=CIRCLE('',#2058,10.);
#1500=LINE('',#2062,#2063);
#1501=VERTEX_POINT('',#2065);
#1502=CIRCLE('',#2066,2.90000000000001);
#1503=LINE('',#2070,#2071);
#1504=VERTEX_POINT('',#2073);
#1505=CIRCLE('',#2074,10.);
#1506=LINE('',#2078,#2079);
#1507=VERTEX_POINT('',#2081);
#1508=CIRCLE('',#2082,2.90000000000001);
#1509=LINE('',#2086,#2087);
#1510=CIRCLE('',#2089,10.);
#1511=VERTEX_POINT('',#2093);
#1512=CIRCLE('',#2094,1.5);
#1513=VERTEX_POINT('',#2098);
#1514=CIRCLE('',#2099,1.5);
#1515=VERTEX_POINT('',#2103);
#1516=CIRCLE('',#2104,1.4);
#1517=VERTEX_POINT('',#2108);
#1518=CIRCLE('',#2109,1.4);
#1519=VERTEX_POINT('',#2113);
#1520=VERTEX_POINT('',#2114);
#1521=LINE('',#2115,#2116);
#1522=VERTEX_POINT('',#2118);
#1523=LINE('',#2119,#2120);
#1524=VERTEX_POINT('',#2122);
#1525=LINE('',#2123,#2124);
#1526=LINE('',#2126,#2127);
#1527=VERTEX_POINT('',#2129);
#1528=CIRCLE('',#2130,2.55);
#1529=VERTEX_POINT('',#2134);
#1530=CIRCLE('',#2135,2.55);
#1531=LINE('',#2139,#2140);
#1532=VERTEX_POINT('',#2142);
#1533=LINE('',#2143,#2144);
#1534=VERTEX_POINT('',#2146);
#1535=LINE('',#2147,#2148);
#1536=LINE('',#2150,#2151);
#1537=VERTEX_POINT('',#2153);
#1538=LINE('',#2154,#2155);
#1539=VERTEX_POINT('',#2157);
#1540=LINE('',#2158,#2159);
#1541=LINE('',#2161,#2162);
#1542=VERTEX_POINT('',#2164);
#1543=CIRCLE('',#2165,0.35);
#1544=VERTEX_POINT('',#2169);
#1545=CIRCLE('',#2170,0.35);
#1546=LINE('',#2174,#2175);
#1547=VERTEX_POINT('',#2177);
#1548=LINE('',#2178,#2179);
#1549=VERTEX_POINT('',#2181);
#1550=LINE('',#2182,#2183);
#1551=LINE('',#2185,#2186);
#1552=VERTEX_POINT('',#2188);
#1553=LINE('',#2189,#2190);
#1554=VERTEX_POINT('',#2192);
#1555=LINE('',#2193,#2194);
#1556=LINE('',#2196,#2197);
#1557=VERTEX_POINT('',#2199);
#1558=CIRCLE('',#2200,2.55);
#1559=VERTEX_POINT('',#2204);
#1560=CIRCLE('',#2205,2.55);
#1561=LINE('',#2209,#2210);
#1562=VERTEX_POINT('',#2212);
#1563=LINE('',#2213,#2214);
#1564=VERTEX_POINT('',#2216);
#1565=LINE('',#2217,#2218);
#1566=LINE('',#2220,#2221);
#1567=VERTEX_POINT('',#2223);
#1568=LINE('',#2224,#2225);
#1569=VERTEX_POINT('',#2227);
#1570=LINE('',#2228,#2229);
#1571=LINE('',#2231,#2232);
#1572=VERTEX_POINT('',#2234);
#1573=CIRCLE('',#2235,0.35);
#1574=VERTEX_POINT('',#2239);
#1575=CIRCLE('',#2240,0.35);
#1576=LINE('',#2244,#2245);
#1577=VERTEX_POINT('',#2247);
#1578=LINE('',#2248,#2249);
#1579=VERTEX_POINT('',#2251);
#1580=LINE('',#2252,#2253);
#1581=LINE('',#2255,#2256);
#1582=VERTEX_POINT('',#2258);
#1583=LINE('',#2259,#2260);
#1584=VERTEX_POINT('',#2262);
#1585=LINE('',#2263,#2264);
#1586=LINE('',#2266,#2267);
#1587=VERTEX_POINT('',#2269);
#1588=CIRCLE('',#2270,2.55);
#1589=VERTEX_POINT('',#2274);
#1590=CIRCLE('',#2275,2.55);
#1591=LINE('',#2279,#2280);
#1592=VERTEX_POINT('',#2282);
#1593=LINE('',#2283,#2284);
#1594=VERTEX_POINT('',#2286);
#1595=LINE('',#2287,#2288);
#1596=LINE('',#2290,#2291);
#1597=VERTEX_POINT('',#2293);
#1598=LINE('',#2294,#2295);
#1599=VERTEX_POINT('',#2297);
#1600=LINE('',#2298,#2299);
#1601=LINE('',#2301,#2302);
#1602=VERTEX_POINT('',#2304);
#1603=CIRCLE('',#2305,0.35);
#1604=VERTEX_POINT('',#2309);
#1605=CIRCLE('',#2310,0.35);
#1606=LINE('',#2314,#2315);
#1607=VERTEX_POINT('',#2317);
#1608=LINE('',#2318,#2319);
#1609=VERTEX_POINT('',#2321);
#1610=LINE('',#2322,#2323);
#1611=LINE('',#2325,#2326);
#1612=VERTEX_POINT('',#2328);
#1613=LINE('',#2329,#2330);
#1614=VERTEX_POINT('',#2332);
#1615=LINE('',#2333,#2334);
#1616=LINE('',#2336,#2337);
#1617=VERTEX_POINT('',#2339);
#1618=CIRCLE('',#2340,2.55);
#1619=VERTEX_POINT('',#2344);
#1620=CIRCLE('',#2345,2.55);
#1621=LINE('',#2349,#2350);
#1622=VERTEX_POINT('',#2352);
#1623=LINE('',#2353,#2354);
#1624=VERTEX_POINT('',#2356);
#1625=LINE('',#2357,#2358);
#1626=LINE('',#2360,#2361);
#1627=VERTEX_POINT('',#2363);
#1628=LINE('',#2364,#2365);
#1629=VERTEX_POINT('',#2367);
#1630=LINE('',#2368,#2369);
#1631=LINE('',#2371,#2372);
#1632=VERTEX_POINT('',#2374);
#1633=CIRCLE('',#2375,0.35);
#1634=VERTEX_POINT('',#2379);
#1635=CIRCLE('',#2380,0.35);
#1636=LINE('',#2384,#2385);
#1637=LINE('',#2387,#2388);
#1638=LINE('',#2390,#2391);
#1639=(BOUNDED_CURVE()B_SPLINE_CURVE(3,
(#2393,#2394,#2395,#2396),
.UNSPECIFIED.,.F.,.F.)B_SPLINE_CURVE_WITH_KNOTS((4,4),
(0.,1.),
.UNSPECIFIED.)CURVE()GEOMETRIC_REPRESENTATION_ITEM()RATIONAL_B_SPLINE_CURVE((1.,
0.804737854124365,0.804737854124365,1.))REPRESENTATION_ITEM(''));
#1640=CIRCLE('',#2397,0.3);
#1641=CIRCLE('',#2401,0.3);
#1642=(BOUNDED_CURVE()B_SPLINE_CURVE(3,
(#2405,#2406,#2407,#2408),
.UNSPECIFIED.,.F.,.F.)B_SPLINE_CURVE_WITH_KNOTS((4,4),
(0.,1.),
.UNSPECIFIED.)CURVE()GEOMETRIC_REPRESENTATION_ITEM()RATIONAL_B_SPLINE_CURVE((1.,
0.804737854124365,0.804737854124365,1.))REPRESENTATION_ITEM(''));
#1643=B_SPLINE_CURVE_WITH_KNOTS('',3,
(#2409,#2410,#2411,#2412,#2413,#2414,#2415,#2416,#2417,#2418,#2419,#2420,#2421,#2422,
#2423),
.UNSPECIFIED.,.F.,.F.,
(4,1,1,1,1,1,1,1,1,1,1,1,4),
(0.,0.0793996219411657,0.158826926072069,0.238283316905051,0.335693031892008,0.442247057758492,
0.549205414210233,0.638543004962345,0.718942570561901,0.799022651034347,0.874621779459422,
0.941570131368856,1.),
.UNSPECIFIED.);
#1644=B_SPLINE_CURVE_WITH_KNOTS('',3,
(#2424,#2425,#2426,#2427,#2428,#2429,#2430,#2431,#2432,#2433,#2434,#2435,#2436,#2437,
#2438),
.UNSPECIFIED.,.F.,.F.,
(4,1,1,1,1,1,1,1,1,1,1,1,4),
(0.,0.079399621941168,0.158826926072067,0.238283316905048,0.335693031892004,0.44224705775849,
0.549205414210229,0.638543004962345,0.718942570561903,0.799022651034349,0.874621779459426,
0.941570131368863,1.),
.UNSPECIFIED.);
#1645=(BOUNDED_CURVE()B_SPLINE_CURVE(3,
(#2439,#2440,#2441,#2442),
.UNSPECIFIED.,.F.,.F.)B_SPLINE_CURVE_WITH_KNOTS((4,4),
(0.,1.),
.UNSPECIFIED.)CURVE()GEOMETRIC_REPRESENTATION_ITEM()RATIONAL_B_SPLINE_CURVE((1.,
0.804737854124365,0.804737854124365,1.))REPRESENTATION_ITEM(''));
#1646=CIRCLE('',#2443,0.3);
#1647=CIRCLE('',#2447,0.3);
#1648=(BOUNDED_CURVE()B_SPLINE_CURVE(3,
(#2451,#2452,#2453,#2454),
.UNSPECIFIED.,.F.,.F.)B_SPLINE_CURVE_WITH_KNOTS((4,4),
(0.,1.),
.UNSPECIFIED.)CURVE()GEOMETRIC_REPRESENTATION_ITEM()RATIONAL_B_SPLINE_CURVE((1.,
0.804737854124365,0.804737854124365,1.))REPRESENTATION_ITEM(''));
#1649=B_SPLINE_CURVE_WITH_KNOTS('',3,
(#2455,#2456,#2457,#2458,#2459,#2460,#2461,#2462,#2463,#2464,#2465,#2466,#2467,#2468,
#2469),
.UNSPECIFIED.,.F.,.F.,
(4,1,1,1,1,1,1,1,1,1,1,1,4),
(0.,0.0793644482818238,0.158756545820624,0.238177693828481,0.335544024754215,0.442050531799022,
0.548961194709731,0.638259277778029,0.718623892932161,0.798670022847258,0.874286112989284,
0.94135217745056,1.),
.UNSPECIFIED.);
#1650=B_SPLINE_CURVE_WITH_KNOTS('',3,
(#2470,#2471,#2472,#2473,#2474,#2475,#2476,#2477,#2478,#2479,#2480,#2481,#2482,#2483,
#2484),
.UNSPECIFIED.,.F.,.F.,
(4,1,1,1,1,1,1,1,1,1,1,1,4),
(0.,0.079399621941166,0.158826926072067,0.238283316905051,0.335693031892006,0.442247057758491,
0.549205414210233,0.638543004962344,0.718942570561901,0.799022651034348,0.874621779459419,
0.941570131368853,1.),
.UNSPECIFIED.);
#1651=(BOUNDED_CURVE()B_SPLINE_CURVE(3,
(#2485,#2486,#2487,#2488),
.UNSPECIFIED.,.F.,.F.)B_SPLINE_CURVE_WITH_KNOTS((4,4),
(0.,1.),
.UNSPECIFIED.)CURVE()GEOMETRIC_REPRESENTATION_ITEM()RATIONAL_B_SPLINE_CURVE((1.,
0.804737854124365,0.804737854124365,1.))REPRESENTATION_ITEM(''));
#1652=CIRCLE('',#2489,0.3);
#1653=CIRCLE('',#2493,0.3);
#1654=(BOUNDED_CURVE()B_SPLINE_CURVE(3,
(#2497,#2498,#2499,#2500),
.UNSPECIFIED.,.F.,.F.)B_SPLINE_CURVE_WITH_KNOTS((4,4),
(0.,1.),
.UNSPECIFIED.)CURVE()GEOMETRIC_REPRESENTATION_ITEM()RATIONAL_B_SPLINE_CURVE((1.,
0.804737854124365,0.804737854124365,1.))REPRESENTATION_ITEM(''));
#1655=B_SPLINE_CURVE_WITH_KNOTS('',3,
(#2501,#2502,#2503,#2504,#2505,#2506,#2507,#2508,#2509,#2510,#2511,#2512,#2513,#2514,
#2515),
.UNSPECIFIED.,.F.,.F.,
(4,1,1,1,1,1,1,1,1,1,1,1,4),
(0.,0.0793996219411636,0.158826926072067,0.238283316905051,0.335693031892013,0.442247057758492,
0.549205414210231,0.638543004962346,0.718942570561902,0.79902265103435,0.87462177945943,
0.94157013136886,1.),
.UNSPECIFIED.);
#1656=B_SPLINE_CURVE_WITH_KNOTS('',3,
(#2516,#2517,#2518,#2519,#2520,#2521,#2522,#2523,#2524,#2525,#2526,#2527,#2528,#2529,
#2530),
.UNSPECIFIED.,.F.,.F.,
(4,1,1,1,1,1,1,1,1,1,1,1,4),
(0.,0.0793996219411624,0.158826926072064,0.238283316905048,0.335693031892011,0.44224705775849,
0.549205414210227,0.638543004962345,0.718942570561902,0.799022651034351,0.874621779459434,
0.941570131368864,1.),
.UNSPECIFIED.);
#1657=(BOUNDED_CURVE()B_SPLINE_CURVE(3,
(#2531,#2532,#2533,#2534),
.UNSPECIFIED.,.F.,.F.)B_SPLINE_CURVE_WITH_KNOTS((4,4),
(0.,1.),
.UNSPECIFIED.)CURVE()GEOMETRIC_REPRESENTATION_ITEM()RATIONAL_B_SPLINE_CURVE((1.,
0.804737854124365,0.804737854124365,1.))REPRESENTATION_ITEM(''));
#1658=CIRCLE('',#2535,0.3);
#1659=CIRCLE('',#2539,0.3);
#1660=(BOUNDED_CURVE()B_SPLINE_CURVE(3,
(#2543,#2544,#2545,#2546),
.UNSPECIFIED.,.F.,.F.)B_SPLINE_CURVE_WITH_KNOTS((4,4),
(0.,1.),
.UNSPECIFIED.)CURVE()GEOMETRIC_REPRESENTATION_ITEM()RATIONAL_B_SPLINE_CURVE((1.,
0.804737854124365,0.804737854124365,1.))REPRESENTATION_ITEM(''));
#1661=B_SPLINE_CURVE_WITH_KNOTS('',3,
(#2547,#2548,#2549,#2550,#2551,#2552,#2553,#2554,#2555,#2556,#2557,#2558,#2559,#2560,
#2561),
.UNSPECIFIED.,.F.,.F.,
(4,1,1,1,1,1,1,1,1,1,1,1,4),
(0.,0.0793996219411639,0.158826926072068,0.238283316905054,0.335693031892013,0.442247057758495,
0.549205414210232,0.638543004962344,0.718942570561901,0.799022651034347,0.874621779459427,
0.941570131368861,1.),
.UNSPECIFIED.);
#1662=B_SPLINE_CURVE_WITH_KNOTS('',3,
(#2562,#2563,#2564,#2565,#2566,#2567,#2568,#2569,#2570,#2571,#2572,#2573,#2574,#2575,
#2576),
.UNSPECIFIED.,.F.,.F.,
(4,1,1,1,1,1,1,1,1,1,1,1,4),
(0.,0.0793644482818232,0.158756545820624,0.238177693828484,0.335544024754214,0.442050531799016,
0.548961194709726,0.638259277778029,0.718623892932163,0.798670022847261,0.874286112989287,
0.941352177450562,1.),
.UNSPECIFIED.);
#1663=CARTESIAN_POINT('',(3.44571956871238,3.,2.03150600633928));
#1664=CARTESIAN_POINT('',(3.44571956871238,8.12425917370389,2.03150600633928));
#1665=CARTESIAN_POINT('',(3.44571956871238,3.,2.03150600633928));
#1666=VECTOR('',#1667,1.);
#1667=DIRECTION('',(0.,1.,0.));
#1668=CARTESIAN_POINT('',(3.44571956871238,3.,-2.03150600633928));
#1669=AXIS2_PLACEMENT_3D('',#1670,#1671,#1672);
#1670=CARTESIAN_POINT('',(0.,3.,1.83697019872103E-16));
#1671=DIRECTION('',(0.,1.,6.12323399573677E-17));
#1672=DIRECTION('',(0.861429892178094,-3.10984666014003E-17,0.507876501584821));
#1673=CARTESIAN_POINT('',(3.44571956871238,8.12425917370389,-2.03150600633928));
#1674=CARTESIAN_POINT('',(3.44571956871238,3.,-2.03150600633928));
#1675=VECTOR('',#1676,1.);
#1676=DIRECTION('',(0.,1.,0.));
#1677=CARTESIAN_POINT('',(2.03150600633928,8.12425917370389,-3.44571956871238));
#1678=CARTESIAN_POINT('',(3.44571956871238,8.12425917370389,-2.03150600633929));
#1679=CARTESIAN_POINT('',(3.09981257620385,7.90546508609481,-2.61821285796649));
#1680=CARTESIAN_POINT('',(2.61821285796649,7.90546508609481,-3.09981257620385));
#1681=CARTESIAN_POINT('',(2.03150600633928,8.12425917370389,-3.44571956871238));
#1682=CARTESIAN_POINT('',(2.03150600633929,3.,-3.44571956871238));
#1683=CARTESIAN_POINT('',(2.03150600633928,3.,-3.44571956871238));
#1684=VECTOR('',#1685,1.);
#1685=DIRECTION('',(0.,1.,0.));
#1686=CARTESIAN_POINT('',(7.34788079488412E-16,3.,-4.));
#1687=AXIS2_PLACEMENT_3D('',#1688,#1689,#1690);
#1688=CARTESIAN_POINT('',(0.,3.,1.83697019872103E-16));
#1689=DIRECTION('',(0.,1.,6.12323399573677E-17));
#1690=DIRECTION('',(0.507876501584822,5.27473680072876E-17,-0.861429892178094));
#1691=CARTESIAN_POINT('',(-2.03150600633928,3.,-3.44571956871238));
#1692=AXIS2_PLACEMENT_3D('',#1693,#1694,#1695);
#1693=CARTESIAN_POINT('',(0.,3.,1.83697019872103E-16));
#1694=DIRECTION('',(0.,1.,6.12323399573677E-17));
#1695=DIRECTION('',(6.12323399573677E-17,6.12323399573677E-17,-1.));
#1696=CARTESIAN_POINT('',(-2.03150600633928,8.12425917370389,-3.44571956871238));
#1697=CARTESIAN_POINT('',(-2.03150600633928,3.,-3.44571956871238));
#1698=VECTOR('',#1699,1.);
#1699=DIRECTION('',(0.,1.,8.6664080561926E-17));
#1700=CARTESIAN_POINT('',(-3.44571956871238,8.12425917370389,-2.03150600633928));
#1701=CARTESIAN_POINT('',(-2.03150600633928,8.12425917370389,-3.44571956871238));
#1702=CARTESIAN_POINT('',(-2.61821285796649,7.90546508609481,-3.09981257620385));
#1703=CARTESIAN_POINT('',(-3.09981257620385,7.90546508609481,-2.61821285796649));
#1704=CARTESIAN_POINT('',(-3.44571956871238,8.12425917370389,-2.03150600633928));
#1705=CARTESIAN_POINT('',(-3.44571956871238,3.,-2.03150600633928));
#1706=CARTESIAN_POINT('',(-3.44571956871238,3.,-2.03150600633928));
#1707=VECTOR('',#1708,1.);
#1708=DIRECTION('',(-8.6664080561926E-17,1.,1.73328161123852E-16));
#1709=CARTESIAN_POINT('',(-3.44571956871238,3.,2.03150600633928));
#1710=AXIS2_PLACEMENT_3D('',#1711,#1712,#1713);
#1711=CARTESIAN_POINT('',(0.,3.,1.83697019872103E-16));
#1712=DIRECTION('',(0.,1.,6.12323399573677E-17));
#1713=DIRECTION('',(-0.861429892178095,3.10984666014003E-17,-0.507876501584821));
#1714=CARTESIAN_POINT('',(-3.44571956871238,8.12425917370389,2.03150600633929));
#1715=CARTESIAN_POINT('',(-3.44571956871238,3.,2.03150600633928));
#1716=VECTOR('',#1717,1.);
#1717=DIRECTION('',(8.6664080561926E-17,1.,0.));
#1718=CARTESIAN_POINT('',(-2.03150600633928,8.12425917370389,3.44571956871238));
#1719=CARTESIAN_POINT('',(-3.44571956871238,8.12425917370389,2.03150600633929));
#1720=CARTESIAN_POINT('',(-3.09981257620385,7.90546508609481,2.61821285796649));
#1721=CARTESIAN_POINT('',(-2.61821285796649,7.90546508609481,3.09981257620385));
#1722=CARTESIAN_POINT('',(-2.03150600633928,8.12425917370389,3.44571956871238));
#1723=CARTESIAN_POINT('',(-2.03150600633928,3.,3.44571956871238));
#1724=CARTESIAN_POINT('',(-2.03150600633928,3.,3.44571956871238));
#1725=VECTOR('',#1726,1.);
#1726=DIRECTION('',(0.,1.,8.6664080561926E-17));
#1727=CARTESIAN_POINT('',(2.03150600633928,3.,3.44571956871238));
#1728=AXIS2_PLACEMENT_3D('',#1729,#1730,#1731);
#1729=CARTESIAN_POINT('',(0.,3.,1.83697019872103E-16));
#1730=DIRECTION('',(0.,1.,6.12323399573677E-17));
#1731=DIRECTION('',(-0.507876501584821,-5.27473680072877E-17,0.861429892178095));
#1732=CARTESIAN_POINT('',(2.03150600633929,8.12425917370389,3.44571956871238));
#1733=CARTESIAN_POINT('',(2.03150600633928,3.,3.44571956871238));
#1734=VECTOR('',#1735,1.);
#1735=DIRECTION('',(0.,1.,0.));
#1736=CARTESIAN_POINT('',(2.03150600633929,8.12425917370389,3.44571956871238));
#1737=CARTESIAN_POINT('',(2.61821285796649,7.90546508609481,3.09981257620385));
#1738=CARTESIAN_POINT('',(3.09981257620385,7.90546508609481,2.61821285796649));
#1739=CARTESIAN_POINT('',(3.44571956871238,8.12425917370389,2.03150600633929));
#1740=CARTESIAN_POINT('',(7.34788079488412E-16,10.,-4.));
#1741=AXIS2_PLACEMENT_3D('',#1742,#1743,#1744);
#1742=CARTESIAN_POINT('',(0.,10.,6.12323399573677E-16));
#1743=DIRECTION('',(0.,1.,6.12323399573677E-17));
#1744=DIRECTION('',(6.12323399573677E-17,6.12323399573677E-17,-1.));
#1745=CARTESIAN_POINT('',(9.79795897113271,3.,2.29283771281507));
#1746=CARTESIAN_POINT('',(9.79795897113271,3.,-1.70716228718494));
#1747=AXIS2_PLACEMENT_3D('',#1748,#1749,#1750);
#1748=CARTESIAN_POINT('',(7.6979589711327,3.,0.292837712815062));
#1749=DIRECTION('',(0.,1.,6.12323399573677E-17));
#1750=DIRECTION('',(0.724137931034483,-4.22291999705984E-17,0.689655172413793));
#1751=CARTESIAN_POINT('',(6.63103029313522,3.,-7.19244366142353));
#1752=AXIS2_PLACEMENT_3D('',#1753,#1754,#1755);
#1753=CARTESIAN_POINT('',(-2.628604982129E-16,3.,0.292837712815057));
#1754=DIRECTION('',(0.,1.,6.12323399573677E-17));
#1755=DIRECTION('',(0.979795897113271,1.22464679914735E-17,-0.2));
#1756=CARTESIAN_POINT('',(3.16692867799747,3.,-9.19244366142352));
#1757=AXIS2_PLACEMENT_3D('',#1758,#1759,#1760);
#1758=CARTESIAN_POINT('',(3.84897948556634,3.,-6.37379031347619));
#1759=DIRECTION('',(0.,1.,6.12323399573677E-17));
#1760=DIRECTION('',(0.959327864678922,1.72855379685338E-17,-0.282294257912873));
#1761=CARTESIAN_POINT('',(-3.16692867799751,3.,-9.1924436614235));
#1762=AXIS2_PLACEMENT_3D('',#1763,#1764,#1765);
#1763=CARTESIAN_POINT('',(-2.628604982129E-16,3.,0.292837712815057));
#1764=DIRECTION('',(0.,1.,6.12323399573677E-17));
#1765=DIRECTION('',(0.316692867799748,5.80805973698664E-17,-0.948528137423857));
#1766=CARTESIAN_POINT('',(-6.63103029313525,3.,-7.1924436614235));
#1767=AXIS2_PLACEMENT_3D('',#1768,#1769,#1770);
#1768=CARTESIAN_POINT('',(-3.84897948556638,3.,-6.37379031347617));
#1769=DIRECTION('',(0.,1.,6.12323399573677E-17));
#1770=DIRECTION('',(0.235189933644435,5.95147379391321E-17,-0.971949430326664));
#1771=CARTESIAN_POINT('',(-9.79795897113272,3.,-1.70716228718494));
#1772=AXIS2_PLACEMENT_3D('',#1773,#1774,#1775);
#1773=CARTESIAN_POINT('',(-2.628604982129E-16,3.,0.292837712815057));
#1774=DIRECTION('',(0.,1.,6.12323399573677E-17));
#1775=DIRECTION('',(-0.663103029313524,4.58341293783928E-17,-0.748528137423857));
#1776=CARTESIAN_POINT('',(-9.79795897113271,3.,2.29283771281506));
#1777=AXIS2_PLACEMENT_3D('',#1778,#1779,#1780);
#1778=CARTESIAN_POINT('',(-7.69795897113271,3.,0.292837712815059));
#1779=DIRECTION('',(0.,1.,6.12323399573677E-17));
#1780=DIRECTION('',(-0.724137931034484,4.22291999705983E-17,-0.689655172413793));
#1781=CARTESIAN_POINT('',(-6.63103029313523,3.,7.77811908705364));
#1782=AXIS2_PLACEMENT_3D('',#1783,#1784,#1785);
#1783=CARTESIAN_POINT('',(-2.628604982129E-16,3.,0.292837712815057));
#1784=DIRECTION('',(-3.08148791101958E-33,1.,6.12323399573677E-17));
#1785=DIRECTION('',(-0.979795897113271,-1.22464679914736E-17,0.2));
#1786=CARTESIAN_POINT('',(-3.16692867799747,3.,9.77811908705363));
#1787=AXIS2_PLACEMENT_3D('',#1788,#1789,#1790);
#1788=CARTESIAN_POINT('',(-3.84897948556634,3.,6.95946573910631));
#1789=DIRECTION('',(0.,1.,6.12323399573677E-17));
#1790=DIRECTION('',(-0.959327864678922,-1.72855379685338E-17,0.282294257912872));
#1791=CARTESIAN_POINT('',(3.16692867799748,3.,9.77811908705362));
#1792=AXIS2_PLACEMENT_3D('',#1793,#1794,#1795);
#1793=CARTESIAN_POINT('',(-2.628604982129E-16,3.,0.292837712815057));
#1794=DIRECTION('',(0.,1.,6.12323399573677E-17));
#1795=DIRECTION('',(-0.316692867799748,-5.80805973698663E-17,0.948528137423857));
#1796=CARTESIAN_POINT('',(6.63103029313524,3.,7.77811908705362));
#1797=AXIS2_PLACEMENT_3D('',#1798,#1799,#1800);
#1798=CARTESIAN_POINT('',(3.84897948556636,3.,6.9594657391063));
#1799=DIRECTION('',(0.,1.,6.12323399573677E-17));
#1800=DIRECTION('',(-0.235189933644439,-5.95147379391321E-17,0.971949430326663));
#1801=AXIS2_PLACEMENT_3D('',#1802,#1803,#1804);
#1802=CARTESIAN_POINT('',(-2.628604982129E-16,3.,0.292837712815057));
#1803=DIRECTION('',(0.,1.,6.12323399573677E-17));
#1804=DIRECTION('',(0.663103029313524,-4.58341293783928E-17,0.748528137423857));
#1805=CARTESIAN_POINT('',(-4.85132828901478,3.,-6.26554185138787));
#1806=CARTESIAN_POINT('',(-6.26554185138787,3.,-4.85132828901478));
#1807=CARTESIAN_POINT('',(-4.85132828901478,3.,-6.26554185138787));
#1808=VECTOR('',#1809,1.);
#1809=DIRECTION('',(-0.707106781186548,0.,0.707106781186548));
#1810=CARTESIAN_POINT('',(-4.85132828901478,3.,-6.26554185138787));
#1811=VECTOR('',#1812,1.);
#1812=DIRECTION('',(0.707106781186547,-1.11361093096551E-16,0.707106781186548));
#1813=CARTESIAN_POINT('',(4.85132828901478,3.,-6.26554185138787));
#1814=CARTESIAN_POINT('',(4.85132828901477,3.,-6.26554185138787));
#1815=VECTOR('',#1816,1.);
#1816=DIRECTION('',(-0.707106781186547,-1.11361093096551E-16,0.707106781186548));
#1817=CARTESIAN_POINT('',(6.26554185138787,3.,-4.85132828901478));
#1818=CARTESIAN_POINT('',(6.26554185138787,3.,-4.85132828901478));
#1819=VECTOR('',#1820,1.);
#1820=DIRECTION('',(-0.707106781186548,0.,-0.707106781186548));
#1821=CARTESIAN_POINT('',(6.26554185138787,3.,-4.85132828901478));
#1822=VECTOR('',#1823,1.);
#1823=DIRECTION('',(-0.707106781186548,-1.11361093096551E-16,0.707106781186547));
#1824=CARTESIAN_POINT('',(6.26554185138787,3.,4.85132828901477));
#1825=CARTESIAN_POINT('',(6.26554185138787,3.,4.85132828901477));
#1826=VECTOR('',#1827,1.);
#1827=DIRECTION('',(-0.707106781186548,1.11361093096551E-16,-0.707106781186547));
#1828=CARTESIAN_POINT('',(4.85132828901478,3.,6.26554185138787));
#1829=CARTESIAN_POINT('',(4.85132828901478,3.,6.26554185138787));
#1830=VECTOR('',#1831,1.);
#1831=DIRECTION('',(0.707106781186548,0.,-0.707106781186548));
#1832=CARTESIAN_POINT('',(4.85132828901478,3.,6.26554185138787));
#1833=VECTOR('',#1834,1.);
#1834=DIRECTION('',(-0.707106781186547,1.11361093096551E-16,-0.707106781186548));
#1835=CARTESIAN_POINT('',(-4.85132828901477,3.,6.26554185138787));
#1836=CARTESIAN_POINT('',(-4.85132828901477,3.,6.26554185138787));
#1837=VECTOR('',#1838,1.);
#1838=DIRECTION('',(0.707106781186547,1.11361093096551E-16,-0.707106781186548));
#1839=CARTESIAN_POINT('',(-6.26554185138787,3.,4.85132828901478));
#1840=CARTESIAN_POINT('',(-6.26554185138787,3.,4.85132828901478));
#1841=VECTOR('',#1842,1.);
#1842=DIRECTION('',(0.707106781186548,-2.22044604925031E-16,0.707106781186548));
#1843=CARTESIAN_POINT('',(-6.26554185138787,3.,4.85132828901478));
#1844=VECTOR('',#1845,1.);
#1845=DIRECTION('',(0.707106781186548,0.,-0.707106781186547));
#1846=CARTESIAN_POINT('',(-6.26554185138787,3.,-4.85132828901477));
#1847=VECTOR('',#1848,1.);
#1848=DIRECTION('',(0.707106781186548,-1.11361093096551E-16,0.707106781186547));
#1849=CARTESIAN_POINT('',(6.,3.,-1.20716228718494));
#1850=AXIS2_PLACEMENT_3D('',#1851,#1852,#1853);
#1851=CARTESIAN_POINT('',(6.,3.,0.292837712815059));
#1852=DIRECTION('',(0.,1.,6.12323399573677E-17));
#1853=DIRECTION('',(6.12323399573676E-17,6.12323399573677E-17,-1.));
#1854=CARTESIAN_POINT('',(-6.,3.,-1.20716228718494));
#1855=AXIS2_PLACEMENT_3D('',#1856,#1857,#1858);
#1856=CARTESIAN_POINT('',(-6.,3.,0.292837712815057));
#1857=DIRECTION('',(0.,1.,6.12323399573677E-17));
#1858=DIRECTION('',(6.12323399573676E-17,6.12323399573677E-17,-1.));
#1859=CARTESIAN_POINT('',(1.14548332080656E-15,3.,-4.30716228718494));
#1860=AXIS2_PLACEMENT_3D('',#1861,#1862,#1863);
#1861=CARTESIAN_POINT('',(1.57410970050813E-15,3.,-5.70716228718494));
#1862=DIRECTION('',(0.,1.,6.12323399573677E-17));
#1863=DIRECTION('',(-1.83697019872103E-16,-6.12323399573677E-17,1.));
#1864=CARTESIAN_POINT('',(-1.79366899714709E-15,3.,7.69283771281506));
#1865=AXIS2_PLACEMENT_3D('',#1866,#1867,#1868);
#1866=CARTESIAN_POINT('',(-1.36504261744552E-15,3.,6.29283771281506));
#1867=DIRECTION('',(0.,1.,6.12323399573677E-17));
#1868=DIRECTION('',(-1.83697019872103E-16,-6.12323399573677E-17,1.));
#1869=CARTESIAN_POINT('',(2.03150600633929,8.12425917370389,3.44571956871238));
#1870=VECTOR('',#1871,1.);
#1871=DIRECTION('',(0.434277345921666,-0.789180824423952,0.434277345921666));
#1872=CARTESIAN_POINT('',(3.44571956871238,8.12425917370389,2.03150600633928));
#1873=VECTOR('',#1874,1.);
#1874=DIRECTION('',(0.434277345921666,-0.789180824423952,0.434277345921665));
#1875=CARTESIAN_POINT('',(-3.44571956871238,8.12425917370389,2.03150600633929));
#1876=VECTOR('',#1877,1.);
#1877=DIRECTION('',(-0.434277345921666,-0.789180824423952,0.434277345921666));
#1878=CARTESIAN_POINT('',(-2.03150600633928,8.12425917370389,3.44571956871238));
#1879=VECTOR('',#1880,1.);
#1880=DIRECTION('',(-0.434277345921666,-0.789180824423952,0.434277345921666));
#1881=CARTESIAN_POINT('',(-2.03150600633928,8.12425917370389,-3.44571956871238));
#1882=VECTOR('',#1883,1.);
#1883=DIRECTION('',(-0.434277345921666,-0.789180824423951,-0.434277345921666));
#1884=CARTESIAN_POINT('',(-3.44571956871238,8.12425917370389,-2.03150600633928));
#1885=VECTOR('',#1886,1.);
#1886=DIRECTION('',(-0.434277345921666,-0.789180824423952,-0.434277345921666));
#1887=CARTESIAN_POINT('',(3.44571956871238,8.12425917370389,-2.03150600633928));
#1888=VECTOR('',#1889,1.);
#1889=DIRECTION('',(0.434277345921666,-0.789180824423951,-0.434277345921666));
#1890=CARTESIAN_POINT('',(2.03150600633928,8.12425917370389,-3.44571956871238));
#1891=VECTOR('',#1892,1.);
#1892=DIRECTION('',(0.434277345921666,-0.789180824423952,-0.434277345921666));
#1893=CARTESIAN_POINT('',(-1.35,10.,-2.29750563789317));
#1894=CARTESIAN_POINT('',(-1.12738228773583,10.,-2.6175387632852));
#1895=CARTESIAN_POINT('',(-1.12738228773591,10.,-2.61753876328538));
#1896=VECTOR('',#1897,1.);
#1897=DIRECTION('',(-0.571040240720161,0.,0.820922069065183));
#1898=CARTESIAN_POINT('',(1.12738228773583,10.,-2.6175387632852));
#1899=AXIS2_PLACEMENT_3D('',#1900,#1901,#1902);
#1900=CARTESIAN_POINT('',(-3.01898744547311E-48,10.,6.12323399573677E-16));
#1901=DIRECTION('',(3.08148791101958E-33,1.,6.12323399573677E-17));
#1902=DIRECTION('',(0.395572732538861,5.62379029491426E-17,-0.918434653784219));
#1903=CARTESIAN_POINT('',(1.35,10.,-2.29750563789317));
#1904=CARTESIAN_POINT('',(1.35,10.,-2.29750563789317));
#1905=VECTOR('',#1906,1.);
#1906=DIRECTION('',(-0.571040240720158,0.,-0.820922069065185));
#1907=CARTESIAN_POINT('',(1.35,10.,-1.4));
#1908=CARTESIAN_POINT('',(1.35,10.,-1.4));
#1909=VECTOR('',#1910,1.);
#1910=DIRECTION('',(0.,0.,-1.));
#1911=CARTESIAN_POINT('',(1.4,10.,-1.35));
#1912=AXIS2_PLACEMENT_3D('',#1913,#1914,#1915);
#1913=CARTESIAN_POINT('',(1.4,10.,-1.4));
#1914=DIRECTION('',(0.,-1.,-6.12323399573677E-17));
#1915=DIRECTION('',(0.,-6.12323399573677E-17,1.));
#1916=CARTESIAN_POINT('',(2.29750563789317,10.,-1.35));
#1917=CARTESIAN_POINT('',(2.29750563789317,10.,-1.35));
#1918=VECTOR('',#1919,1.);
#1919=DIRECTION('',(-1.,0.,-4.94803810806728E-16));
#1920=CARTESIAN_POINT('',(2.6175387632852,10.,-1.12738228773583));
#1921=CARTESIAN_POINT('',(2.61753876328538,10.,-1.12738228773591));
#1922=VECTOR('',#1923,1.);
#1923=DIRECTION('',(-0.820922069065186,0.,-0.571040240720156));
#1924=CARTESIAN_POINT('',(2.6175387632852,10.,1.12738228773583));
#1925=AXIS2_PLACEMENT_3D('',#1926,#1927,#1928);
#1926=CARTESIAN_POINT('',(-3.01898744547311E-48,10.,6.12323399573677E-16));
#1927=DIRECTION('',(0.,1.,6.12323399573677E-17));
#1928=DIRECTION('',(0.918434653784219,-2.42218440366844E-17,0.395572732538861));
#1929=CARTESIAN_POINT('',(2.29750563789317,10.,1.35));
#1930=CARTESIAN_POINT('',(2.29750563789317,10.,1.35));
#1931=VECTOR('',#1932,1.);
#1932=DIRECTION('',(0.820922069065188,0.,-0.571040240720154));
#1933=CARTESIAN_POINT('',(1.4,10.,1.35));
#1934=CARTESIAN_POINT('',(1.4,10.,1.35));
#1935=VECTOR('',#1936,1.);
#1936=DIRECTION('',(1.,0.,2.47401905403365E-16));
#1937=CARTESIAN_POINT('',(1.35,10.,1.4));
#1938=AXIS2_PLACEMENT_3D('',#1939,#1940,#1941);
#1939=CARTESIAN_POINT('',(1.4,10.,1.4));
#1940=DIRECTION('',(0.,-1.,-6.12323399573677E-17));
#1941=DIRECTION('',(-1.,0.,0.));
#1942=CARTESIAN_POINT('',(1.35,10.,2.29750563789317));
#1943=CARTESIAN_POINT('',(1.35,10.,2.29750563789317));
#1944=VECTOR('',#1945,1.);
#1945=DIRECTION('',(0.,0.,-1.));
#1946=CARTESIAN_POINT('',(1.12738228773583,10.,2.6175387632852));
#1947=CARTESIAN_POINT('',(1.12738228773591,10.,2.61753876328538));
#1948=VECTOR('',#1949,1.);
#1949=DIRECTION('',(0.571040240720156,0.,-0.820922069065186));
#1950=CARTESIAN_POINT('',(-1.12738228773583,10.,2.6175387632852));
#1951=AXIS2_PLACEMENT_3D('',#1952,#1953,#1954);
#1952=CARTESIAN_POINT('',(-3.01898744547311E-48,10.,6.12323399573677E-16));
#1953=DIRECTION('',(0.,1.,6.12323399573676E-17));
#1954=DIRECTION('',(-0.395572732538862,-5.62379029491426E-17,0.918434653784219));
#1955=CARTESIAN_POINT('',(-1.35,10.,2.29750563789316));
#1956=CARTESIAN_POINT('',(-1.35,10.,2.29750563789316));
#1957=VECTOR('',#1958,1.);
#1958=DIRECTION('',(0.571040240720153,0.,0.820922069065189));
#1959=CARTESIAN_POINT('',(-1.35,10.,1.4));
#1960=CARTESIAN_POINT('',(-1.35,10.,1.4));
#1961=VECTOR('',#1962,1.);
#1962=DIRECTION('',(4.9480381080673E-16,0.,1.));
#1963=CARTESIAN_POINT('',(-1.4,10.,1.35));
#1964=AXIS2_PLACEMENT_3D('',#1965,#1966,#1967);
#1965=CARTESIAN_POINT('',(-1.4,10.,1.4));
#1966=DIRECTION('',(0.,-1.,-6.12323399573677E-17));
#1967=DIRECTION('',(0.,6.12323399573677E-17,-1.));
#1968=CARTESIAN_POINT('',(-2.29750563789316,10.,1.35));
#1969=CARTESIAN_POINT('',(-2.29750563789316,10.,1.35));
#1970=VECTOR('',#1971,1.);
#1971=DIRECTION('',(1.,0.,-4.9480381080673E-16));
#1972=CARTESIAN_POINT('',(-2.61753876328521,10.,1.12738228773583));
#1973=CARTESIAN_POINT('',(-2.61753876328539,10.,1.12738228773591));
#1974=VECTOR('',#1975,1.);
#1975=DIRECTION('',(0.820922069065186,0.,0.571040240720155));
#1976=CARTESIAN_POINT('',(-2.6175387632852,10.,-1.12738228773583));
#1977=AXIS2_PLACEMENT_3D('',#1978,#1979,#1980);
#1978=CARTESIAN_POINT('',(-3.01898744547311E-48,10.,6.12323399573677E-16));
#1979=DIRECTION('',(0.,1.,6.12323399573677E-17));
#1980=DIRECTION('',(-0.918434653784219,2.42218440366844E-17,-0.395572732538861));
#1981=CARTESIAN_POINT('',(-2.29750563789317,10.,-1.35));
#1982=CARTESIAN_POINT('',(-2.29750563789317,10.,-1.35));
#1983=VECTOR('',#1984,1.);
#1984=DIRECTION('',(-0.820922069065187,0.,0.571040240720155));
#1985=CARTESIAN_POINT('',(-1.4,10.,-1.35));
#1986=CARTESIAN_POINT('',(-1.4,10.,-1.35));
#1987=VECTOR('',#1988,1.);
#1988=DIRECTION('',(-1.,0.,0.));
#1989=CARTESIAN_POINT('',(-1.35,10.,-1.4));
#1990=AXIS2_PLACEMENT_3D('',#1991,#1992,#1993);
#1991=CARTESIAN_POINT('',(-1.4,10.,-1.4));
#1992=DIRECTION('',(0.,-1.,-6.12323399573677E-17));
#1993=DIRECTION('',(1.,0.,0.));
#1994=CARTESIAN_POINT('',(-1.35,10.,-2.29750563789317));
#1995=VECTOR('',#1996,1.);
#1996=DIRECTION('',(0.,0.,1.));
#1997=CARTESIAN_POINT('',(9.79795897113271,-1.40395818298165E-16,2.29283771281507));
#1998=CARTESIAN_POINT('',(9.79795897113271,1.04533541531306E-16,-1.70716228718494));
#1999=AXIS2_PLACEMENT_3D('',#2000,#2001,#2002);
#2000=CARTESIAN_POINT('',(7.6979589711327,-1.79311383834298E-17,0.292837712815061));
#2001=DIRECTION('',(0.,1.,6.12323399573677E-17));
#2002=DIRECTION('',(0.724137931034483,-4.22291999705984E-17,0.689655172413793));
#2003=CARTESIAN_POINT('',(9.79795897113271,1.04533541531306E-16,-1.70716228718494));
#2004=VECTOR('',#2005,1.);
#2005=DIRECTION('',(0.,1.,0.));
#2006=CARTESIAN_POINT('',(9.79795897113271,-1.40395818298165E-16,2.29283771281507));
#2007=VECTOR('',#2008,1.);
#2008=DIRECTION('',(0.,1.,0.));
#2009=CARTESIAN_POINT('',(6.63103029313522,4.404101554005E-16,-7.19244366142353));
#2010=AXIS2_PLACEMENT_3D('',#2011,#2012,#2013);
#2011=CARTESIAN_POINT('',(-2.628604982129E-16,-1.79311383834296E-17,0.292837712815057));
#2012=DIRECTION('',(0.,1.,6.12323399573677E-17));
#2013=DIRECTION('',(0.979795897113271,1.22464679914735E-17,-0.2));
#2014=CARTESIAN_POINT('',(6.63103029313522,4.40410155400499E-16,-7.19244366142353));
#2015=VECTOR('',#2016,1.);
#2016=DIRECTION('',(0.,1.,0.));
#2017=CARTESIAN_POINT('',(3.16692867799747,5.62874835315234E-16,-9.19244366142352));
#2018=AXIS2_PLACEMENT_3D('',#2019,#2020,#2021);
#2019=CARTESIAN_POINT('',(3.84897948556634,3.90282095291751E-16,-6.37379031347619));
#2020=DIRECTION('',(0.,1.,6.12323399573677E-17));
#2021=DIRECTION('',(0.959327864678922,1.72855379685338E-17,-0.282294257912873));
#2022=CARTESIAN_POINT('',(3.16692867799746,5.62874835315235E-16,-9.19244366142352));
#2023=VECTOR('',#2024,1.);
#2024=DIRECTION('',(0.,1.,0.));
#2025=CARTESIAN_POINT('',(-3.16692867799751,5.62874835315233E-16,-9.1924436614235));
#2026=AXIS2_PLACEMENT_3D('',#2027,#2028,#2029);
#2027=CARTESIAN_POINT('',(-2.628604982129E-16,-1.79311383834296E-17,0.292837712815057));
#2028=DIRECTION('',(0.,1.,6.12323399573677E-17));
#2029=DIRECTION('',(0.316692867799748,5.80805973698664E-17,-0.948528137423857));
#2030=CARTESIAN_POINT('',(-3.1669286779975,5.62874835315233E-16,-9.19244366142351));
#2031=VECTOR('',#2032,1.);
#2032=DIRECTION('',(0.,1.,0.));
#2033=CARTESIAN_POINT('',(-6.63103029313525,4.40410155400498E-16,-7.1924436614235));
#2034=AXIS2_PLACEMENT_3D('',#2035,#2036,#2037);
#2035=CARTESIAN_POINT('',(-3.84897948556638,3.9028209529175E-16,-6.37379031347617));
#2036=DIRECTION('',(0.,1.,6.12323399573677E-17));
#2037=DIRECTION('',(0.235189933644435,5.95147379391321E-17,-0.971949430326664));
#2038=CARTESIAN_POINT('',(-6.63103029313527,4.40410155400497E-16,-7.19244366142348));
#2039=VECTOR('',#2040,1.);
#2040=DIRECTION('',(0.,1.,0.));
#2041=CARTESIAN_POINT('',(-9.79795897113272,1.04533541531305E-16,-1.70716228718494));
#2042=AXIS2_PLACEMENT_3D('',#2043,#2044,#2045);
#2043=CARTESIAN_POINT('',(-2.628604982129E-16,-1.79311383834296E-17,0.292837712815057));
#2044=DIRECTION('',(0.,1.,6.12323399573677E-17));
#2045=DIRECTION('',(-0.663103029313524,4.58341293783928E-17,-0.748528137423857));
#2046=CARTESIAN_POINT('',(-9.79795897113272,1.04533541531305E-16,-1.70716228718493));
#2047=VECTOR('',#2048,1.);
#2048=DIRECTION('',(0.,1.,7.40148683083438E-17));
#2049=CARTESIAN_POINT('',(-9.79795897113271,-1.40395818298165E-16,2.29283771281506));
#2050=AXIS2_PLACEMENT_3D('',#2051,#2052,#2053);
#2051=CARTESIAN_POINT('',(-7.69795897113271,-1.79311383834297E-17,0.292837712815059));
#2052=DIRECTION('',(0.,1.,6.12323399573677E-17));
#2053=DIRECTION('',(-0.724137931034484,4.22291999705983E-17,-0.689655172413793));
#2054=CARTESIAN_POINT('',(-9.79795897113271,-1.40395818298165E-16,2.29283771281506));
#2055=VECTOR('',#2056,1.);
#2056=DIRECTION('',(0.,1.,0.));
#2057=CARTESIAN_POINT('',(-6.63103029313523,-4.76272432167358E-16,7.77811908705364));
#2058=AXIS2_PLACEMENT_3D('',#2059,#2060,#2061);
#2059=CARTESIAN_POINT('',(-2.628604982129E-16,-1.79311383834296E-17,0.292837712815057));
#2060=DIRECTION('',(-3.08148791101958E-33,1.,6.12323399573677E-17));
#2061=DIRECTION('',(-0.979795897113271,-1.22464679914736E-17,0.2));
#2062=CARTESIAN_POINT('',(-6.63103029313523,-4.76272432167358E-16,7.77811908705363));
#2063=VECTOR('',#2064,1.);
#2064=DIRECTION('',(0.,1.,0.));
#2065=CARTESIAN_POINT('',(-3.16692867799747,-5.98737112082094E-16,9.77811908705363));
#2066=AXIS2_PLACEMENT_3D('',#2067,#2068,#2069);
#2067=CARTESIAN_POINT('',(-3.84897948556634,-4.2614437205861E-16,6.95946573910631));
#2068=DIRECTION('',(0.,1.,6.12323399573677E-17));
#2069=DIRECTION('',(-0.959327864678922,-1.72855379685338E-17,0.282294257912872));
#2070=CARTESIAN_POINT('',(-3.16692867799746,-5.98737112082094E-16,9.77811908705364));
#2071=VECTOR('',#2072,1.);
#2072=DIRECTION('',(0.,1.,0.));
#2073=CARTESIAN_POINT('',(3.16692867799748,-5.98737112082093E-16,9.77811908705362));
#2074=AXIS2_PLACEMENT_3D('',#2075,#2076,#2077);
#2075=CARTESIAN_POINT('',(-2.628604982129E-16,-1.79311383834296E-17,0.292837712815057));
#2076=DIRECTION('',(0.,1.,6.12323399573677E-17));
#2077=DIRECTION('',(-0.316692867799748,-5.80805973698663E-17,0.948528137423857));
#2078=CARTESIAN_POINT('',(3.16692867799748,-5.98737112082093E-16,9.77811908705363));
#2079=VECTOR('',#2080,1.);
#2080=DIRECTION('',(0.,1.,0.));
#2081=CARTESIAN_POINT('',(6.63103029313524,-4.76272432167358E-16,7.77811908705362));
#2082=AXIS2_PLACEMENT_3D('',#2083,#2084,#2085);
#2083=CARTESIAN_POINT('',(3.84897948556636,-4.2614437205861E-16,6.9594657391063));
#2084=DIRECTION('',(0.,1.,6.12323399573677E-17));
#2085=DIRECTION('',(-0.235189933644439,-5.95147379391321E-17,0.971949430326663));
#2086=CARTESIAN_POINT('',(6.63103029313524,-4.76272432167358E-16,7.77811908705362));
#2087=VECTOR('',#2088,1.);
#2088=DIRECTION('',(0.,1.,0.));
#2089=AXIS2_PLACEMENT_3D('',#2090,#2091,#2092);
#2090=CARTESIAN_POINT('',(-2.628604982129E-16,-1.79311383834296E-17,0.292837712815057));
#2091=DIRECTION('',(0.,1.,6.12323399573677E-17));
#2092=DIRECTION('',(0.663103029313524,-4.58341293783928E-17,0.748528137423857));
#2093=CARTESIAN_POINT('',(6.,7.39173715526218E-17,-1.20716228718494));
#2094=AXIS2_PLACEMENT_3D('',#2095,#2096,#2097);
#2095=CARTESIAN_POINT('',(6.,-1.79311383834297E-17,0.292837712815059));
#2096=DIRECTION('',(0.,1.,6.12323399573677E-17));
#2097=DIRECTION('',(6.12323399573676E-17,6.12323399573677E-17,-1.));
#2098=CARTESIAN_POINT('',(-6.,7.3917371552622E-17,-1.20716228718494));
#2099=AXIS2_PLACEMENT_3D('',#2100,#2101,#2102);
#2100=CARTESIAN_POINT('',(-6.,-1.79311383834295E-17,0.292837712815056));
#2101=DIRECTION('',(0.,1.,6.12323399573677E-17));
#2102=DIRECTION('',(6.12323399573676E-17,6.12323399573677E-17,-1.));
#2103=CARTESIAN_POINT('',(1.14548332080656E-15,2.63737625420462E-16,-4.30716228718494));
#2104=AXIS2_PLACEMENT_3D('',#2105,#2106,#2107);
#2105=CARTESIAN_POINT('',(1.57410970050813E-15,3.49462901360776E-16,-5.70716228718494));
#2106=DIRECTION('',(0.,1.,6.12323399573677E-17));
#2107=DIRECTION('',(-1.83697019872103E-16,-6.12323399573677E-17,1.));
#2108=CARTESIAN_POINT('',(-1.79366899714709E-15,-4.7105045406795E-16,7.69283771281506));
#2109=AXIS2_PLACEMENT_3D('',#2110,#2111,#2112);
#2110=CARTESIAN_POINT('',(-1.36504261744552E-15,-3.85325178127636E-16,6.29283771281506));
#2111=DIRECTION('',(0.,1.,6.12323399573677E-17));
#2112=DIRECTION('',(-1.83697019872103E-16,-6.12323399573677E-17,1.));
#2113=CARTESIAN_POINT('',(-2.20342578948757,9.7,1.05));
#2114=CARTESIAN_POINT('',(-2.37377302011578,9.7,0.931505045059009));
#2115=CARTESIAN_POINT('',(-2.37377302011578,9.7,0.931505045059009));
#2116=VECTOR('',#2117,1.);
#2117=DIRECTION('',(0.820922069065187,0.,0.571040240720155));
#2118=CARTESIAN_POINT('',(-2.20342578948757,0.,1.05));
#2119=CARTESIAN_POINT('',(-2.20342578948758,0.,1.05));
#2120=VECTOR('',#2121,1.);
#2121=DIRECTION('',(4.57823927680477E-17,1.,6.86735891520715E-17));
#2122=CARTESIAN_POINT('',(-2.37377302011578,8.88178419700125E-16,0.931505045059008));
#2123=CARTESIAN_POINT('',(-2.37377302011578,-2.85191167955281E-17,0.931505045059008));
#2124=VECTOR('',#2125,1.);
#2125=DIRECTION('',(0.820922069065187,-1.74830650745568E-17,0.571040240720154));
#2126=CARTESIAN_POINT('',(-2.37377302011578,1.11022302462516E-15,0.931505045059009));
#2127=VECTOR('',#2128,1.);
#2128=DIRECTION('',(0.,1.,6.86735891520715E-17));
#2129=CARTESIAN_POINT('',(-2.37377302011578,9.7,-0.931505045059009));
#2130=AXIS2_PLACEMENT_3D('',#2131,#2132,#2133);
#2131=CARTESIAN_POINT('',(0.,9.7,5.93953697586466E-16));
#2132=DIRECTION('',(0.,1.,6.12323399573676E-17));
#2133=DIRECTION('',(-0.930891380437563,2.23679347415907E-17,-0.365296096101572));
#2134=CARTESIAN_POINT('',(-2.37377302011578,-1.77635683940025E-15,-0.931505045059009));
#2135=AXIS2_PLACEMENT_3D('',#2136,#2137,#2138);
#2136=CARTESIAN_POINT('',(0.,-1.3596310734469E-33,2.22044604925032E-17));
#2137=DIRECTION('',(0.,1.,6.12323399573676E-17));
#2138=DIRECTION('',(-0.930891380437563,2.23679347415907E-17,-0.365296096101572));
#2139=CARTESIAN_POINT('',(-2.37377302011578,-1.33226762955019E-15,-0.931505045059009));
#2140=VECTOR('',#2141,1.);
#2141=DIRECTION('',(0.,1.,5.72279909600596E-17));
#2142=CARTESIAN_POINT('',(-2.20342578948758,9.7,-1.05));
#2143=CARTESIAN_POINT('',(-2.20342578948757,9.7,-1.05));
#2144=VECTOR('',#2145,1.);
#2145=DIRECTION('',(-0.820922069065188,0.,0.571040240720153));
#2146=CARTESIAN_POINT('',(-2.20342578948758,-1.77635683940025E-15,-1.05));
#2147=CARTESIAN_POINT('',(-2.20342578948758,3.2146978477618E-17,-1.05));
#2148=VECTOR('',#2149,1.);
#2149=DIRECTION('',(-0.820922069065187,-1.74830650745568E-17,0.571040240720155));
#2150=CARTESIAN_POINT('',(-2.20342578948758,-1.77635683940025E-15,-1.05));
#2151=VECTOR('',#2152,1.);
#2152=DIRECTION('',(0.,1.,6.86735891520715E-17));
#2153=CARTESIAN_POINT('',(-1.4,9.7,-1.05));
#2154=CARTESIAN_POINT('',(-1.4,9.7,-1.05));
#2155=VECTOR('',#2156,1.);
#2156=DIRECTION('',(-1.,0.,0.));
#2157=CARTESIAN_POINT('',(-1.4,0.,-1.05));
#2158=CARTESIAN_POINT('',(-1.4,3.2146978477618E-17,-1.05));
#2159=VECTOR('',#2160,1.);
#2160=DIRECTION('',(-1.,7.67087128976766E-33,0.));
#2161=CARTESIAN_POINT('',(-1.4,0.,-1.05));
#2162=VECTOR('',#2163,1.);
#2163=DIRECTION('',(0.,1.,6.86735891520715E-17));
#2164=CARTESIAN_POINT('',(-1.05,9.7,-1.4));
#2165=AXIS2_PLACEMENT_3D('',#2166,#2167,#2168);
#2166=CARTESIAN_POINT('',(-1.4,9.7,-1.4));
#2167=DIRECTION('',(0.,-1.,-6.12323399573676E-17));
#2168=DIRECTION('',(1.,0.,0.));
#2169=CARTESIAN_POINT('',(-1.05,0.,-1.4));
#2170=AXIS2_PLACEMENT_3D('',#2171,#2172,#2173);
#2171=CARTESIAN_POINT('',(-1.4,8.57252759403147E-17,-1.4));
#2172=DIRECTION('',(0.,-1.,-6.12323399573677E-17));
#2173=DIRECTION('',(1.,0.,0.));
#2174=CARTESIAN_POINT('',(-1.05,0.,-1.4));
#2175=VECTOR('',#2176,1.);
#2176=DIRECTION('',(0.,1.,6.86735891520715E-17));
#2177=CARTESIAN_POINT('',(-1.05,9.7,-2.20342578948758));
#2178=CARTESIAN_POINT('',(-1.05,9.7,-2.20342578948758));
#2179=VECTOR('',#2180,1.);
#2180=DIRECTION('',(0.,2.21097811726109E-15,1.));
#2181=CARTESIAN_POINT('',(-1.05,-1.77635683940025E-15,-2.20342578948758));
#2182=CARTESIAN_POINT('',(-1.05,6.74604585063673E-17,-2.20342578948758));
#2183=VECTOR('',#2184,1.);
#2184=DIRECTION('',(-2.76372264657636E-16,-3.06161699786838E-17,1.));
#2185=CARTESIAN_POINT('',(-1.05,-1.77635683940025E-15,-2.20342578948758));
#2186=VECTOR('',#2187,1.);
#2187=DIRECTION('',(2.28911963840238E-17,1.,0.));
#2188=CARTESIAN_POINT('',(-0.931505045059008,9.7,-2.37377302011578));
#2189=CARTESIAN_POINT('',(-0.931505045059009,9.7,-2.37377302011578));
#2190=VECTOR('',#2191,1.);
#2191=DIRECTION('',(-0.571040240720162,0.,0.820922069065182));
#2192=CARTESIAN_POINT('',(-0.931505045059008,0.,-2.37377302011578));
#2193=CARTESIAN_POINT('',(-0.931505045059008,7.26758382746785E-17,-2.37377302011578));
#2194=VECTOR('',#2195,1.);
#2195=DIRECTION('',(-0.57104024072016,-2.51334896057524E-17,0.820922069065183));
#2196=CARTESIAN_POINT('',(-0.931505045059008,0.,-2.37377302011578));
#2197=VECTOR('',#2198,1.);
#2198=DIRECTION('',(2.28911963840238E-17,1.,9.15647855360954E-17));
#2199=CARTESIAN_POINT('',(0.931505045059008,9.7,-2.37377302011578));
#2200=AXIS2_PLACEMENT_3D('',#2201,#2202,#2203);
#2201=CARTESIAN_POINT('',(0.,9.7,5.93953697586466E-16));
#2202=DIRECTION('',(-3.08148791101958E-33,1.,6.12323399573677E-17));
#2203=DIRECTION('',(0.365296096101572,5.70006574703361E-17,-0.930891380437563));
#2204=CARTESIAN_POINT('',(0.931505045059008,1.77635683940025E-15,-2.37377302011578));
#2205=AXIS2_PLACEMENT_3D('',#2206,#2207,#2208);
#2206=CARTESIAN_POINT('',(0.,-1.3596310734469E-33,2.22044604925032E-17));
#2207=DIRECTION('',(3.08148791101958E-33,1.,6.12323399573677E-17));
#2208=DIRECTION('',(0.365296096101572,5.70006574703361E-17,-0.930891380437563));
#2209=CARTESIAN_POINT('',(0.931505045059008,2.22044604925031E-15,-2.37377302011578));
#2210=VECTOR('',#2211,1.);
#2211=DIRECTION('',(-1.14455981920119E-17,1.,9.15647855360954E-17));
#2212=CARTESIAN_POINT('',(1.05,9.7,-2.20342578948758));
#2213=CARTESIAN_POINT('',(1.05,9.7,-2.20342578948758));
#2214=VECTOR('',#2215,1.);
#2215=DIRECTION('',(-0.571040240720158,0.,-0.820922069065185));
#2216=CARTESIAN_POINT('',(1.05,8.88178419700125E-16,-2.20342578948758));
#2217=CARTESIAN_POINT('',(1.05,6.74604585063672E-17,-2.20342578948758));
#2218=VECTOR('',#2219,1.);
#2219=DIRECTION('',(-0.571040240720157,2.51334896057526E-17,-0.820922069065185));
#2220=CARTESIAN_POINT('',(1.05,8.88178419700125E-16,-2.20342578948758));
#2221=VECTOR('',#2222,1.);
#2222=DIRECTION('',(0.,1.,9.15647855360953E-17));
#2223=CARTESIAN_POINT('',(1.05,9.7,-1.4));
#2224=CARTESIAN_POINT('',(1.05,9.7,-1.4));
#2225=VECTOR('',#2226,1.);
#2226=DIRECTION('',(0.,0.,-1.));
#2227=CARTESIAN_POINT('',(1.05,0.,-1.4));
#2228=CARTESIAN_POINT('',(1.05,4.28626379701573E-17,-1.4));
#2229=VECTOR('',#2230,1.);
#2230=DIRECTION('',(0.,3.06161699786838E-17,-1.));
#2231=CARTESIAN_POINT('',(1.05,0.,-1.4));
#2232=VECTOR('',#2233,1.);
#2233=DIRECTION('',(0.,1.,4.57823927680477E-17));
#2234=CARTESIAN_POINT('',(1.4,9.7,-1.05));
#2235=AXIS2_PLACEMENT_3D('',#2236,#2237,#2238);
#2236=CARTESIAN_POINT('',(1.4,9.7,-1.4));
#2237=DIRECTION('',(0.,-1.,-6.12323399573676E-17));
#2238=DIRECTION('',(0.,-6.12323399573676E-17,1.));
#2239=CARTESIAN_POINT('',(1.4,1.77635683940025E-15,-1.05));
#2240=AXIS2_PLACEMENT_3D('',#2241,#2242,#2243);
#2241=CARTESIAN_POINT('',(1.4,8.57252759403147E-17,-1.4));
#2242=DIRECTION('',(0.,-1.,-6.12323399573677E-17));
#2243=DIRECTION('',(0.,-6.12323399573677E-17,1.));
#2244=CARTESIAN_POINT('',(1.4,2.22044604925031E-15,-1.05));
#2245=VECTOR('',#2246,1.);
#2246=DIRECTION('',(0.,1.,6.86735891520715E-17));
#2247=CARTESIAN_POINT('',(2.20342578948758,9.7,-1.05));
#2248=CARTESIAN_POINT('',(2.20342578948758,9.7,-1.05));
#2249=VECTOR('',#2250,1.);
#2250=DIRECTION('',(-1.,2.2109781172611E-15,0.));
#2251=CARTESIAN_POINT('',(2.20342578948758,-1.77635683940025E-15,-1.05));
#2252=CARTESIAN_POINT('',(2.20342578948758,3.2146978477618E-17,-1.05));
#2253=VECTOR('',#2254,1.);
#2254=DIRECTION('',(-1.,1.53417425795353E-32,-2.76372264657637E-16));
#2255=CARTESIAN_POINT('',(2.20342578948758,-1.77635683940025E-15,-1.05));
#2256=VECTOR('',#2257,1.);
#2257=DIRECTION('',(4.57823927680477E-17,1.,6.86735891520715E-17));
#2258=CARTESIAN_POINT('',(2.37377302011579,9.7,-0.931505045059008));
#2259=CARTESIAN_POINT('',(2.37377302011579,9.7,-0.931505045059008));
#2260=VECTOR('',#2261,1.);
#2261=DIRECTION('',(-0.820922069065186,0.,-0.571040240720157));
#2262=CARTESIAN_POINT('',(2.37377302011579,8.88178419700125E-16,-0.931505045059008));
#2263=CARTESIAN_POINT('',(2.37377302011579,2.85191167955281E-17,-0.931505045059008));
#2264=VECTOR('',#2265,1.);
#2265=DIRECTION('',(-0.820922069065186,1.74830650745569E-17,-0.571040240720157));
#2266=CARTESIAN_POINT('',(2.37377302011579,1.11022302462516E-15,-0.931505045059008));
#2267=VECTOR('',#2268,1.);
#2268=DIRECTION('',(0.,1.,5.72279909600596E-17));
#2269=CARTESIAN_POINT('',(2.37377302011578,9.7,0.93150504505901));
#2270=AXIS2_PLACEMENT_3D('',#2271,#2272,#2273);
#2271=CARTESIAN_POINT('',(0.,9.7,5.93953697586466E-16));
#2272=DIRECTION('',(0.,1.,6.12323399573676E-17));
#2273=DIRECTION('',(0.930891380437563,-2.23679347415907E-17,0.365296096101572));
#2274=CARTESIAN_POINT('',(2.37377302011578,0.,0.93150504505901));
#2275=AXIS2_PLACEMENT_3D('',#2276,#2277,#2278);
#2276=CARTESIAN_POINT('',(0.,-1.3596310734469E-33,2.22044604925032E-17));
#2277=DIRECTION('',(0.,1.,6.12323399573677E-17));
#2278=DIRECTION('',(0.930891380437563,-2.23679347415907E-17,0.365296096101572));
#2279=CARTESIAN_POINT('',(2.37377302011578,0.,0.93150504505901));
#2280=VECTOR('',#2281,1.);
#2281=DIRECTION('',(0.,1.,6.86735891520715E-17));
#2282=CARTESIAN_POINT('',(2.20342578948758,9.7,1.05));
#2283=CARTESIAN_POINT('',(2.20342578948758,9.7,1.05));
#2284=VECTOR('',#2285,1.);
#2285=DIRECTION('',(0.820922069065188,0.,-0.571040240720154));
#2286=CARTESIAN_POINT('',(2.20342578948758,1.77635683940025E-15,1.05));
#2287=CARTESIAN_POINT('',(2.20342578948758,-3.2146978477618E-17,1.05));
#2288=VECTOR('',#2289,1.);
#2289=DIRECTION('',(0.820922069065187,1.74830650745568E-17,-0.571040240720155));
#2290=CARTESIAN_POINT('',(2.20342578948758,1.77635683940025E-15,1.05));
#2291=VECTOR('',#2292,1.);
#2292=DIRECTION('',(0.,1.,4.57823927680477E-17));
#2293=CARTESIAN_POINT('',(1.4,9.7,1.05));
#2294=CARTESIAN_POINT('',(1.4,9.7,1.05));
#2295=VECTOR('',#2296,1.);
#2296=DIRECTION('',(1.,0.,0.));
#2297=CARTESIAN_POINT('',(1.4,8.88178419700125E-16,1.05));
#2298=CARTESIAN_POINT('',(1.4,-3.2146978477618E-17,1.05));
#2299=VECTOR('',#2300,1.);
#2300=DIRECTION('',(1.,-7.67087128976766E-33,2.76372264657637E-16));
#2301=CARTESIAN_POINT('',(1.4,1.11022302462516E-15,1.05));
#2302=VECTOR('',#2303,1.);
#2303=DIRECTION('',(0.,1.,4.57823927680477E-17));
#2304=CARTESIAN_POINT('',(1.05,9.7,1.4));
#2305=AXIS2_PLACEMENT_3D('',#2306,#2307,#2308);
#2306=CARTESIAN_POINT('',(1.4,9.7,1.4));
#2307=DIRECTION('',(0.,-1.,-6.12323399573676E-17));
#2308=DIRECTION('',(-1.,0.,0.));
#2309=CARTESIAN_POINT('',(1.05,-1.77635683940025E-15,1.4));
#2310=AXIS2_PLACEMENT_3D('',#2311,#2312,#2313);
#2311=CARTESIAN_POINT('',(1.4,-8.57252759403147E-17,1.4));
#2312=DIRECTION('',(0.,-1.,-6.12323399573677E-17));
#2313=DIRECTION('',(-1.,0.,0.));
#2314=CARTESIAN_POINT('',(1.05,-1.33226762955019E-15,1.4));
#2315=VECTOR('',#2316,1.);
#2316=DIRECTION('',(0.,1.,9.15647855360954E-17));
#2317=CARTESIAN_POINT('',(1.05,9.7,2.20342578948758));
#2318=CARTESIAN_POINT('',(1.05,9.7,2.20342578948758));
#2319=VECTOR('',#2320,1.);
#2320=DIRECTION('',(-2.76372264657637E-16,0.,-1.));
#2321=CARTESIAN_POINT('',(1.05,-1.77635683940025E-15,2.20342578948758));
#2322=CARTESIAN_POINT('',(1.05,-6.74604585063672E-17,2.20342578948758));
#2323=VECTOR('',#2324,1.);
#2324=DIRECTION('',(0.,3.06161699786838E-17,-1.));
#2325=CARTESIAN_POINT('',(1.05,-1.77635683940025E-15,2.20342578948758));
#2326=VECTOR('',#2327,1.);
#2327=DIRECTION('',(0.,1.,4.57823927680477E-17));
#2328=CARTESIAN_POINT('',(0.931505045059008,9.7,2.37377302011579));
#2329=CARTESIAN_POINT('',(0.931505045059008,9.7,2.37377302011579));
#2330=VECTOR('',#2331,1.);
#2331=DIRECTION('',(0.571040240720156,0.,-0.820922069065186));
#2332=CARTESIAN_POINT('',(0.931505045059008,8.88178419700125E-16,2.37377302011579));
#2333=CARTESIAN_POINT('',(0.931505045059007,-7.26758382746786E-17,2.37377302011579));
#2334=VECTOR('',#2335,1.);
#2335=DIRECTION('',(0.571040240720157,2.51334896057526E-17,-0.820922069065186));
#2336=CARTESIAN_POINT('',(0.931505045059008,1.11022302462516E-15,2.37377302011579));
#2337=VECTOR('',#2338,1.);
#2338=DIRECTION('',(2.28911963840238E-17,1.,4.57823927680477E-17));
#2339=CARTESIAN_POINT('',(-0.931505045059009,9.7,2.37377302011578));
#2340=AXIS2_PLACEMENT_3D('',#2341,#2342,#2343);
#2341=CARTESIAN_POINT('',(0.,9.7,5.93953697586466E-16));
#2342=DIRECTION('',(-3.08148791101958E-33,1.,6.12323399573676E-17));
#2343=DIRECTION('',(-0.365296096101572,-5.70006574703361E-17,0.930891380437563));
#2344=CARTESIAN_POINT('',(-0.931505045059009,0.,2.37377302011578));
#2345=AXIS2_PLACEMENT_3D('',#2346,#2347,#2348);
#2346=CARTESIAN_POINT('',(0.,-1.3596310734469E-33,2.22044604925032E-17));
#2347=DIRECTION('',(0.,1.,6.12323399573676E-17));
#2348=DIRECTION('',(-0.365296096101572,-5.70006574703361E-17,0.930891380437563));
#2349=CARTESIAN_POINT('',(-0.931505045059009,0.,2.37377302011578));
#2350=VECTOR('',#2351,1.);
#2351=DIRECTION('',(-1.14455981920119E-17,1.,4.57823927680477E-17));
#2352=CARTESIAN_POINT('',(-1.05,9.7,2.20342578948758));
#2353=CARTESIAN_POINT('',(-1.05,9.7,2.20342578948758));
#2354=VECTOR('',#2355,1.);
#2355=DIRECTION('',(0.571040240720152,0.,0.820922069065189));
#2356=CARTESIAN_POINT('',(-1.05,1.77635683940025E-15,2.20342578948758));
#2357=CARTESIAN_POINT('',(-1.05,-6.74604585063672E-17,2.20342578948757));
#2358=VECTOR('',#2359,1.);
#2359=DIRECTION('',(0.571040240720152,-2.51334896057527E-17,0.820922069065189));
#2360=CARTESIAN_POINT('',(-1.05,1.77635683940025E-15,2.20342578948757));
#2361=VECTOR('',#2362,1.);
#2362=DIRECTION('',(0.,1.,4.57823927680477E-17));
#2363=CARTESIAN_POINT('',(-1.05,9.7,1.4));
#2364=CARTESIAN_POINT('',(-1.05,9.7,1.4));
#2365=VECTOR('',#2366,1.);
#2366=DIRECTION('',(0.,-2.2109781172611E-15,1.));
#2367=CARTESIAN_POINT('',(-1.05,0.,1.4));
#2368=CARTESIAN_POINT('',(-1.05,-4.28626379701574E-17,1.4));
#2369=VECTOR('',#2370,1.);
#2370=DIRECTION('',(0.,-3.06161699786838E-17,1.));
#2371=CARTESIAN_POINT('',(-1.05,0.,1.4));
#2372=VECTOR('',#2373,1.);
#2373=DIRECTION('',(0.,1.,4.57823927680477E-17));
#2374=CARTESIAN_POINT('',(-1.4,9.7,1.05));
#2375=AXIS2_PLACEMENT_3D('',#2376,#2377,#2378);
#2376=CARTESIAN_POINT('',(-1.4,9.7,1.4));
#2377=DIRECTION('',(0.,-1.,-6.12323399573676E-17));
#2378=DIRECTION('',(0.,6.12323399573676E-17,-1.));
#2379=CARTESIAN_POINT('',(-1.4,0.,1.05));
#2380=AXIS2_PLACEMENT_3D('',#2381,#2382,#2383);
#2381=CARTESIAN_POINT('',(-1.4,-8.57252759403147E-17,1.4));
#2382=DIRECTION('',(0.,-1.,-6.12323399573677E-17));
#2383=DIRECTION('',(0.,6.12323399573677E-17,-1.));
#2384=CARTESIAN_POINT('',(-1.4,0.,1.05));
#2385=VECTOR('',#2386,1.);
#2386=DIRECTION('',(0.,1.,4.57823927680477E-17));
#2387=CARTESIAN_POINT('',(-2.20342578948758,9.7,1.05));
#2388=VECTOR('',#2389,1.);
#2389=DIRECTION('',(1.,0.,-2.76372264657637E-16));
#2390=CARTESIAN_POINT('',(-2.20342578948757,-3.2146978477618E-17,1.05));
#2391=VECTOR('',#2392,1.);
#2392=DIRECTION('',(1.,2.3012613869303E-32,-5.52744529315275E-16));
#2393=CARTESIAN_POINT('',(-1.05,9.7,2.20342578948758));
#2394=CARTESIAN_POINT('',(-1.05,9.87573593128807,2.20342578948758));
#2395=CARTESIAN_POINT('',(-1.17426406871193,10.,2.24239493864318));
#2396=CARTESIAN_POINT('',(-1.35,10.,2.29750563789316));
#2397=AXIS2_PLACEMENT_3D('',#2398,#2399,#2400);
#2398=CARTESIAN_POINT('',(-1.35,9.7,1.4));
#2399=DIRECTION('',(-1.50559458967052E-46,4.03403378260853E-16,-1.));
#2400=DIRECTION('',(6.12323399573677E-17,1.,4.03403378260853E-16));
#2401=AXIS2_PLACEMENT_3D('',#2402,#2403,#2404);
#2402=CARTESIAN_POINT('',(-1.4,9.7,1.35));
#2403=DIRECTION('',(-1.,-5.35628493807798E-34,8.74747713676667E-18));
#2404=DIRECTION('',(-5.35628493807798E-34,1.,4.68539800338448E-51));
#2405=CARTESIAN_POINT('',(-2.29750563789316,10.,1.35));
#2406=CARTESIAN_POINT('',(-2.24239493864317,10.,1.17426406871193));
#2407=CARTESIAN_POINT('',(-2.20342578948757,9.87573593128807,1.05));
#2408=CARTESIAN_POINT('',(-2.20342578948757,9.7,1.05));
#2409=CARTESIAN_POINT('',(-2.61753876328521,10.,1.12738228773583));
#2410=CARTESIAN_POINT('',(-2.60767629745715,10.0000037914997,1.11932693389259));
#2411=CARTESIAN_POINT('',(-2.58793217832672,9.99849737457232,1.10323237372941));
#2412=CARTESIAN_POINT('',(-2.55867478807719,9.99177385564827,1.07947293709381));
#2413=CARTESIAN_POINT('',(-2.52803714148654,9.97980655603759,1.05468788554892));
#2414=CARTESIAN_POINT('',(-2.49573796036261,9.96092046136942,1.02866852450354));
#2415=CARTESIAN_POINT('',(-2.46312666758909,9.93341250476218,1.00251998085766));
#2416=CARTESIAN_POINT('',(-2.43517536787088,9.90028975867929,0.980208144383045));
#2417=CARTESIAN_POINT('',(-2.41358412540807,9.8653787010936,0.963034142711214));
#2418=CARTESIAN_POINT('',(-2.39761651699587,9.83077800847855,0.950366278585446));
#2419=CARTESIAN_POINT('',(-2.385991548017,9.79584206344785,0.941162161639904));
#2420=CARTESIAN_POINT('',(-2.3784300140413,9.76138423941974,0.935183845664112));
#2421=CARTESIAN_POINT('',(-2.37454707170886,9.72946976670828,0.932116260717013));
#2422=CARTESIAN_POINT('',(-2.3737700999049,9.70936590320025,0.931502889092002));
#2423=CARTESIAN_POINT('',(-2.37377302011578,9.7,0.931505045059009));
#2424=CARTESIAN_POINT('',(-2.6175387632852,10.,-1.12738228773583));
#2425=CARTESIAN_POINT('',(-2.60767629745714,10.0000037914997,-1.1193269338926));
#2426=CARTESIAN_POINT('',(-2.5879321783267,9.99849737457231,-1.10323237372943));
#2427=CARTESIAN_POINT('',(-2.55867478807715,9.99177385564827,-1.07947293709385));
#2428=CARTESIAN_POINT('',(-2.52803714148654,9.97980655603759,-1.05468788554892));
#2429=CARTESIAN_POINT('',(-2.4957379603626,9.96092046136942,-1.02866852450356));
#2430=CARTESIAN_POINT('',(-2.46312666758908,9.93341250476218,-1.00251998085767));
#2431=CARTESIAN_POINT('',(-2.43517536787088,9.90028975867929,-0.980208144383047));
#2432=CARTESIAN_POINT('',(-2.41358412540807,9.8653787010936,-0.963034142711217));
#2433=CARTESIAN_POINT('',(-2.39761651699587,9.83077800847854,-0.950366278585447));
#2434=CARTESIAN_POINT('',(-2.38599154801699,9.79584206344784,-0.941162161639907));
#2435=CARTESIAN_POINT('',(-2.3784300140413,9.76138423941973,-0.935183845664112));
#2436=CARTESIAN_POINT('',(-2.37454707170886,9.72946976670827,-0.932116260717011));
#2437=CARTESIAN_POINT('',(-2.3737700999049,9.70936590320024,-0.931502889092002));
#2438=CARTESIAN_POINT('',(-2.37377302011578,9.7,-0.931505045059009));
#2439=CARTESIAN_POINT('',(-2.29750563789316,10.,-1.35));
#2440=CARTESIAN_POINT('',(-2.24239493864317,10.,-1.17426406871193));
#2441=CARTESIAN_POINT('',(-2.20342578948757,9.87573593128807,-1.05));
#2442=CARTESIAN_POINT('',(-2.20342578948757,9.7,-1.05));
#2443=AXIS2_PLACEMENT_3D('',#2444,#2445,#2446);
#2444=CARTESIAN_POINT('',(-1.4,9.7,-1.35));
#2445=DIRECTION('',(1.,0.,0.));
#2446=DIRECTION('',(0.,1.,6.12323399573677E-17));
#2447=AXIS2_PLACEMENT_3D('',#2448,#2449,#2450);
#2448=CARTESIAN_POINT('',(-1.35,9.7,-1.4));
#2449=DIRECTION('',(-9.1769010181106E-16,6.12323399573677E-17,-1.));
#2450=DIRECTION('',(-7.40148683083436E-16,1.,6.12323399573683E-17));
#2451=CARTESIAN_POINT('',(-1.05,9.7,-2.20342578948758));
#2452=CARTESIAN_POINT('',(-1.05,9.87573593128807,-2.20342578948758));
#2453=CARTESIAN_POINT('',(-1.17426406871193,10.,-2.24239493864318));
#2454=CARTESIAN_POINT('',(-1.35,10.,-2.29750563789317));
#2455=CARTESIAN_POINT('',(-1.12738228773583,10.,-2.6175387632852));
#2456=CARTESIAN_POINT('',(-1.1193305011765,10.0000037847328,-2.60768066435056));
#2457=CARTESIAN_POINT('',(-1.1032430617891,9.9984987079838,-2.58794529830222));
#2458=CARTESIAN_POINT('',(-1.07949382442485,9.99178112482347,-2.55870054206035));
#2459=CARTESIAN_POINT('',(-1.05471877427893,9.97982433168595,-2.52807538880623));
#2460=CARTESIAN_POINT('',(-1.02870868634439,9.96095462555271,-2.49578791363247));
#2461=CARTESIAN_POINT('',(-1.00256722090198,9.93347005100062,-2.46318570149086));
#2462=CARTESIAN_POINT('',(-0.980258166731833,9.90037444189992,-2.43523813708622));
#2463=CARTESIAN_POINT('',(-0.963082567720825,9.86549048039288,-2.41364508399798));
#2464=CARTESIAN_POINT('',(-0.950409678228683,9.83091481676868,-2.39767127926643));
#2465=CARTESIAN_POINT('',(-0.94119561348874,9.7959948212284,-2.38603383366416));
#2466=CARTESIAN_POINT('',(-0.935202342942318,9.76152687170826,-2.3784534234732));
#2467=CARTESIAN_POINT('',(-0.932120196007763,9.7295586055551,-2.37455205625684));
#2468=CARTESIAN_POINT('',(-0.931502867245318,9.70940089084,-2.37377006998861));
#2469=CARTESIAN_POINT('',(-0.931505045059009,9.7,-2.37377302011578));
#2470=CARTESIAN_POINT('',(1.12738228773583,10.,-2.6175387632852));
#2471=CARTESIAN_POINT('',(1.11932693389259,10.0000037914997,-2.60767629745715));
#2472=CARTESIAN_POINT('',(1.1032323737294,9.99849737457232,-2.58793217832672));
#2473=CARTESIAN_POINT('',(1.07947293709382,9.99177385564827,-2.55867478807717));
#2474=CARTESIAN_POINT('',(1.05468788554891,9.97980655603759,-2.52803714148655));
#2475=CARTESIAN_POINT('',(1.02866852450355,9.96092046136942,-2.49573796036261));
#2476=CARTESIAN_POINT('',(1.00251998085767,9.93341250476218,-2.46312666758908));
#2477=CARTESIAN_POINT('',(0.980208144383045,9.90028975867929,-2.43517536787088));
#2478=CARTESIAN_POINT('',(0.963034142711215,9.8653787010936,-2.41358412540807));
#2479=CARTESIAN_POINT('',(0.950366278585448,9.83077800847855,-2.39761651699587));
#2480=CARTESIAN_POINT('',(0.941162161639903,9.79584206344785,-2.38599154801699));
#2481=CARTESIAN_POINT('',(0.935183845664112,9.76138423941974,-2.3784300140413));
#2482=CARTESIAN_POINT('',(0.932116260717012,9.72946976670828,-2.37454707170886));
#2483=CARTESIAN_POINT('',(0.931502889092002,9.70936590320025,-2.3737700999049));
#2484=CARTESIAN_POINT('',(0.931505045059009,9.7,-2.37377302011578));
#2485=CARTESIAN_POINT('',(1.35,10.,-2.29750563789317));
#2486=CARTESIAN_POINT('',(1.17426406871193,10.,-2.24239493864318));
#2487=CARTESIAN_POINT('',(1.05,9.87573593128807,-2.20342578948758));
#2488=CARTESIAN_POINT('',(1.05,9.7,-2.20342578948758));
#2489=AXIS2_PLACEMENT_3D('',#2490,#2491,#2492);
#2490=CARTESIAN_POINT('',(1.35,9.7,-1.4));
#2491=DIRECTION('',(-9.10353469766368E-46,-5.54517868099076E-16,1.));
#2492=DIRECTION('',(-6.12323399573677E-17,1.,5.54517868099076E-16));
#2493=AXIS2_PLACEMENT_3D('',#2494,#2495,#2496);
#2494=CARTESIAN_POINT('',(1.4,9.7,-1.35));
#2495=DIRECTION('',(1.,6.96317041950149E-33,-1.13717202777969E-16));
#2496=DIRECTION('',(-9.1130808299547E-32,1.,-7.40148683083436E-16));
#2497=CARTESIAN_POINT('',(2.29750563789317,10.,-1.35));
#2498=CARTESIAN_POINT('',(2.24239493864318,10.,-1.17426406871193));
#2499=CARTESIAN_POINT('',(2.20342578948758,9.87573593128807,-1.05));
#2500=CARTESIAN_POINT('',(2.20342578948758,9.7,-1.05));
#2501=CARTESIAN_POINT('',(2.6175387632852,10.,-1.12738228773583));
#2502=CARTESIAN_POINT('',(2.60767629745711,10.0000037914997,-1.11932693389264));
#2503=CARTESIAN_POINT('',(2.58793217832665,9.99849737457232,-1.10323237372948));
#2504=CARTESIAN_POINT('',(2.55867478807715,9.99177385564827,-1.07947293709385));
#2505=CARTESIAN_POINT('',(2.52803714148653,9.97980655603759,-1.05468788554893));
#2506=CARTESIAN_POINT('',(2.4957379603626,9.96092046136942,-1.02866852450356));
#2507=CARTESIAN_POINT('',(2.46312666758908,9.93341250476218,-1.00251998085767));
#2508=CARTESIAN_POINT('',(2.43517536787088,9.90028975867929,-0.98020814438305));
#2509=CARTESIAN_POINT('',(2.41358412540806,9.8653787010936,-0.963034142711222));
#2510=CARTESIAN_POINT('',(2.39761651699587,9.83077800847855,-0.95036627858545));
#2511=CARTESIAN_POINT('',(2.38599154801699,9.79584206344784,-0.941162161639905));
#2512=CARTESIAN_POINT('',(2.3784300140413,9.76138423941974,-0.935183845664116));
#2513=CARTESIAN_POINT('',(2.37454707170886,9.72946976670827,-0.932116260717014));
#2514=CARTESIAN_POINT('',(2.3737700999049,9.70936590320024,-0.931502889092002));
#2515=CARTESIAN_POINT('',(2.37377302011579,9.7,-0.931505045059008));
#2516=CARTESIAN_POINT('',(2.6175387632852,10.,1.12738228773583));
#2517=CARTESIAN_POINT('',(2.6076762974571,10.0000037914997,1.11932693389264));
#2518=CARTESIAN_POINT('',(2.58793217832665,9.99849737457232,1.10323237372948));
#2519=CARTESIAN_POINT('',(2.55867478807717,9.99177385564827,1.07947293709384));
#2520=CARTESIAN_POINT('',(2.52803714148653,9.97980655603759,1.05468788554893));
#2521=CARTESIAN_POINT('',(2.4957379603626,9.96092046136942,1.02866852450356));
#2522=CARTESIAN_POINT('',(2.46312666758908,9.93341250476218,1.00251998085767));
#2523=CARTESIAN_POINT('',(2.43517536787087,9.90028975867929,0.980208144383051));
#2524=CARTESIAN_POINT('',(2.41358412540806,9.8653787010936,0.963034142711224));
#2525=CARTESIAN_POINT('',(2.39761651699587,9.83077800847854,0.95036627858545));
#2526=CARTESIAN_POINT('',(2.38599154801699,9.79584206344784,0.941162161639909));
#2527=CARTESIAN_POINT('',(2.3784300140413,9.76138423941973,0.935183845664115));
#2528=CARTESIAN_POINT('',(2.37454707170886,9.72946976670828,0.932116260717016));
#2529=CARTESIAN_POINT('',(2.3737700999049,9.70936590320025,0.931502889092004));
#2530=CARTESIAN_POINT('',(2.37377302011578,9.7,0.93150504505901));
#2531=CARTESIAN_POINT('',(2.29750563789317,10.,1.35));
#2532=CARTESIAN_POINT('',(2.24239493864318,10.,1.17426406871193));
#2533=CARTESIAN_POINT('',(2.20342578948758,9.87573593128807,1.05));
#2534=CARTESIAN_POINT('',(2.20342578948758,9.7,1.05));
#2535=AXIS2_PLACEMENT_3D('',#2536,#2537,#2538);
#2536=CARTESIAN_POINT('',(1.4,9.7,1.35));
#2537=DIRECTION('',(-1.,0.,-1.38629467024769E-16));
#2538=DIRECTION('',(8.48860665296935E-33,1.,-6.12323399573677E-17));
#2539=AXIS2_PLACEMENT_3D('',#2540,#2541,#2542);
#2540=CARTESIAN_POINT('',(1.35,9.7,1.4));
#2541=DIRECTION('',(6.12323399573677E-17,-6.12323399573677E-17,1.));
#2542=DIRECTION('',(3.74939945665464E-33,1.,6.12323399573677E-17));
#2543=CARTESIAN_POINT('',(1.35,10.,2.29750563789317));
#2544=CARTESIAN_POINT('',(1.17426406871193,10.,2.24239493864318));
#2545=CARTESIAN_POINT('',(1.05,9.87573593128807,2.20342578948758));
#2546=CARTESIAN_POINT('',(1.05,9.7,2.20342578948758));
#2547=CARTESIAN_POINT('',(1.12738228773583,10.,2.61753876328521));
#2548=CARTESIAN_POINT('',(1.11932693389259,10.0000037914997,2.60767629745715));
#2549=CARTESIAN_POINT('',(1.10323237372941,9.99849737457232,2.58793217832672));
#2550=CARTESIAN_POINT('',(1.07947293709383,9.99177385564827,2.55867478807717));
#2551=CARTESIAN_POINT('',(1.05468788554891,9.97980655603759,2.52803714148655));
#2552=CARTESIAN_POINT('',(1.02866852450355,9.96092046136942,2.49573796036261));
#2553=CARTESIAN_POINT('',(1.00251998085766,9.93341250476218,2.46312666758909));
#2554=CARTESIAN_POINT('',(0.980208144383047,9.90028975867929,2.43517536787088));
#2555=CARTESIAN_POINT('',(0.963034142711214,9.8653787010936,2.41358412540807));
#2556=CARTESIAN_POINT('',(0.950366278585447,9.83077800847855,2.39761651699587));
#2557=CARTESIAN_POINT('',(0.941162161639904,9.79584206344784,2.38599154801699));
#2558=CARTESIAN_POINT('',(0.935183845664113,9.76138423941974,2.3784300140413));
#2559=CARTESIAN_POINT('',(0.932116260717013,9.72946976670828,2.37454707170886));
#2560=CARTESIAN_POINT('',(0.931502889092001,9.70936590320025,2.3737700999049));
#2561=CARTESIAN_POINT('',(0.931505045059008,9.7,2.37377302011579));
#2562=CARTESIAN_POINT('',(-1.12738228773583,10.,2.6175387632852));
#2563=CARTESIAN_POINT('',(-1.11933050117651,10.0000037847328,2.60768066435056));
#2564=CARTESIAN_POINT('',(-1.10324306178911,9.99849870798379,2.58794529830222));
#2565=CARTESIAN_POINT('',(-1.07949382442485,9.99178112482347,2.55870054206035));
#2566=CARTESIAN_POINT('',(-1.05471877427893,9.97982433168594,2.52807538880623));
#2567=CARTESIAN_POINT('',(-1.02870868634439,9.96095462555271,2.49578791363247));
#2568=CARTESIAN_POINT('',(-1.00256722090198,9.93347005100063,2.46318570149087));
#2569=CARTESIAN_POINT('',(-0.980258166731836,9.90037444189992,2.43523813708622));
#2570=CARTESIAN_POINT('',(-0.963082567720827,9.86549048039288,2.41364508399799));
#2571=CARTESIAN_POINT('',(-0.950409678228685,9.83091481676868,2.39767127926643));
#2572=CARTESIAN_POINT('',(-0.941195613488739,9.7959948212284,2.38603383366416));
#2573=CARTESIAN_POINT('',(-0.935202342942319,9.76152687170826,2.37845342347321));
#2574=CARTESIAN_POINT('',(-0.932120196007762,9.72955860555511,2.37455205625685));
#2575=CARTESIAN_POINT('',(-0.931502867245317,9.70940089084,2.37377006998861));
#2576=CARTESIAN_POINT('',(-0.931505045059009,9.7,2.37377302011578));
ENDSEC;
END-ISO-10303-21;
