ISO-10303-21;
HEADER;
FILE_DESCRIPTION(('STEP AP242'),
    '1');
FILE_NAME('Торец 02',
    '',
    ('UNSPECIFIED'),
    ('UNSPECIFIED'),
    'C3D Converter',
    'C3D Toolkit',
    '');
FILE_SCHEMA(('AP242_MANAGED_MODEL_BASED_3D_ENGINEERING_MIM_LF { 1 0 10303 442 1 1 4 }'));
ENDSEC;

DATA;
#1=PRODUCT_DEFINITION('','UNSPECIFIED',#28,#31);
#2=SHAPE_DEFINITION_REPRESENTATION(#26,#3);
#3=SHAPE_REPRESENTATION('NONE',(#4),#8);
#4=AXIS2_PLACEMENT_3D('',#5,#6,#7);
#5=CARTESIAN_POINT('',(0.,0.,0.));
#6=DIRECTION('',(0.,0.,1.));
#7=DIRECTION('',(1.,0.,0.));
#8=(GEOMETRIC_REPRESENTATION_CONTEXT(3)GLOBAL_UNCERTAINTY_ASSIGNED_CONTEXT((#10))
GLOBAL_UNIT_ASSIGNED_CONTEXT((#9,#11,#12))REPRESENTATION_CONTEXT('NONE','NONE'));
#9=(LENGTH_UNIT()NAMED_UNIT(*)SI_UNIT(.MILLI.,.METRE.));
#10=UNCERTAINTY_MEASURE_WITH_UNIT(LENGTH_MEASURE(1.E-5),#9,'NONE','NONE');
#11=(NAMED_UNIT(*)PLANE_ANGLE_UNIT()SI_UNIT($,.RADIAN.));
#12=(NAMED_UNIT(*)SI_UNIT($,.STERADIAN.)SOLID_ANGLE_UNIT());
#13=MANIFOLD_SOLID_BREP('',#14);
#14=CLOSED_SHELL('',(#53,#54,#55,#56,#57,#58,#59,#60,#61,#62,#63,#64,#65,#66,#67,
#68,#69,#70,#71,#72,#73,#74,#75,#76,#77,#78,#79,#80,#81,#82,#83,#84,#85,#86,#87,
#88,#89,#90,#91,#92,#93,#94,#95,#96,#97,#98,#99,#100,#101,#102,#103,#104,#105,#106,
#107,#108,#109,#110,#111,#112,#113,#114,#115,#116,#117,#118,#119,#120,#121,#122,
#123,#124,#125,#126,#127,#128,#129,#130,#131,#132,#133,#134,#135,#136,#137));
#15=COLOUR_RGB('',1.,0.2,1.);
#16=FILL_AREA_STYLE_COLOUR('',#15);
#17=FILL_AREA_STYLE($,(#16));
#18=SURFACE_STYLE_FILL_AREA(#17);
#19=SURFACE_SIDE_STYLE('',(#18));
#20=SURFACE_STYLE_USAGE(.BOTH.,#19);
#21=PRESENTATION_STYLE_ASSIGNMENT((#20));
#22=MECHANICAL_DESIGN_GEOMETRIC_PRESENTATION_REPRESENTATION('NONE',(#23),#8);
#23=STYLED_ITEM('',(#21),#13);
#24=ADVANCED_BREP_SHAPE_REPRESENTATION('NONE',(#13),#8);
#25=SHAPE_REPRESENTATION_RELATIONSHIP('','',#3,#24);
#26=PRODUCT_DEFINITION_SHAPE('NONE','NONE',#1);
#27=MECHANICAL_CONTEXT('NONE',#32,'mechanical');
#28=PRODUCT_DEFINITION_FORMATION_WITH_SPECIFIED_SOURCE('ANY','UNSPECIFIED',#29,.NOT_KNOWN.);
#29=PRODUCT('\X2\041A043E043B04350441043E\X0\ \X2\0433044004350431043D043E0435\X0\-02',
'\X2\0422043E044004350446\X0\ 02','NONE',(#27));
#30=PRODUCT_RELATED_PRODUCT_CATEGORY('detail','',(#29));
#31=DESIGN_CONTEXT('detailed design',#32,'design');
#32=APPLICATION_CONTEXT('configuration controlled 3d designs of mechanical parts and assemblies');
#33=APPLICATION_PROTOCOL_DEFINITION('international standard','config_control_design',
1994,#32);
#34=CC_DESIGN_DATE_AND_TIME_ASSIGNMENT(#35,#39,(#1));
#35=DATE_AND_TIME(#36,#37);
#36=CALENDAR_DATE(0,1,1);
#37=LOCAL_TIME(0,0,0.,#38);
#38=COORDINATED_UNIVERSAL_TIME_OFFSET(0,0,.AHEAD.);
#39=DATE_TIME_ROLE('creation_date');
#40=CC_DESIGN_APPROVAL(#41,(#1));
#41=APPROVAL(#42,'UNSPECIFIED');
#42=APPROVAL_STATUS('not_yet_approved');
#43=APPROVAL_DATE_TIME(#44,#41);
#44=DATE_AND_TIME(#45,#46);
#45=CALENDAR_DATE(0,1,1);
#46=LOCAL_TIME(0,0,0.,#47);
#47=COORDINATED_UNIVERSAL_TIME_OFFSET(0,0,.AHEAD.);
#48=PERSON('UNSPECIFIED','io','UNSPECIFIED',('UNSPECIFIED'),('UNSPECIFIED'),('UNSPECIFIED'));
#49=ORGANIZATION('UNSPECIFIED','UNSPECIFIED','UNSPECIFIED');
#50=PERSON_AND_ORGANIZATION(#48,#49);
#51=PERSON_AND_ORGANIZATION_ROLE('creator');
#52=CC_DESIGN_PERSON_AND_ORGANIZATION_ASSIGNMENT(#50,#51,(#28,#1));
#53=ADVANCED_FACE('',(#138),#140,.T.);
#54=ADVANCED_FACE('',(#145),#147,.T.);
#55=ADVANCED_FACE('',(#152,#154,#156,#158),#160,.T.);
#56=ADVANCED_FACE('',(#165,#167),#169,.F.);
#57=ADVANCED_FACE('',(#174,#176),#178,.F.);
#58=ADVANCED_FACE('',(#183,#185),#187,.F.);
#59=ADVANCED_FACE('',(#192,#194),#196,.F.);
#60=ADVANCED_FACE('',(#201,#203),#205,.F.);
#61=ADVANCED_FACE('',(#210,#212),#214,.F.);
#62=ADVANCED_FACE('',(#219,#221),#223,.F.);
#63=ADVANCED_FACE('',(#228),#230,.F.);
#64=ADVANCED_FACE('',(#235,#237),#239,.F.);
#65=ADVANCED_FACE('',(#244),#246,.F.);
#66=ADVANCED_FACE('',(#251),#253,.F.);
#67=ADVANCED_FACE('',(#258),#260,.T.);
#68=ADVANCED_FACE('',(#265),#267,.T.);
#69=ADVANCED_FACE('',(#272,#274),#276,.T.);
#70=ADVANCED_FACE('',(#281),#283,.T.);
#71=ADVANCED_FACE('',(#288),#290,.T.);
#72=ADVANCED_FACE('',(#295),#297,.T.);
#73=ADVANCED_FACE('',(#302),#304,.F.);
#74=ADVANCED_FACE('',(#309),#311,.T.);
#75=ADVANCED_FACE('',(#316),#318,.T.);
#76=ADVANCED_FACE('',(#323),#325,.T.);
#77=ADVANCED_FACE('',(#330),#332,.T.);
#78=ADVANCED_FACE('',(#337),#339,.T.);
#79=ADVANCED_FACE('',(#344),#346,.T.);
#80=ADVANCED_FACE('',(#351),#353,.T.);
#81=ADVANCED_FACE('',(#358),#360,.T.);
#82=ADVANCED_FACE('',(#365),#367,.T.);
#83=ADVANCED_FACE('',(#372),#374,.T.);
#84=ADVANCED_FACE('',(#379),#381,.T.);
#85=ADVANCED_FACE('',(#386),#388,.T.);
#86=ADVANCED_FACE('',(#393),#395,.T.);
#87=ADVANCED_FACE('',(#400),#402,.T.);
#88=ADVANCED_FACE('',(#407),#409,.T.);
#89=ADVANCED_FACE('',(#414),#416,.F.);
#90=ADVANCED_FACE('',(#421),#423,.T.);
#91=ADVANCED_FACE('',(#428),#430,.F.);
#92=ADVANCED_FACE('',(#435),#437,.T.);
#93=ADVANCED_FACE('',(#442,#444,#446,#448,#450,#452),#454,.F.);
#94=ADVANCED_FACE('',(#459),#461,.F.);
#95=ADVANCED_FACE('',(#466),#468,.T.);
#96=ADVANCED_FACE('',(#473),#475,.F.);
#97=ADVANCED_FACE('',(#480),#482,.T.);
#98=ADVANCED_FACE('',(#487),#489,.F.);
#99=ADVANCED_FACE('',(#494),#496,.F.);
#100=ADVANCED_FACE('',(#501),#503,.F.);
#101=ADVANCED_FACE('',(#508),#510,.F.);
#102=ADVANCED_FACE('',(#515),#517,.F.);
#103=ADVANCED_FACE('',(#522),#524,.F.);
#104=ADVANCED_FACE('',(#529),#531,.F.);
#105=ADVANCED_FACE('',(#536),#538,.F.);
#106=ADVANCED_FACE('',(#543),#545,.F.);
#107=ADVANCED_FACE('',(#550),#552,.F.);
#108=ADVANCED_FACE('',(#557),#559,.F.);
#109=ADVANCED_FACE('',(#564),#566,.F.);
#110=ADVANCED_FACE('',(#571),#573,.F.);
#111=ADVANCED_FACE('',(#578),#580,.F.);
#112=ADVANCED_FACE('',(#585),#587,.F.);
#113=ADVANCED_FACE('',(#592),#594,.F.);
#114=ADVANCED_FACE('',(#599),#601,.F.);
#115=ADVANCED_FACE('',(#606),#608,.F.);
#116=ADVANCED_FACE('',(#613),#615,.T.);
#117=ADVANCED_FACE('',(#620),#622,.F.);
#118=ADVANCED_FACE('',(#627),#629,.F.);
#119=ADVANCED_FACE('',(#634),#636,.F.);
#120=ADVANCED_FACE('',(#641),#643,.T.);
#121=ADVANCED_FACE('',(#648),#650,.F.);
#122=ADVANCED_FACE('',(#655),#657,.F.);
#123=ADVANCED_FACE('',(#662),#664,.F.);
#124=ADVANCED_FACE('',(#669),#671,.T.);
#125=ADVANCED_FACE('',(#676),#678,.F.);
#126=ADVANCED_FACE('',(#683),#685,.F.);
#127=ADVANCED_FACE('',(#690),#692,.F.);
#128=ADVANCED_FACE('',(#697),#699,.T.);
#129=ADVANCED_FACE('',(#704),#706,.F.);
#130=ADVANCED_FACE('',(#711),#713,.F.);
#131=ADVANCED_FACE('',(#718),#720,.F.);
#132=ADVANCED_FACE('',(#725),#727,.T.);
#133=ADVANCED_FACE('',(#732),#734,.F.);
#134=ADVANCED_FACE('',(#739),#741,.F.);
#135=ADVANCED_FACE('',(#746),#748,.F.);
#136=ADVANCED_FACE('',(#753),#755,.F.);
#137=ADVANCED_FACE('',(#760),#762,.F.);
#138=FACE_BOUND('',#139,.T.);
#139=EDGE_LOOP('',(#767,#768,#769,#770,#771,#772,#773,#774,#775,#776));
#140=CYLINDRICAL_SURFACE('',#141,4.4);
#141=AXIS2_PLACEMENT_3D('',#142,#143,#144);
#142=CARTESIAN_POINT('',(-15.4704850010474,92.3764044884959,58.8500957897013));
#143=DIRECTION('',(-8.64605148432962E-28,1.22464679905824E-16,-1.));
#144=DIRECTION('',(-0.818181818181527,0.574959574576483,7.04122402600051E-17));
#145=FACE_BOUND('',#146,.T.);
#146=EDGE_LOOP('',(#777,#778,#779,#780,#781,#782,#783,#784,#785,#786));
#147=CYLINDRICAL_SURFACE('',#148,4.4);
#148=AXIS2_PLACEMENT_3D('',#149,#150,#151);
#149=CARTESIAN_POINT('',(-15.4704850010474,92.3764044884959,58.8500957897013));
#150=DIRECTION('',(-8.64605148432962E-28,1.22464679905824E-16,-1.));
#151=DIRECTION('',(0.818181818181529,-0.574959574576481,-7.04122402600049E-17));
#152=FACE_BOUND('',#153,.T.);
#153=EDGE_LOOP('',(#787,#788,#789,#790,#791,#792,#793,#794,#795,#796,#797,#798));
#154=FACE_BOUND('',#155,.T.);
#155=EDGE_LOOP('',(#799,#800,#801,#802,#803,#804,#805,#806,#807,#808,#809,#810,#811,
#812,#813,#814,#815,#816,#817,#818,#819,#820));
#156=FACE_BOUND('',#157,.T.);
#157=EDGE_LOOP('',(#821));
#158=FACE_BOUND('',#159,.T.);
#159=EDGE_LOOP('',(#822));
#160=PLANE('',#161);
#161=AXIS2_PLACEMENT_3D('',#162,#163,#164);
#162=CARTESIAN_POINT('',(-15.4704850010474,92.3764044884959,58.8500957897013));
#163=DIRECTION('',(-8.64605148432962E-28,1.22464679905824E-16,-1.));
#164=DIRECTION('',(-1.,-2.33486982377251E-16,8.64576554524403E-28));
#165=FACE_BOUND('',#166,.T.);
#166=EDGE_LOOP('',(#823,#824));
#167=FACE_BOUND('',#168,.T.);
#168=EDGE_LOOP('',(#825,#826));
#169=CONICAL_SURFACE('',#170,1.72500000000001,0.523598775598299);
#170=AXIS2_PLACEMENT_3D('',#171,#172,#173);
#171=CARTESIAN_POINT('',(-9.47048500104745,92.3764044884959,62.5469868983766));
#172=DIRECTION('',(8.64605148432962E-28,-1.22464679905824E-16,1.));
#173=DIRECTION('',(1.,2.33486982377251E-16,-8.64576554524403E-28));
#174=FACE_OUTER_BOUND('',#175,.T.);
#175=EDGE_LOOP('',(#827));
#176=FACE_BOUND('',#177,.T.);
#177=EDGE_LOOP('',(#828,#829));
#178=CONICAL_SURFACE('',#179,1.95,0.523598775598299);
#179=AXIS2_PLACEMENT_3D('',#180,#181,#182);
#180=CARTESIAN_POINT('',(-15.4704850010474,86.3764044884959,62.7634932493227));
#181=DIRECTION('',(8.64605148432962E-28,-1.22464679905824E-16,1.));
#182=DIRECTION('',(-1.,-1.11022302462516E-16,8.64591552122228E-28));
#183=FACE_OUTER_BOUND('',#184,.T.);
#184=EDGE_LOOP('',(#830));
#185=FACE_BOUND('',#186,.T.);
#186=EDGE_LOOP('',(#831,#832));
#187=CONICAL_SURFACE('',#188,1.94999999999994,0.523598775598299);
#188=AXIS2_PLACEMENT_3D('',#189,#190,#191);
#189=CARTESIAN_POINT('',(-15.4704850010475,98.3764044884959,62.7634932493227));
#190=DIRECTION('',(8.64605148432962E-28,-1.22464679905824E-16,1.));
#191=DIRECTION('',(-1.,-1.11022302462516E-16,8.64591552122228E-28));
#192=FACE_BOUND('',#193,.T.);
#193=EDGE_LOOP('',(#833,#834));
#194=FACE_BOUND('',#195,.T.);
#195=EDGE_LOOP('',(#835,#836));
#196=CONICAL_SURFACE('',#197,1.725,0.523598775598299);
#197=AXIS2_PLACEMENT_3D('',#198,#199,#200);
#198=CARTESIAN_POINT('',(-21.4704850010475,92.3764044884959,62.5469868983767));
#199=DIRECTION('',(8.64605148432962E-28,-1.22464679905824E-16,1.));
#200=DIRECTION('',(1.,2.33486982377251E-16,-8.64576554524403E-28));
#201=FACE_BOUND('',#202,.T.);
#202=EDGE_LOOP('',(#837,#838));
#203=FACE_OUTER_BOUND('',#204,.T.);
#204=EDGE_LOOP('',(#839));
#205=CYLINDRICAL_SURFACE('',#206,1.55);
#206=AXIS2_PLACEMENT_3D('',#207,#208,#209);
#207=CARTESIAN_POINT('',(-9.47048500104745,92.3764044884959,57.8500957897013));
#208=DIRECTION('',(8.64591552122229E-28,-1.22464679905824E-16,1.));
#209=DIRECTION('',(-1.,1.22464679914735E-16,8.64606549720055E-28));
#210=FACE_BOUND('',#211,.T.);
#211=EDGE_LOOP('',(#840,#841));
#212=FACE_OUTER_BOUND('',#213,.T.);
#213=EDGE_LOOP('',(#842));
#214=CYLINDRICAL_SURFACE('',#215,1.55);
#215=AXIS2_PLACEMENT_3D('',#216,#217,#218);
#216=CARTESIAN_POINT('',(-21.4704850010475,92.3764044884959,57.8500957897013));
#217=DIRECTION('',(8.64591552122229E-28,-1.22464679905824E-16,1.));
#218=DIRECTION('',(-1.,1.22464679914735E-16,8.64606549720055E-28));
#219=FACE_BOUND('',#220,.T.);
#220=EDGE_LOOP('',(#843,#844));
#221=FACE_BOUND('',#222,.T.);
#222=EDGE_LOOP('',(#845,#846,#847));
#223=CYLINDRICAL_SURFACE('',#224,1.9);
#224=AXIS2_PLACEMENT_3D('',#225,#226,#227);
#225=CARTESIAN_POINT('',(-15.4704850010474,86.3764044884959,57.8500957897013));
#226=DIRECTION('',(8.64591552122229E-28,-1.22464679905824E-16,1.));
#227=DIRECTION('',(-1.,1.22464679914735E-16,8.64606549720055E-28));
#228=FACE_BOUND('',#229,.T.);
#229=EDGE_LOOP('',(#848,#849));
#230=PLANE('',#231);
#231=AXIS2_PLACEMENT_3D('',#232,#233,#234);
#232=CARTESIAN_POINT('',(-15.4704850010474,92.3764044884959,58.8500957897013));
#233=DIRECTION('',(-8.64605148432962E-28,1.22464679905824E-16,-1.));
#234=DIRECTION('',(-1.,-2.33486982377251E-16,8.64576554524403E-28));
#235=FACE_BOUND('',#236,.T.);
#236=EDGE_LOOP('',(#850,#851));
#237=FACE_BOUND('',#238,.T.);
#238=EDGE_LOOP('',(#852,#853,#854));
#239=CYLINDRICAL_SURFACE('',#240,1.9);
#240=AXIS2_PLACEMENT_3D('',#241,#242,#243);
#241=CARTESIAN_POINT('',(-15.4704850010474,98.3764044884959,57.8500957897013));
#242=DIRECTION('',(8.64591552122229E-28,-1.22464679905824E-16,1.));
#243=DIRECTION('',(-1.,1.22464679914735E-16,8.64606549720055E-28));
#244=FACE_BOUND('',#245,.T.);
#245=EDGE_LOOP('',(#855,#856));
#246=PLANE('',#247);
#247=AXIS2_PLACEMENT_3D('',#248,#249,#250);
#248=CARTESIAN_POINT('',(-15.4704850010474,92.3764044884959,58.8500957897013));
#249=DIRECTION('',(-8.64605148432962E-28,1.22464679905824E-16,-1.));
#250=DIRECTION('',(-1.,-2.33486982377251E-16,8.64576554524403E-28));
#251=FACE_BOUND('',#252,.T.);
#252=EDGE_LOOP('',(#857,#858,#859));
#253=PLANE('',#254);
#254=AXIS2_PLACEMENT_3D('',#255,#256,#257);
#255=CARTESIAN_POINT('',(-16.177591782234,93.0835112696825,62.8500957897013));
#256=DIRECTION('',(0.707106781186548,-0.707106781186547,-1.47827945575227E-16));
#257=DIRECTION('',(-0.707106781186547,-0.707106781186548,-1.47827945574004E-16));
#258=FACE_BOUND('',#259,.T.);
#259=EDGE_LOOP('',(#860,#861,#862,#863,#864));
#260=PLANE('',#261);
#261=AXIS2_PLACEMENT_3D('',#262,#263,#264);
#262=CARTESIAN_POINT('',(-13.8197874993518,95.4413155525646,55.8678186425176));
#263=DIRECTION('',(0.469608649327162,0.469608649327162,-0.747619845211614));
#264=DIRECTION('',(0.528647062298769,0.528647062298769,0.664126920886183));
#265=FACE_BOUND('',#266,.T.);
#266=EDGE_LOOP('',(#865,#866,#867,#868,#869,#870,#871,#872));
#267=PLANE('',#268);
#268=AXIS2_PLACEMENT_3D('',#269,#270,#271);
#269=CARTESIAN_POINT('',(-11.8704850010474,94.9062266166333,58.8500957897013));
#270=DIRECTION('',(1.,1.11022302462516E-16,-8.64591552122228E-28));
#271=DIRECTION('',(1.11022302462516E-16,-1.,-1.22464679905824E-16));
#272=FACE_BOUND('',#273,.T.);
#273=EDGE_LOOP('',(#873,#874,#875,#876));
#274=FACE_BOUND('',#275,.T.);
#275=EDGE_LOOP('',(#877,#878,#879,#880));
#276=PLANE('',#277);
#277=AXIS2_PLACEMENT_3D('',#278,#279,#280);
#278=CARTESIAN_POINT('',(-15.4704850010474,92.3764044884959,55.8500957897013));
#279=DIRECTION('',(-8.64605148432962E-28,1.22464679905824E-16,-1.));
#280=DIRECTION('',(-4.97899625051479E-17,1.,1.22464679905824E-16));
#281=FACE_BOUND('',#282,.T.);
#282=EDGE_LOOP('',(#881,#882,#883,#884,#885,#886,#887,#888));
#283=PLANE('',#284);
#284=AXIS2_PLACEMENT_3D('',#285,#286,#287);
#285=CARTESIAN_POINT('',(-19.0704850010474,89.8465823603585,58.8500957897013));
#286=DIRECTION('',(-1.,-1.98793139176839E-16,8.64580803294805E-28));
#287=DIRECTION('',(-1.98793139176839E-16,1.,1.22464679905824E-16));
#288=FACE_BOUND('',#289,.T.);
#289=EDGE_LOOP('',(#889,#890,#891,#892,#893));
#290=PLANE('',#291);
#291=AXIS2_PLACEMENT_3D('',#292,#293,#294);
#292=CARTESIAN_POINT('',(-18.5353960651162,94.0271019901915,55.8678186425176));
#293=DIRECTION('',(-0.469608649327162,0.469608649327162,-0.747619845211614));
#294=DIRECTION('',(-0.528647062298769,0.528647062298769,0.664126920886183));
#295=FACE_BOUND('',#296,.T.);
#296=EDGE_LOOP('',(#894,#895,#896));
#297=PLANE('',#298);
#298=AXIS2_PLACEMENT_3D('',#299,#300,#301);
#299=CARTESIAN_POINT('',(-14.7633782198609,93.0835112696825,62.8500957897013));
#300=DIRECTION('',(0.707106781186547,0.707106781186548,2.53632656592691E-17));
#301=DIRECTION('',(0.707106781186548,-0.707106781186547,-1.47827945575227E-16));
#302=FACE_BOUND('',#303,.T.);
#303=EDGE_LOOP('',(#897,#898,#899));
#304=PLANE('',#305);
#305=AXIS2_PLACEMENT_3D('',#306,#307,#308);
#306=CARTESIAN_POINT('',(-14.7633782198609,91.6692977073094,62.8500957897013));
#307=DIRECTION('',(-0.707106781186548,0.707106781186547,2.53632656604918E-17));
#308=DIRECTION('',(0.707106781186547,0.707106781186548,2.53632656592691E-17));
#309=FACE_BOUND('',#310,.T.);
#310=EDGE_LOOP('',(#900,#901,#902,#903,#904));
#311=PLANE('',#312);
#312=AXIS2_PLACEMENT_3D('',#313,#314,#315);
#313=CARTESIAN_POINT('',(-17.1211825027431,89.3114934244272,55.8678186425176));
#314=DIRECTION('',(-0.469608649327162,-0.469608649327162,-0.747619845211614));
#315=DIRECTION('',(-0.528647062298769,-0.528647062298769,0.664126920886183));
#316=FACE_BOUND('',#317,.T.);
#317=EDGE_LOOP('',(#905,#906,#907,#908,#909));
#318=PLANE('',#319);
#319=AXIS2_PLACEMENT_3D('',#320,#321,#322);
#320=CARTESIAN_POINT('',(-12.4055739369787,90.7257069868003,55.8678186425177));
#321=DIRECTION('',(0.469608649327162,-0.469608649327162,-0.747619845211614));
#322=DIRECTION('',(0.528647062298769,-0.528647062298769,0.664126920886183));
#323=FACE_BOUND('',#324,.T.);
#324=EDGE_LOOP('',(#910,#911,#912));
#325=PLANE('',#326);
#326=AXIS2_PLACEMENT_3D('',#327,#328,#329);
#327=CARTESIAN_POINT('',(-16.177591782234,91.6692977073094,62.8500957897013));
#328=DIRECTION('',(-0.707106781186547,-0.707106781186548,-1.47827945574004E-16));
#329=DIRECTION('',(-0.707106781186548,0.707106781186547,2.53632656604918E-17));
#330=FACE_BOUND('',#331,.T.);
#331=EDGE_LOOP('',(#913,#914,#915,#916));
#332=CYLINDRICAL_SURFACE('',#333,2.90000000000001);
#333=AXIS2_PLACEMENT_3D('',#334,#335,#336);
#334=CARTESIAN_POINT('',(-22.1371130273387,96.2253839740623,62.8500957897013));
#335=DIRECTION('',(-8.64605148432962E-28,1.22464679905824E-16,-1.));
#336=DIRECTION('',(-0.971949430326663,-0.235189933644439,-2.88024599399978E-17));
#337=FACE_BOUND('',#338,.T.);
#338=EDGE_LOOP('',(#917,#918,#919,#920));
#339=CYLINDRICAL_SURFACE('',#340,10.);
#340=AXIS2_PLACEMENT_3D('',#341,#342,#343);
#341=CARTESIAN_POINT('',(-15.4704850010474,92.3764044884959,62.8500957897013));
#342=DIRECTION('',(-8.64605148432962E-28,1.22464679905824E-16,-1.));
#343=DIRECTION('',(-0.748528137423857,0.663103029313524,8.12067002301101E-17));
#344=FACE_BOUND('',#345,.T.);
#345=EDGE_LOOP('',(#921,#922,#923,#924));
#346=CYLINDRICAL_SURFACE('',#347,2.90000000000001);
#347=AXIS2_PLACEMENT_3D('',#348,#349,#350);
#348=CARTESIAN_POINT('',(-15.4704850010475,100.074363459629,62.8500957897013));
#349=DIRECTION('',(-8.64605148432962E-28,1.22464679905824E-16,-1.));
#350=DIRECTION('',(-0.689655172413793,0.724137931034483,8.86813199323999E-17));
#351=FACE_BOUND('',#352,.T.);
#352=EDGE_LOOP('',(#925,#926,#927,#928));
#353=CYLINDRICAL_SURFACE('',#354,10.);
#354=AXIS2_PLACEMENT_3D('',#355,#356,#357);
#355=CARTESIAN_POINT('',(-15.4704850010474,92.3764044884959,62.8500957897013));
#356=DIRECTION('',(-8.64605148432962E-28,1.22464679905824E-16,-1.));
#357=DIRECTION('',(0.2,0.979795897113271,1.19990390912843E-16));
#358=FACE_BOUND('',#359,.T.);
#359=EDGE_LOOP('',(#929,#930,#931,#932));
#360=CYLINDRICAL_SURFACE('',#361,2.90000000000001);
#361=AXIS2_PLACEMENT_3D('',#362,#363,#364);
#362=CARTESIAN_POINT('',(-8.8038569747562,96.2253839740623,62.8500957897013));
#363=DIRECTION('',(-8.64605148432962E-28,1.22464679905824E-16,-1.));
#364=DIRECTION('',(0.282294257912873,0.959327864678922,1.17483779872398E-16));
#365=FACE_BOUND('',#366,.T.);
#366=EDGE_LOOP('',(#933,#934,#935,#936));
#367=CYLINDRICAL_SURFACE('',#368,10.);
#368=AXIS2_PLACEMENT_3D('',#369,#370,#371);
#369=CARTESIAN_POINT('',(-15.4704850010474,92.3764044884959,62.8500957897013));
#370=DIRECTION('',(-8.64605148432962E-28,1.22464679905824E-16,-1.));
#371=DIRECTION('',(0.948528137423857,0.316692867799748,3.87836906827335E-17));
#372=FACE_BOUND('',#373,.T.);
#373=EDGE_LOOP('',(#937,#938,#939,#940));
#374=CYLINDRICAL_SURFACE('',#375,2.90000000000001);
#375=AXIS2_PLACEMENT_3D('',#376,#377,#378);
#376=CARTESIAN_POINT('',(-8.80385697475623,88.5274250029295,62.8500957897013));
#377=DIRECTION('',(-8.64605148432962E-28,1.22464679905824E-16,-1.));
#378=DIRECTION('',(0.971949430326664,0.235189933644435,2.88024599399974E-17));
#379=FACE_BOUND('',#380,.T.);
#380=EDGE_LOOP('',(#941,#942,#943,#944));
#381=CYLINDRICAL_SURFACE('',#382,10.);
#382=AXIS2_PLACEMENT_3D('',#383,#384,#385);
#383=CARTESIAN_POINT('',(-15.4704850010474,92.3764044884959,62.8500957897013));
#384=DIRECTION('',(-8.64605148432962E-28,1.22464679905824E-16,-1.));
#385=DIRECTION('',(0.748528137423857,-0.663103029313524,-8.12067002301101E-17));
#386=FACE_BOUND('',#387,.T.);
#387=EDGE_LOOP('',(#945,#946,#947,#948));
#388=CYLINDRICAL_SURFACE('',#389,2.90000000000001);
#389=AXIS2_PLACEMENT_3D('',#390,#391,#392);
#390=CARTESIAN_POINT('',(-15.4704850010474,84.6784455173632,62.8500957897013));
#391=DIRECTION('',(-8.64605148432962E-28,1.22464679905824E-16,-1.));
#392=DIRECTION('',(0.689655172413793,-0.724137931034483,-8.86813199323999E-17));
#393=FACE_BOUND('',#394,.T.);
#394=EDGE_LOOP('',(#949,#950,#951,#952));
#395=CYLINDRICAL_SURFACE('',#396,10.);
#396=AXIS2_PLACEMENT_3D('',#397,#398,#399);
#397=CARTESIAN_POINT('',(-15.4704850010474,92.3764044884959,62.8500957897013));
#398=DIRECTION('',(-8.64605148432962E-28,1.22464679905824E-16,-1.));
#399=DIRECTION('',(-0.2,-0.979795897113271,-1.19990390912843E-16));
#400=FACE_BOUND('',#401,.T.);
#401=EDGE_LOOP('',(#953,#954,#955,#956));
#402=CYLINDRICAL_SURFACE('',#403,2.90000000000001);
#403=AXIS2_PLACEMENT_3D('',#404,#405,#406);
#404=CARTESIAN_POINT('',(-22.1371130273387,88.5274250029296,62.8500957897013));
#405=DIRECTION('',(-8.64605148432962E-28,1.22464679905824E-16,-1.));
#406=DIRECTION('',(-0.282294257912872,-0.959327864678922,-1.17483779872398E-16));
#407=FACE_BOUND('',#408,.T.);
#408=EDGE_LOOP('',(#957,#958,#959,#960));
#409=CYLINDRICAL_SURFACE('',#410,10.);
#410=AXIS2_PLACEMENT_3D('',#411,#412,#413);
#411=CARTESIAN_POINT('',(-15.4704850010474,92.3764044884959,62.8500957897013));
#412=DIRECTION('',(-8.64605148432962E-28,1.22464679905824E-16,-1.));
#413=DIRECTION('',(-0.948528137423857,-0.316692867799747,-3.87836906827334E-17));
#414=FACE_BOUND('',#415,.T.);
#415=EDGE_LOOP('',(#961,#962,#963));
#416=PLANE('',#417);
#417=AXIS2_PLACEMENT_3D('',#418,#419,#420);
#418=CARTESIAN_POINT('',(-16.177591782234,91.6692977073094,62.8500957897013));
#419=DIRECTION('',(0.707106781186547,0.707106781186548,2.53632656592691E-17));
#420=DIRECTION('',(0.707106781186548,-0.707106781186547,-1.47827945575227E-16));
#421=FACE_BOUND('',#422,.T.);
#422=EDGE_LOOP('',(#964,#965,#966));
#423=PLANE('',#424);
#424=AXIS2_PLACEMENT_3D('',#425,#426,#427);
#425=CARTESIAN_POINT('',(-16.177591782234,93.0835112696825,62.8500957897013));
#426=DIRECTION('',(-0.707106781186548,0.707106781186547,2.53632656604918E-17));
#427=DIRECTION('',(0.707106781186547,0.707106781186548,2.53632656592691E-17));
#428=FACE_BOUND('',#429,.T.);
#429=EDGE_LOOP('',(#967,#968,#969));
#430=PLANE('',#431);
#431=AXIS2_PLACEMENT_3D('',#432,#433,#434);
#432=CARTESIAN_POINT('',(-14.7633782198609,93.0835112696825,62.8500957897013));
#433=DIRECTION('',(-0.707106781186547,-0.707106781186548,-1.47827945574004E-16));
#434=DIRECTION('',(-0.707106781186548,0.707106781186547,2.53632656604918E-17));
#435=FACE_BOUND('',#436,.T.);
#436=EDGE_LOOP('',(#970,#971,#972));
#437=PLANE('',#438);
#438=AXIS2_PLACEMENT_3D('',#439,#440,#441);
#439=CARTESIAN_POINT('',(-14.7633782198609,91.6692977073094,62.8500957897013));
#440=DIRECTION('',(0.707106781186548,-0.707106781186547,-1.47827945575227E-16));
#441=DIRECTION('',(-0.707106781186547,-0.707106781186548,-1.47827945574004E-16));
#442=FACE_BOUND('',#443,.T.);
#443=EDGE_LOOP('',(#973,#974,#975,#976,#977,#978,#979,#980,#981,#982,#983,#984));
#444=FACE_BOUND('',#445,.T.);
#445=EDGE_LOOP('',(#985,#986,#987,#988,#989,#990,#991,#992,#993,#994,#995,#996,#997,
#998,#999,#1000,#1001,#1002,#1003,#1004,#1005,#1006,#1007,#1008,#1009,#1010,#1011,
#1012,#1013,#1014,#1015,#1016,#1017,#1018,#1019,#1020,#1021,#1022,#1023,#1024));
#446=FACE_BOUND('',#447,.T.);
#447=EDGE_LOOP('',(#1025,#1026));
#448=FACE_BOUND('',#449,.T.);
#449=EDGE_LOOP('',(#1027));
#450=FACE_BOUND('',#451,.T.);
#451=EDGE_LOOP('',(#1028));
#452=FACE_BOUND('',#453,.T.);
#453=EDGE_LOOP('',(#1029,#1030));
#454=PLANE('',#455);
#455=AXIS2_PLACEMENT_3D('',#456,#457,#458);
#456=CARTESIAN_POINT('',(-7.57048500104745,92.3764044884959,62.8500957897012));
#457=DIRECTION('',(-8.64591552122229E-28,1.22464679905824E-16,-1.));
#458=DIRECTION('',(-1.33907057366955E-16,-1.,-1.22464679905824E-16));
#459=FACE_BOUND('',#460,.T.);
#460=EDGE_LOOP('',(#1031,#1032,#1033,#1034,#1035,#1036,#1037,#1038));
#461=CONICAL_SURFACE('',#462,2.85000000000104,0.523598775598299);
#462=AXIS2_PLACEMENT_3D('',#463,#464,#465);
#463=CARTESIAN_POINT('',(-15.4704850010474,92.3764044884959,56.2831084915917));
#464=DIRECTION('',(-8.64579226170585E-28,1.22464679905824E-16,-1.));
#465=DIRECTION('',(-0.933959182308392,-0.357379694137537,-4.37663898465873E-17));
#466=FACE_BOUND('',#467,.T.);
#467=EDGE_LOOP('',(#1039,#1040,#1041,#1042,#1043,#1044,#1045,#1046,#1047,#1048,#1049,
#1050,#1051,#1052,#1053,#1054,#1055,#1056,#1057,#1058));
#468=PLANE('',#469);
#469=AXIS2_PLACEMENT_3D('',#470,#471,#472);
#470=CARTESIAN_POINT('',(-17.2704850010474,96.9846215999942,56.7161211934857));
#471=DIRECTION('',(0.866025403784439,7.39224843442518E-17,-0.499999999999999));
#472=DIRECTION('',(1.46533165607906E-17,-1.,-1.22464679905824E-16));
#473=FACE_BOUND('',#474,.T.);
#474=EDGE_LOOP('',(#1059,#1060,#1061,#1062,#1063,#1064,#1065,#1066));
#475=CONICAL_SURFACE('',#476,2.85000000000112,0.523598775598299);
#476=AXIS2_PLACEMENT_3D('',#477,#478,#479);
#477=CARTESIAN_POINT('',(-15.4704850010474,92.3764044884959,56.2831084915916));
#478=DIRECTION('',(-8.64603878073873E-28,1.22464679905824E-16,-1.));
#479=DIRECTION('',(0.933959182308392,0.357379694137538,4.37663898465874E-17));
#480=FACE_BOUND('',#481,.T.);
#481=EDGE_LOOP('',(#1067,#1068,#1069,#1070,#1071,#1072,#1073,#1074,#1075,#1076,#1077,
#1078,#1079,#1080,#1081,#1082,#1083,#1084,#1085,#1086));
#482=PLANE('',#483);
#483=AXIS2_PLACEMENT_3D('',#484,#485,#486);
#484=CARTESIAN_POINT('',(-13.6704850010474,87.7681873769977,56.7161211934857));
#485=DIRECTION('',(-0.866025403784439,4.8542195561572E-17,-0.499999999999999));
#486=DIRECTION('',(-1.46533165607906E-17,1.,1.22464679905824E-16));
#487=FACE_BOUND('',#488,.T.);
#488=EDGE_LOOP('',(#1087,#1088,#1089,#1090));
#489=PLANE('',#490);
#490=AXIS2_PLACEMENT_3D('',#491,#492,#493);
#491=CARTESIAN_POINT('',(-17.2704850010474,90.5002381845665,62.8500957897013));
#492=DIRECTION('',(-1.,7.32786961977237E-18,8.64606045838169E-28));
#493=DIRECTION('',(7.32786961977237E-18,1.,1.22464679905824E-16));
#494=FACE_BOUND('',#495,.T.);
#495=EDGE_LOOP('',(#1091,#1092,#1093,#1094));
#496=PLANE('',#497);
#497=AXIS2_PLACEMENT_3D('',#498,#499,#500);
#498=CARTESIAN_POINT('',(-13.3704850010474,91.2514044884959,54.1182903664928));
#499=DIRECTION('',(1.11022302462516E-16,-1.,-1.83200090886959E-16));
#500=DIRECTION('',(-4.04902739865587E-17,-1.83200090886959E-16,1.));
#501=FACE_BOUND('',#502,.T.);
#502=EDGE_LOOP('',(#1095,#1096,#1097,#1098));
#503=PLANE('',#504);
#504=AXIS2_PLACEMENT_3D('',#505,#506,#507);
#505=CARTESIAN_POINT('',(-17.5704850010474,91.3764044884959,62.8500957897013));
#506=DIRECTION('',(-1.,-1.11022302462516E-16,-6.12323399565031E-17));
#507=DIRECTION('',(-1.11022302462516E-16,1.,1.83697019863192E-16));
#508=FACE_BOUND('',#509,.T.);
#509=EDGE_LOOP('',(#1099,#1100,#1101,#1102));
#510=PLANE('',#511);
#511=AXIS2_PLACEMENT_3D('',#512,#513,#514);
#512=CARTESIAN_POINT('',(-13.3704850010474,91.5014044884959,65.0860899419662));
#513=DIRECTION('',(-1.11022302462516E-16,1.,1.84465411949066E-16));
#514=DIRECTION('',(4.04902739865587E-17,1.84465411949066E-16,-1.));
#515=FACE_BOUND('',#516,.T.);
#516=EDGE_LOOP('',(#1103,#1104,#1105,#1106));
#517=PLANE('',#518);
#518=AXIS2_PLACEMENT_3D('',#519,#520,#521);
#519=CARTESIAN_POINT('',(-17.2704850010474,90.5002381845665,62.8500957897013));
#520=DIRECTION('',(-1.,7.32786961977237E-18,8.64606045838169E-28));
#521=DIRECTION('',(7.32786961977237E-18,1.,1.22464679905824E-16));
#522=FACE_BOUND('',#523,.T.);
#523=EDGE_LOOP('',(#1107,#1108,#1109,#1110));
#524=PLANE('',#525);
#525=AXIS2_PLACEMENT_3D('',#526,#527,#528);
#526=CARTESIAN_POINT('',(-13.3704850010474,92.2514044884959,54.1182903664928));
#527=DIRECTION('',(1.11022302462516E-16,-1.,-1.83200090886959E-16));
#528=DIRECTION('',(-4.04902739865587E-17,-1.83200090886959E-16,1.));
#529=FACE_BOUND('',#530,.T.);
#530=EDGE_LOOP('',(#1111,#1112,#1113,#1114));
#531=PLANE('',#532);
#532=AXIS2_PLACEMENT_3D('',#533,#534,#535);
#533=CARTESIAN_POINT('',(-17.5704850010474,92.3764044884959,62.8500957897013));
#534=DIRECTION('',(-1.,-1.11022302462516E-16,-6.12323399565031E-17));
#535=DIRECTION('',(-1.11022302462516E-16,1.,1.83697019863192E-16));
#536=FACE_BOUND('',#537,.T.);
#537=EDGE_LOOP('',(#1115,#1116,#1117,#1118));
#538=PLANE('',#539);
#539=AXIS2_PLACEMENT_3D('',#540,#541,#542);
#540=CARTESIAN_POINT('',(-13.3704850010474,92.5014044884959,65.0860899419662));
#541=DIRECTION('',(-1.11022302462516E-16,1.,1.84465411949066E-16));
#542=DIRECTION('',(4.04902739865587E-17,1.84465411949066E-16,-1.));
#543=FACE_BOUND('',#544,.T.);
#544=EDGE_LOOP('',(#1119,#1120,#1121,#1122));
#545=PLANE('',#546);
#546=AXIS2_PLACEMENT_3D('',#547,#548,#549);
#547=CARTESIAN_POINT('',(-17.2704850010474,90.5002381845665,62.8500957897013));
#548=DIRECTION('',(-1.,7.32786961977237E-18,8.64606045838169E-28));
#549=DIRECTION('',(7.32786961977237E-18,1.,1.22464679905824E-16));
#550=FACE_BOUND('',#551,.T.);
#551=EDGE_LOOP('',(#1123,#1124,#1125,#1126));
#552=PLANE('',#553);
#553=AXIS2_PLACEMENT_3D('',#554,#555,#556);
#554=CARTESIAN_POINT('',(-13.3704850010474,93.2514044884959,54.1182903664928));
#555=DIRECTION('',(1.11022302462516E-16,-1.,-1.83200090886959E-16));
#556=DIRECTION('',(-4.04902739865587E-17,-1.83200090886959E-16,1.));
#557=FACE_BOUND('',#558,.T.);
#558=EDGE_LOOP('',(#1127,#1128,#1129,#1130));
#559=PLANE('',#560);
#560=AXIS2_PLACEMENT_3D('',#561,#562,#563);
#561=CARTESIAN_POINT('',(-17.5704850010474,93.3764044884959,62.8500957897013));
#562=DIRECTION('',(-1.,-1.11022302462516E-16,-6.12323399565031E-17));
#563=DIRECTION('',(-1.11022302462516E-16,1.,1.83697019863192E-16));
#564=FACE_BOUND('',#565,.T.);
#565=EDGE_LOOP('',(#1131,#1132,#1133,#1134));
#566=PLANE('',#567);
#567=AXIS2_PLACEMENT_3D('',#568,#569,#570);
#568=CARTESIAN_POINT('',(-13.3704850010474,93.5014044884959,65.0860899419662));
#569=DIRECTION('',(-1.11022302462516E-16,1.,1.84465411949066E-16));
#570=DIRECTION('',(4.04902739865587E-17,1.84465411949066E-16,-1.));
#571=FACE_BOUND('',#572,.T.);
#572=EDGE_LOOP('',(#1135,#1136,#1137,#1138));
#573=PLANE('',#574);
#574=AXIS2_PLACEMENT_3D('',#575,#576,#577);
#575=CARTESIAN_POINT('',(-17.2704850010474,90.5002381845665,62.8500957897013));
#576=DIRECTION('',(-1.,7.32786961977237E-18,8.64606045838169E-28));
#577=DIRECTION('',(7.32786961977237E-18,1.,1.22464679905824E-16));
#578=FACE_BOUND('',#579,.T.);
#579=EDGE_LOOP('',(#1139,#1140,#1141,#1142));
#580=PLANE('',#581);
#581=AXIS2_PLACEMENT_3D('',#582,#583,#584);
#582=CARTESIAN_POINT('',(-13.3704850010474,94.2514044884959,54.1182903664928));
#583=DIRECTION('',(1.11022302462516E-16,-1.,-1.83200090886959E-16));
#584=DIRECTION('',(-4.04902739865587E-17,-1.83200090886959E-16,1.));
#585=FACE_BOUND('',#586,.T.);
#586=EDGE_LOOP('',(#1143,#1144,#1145,#1146,#1147));
#587=PLANE('',#588);
#588=AXIS2_PLACEMENT_3D('',#589,#590,#591);
#589=CARTESIAN_POINT('',(-17.5704850010474,94.3764044884959,62.8500957897013));
#590=DIRECTION('',(-1.,-1.11022302462516E-16,-6.12323399565031E-17));
#591=DIRECTION('',(-1.11022302462516E-16,1.,1.83697019863192E-16));
#592=FACE_BOUND('',#593,.T.);
#593=EDGE_LOOP('',(#1148,#1149,#1150,#1151));
#594=PLANE('',#595);
#595=AXIS2_PLACEMENT_3D('',#596,#597,#598);
#596=CARTESIAN_POINT('',(-13.3704850010474,94.5014044884959,65.0860899419662));
#597=DIRECTION('',(-1.11022302462516E-16,1.,1.84465411949066E-16));
#598=DIRECTION('',(4.04902739865587E-17,1.84465411949066E-16,-1.));
#599=FACE_BOUND('',#600,.T.);
#600=EDGE_LOOP('',(#1152,#1153,#1154,#1155));
#601=CYLINDRICAL_SURFACE('',#602,2.6);
#602=AXIS2_PLACEMENT_3D('',#603,#604,#605);
#603=CARTESIAN_POINT('',(-15.4704850010474,92.3764044884959,62.8500957897013));
#604=DIRECTION('',(-8.64605148432962E-28,1.22464679905824E-16,-1.));
#605=DIRECTION('',(-0.692307692307692,0.721602424588221,8.83708099470615E-17));
#606=FACE_BOUND('',#607,.T.);
#607=EDGE_LOOP('',(#1156,#1157,#1158,#1159));
#608=PLANE('',#609);
#609=AXIS2_PLACEMENT_3D('',#610,#611,#612);
#610=CARTESIAN_POINT('',(-13.3704850010474,94.5014044884959,65.0860899419662));
#611=DIRECTION('',(-1.11022302462516E-16,1.,1.84465411949066E-16));
#612=DIRECTION('',(4.04902739865587E-17,1.84465411949066E-16,-1.));
#613=FACE_BOUND('',#614,.T.);
#614=EDGE_LOOP('',(#1160,#1161,#1162,#1163,#1164));
#615=PLANE('',#616);
#616=AXIS2_PLACEMENT_3D('',#617,#618,#619);
#617=CARTESIAN_POINT('',(-13.3704850010474,94.3764044884959,62.8500957897013));
#618=DIRECTION('',(-1.,-1.11022302462516E-16,-6.12323399565031E-17));
#619=DIRECTION('',(-1.11022302462516E-16,1.,1.83697019863192E-16));
#620=FACE_BOUND('',#621,.T.);
#621=EDGE_LOOP('',(#1165,#1166,#1167,#1168));
#622=PLANE('',#623);
#623=AXIS2_PLACEMENT_3D('',#624,#625,#626);
#624=CARTESIAN_POINT('',(-13.3704850010474,94.2514044884959,54.1182903664928));
#625=DIRECTION('',(1.11022302462516E-16,-1.,-1.83200090886959E-16));
#626=DIRECTION('',(-4.04902739865587E-17,-1.83200090886959E-16,1.));
#627=FACE_BOUND('',#628,.T.);
#628=EDGE_LOOP('',(#1169,#1170,#1171,#1172));
#629=PLANE('',#630);
#630=AXIS2_PLACEMENT_3D('',#631,#632,#633);
#631=CARTESIAN_POINT('',(-13.6704850010474,94.2525707924253,62.8500957897013));
#632=DIRECTION('',(1.,-7.32786961977237E-18,-8.64606045838169E-28));
#633=DIRECTION('',(-7.32786961977237E-18,-1.,-1.22464679905824E-16));
#634=FACE_BOUND('',#635,.T.);
#635=EDGE_LOOP('',(#1173,#1174,#1175,#1176));
#636=PLANE('',#637);
#637=AXIS2_PLACEMENT_3D('',#638,#639,#640);
#638=CARTESIAN_POINT('',(-13.3704850010474,93.5014044884959,65.0860899419662));
#639=DIRECTION('',(-1.11022302462516E-16,1.,1.84465411949066E-16));
#640=DIRECTION('',(4.04902739865587E-17,1.84465411949066E-16,-1.));
#641=FACE_BOUND('',#642,.T.);
#642=EDGE_LOOP('',(#1177,#1178,#1179,#1180));
#643=PLANE('',#644);
#644=AXIS2_PLACEMENT_3D('',#645,#646,#647);
#645=CARTESIAN_POINT('',(-13.3704850010474,93.3764044884959,62.8500957897013));
#646=DIRECTION('',(-1.,-1.11022302462516E-16,-6.12323399565031E-17));
#647=DIRECTION('',(-1.11022302462516E-16,1.,1.83697019863192E-16));
#648=FACE_BOUND('',#649,.T.);
#649=EDGE_LOOP('',(#1181,#1182,#1183,#1184));
#650=PLANE('',#651);
#651=AXIS2_PLACEMENT_3D('',#652,#653,#654);
#652=CARTESIAN_POINT('',(-13.3704850010474,93.2514044884959,54.1182903664928));
#653=DIRECTION('',(1.11022302462516E-16,-1.,-1.83200090886959E-16));
#654=DIRECTION('',(-4.04902739865587E-17,-1.83200090886959E-16,1.));
#655=FACE_BOUND('',#656,.T.);
#656=EDGE_LOOP('',(#1185,#1186,#1187,#1188));
#657=PLANE('',#658);
#658=AXIS2_PLACEMENT_3D('',#659,#660,#661);
#659=CARTESIAN_POINT('',(-13.6704850010474,94.2525707924253,62.8500957897013));
#660=DIRECTION('',(1.,-7.32786961977237E-18,-8.64606045838169E-28));
#661=DIRECTION('',(-7.32786961977237E-18,-1.,-1.22464679905824E-16));
#662=FACE_BOUND('',#663,.T.);
#663=EDGE_LOOP('',(#1189,#1190,#1191,#1192));
#664=PLANE('',#665);
#665=AXIS2_PLACEMENT_3D('',#666,#667,#668);
#666=CARTESIAN_POINT('',(-13.3704850010474,92.5014044884959,65.0860899419662));
#667=DIRECTION('',(-1.11022302462516E-16,1.,1.84465411949066E-16));
#668=DIRECTION('',(4.04902739865587E-17,1.84465411949066E-16,-1.));
#669=FACE_BOUND('',#670,.T.);
#670=EDGE_LOOP('',(#1193,#1194,#1195,#1196));
#671=PLANE('',#672);
#672=AXIS2_PLACEMENT_3D('',#673,#674,#675);
#673=CARTESIAN_POINT('',(-13.3704850010474,92.3764044884959,62.8500957897013));
#674=DIRECTION('',(-1.,-1.11022302462516E-16,-6.12323399565031E-17));
#675=DIRECTION('',(-1.11022302462516E-16,1.,1.83697019863192E-16));
#676=FACE_BOUND('',#677,.T.);
#677=EDGE_LOOP('',(#1197,#1198,#1199,#1200));
#678=PLANE('',#679);
#679=AXIS2_PLACEMENT_3D('',#680,#681,#682);
#680=CARTESIAN_POINT('',(-13.3704850010474,92.2514044884959,54.1182903664928));
#681=DIRECTION('',(1.11022302462516E-16,-1.,-1.83200090886959E-16));
#682=DIRECTION('',(-4.04902739865587E-17,-1.83200090886959E-16,1.));
#683=FACE_BOUND('',#684,.T.);
#684=EDGE_LOOP('',(#1201,#1202,#1203,#1204));
#685=PLANE('',#686);
#686=AXIS2_PLACEMENT_3D('',#687,#688,#689);
#687=CARTESIAN_POINT('',(-13.6704850010474,94.2525707924253,62.8500957897013));
#688=DIRECTION('',(1.,-7.32786961977237E-18,-8.64606045838169E-28));
#689=DIRECTION('',(-7.32786961977237E-18,-1.,-1.22464679905824E-16));
#690=FACE_BOUND('',#691,.T.);
#691=EDGE_LOOP('',(#1205,#1206,#1207,#1208));
#692=PLANE('',#693);
#693=AXIS2_PLACEMENT_3D('',#694,#695,#696);
#694=CARTESIAN_POINT('',(-13.3704850010474,91.5014044884959,65.0860899419662));
#695=DIRECTION('',(-1.11022302462516E-16,1.,1.84465411949066E-16));
#696=DIRECTION('',(4.04902739865587E-17,1.84465411949066E-16,-1.));
#697=FACE_BOUND('',#698,.T.);
#698=EDGE_LOOP('',(#1209,#1210,#1211,#1212));
#699=PLANE('',#700);
#700=AXIS2_PLACEMENT_3D('',#701,#702,#703);
#701=CARTESIAN_POINT('',(-13.3704850010474,91.3764044884959,62.8500957897013));
#702=DIRECTION('',(-1.,-1.11022302462516E-16,-6.12323399565031E-17));
#703=DIRECTION('',(-1.11022302462516E-16,1.,1.83697019863192E-16));
#704=FACE_BOUND('',#705,.T.);
#705=EDGE_LOOP('',(#1213,#1214,#1215,#1216));
#706=PLANE('',#707);
#707=AXIS2_PLACEMENT_3D('',#708,#709,#710);
#708=CARTESIAN_POINT('',(-13.3704850010474,91.2514044884959,54.1182903664928));
#709=DIRECTION('',(1.11022302462516E-16,-1.,-1.83200090886959E-16));
#710=DIRECTION('',(-4.04902739865587E-17,-1.83200090886959E-16,1.));
#711=FACE_BOUND('',#712,.T.);
#712=EDGE_LOOP('',(#1217,#1218,#1219,#1220));
#713=PLANE('',#714);
#714=AXIS2_PLACEMENT_3D('',#715,#716,#717);
#715=CARTESIAN_POINT('',(-13.6704850010474,94.2525707924253,62.8500957897013));
#716=DIRECTION('',(1.,-7.32786961977237E-18,-8.64606045838169E-28));
#717=DIRECTION('',(-7.32786961977237E-18,-1.,-1.22464679905824E-16));
#718=FACE_BOUND('',#719,.T.);
#719=EDGE_LOOP('',(#1221,#1222,#1223,#1224));
#720=PLANE('',#721);
#721=AXIS2_PLACEMENT_3D('',#722,#723,#724);
#722=CARTESIAN_POINT('',(-13.3704850010474,90.5014044884959,65.0860899419662));
#723=DIRECTION('',(-1.11022302462516E-16,1.,1.84465411949066E-16));
#724=DIRECTION('',(4.04902739865587E-17,1.84465411949066E-16,-1.));
#725=FACE_BOUND('',#726,.T.);
#726=EDGE_LOOP('',(#1225,#1226,#1227,#1228,#1229));
#727=PLANE('',#728);
#728=AXIS2_PLACEMENT_3D('',#729,#730,#731);
#729=CARTESIAN_POINT('',(-13.3704850010474,90.3764044884959,62.8500957897013));
#730=DIRECTION('',(-1.,-1.11022302462516E-16,-6.12323399565031E-17));
#731=DIRECTION('',(-1.11022302462516E-16,1.,1.83697019863192E-16));
#732=FACE_BOUND('',#733,.T.);
#733=EDGE_LOOP('',(#1230,#1231,#1232,#1233));
#734=PLANE('',#735);
#735=AXIS2_PLACEMENT_3D('',#736,#737,#738);
#736=CARTESIAN_POINT('',(-13.3704850010474,90.2514044884959,54.1182903664928));
#737=DIRECTION('',(1.11022302462516E-16,-1.,-1.83200090886959E-16));
#738=DIRECTION('',(-4.04902739865587E-17,-1.83200090886959E-16,1.));
#739=FACE_BOUND('',#740,.T.);
#740=EDGE_LOOP('',(#1234,#1235,#1236,#1237));
#741=CYLINDRICAL_SURFACE('',#742,2.6);
#742=AXIS2_PLACEMENT_3D('',#743,#744,#745);
#743=CARTESIAN_POINT('',(-15.4704850010474,92.3764044884959,62.8500957897013));
#744=DIRECTION('',(-8.64605148432962E-28,1.22464679905824E-16,-1.));
#745=DIRECTION('',(0.692307692307692,-0.72160242458822,-8.83708099470615E-17));
#746=FACE_BOUND('',#747,.T.);
#747=EDGE_LOOP('',(#1238,#1239,#1240,#1241));
#748=PLANE('',#749);
#749=AXIS2_PLACEMENT_3D('',#750,#751,#752);
#750=CARTESIAN_POINT('',(-13.3704850010474,90.2514044884959,54.1182903664928));
#751=DIRECTION('',(1.11022302462516E-16,-1.,-1.83200090886959E-16));
#752=DIRECTION('',(-4.04902739865587E-17,-1.83200090886959E-16,1.));
#753=FACE_BOUND('',#754,.T.);
#754=EDGE_LOOP('',(#1242,#1243,#1244,#1245,#1246));
#755=PLANE('',#756);
#756=AXIS2_PLACEMENT_3D('',#757,#758,#759);
#757=CARTESIAN_POINT('',(-17.5704850010474,90.3764044884959,62.8500957897013));
#758=DIRECTION('',(-1.,-1.11022302462516E-16,-6.12323399565031E-17));
#759=DIRECTION('',(-1.11022302462516E-16,1.,1.83697019863192E-16));
#760=FACE_BOUND('',#761,.T.);
#761=EDGE_LOOP('',(#1247,#1248,#1249,#1250));
#762=PLANE('',#763);
#763=AXIS2_PLACEMENT_3D('',#764,#765,#766);
#764=CARTESIAN_POINT('',(-13.3704850010474,90.5014044884959,65.0860899419662));
#765=DIRECTION('',(-1.11022302462516E-16,1.,1.84465411949066E-16));
#766=DIRECTION('',(4.04902739865587E-17,1.84465411949066E-16,-1.));
#767=ORIENTED_EDGE('',*,*,#1251,.T.);
#768=ORIENTED_EDGE('',*,*,#1252,.T.);
#769=ORIENTED_EDGE('',*,*,#1253,.F.);
#770=ORIENTED_EDGE('',*,*,#1254,.F.);
#771=ORIENTED_EDGE('',*,*,#1255,.T.);
#772=ORIENTED_EDGE('',*,*,#1256,.F.);
#773=ORIENTED_EDGE('',*,*,#1257,.F.);
#774=ORIENTED_EDGE('',*,*,#1258,.F.);
#775=ORIENTED_EDGE('',*,*,#1259,.F.);
#776=ORIENTED_EDGE('',*,*,#1260,.T.);
#777=ORIENTED_EDGE('',*,*,#1261,.T.);
#778=ORIENTED_EDGE('',*,*,#1262,.T.);
#779=ORIENTED_EDGE('',*,*,#1263,.F.);
#780=ORIENTED_EDGE('',*,*,#1264,.F.);
#781=ORIENTED_EDGE('',*,*,#1265,.T.);
#782=ORIENTED_EDGE('',*,*,#1266,.F.);
#783=ORIENTED_EDGE('',*,*,#1267,.F.);
#784=ORIENTED_EDGE('',*,*,#1268,.F.);
#785=ORIENTED_EDGE('',*,*,#1269,.F.);
#786=ORIENTED_EDGE('',*,*,#1270,.T.);
#787=ORIENTED_EDGE('',*,*,#1271,.T.);
#788=ORIENTED_EDGE('',*,*,#1272,.T.);
#789=ORIENTED_EDGE('',*,*,#1273,.T.);
#790=ORIENTED_EDGE('',*,*,#1274,.T.);
#791=ORIENTED_EDGE('',*,*,#1275,.T.);
#792=ORIENTED_EDGE('',*,*,#1276,.T.);
#793=ORIENTED_EDGE('',*,*,#1277,.T.);
#794=ORIENTED_EDGE('',*,*,#1278,.T.);
#795=ORIENTED_EDGE('',*,*,#1279,.T.);
#796=ORIENTED_EDGE('',*,*,#1280,.T.);
#797=ORIENTED_EDGE('',*,*,#1281,.T.);
#798=ORIENTED_EDGE('',*,*,#1282,.T.);
#799=ORIENTED_EDGE('',*,*,#1283,.T.);
#800=ORIENTED_EDGE('',*,*,#1260,.F.);
#801=ORIENTED_EDGE('',*,*,#1284,.F.);
#802=ORIENTED_EDGE('',*,*,#1285,.F.);
#803=ORIENTED_EDGE('',*,*,#1286,.F.);
#804=ORIENTED_EDGE('',*,*,#1287,.F.);
#805=ORIENTED_EDGE('',*,*,#1288,.F.);
#806=ORIENTED_EDGE('',*,*,#1289,.F.);
#807=ORIENTED_EDGE('',*,*,#1290,.F.);
#808=ORIENTED_EDGE('',*,*,#1262,.F.);
#809=ORIENTED_EDGE('',*,*,#1291,.T.);
#810=ORIENTED_EDGE('',*,*,#1292,.T.);
#811=ORIENTED_EDGE('',*,*,#1270,.F.);
#812=ORIENTED_EDGE('',*,*,#1293,.F.);
#813=ORIENTED_EDGE('',*,*,#1294,.F.);
#814=ORIENTED_EDGE('',*,*,#1295,.F.);
#815=ORIENTED_EDGE('',*,*,#1296,.F.);
#816=ORIENTED_EDGE('',*,*,#1297,.F.);
#817=ORIENTED_EDGE('',*,*,#1298,.F.);
#818=ORIENTED_EDGE('',*,*,#1299,.F.);
#819=ORIENTED_EDGE('',*,*,#1252,.F.);
#820=ORIENTED_EDGE('',*,*,#1300,.T.);
#821=ORIENTED_EDGE('',*,*,#1301,.T.);
#822=ORIENTED_EDGE('',*,*,#1302,.T.);
#823=ORIENTED_EDGE('',*,*,#1303,.T.);
#824=ORIENTED_EDGE('',*,*,#1304,.T.);
#825=ORIENTED_EDGE('',*,*,#1305,.T.);
#826=ORIENTED_EDGE('',*,*,#1306,.T.);
#827=ORIENTED_EDGE('',*,*,#1307,.T.);
#828=ORIENTED_EDGE('',*,*,#1308,.T.);
#829=ORIENTED_EDGE('',*,*,#1309,.T.);
#830=ORIENTED_EDGE('',*,*,#1310,.T.);
#831=ORIENTED_EDGE('',*,*,#1311,.T.);
#832=ORIENTED_EDGE('',*,*,#1312,.T.);
#833=ORIENTED_EDGE('',*,*,#1313,.T.);
#834=ORIENTED_EDGE('',*,*,#1314,.T.);
#835=ORIENTED_EDGE('',*,*,#1315,.T.);
#836=ORIENTED_EDGE('',*,*,#1316,.T.);
#837=ORIENTED_EDGE('',*,*,#1306,.F.);
#838=ORIENTED_EDGE('',*,*,#1305,.F.);
#839=ORIENTED_EDGE('',*,*,#1302,.F.);
#840=ORIENTED_EDGE('',*,*,#1316,.F.);
#841=ORIENTED_EDGE('',*,*,#1315,.F.);
#842=ORIENTED_EDGE('',*,*,#1301,.F.);
#843=ORIENTED_EDGE('',*,*,#1309,.F.);
#844=ORIENTED_EDGE('',*,*,#1308,.F.);
#845=ORIENTED_EDGE('',*,*,#1292,.F.);
#846=ORIENTED_EDGE('',*,*,#1291,.F.);
#847=ORIENTED_EDGE('',*,*,#1317,.T.);
#848=ORIENTED_EDGE('',*,*,#1261,.F.);
#849=ORIENTED_EDGE('',*,*,#1317,.F.);
#850=ORIENTED_EDGE('',*,*,#1312,.F.);
#851=ORIENTED_EDGE('',*,*,#1311,.F.);
#852=ORIENTED_EDGE('',*,*,#1318,.T.);
#853=ORIENTED_EDGE('',*,*,#1283,.F.);
#854=ORIENTED_EDGE('',*,*,#1300,.F.);
#855=ORIENTED_EDGE('',*,*,#1251,.F.);
#856=ORIENTED_EDGE('',*,*,#1318,.F.);
#857=ORIENTED_EDGE('',*,*,#1299,.T.);
#858=ORIENTED_EDGE('',*,*,#1319,.F.);
#859=ORIENTED_EDGE('',*,*,#1253,.T.);
#860=ORIENTED_EDGE('',*,*,#1320,.T.);
#861=ORIENTED_EDGE('',*,*,#1254,.T.);
#862=ORIENTED_EDGE('',*,*,#1319,.T.);
#863=ORIENTED_EDGE('',*,*,#1298,.T.);
#864=ORIENTED_EDGE('',*,*,#1321,.F.);
#865=ORIENTED_EDGE('',*,*,#1320,.F.);
#866=ORIENTED_EDGE('',*,*,#1322,.F.);
#867=ORIENTED_EDGE('',*,*,#1296,.T.);
#868=ORIENTED_EDGE('',*,*,#1323,.F.);
#869=ORIENTED_EDGE('',*,*,#1324,.F.);
#870=ORIENTED_EDGE('',*,*,#1267,.T.);
#871=ORIENTED_EDGE('',*,*,#1325,.F.);
#872=ORIENTED_EDGE('',*,*,#1255,.F.);
#873=ORIENTED_EDGE('',*,*,#1325,.T.);
#874=ORIENTED_EDGE('',*,*,#1266,.T.);
#875=ORIENTED_EDGE('',*,*,#1326,.T.);
#876=ORIENTED_EDGE('',*,*,#1256,.T.);
#877=ORIENTED_EDGE('',*,*,#1327,.T.);
#878=ORIENTED_EDGE('',*,*,#1328,.T.);
#879=ORIENTED_EDGE('',*,*,#1329,.T.);
#880=ORIENTED_EDGE('',*,*,#1330,.T.);
#881=ORIENTED_EDGE('',*,*,#1331,.F.);
#882=ORIENTED_EDGE('',*,*,#1332,.F.);
#883=ORIENTED_EDGE('',*,*,#1287,.T.);
#884=ORIENTED_EDGE('',*,*,#1333,.F.);
#885=ORIENTED_EDGE('',*,*,#1334,.F.);
#886=ORIENTED_EDGE('',*,*,#1257,.T.);
#887=ORIENTED_EDGE('',*,*,#1326,.F.);
#888=ORIENTED_EDGE('',*,*,#1265,.F.);
#889=ORIENTED_EDGE('',*,*,#1285,.T.);
#890=ORIENTED_EDGE('',*,*,#1335,.F.);
#891=ORIENTED_EDGE('',*,*,#1258,.T.);
#892=ORIENTED_EDGE('',*,*,#1334,.T.);
#893=ORIENTED_EDGE('',*,*,#1336,.T.);
#894=ORIENTED_EDGE('',*,*,#1284,.T.);
#895=ORIENTED_EDGE('',*,*,#1259,.T.);
#896=ORIENTED_EDGE('',*,*,#1335,.T.);
#897=ORIENTED_EDGE('',*,*,#1263,.T.);
#898=ORIENTED_EDGE('',*,*,#1290,.T.);
#899=ORIENTED_EDGE('',*,*,#1337,.F.);
#900=ORIENTED_EDGE('',*,*,#1264,.T.);
#901=ORIENTED_EDGE('',*,*,#1337,.T.);
#902=ORIENTED_EDGE('',*,*,#1289,.T.);
#903=ORIENTED_EDGE('',*,*,#1338,.F.);
#904=ORIENTED_EDGE('',*,*,#1331,.T.);
#905=ORIENTED_EDGE('',*,*,#1294,.T.);
#906=ORIENTED_EDGE('',*,*,#1339,.F.);
#907=ORIENTED_EDGE('',*,*,#1268,.T.);
#908=ORIENTED_EDGE('',*,*,#1324,.T.);
#909=ORIENTED_EDGE('',*,*,#1340,.T.);
#910=ORIENTED_EDGE('',*,*,#1293,.T.);
#911=ORIENTED_EDGE('',*,*,#1269,.T.);
#912=ORIENTED_EDGE('',*,*,#1339,.T.);
#913=ORIENTED_EDGE('',*,*,#1341,.T.);
#914=ORIENTED_EDGE('',*,*,#1342,.F.);
#915=ORIENTED_EDGE('',*,*,#1271,.F.);
#916=ORIENTED_EDGE('',*,*,#1343,.F.);
#917=ORIENTED_EDGE('',*,*,#1344,.T.);
#918=ORIENTED_EDGE('',*,*,#1345,.F.);
#919=ORIENTED_EDGE('',*,*,#1272,.F.);
#920=ORIENTED_EDGE('',*,*,#1342,.T.);
#921=ORIENTED_EDGE('',*,*,#1346,.T.);
#922=ORIENTED_EDGE('',*,*,#1347,.F.);
#923=ORIENTED_EDGE('',*,*,#1273,.F.);
#924=ORIENTED_EDGE('',*,*,#1345,.T.);
#925=ORIENTED_EDGE('',*,*,#1348,.T.);
#926=ORIENTED_EDGE('',*,*,#1349,.F.);
#927=ORIENTED_EDGE('',*,*,#1274,.F.);
#928=ORIENTED_EDGE('',*,*,#1347,.T.);
#929=ORIENTED_EDGE('',*,*,#1350,.T.);
#930=ORIENTED_EDGE('',*,*,#1351,.F.);
#931=ORIENTED_EDGE('',*,*,#1275,.F.);
#932=ORIENTED_EDGE('',*,*,#1349,.T.);
#933=ORIENTED_EDGE('',*,*,#1352,.T.);
#934=ORIENTED_EDGE('',*,*,#1353,.F.);
#935=ORIENTED_EDGE('',*,*,#1276,.F.);
#936=ORIENTED_EDGE('',*,*,#1351,.T.);
#937=ORIENTED_EDGE('',*,*,#1354,.T.);
#938=ORIENTED_EDGE('',*,*,#1355,.F.);
#939=ORIENTED_EDGE('',*,*,#1277,.F.);
#940=ORIENTED_EDGE('',*,*,#1353,.T.);
#941=ORIENTED_EDGE('',*,*,#1356,.T.);
#942=ORIENTED_EDGE('',*,*,#1357,.F.);
#943=ORIENTED_EDGE('',*,*,#1278,.F.);
#944=ORIENTED_EDGE('',*,*,#1355,.T.);
#945=ORIENTED_EDGE('',*,*,#1358,.T.);
#946=ORIENTED_EDGE('',*,*,#1359,.F.);
#947=ORIENTED_EDGE('',*,*,#1279,.F.);
#948=ORIENTED_EDGE('',*,*,#1357,.T.);
#949=ORIENTED_EDGE('',*,*,#1360,.T.);
#950=ORIENTED_EDGE('',*,*,#1361,.F.);
#951=ORIENTED_EDGE('',*,*,#1280,.F.);
#952=ORIENTED_EDGE('',*,*,#1359,.T.);
#953=ORIENTED_EDGE('',*,*,#1362,.T.);
#954=ORIENTED_EDGE('',*,*,#1363,.F.);
#955=ORIENTED_EDGE('',*,*,#1281,.F.);
#956=ORIENTED_EDGE('',*,*,#1361,.T.);
#957=ORIENTED_EDGE('',*,*,#1364,.T.);
#958=ORIENTED_EDGE('',*,*,#1343,.T.);
#959=ORIENTED_EDGE('',*,*,#1282,.F.);
#960=ORIENTED_EDGE('',*,*,#1363,.T.);
#961=ORIENTED_EDGE('',*,*,#1286,.T.);
#962=ORIENTED_EDGE('',*,*,#1336,.F.);
#963=ORIENTED_EDGE('',*,*,#1333,.T.);
#964=ORIENTED_EDGE('',*,*,#1288,.T.);
#965=ORIENTED_EDGE('',*,*,#1332,.T.);
#966=ORIENTED_EDGE('',*,*,#1338,.T.);
#967=ORIENTED_EDGE('',*,*,#1295,.T.);
#968=ORIENTED_EDGE('',*,*,#1340,.F.);
#969=ORIENTED_EDGE('',*,*,#1323,.T.);
#970=ORIENTED_EDGE('',*,*,#1322,.T.);
#971=ORIENTED_EDGE('',*,*,#1321,.T.);
#972=ORIENTED_EDGE('',*,*,#1297,.T.);
#973=ORIENTED_EDGE('',*,*,#1364,.F.);
#974=ORIENTED_EDGE('',*,*,#1362,.F.);
#975=ORIENTED_EDGE('',*,*,#1360,.F.);
#976=ORIENTED_EDGE('',*,*,#1358,.F.);
#977=ORIENTED_EDGE('',*,*,#1356,.F.);
#978=ORIENTED_EDGE('',*,*,#1354,.F.);
#979=ORIENTED_EDGE('',*,*,#1352,.F.);
#980=ORIENTED_EDGE('',*,*,#1350,.F.);
#981=ORIENTED_EDGE('',*,*,#1348,.F.);
#982=ORIENTED_EDGE('',*,*,#1346,.F.);
#983=ORIENTED_EDGE('',*,*,#1344,.F.);
#984=ORIENTED_EDGE('',*,*,#1341,.F.);
#985=ORIENTED_EDGE('',*,*,#1365,.F.);
#986=ORIENTED_EDGE('',*,*,#1366,.F.);
#987=ORIENTED_EDGE('',*,*,#1367,.F.);
#988=ORIENTED_EDGE('',*,*,#1368,.F.);
#989=ORIENTED_EDGE('',*,*,#1369,.F.);
#990=ORIENTED_EDGE('',*,*,#1370,.F.);
#991=ORIENTED_EDGE('',*,*,#1371,.F.);
#992=ORIENTED_EDGE('',*,*,#1372,.F.);
#993=ORIENTED_EDGE('',*,*,#1373,.F.);
#994=ORIENTED_EDGE('',*,*,#1374,.F.);
#995=ORIENTED_EDGE('',*,*,#1375,.F.);
#996=ORIENTED_EDGE('',*,*,#1376,.F.);
#997=ORIENTED_EDGE('',*,*,#1377,.F.);
#998=ORIENTED_EDGE('',*,*,#1378,.F.);
#999=ORIENTED_EDGE('',*,*,#1379,.F.);
#1000=ORIENTED_EDGE('',*,*,#1380,.F.);
#1001=ORIENTED_EDGE('',*,*,#1381,.F.);
#1002=ORIENTED_EDGE('',*,*,#1382,.F.);
#1003=ORIENTED_EDGE('',*,*,#1383,.F.);
#1004=ORIENTED_EDGE('',*,*,#1384,.F.);
#1005=ORIENTED_EDGE('',*,*,#1385,.F.);
#1006=ORIENTED_EDGE('',*,*,#1386,.F.);
#1007=ORIENTED_EDGE('',*,*,#1387,.F.);
#1008=ORIENTED_EDGE('',*,*,#1388,.F.);
#1009=ORIENTED_EDGE('',*,*,#1389,.F.);
#1010=ORIENTED_EDGE('',*,*,#1390,.F.);
#1011=ORIENTED_EDGE('',*,*,#1391,.F.);
#1012=ORIENTED_EDGE('',*,*,#1392,.F.);
#1013=ORIENTED_EDGE('',*,*,#1393,.F.);
#1014=ORIENTED_EDGE('',*,*,#1394,.F.);
#1015=ORIENTED_EDGE('',*,*,#1395,.F.);
#1016=ORIENTED_EDGE('',*,*,#1396,.F.);
#1017=ORIENTED_EDGE('',*,*,#1397,.F.);
#1018=ORIENTED_EDGE('',*,*,#1398,.F.);
#1019=ORIENTED_EDGE('',*,*,#1399,.F.);
#1020=ORIENTED_EDGE('',*,*,#1400,.F.);
#1021=ORIENTED_EDGE('',*,*,#1401,.F.);
#1022=ORIENTED_EDGE('',*,*,#1402,.F.);
#1023=ORIENTED_EDGE('',*,*,#1403,.F.);
#1024=ORIENTED_EDGE('',*,*,#1404,.F.);
#1025=ORIENTED_EDGE('',*,*,#1303,.F.);
#1026=ORIENTED_EDGE('',*,*,#1304,.F.);
#1027=ORIENTED_EDGE('',*,*,#1307,.F.);
#1028=ORIENTED_EDGE('',*,*,#1310,.F.);
#1029=ORIENTED_EDGE('',*,*,#1313,.F.);
#1030=ORIENTED_EDGE('',*,*,#1314,.F.);
#1031=ORIENTED_EDGE('',*,*,#1405,.T.);
#1032=ORIENTED_EDGE('',*,*,#1406,.T.);
#1033=ORIENTED_EDGE('',*,*,#1407,.T.);
#1034=ORIENTED_EDGE('',*,*,#1408,.T.);
#1035=ORIENTED_EDGE('',*,*,#1409,.T.);
#1036=ORIENTED_EDGE('',*,*,#1327,.F.);
#1037=ORIENTED_EDGE('',*,*,#1410,.F.);
#1038=ORIENTED_EDGE('',*,*,#1411,.T.);
#1039=ORIENTED_EDGE('',*,*,#1412,.T.);
#1040=ORIENTED_EDGE('',*,*,#1413,.T.);
#1041=ORIENTED_EDGE('',*,*,#1414,.T.);
#1042=ORIENTED_EDGE('',*,*,#1415,.T.);
#1043=ORIENTED_EDGE('',*,*,#1416,.T.);
#1044=ORIENTED_EDGE('',*,*,#1328,.F.);
#1045=ORIENTED_EDGE('',*,*,#1409,.F.);
#1046=ORIENTED_EDGE('',*,*,#1417,.T.);
#1047=ORIENTED_EDGE('',*,*,#1418,.T.);
#1048=ORIENTED_EDGE('',*,*,#1419,.T.);
#1049=ORIENTED_EDGE('',*,*,#1420,.T.);
#1050=ORIENTED_EDGE('',*,*,#1421,.T.);
#1051=ORIENTED_EDGE('',*,*,#1422,.T.);
#1052=ORIENTED_EDGE('',*,*,#1423,.T.);
#1053=ORIENTED_EDGE('',*,*,#1424,.T.);
#1054=ORIENTED_EDGE('',*,*,#1425,.T.);
#1055=ORIENTED_EDGE('',*,*,#1426,.T.);
#1056=ORIENTED_EDGE('',*,*,#1427,.T.);
#1057=ORIENTED_EDGE('',*,*,#1428,.T.);
#1058=ORIENTED_EDGE('',*,*,#1429,.T.);
#1059=ORIENTED_EDGE('',*,*,#1430,.T.);
#1060=ORIENTED_EDGE('',*,*,#1431,.T.);
#1061=ORIENTED_EDGE('',*,*,#1432,.T.);
#1062=ORIENTED_EDGE('',*,*,#1433,.T.);
#1063=ORIENTED_EDGE('',*,*,#1434,.T.);
#1064=ORIENTED_EDGE('',*,*,#1329,.F.);
#1065=ORIENTED_EDGE('',*,*,#1416,.F.);
#1066=ORIENTED_EDGE('',*,*,#1435,.T.);
#1067=ORIENTED_EDGE('',*,*,#1436,.T.);
#1068=ORIENTED_EDGE('',*,*,#1437,.T.);
#1069=ORIENTED_EDGE('',*,*,#1438,.T.);
#1070=ORIENTED_EDGE('',*,*,#1439,.T.);
#1071=ORIENTED_EDGE('',*,*,#1440,.T.);
#1072=ORIENTED_EDGE('',*,*,#1441,.T.);
#1073=ORIENTED_EDGE('',*,*,#1442,.T.);
#1074=ORIENTED_EDGE('',*,*,#1443,.T.);
#1075=ORIENTED_EDGE('',*,*,#1444,.T.);
#1076=ORIENTED_EDGE('',*,*,#1445,.T.);
#1077=ORIENTED_EDGE('',*,*,#1446,.T.);
#1078=ORIENTED_EDGE('',*,*,#1447,.T.);
#1079=ORIENTED_EDGE('',*,*,#1448,.T.);
#1080=ORIENTED_EDGE('',*,*,#1449,.T.);
#1081=ORIENTED_EDGE('',*,*,#1410,.T.);
#1082=ORIENTED_EDGE('',*,*,#1330,.F.);
#1083=ORIENTED_EDGE('',*,*,#1434,.F.);
#1084=ORIENTED_EDGE('',*,*,#1450,.T.);
#1085=ORIENTED_EDGE('',*,*,#1451,.T.);
#1086=ORIENTED_EDGE('',*,*,#1452,.T.);
#1087=ORIENTED_EDGE('',*,*,#1365,.T.);
#1088=ORIENTED_EDGE('',*,*,#1453,.T.);
#1089=ORIENTED_EDGE('',*,*,#1413,.F.);
#1090=ORIENTED_EDGE('',*,*,#1454,.T.);
#1091=ORIENTED_EDGE('',*,*,#1366,.T.);
#1092=ORIENTED_EDGE('',*,*,#1454,.F.);
#1093=ORIENTED_EDGE('',*,*,#1412,.F.);
#1094=ORIENTED_EDGE('',*,*,#1455,.T.);
#1095=ORIENTED_EDGE('',*,*,#1367,.T.);
#1096=ORIENTED_EDGE('',*,*,#1455,.F.);
#1097=ORIENTED_EDGE('',*,*,#1429,.F.);
#1098=ORIENTED_EDGE('',*,*,#1456,.T.);
#1099=ORIENTED_EDGE('',*,*,#1368,.T.);
#1100=ORIENTED_EDGE('',*,*,#1456,.F.);
#1101=ORIENTED_EDGE('',*,*,#1428,.F.);
#1102=ORIENTED_EDGE('',*,*,#1457,.F.);
#1103=ORIENTED_EDGE('',*,*,#1369,.T.);
#1104=ORIENTED_EDGE('',*,*,#1457,.T.);
#1105=ORIENTED_EDGE('',*,*,#1427,.F.);
#1106=ORIENTED_EDGE('',*,*,#1458,.T.);
#1107=ORIENTED_EDGE('',*,*,#1370,.T.);
#1108=ORIENTED_EDGE('',*,*,#1458,.F.);
#1109=ORIENTED_EDGE('',*,*,#1426,.F.);
#1110=ORIENTED_EDGE('',*,*,#1459,.T.);
#1111=ORIENTED_EDGE('',*,*,#1371,.T.);
#1112=ORIENTED_EDGE('',*,*,#1459,.F.);
#1113=ORIENTED_EDGE('',*,*,#1425,.F.);
#1114=ORIENTED_EDGE('',*,*,#1460,.T.);
#1115=ORIENTED_EDGE('',*,*,#1372,.T.);
#1116=ORIENTED_EDGE('',*,*,#1460,.F.);
#1117=ORIENTED_EDGE('',*,*,#1424,.F.);
#1118=ORIENTED_EDGE('',*,*,#1461,.T.);
#1119=ORIENTED_EDGE('',*,*,#1373,.T.);
#1120=ORIENTED_EDGE('',*,*,#1461,.F.);
#1121=ORIENTED_EDGE('',*,*,#1423,.F.);
#1122=ORIENTED_EDGE('',*,*,#1462,.T.);
#1123=ORIENTED_EDGE('',*,*,#1374,.T.);
#1124=ORIENTED_EDGE('',*,*,#1462,.F.);
#1125=ORIENTED_EDGE('',*,*,#1422,.F.);
#1126=ORIENTED_EDGE('',*,*,#1463,.T.);
#1127=ORIENTED_EDGE('',*,*,#1375,.T.);
#1128=ORIENTED_EDGE('',*,*,#1463,.F.);
#1129=ORIENTED_EDGE('',*,*,#1421,.F.);
#1130=ORIENTED_EDGE('',*,*,#1464,.T.);
#1131=ORIENTED_EDGE('',*,*,#1376,.T.);
#1132=ORIENTED_EDGE('',*,*,#1464,.F.);
#1133=ORIENTED_EDGE('',*,*,#1420,.F.);
#1134=ORIENTED_EDGE('',*,*,#1465,.T.);
#1135=ORIENTED_EDGE('',*,*,#1377,.T.);
#1136=ORIENTED_EDGE('',*,*,#1465,.F.);
#1137=ORIENTED_EDGE('',*,*,#1419,.F.);
#1138=ORIENTED_EDGE('',*,*,#1466,.T.);
#1139=ORIENTED_EDGE('',*,*,#1378,.T.);
#1140=ORIENTED_EDGE('',*,*,#1466,.F.);
#1141=ORIENTED_EDGE('',*,*,#1418,.F.);
#1142=ORIENTED_EDGE('',*,*,#1467,.T.);
#1143=ORIENTED_EDGE('',*,*,#1379,.T.);
#1144=ORIENTED_EDGE('',*,*,#1467,.F.);
#1145=ORIENTED_EDGE('',*,*,#1417,.F.);
#1146=ORIENTED_EDGE('',*,*,#1408,.F.);
#1147=ORIENTED_EDGE('',*,*,#1468,.T.);
#1148=ORIENTED_EDGE('',*,*,#1380,.T.);
#1149=ORIENTED_EDGE('',*,*,#1468,.F.);
#1150=ORIENTED_EDGE('',*,*,#1407,.F.);
#1151=ORIENTED_EDGE('',*,*,#1469,.T.);
#1152=ORIENTED_EDGE('',*,*,#1381,.T.);
#1153=ORIENTED_EDGE('',*,*,#1469,.F.);
#1154=ORIENTED_EDGE('',*,*,#1406,.F.);
#1155=ORIENTED_EDGE('',*,*,#1470,.T.);
#1156=ORIENTED_EDGE('',*,*,#1382,.T.);
#1157=ORIENTED_EDGE('',*,*,#1470,.F.);
#1158=ORIENTED_EDGE('',*,*,#1405,.F.);
#1159=ORIENTED_EDGE('',*,*,#1471,.T.);
#1160=ORIENTED_EDGE('',*,*,#1383,.T.);
#1161=ORIENTED_EDGE('',*,*,#1471,.F.);
#1162=ORIENTED_EDGE('',*,*,#1411,.F.);
#1163=ORIENTED_EDGE('',*,*,#1449,.F.);
#1164=ORIENTED_EDGE('',*,*,#1472,.T.);
#1165=ORIENTED_EDGE('',*,*,#1384,.T.);
#1166=ORIENTED_EDGE('',*,*,#1472,.F.);
#1167=ORIENTED_EDGE('',*,*,#1448,.F.);
#1168=ORIENTED_EDGE('',*,*,#1473,.T.);
#1169=ORIENTED_EDGE('',*,*,#1385,.T.);
#1170=ORIENTED_EDGE('',*,*,#1473,.F.);
#1171=ORIENTED_EDGE('',*,*,#1447,.F.);
#1172=ORIENTED_EDGE('',*,*,#1474,.T.);
#1173=ORIENTED_EDGE('',*,*,#1386,.T.);
#1174=ORIENTED_EDGE('',*,*,#1474,.F.);
#1175=ORIENTED_EDGE('',*,*,#1446,.F.);
#1176=ORIENTED_EDGE('',*,*,#1475,.T.);
#1177=ORIENTED_EDGE('',*,*,#1387,.T.);
#1178=ORIENTED_EDGE('',*,*,#1475,.F.);
#1179=ORIENTED_EDGE('',*,*,#1445,.F.);
#1180=ORIENTED_EDGE('',*,*,#1476,.T.);
#1181=ORIENTED_EDGE('',*,*,#1388,.T.);
#1182=ORIENTED_EDGE('',*,*,#1476,.F.);
#1183=ORIENTED_EDGE('',*,*,#1444,.F.);
#1184=ORIENTED_EDGE('',*,*,#1477,.T.);
#1185=ORIENTED_EDGE('',*,*,#1389,.T.);
#1186=ORIENTED_EDGE('',*,*,#1477,.F.);
#1187=ORIENTED_EDGE('',*,*,#1443,.F.);
#1188=ORIENTED_EDGE('',*,*,#1478,.T.);
#1189=ORIENTED_EDGE('',*,*,#1390,.T.);
#1190=ORIENTED_EDGE('',*,*,#1478,.F.);
#1191=ORIENTED_EDGE('',*,*,#1442,.F.);
#1192=ORIENTED_EDGE('',*,*,#1479,.T.);
#1193=ORIENTED_EDGE('',*,*,#1391,.T.);
#1194=ORIENTED_EDGE('',*,*,#1479,.F.);
#1195=ORIENTED_EDGE('',*,*,#1441,.F.);
#1196=ORIENTED_EDGE('',*,*,#1480,.T.);
#1197=ORIENTED_EDGE('',*,*,#1392,.T.);
#1198=ORIENTED_EDGE('',*,*,#1480,.F.);
#1199=ORIENTED_EDGE('',*,*,#1440,.F.);
#1200=ORIENTED_EDGE('',*,*,#1481,.F.);
#1201=ORIENTED_EDGE('',*,*,#1393,.T.);
#1202=ORIENTED_EDGE('',*,*,#1481,.T.);
#1203=ORIENTED_EDGE('',*,*,#1439,.F.);
#1204=ORIENTED_EDGE('',*,*,#1482,.T.);
#1205=ORIENTED_EDGE('',*,*,#1394,.T.);
#1206=ORIENTED_EDGE('',*,*,#1482,.F.);
#1207=ORIENTED_EDGE('',*,*,#1438,.F.);
#1208=ORIENTED_EDGE('',*,*,#1483,.T.);
#1209=ORIENTED_EDGE('',*,*,#1395,.T.);
#1210=ORIENTED_EDGE('',*,*,#1483,.F.);
#1211=ORIENTED_EDGE('',*,*,#1437,.F.);
#1212=ORIENTED_EDGE('',*,*,#1484,.T.);
#1213=ORIENTED_EDGE('',*,*,#1396,.T.);
#1214=ORIENTED_EDGE('',*,*,#1484,.F.);
#1215=ORIENTED_EDGE('',*,*,#1436,.F.);
#1216=ORIENTED_EDGE('',*,*,#1485,.F.);
#1217=ORIENTED_EDGE('',*,*,#1397,.T.);
#1218=ORIENTED_EDGE('',*,*,#1485,.T.);
#1219=ORIENTED_EDGE('',*,*,#1452,.F.);
#1220=ORIENTED_EDGE('',*,*,#1486,.T.);
#1221=ORIENTED_EDGE('',*,*,#1398,.T.);
#1222=ORIENTED_EDGE('',*,*,#1486,.F.);
#1223=ORIENTED_EDGE('',*,*,#1451,.F.);
#1224=ORIENTED_EDGE('',*,*,#1487,.T.);
#1225=ORIENTED_EDGE('',*,*,#1399,.T.);
#1226=ORIENTED_EDGE('',*,*,#1487,.F.);
#1227=ORIENTED_EDGE('',*,*,#1450,.F.);
#1228=ORIENTED_EDGE('',*,*,#1433,.F.);
#1229=ORIENTED_EDGE('',*,*,#1488,.T.);
#1230=ORIENTED_EDGE('',*,*,#1400,.T.);
#1231=ORIENTED_EDGE('',*,*,#1488,.F.);
#1232=ORIENTED_EDGE('',*,*,#1432,.F.);
#1233=ORIENTED_EDGE('',*,*,#1489,.F.);
#1234=ORIENTED_EDGE('',*,*,#1401,.T.);
#1235=ORIENTED_EDGE('',*,*,#1489,.T.);
#1236=ORIENTED_EDGE('',*,*,#1431,.F.);
#1237=ORIENTED_EDGE('',*,*,#1490,.T.);
#1238=ORIENTED_EDGE('',*,*,#1402,.T.);
#1239=ORIENTED_EDGE('',*,*,#1490,.F.);
#1240=ORIENTED_EDGE('',*,*,#1430,.F.);
#1241=ORIENTED_EDGE('',*,*,#1491,.T.);
#1242=ORIENTED_EDGE('',*,*,#1403,.T.);
#1243=ORIENTED_EDGE('',*,*,#1491,.F.);
#1244=ORIENTED_EDGE('',*,*,#1435,.F.);
#1245=ORIENTED_EDGE('',*,*,#1415,.F.);
#1246=ORIENTED_EDGE('',*,*,#1492,.T.);
#1247=ORIENTED_EDGE('',*,*,#1404,.T.);
#1248=ORIENTED_EDGE('',*,*,#1492,.F.);
#1249=ORIENTED_EDGE('',*,*,#1414,.F.);
#1250=ORIENTED_EDGE('',*,*,#1453,.F.);
#1251=EDGE_CURVE('',#1493,#1494,#1495,.T.);
#1252=EDGE_CURVE('',#1494,#1496,#1497,.T.);
#1253=EDGE_CURVE('',#1498,#1496,#1499,.F.);
#1254=EDGE_CURVE('',#1500,#1498,#1501,.F.);
#1255=EDGE_CURVE('',#1500,#1502,#1503,.T.);
#1256=EDGE_CURVE('',#1504,#1502,#1505,.T.);
#1257=EDGE_CURVE('',#1506,#1504,#1507,.T.);
#1258=EDGE_CURVE('',#1508,#1506,#1509,.F.);
#1259=EDGE_CURVE('',#1510,#1508,#1511,.T.);
#1260=EDGE_CURVE('',#1510,#1493,#1512,.T.);
#1261=EDGE_CURVE('',#1513,#1514,#1515,.T.);
#1262=EDGE_CURVE('',#1514,#1516,#1517,.T.);
#1263=EDGE_CURVE('',#1518,#1516,#1519,.F.);
#1264=EDGE_CURVE('',#1520,#1518,#1521,.F.);
#1265=EDGE_CURVE('',#1520,#1522,#1523,.T.);
#1266=EDGE_CURVE('',#1524,#1522,#1525,.T.);
#1267=EDGE_CURVE('',#1526,#1524,#1527,.T.);
#1268=EDGE_CURVE('',#1528,#1526,#1529,.F.);
#1269=EDGE_CURVE('',#1530,#1528,#1531,.T.);
#1270=EDGE_CURVE('',#1530,#1513,#1532,.T.);
#1271=EDGE_CURVE('',#1533,#1534,#1535,.T.);
#1272=EDGE_CURVE('',#1534,#1536,#1537,.T.);
#1273=EDGE_CURVE('',#1536,#1538,#1539,.T.);
#1274=EDGE_CURVE('',#1538,#1540,#1541,.T.);
#1275=EDGE_CURVE('',#1540,#1542,#1543,.T.);
#1276=EDGE_CURVE('',#1542,#1544,#1545,.T.);
#1277=EDGE_CURVE('',#1544,#1546,#1547,.T.);
#1278=EDGE_CURVE('',#1546,#1548,#1549,.T.);
#1279=EDGE_CURVE('',#1548,#1550,#1551,.T.);
#1280=EDGE_CURVE('',#1550,#1552,#1553,.T.);
#1281=EDGE_CURVE('',#1552,#1554,#1555,.T.);
#1282=EDGE_CURVE('',#1554,#1533,#1556,.T.);
#1283=EDGE_CURVE('',#1557,#1493,#1558,.T.);
#1284=EDGE_CURVE('',#1559,#1510,#1560,.T.);
#1285=EDGE_CURVE('',#1561,#1559,#1562,.T.);
#1286=EDGE_CURVE('',#1563,#1561,#1564,.F.);
#1287=EDGE_CURVE('',#1565,#1563,#1566,.T.);
#1288=EDGE_CURVE('',#1567,#1565,#1568,.T.);
#1289=EDGE_CURVE('',#1569,#1567,#1570,.T.);
#1290=EDGE_CURVE('',#1516,#1569,#1571,.F.);
#1291=EDGE_CURVE('',#1514,#1572,#1573,.T.);
#1292=EDGE_CURVE('',#1572,#1513,#1574,.T.);
#1293=EDGE_CURVE('',#1575,#1530,#1576,.T.);
#1294=EDGE_CURVE('',#1577,#1575,#1578,.T.);
#1295=EDGE_CURVE('',#1579,#1577,#1580,.F.);
#1296=EDGE_CURVE('',#1581,#1579,#1582,.T.);
#1297=EDGE_CURVE('',#1583,#1581,#1584,.T.);
#1298=EDGE_CURVE('',#1585,#1583,#1586,.T.);
#1299=EDGE_CURVE('',#1496,#1585,#1587,.F.);
#1300=EDGE_CURVE('',#1494,#1557,#1588,.T.);
#1301=EDGE_CURVE('',#1589,#1589,#1590,.T.);
#1302=EDGE_CURVE('',#1591,#1591,#1592,.T.);
#1303=EDGE_CURVE('',#1593,#1594,#1595,.T.);
#1304=EDGE_CURVE('',#1594,#1593,#1596,.T.);
#1305=EDGE_CURVE('',#1597,#1598,#1599,.F.);
#1306=EDGE_CURVE('',#1598,#1597,#1600,.F.);
#1307=EDGE_CURVE('',#1601,#1601,#1602,.T.);
#1308=EDGE_CURVE('',#1603,#1604,#1605,.F.);
#1309=EDGE_CURVE('',#1604,#1603,#1606,.F.);
#1310=EDGE_CURVE('',#1607,#1607,#1608,.T.);
#1311=EDGE_CURVE('',#1609,#1610,#1611,.F.);
#1312=EDGE_CURVE('',#1610,#1609,#1612,.F.);
#1313=EDGE_CURVE('',#1613,#1614,#1615,.T.);
#1314=EDGE_CURVE('',#1614,#1613,#1616,.T.);
#1315=EDGE_CURVE('',#1617,#1618,#1619,.F.);
#1316=EDGE_CURVE('',#1618,#1617,#1620,.F.);
#1317=EDGE_CURVE('',#1514,#1513,#1621,.F.);
#1318=EDGE_CURVE('',#1494,#1493,#1622,.F.);
#1319=EDGE_CURVE('',#1498,#1585,#1623,.T.);
#1320=EDGE_CURVE('',#1624,#1500,#1625,.T.);
#1321=EDGE_CURVE('',#1624,#1583,#1626,.T.);
#1322=EDGE_CURVE('',#1581,#1624,#1627,.T.);
#1323=EDGE_CURVE('',#1628,#1579,#1629,.F.);
#1324=EDGE_CURVE('',#1526,#1628,#1630,.T.);
#1325=EDGE_CURVE('',#1502,#1524,#1631,.T.);
#1326=EDGE_CURVE('',#1522,#1504,#1632,.T.);
#1327=EDGE_CURVE('',#1633,#1634,#1635,.T.);
#1328=EDGE_CURVE('',#1634,#1636,#1637,.T.);
#1329=EDGE_CURVE('',#1636,#1638,#1639,.T.);
#1330=EDGE_CURVE('',#1638,#1633,#1640,.T.);
#1331=EDGE_CURVE('',#1641,#1520,#1642,.T.);
#1332=EDGE_CURVE('',#1565,#1641,#1643,.T.);
#1333=EDGE_CURVE('',#1644,#1563,#1645,.F.);
#1334=EDGE_CURVE('',#1506,#1644,#1646,.T.);
#1335=EDGE_CURVE('',#1508,#1559,#1647,.T.);
#1336=EDGE_CURVE('',#1644,#1561,#1648,.T.);
#1337=EDGE_CURVE('',#1518,#1569,#1649,.T.);
#1338=EDGE_CURVE('',#1641,#1567,#1650,.T.);
#1339=EDGE_CURVE('',#1528,#1575,#1651,.T.);
#1340=EDGE_CURVE('',#1628,#1577,#1652,.T.);
#1341=EDGE_CURVE('',#1653,#1654,#1655,.T.);
#1342=EDGE_CURVE('',#1534,#1654,#1656,.T.);
#1343=EDGE_CURVE('',#1653,#1533,#1657,.T.);
#1344=EDGE_CURVE('',#1654,#1658,#1659,.T.);
#1345=EDGE_CURVE('',#1536,#1658,#1660,.T.);
#1346=EDGE_CURVE('',#1658,#1661,#1662,.T.);
#1347=EDGE_CURVE('',#1538,#1661,#1663,.T.);
#1348=EDGE_CURVE('',#1661,#1664,#1665,.T.);
#1349=EDGE_CURVE('',#1540,#1664,#1666,.T.);
#1350=EDGE_CURVE('',#1664,#1667,#1668,.T.);
#1351=EDGE_CURVE('',#1542,#1667,#1669,.T.);
#1352=EDGE_CURVE('',#1667,#1670,#1671,.T.);
#1353=EDGE_CURVE('',#1544,#1670,#1672,.T.);
#1354=EDGE_CURVE('',#1670,#1673,#1674,.T.);
#1355=EDGE_CURVE('',#1546,#1673,#1675,.T.);
#1356=EDGE_CURVE('',#1673,#1676,#1677,.T.);
#1357=EDGE_CURVE('',#1548,#1676,#1678,.T.);
#1358=EDGE_CURVE('',#1676,#1679,#1680,.T.);
#1359=EDGE_CURVE('',#1550,#1679,#1681,.T.);
#1360=EDGE_CURVE('',#1679,#1682,#1683,.T.);
#1361=EDGE_CURVE('',#1552,#1682,#1684,.T.);
#1362=EDGE_CURVE('',#1682,#1685,#1686,.T.);
#1363=EDGE_CURVE('',#1554,#1685,#1687,.T.);
#1364=EDGE_CURVE('',#1685,#1653,#1688,.T.);
#1365=EDGE_CURVE('',#1689,#1690,#1691,.T.);
#1366=EDGE_CURVE('',#1692,#1689,#1693,.T.);
#1367=EDGE_CURVE('',#1694,#1692,#1695,.T.);
#1368=EDGE_CURVE('',#1696,#1694,#1697,.T.);
#1369=EDGE_CURVE('',#1698,#1696,#1699,.T.);
#1370=EDGE_CURVE('',#1700,#1698,#1701,.T.);
#1371=EDGE_CURVE('',#1702,#1700,#1703,.T.);
#1372=EDGE_CURVE('',#1704,#1702,#1705,.T.);
#1373=EDGE_CURVE('',#1706,#1704,#1707,.T.);
#1374=EDGE_CURVE('',#1708,#1706,#1709,.T.);
#1375=EDGE_CURVE('',#1710,#1708,#1711,.T.);
#1376=EDGE_CURVE('',#1712,#1710,#1713,.T.);
#1377=EDGE_CURVE('',#1714,#1712,#1715,.T.);
#1378=EDGE_CURVE('',#1716,#1714,#1717,.T.);
#1379=EDGE_CURVE('',#1718,#1716,#1719,.T.);
#1380=EDGE_CURVE('',#1720,#1718,#1721,.T.);
#1381=EDGE_CURVE('',#1722,#1720,#1723,.F.);
#1382=EDGE_CURVE('',#1724,#1722,#1725,.T.);
#1383=EDGE_CURVE('',#1726,#1724,#1727,.F.);
#1384=EDGE_CURVE('',#1728,#1726,#1729,.T.);
#1385=EDGE_CURVE('',#1730,#1728,#1731,.T.);
#1386=EDGE_CURVE('',#1732,#1730,#1733,.T.);
#1387=EDGE_CURVE('',#1734,#1732,#1735,.F.);
#1388=EDGE_CURVE('',#1736,#1734,#1737,.T.);
#1389=EDGE_CURVE('',#1738,#1736,#1739,.T.);
#1390=EDGE_CURVE('',#1740,#1738,#1741,.T.);
#1391=EDGE_CURVE('',#1742,#1740,#1743,.F.);
#1392=EDGE_CURVE('',#1744,#1742,#1745,.T.);
#1393=EDGE_CURVE('',#1746,#1744,#1747,.T.);
#1394=EDGE_CURVE('',#1748,#1746,#1749,.T.);
#1395=EDGE_CURVE('',#1750,#1748,#1751,.F.);
#1396=EDGE_CURVE('',#1752,#1750,#1753,.T.);
#1397=EDGE_CURVE('',#1754,#1752,#1755,.T.);
#1398=EDGE_CURVE('',#1756,#1754,#1757,.T.);
#1399=EDGE_CURVE('',#1758,#1756,#1759,.F.);
#1400=EDGE_CURVE('',#1760,#1758,#1761,.T.);
#1401=EDGE_CURVE('',#1762,#1760,#1763,.F.);
#1402=EDGE_CURVE('',#1764,#1762,#1765,.T.);
#1403=EDGE_CURVE('',#1766,#1764,#1767,.T.);
#1404=EDGE_CURVE('',#1690,#1766,#1768,.T.);
#1405=EDGE_CURVE('',#1769,#1770,#1771,.F.);
#1406=EDGE_CURVE('',#1770,#1772,#1773,.T.);
#1407=EDGE_CURVE('',#1772,#1774,#1775,.T.);
#1408=EDGE_CURVE('',#1774,#1776,#1777,.F.);
#1409=EDGE_CURVE('',#1776,#1634,#1778,.T.);
#1410=EDGE_CURVE('',#1779,#1633,#1780,.T.);
#1411=EDGE_CURVE('',#1779,#1769,#1781,.T.);
#1412=EDGE_CURVE('',#1782,#1783,#1784,.F.);
#1413=EDGE_CURVE('',#1783,#1785,#1786,.T.);
#1414=EDGE_CURVE('',#1785,#1787,#1788,.F.);
#1415=EDGE_CURVE('',#1787,#1789,#1790,.F.);
#1416=EDGE_CURVE('',#1789,#1636,#1791,.T.);
#1417=EDGE_CURVE('',#1776,#1792,#1793,.F.);
#1418=EDGE_CURVE('',#1792,#1794,#1795,.F.);
#1419=EDGE_CURVE('',#1794,#1796,#1797,.T.);
#1420=EDGE_CURVE('',#1796,#1798,#1799,.F.);
#1421=EDGE_CURVE('',#1798,#1800,#1801,.F.);
#1422=EDGE_CURVE('',#1800,#1802,#1803,.F.);
#1423=EDGE_CURVE('',#1802,#1804,#1805,.T.);
#1424=EDGE_CURVE('',#1804,#1806,#1807,.F.);
#1425=EDGE_CURVE('',#1806,#1808,#1809,.F.);
#1426=EDGE_CURVE('',#1808,#1810,#1811,.F.);
#1427=EDGE_CURVE('',#1810,#1812,#1813,.T.);
#1428=EDGE_CURVE('',#1812,#1814,#1815,.F.);
#1429=EDGE_CURVE('',#1814,#1782,#1816,.F.);
#1430=EDGE_CURVE('',#1817,#1818,#1819,.F.);
#1431=EDGE_CURVE('',#1818,#1820,#1821,.T.);
#1432=EDGE_CURVE('',#1820,#1822,#1823,.T.);
#1433=EDGE_CURVE('',#1822,#1824,#1825,.F.);
#1434=EDGE_CURVE('',#1824,#1638,#1826,.T.);
#1435=EDGE_CURVE('',#1789,#1817,#1827,.T.);
#1436=EDGE_CURVE('',#1828,#1829,#1830,.F.);
#1437=EDGE_CURVE('',#1829,#1831,#1832,.T.);
#1438=EDGE_CURVE('',#1831,#1833,#1834,.F.);
#1439=EDGE_CURVE('',#1833,#1835,#1836,.T.);
#1440=EDGE_CURVE('',#1835,#1837,#1838,.F.);
#1441=EDGE_CURVE('',#1837,#1839,#1840,.T.);
#1442=EDGE_CURVE('',#1839,#1841,#1842,.F.);
#1443=EDGE_CURVE('',#1841,#1843,#1844,.T.);
#1444=EDGE_CURVE('',#1843,#1845,#1846,.F.);
#1445=EDGE_CURVE('',#1845,#1847,#1848,.T.);
#1446=EDGE_CURVE('',#1847,#1849,#1850,.F.);
#1447=EDGE_CURVE('',#1849,#1851,#1852,.T.);
#1448=EDGE_CURVE('',#1851,#1853,#1854,.F.);
#1449=EDGE_CURVE('',#1853,#1779,#1855,.T.);
#1450=EDGE_CURVE('',#1824,#1856,#1857,.T.);
#1451=EDGE_CURVE('',#1856,#1858,#1859,.F.);
#1452=EDGE_CURVE('',#1858,#1828,#1860,.T.);
#1453=EDGE_CURVE('',#1690,#1785,#1861,.T.);
#1454=EDGE_CURVE('',#1783,#1689,#1862,.T.);
#1455=EDGE_CURVE('',#1782,#1692,#1863,.T.);
#1456=EDGE_CURVE('',#1814,#1694,#1864,.T.);
#1457=EDGE_CURVE('',#1696,#1812,#1865,.T.);
#1458=EDGE_CURVE('',#1810,#1698,#1866,.T.);
#1459=EDGE_CURVE('',#1808,#1700,#1867,.T.);
#1460=EDGE_CURVE('',#1806,#1702,#1868,.T.);
#1461=EDGE_CURVE('',#1804,#1704,#1869,.T.);
#1462=EDGE_CURVE('',#1802,#1706,#1870,.T.);
#1463=EDGE_CURVE('',#1800,#1708,#1871,.T.);
#1464=EDGE_CURVE('',#1798,#1710,#1872,.T.);
#1465=EDGE_CURVE('',#1796,#1712,#1873,.T.);
#1466=EDGE_CURVE('',#1794,#1714,#1874,.T.);
#1467=EDGE_CURVE('',#1792,#1716,#1875,.T.);
#1468=EDGE_CURVE('',#1774,#1718,#1876,.T.);
#1469=EDGE_CURVE('',#1772,#1720,#1877,.T.);
#1470=EDGE_CURVE('',#1770,#1722,#1878,.T.);
#1471=EDGE_CURVE('',#1769,#1724,#1879,.T.);
#1472=EDGE_CURVE('',#1853,#1726,#1880,.T.);
#1473=EDGE_CURVE('',#1851,#1728,#1881,.T.);
#1474=EDGE_CURVE('',#1849,#1730,#1882,.T.);
#1475=EDGE_CURVE('',#1847,#1732,#1883,.T.);
#1476=EDGE_CURVE('',#1845,#1734,#1884,.T.);
#1477=EDGE_CURVE('',#1843,#1736,#1885,.T.);
#1478=EDGE_CURVE('',#1841,#1738,#1886,.T.);
#1479=EDGE_CURVE('',#1839,#1740,#1887,.T.);
#1480=EDGE_CURVE('',#1837,#1742,#1888,.T.);
#1481=EDGE_CURVE('',#1744,#1835,#1889,.T.);
#1482=EDGE_CURVE('',#1833,#1746,#1890,.T.);
#1483=EDGE_CURVE('',#1831,#1748,#1891,.T.);
#1484=EDGE_CURVE('',#1829,#1750,#1892,.T.);
#1485=EDGE_CURVE('',#1752,#1828,#1893,.T.);
#1486=EDGE_CURVE('',#1858,#1754,#1894,.T.);
#1487=EDGE_CURVE('',#1856,#1756,#1895,.T.);
#1488=EDGE_CURVE('',#1822,#1758,#1896,.T.);
#1489=EDGE_CURVE('',#1760,#1820,#1897,.T.);
#1490=EDGE_CURVE('',#1818,#1762,#1898,.F.);
#1491=EDGE_CURVE('',#1817,#1764,#1899,.T.);
#1492=EDGE_CURVE('',#1787,#1766,#1900,.T.);
#1493=VERTEX_POINT('',#1901);
#1494=VERTEX_POINT('',#1902);
#1495=CIRCLE('',#1903,4.4);
#1496=VERTEX_POINT('',#1907);
#1497=CIRCLE('',#1908,4.4);
#1498=VERTEX_POINT('',#1912);
#1499=LINE('',#1913,#1914);
#1500=VERTEX_POINT('',#1916);
#1501=(BOUNDED_CURVE()B_SPLINE_CURVE(3,
(#1917,#1918,#1919,#1920),
.UNSPECIFIED.,.F.,.F.)B_SPLINE_CURVE_WITH_KNOTS((4,4),
(0.,1.),
.UNSPECIFIED.)CURVE()GEOMETRIC_REPRESENTATION_ITEM()RATIONAL_B_SPLINE_CURVE((1.,
0.986570316604837,0.986570316604837,1.))REPRESENTATION_ITEM(''));
#1502=VERTEX_POINT('',#1921);
#1503=LINE('',#1922,#1923);
#1504=VERTEX_POINT('',#1925);
#1505=CIRCLE('',#1926,4.4);
#1506=VERTEX_POINT('',#1930);
#1507=LINE('',#1931,#1932);
#1508=VERTEX_POINT('',#1934);
#1509=(BOUNDED_CURVE()B_SPLINE_CURVE(3,
(#1935,#1936,#1937,#1938),
.UNSPECIFIED.,.F.,.F.)B_SPLINE_CURVE_WITH_KNOTS((4,4),
(0.,1.),
.UNSPECIFIED.)CURVE()GEOMETRIC_REPRESENTATION_ITEM()RATIONAL_B_SPLINE_CURVE((1.,
0.986570316604836,0.986570316604836,1.))REPRESENTATION_ITEM(''));
#1510=VERTEX_POINT('',#1939);
#1511=LINE('',#1940,#1941);
#1512=CIRCLE('',#1943,4.4);
#1513=VERTEX_POINT('',#1947);
#1514=VERTEX_POINT('',#1948);
#1515=CIRCLE('',#1949,4.4);
#1516=VERTEX_POINT('',#1953);
#1517=CIRCLE('',#1954,4.4);
#1518=VERTEX_POINT('',#1958);
#1519=LINE('',#1959,#1960);
#1520=VERTEX_POINT('',#1962);
#1521=(BOUNDED_CURVE()B_SPLINE_CURVE(3,
(#1963,#1964,#1965,#1966),
.UNSPECIFIED.,.F.,.F.)B_SPLINE_CURVE_WITH_KNOTS((4,4),
(0.,1.),
.UNSPECIFIED.)CURVE()GEOMETRIC_REPRESENTATION_ITEM()RATIONAL_B_SPLINE_CURVE((1.,
0.986570316604835,0.986570316604835,1.))REPRESENTATION_ITEM(''));
#1522=VERTEX_POINT('',#1967);
#1523=LINE('',#1968,#1969);
#1524=VERTEX_POINT('',#1971);
#1525=CIRCLE('',#1972,4.4);
#1526=VERTEX_POINT('',#1976);
#1527=LINE('',#1977,#1978);
#1528=VERTEX_POINT('',#1980);
#1529=(BOUNDED_CURVE()B_SPLINE_CURVE(3,
(#1981,#1982,#1983,#1984),
.UNSPECIFIED.,.F.,.F.)B_SPLINE_CURVE_WITH_KNOTS((4,4),
(0.,1.),
.UNSPECIFIED.)CURVE()GEOMETRIC_REPRESENTATION_ITEM()RATIONAL_B_SPLINE_CURVE((1.,
0.986570316604833,0.986570316604833,1.))REPRESENTATION_ITEM(''));
#1530=VERTEX_POINT('',#1985);
#1531=LINE('',#1986,#1987);
#1532=CIRCLE('',#1989,4.4);
#1533=VERTEX_POINT('',#1993);
#1534=VERTEX_POINT('',#1994);
#1535=CIRCLE('',#1995,2.90000000000001);
#1536=VERTEX_POINT('',#1999);
#1537=CIRCLE('',#2000,10.);
#1538=VERTEX_POINT('',#2004);
#1539=CIRCLE('',#2005,2.90000000000001);
#1540=VERTEX_POINT('',#2009);
#1541=CIRCLE('',#2010,10.);
#1542=VERTEX_POINT('',#2014);
#1543=CIRCLE('',#2015,2.90000000000001);
#1544=VERTEX_POINT('',#2019);
#1545=CIRCLE('',#2020,10.);
#1546=VERTEX_POINT('',#2024);
#1547=CIRCLE('',#2025,2.90000000000001);
#1548=VERTEX_POINT('',#2029);
#1549=CIRCLE('',#2030,10.);
#1550=VERTEX_POINT('',#2034);
#1551=CIRCLE('',#2035,2.90000000000001);
#1552=VERTEX_POINT('',#2039);
#1553=CIRCLE('',#2040,10.);
#1554=VERTEX_POINT('',#2044);
#1555=CIRCLE('',#2045,2.90000000000001);
#1556=CIRCLE('',#2049,10.);
#1557=VERTEX_POINT('',#2053);
#1558=CIRCLE('',#2054,1.9);
#1559=VERTEX_POINT('',#2058);
#1560=LINE('',#2059,#2060);
#1561=VERTEX_POINT('',#2062);
#1562=LINE('',#2063,#2064);
#1563=VERTEX_POINT('',#2066);
#1564=LINE('',#2067,#2068);
#1565=VERTEX_POINT('',#2070);
#1566=LINE('',#2071,#2072);
#1567=VERTEX_POINT('',#2074);
#1568=LINE('',#2075,#2076);
#1569=VERTEX_POINT('',#2078);
#1570=LINE('',#2079,#2080);
#1571=LINE('',#2082,#2083);
#1572=VERTEX_POINT('',#2085);
#1573=CIRCLE('',#2086,1.9);
#1574=CIRCLE('',#2090,1.9);
#1575=VERTEX_POINT('',#2094);
#1576=LINE('',#2095,#2096);
#1577=VERTEX_POINT('',#2098);
#1578=LINE('',#2099,#2100);
#1579=VERTEX_POINT('',#2102);
#1580=LINE('',#2103,#2104);
#1581=VERTEX_POINT('',#2106);
#1582=LINE('',#2107,#2108);
#1583=VERTEX_POINT('',#2110);
#1584=LINE('',#2111,#2112);
#1585=VERTEX_POINT('',#2114);
#1586=LINE('',#2115,#2116);
#1587=LINE('',#2118,#2119);
#1588=CIRCLE('',#2121,1.9);
#1589=VERTEX_POINT('',#2125);
#1590=CIRCLE('',#2126,1.55);
#1591=VERTEX_POINT('',#2130);
#1592=CIRCLE('',#2131,1.55);
#1593=VERTEX_POINT('',#2135);
#1594=VERTEX_POINT('',#2136);
#1595=CIRCLE('',#2137,1.90000000000001);
#1596=CIRCLE('',#2141,1.90000000000001);
#1597=VERTEX_POINT('',#2145);
#1598=VERTEX_POINT('',#2146);
#1599=CIRCLE('',#2147,1.55);
#1600=CIRCLE('',#2151,1.55);
#1601=VERTEX_POINT('',#2155);
#1602=CIRCLE('',#2156,2.00000000000001);
#1603=VERTEX_POINT('',#2160);
#1604=VERTEX_POINT('',#2161);
#1605=CIRCLE('',#2162,1.9);
#1606=CIRCLE('',#2166,1.9);
#1607=VERTEX_POINT('',#2170);
#1608=CIRCLE('',#2171,2.00000000000002);
#1609=VERTEX_POINT('',#2175);
#1610=VERTEX_POINT('',#2176);
#1611=CIRCLE('',#2177,1.89999999999989);
#1612=CIRCLE('',#2181,1.89999999999989);
#1613=VERTEX_POINT('',#2185);
#1614=VERTEX_POINT('',#2186);
#1615=CIRCLE('',#2187,1.90000000000001);
#1616=CIRCLE('',#2191,1.90000000000001);
#1617=VERTEX_POINT('',#2195);
#1618=VERTEX_POINT('',#2196);
#1619=CIRCLE('',#2197,1.55);
#1620=CIRCLE('',#2201,1.55);
#1621=CIRCLE('',#2205,1.9);
#1622=CIRCLE('',#2209,1.9);
#1623=LINE('',#2213,#2214);
#1624=VERTEX_POINT('',#2216);
#1625=LINE('',#2217,#2218);
#1626=LINE('',#2220,#2221);
#1627=LINE('',#2223,#2224);
#1628=VERTEX_POINT('',#2226);
#1629=LINE('',#2227,#2228);
#1630=LINE('',#2230,#2231);
#1631=LINE('',#2233,#2234);
#1632=LINE('',#2236,#2237);
#1633=VERTEX_POINT('',#2239);
#1634=VERTEX_POINT('',#2240);
#1635=CIRCLE('',#2241,3.10000000000009);
#1636=VERTEX_POINT('',#2245);
#1637=LINE('',#2246,#2247);
#1638=VERTEX_POINT('',#2249);
#1639=CIRCLE('',#2250,3.10000000000001);
#1640=LINE('',#2254,#2255);
#1641=VERTEX_POINT('',#2257);
#1642=LINE('',#2258,#2259);
#1643=LINE('',#2261,#2262);
#1644=VERTEX_POINT('',#2264);
#1645=LINE('',#2265,#2266);
#1646=LINE('',#2268,#2269);
#1647=LINE('',#2271,#2272);
#1648=LINE('',#2274,#2275);
#1649=LINE('',#2277,#2278);
#1650=LINE('',#2280,#2281);
#1651=LINE('',#2283,#2284);
#1652=LINE('',#2286,#2287);
#1653=VERTEX_POINT('',#2289);
#1654=VERTEX_POINT('',#2290);
#1655=CIRCLE('',#2291,2.90000000000001);
#1656=LINE('',#2295,#2296);
#1657=LINE('',#2298,#2299);
#1658=VERTEX_POINT('',#2301);
#1659=CIRCLE('',#2302,10.);
#1660=LINE('',#2306,#2307);
#1661=VERTEX_POINT('',#2309);
#1662=CIRCLE('',#2310,2.90000000000001);
#1663=LINE('',#2314,#2315);
#1664=VERTEX_POINT('',#2317);
#1665=CIRCLE('',#2318,10.);
#1666=LINE('',#2322,#2323);
#1667=VERTEX_POINT('',#2325);
#1668=CIRCLE('',#2326,2.90000000000001);
#1669=LINE('',#2330,#2331);
#1670=VERTEX_POINT('',#2333);
#1671=CIRCLE('',#2334,10.);
#1672=LINE('',#2338,#2339);
#1673=VERTEX_POINT('',#2341);
#1674=CIRCLE('',#2342,2.90000000000001);
#1675=LINE('',#2346,#2347);
#1676=VERTEX_POINT('',#2349);
#1677=CIRCLE('',#2350,10.);
#1678=LINE('',#2354,#2355);
#1679=VERTEX_POINT('',#2357);
#1680=CIRCLE('',#2358,2.90000000000001);
#1681=LINE('',#2362,#2363);
#1682=VERTEX_POINT('',#2365);
#1683=CIRCLE('',#2366,10.);
#1684=LINE('',#2370,#2371);
#1685=VERTEX_POINT('',#2373);
#1686=CIRCLE('',#2374,2.90000000000001);
#1687=LINE('',#2378,#2379);
#1688=CIRCLE('',#2381,10.);
#1689=VERTEX_POINT('',#2385);
#1690=VERTEX_POINT('',#2386);
#1691=LINE('',#2387,#2388);
#1692=VERTEX_POINT('',#2390);
#1693=LINE('',#2391,#2392);
#1694=VERTEX_POINT('',#2394);
#1695=LINE('',#2395,#2396);
#1696=VERTEX_POINT('',#2398);
#1697=LINE('',#2399,#2400);
#1698=VERTEX_POINT('',#2402);
#1699=LINE('',#2403,#2404);
#1700=VERTEX_POINT('',#2406);
#1701=LINE('',#2407,#2408);
#1702=VERTEX_POINT('',#2410);
#1703=LINE('',#2411,#2412);
#1704=VERTEX_POINT('',#2414);
#1705=LINE('',#2415,#2416);
#1706=VERTEX_POINT('',#2418);
#1707=LINE('',#2419,#2420);
#1708=VERTEX_POINT('',#2422);
#1709=LINE('',#2423,#2424);
#1710=VERTEX_POINT('',#2426);
#1711=LINE('',#2427,#2428);
#1712=VERTEX_POINT('',#2430);
#1713=LINE('',#2431,#2432);
#1714=VERTEX_POINT('',#2434);
#1715=LINE('',#2435,#2436);
#1716=VERTEX_POINT('',#2438);
#1717=LINE('',#2439,#2440);
#1718=VERTEX_POINT('',#2442);
#1719=LINE('',#2443,#2444);
#1720=VERTEX_POINT('',#2446);
#1721=LINE('',#2447,#2448);
#1722=VERTEX_POINT('',#2450);
#1723=CIRCLE('',#2451,2.6);
#1724=VERTEX_POINT('',#2455);
#1725=LINE('',#2456,#2457);
#1726=VERTEX_POINT('',#2459);
#1727=LINE('',#2460,#2461);
#1728=VERTEX_POINT('',#2463);
#1729=LINE('',#2464,#2465);
#1730=VERTEX_POINT('',#2467);
#1731=LINE('',#2468,#2469);
#1732=VERTEX_POINT('',#2471);
#1733=LINE('',#2472,#2473);
#1734=VERTEX_POINT('',#2475);
#1735=LINE('',#2476,#2477);
#1736=VERTEX_POINT('',#2479);
#1737=LINE('',#2480,#2481);
#1738=VERTEX_POINT('',#2483);
#1739=LINE('',#2484,#2485);
#1740=VERTEX_POINT('',#2487);
#1741=LINE('',#2488,#2489);
#1742=VERTEX_POINT('',#2491);
#1743=LINE('',#2492,#2493);
#1744=VERTEX_POINT('',#2495);
#1745=LINE('',#2496,#2497);
#1746=VERTEX_POINT('',#2499);
#1747=LINE('',#2500,#2501);
#1748=VERTEX_POINT('',#2503);
#1749=LINE('',#2504,#2505);
#1750=VERTEX_POINT('',#2507);
#1751=LINE('',#2508,#2509);
#1752=VERTEX_POINT('',#2511);
#1753=LINE('',#2512,#2513);
#1754=VERTEX_POINT('',#2515);
#1755=LINE('',#2516,#2517);
#1756=VERTEX_POINT('',#2519);
#1757=LINE('',#2520,#2521);
#1758=VERTEX_POINT('',#2523);
#1759=LINE('',#2524,#2525);
#1760=VERTEX_POINT('',#2527);
#1761=LINE('',#2528,#2529);
#1762=VERTEX_POINT('',#2531);
#1763=CIRCLE('',#2532,2.6);
#1764=VERTEX_POINT('',#2536);
#1765=LINE('',#2537,#2538);
#1766=VERTEX_POINT('',#2540);
#1767=LINE('',#2541,#2542);
#1768=LINE('',#2544,#2545);
#1769=VERTEX_POINT('',#2547);
#1770=VERTEX_POINT('',#2548);
#1771=B_SPLINE_CURVE_WITH_KNOTS('',3,
(#2549,#2550,#2551,#2552,#2553,#2554,#2555,#2556,#2557,#2558,#2559,#2560,#2561,#2562,
#2563,#2564,#2565,#2566,#2567,#2568),
.UNSPECIFIED.,.F.,.F.,
(4,1,1,1,1,1,1,1,1,1,1,1,1,1,1,1,1,4),
(0.,0.0495652513022396,0.0989230098461041,0.148054602489766,0.196657851561738,0.198927857379779,
0.244985891616187,0.317700087241983,0.421883701840954,0.563198747862859,0.597109836410216,
0.70476118172925,0.814335773217254,0.886256096680263,0.898057184248049,0.928481299073246,
0.966395429283186,1.),
.UNSPECIFIED.);
#1772=VERTEX_POINT('',#2569);
#1773=CIRCLE('',#2570,2.6);
#1774=VERTEX_POINT('',#2574);
#1775=B_SPLINE_CURVE_WITH_KNOTS('',3,
(#2575,#2576,#2577,#2578,#2579,#2580,#2581,#2582,#2583,#2584,#2585,#2586,#2587,#2588,
#2589,#2590,#2591,#2592,#2593,#2594),
.UNSPECIFIED.,.F.,.F.,
(4,1,1,1,1,1,1,1,1,1,1,1,1,1,1,1,1,4),
(0.,0.0495652513024789,0.0989230098465706,0.148054602490485,0.196657851562656,0.198927857380804,
0.244985891617347,0.317700087243414,0.421883701842638,0.563198747864605,0.597109836413397,
0.704761181730757,0.814335773218384,0.886256096681064,0.898057184250166,0.928481299073777,
0.966395429283442,1.),
.UNSPECIFIED.);
#1776=VERTEX_POINT('',#2595);
#1777=B_SPLINE_CURVE_WITH_KNOTS('',3,
(#2596,#2597,#2598,#2599,#2600,#2601,#2602),
.UNSPECIFIED.,.F.,.F.,
(4,1,1,1,4),
(0.,0.249973494619636,0.5,0.749978583517271,1.),
.UNSPECIFIED.);
#1778=B_SPLINE_CURVE_WITH_KNOTS('',3,
(#2603,#2604,#2605,#2606,#2607),
.UNSPECIFIED.,.F.,.F.,
(4,1,4),
(0.,0.5,1.),
.UNSPECIFIED.);
#1779=VERTEX_POINT('',#2608);
#1780=B_SPLINE_CURVE_WITH_KNOTS('',3,
(#2609,#2610,#2611,#2612,#2613),
.UNSPECIFIED.,.F.,.F.,
(4,1,4),
(0.,0.5,1.),
.UNSPECIFIED.);
#1781=B_SPLINE_CURVE_WITH_KNOTS('',3,
(#2614,#2615,#2616,#2617,#2618,#2619,#2620),
.UNSPECIFIED.,.F.,.F.,
(4,1,1,1,4),
(0.,0.249973495583368,0.5,0.749978584466466,1.),
.UNSPECIFIED.);
#1782=VERTEX_POINT('',#2621);
#1783=VERTEX_POINT('',#2622);
#1784=LINE('',#2623,#2624);
#1785=VERTEX_POINT('',#2626);
#1786=LINE('',#2627,#2628);
#1787=VERTEX_POINT('',#2630);
#1788=LINE('',#2631,#2632);
#1789=VERTEX_POINT('',#2634);
#1790=LINE('',#2635,#2636);
#1791=B_SPLINE_CURVE_WITH_KNOTS('',3,
(#2638,#2639,#2640,#2641,#2642),
.UNSPECIFIED.,.F.,.F.,
(4,1,4),
(0.,0.5,1.),
.UNSPECIFIED.);
#1792=VERTEX_POINT('',#2643);
#1793=LINE('',#2644,#2645);
#1794=VERTEX_POINT('',#2647);
#1795=LINE('',#2648,#2649);
#1796=VERTEX_POINT('',#2651);
#1797=LINE('',#2652,#2653);
#1798=VERTEX_POINT('',#2655);
#1799=LINE('',#2656,#2657);
#1800=VERTEX_POINT('',#2659);
#1801=LINE('',#2660,#2661);
#1802=VERTEX_POINT('',#2663);
#1803=LINE('',#2664,#2665);
#1804=VERTEX_POINT('',#2667);
#1805=LINE('',#2668,#2669);
#1806=VERTEX_POINT('',#2671);
#1807=LINE('',#2672,#2673);
#1808=VERTEX_POINT('',#2675);
#1809=LINE('',#2676,#2677);
#1810=VERTEX_POINT('',#2679);
#1811=LINE('',#2680,#2681);
#1812=VERTEX_POINT('',#2683);
#1813=LINE('',#2684,#2685);
#1814=VERTEX_POINT('',#2687);
#1815=LINE('',#2688,#2689);
#1816=LINE('',#2691,#2692);
#1817=VERTEX_POINT('',#2694);
#1818=VERTEX_POINT('',#2695);
#1819=B_SPLINE_CURVE_WITH_KNOTS('',3,
(#2696,#2697,#2698,#2699,#2700,#2701,#2702,#2703,#2704,#2705,#2706,#2707,#2708,#2709,
#2710,#2711,#2712,#2713,#2714,#2715),
.UNSPECIFIED.,.F.,.F.,
(4,1,1,1,1,1,1,1,1,1,1,1,1,1,1,1,1,4),
(0.,0.0495652513023756,0.0989230098463401,0.148054602490128,0.196657851562181,0.19892785738026,
0.244985891616744,0.317700087242653,0.421883701841715,0.56319874786362,0.597109836411656,
0.704761181729911,0.814335773217744,0.886256096680604,0.898057184249008,0.928481299073453,
0.966395429283283,1.),
.UNSPECIFIED.);
#1820=VERTEX_POINT('',#2716);
#1821=CIRCLE('',#2717,2.60000000000003);
#1822=VERTEX_POINT('',#2721);
#1823=B_SPLINE_CURVE_WITH_KNOTS('',3,
(#2722,#2723,#2724,#2725,#2726,#2727,#2728,#2729,#2730,#2731,#2732,#2733,#2734,#2735,
#2736,#2737,#2738,#2739,#2740,#2741),
.UNSPECIFIED.,.F.,.F.,
(4,1,1,1,1,1,1,1,1,1,1,1,1,1,1,1,1,4),
(0.,0.0495652513022663,0.0989230098461614,0.148054602489894,0.196657851561911,0.198927857379994,
0.244985891616431,0.317700087242314,0.42188370184133,0.563198747863221,0.5971098364109,
0.704761181729569,0.814335773217496,0.886256096680435,0.898057184248515,0.928481299073366,
0.966395429283232,1.),
.UNSPECIFIED.);
#1824=VERTEX_POINT('',#2742);
#1825=B_SPLINE_CURVE_WITH_KNOTS('',3,
(#2743,#2744,#2745,#2746,#2747,#2748,#2749),
.UNSPECIFIED.,.F.,.F.,
(4,1,1,1,4),
(0.,0.249973494619654,0.5,0.749978583517367,1.),
.UNSPECIFIED.);
#1826=B_SPLINE_CURVE_WITH_KNOTS('',3,
(#2750,#2751,#2752,#2753,#2754),
.UNSPECIFIED.,.F.,.F.,
(4,1,4),
(0.,0.5,1.),
.UNSPECIFIED.);
#1827=B_SPLINE_CURVE_WITH_KNOTS('',3,
(#2755,#2756,#2757,#2758,#2759,#2760,#2761),
.UNSPECIFIED.,.F.,.F.,
(4,1,1,1,4),
(0.,0.249973495583349,0.5,0.749978584466463,1.),
.UNSPECIFIED.);
#1828=VERTEX_POINT('',#2762);
#1829=VERTEX_POINT('',#2763);
#1830=LINE('',#2764,#2765);
#1831=VERTEX_POINT('',#2767);
#1832=LINE('',#2768,#2769);
#1833=VERTEX_POINT('',#2771);
#1834=LINE('',#2772,#2773);
#1835=VERTEX_POINT('',#2775);
#1836=LINE('',#2776,#2777);
#1837=VERTEX_POINT('',#2779);
#1838=LINE('',#2780,#2781);
#1839=VERTEX_POINT('',#2783);
#1840=LINE('',#2784,#2785);
#1841=VERTEX_POINT('',#2787);
#1842=LINE('',#2788,#2789);
#1843=VERTEX_POINT('',#2791);
#1844=LINE('',#2792,#2793);
#1845=VERTEX_POINT('',#2795);
#1846=LINE('',#2796,#2797);
#1847=VERTEX_POINT('',#2799);
#1848=LINE('',#2800,#2801);
#1849=VERTEX_POINT('',#2803);
#1850=LINE('',#2804,#2805);
#1851=VERTEX_POINT('',#2807);
#1852=LINE('',#2808,#2809);
#1853=VERTEX_POINT('',#2811);
#1854=LINE('',#2812,#2813);
#1855=LINE('',#2815,#2816);
#1856=VERTEX_POINT('',#2818);
#1857=LINE('',#2819,#2820);
#1858=VERTEX_POINT('',#2822);
#1859=LINE('',#2823,#2824);
#1860=LINE('',#2826,#2827);
#1861=LINE('',#2829,#2830);
#1862=LINE('',#2832,#2833);
#1863=LINE('',#2835,#2836);
#1864=LINE('',#2838,#2839);
#1865=LINE('',#2841,#2842);
#1866=LINE('',#2844,#2845);
#1867=LINE('',#2847,#2848);
#1868=LINE('',#2850,#2851);
#1869=LINE('',#2853,#2854);
#1870=LINE('',#2856,#2857);
#1871=LINE('',#2859,#2860);
#1872=LINE('',#2862,#2863);
#1873=LINE('',#2865,#2866);
#1874=LINE('',#2868,#2869);
#1875=LINE('',#2871,#2872);
#1876=LINE('',#2874,#2875);
#1877=LINE('',#2877,#2878);
#1878=LINE('',#2880,#2881);
#1879=LINE('',#2883,#2884);
#1880=LINE('',#2886,#2887);
#1881=LINE('',#2889,#2890);
#1882=LINE('',#2892,#2893);
#1883=LINE('',#2895,#2896);
#1884=LINE('',#2898,#2899);
#1885=LINE('',#2901,#2902);
#1886=LINE('',#2904,#2905);
#1887=LINE('',#2907,#2908);
#1888=LINE('',#2910,#2911);
#1889=LINE('',#2913,#2914);
#1890=LINE('',#2916,#2917);
#1891=LINE('',#2919,#2920);
#1892=LINE('',#2922,#2923);
#1893=LINE('',#2925,#2926);
#1894=LINE('',#2928,#2929);
#1895=LINE('',#2931,#2932);
#1896=LINE('',#2934,#2935);
#1897=LINE('',#2937,#2938);
#1898=LINE('',#2940,#2941);
#1899=LINE('',#2943,#2944);
#1900=LINE('',#2946,#2947);
#1901=CARTESIAN_POINT('',(-16.3436079878024,96.6889044884959,58.8500957897013));
#1902=CARTESIAN_POINT('',(-14.5973620142924,96.6889044884959,58.8500957897013));
#1903=AXIS2_PLACEMENT_3D('',#1904,#1905,#1906);
#1904=CARTESIAN_POINT('',(-15.4704850010474,92.3764044884959,58.8500957897013));
#1905=DIRECTION('',(-8.64603878073873E-28,1.22464679905824E-16,-1.));
#1906=DIRECTION('',(-0.198437042444321,0.980113636363637,1.20029302748778E-16));
#1907=CARTESIAN_POINT('',(-13.1477403007254,96.1133627511911,58.8500957897013));
#1908=AXIS2_PLACEMENT_3D('',#1909,#1910,#1911);
#1909=CARTESIAN_POINT('',(-15.4704850010474,92.3764044884959,58.8500957897013));
#1910=DIRECTION('',(-8.64610041049695E-28,1.22464679905824E-16,-1.));
#1911=DIRECTION('',(0.198437042444322,0.980113636363636,1.20029302748434E-16));
#1912=CARTESIAN_POINT('',(-13.1477403007254,96.1133627511911,56.7120957955452));
#1913=CARTESIAN_POINT('',(-13.1477403007254,96.1133627511911,58.8500957897013));
#1914=VECTOR('',#1915,1.);
#1915=DIRECTION('',(0.,0.,-1.));
#1916=CARTESIAN_POINT('',(-11.8704850010481,94.9062266166329,56.7561403278498));
#1917=CARTESIAN_POINT('',(-13.1477403007254,96.1133627511911,56.7120957955451));
#1918=CARTESIAN_POINT('',(-12.6434342198345,95.799906139052,56.8319756540312));
#1919=CARTESIAN_POINT('',(-12.2118869095281,95.3920500493774,56.8468570167893));
#1920=CARTESIAN_POINT('',(-11.8704850010488,94.9062266166326,56.7561403278485));
#1921=CARTESIAN_POINT('',(-11.8704850010481,94.9062266166329,55.8500957897013));
#1922=CARTESIAN_POINT('',(-11.870485001048,94.9062266166325,56.7561403278498));
#1923=VECTOR('',#1924,1.);
#1924=DIRECTION('',(0.,0.,-1.));
#1925=CARTESIAN_POINT('',(-19.0704850010468,94.9062266166329,55.8500957897013));
#1926=AXIS2_PLACEMENT_3D('',#1927,#1928,#1929);
#1927=CARTESIAN_POINT('',(-15.4704850010474,92.3764044884959,55.8500957897013));
#1928=DIRECTION('',(-8.64591552122229E-28,1.22464679905824E-16,-1.));
#1929=DIRECTION('',(-0.818181818181526,0.574959574576484,7.04122402600053E-17));
#1930=CARTESIAN_POINT('',(-19.0704850010468,94.9062266166329,56.7561403278485));
#1931=CARTESIAN_POINT('',(-19.0704850010468,94.9062266166325,56.7561403278485));
#1932=VECTOR('',#1933,1.);
#1933=DIRECTION('',(0.,0.,-1.));
#1934=CARTESIAN_POINT('',(-17.7932297013695,96.1133627511911,56.7120957955452));
#1935=CARTESIAN_POINT('',(-19.0704850010461,94.9062266166324,56.7561403278484));
#1936=CARTESIAN_POINT('',(-18.7290830925668,95.3920500493773,56.8468570167893));
#1937=CARTESIAN_POINT('',(-18.2975357822605,95.7999061390519,56.8319756540312));
#1938=CARTESIAN_POINT('',(-17.7932297013695,96.113362751191,56.7120957955451));
#1939=CARTESIAN_POINT('',(-17.7932297013695,96.1133627511911,58.8500957897013));
#1940=CARTESIAN_POINT('',(-17.7932297013695,96.1133627511911,58.8500957897013));
#1941=VECTOR('',#1942,1.);
#1942=DIRECTION('',(0.,0.,-1.));
#1943=AXIS2_PLACEMENT_3D('',#1944,#1945,#1946);
#1944=CARTESIAN_POINT('',(-15.4704850010474,92.3764044884959,58.8500957897013));
#1945=DIRECTION('',(-8.64610041049695E-28,1.22464679905824E-16,-1.));
#1946=DIRECTION('',(-0.527896522800472,0.849308696067084,1.04010317605545E-16));
#1947=CARTESIAN_POINT('',(-14.5973620142924,88.0639044884959,58.8500957897013));
#1948=CARTESIAN_POINT('',(-16.3436079878024,88.0639044884959,58.8500957897013));
#1949=AXIS2_PLACEMENT_3D('',#1950,#1951,#1952);
#1950=CARTESIAN_POINT('',(-15.4704850010474,92.3764044884959,58.8500957897013));
#1951=DIRECTION('',(-8.64603878073873E-28,1.22464679905824E-16,-1.));
#1952=DIRECTION('',(0.198437042444321,-0.980113636363637,-1.20029302748778E-16));
#1953=CARTESIAN_POINT('',(-17.7932297013695,88.6394462258008,58.8500957897013));
#1954=AXIS2_PLACEMENT_3D('',#1955,#1956,#1957);
#1955=CARTESIAN_POINT('',(-15.4704850010474,92.3764044884959,58.8500957897013));
#1956=DIRECTION('',(-8.64597715098051E-28,1.22464679905824E-16,-1.));
#1957=DIRECTION('',(-0.198437042444321,-0.980113636363637,-1.20029302748434E-16));
#1958=CARTESIAN_POINT('',(-17.7932297013695,88.6394462258008,56.7120957955452));
#1959=CARTESIAN_POINT('',(-17.7932297013695,88.6394462258008,58.8500957897013));
#1960=VECTOR('',#1961,1.);
#1961=DIRECTION('',(0.,0.,-1.));
#1962=CARTESIAN_POINT('',(-19.0704850010468,89.846582360359,56.7561403278485));
#1963=CARTESIAN_POINT('',(-17.7932297013695,88.6394462258008,56.7120957955451));
#1964=CARTESIAN_POINT('',(-18.2975357822605,88.9529028379399,56.8319756540312));
#1965=CARTESIAN_POINT('',(-18.7290830925668,89.3607589276146,56.8468570167893));
#1966=CARTESIAN_POINT('',(-19.0704850010462,89.8465823603594,56.7561403278484));
#1967=CARTESIAN_POINT('',(-19.0704850010468,89.846582360359,55.8500957897013));
#1968=CARTESIAN_POINT('',(-19.0704850010468,89.8465823603594,56.7561403278485));
#1969=VECTOR('',#1970,1.);
#1970=DIRECTION('',(0.,0.,-1.));
#1971=CARTESIAN_POINT('',(-11.8704850010481,89.846582360359,55.8500957897013));
#1972=AXIS2_PLACEMENT_3D('',#1973,#1974,#1975);
#1973=CARTESIAN_POINT('',(-15.4704850010474,92.3764044884959,55.8500957897013));
#1974=DIRECTION('',(-8.64591552122229E-28,1.22464679905824E-16,-1.));
#1975=DIRECTION('',(0.818181818181529,-0.574959574576481,-7.04122402600049E-17));
#1976=CARTESIAN_POINT('',(-11.8704850010481,89.846582360359,56.7561403278485));
#1977=CARTESIAN_POINT('',(-11.870485001048,89.8465823603594,56.7561403278485));
#1978=VECTOR('',#1979,1.);
#1979=DIRECTION('',(0.,0.,-1.));
#1980=CARTESIAN_POINT('',(-13.1477403007254,88.6394462258008,56.7120957955452));
#1981=CARTESIAN_POINT('',(-11.8704850010487,89.8465823603594,56.7561403278486));
#1982=CARTESIAN_POINT('',(-12.211886909528,89.3607589276145,56.8468570167895));
#1983=CARTESIAN_POINT('',(-12.6434342198344,88.9529028379398,56.8319756540314));
#1984=CARTESIAN_POINT('',(-13.1477403007254,88.6394462258007,56.7120957955452));
#1985=CARTESIAN_POINT('',(-13.1477403007254,88.6394462258008,58.8500957897013));
#1986=CARTESIAN_POINT('',(-13.1477403007254,88.6394462258008,58.8500957897013));
#1987=VECTOR('',#1988,1.);
#1988=DIRECTION('',(0.,0.,-1.));
#1989=AXIS2_PLACEMENT_3D('',#1990,#1991,#1992);
#1990=CARTESIAN_POINT('',(-15.4704850010474,92.3764044884959,58.8500957897013));
#1991=DIRECTION('',(-8.64597715098051E-28,1.22464679905824E-16,-1.));
#1992=DIRECTION('',(0.527896522800472,-0.849308696067084,-1.04010317605545E-16));
#1993=CARTESIAN_POINT('',(-24.955766375286,95.5433331664934,58.8500957897013));
#1994=CARTESIAN_POINT('',(-22.955766375286,99.0074347816311,58.8500957897013));
#1995=AXIS2_PLACEMENT_3D('',#1996,#1997,#1998);
#1996=CARTESIAN_POINT('',(-22.1371130273387,96.2253839740623,58.8500957897013));
#1997=DIRECTION('',(-8.64597715098051E-28,1.22464679905824E-16,-1.));
#1998=DIRECTION('',(-0.971949430326663,-0.235189933644437,-2.88024599399977E-17));
#1999=CARTESIAN_POINT('',(-17.4704850010475,102.174363459629,58.8500957897013));
#2000=AXIS2_PLACEMENT_3D('',#2001,#2002,#2003);
#2001=CARTESIAN_POINT('',(-15.4704850010474,92.3764044884959,58.8500957897013));
#2002=DIRECTION('',(-8.64603878073873E-28,1.22464679905824E-16,-1.));
#2003=DIRECTION('',(-0.748528137423857,0.663103029313524,8.12067002301101E-17));
#2004=CARTESIAN_POINT('',(-13.4704850010474,102.174363459629,58.8500957897013));
#2005=AXIS2_PLACEMENT_3D('',#2006,#2007,#2008);
#2006=CARTESIAN_POINT('',(-15.4704850010475,100.074363459629,58.8500957897013));
#2007=DIRECTION('',(-8.64603878073873E-28,1.22464679905824E-16,-1.));
#2008=DIRECTION('',(-0.689655172413793,0.724137931034483,8.86813199323999E-17));
#2009=CARTESIAN_POINT('',(-7.98520362680887,99.0074347816311,58.8500957897013));
#2010=AXIS2_PLACEMENT_3D('',#2011,#2012,#2013);
#2011=CARTESIAN_POINT('',(-15.4704850010474,92.3764044884959,58.8500957897013));
#2012=DIRECTION('',(-8.64600796585962E-28,1.22464679905824E-16,-1.));
#2013=DIRECTION('',(0.2,0.979795897113271,1.19990390912844E-16));
#2014=CARTESIAN_POINT('',(-5.98520362680888,95.5433331664934,58.8500957897013));
#2015=AXIS2_PLACEMENT_3D('',#2016,#2017,#2018);
#2016=CARTESIAN_POINT('',(-8.8038569747562,96.2253839740623,58.8500957897013));
#2017=DIRECTION('',(-8.64603878073873E-28,1.22464679905824E-16,-1.));
#2018=DIRECTION('',(0.282294257912875,0.959327864678922,1.17483779872398E-16));
#2019=CARTESIAN_POINT('',(-5.98520362680889,89.2094758104984,58.8500957897013));
#2020=AXIS2_PLACEMENT_3D('',#2021,#2022,#2023);
#2021=CARTESIAN_POINT('',(-15.4704850010474,92.3764044884959,58.8500957897013));
#2022=DIRECTION('',(-8.64610041049695E-28,1.22464679905824E-16,-1.));
#2023=DIRECTION('',(0.948528137423857,0.316692867799748,3.87836906827334E-17));
#2024=CARTESIAN_POINT('',(-7.9852036268089,85.7453741953607,58.8500957897013));
#2025=AXIS2_PLACEMENT_3D('',#2026,#2027,#2028);
#2026=CARTESIAN_POINT('',(-8.80385697475623,88.5274250029295,58.8500957897013));
#2027=DIRECTION('',(-8.64597715098051E-28,1.22464679905824E-16,-1.));
#2028=DIRECTION('',(0.971949430326663,0.235189933644437,2.88024599399977E-17));
#2029=CARTESIAN_POINT('',(-13.4704850010474,82.5784455173632,58.8500957897013));
#2030=AXIS2_PLACEMENT_3D('',#2031,#2032,#2033);
#2031=CARTESIAN_POINT('',(-15.4704850010474,92.3764044884959,58.8500957897013));
#2032=DIRECTION('',(-8.64603878073873E-28,1.22464679905824E-16,-1.));
#2033=DIRECTION('',(0.748528137423857,-0.663103029313524,-8.12067002301101E-17));
#2034=CARTESIAN_POINT('',(-17.4704850010474,82.5784455173632,58.8500957897013));
#2035=AXIS2_PLACEMENT_3D('',#2036,#2037,#2038);
#2036=CARTESIAN_POINT('',(-15.4704850010474,84.6784455173632,58.8500957897013));
#2037=DIRECTION('',(-8.64603878073873E-28,1.22464679905824E-16,-1.));
#2038=DIRECTION('',(0.689655172413793,-0.724137931034483,-8.86813199323999E-17));
#2039=CARTESIAN_POINT('',(-22.955766375286,85.7453741953607,58.8500957897013));
#2040=AXIS2_PLACEMENT_3D('',#2041,#2042,#2043);
#2041=CARTESIAN_POINT('',(-15.4704850010474,92.3764044884959,58.8500957897013));
#2042=DIRECTION('',(-8.64600796585962E-28,1.22464679905824E-16,-1.));
#2043=DIRECTION('',(-0.2,-0.979795897113271,-1.19990390912844E-16));
#2044=CARTESIAN_POINT('',(-24.955766375286,89.2094758104984,58.8500957897013));
#2045=AXIS2_PLACEMENT_3D('',#2046,#2047,#2048);
#2046=CARTESIAN_POINT('',(-22.1371130273387,88.5274250029296,58.8500957897013));
#2047=DIRECTION('',(-8.64603878073873E-28,1.22464679905824E-16,-1.));
#2048=DIRECTION('',(-0.282294257912874,-0.959327864678922,-1.17483779872398E-16));
#2049=AXIS2_PLACEMENT_3D('',#2050,#2051,#2052);
#2050=CARTESIAN_POINT('',(-15.4704850010474,92.3764044884959,58.8500957897013));
#2051=DIRECTION('',(-8.64603878073873E-28,1.22464679905824E-16,-1.));
#2052=DIRECTION('',(-0.948528137423857,-0.316692867799748,-3.87836906827334E-17));
#2053=CARTESIAN_POINT('',(-17.3704850010474,98.3764044884959,58.8500957897013));
#2054=AXIS2_PLACEMENT_3D('',#2055,#2056,#2057);
#2055=CARTESIAN_POINT('',(-15.4704850010474,98.3764044884959,58.8500957897013));
#2056=DIRECTION('',(8.64605148432962E-28,-1.22464679905824E-16,1.));
#2057=DIRECTION('',(-1.,-1.0588359274777E-43,8.64605148432962E-28));
#2058=CARTESIAN_POINT('',(-19.4950842423618,97.8152172921834,58.8500957897013));
#2059=CARTESIAN_POINT('',(-19.4950842423618,97.8152172921834,58.8500957897013));
#2060=VECTOR('',#2061,1.);
#2061=DIRECTION('',(0.707106781186551,-0.707106781186544,0.));
#2062=CARTESIAN_POINT('',(-20.9092978047349,96.4010037298103,58.8500957897013));
#2063=CARTESIAN_POINT('',(-20.9092978047349,96.4010037298103,58.8500957897013));
#2064=VECTOR('',#2065,1.);
#2065=DIRECTION('',(0.707106781186546,0.707106781186549,0.));
#2066=CARTESIAN_POINT('',(-19.0704850010474,94.5621909261228,58.8500957897013));
#2067=CARTESIAN_POINT('',(-20.9092978047349,96.4010037298103,58.8500957897013));
#2068=VECTOR('',#2069,1.);
#2069=DIRECTION('',(0.707106781186543,-0.707106781186552,0.));
#2070=CARTESIAN_POINT('',(-19.0704850010474,90.190618050869,58.8500957897013));
#2071=CARTESIAN_POINT('',(-19.0704850010474,90.190618050869,58.8500957897013));
#2072=VECTOR('',#2073,1.);
#2073=DIRECTION('',(-8.12685452165598E-16,1.,3.25074180866239E-15));
#2074=CARTESIAN_POINT('',(-20.9092978047349,88.3518052471815,58.8500957897013));
#2075=CARTESIAN_POINT('',(-20.9092978047349,88.3518052471815,58.8500957897013));
#2076=VECTOR('',#2077,1.);
#2077=DIRECTION('',(0.707106781186543,0.707106781186552,0.));
#2078=CARTESIAN_POINT('',(-19.4950842423618,86.9375916848084,58.8500957897013));
#2079=CARTESIAN_POINT('',(-19.4950842423618,86.9375916848084,58.8500957897013));
#2080=VECTOR('',#2081,1.);
#2081=DIRECTION('',(-0.707106781186548,0.707106781186547,-3.55271367880047E-15));
#2082=CARTESIAN_POINT('',(-19.4950842423618,86.9375916848084,58.8500957897013));
#2083=VECTOR('',#2084,1.);
#2084=DIRECTION('',(0.707106781186541,0.707106781186554,-2.95224753160067E-15));
#2085=CARTESIAN_POINT('',(-17.3704850010474,86.3764044884959,58.8500957897013));
#2086=AXIS2_PLACEMENT_3D('',#2087,#2088,#2089);
#2087=CARTESIAN_POINT('',(-15.4704850010474,86.3764044884959,58.8500957897013));
#2088=DIRECTION('',(8.64605148432962E-28,-1.22464679905824E-16,1.));
#2089=DIRECTION('',(-0.459538414081586,0.888157894736842,1.08767972285175E-16));
#2090=AXIS2_PLACEMENT_3D('',#2091,#2092,#2093);
#2091=CARTESIAN_POINT('',(-15.4704850010474,86.3764044884959,58.8500957897013));
#2092=DIRECTION('',(8.64605148432962E-28,-1.22464679905824E-16,1.));
#2093=DIRECTION('',(-1.,-1.0588359274777E-43,8.64605148432962E-28));
#2094=CARTESIAN_POINT('',(-11.4458857597331,86.9375916848084,58.8500957897013));
#2095=CARTESIAN_POINT('',(-11.4458857597331,86.9375916848084,58.8500957897013));
#2096=VECTOR('',#2097,1.);
#2097=DIRECTION('',(-0.707106781186548,0.707106781186547,2.95224753160069E-15));
#2098=CARTESIAN_POINT('',(-10.03167219736,88.3518052471815,58.8500957897013));
#2099=CARTESIAN_POINT('',(-10.03167219736,88.3518052471815,58.8500957897013));
#2100=VECTOR('',#2101,1.);
#2101=DIRECTION('',(-0.707106781186547,-0.707106781186548,0.));
#2102=CARTESIAN_POINT('',(-11.8704850010474,90.190618050869,58.8500957897013));
#2103=CARTESIAN_POINT('',(-10.03167219736,88.3518052471815,58.8500957897013));
#2104=VECTOR('',#2105,1.);
#2105=DIRECTION('',(-0.707106781186545,0.70710678118655,0.));
#2106=CARTESIAN_POINT('',(-11.8704850010474,94.5621909261228,58.8500957897013));
#2107=CARTESIAN_POINT('',(-11.8704850010474,94.5621909261228,58.8500957897013));
#2108=VECTOR('',#2109,1.);
#2109=DIRECTION('',(4.06342726082798E-16,-1.,3.25074180866238E-15));
#2110=CARTESIAN_POINT('',(-10.03167219736,96.4010037298103,58.8500957897013));
#2111=CARTESIAN_POINT('',(-10.03167219736,96.4010037298103,58.8500957897013));
#2112=VECTOR('',#2113,1.);
#2113=DIRECTION('',(-0.707106781186544,-0.707106781186551,2.73235854009317E-15));
#2114=CARTESIAN_POINT('',(-11.4458857597331,97.8152172921834,58.8500957897013));
#2115=CARTESIAN_POINT('',(-11.4458857597331,97.8152172921834,58.8500957897013));
#2116=VECTOR('',#2117,1.);
#2117=DIRECTION('',(0.707106781186547,-0.707106781186548,3.55271367880047E-15));
#2118=CARTESIAN_POINT('',(-11.4458857597331,97.8152172921834,58.8500957897013));
#2119=VECTOR('',#2120,1.);
#2120=DIRECTION('',(-0.707106781186544,-0.707106781186551,0.));
#2121=AXIS2_PLACEMENT_3D('',#2122,#2123,#2124);
#2122=CARTESIAN_POINT('',(-15.4704850010474,98.3764044884959,58.8500957897013));
#2123=DIRECTION('',(8.64605148432962E-28,-1.22464679905824E-16,1.));
#2124=DIRECTION('',(0.459538414081586,-0.888157894736842,-1.08767972285175E-16));
#2125=CARTESIAN_POINT('',(-23.0204850010475,92.3764044884959,58.8500957897013));
#2126=AXIS2_PLACEMENT_3D('',#2127,#2128,#2129);
#2127=CARTESIAN_POINT('',(-21.4704850010475,92.3764044884959,58.8500957897013));
#2128=DIRECTION('',(8.64605148432962E-28,-1.22464679905824E-16,1.));
#2129=DIRECTION('',(-1.,1.22464679914735E-16,8.64620146030787E-28));
#2130=CARTESIAN_POINT('',(-11.0204850010475,92.3764044884959,58.8500957897013));
#2131=AXIS2_PLACEMENT_3D('',#2132,#2133,#2134);
#2132=CARTESIAN_POINT('',(-9.47048500104745,92.3764044884959,58.8500957897013));
#2133=DIRECTION('',(8.64605148432962E-28,-1.22464679905824E-16,1.));
#2134=DIRECTION('',(-1.,1.22464679914735E-16,8.64620146030787E-28));
#2135=CARTESIAN_POINT('',(-9.47048500104745,94.2764044884959,62.8500957897012));
#2136=CARTESIAN_POINT('',(-11.3704850010474,92.3764044884959,62.8500957897013));
#2137=AXIS2_PLACEMENT_3D('',#2138,#2139,#2140);
#2138=CARTESIAN_POINT('',(-9.47048500104745,92.3764044884959,62.8500957897012));
#2139=DIRECTION('',(8.64591552122229E-28,-1.22464679905824E-16,1.));
#2140=DIRECTION('',(1.05881927679928E-43,1.,1.22464679905824E-16));
#2141=AXIS2_PLACEMENT_3D('',#2142,#2143,#2144);
#2142=CARTESIAN_POINT('',(-9.47048500104745,92.3764044884959,62.8500957897012));
#2143=DIRECTION('',(8.64591552122229E-28,-1.22464679905824E-16,1.));
#2144=DIRECTION('',(-1.,-1.05881927679928E-43,8.64591552122229E-28));
#2145=CARTESIAN_POINT('',(-9.47048500104745,93.9264044884959,62.2438780070521));
#2146=CARTESIAN_POINT('',(-11.0204850010475,92.3764044884959,62.2438780070521));
#2147=AXIS2_PLACEMENT_3D('',#2148,#2149,#2150);
#2148=CARTESIAN_POINT('',(-9.47048500104745,92.3764044884959,62.2438780070521));
#2149=DIRECTION('',(8.64605148432962E-28,-1.22464679905824E-16,1.));
#2150=DIRECTION('',(-1.,-1.0588359274777E-43,8.64605148432962E-28));
#2151=AXIS2_PLACEMENT_3D('',#2152,#2153,#2154);
#2152=CARTESIAN_POINT('',(-9.47048500104745,92.3764044884959,62.2438780070521));
#2153=DIRECTION('',(8.64605148432962E-28,-1.22464679905824E-16,1.));
#2154=DIRECTION('',(1.0588359274777E-43,1.,1.22464679905824E-16));
#2155=CARTESIAN_POINT('',(-13.4704850010474,86.3764044884959,62.8500957897012));
#2156=AXIS2_PLACEMENT_3D('',#2157,#2158,#2159);
#2157=CARTESIAN_POINT('',(-15.4704850010474,86.3764044884959,62.8500957897012));
#2158=DIRECTION('',(8.64591552122229E-28,-1.22464679905824E-16,1.));
#2159=DIRECTION('',(1.,0.,-8.64591552122229E-28));
#2160=CARTESIAN_POINT('',(-13.5704850010474,86.3764044884959,62.6768907089443));
#2161=CARTESIAN_POINT('',(-17.3704850010474,86.3764044884959,62.6768907089443));
#2162=AXIS2_PLACEMENT_3D('',#2163,#2164,#2165);
#2163=CARTESIAN_POINT('',(-15.4704850010474,86.3764044884959,62.6768907089443));
#2164=DIRECTION('',(8.64605148432962E-28,-1.22464679905824E-16,1.));
#2165=DIRECTION('',(-1.,-1.0588359274777E-43,8.64605148432962E-28));
#2166=AXIS2_PLACEMENT_3D('',#2167,#2168,#2169);
#2167=CARTESIAN_POINT('',(-15.4704850010474,86.3764044884959,62.6768907089443));
#2168=DIRECTION('',(8.64605148432962E-28,-1.22464679905824E-16,1.));
#2169=DIRECTION('',(1.,1.0588359274777E-43,-8.64605148432962E-28));
#2170=CARTESIAN_POINT('',(-13.4704850010475,98.3764044884959,62.8500957897012));
#2171=AXIS2_PLACEMENT_3D('',#2172,#2173,#2174);
#2172=CARTESIAN_POINT('',(-15.4704850010475,98.3764044884959,62.8500957897012));
#2173=DIRECTION('',(8.64591552122229E-28,-1.22464679905824E-16,1.));
#2174=DIRECTION('',(1.,-7.10542735760093E-15,-8.65461716009172E-28));
#2175=CARTESIAN_POINT('',(-13.5704850010476,98.3764044884959,62.6768907089442));
#2176=CARTESIAN_POINT('',(-17.3704850010474,98.3764044884959,62.6768907089442));
#2177=AXIS2_PLACEMENT_3D('',#2178,#2179,#2180);
#2178=CARTESIAN_POINT('',(-15.4704850010475,98.3764044884959,62.6768907089442));
#2179=DIRECTION('',(8.64605148432962E-28,-1.22464679905824E-16,1.));
#2180=DIRECTION('',(-1.,-1.0588359274777E-43,8.64605148432962E-28));
#2181=AXIS2_PLACEMENT_3D('',#2182,#2183,#2184);
#2182=CARTESIAN_POINT('',(-15.4704850010475,98.3764044884959,62.6768907089442));
#2183=DIRECTION('',(8.64605148432962E-28,-1.22464679905824E-16,1.));
#2184=DIRECTION('',(1.,-7.47939721852779E-15,-8.65521110419217E-28));
#2185=CARTESIAN_POINT('',(-21.4704850010475,94.2764044884959,62.8500957897012));
#2186=CARTESIAN_POINT('',(-23.3704850010474,92.3764044884959,62.8500957897013));
#2187=AXIS2_PLACEMENT_3D('',#2188,#2189,#2190);
#2188=CARTESIAN_POINT('',(-21.4704850010475,92.3764044884959,62.8500957897012));
#2189=DIRECTION('',(8.64591552122229E-28,-1.22464679905824E-16,1.));
#2190=DIRECTION('',(1.05881927679928E-43,1.,1.22464679905824E-16));
#2191=AXIS2_PLACEMENT_3D('',#2192,#2193,#2194);
#2192=CARTESIAN_POINT('',(-21.4704850010475,92.3764044884959,62.8500957897012));
#2193=DIRECTION('',(8.64591552122229E-28,-1.22464679905824E-16,1.));
#2194=DIRECTION('',(-1.,-1.05881927679928E-43,8.64591552122229E-28));
#2195=CARTESIAN_POINT('',(-21.4704850010475,93.9264044884959,62.2438780070521));
#2196=CARTESIAN_POINT('',(-23.0204850010475,92.3764044884959,62.2438780070521));
#2197=AXIS2_PLACEMENT_3D('',#2198,#2199,#2200);
#2198=CARTESIAN_POINT('',(-21.4704850010475,92.3764044884959,62.2438780070521));
#2199=DIRECTION('',(8.64605148432962E-28,-1.22464679905824E-16,1.));
#2200=DIRECTION('',(-1.,-1.0588359274777E-43,8.64605148432962E-28));
#2201=AXIS2_PLACEMENT_3D('',#2202,#2203,#2204);
#2202=CARTESIAN_POINT('',(-21.4704850010475,92.3764044884959,62.2438780070521));
#2203=DIRECTION('',(8.64605148432962E-28,-1.22464679905824E-16,1.));
#2204=DIRECTION('',(1.0588359274777E-43,1.,1.22464679905824E-16));
#2205=AXIS2_PLACEMENT_3D('',#2206,#2207,#2208);
#2206=CARTESIAN_POINT('',(-15.4704850010474,86.3764044884959,58.8500957897013));
#2207=DIRECTION('',(8.64605148432962E-28,-1.22464679905824E-16,1.));
#2208=DIRECTION('',(0.459538414081588,0.888157894736842,1.08767972284381E-16));
#2209=AXIS2_PLACEMENT_3D('',#2210,#2211,#2212);
#2210=CARTESIAN_POINT('',(-15.4704850010474,98.3764044884959,58.8500957897013));
#2211=DIRECTION('',(8.64605148432962E-28,-1.22464679905824E-16,1.));
#2212=DIRECTION('',(-0.459538414081588,-0.888157894736842,-1.08767972284381E-16));
#2213=CARTESIAN_POINT('',(-13.1477403007254,96.1133627511911,56.7120957955452));
#2214=VECTOR('',#2215,1.);
#2215=DIRECTION('',(0.528647062298771,0.528647062298769,0.664126920886181));
#2216=CARTESIAN_POINT('',(-11.8704850010474,94.5621909261228,56.5400383383484));
#2217=CARTESIAN_POINT('',(-11.8704850010474,94.5621909261228,56.5400383383484));
#2218=VECTOR('',#2219,1.);
#2219=DIRECTION('',(-1.74891402136977E-14,0.846801765331271,0.531908610789337));
#2220=CARTESIAN_POINT('',(-11.8704850010474,94.5621909261228,56.5400383383484));
#2221=VECTOR('',#2222,1.);
#2222=DIRECTION('',(0.528647062298766,0.528647062298775,0.664126920886181));
#2223=CARTESIAN_POINT('',(-11.8704850010474,94.5621909261228,58.8500957897013));
#2224=VECTOR('',#2225,1.);
#2225=DIRECTION('',(0.,-6.15173216011546E-15,-1.));
#2226=CARTESIAN_POINT('',(-11.8704850010474,90.190618050869,56.5400383383484));
#2227=CARTESIAN_POINT('',(-11.8704850010474,90.190618050869,58.8500957897013));
#2228=VECTOR('',#2229,1.);
#2229=DIRECTION('',(0.,0.,-1.));
#2230=CARTESIAN_POINT('',(-11.8704850010474,89.8465823603594,56.7561403278493));
#2231=VECTOR('',#2232,1.);
#2232=DIRECTION('',(-8.74457010686567E-15,0.846801765331255,-0.531908610789363));
#2233=CARTESIAN_POINT('',(-11.8704850010474,94.9062266166329,55.8500957897013));
#2234=VECTOR('',#2235,1.);
#2235=DIRECTION('',(3.51083346857361E-16,-1.,-2.80866677485889E-15));
#2236=CARTESIAN_POINT('',(-19.0704850010474,89.846582360359,55.8500957897013));
#2237=VECTOR('',#2238,1.);
#2238=DIRECTION('',(0.,1.,-2.80866677485884E-15));
#2239=CARTESIAN_POINT('',(-13.1704850010542,94.4548654575997,55.8500957897013));
#2240=CARTESIAN_POINT('',(-17.7704850010407,94.4548654575997,55.8500957897013));
#2241=AXIS2_PLACEMENT_3D('',#2242,#2243,#2244);
#2242=CARTESIAN_POINT('',(-15.4704850010474,92.3764044884958,55.8500957897013));
#2243=DIRECTION('',(8.64605148432962E-28,-1.22464679905824E-16,1.));
#2244=DIRECTION('',(0.741935483866573,0.670471280354105,8.21090507339721E-17));
#2245=CARTESIAN_POINT('',(-17.7704850010407,90.2979435193921,55.8500957897013));
#2246=CARTESIAN_POINT('',(-17.7704850010474,94.4548654575997,55.8500957897013));
#2247=VECTOR('',#2248,1.);
#2248=DIRECTION('',(8.54650082828446E-16,-1.,0.));
#2249=CARTESIAN_POINT('',(-13.1704850010542,90.2979435193921,55.8500957897013));
#2250=AXIS2_PLACEMENT_3D('',#2251,#2252,#2253);
#2251=CARTESIAN_POINT('',(-15.4704850010474,92.3764044884959,55.8500957897013));
#2252=DIRECTION('',(8.64605148432962E-28,-1.22464679905824E-16,1.));
#2253=DIRECTION('',(-0.741935483866594,-0.670471280354083,-8.21090507339692E-17));
#2254=CARTESIAN_POINT('',(-13.1704850010474,90.2979435193921,55.8500957897013));
#2255=VECTOR('',#2256,1.);
#2256=DIRECTION('',(4.27325041414225E-16,1.,0.));
#2257=CARTESIAN_POINT('',(-19.0704850010474,90.190618050869,56.5400383383484));
#2258=CARTESIAN_POINT('',(-19.0704850010474,90.190618050869,56.5400383383484));
#2259=VECTOR('',#2260,1.);
#2260=DIRECTION('',(-2.62337103205971E-14,-0.846801765331222,0.531908610789416));
#2261=CARTESIAN_POINT('',(-19.0704850010474,90.190618050869,58.8500957897013));
#2262=VECTOR('',#2263,1.);
#2263=DIRECTION('',(0.,-6.15173216011546E-15,-1.));
#2264=CARTESIAN_POINT('',(-19.0704850010474,94.5621909261228,56.5400383383484));
#2265=CARTESIAN_POINT('',(-19.0704850010474,94.5621909261228,58.8500957897013));
#2266=VECTOR('',#2267,1.);
#2267=DIRECTION('',(0.,-6.15173216011546E-15,-1.));
#2268=CARTESIAN_POINT('',(-19.0704850010474,94.9062266166324,56.7561403278492));
#2269=VECTOR('',#2270,1.);
#2270=DIRECTION('',(0.,-0.84680176533125,-0.531908610789372));
#2271=CARTESIAN_POINT('',(-17.7932297013695,96.1133627511911,56.7120957955452));
#2272=VECTOR('',#2273,1.);
#2273=DIRECTION('',(-0.528647062298771,0.528647062298771,0.664126920886181));
#2274=CARTESIAN_POINT('',(-19.0704850010474,94.5621909261228,56.5400383383484));
#2275=VECTOR('',#2276,1.);
#2276=DIRECTION('',(-0.528647062298769,0.52864706229877,0.664126920886182));
#2277=CARTESIAN_POINT('',(-17.7932297013695,88.6394462258008,56.7120957955452));
#2278=VECTOR('',#2279,1.);
#2279=DIRECTION('',(-0.52864706229877,-0.528647062298773,0.66412692088618));
#2280=CARTESIAN_POINT('',(-19.0704850010474,90.190618050869,56.5400383383484));
#2281=VECTOR('',#2282,1.);
#2282=DIRECTION('',(-0.52864706229877,-0.528647062298769,0.664126920886182));
#2283=CARTESIAN_POINT('',(-13.1477403007254,88.6394462258008,56.7120957955452));
#2284=VECTOR('',#2285,1.);
#2285=DIRECTION('',(0.528647062298769,-0.528647062298773,0.66412692088618));
#2286=CARTESIAN_POINT('',(-11.8704850010474,90.190618050869,56.5400383383484));
#2287=VECTOR('',#2288,1.);
#2288=DIRECTION('',(0.528647062298771,-0.528647062298767,0.664126920886183));
#2289=CARTESIAN_POINT('',(-24.955766375286,95.5433331664934,62.8500957897012));
#2290=CARTESIAN_POINT('',(-22.955766375286,99.0074347816311,62.8500957897012));
#2291=AXIS2_PLACEMENT_3D('',#2292,#2293,#2294);
#2292=CARTESIAN_POINT('',(-22.1371130273387,96.2253839740623,62.8500957897012));
#2293=DIRECTION('',(-8.64585389146407E-28,1.22464679905824E-16,-1.));
#2294=DIRECTION('',(-0.971949430326663,-0.235189933644437,-2.88024599399977E-17));
#2295=CARTESIAN_POINT('',(-22.955766375286,99.0074347816311,58.8500957897013));
#2296=VECTOR('',#2297,1.);
#2297=DIRECTION('',(0.,0.,1.));
#2298=CARTESIAN_POINT('',(-24.955766375286,95.5433331664934,62.8500957897012));
#2299=VECTOR('',#2300,1.);
#2300=DIRECTION('',(0.,0.,-1.));
#2301=CARTESIAN_POINT('',(-17.4704850010475,102.174363459629,62.8500957897012));
#2302=AXIS2_PLACEMENT_3D('',#2303,#2304,#2305);
#2303=CARTESIAN_POINT('',(-15.4704850010474,92.3764044884959,62.8500957897012));
#2304=DIRECTION('',(-8.64591552122229E-28,1.22464679905824E-16,-1.));
#2305=DIRECTION('',(-0.748528137423857,0.663103029313524,8.12067002301101E-17));
#2306=CARTESIAN_POINT('',(-17.4704850010475,102.174363459629,58.8500957897013));
#2307=VECTOR('',#2308,1.);
#2308=DIRECTION('',(0.,0.,1.));
#2309=CARTESIAN_POINT('',(-13.4704850010475,102.174363459629,62.8500957897012));
#2310=AXIS2_PLACEMENT_3D('',#2311,#2312,#2313);
#2311=CARTESIAN_POINT('',(-15.4704850010475,100.074363459629,62.8500957897012));
#2312=DIRECTION('',(-8.64603878073873E-28,1.22464679905824E-16,-1.));
#2313=DIRECTION('',(-0.689655172413793,0.724137931034483,8.86813199323999E-17));
#2314=CARTESIAN_POINT('',(-13.4704850010476,102.174363459629,58.8500957897013));
#2315=VECTOR('',#2316,1.);
#2316=DIRECTION('',(0.,0.,1.));
#2317=CARTESIAN_POINT('',(-7.98520362680884,99.0074347816311,62.8500957897012));
#2318=AXIS2_PLACEMENT_3D('',#2319,#2320,#2321);
#2319=CARTESIAN_POINT('',(-15.4704850010474,92.3764044884959,62.8500957897012));
#2320=DIRECTION('',(-8.64591552122229E-28,1.22464679905824E-16,-1.));
#2321=DIRECTION('',(0.2,0.979795897113271,1.19990390912843E-16));
#2322=CARTESIAN_POINT('',(-7.98520362680886,99.0074347816312,58.8500957897013));
#2323=VECTOR('',#2324,1.);
#2324=DIRECTION('',(0.,0.,1.));
#2325=CARTESIAN_POINT('',(-5.98520362680886,95.5433331664934,62.8500957897012));
#2326=AXIS2_PLACEMENT_3D('',#2327,#2328,#2329);
#2327=CARTESIAN_POINT('',(-8.8038569747562,96.2253839740623,62.8500957897012));
#2328=DIRECTION('',(-8.64597715098051E-28,1.22464679905824E-16,-1.));
#2329=DIRECTION('',(0.282294257912874,0.959327864678922,1.17483779872398E-16));
#2330=CARTESIAN_POINT('',(-5.98520362680884,95.5433331664934,58.8500957897013));
#2331=VECTOR('',#2332,1.);
#2332=DIRECTION('',(0.,0.,1.));
#2333=CARTESIAN_POINT('',(-5.98520362680887,89.2094758104984,62.8500957897012));
#2334=AXIS2_PLACEMENT_3D('',#2335,#2336,#2337);
#2335=CARTESIAN_POINT('',(-15.4704850010474,92.3764044884959,62.8500957897012));
#2336=DIRECTION('',(-8.64597715098051E-28,1.22464679905824E-16,-1.));
#2337=DIRECTION('',(0.948528137423857,0.316692867799748,3.87836906827334E-17));
#2338=CARTESIAN_POINT('',(-5.9852036268089,89.2094758104984,58.8500957897013));
#2339=VECTOR('',#2340,1.);
#2340=DIRECTION('',(0.,0.,1.));
#2341=CARTESIAN_POINT('',(-7.98520362680886,85.7453741953606,62.8500957897012));
#2342=AXIS2_PLACEMENT_3D('',#2343,#2344,#2345);
#2343=CARTESIAN_POINT('',(-8.80385697475623,88.5274250029295,62.8500957897012));
#2344=DIRECTION('',(-8.64591552122229E-28,1.22464679905824E-16,-1.));
#2345=DIRECTION('',(0.971949430326663,0.235189933644437,2.88024599399977E-17));
#2346=CARTESIAN_POINT('',(-7.98520362680881,85.7453741953607,58.8500957897013));
#2347=VECTOR('',#2348,1.);
#2348=DIRECTION('',(0.,0.,1.));
#2349=CARTESIAN_POINT('',(-13.4704850010474,82.5784455173632,62.8500957897012));
#2350=AXIS2_PLACEMENT_3D('',#2351,#2352,#2353);
#2351=CARTESIAN_POINT('',(-15.4704850010474,92.3764044884959,62.8500957897012));
#2352=DIRECTION('',(-8.64603878073873E-28,1.22464679905824E-16,-1.));
#2353=DIRECTION('',(0.748528137423857,-0.663103029313524,-8.12067002301101E-17));
#2354=CARTESIAN_POINT('',(-13.4704850010474,82.5784455173632,58.8500957897013));
#2355=VECTOR('',#2356,1.);
#2356=DIRECTION('',(0.,0.,1.));
#2357=CARTESIAN_POINT('',(-17.4704850010474,82.5784455173632,62.8500957897012));
#2358=AXIS2_PLACEMENT_3D('',#2359,#2360,#2361);
#2359=CARTESIAN_POINT('',(-15.4704850010474,84.6784455173632,62.8500957897012));
#2360=DIRECTION('',(-8.64603878073873E-28,1.22464679905824E-16,-1.));
#2361=DIRECTION('',(0.689655172413793,-0.724137931034483,-8.86813199323999E-17));
#2362=CARTESIAN_POINT('',(-17.4704850010474,82.5784455173632,58.8500957897013));
#2363=VECTOR('',#2364,1.);
#2364=DIRECTION('',(0.,0.,1.));
#2365=CARTESIAN_POINT('',(-22.955766375286,85.7453741953607,62.8500957897012));
#2366=AXIS2_PLACEMENT_3D('',#2367,#2368,#2369);
#2367=CARTESIAN_POINT('',(-15.4704850010474,92.3764044884959,62.8500957897012));
#2368=DIRECTION('',(-8.64591552122229E-28,1.22464679905824E-16,-1.));
#2369=DIRECTION('',(-0.2,-0.979795897113271,-1.19990390912843E-16));
#2370=CARTESIAN_POINT('',(-22.955766375286,85.7453741953607,58.8500957897013));
#2371=VECTOR('',#2372,1.);
#2372=DIRECTION('',(0.,0.,1.));
#2373=CARTESIAN_POINT('',(-24.955766375286,89.2094758104984,62.8500957897012));
#2374=AXIS2_PLACEMENT_3D('',#2375,#2376,#2377);
#2375=CARTESIAN_POINT('',(-22.1371130273387,88.5274250029296,62.8500957897012));
#2376=DIRECTION('',(-8.64591552122229E-28,1.22464679905824E-16,-1.));
#2377=DIRECTION('',(-0.282294257912874,-0.959327864678922,-1.17483779872398E-16));
#2378=CARTESIAN_POINT('',(-24.955766375286,89.2094758104984,58.8500957897013));
#2379=VECTOR('',#2380,1.);
#2380=DIRECTION('',(0.,0.,1.));
#2381=AXIS2_PLACEMENT_3D('',#2382,#2383,#2384);
#2382=CARTESIAN_POINT('',(-15.4704850010474,92.3764044884959,62.8500957897012));
#2383=DIRECTION('',(-8.64597715098051E-28,1.22464679905824E-16,-1.));
#2384=DIRECTION('',(-0.948528137423857,-0.316692867799748,-3.87836906827334E-17));
#2385=CARTESIAN_POINT('',(-17.2704850010474,91.2514044884959,62.8500957897012));
#2386=CARTESIAN_POINT('',(-17.2704850010474,90.5014044884959,62.8500957897012));
#2387=CARTESIAN_POINT('',(-17.2704850010474,91.2514044884959,62.8500957897012));
#2388=VECTOR('',#2389,1.);
#2389=DIRECTION('',(0.,-1.,0.));
#2390=CARTESIAN_POINT('',(-17.5704850010474,91.2514044884959,62.8500957897012));
#2391=CARTESIAN_POINT('',(-17.5704850010474,91.2514044884959,62.8500957897012));
#2392=VECTOR('',#2393,1.);
#2393=DIRECTION('',(1.,0.,0.));
#2394=CARTESIAN_POINT('',(-17.5704850010474,91.5014044884959,62.8500957897012));
#2395=CARTESIAN_POINT('',(-17.5704850010474,91.5014044884959,62.8500957897012));
#2396=VECTOR('',#2397,1.);
#2397=DIRECTION('',(0.,-1.,0.));
#2398=CARTESIAN_POINT('',(-17.2704850010474,91.5014044884959,62.8500957897012));
#2399=CARTESIAN_POINT('',(-17.2704850010474,91.5014044884959,62.8500957897012));
#2400=VECTOR('',#2401,1.);
#2401=DIRECTION('',(-1.,0.,0.));
#2402=CARTESIAN_POINT('',(-17.2704850010474,92.2514044884959,62.8500957897012));
#2403=CARTESIAN_POINT('',(-17.2704850010474,92.2514044884959,62.8500957897012));
#2404=VECTOR('',#2405,1.);
#2405=DIRECTION('',(0.,-1.,0.));
#2406=CARTESIAN_POINT('',(-17.5704850010474,92.2514044884959,62.8500957897012));
#2407=CARTESIAN_POINT('',(-17.5704850010474,92.2514044884959,62.8500957897012));
#2408=VECTOR('',#2409,1.);
#2409=DIRECTION('',(1.,0.,0.));
#2410=CARTESIAN_POINT('',(-17.5704850010474,92.5014044884959,62.8500957897012));
#2411=CARTESIAN_POINT('',(-17.5704850010474,92.5014044884959,62.8500957897012));
#2412=VECTOR('',#2413,1.);
#2413=DIRECTION('',(0.,-1.,0.));
#2414=CARTESIAN_POINT('',(-17.2704850010474,92.5014044884959,62.8500957897012));
#2415=CARTESIAN_POINT('',(-17.2704850010474,92.5014044884959,62.8500957897012));
#2416=VECTOR('',#2417,1.);
#2417=DIRECTION('',(-1.,0.,0.));
#2418=CARTESIAN_POINT('',(-17.2704850010474,93.2514044884959,62.8500957897012));
#2419=CARTESIAN_POINT('',(-17.2704850010474,93.2514044884959,62.8500957897012));
#2420=VECTOR('',#2421,1.);
#2421=DIRECTION('',(9.473903143468E-15,-1.,0.));
#2422=CARTESIAN_POINT('',(-17.5704850010474,93.2514044884959,62.8500957897012));
#2423=CARTESIAN_POINT('',(-17.5704850010474,93.2514044884959,62.8500957897012));
#2424=VECTOR('',#2425,1.);
#2425=DIRECTION('',(1.,0.,0.));
#2426=CARTESIAN_POINT('',(-17.5704850010474,93.5014044884959,62.8500957897012));
#2427=CARTESIAN_POINT('',(-17.5704850010474,93.5014044884959,62.8500957897012));
#2428=VECTOR('',#2429,1.);
#2429=DIRECTION('',(0.,-1.,0.));
#2430=CARTESIAN_POINT('',(-17.2704850010474,93.5014044884959,62.8500957897012));
#2431=CARTESIAN_POINT('',(-17.2704850010474,93.5014044884959,62.8500957897012));
#2432=VECTOR('',#2433,1.);
#2433=DIRECTION('',(-1.,0.,0.));
#2434=CARTESIAN_POINT('',(-17.2704850010474,94.2514044884959,62.8500957897012));
#2435=CARTESIAN_POINT('',(-17.2704850010474,94.2514044884959,62.8500957897012));
#2436=VECTOR('',#2437,1.);
#2437=DIRECTION('',(0.,-1.,0.));
#2438=CARTESIAN_POINT('',(-17.5704850010474,94.2514044884959,62.8500957897012));
#2439=CARTESIAN_POINT('',(-17.5704850010474,94.2514044884959,62.8500957897012));
#2440=VECTOR('',#2441,1.);
#2441=DIRECTION('',(1.,0.,0.));
#2442=CARTESIAN_POINT('',(-17.5704850010474,94.5014044884959,62.8500957897012));
#2443=CARTESIAN_POINT('',(-17.5704850010474,94.5014044884959,62.8500957897012));
#2444=VECTOR('',#2445,1.);
#2445=DIRECTION('',(0.,-1.,0.));
#2446=CARTESIAN_POINT('',(-16.9686088277053,94.5014044884959,62.8500957897012));
#2447=CARTESIAN_POINT('',(-16.9686088277053,94.5014044884959,62.8500957897012));
#2448=VECTOR('',#2449,1.);
#2449=DIRECTION('',(-1.,0.,0.));
#2450=CARTESIAN_POINT('',(-13.9723611743896,94.5014044884959,62.8500957897012));
#2451=AXIS2_PLACEMENT_3D('',#2452,#2453,#2454);
#2452=CARTESIAN_POINT('',(-15.4704850010474,92.3764044884959,62.8500957897012));
#2453=DIRECTION('',(-8.64591552122229E-28,1.22464679905824E-16,-1.));
#2454=DIRECTION('',(-0.5762014717915,0.817307692307682,1.00091324923526E-16));
#2455=CARTESIAN_POINT('',(-13.3704850010474,94.5014044884959,62.8500957897012));
#2456=CARTESIAN_POINT('',(-13.3704850010474,94.5014044884959,62.8500957897012));
#2457=VECTOR('',#2458,1.);
#2458=DIRECTION('',(-1.,0.,0.));
#2459=CARTESIAN_POINT('',(-13.3704850010474,94.2514044884959,62.8500957897012));
#2460=CARTESIAN_POINT('',(-13.3704850010474,94.5014044884959,62.8500957897012));
#2461=VECTOR('',#2462,1.);
#2462=DIRECTION('',(0.,-1.,0.));
#2463=CARTESIAN_POINT('',(-13.6704850010474,94.2514044884959,62.8500957897012));
#2464=CARTESIAN_POINT('',(-13.6704850010474,94.2514044884959,62.8500957897012));
#2465=VECTOR('',#2466,1.);
#2466=DIRECTION('',(1.,0.,0.));
#2467=CARTESIAN_POINT('',(-13.6704850010474,93.5014044884959,62.8500957897012));
#2468=CARTESIAN_POINT('',(-13.6704850010474,93.5014044884959,62.8500957897012));
#2469=VECTOR('',#2470,1.);
#2470=DIRECTION('',(0.,1.,0.));
#2471=CARTESIAN_POINT('',(-13.3704850010474,93.5014044884959,62.8500957897012));
#2472=CARTESIAN_POINT('',(-13.3704850010474,93.5014044884959,62.8500957897012));
#2473=VECTOR('',#2474,1.);
#2474=DIRECTION('',(-1.,0.,0.));
#2475=CARTESIAN_POINT('',(-13.3704850010474,93.2514044884959,62.8500957897012));
#2476=CARTESIAN_POINT('',(-13.3704850010474,93.5014044884959,62.8500957897012));
#2477=VECTOR('',#2478,1.);
#2478=DIRECTION('',(0.,-1.,0.));
#2479=CARTESIAN_POINT('',(-13.6704850010474,93.2514044884959,62.8500957897012));
#2480=CARTESIAN_POINT('',(-13.6704850010474,93.2514044884959,62.8500957897012));
#2481=VECTOR('',#2482,1.);
#2482=DIRECTION('',(1.,0.,0.));
#2483=CARTESIAN_POINT('',(-13.6704850010474,92.5014044884959,62.8500957897012));
#2484=CARTESIAN_POINT('',(-13.6704850010474,92.5014044884959,62.8500957897012));
#2485=VECTOR('',#2486,1.);
#2486=DIRECTION('',(0.,1.,0.));
#2487=CARTESIAN_POINT('',(-13.3704850010474,92.5014044884959,62.8500957897012));
#2488=CARTESIAN_POINT('',(-13.3704850010474,92.5014044884959,62.8500957897012));
#2489=VECTOR('',#2490,1.);
#2490=DIRECTION('',(-1.,0.,0.));
#2491=CARTESIAN_POINT('',(-13.3704850010474,92.2514044884959,62.8500957897012));
#2492=CARTESIAN_POINT('',(-13.3704850010474,92.5014044884959,62.8500957897012));
#2493=VECTOR('',#2494,1.);
#2494=DIRECTION('',(0.,-1.,0.));
#2495=CARTESIAN_POINT('',(-13.6704850010474,92.2514044884959,62.8500957897012));
#2496=CARTESIAN_POINT('',(-13.6704850010474,92.2514044884959,62.8500957897012));
#2497=VECTOR('',#2498,1.);
#2498=DIRECTION('',(1.,0.,0.));
#2499=CARTESIAN_POINT('',(-13.6704850010474,91.5014044884959,62.8500957897012));
#2500=CARTESIAN_POINT('',(-13.6704850010474,91.5014044884959,62.8500957897012));
#2501=VECTOR('',#2502,1.);
#2502=DIRECTION('',(0.,1.,0.));
#2503=CARTESIAN_POINT('',(-13.3704850010474,91.5014044884959,62.8500957897012));
#2504=CARTESIAN_POINT('',(-13.3704850010474,91.5014044884959,62.8500957897012));
#2505=VECTOR('',#2506,1.);
#2506=DIRECTION('',(-1.,0.,0.));
#2507=CARTESIAN_POINT('',(-13.3704850010474,91.2514044884959,62.8500957897012));
#2508=CARTESIAN_POINT('',(-13.3704850010474,91.5014044884959,62.8500957897012));
#2509=VECTOR('',#2510,1.);
#2510=DIRECTION('',(0.,-1.,0.));
#2511=CARTESIAN_POINT('',(-13.6704850010474,91.2514044884959,62.8500957897012));
#2512=CARTESIAN_POINT('',(-13.6704850010474,91.2514044884959,62.8500957897012));
#2513=VECTOR('',#2514,1.);
#2514=DIRECTION('',(1.,0.,0.));
#2515=CARTESIAN_POINT('',(-13.6704850010474,90.5014044884959,62.8500957897012));
#2516=CARTESIAN_POINT('',(-13.6704850010474,90.5014044884959,62.8500957897012));
#2517=VECTOR('',#2518,1.);
#2518=DIRECTION('',(0.,1.,0.));
#2519=CARTESIAN_POINT('',(-13.3704850010474,90.5014044884959,62.8500957897012));
#2520=CARTESIAN_POINT('',(-13.3704850010474,90.5014044884959,62.8500957897012));
#2521=VECTOR('',#2522,1.);
#2522=DIRECTION('',(-1.,0.,0.));
#2523=CARTESIAN_POINT('',(-13.3704850010474,90.2514044884959,62.8500957897012));
#2524=CARTESIAN_POINT('',(-13.3704850010474,90.5014044884959,62.8500957897012));
#2525=VECTOR('',#2526,1.);
#2526=DIRECTION('',(0.,-1.,0.));
#2527=CARTESIAN_POINT('',(-13.9723611743896,90.2514044884959,62.8500957897012));
#2528=CARTESIAN_POINT('',(-13.9723611743896,90.2514044884959,62.8500957897012));
#2529=VECTOR('',#2530,1.);
#2530=DIRECTION('',(1.,0.,0.));
#2531=CARTESIAN_POINT('',(-16.9686088277053,90.2514044884959,62.8500957897012));
#2532=AXIS2_PLACEMENT_3D('',#2533,#2534,#2535);
#2533=CARTESIAN_POINT('',(-15.4704850010474,92.3764044884959,62.8500957897012));
#2534=DIRECTION('',(-8.64591552122229E-28,1.22464679905824E-16,-1.));
#2535=DIRECTION('',(0.576201471791486,-0.817307692307692,-1.00091324923527E-16));
#2536=CARTESIAN_POINT('',(-17.5704850010474,90.2514044884959,62.8500957897012));
#2537=CARTESIAN_POINT('',(-17.5704850010474,90.2514044884959,62.8500957897012));
#2538=VECTOR('',#2539,1.);
#2539=DIRECTION('',(1.,0.,0.));
#2540=CARTESIAN_POINT('',(-17.5704850010474,90.5014044884959,62.8500957897012));
#2541=CARTESIAN_POINT('',(-17.5704850010474,90.5014044884959,62.8500957897012));
#2542=VECTOR('',#2543,1.);
#2543=DIRECTION('',(0.,-1.,0.));
#2544=CARTESIAN_POINT('',(-17.2704850010474,90.5014044884959,62.8500957897012));
#2545=VECTOR('',#2546,1.);
#2546=DIRECTION('',(-1.,0.,0.));
#2547=CARTESIAN_POINT('',(-13.3704850010474,94.5014044884959,56.0448156246898));
#2548=CARTESIAN_POINT('',(-13.9723611743896,94.5014044884959,56.7161211934857));
#2549=CARTESIAN_POINT('',(-13.9723611743896,94.5014044884959,56.7161211934857));
#2550=CARTESIAN_POINT('',(-13.9618102972892,94.5014044884959,56.7055912285821));
#2551=CARTESIAN_POINT('',(-13.940828265862,94.5014044884959,56.6845027936012));
#2552=CARTESIAN_POINT('',(-13.9096425746096,94.5014044884959,56.6527326236727));
#2553=CARTESIAN_POINT('',(-13.8788661969481,94.5014044884959,56.6209722920235));
#2554=CARTESIAN_POINT('',(-13.858076322472,94.5014044884959,56.5992521478582));
#2555=CARTESIAN_POINT('',(-13.8379907027711,94.5014044884959,56.5781381370087));
#2556=CARTESIAN_POINT('',(-13.8129862682177,94.5014044884959,56.5516994528434));
#2557=CARTESIAN_POINT('',(-13.7672671842527,94.5014044884959,56.5026840084897));
#2558=CARTESIAN_POINT('',(-13.702696919365,94.5014044884959,56.4320955487071));
#2559=CARTESIAN_POINT('',(-13.646773069577,94.5014044884959,56.3694110765709));
#2560=CARTESIAN_POINT('',(-13.5906630760417,94.5014044884959,56.3054963157262));
#2561=CARTESIAN_POINT('',(-13.5412057119873,94.5014044884959,56.2484375543487));
#2562=CARTESIAN_POINT('',(-13.4848526738763,94.5014044884959,56.1822335681653));
#2563=CARTESIAN_POINT('',(-13.4474895915213,94.5014044884959,56.1377164880949));
#2564=CARTESIAN_POINT('',(-13.4255068803224,94.5014044884959,56.1113617568382));
#2565=CARTESIAN_POINT('',(-13.4101017572263,94.5014044884959,56.0928353339652));
#2566=CARTESIAN_POINT('',(-13.3905631062039,94.5014044884959,56.0692217532027));
#2567=CARTESIAN_POINT('',(-13.3768971998,94.5014044884959,56.0526223201126));
#2568=CARTESIAN_POINT('',(-13.3704850010478,94.5014044884959,56.0448156246895));
#2569=CARTESIAN_POINT('',(-16.9686088277053,94.5014044884959,56.7161211934857));
#2570=AXIS2_PLACEMENT_3D('',#2571,#2572,#2573);
#2571=CARTESIAN_POINT('',(-15.4704850010474,92.3764044884959,56.7161211934857));
#2572=DIRECTION('',(8.64579226170585E-28,-1.22464679905824E-16,1.));
#2573=DIRECTION('',(0.576201471791489,0.81730769230769,1.00091324922531E-16));
#2574=CARTESIAN_POINT('',(-17.5704850010474,94.5014044884959,56.0448156246898));
#2575=CARTESIAN_POINT('',(-16.9686088277053,94.5014044884959,56.7161211934857));
#2576=CARTESIAN_POINT('',(-16.9791597048058,94.5014044884959,56.705591228582));
#2577=CARTESIAN_POINT('',(-17.000141736233,94.5014044884959,56.684502793601));
#2578=CARTESIAN_POINT('',(-17.0313274274856,94.5014044884959,56.6527326236723));
#2579=CARTESIAN_POINT('',(-17.0621038051472,94.5014044884959,56.620972292023));
#2580=CARTESIAN_POINT('',(-17.0828936796235,94.5014044884959,56.5992521478575));
#2581=CARTESIAN_POINT('',(-17.1029792993244,94.5014044884959,56.5781381370079));
#2582=CARTESIAN_POINT('',(-17.1279837338779,94.5014044884959,56.5516994528425));
#2583=CARTESIAN_POINT('',(-17.173702817843,94.5014044884959,56.5026840084887));
#2584=CARTESIAN_POINT('',(-17.2382730827308,94.5014044884959,56.4320955487059));
#2585=CARTESIAN_POINT('',(-17.2941969325191,94.5014044884959,56.3694110765693));
#2586=CARTESIAN_POINT('',(-17.3503069260544,94.5014044884959,56.3054963157247));
#2587=CARTESIAN_POINT('',(-17.3997642901086,94.5014044884959,56.2484375543473));
#2588=CARTESIAN_POINT('',(-17.4561173282192,94.5014044884959,56.1822335681645));
#2589=CARTESIAN_POINT('',(-17.4934804105744,94.5014044884959,56.137716488094));
#2590=CARTESIAN_POINT('',(-17.515463121773,94.5014044884959,56.1113617568374));
#2591=CARTESIAN_POINT('',(-17.5308682448691,94.5014044884959,56.0928353339646));
#2592=CARTESIAN_POINT('',(-17.550406895891,94.5014044884959,56.0692217532024));
#2593=CARTESIAN_POINT('',(-17.5640728022951,94.5014044884959,56.0526223201127));
#2594=CARTESIAN_POINT('',(-17.5704850010474,94.5014044884959,56.0448156246898));
#2595=CARTESIAN_POINT('',(-17.5704850011497,94.3764044865191,56.1965059528819));
#2596=CARTESIAN_POINT('',(-17.5704850010478,94.3764044854089,56.1965059549012));
#2597=CARTESIAN_POINT('',(-17.5704850011629,94.3869180432663,56.183947278013));
#2598=CARTESIAN_POINT('',(-17.5704850010997,94.4078960487861,56.1587848943875));
#2599=CARTESIAN_POINT('',(-17.5704850006909,94.4392134038749,56.1209196683147));
#2600=CARTESIAN_POINT('',(-17.5704850010996,94.470389384526,56.0829337592984));
#2601=CARTESIAN_POINT('',(-17.5704850011632,94.4910803516034,56.0575346138973));
#2602=CARTESIAN_POINT('',(-17.5704850010485,94.5014044884775,56.0448156247097));
#2603=CARTESIAN_POINT('',(-17.57048500062,94.3764044870839,56.1965059527064));
#2604=CARTESIAN_POINT('',(-17.6037945769784,94.3897235448631,56.1388120737013));
#2605=CARTESIAN_POINT('',(-17.6704374867404,94.4161194310609,56.0233831675285));
#2606=CARTESIAN_POINT('',(-17.7371279105926,94.4420308585376,55.9078719650308));
#2607=CARTESIAN_POINT('',(-17.7704850010412,94.4548654575956,55.8500957897008));
#2608=CARTESIAN_POINT('',(-13.3704850010474,94.376404488496,56.196505951215));
#2609=CARTESIAN_POINT('',(-13.3704850010475,94.3764044884961,56.196505951215));
#2610=CARTESIAN_POINT('',(-13.3371754246165,94.3897235456818,56.1388120724596));
#2611=CARTESIAN_POINT('',(-13.2705325148531,94.4161194310506,56.0233831667852));
#2612=CARTESIAN_POINT('',(-13.2038420912869,94.442030858414,55.9078719647834));
#2613=CARTESIAN_POINT('',(-13.1704850010531,94.4548654575944,55.8500957897008));
#2614=CARTESIAN_POINT('',(-13.3704850010474,94.3764044885002,56.1965059512099));
#2615=CARTESIAN_POINT('',(-13.370485000932,94.3869180455126,56.1839472753202));
#2616=CARTESIAN_POINT('',(-13.370485000995,94.4078960495915,56.1587848934119));
#2617=CARTESIAN_POINT('',(-13.3704850014041,94.4392134035355,56.1209196687251));
#2618=CARTESIAN_POINT('',(-13.3704850009949,94.4703893839228,56.0829337600361));
#2619=CARTESIAN_POINT('',(-13.3704850009321,94.4910803514852,56.0575346140451));
#2620=CARTESIAN_POINT('',(-13.3704850010476,94.5014044887193,56.0448156244153));
#2621=CARTESIAN_POINT('',(-17.5704850010474,91.2514044884959,56.196505951215));
#2622=CARTESIAN_POINT('',(-17.2704850010474,91.2514044884959,56.7161211934857));
#2623=CARTESIAN_POINT('',(-17.2704850010474,91.2514044884959,56.7161211934857));
#2624=VECTOR('',#2625,1.);
#2625=DIRECTION('',(-0.500000000000001,0.,-0.866025403784438));
#2626=CARTESIAN_POINT('',(-17.2704850010474,90.5014044884959,56.7161211934857));
#2627=CARTESIAN_POINT('',(-17.2704850010474,91.2514044884959,56.7161211934857));
#2628=VECTOR('',#2629,1.);
#2629=DIRECTION('',(0.,-1.,0.));
#2630=CARTESIAN_POINT('',(-17.5704850010474,90.5014044884959,56.196505951215));
#2631=CARTESIAN_POINT('',(-17.5704850010474,90.5014044884959,56.196505951215));
#2632=VECTOR('',#2633,1.);
#2633=DIRECTION('',(0.499999999999996,0.,0.866025403784441));
#2634=CARTESIAN_POINT('',(-17.5704850010475,90.3764044884958,56.196505951215));
#2635=CARTESIAN_POINT('',(-17.5704850010474,90.3764044884958,56.196505951215));
#2636=VECTOR('',#2637,1.);
#2637=DIRECTION('',(0.,1.,0.));
#2638=CARTESIAN_POINT('',(-17.5704850010474,90.3764044884958,56.196505951215));
#2639=CARTESIAN_POINT('',(-17.6037945774784,90.3630854313101,56.1388120724596));
#2640=CARTESIAN_POINT('',(-17.6704374872418,90.3366895459413,56.0233831667851));
#2641=CARTESIAN_POINT('',(-17.737127910808,90.310778118578,55.9078719647834));
#2642=CARTESIAN_POINT('',(-17.7704850010418,90.2979435193977,55.8500957897007));
#2643=CARTESIAN_POINT('',(-17.5704850010474,94.2514044884959,56.196505951215));
#2644=CARTESIAN_POINT('',(-17.5704850010474,94.2514044884959,56.196505951215));
#2645=VECTOR('',#2646,1.);
#2646=DIRECTION('',(0.,1.,0.));
#2647=CARTESIAN_POINT('',(-17.2704850010474,94.2514044884959,56.7161211934857));
#2648=CARTESIAN_POINT('',(-17.2704850010474,94.2514044884959,56.7161211934857));
#2649=VECTOR('',#2650,1.);
#2650=DIRECTION('',(-0.500000000000001,0.,-0.866025403784438));
#2651=CARTESIAN_POINT('',(-17.2704850010474,93.5014044884959,56.7161211934857));
#2652=CARTESIAN_POINT('',(-17.2704850010474,94.2514044884959,56.7161211934857));
#2653=VECTOR('',#2654,1.);
#2654=DIRECTION('',(0.,-1.,0.));
#2655=CARTESIAN_POINT('',(-17.5704850010474,93.5014044884959,56.196505951215));
#2656=CARTESIAN_POINT('',(-17.5704850010474,93.5014044884959,56.196505951215));
#2657=VECTOR('',#2658,1.);
#2658=DIRECTION('',(0.500000000000001,0.,0.866025403784438));
#2659=CARTESIAN_POINT('',(-17.5704850010474,93.2514044884959,56.196505951215));
#2660=CARTESIAN_POINT('',(-17.5704850010474,93.2514044884959,56.196505951215));
#2661=VECTOR('',#2662,1.);
#2662=DIRECTION('',(0.,1.,0.));
#2663=CARTESIAN_POINT('',(-17.2704850010474,93.2514044884959,56.7161211934857));
#2664=CARTESIAN_POINT('',(-17.2704850010474,93.2514044884959,56.7161211934857));
#2665=VECTOR('',#2666,1.);
#2666=DIRECTION('',(-0.500000000000001,0.,-0.866025403784438));
#2667=CARTESIAN_POINT('',(-17.2704850010474,92.5014044884959,56.7161211934857));
#2668=CARTESIAN_POINT('',(-17.2704850010474,93.2514044884959,56.7161211934857));
#2669=VECTOR('',#2670,1.);
#2670=DIRECTION('',(0.,-1.,0.));
#2671=CARTESIAN_POINT('',(-17.5704850010474,92.5014044884959,56.196505951215));
#2672=CARTESIAN_POINT('',(-17.5704850010474,92.5014044884959,56.196505951215));
#2673=VECTOR('',#2674,1.);
#2674=DIRECTION('',(0.500000000000001,0.,0.866025403784438));
#2675=CARTESIAN_POINT('',(-17.5704850010474,92.2514044884959,56.196505951215));
#2676=CARTESIAN_POINT('',(-17.5704850010474,92.2514044884959,56.196505951215));
#2677=VECTOR('',#2678,1.);
#2678=DIRECTION('',(0.,1.,0.));
#2679=CARTESIAN_POINT('',(-17.2704850010474,92.2514044884959,56.7161211934857));
#2680=CARTESIAN_POINT('',(-17.2704850010474,92.2514044884959,56.7161211934857));
#2681=VECTOR('',#2682,1.);
#2682=DIRECTION('',(-0.500000000000001,0.,-0.866025403784438));
#2683=CARTESIAN_POINT('',(-17.2704850010474,91.5014044884959,56.7161211934857));
#2684=CARTESIAN_POINT('',(-17.2704850010474,92.2514044884959,56.7161211934857));
#2685=VECTOR('',#2686,1.);
#2686=DIRECTION('',(0.,-1.,0.));
#2687=CARTESIAN_POINT('',(-17.5704850010474,91.5014044884959,56.196505951215));
#2688=CARTESIAN_POINT('',(-17.5704850010474,91.5014044884959,56.196505951215));
#2689=VECTOR('',#2690,1.);
#2690=DIRECTION('',(0.500000000000001,0.,0.866025403784438));
#2691=CARTESIAN_POINT('',(-17.5704850010474,91.2514044884959,56.196505951215));
#2692=VECTOR('',#2693,1.);
#2693=DIRECTION('',(0.,1.,0.));
#2694=CARTESIAN_POINT('',(-17.5704850010474,90.2514044884959,56.0448156246898));
#2695=CARTESIAN_POINT('',(-16.9686088277053,90.2514044884959,56.7161211934857));
#2696=CARTESIAN_POINT('',(-16.9686088277053,90.2514044884959,56.7161211934857));
#2697=CARTESIAN_POINT('',(-16.9791597048058,90.2514044884959,56.7055912285821));
#2698=CARTESIAN_POINT('',(-17.000141736233,90.2514044884959,56.6845027936011));
#2699=CARTESIAN_POINT('',(-17.0313274274855,90.2514044884959,56.6527326236726));
#2700=CARTESIAN_POINT('',(-17.0621038051469,90.2514044884959,56.6209722920233));
#2701=CARTESIAN_POINT('',(-17.0828936796232,90.2514044884959,56.5992521478579));
#2702=CARTESIAN_POINT('',(-17.1029792993241,90.2514044884959,56.5781381370084));
#2703=CARTESIAN_POINT('',(-17.1279837338775,90.2514044884959,56.551699452843));
#2704=CARTESIAN_POINT('',(-17.1737028178426,90.2514044884959,56.5026840084893));
#2705=CARTESIAN_POINT('',(-17.2382730827304,90.2514044884959,56.4320955487066));
#2706=CARTESIAN_POINT('',(-17.2941969325185,90.2514044884959,56.3694110765702));
#2707=CARTESIAN_POINT('',(-17.3503069260538,90.2514044884959,56.3054963157256));
#2708=CARTESIAN_POINT('',(-17.3997642901081,90.2514044884959,56.2484375543481));
#2709=CARTESIAN_POINT('',(-17.4561173282189,90.2514044884959,56.182233568165));
#2710=CARTESIAN_POINT('',(-17.493480410574,90.2514044884959,56.1377164880946));
#2711=CARTESIAN_POINT('',(-17.5154631217728,90.2514044884959,56.1113617568379));
#2712=CARTESIAN_POINT('',(-17.5308682448688,90.2514044884959,56.092835333965));
#2713=CARTESIAN_POINT('',(-17.5504068958911,90.2514044884959,56.0692217532027));
#2714=CARTESIAN_POINT('',(-17.5640728022948,90.2514044884959,56.0526223201125));
#2715=CARTESIAN_POINT('',(-17.5704850010467,90.2514044884959,56.0448156246892));
#2716=CARTESIAN_POINT('',(-13.9723611743896,90.2514044884959,56.7161211934857));
#2717=AXIS2_PLACEMENT_3D('',#2718,#2719,#2720);
#2718=CARTESIAN_POINT('',(-15.4704850010474,92.3764044884959,56.7161211934857));
#2719=DIRECTION('',(8.64603878073873E-28,-1.22464679905824E-16,1.));
#2720=DIRECTION('',(-0.57620147179149,-0.817307692307689,-1.00091324922531E-16));
#2721=CARTESIAN_POINT('',(-13.3704850010474,90.2514044884959,56.0448156246898));
#2722=CARTESIAN_POINT('',(-13.9723611743896,90.2514044884959,56.7161211934857));
#2723=CARTESIAN_POINT('',(-13.9618102972891,90.2514044884959,56.7055912285821));
#2724=CARTESIAN_POINT('',(-13.9408282658619,90.2514044884959,56.6845027936012));
#2725=CARTESIAN_POINT('',(-13.9096425746095,90.2514044884959,56.6527326236727));
#2726=CARTESIAN_POINT('',(-13.878866196948,90.2514044884959,56.6209722920235));
#2727=CARTESIAN_POINT('',(-13.8580763224718,90.2514044884958,56.599252147858));
#2728=CARTESIAN_POINT('',(-13.8379907027708,90.2514044884958,56.5781381370086));
#2729=CARTESIAN_POINT('',(-13.8129862682176,90.2514044884957,56.5516994528432));
#2730=CARTESIAN_POINT('',(-13.7672671842524,90.2514044884956,56.5026840084896));
#2731=CARTESIAN_POINT('',(-13.7026969193647,90.2514044884953,56.4320955487068));
#2732=CARTESIAN_POINT('',(-13.6467730695767,90.2514044884949,56.3694110765706));
#2733=CARTESIAN_POINT('',(-13.5906630760414,90.2514044884944,56.3054963157259));
#2734=CARTESIAN_POINT('',(-13.5412057119871,90.251404488494,56.2484375543484));
#2735=CARTESIAN_POINT('',(-13.4848526738761,90.2514044884934,56.1822335681652));
#2736=CARTESIAN_POINT('',(-13.447489591521,90.251404488493,56.1377164880948));
#2737=CARTESIAN_POINT('',(-13.4255068803222,90.2514044884927,56.1113617568381));
#2738=CARTESIAN_POINT('',(-13.4101017572261,90.2514044884925,56.0928353339652));
#2739=CARTESIAN_POINT('',(-13.3905631062038,90.2514044884923,56.0692217532027));
#2740=CARTESIAN_POINT('',(-13.3768971997999,90.2514044884921,56.0526223201127));
#2741=CARTESIAN_POINT('',(-13.3704850010478,90.251404488492,56.0448156246895));
#2742=CARTESIAN_POINT('',(-13.3704850009453,90.3764044904727,56.1965059528818));
#2743=CARTESIAN_POINT('',(-13.370485001047,90.3764044915829,56.1965059549012));
#2744=CARTESIAN_POINT('',(-13.3704850009319,90.3658909337255,56.1839472780131));
#2745=CARTESIAN_POINT('',(-13.3704850009951,90.3449129282056,56.1587848943876));
#2746=CARTESIAN_POINT('',(-13.3704850014039,90.3135955731169,56.1209196683147));
#2747=CARTESIAN_POINT('',(-13.3704850009952,90.2824195924658,56.0829337592985));
#2748=CARTESIAN_POINT('',(-13.3704850009316,90.2617286253883,56.0575346138974));
#2749=CARTESIAN_POINT('',(-13.3704850010462,90.2514044885143,56.0448156247097));
#2750=CARTESIAN_POINT('',(-13.370485001475,90.3764044899074,56.1965059527065));
#2751=CARTESIAN_POINT('',(-13.3371754251165,90.3630854321282,56.1388120737013));
#2752=CARTESIAN_POINT('',(-13.2705325153545,90.3366895459305,56.0233831675285));
#2753=CARTESIAN_POINT('',(-13.2038420915023,90.3107781184539,55.9078719650308));
#2754=CARTESIAN_POINT('',(-13.1704850010537,90.2979435193959,55.8500957897007));
#2755=CARTESIAN_POINT('',(-17.5704850010474,90.3764044884916,56.1965059512099));
#2756=CARTESIAN_POINT('',(-17.5704850011628,90.3658909314792,56.1839472753202));
#2757=CARTESIAN_POINT('',(-17.5704850010998,90.3449129274002,56.1587848934119));
#2758=CARTESIAN_POINT('',(-17.5704850006907,90.3135955734563,56.120919668725));
#2759=CARTESIAN_POINT('',(-17.5704850010999,90.2824195930689,56.0829337600361));
#2760=CARTESIAN_POINT('',(-17.5704850011627,90.2617286255066,56.0575346140451));
#2761=CARTESIAN_POINT('',(-17.5704850010472,90.2514044882725,56.0448156244153));
#2762=CARTESIAN_POINT('',(-13.6704850010474,91.2514044884959,56.7161211934857));
#2763=CARTESIAN_POINT('',(-13.3704850010474,91.2514044884959,56.196505951215));
#2764=CARTESIAN_POINT('',(-13.3704850010474,91.2514044884959,56.196505951215));
#2765=VECTOR('',#2766,1.);
#2766=DIRECTION('',(-0.500000000000001,0.,0.866025403784438));
#2767=CARTESIAN_POINT('',(-13.3704850010474,91.5014044884959,56.196505951215));
#2768=CARTESIAN_POINT('',(-13.3704850010474,91.2514044884959,56.196505951215));
#2769=VECTOR('',#2770,1.);
#2770=DIRECTION('',(0.,1.,0.));
#2771=CARTESIAN_POINT('',(-13.6704850010474,91.5014044884959,56.7161211934857));
#2772=CARTESIAN_POINT('',(-13.6704850010474,91.5014044884959,56.7161211934857));
#2773=VECTOR('',#2774,1.);
#2774=DIRECTION('',(0.5,0.,-0.866025403784439));
#2775=CARTESIAN_POINT('',(-13.6704850010474,92.2514044884959,56.7161211934857));
#2776=CARTESIAN_POINT('',(-13.6704850010474,91.5014044884959,56.7161211934857));
#2777=VECTOR('',#2778,1.);
#2778=DIRECTION('',(0.,1.,0.));
#2779=CARTESIAN_POINT('',(-13.3704850010474,92.2514044884959,56.196505951215));
#2780=CARTESIAN_POINT('',(-13.3704850010474,92.2514044884959,56.196505951215));
#2781=VECTOR('',#2782,1.);
#2782=DIRECTION('',(-0.500000000000001,0.,0.866025403784438));
#2783=CARTESIAN_POINT('',(-13.3704850010474,92.5014044884959,56.196505951215));
#2784=CARTESIAN_POINT('',(-13.3704850010474,92.2514044884959,56.196505951215));
#2785=VECTOR('',#2786,1.);
#2786=DIRECTION('',(0.,1.,0.));
#2787=CARTESIAN_POINT('',(-13.6704850010474,92.5014044884959,56.7161211934857));
#2788=CARTESIAN_POINT('',(-13.6704850010474,92.5014044884959,56.7161211934857));
#2789=VECTOR('',#2790,1.);
#2790=DIRECTION('',(0.5,0.,-0.866025403784439));
#2791=CARTESIAN_POINT('',(-13.6704850010474,93.2514044884959,56.7161211934857));
#2792=CARTESIAN_POINT('',(-13.6704850010474,92.5014044884959,56.7161211934857));
#2793=VECTOR('',#2794,1.);
#2794=DIRECTION('',(0.,1.,0.));
#2795=CARTESIAN_POINT('',(-13.3704850010474,93.2514044884959,56.196505951215));
#2796=CARTESIAN_POINT('',(-13.3704850010474,93.2514044884959,56.196505951215));
#2797=VECTOR('',#2798,1.);
#2798=DIRECTION('',(-0.500000000000001,0.,0.866025403784438));
#2799=CARTESIAN_POINT('',(-13.3704850010474,93.5014044884959,56.196505951215));
#2800=CARTESIAN_POINT('',(-13.3704850010474,93.2514044884959,56.196505951215));
#2801=VECTOR('',#2802,1.);
#2802=DIRECTION('',(0.,1.,0.));
#2803=CARTESIAN_POINT('',(-13.6704850010474,93.5014044884959,56.7161211934857));
#2804=CARTESIAN_POINT('',(-13.6704850010474,93.5014044884959,56.7161211934857));
#2805=VECTOR('',#2806,1.);
#2806=DIRECTION('',(0.5,0.,-0.866025403784439));
#2807=CARTESIAN_POINT('',(-13.6704850010474,94.2514044884959,56.7161211934857));
#2808=CARTESIAN_POINT('',(-13.6704850010474,93.5014044884959,56.7161211934857));
#2809=VECTOR('',#2810,1.);
#2810=DIRECTION('',(0.,1.,0.));
#2811=CARTESIAN_POINT('',(-13.3704850010474,94.2514044884959,56.196505951215));
#2812=CARTESIAN_POINT('',(-13.3704850010474,94.2514044884959,56.196505951215));
#2813=VECTOR('',#2814,1.);
#2814=DIRECTION('',(-0.500000000000001,0.,0.866025403784438));
#2815=CARTESIAN_POINT('',(-13.3704850010474,94.2514044884959,56.196505951215));
#2816=VECTOR('',#2817,1.);
#2817=DIRECTION('',(0.,1.,0.));
#2818=CARTESIAN_POINT('',(-13.3704850010474,90.5014044884959,56.196505951215));
#2819=CARTESIAN_POINT('',(-13.3704850010474,90.3764044904727,56.196505951215));
#2820=VECTOR('',#2821,1.);
#2821=DIRECTION('',(0.,1.,0.));
#2822=CARTESIAN_POINT('',(-13.6704850010474,90.5014044884959,56.7161211934857));
#2823=CARTESIAN_POINT('',(-13.6704850010474,90.5014044884959,56.7161211934857));
#2824=VECTOR('',#2825,1.);
#2825=DIRECTION('',(0.499999999999998,0.,-0.86602540378444));
#2826=CARTESIAN_POINT('',(-13.6704850010474,90.5014044884959,56.7161211934857));
#2827=VECTOR('',#2828,1.);
#2828=DIRECTION('',(0.,1.,0.));
#2829=CARTESIAN_POINT('',(-17.2704850010474,90.5014044884959,62.8500957897012));
#2830=VECTOR('',#2831,1.);
#2831=DIRECTION('',(0.,0.,-1.));
#2832=CARTESIAN_POINT('',(-17.2704850010474,91.2514044884959,56.7161211934857));
#2833=VECTOR('',#2834,1.);
#2834=DIRECTION('',(0.,-4.63348991499566E-15,1.));
#2835=CARTESIAN_POINT('',(-17.5704850010474,91.2514044884959,56.196505951215));
#2836=VECTOR('',#2837,1.);
#2837=DIRECTION('',(0.,4.27163533075109E-15,1.));
#2838=CARTESIAN_POINT('',(-17.5704850010474,91.5014044884959,56.196505951215));
#2839=VECTOR('',#2840,1.);
#2840=DIRECTION('',(0.,4.27163533075109E-15,1.));
#2841=CARTESIAN_POINT('',(-17.2704850010474,91.5014044884959,62.8500957897012));
#2842=VECTOR('',#2843,1.);
#2843=DIRECTION('',(0.,-4.63348991499566E-15,-1.));
#2844=CARTESIAN_POINT('',(-17.2704850010474,92.2514044884959,56.7161211934857));
#2845=VECTOR('',#2846,1.);
#2846=DIRECTION('',(0.,4.63348991499566E-15,1.));
#2847=CARTESIAN_POINT('',(-17.5704850010474,92.2514044884959,56.196505951215));
#2848=VECTOR('',#2849,1.);
#2849=DIRECTION('',(0.,-4.27163533075109E-15,1.));
#2850=CARTESIAN_POINT('',(-17.5704850010474,92.5014044884959,56.196505951215));
#2851=VECTOR('',#2852,1.);
#2852=DIRECTION('',(0.,-4.27163533075109E-15,1.));
#2853=CARTESIAN_POINT('',(-17.2704850010474,92.5014044884959,56.7161211934857));
#2854=VECTOR('',#2855,1.);
#2855=DIRECTION('',(0.,4.63348991499566E-15,1.));
#2856=CARTESIAN_POINT('',(-17.2704850010474,93.2514044884959,56.7161211934857));
#2857=VECTOR('',#2858,1.);
#2858=DIRECTION('',(0.,0.,1.));
#2859=CARTESIAN_POINT('',(-17.5704850010474,93.2514044884959,56.196505951215));
#2860=VECTOR('',#2861,1.);
#2861=DIRECTION('',(0.,4.27163533075109E-15,1.));
#2862=CARTESIAN_POINT('',(-17.5704850010474,93.5014044884959,56.196505951215));
#2863=VECTOR('',#2864,1.);
#2864=DIRECTION('',(0.,4.27163533075109E-15,1.));
#2865=CARTESIAN_POINT('',(-17.2704850010474,93.5014044884959,56.7161211934857));
#2866=VECTOR('',#2867,1.);
#2867=DIRECTION('',(0.,0.,1.));
#2868=CARTESIAN_POINT('',(-17.2704850010474,94.2514044884959,56.7161211934857));
#2869=VECTOR('',#2870,1.);
#2870=DIRECTION('',(0.,0.,1.));
#2871=CARTESIAN_POINT('',(-17.5704850010474,94.2514044884959,56.196505951215));
#2872=VECTOR('',#2873,1.);
#2873=DIRECTION('',(0.,-4.27163533075109E-15,1.));
#2874=CARTESIAN_POINT('',(-17.5704850010474,94.5014044884959,56.0448156246898));
#2875=VECTOR('',#2876,1.);
#2876=DIRECTION('',(-1.04410504568685E-15,4.17642018274738E-15,1.));
#2877=CARTESIAN_POINT('',(-16.9686088277053,94.5014044884959,56.7161211934857));
#2878=VECTOR('',#2879,1.);
#2879=DIRECTION('',(0.,0.,1.));
#2880=CARTESIAN_POINT('',(-13.9723611743896,94.5014044884959,56.7161211934857));
#2881=VECTOR('',#2882,1.);
#2882=DIRECTION('',(-2.89593119687228E-16,0.,1.));
#2883=CARTESIAN_POINT('',(-13.3704850010474,94.5014044884959,56.0448156246898));
#2884=VECTOR('',#2885,1.);
#2885=DIRECTION('',(2.61026261421711E-16,4.17642018274738E-15,1.));
#2886=CARTESIAN_POINT('',(-13.3704850010474,94.2514044884959,56.196505951215));
#2887=VECTOR('',#2888,1.);
#2888=DIRECTION('',(2.66977208171943E-16,-4.27163533075109E-15,1.));
#2889=CARTESIAN_POINT('',(-13.6704850010474,94.2514044884959,56.7161211934857));
#2890=VECTOR('',#2891,1.);
#2891=DIRECTION('',(2.89593119687228E-16,0.,1.));
#2892=CARTESIAN_POINT('',(-13.6704850010474,93.5014044884959,56.7161211934857));
#2893=VECTOR('',#2894,1.);
#2894=DIRECTION('',(2.89593119687228E-16,0.,1.));
#2895=CARTESIAN_POINT('',(-13.3704850010474,93.5014044884959,56.196505951215));
#2896=VECTOR('',#2897,1.);
#2897=DIRECTION('',(2.66977208171943E-16,4.27163533075109E-15,1.));
#2898=CARTESIAN_POINT('',(-13.3704850010474,93.2514044884959,56.196505951215));
#2899=VECTOR('',#2900,1.);
#2900=DIRECTION('',(2.66977208171943E-16,4.27163533075109E-15,1.));
#2901=CARTESIAN_POINT('',(-13.6704850010474,93.2514044884959,56.7161211934857));
#2902=VECTOR('',#2903,1.);
#2903=DIRECTION('',(2.89593119687228E-16,0.,1.));
#2904=CARTESIAN_POINT('',(-13.6704850010474,92.5014044884959,56.7161211934857));
#2905=VECTOR('',#2906,1.);
#2906=DIRECTION('',(2.89593119687228E-16,4.63348991499566E-15,1.));
#2907=CARTESIAN_POINT('',(-13.3704850010474,92.5014044884959,56.196505951215));
#2908=VECTOR('',#2909,1.);
#2909=DIRECTION('',(2.66977208171943E-16,-4.27163533075109E-15,1.));
#2910=CARTESIAN_POINT('',(-13.3704850010474,92.2514044884959,56.196505951215));
#2911=VECTOR('',#2912,1.);
#2912=DIRECTION('',(2.66977208171943E-16,-4.27163533075109E-15,1.));
#2913=CARTESIAN_POINT('',(-13.6704850010474,92.2514044884959,62.8500957897012));
#2914=VECTOR('',#2915,1.);
#2915=DIRECTION('',(2.89593119687229E-16,4.63348991499566E-15,-1.));
#2916=CARTESIAN_POINT('',(-13.6704850010474,91.5014044884959,56.7161211934857));
#2917=VECTOR('',#2918,1.);
#2918=DIRECTION('',(2.89593119687228E-16,-4.63348991499566E-15,1.));
#2919=CARTESIAN_POINT('',(-13.3704850010474,91.5014044884959,56.196505951215));
#2920=VECTOR('',#2921,1.);
#2921=DIRECTION('',(2.66977208171943E-16,4.27163533075109E-15,1.));
#2922=CARTESIAN_POINT('',(-13.3704850010474,91.2514044884959,56.196505951215));
#2923=VECTOR('',#2924,1.);
#2924=DIRECTION('',(2.66977208171943E-16,4.27163533075109E-15,1.));
#2925=CARTESIAN_POINT('',(-13.6704850010474,91.2514044884959,62.8500957897012));
#2926=VECTOR('',#2927,1.);
#2927=DIRECTION('',(2.89593119687229E-16,-4.63348991499566E-15,-1.));
#2928=CARTESIAN_POINT('',(-13.6704850010474,90.5014044884959,56.7161211934857));
#2929=VECTOR('',#2930,1.);
#2930=DIRECTION('',(2.89593119687228E-16,0.,1.));
#2931=CARTESIAN_POINT('',(-13.3704850010474,90.5014044884959,56.196505951215));
#2932=VECTOR('',#2933,1.);
#2933=DIRECTION('',(2.66977208171943E-16,0.,1.));
#2934=CARTESIAN_POINT('',(-13.3704850010474,90.2514044884959,56.0448156246898));
#2935=VECTOR('',#2936,1.);
#2936=DIRECTION('',(2.61026261421711E-16,4.17642018274738E-15,1.));
#2937=CARTESIAN_POINT('',(-13.9723611743896,90.2514044884959,62.8500957897012));
#2938=VECTOR('',#2939,1.);
#2939=DIRECTION('',(-2.89593119687229E-16,0.,-1.));
#2940=CARTESIAN_POINT('',(-16.9686088277053,90.2514044884959,62.8500957897012));
#2941=VECTOR('',#2942,1.);
#2942=DIRECTION('',(0.,0.,-1.));
#2943=CARTESIAN_POINT('',(-17.5704850010474,90.2514044884959,56.0448156246898));
#2944=VECTOR('',#2945,1.);
#2945=DIRECTION('',(-1.04410504568685E-15,4.17642018274738E-15,1.));
#2946=CARTESIAN_POINT('',(-17.5704850010474,90.5014044884959,56.196505951215));
#2947=VECTOR('',#2948,1.);
#2948=DIRECTION('',(0.,0.,1.));
ENDSEC;
END-ISO-10303-21;
