ISO-10303-21;
HEADER;
FILE_DESCRIPTION(('STEP AP242'),
    '1');
FILE_NAME('64178 Technic Brick 5 x 11 with open Center 3 x 5',
    '',
    ('UNSPECIFIED'),
    ('UNSPECIFIED'),
    'C3D Converter',
    'C3D Toolkit',
    '');
FILE_SCHEMA(('AP242_MANAGED_MODEL_BASED_3D_ENGINEERING_MIM_LF { 1 0 10303 442 1 1 4 }'));
ENDSEC;

DATA;
#1=PRODUCT_DEFINITION('','UNSPECIFIED',#28,#31);
#2=SHAPE_DEFINITION_REPRESENTATION(#26,#3);
#3=SHAPE_REPRESENTATION('NONE',(#4),#8);
#4=AXIS2_PLACEMENT_3D('',#5,#6,#7);
#5=CARTESIAN_POINT('',(0.,0.,0.));
#6=DIRECTION('',(0.,0.,1.));
#7=DIRECTION('',(1.,0.,0.));
#8=(GEOMETRIC_REPRESENTATION_CONTEXT(3)GLOBAL_UNCERTAINTY_ASSIGNED_CONTEXT((#10))
GLOBAL_UNIT_ASSIGNED_CONTEXT((#9,#11,#12))REPRESENTATION_CONTEXT('NONE','NONE'));
#9=(LENGTH_UNIT()NAMED_UNIT(*)SI_UNIT(.MILLI.,.METRE.));
#10=UNCERTAINTY_MEASURE_WITH_UNIT(LENGTH_MEASURE(1.E-5),#9,'NONE','NONE');
#11=(NAMED_UNIT(*)PLANE_ANGLE_UNIT()SI_UNIT($,.RADIAN.));
#12=(NAMED_UNIT(*)SI_UNIT($,.STERADIAN.)SOLID_ANGLE_UNIT());
#13=MANIFOLD_SOLID_BREP('',#14);
#14=CLOSED_SHELL('',(#53,#54,#55,#56,#57,#58,#59,#60,#61,#62,#63,#64,#65,#66,#67,
#68,#69,#70,#71,#72,#73,#74,#75,#76,#77,#78,#79,#80,#81,#82,#83,#84,#85,#86,#87,
#88,#89,#90,#91,#92,#93,#94,#95,#96,#97,#98,#99,#100,#101,#102,#103,#104,#105,#106,
#107,#108,#109,#110,#111,#112,#113,#114,#115,#116,#117,#118,#119,#120,#121,#122,
#123,#124,#125,#126,#127,#128,#129,#130,#131,#132,#133,#134,#135,#136,#137,#138,
#139,#140,#141,#142,#143,#144,#145,#146,#147,#148,#149,#150,#151,#152,#153,#154,
#155,#156,#157,#158,#159,#160,#161,#162,#163,#164,#165,#166,#167,#168,#169,#170,
#171,#172,#173,#174,#175,#176,#177,#178,#179,#180,#181,#182,#183,#184,#185,#186,
#187,#188,#189,#190,#191,#192,#193,#194,#195,#196,#197,#198,#199,#200,#201,#202,
#203,#204,#205,#206,#207,#208,#209,#210,#211,#212,#213,#214,#215,#216,#217,#218,
#219,#220,#221,#222,#223,#224,#225,#226,#227,#228,#229,#230,#231,#232,#233,#234,
#235,#236,#237,#238,#239,#240,#241,#242,#243,#244,#245,#246,#247,#248,#249,#250,
#251,#252,#253,#254,#255,#256,#257,#258,#259,#260,#261,#262,#263,#264,#265,#266,
#267,#268,#269,#270,#271,#272,#273,#274,#275,#276,#277,#278,#279,#280,#281,#282,
#283,#284,#285,#286,#287,#288,#289,#290,#291,#292,#293,#294,#295,#296,#297,#298,
#299,#300,#301,#302,#303,#304,#305,#306,#307,#308,#309,#310,#311,#312,#313,#314,
#315,#316,#317,#318,#319,#320,#321,#322,#323,#324,#325,#326,#327,#328,#329,#330,
#331,#332,#333,#334,#335,#336,#337,#338,#339,#340,#341,#342,#343,#344,#345,#346,
#347,#348,#349,#350,#351,#352,#353,#354,#355,#356,#357,#358,#359,#360,#361,#362,
#363,#364,#365,#366,#367,#368,#369,#370,#371,#372,#373,#374,#375,#376,#377,#378,
#379,#380,#381,#382,#383,#384,#385,#386,#387,#388,#389,#390,#391,#392,#393,#394,
#395,#396,#397,#398,#399,#400,#401,#402,#403,#404,#405,#406,#407,#408,#409,#410,
#411,#412,#413,#414,#415,#416,#417,#418,#419,#420,#421,#422,#423,#424,#425,#426,
#427,#428,#429,#430,#431,#432,#433,#434,#435,#436,#437,#438,#439,#440,#441,#442,
#443,#444,#445,#446,#447,#448,#449,#450,#451,#452,#453,#454,#455,#456,#457,#458,
#459,#460,#461,#462,#463,#464,#465,#466,#467,#468,#469,#470,#471,#472,#473,#474,
#475,#476,#477,#478,#479,#480,#481,#482,#483,#484));
#15=COLOUR_RGB('',0.749019607843137,0.749019607843137,0.749019607843137);
#16=FILL_AREA_STYLE_COLOUR('',#15);
#17=FILL_AREA_STYLE($,(#16));
#18=SURFACE_STYLE_FILL_AREA(#17);
#19=SURFACE_SIDE_STYLE('',(#18));
#20=SURFACE_STYLE_USAGE(.BOTH.,#19);
#21=PRESENTATION_STYLE_ASSIGNMENT((#20));
#22=MECHANICAL_DESIGN_GEOMETRIC_PRESENTATION_REPRESENTATION('NONE',(#23),#8);
#23=STYLED_ITEM('',(#21),#13);
#24=ADVANCED_BREP_SHAPE_REPRESENTATION('NONE',(#13),#8);
#25=SHAPE_REPRESENTATION_RELATIONSHIP('','',#3,#24);
#26=PRODUCT_DEFINITION_SHAPE('NONE','NONE',#1);
#27=MECHANICAL_CONTEXT('NONE',#32,'mechanical');
#28=PRODUCT_DEFINITION_FORMATION_WITH_SPECIFIED_SOURCE('ANY','UNSPECIFIED',#29,.NOT_KNOWN.);
#29=PRODUCT('64178 Technic Brick 5 x 11 with open Center 3 x 5','64178 Technic Brick 5 x 11 with open Center 3 x 5',
'NONE',(#27));
#30=PRODUCT_RELATED_PRODUCT_CATEGORY('detail','',(#29));
#31=DESIGN_CONTEXT('detailed design',#32,'design');
#32=APPLICATION_CONTEXT('configuration controlled 3d designs of mechanical parts and assemblies');
#33=APPLICATION_PROTOCOL_DEFINITION('international standard','config_control_design',
1994,#32);
#34=CC_DESIGN_DATE_AND_TIME_ASSIGNMENT(#35,#39,(#1));
#35=DATE_AND_TIME(#36,#37);
#36=CALENDAR_DATE(0,1,1);
#37=LOCAL_TIME(0,0,0.,#38);
#38=COORDINATED_UNIVERSAL_TIME_OFFSET(0,0,.AHEAD.);
#39=DATE_TIME_ROLE('creation_date');
#40=CC_DESIGN_APPROVAL(#41,(#1));
#41=APPROVAL(#42,'UNSPECIFIED');
#42=APPROVAL_STATUS('not_yet_approved');
#43=APPROVAL_DATE_TIME(#44,#41);
#44=DATE_AND_TIME(#45,#46);
#45=CALENDAR_DATE(0,1,1);
#46=LOCAL_TIME(0,0,0.,#47);
#47=COORDINATED_UNIVERSAL_TIME_OFFSET(0,0,.AHEAD.);
#48=PERSON('UNSPECIFIED','io','UNSPECIFIED',('UNSPECIFIED'),('UNSPECIFIED'),('UNSPECIFIED'));
#49=ORGANIZATION('UNSPECIFIED','UNSPECIFIED','UNSPECIFIED');
#50=PERSON_AND_ORGANIZATION(#48,#49);
#51=PERSON_AND_ORGANIZATION_ROLE('creator');
#52=CC_DESIGN_PERSON_AND_ORGANIZATION_ASSIGNMENT(#50,#51,(#28,#1));
#53=ADVANCED_FACE('',(#485),#487,.T.);
#54=ADVANCED_FACE('',(#492),#494,.T.);
#55=ADVANCED_FACE('',(#499),#501,.T.);
#56=ADVANCED_FACE('',(#506),#508,.F.);
#57=ADVANCED_FACE('',(#513),#515,.T.);
#58=ADVANCED_FACE('',(#520),#522,.T.);
#59=ADVANCED_FACE('',(#527),#529,.T.);
#60=ADVANCED_FACE('',(#534),#536,.T.);
#61=ADVANCED_FACE('',(#541),#543,.T.);
#62=ADVANCED_FACE('',(#548,#550,#552,#554,#556,#558,#560,#562,#564,#566),#568,.T.);
#63=ADVANCED_FACE('',(#573),#575,.T.);
#64=ADVANCED_FACE('',(#580),#582,.T.);
#65=ADVANCED_FACE('',(#587),#589,.T.);
#66=ADVANCED_FACE('',(#594),#596,.F.);
#67=ADVANCED_FACE('',(#601),#603,.T.);
#68=ADVANCED_FACE('',(#608),#610,.T.);
#69=ADVANCED_FACE('',(#615),#617,.T.);
#70=ADVANCED_FACE('',(#622),#624,.T.);
#71=ADVANCED_FACE('',(#629),#631,.T.);
#72=ADVANCED_FACE('',(#636,#638,#640,#642,#644,#646,#648,#650,#652,#654),#656,.T.);
#73=ADVANCED_FACE('',(#661),#663,.T.);
#74=ADVANCED_FACE('',(#668),#670,.T.);
#75=ADVANCED_FACE('',(#675),#677,.F.);
#76=ADVANCED_FACE('',(#682),#684,.T.);
#77=ADVANCED_FACE('',(#689),#691,.T.);
#78=ADVANCED_FACE('',(#696),#698,.F.);
#79=ADVANCED_FACE('',(#703),#705,.T.);
#80=ADVANCED_FACE('',(#710),#712,.T.);
#81=ADVANCED_FACE('',(#717),#719,.T.);
#82=ADVANCED_FACE('',(#724),#726,.T.);
#83=ADVANCED_FACE('',(#731),#733,.T.);
#84=ADVANCED_FACE('',(#738),#740,.T.);
#85=ADVANCED_FACE('',(#745),#747,.T.);
#86=ADVANCED_FACE('',(#752),#754,.T.);
#87=ADVANCED_FACE('',(#759),#761,.T.);
#88=ADVANCED_FACE('',(#766),#768,.F.);
#89=ADVANCED_FACE('',(#773),#775,.T.);
#90=ADVANCED_FACE('',(#780),#782,.T.);
#91=ADVANCED_FACE('',(#787),#789,.F.);
#92=ADVANCED_FACE('',(#794),#796,.T.);
#93=ADVANCED_FACE('',(#801),#803,.T.);
#94=ADVANCED_FACE('',(#808),#810,.F.);
#95=ADVANCED_FACE('',(#815),#817,.T.);
#96=ADVANCED_FACE('',(#822),#824,.T.);
#97=ADVANCED_FACE('',(#829),#831,.F.);
#98=ADVANCED_FACE('',(#836),#838,.T.);
#99=ADVANCED_FACE('',(#843),#845,.F.);
#100=ADVANCED_FACE('',(#850,#852,#854,#856,#858,#860,#862,#864),#866,.T.);
#101=ADVANCED_FACE('',(#871),#873,.T.);
#102=ADVANCED_FACE('',(#878),#880,.F.);
#103=ADVANCED_FACE('',(#885),#887,.T.);
#104=ADVANCED_FACE('',(#892),#894,.T.);
#105=ADVANCED_FACE('',(#899),#901,.T.);
#106=ADVANCED_FACE('',(#906),#908,.T.);
#107=ADVANCED_FACE('',(#913),#915,.T.);
#108=ADVANCED_FACE('',(#920),#922,.T.);
#109=ADVANCED_FACE('',(#927),#929,.F.);
#110=ADVANCED_FACE('',(#934),#936,.T.);
#111=ADVANCED_FACE('',(#941),#943,.T.);
#112=ADVANCED_FACE('',(#948),#950,.T.);
#113=ADVANCED_FACE('',(#955),#957,.T.);
#114=ADVANCED_FACE('',(#962),#964,.T.);
#115=ADVANCED_FACE('',(#969),#971,.T.);
#116=ADVANCED_FACE('',(#976),#978,.T.);
#117=ADVANCED_FACE('',(#983),#985,.F.);
#118=ADVANCED_FACE('',(#990),#992,.T.);
#119=ADVANCED_FACE('',(#997),#999,.T.);
#120=ADVANCED_FACE('',(#1004),#1006,.T.);
#121=ADVANCED_FACE('',(#1011),#1013,.T.);
#122=ADVANCED_FACE('',(#1018),#1020,.T.);
#123=ADVANCED_FACE('',(#1025,#1027,#1029,#1031,#1033,#1035,#1037,#1039),#1041,.F.);
#124=ADVANCED_FACE('',(#1046),#1048,.T.);
#125=ADVANCED_FACE('',(#1053),#1055,.T.);
#126=ADVANCED_FACE('',(#1060),#1062,.T.);
#127=ADVANCED_FACE('',(#1067),#1069,.T.);
#128=ADVANCED_FACE('',(#1074),#1076,.T.);
#129=ADVANCED_FACE('',(#1081,#1083,#1085,#1087,#1089,#1091,#1093,#1095),#1097,.F.);
#130=ADVANCED_FACE('',(#1102,#1104),#1106,.T.);
#131=ADVANCED_FACE('',(#1111,#1113),#1115,.F.);
#132=ADVANCED_FACE('',(#1120,#1122),#1124,.T.);
#133=ADVANCED_FACE('',(#1129,#1131),#1133,.F.);
#134=ADVANCED_FACE('',(#1138),#1140,.F.);
#135=ADVANCED_FACE('',(#1145),#1147,.F.);
#136=ADVANCED_FACE('',(#1152),#1154,.F.);
#137=ADVANCED_FACE('',(#1159),#1161,.T.);
#138=ADVANCED_FACE('',(#1166),#1168,.F.);
#139=ADVANCED_FACE('',(#1173),#1175,.F.);
#140=ADVANCED_FACE('',(#1180),#1182,.F.);
#141=ADVANCED_FACE('',(#1187),#1189,.T.);
#142=ADVANCED_FACE('',(#1194),#1196,.F.);
#143=ADVANCED_FACE('',(#1201),#1203,.F.);
#144=ADVANCED_FACE('',(#1208),#1210,.T.);
#145=ADVANCED_FACE('',(#1215),#1217,.F.);
#146=ADVANCED_FACE('',(#1222),#1224,.F.);
#147=ADVANCED_FACE('',(#1229),#1231,.F.);
#148=ADVANCED_FACE('',(#1236),#1238,.F.);
#149=ADVANCED_FACE('',(#1243),#1245,.F.);
#150=ADVANCED_FACE('',(#1250),#1252,.F.);
#151=ADVANCED_FACE('',(#1257),#1259,.F.);
#152=ADVANCED_FACE('',(#1264),#1266,.F.);
#153=ADVANCED_FACE('',(#1271,#1273,#1275),#1277,.T.);
#154=ADVANCED_FACE('',(#1282),#1284,.T.);
#155=ADVANCED_FACE('',(#1289),#1291,.F.);
#156=ADVANCED_FACE('',(#1296),#1298,.T.);
#157=ADVANCED_FACE('',(#1303),#1305,.F.);
#158=ADVANCED_FACE('',(#1310),#1312,.T.);
#159=ADVANCED_FACE('',(#1317,#1319),#1321,.F.);
#160=ADVANCED_FACE('',(#1326,#1328),#1330,.F.);
#161=ADVANCED_FACE('',(#1335),#1337,.F.);
#162=ADVANCED_FACE('',(#1342,#1344,#1346,#1348,#1350,#1352),#1354,.T.);
#163=ADVANCED_FACE('',(#1359,#1361),#1363,.F.);
#164=ADVANCED_FACE('',(#1368,#1370),#1372,.T.);
#165=ADVANCED_FACE('',(#1377,#1379),#1381,.F.);
#166=ADVANCED_FACE('',(#1386,#1388),#1390,.F.);
#167=ADVANCED_FACE('',(#1395,#1397),#1399,.F.);
#168=ADVANCED_FACE('',(#1404,#1406),#1408,.F.);
#169=ADVANCED_FACE('',(#1413),#1415,.T.);
#170=ADVANCED_FACE('',(#1420),#1422,.T.);
#171=ADVANCED_FACE('',(#1427),#1429,.T.);
#172=ADVANCED_FACE('',(#1434),#1436,.T.);
#173=ADVANCED_FACE('',(#1441),#1443,.T.);
#174=ADVANCED_FACE('',(#1448),#1450,.T.);
#175=ADVANCED_FACE('',(#1455),#1457,.T.);
#176=ADVANCED_FACE('',(#1462),#1464,.T.);
#177=ADVANCED_FACE('',(#1469),#1471,.T.);
#178=ADVANCED_FACE('',(#1476),#1478,.T.);
#179=ADVANCED_FACE('',(#1483),#1485,.T.);
#180=ADVANCED_FACE('',(#1490),#1492,.T.);
#181=ADVANCED_FACE('',(#1497),#1499,.T.);
#182=ADVANCED_FACE('',(#1504),#1506,.T.);
#183=ADVANCED_FACE('',(#1511),#1513,.T.);
#184=ADVANCED_FACE('',(#1518),#1520,.T.);
#185=ADVANCED_FACE('',(#1525),#1527,.F.);
#186=ADVANCED_FACE('',(#1532),#1534,.T.);
#187=ADVANCED_FACE('',(#1539),#1541,.T.);
#188=ADVANCED_FACE('',(#1546,#1548,#1550),#1552,.F.);
#189=ADVANCED_FACE('',(#1557),#1559,.F.);
#190=ADVANCED_FACE('',(#1564),#1566,.T.);
#191=ADVANCED_FACE('',(#1571),#1573,.T.);
#192=ADVANCED_FACE('',(#1578),#1580,.T.);
#193=ADVANCED_FACE('',(#1585),#1587,.T.);
#194=ADVANCED_FACE('',(#1592,#1594),#1596,.F.);
#195=ADVANCED_FACE('',(#1601,#1603),#1605,.F.);
#196=ADVANCED_FACE('',(#1610),#1612,.T.);
#197=ADVANCED_FACE('',(#1617),#1619,.T.);
#198=ADVANCED_FACE('',(#1624),#1626,.T.);
#199=ADVANCED_FACE('',(#1631,#1633),#1635,.F.);
#200=ADVANCED_FACE('',(#1640,#1642),#1644,.T.);
#201=ADVANCED_FACE('',(#1649,#1651),#1653,.F.);
#202=ADVANCED_FACE('',(#1658,#1660),#1662,.F.);
#203=ADVANCED_FACE('',(#1667,#1669),#1671,.F.);
#204=ADVANCED_FACE('',(#1676,#1678),#1680,.F.);
#205=ADVANCED_FACE('',(#1685),#1687,.T.);
#206=ADVANCED_FACE('',(#1692),#1694,.T.);
#207=ADVANCED_FACE('',(#1699),#1701,.T.);
#208=ADVANCED_FACE('',(#1706),#1708,.T.);
#209=ADVANCED_FACE('',(#1713),#1715,.T.);
#210=ADVANCED_FACE('',(#1720),#1722,.T.);
#211=ADVANCED_FACE('',(#1727),#1729,.T.);
#212=ADVANCED_FACE('',(#1734),#1736,.T.);
#213=ADVANCED_FACE('',(#1741),#1743,.T.);
#214=ADVANCED_FACE('',(#1748),#1750,.T.);
#215=ADVANCED_FACE('',(#1755),#1757,.T.);
#216=ADVANCED_FACE('',(#1762),#1764,.T.);
#217=ADVANCED_FACE('',(#1769),#1771,.T.);
#218=ADVANCED_FACE('',(#1776),#1778,.T.);
#219=ADVANCED_FACE('',(#1783),#1785,.T.);
#220=ADVANCED_FACE('',(#1790),#1792,.T.);
#221=ADVANCED_FACE('',(#1797),#1799,.F.);
#222=ADVANCED_FACE('',(#1804),#1806,.T.);
#223=ADVANCED_FACE('',(#1811),#1813,.T.);
#224=ADVANCED_FACE('',(#1818,#1820,#1822),#1824,.F.);
#225=ADVANCED_FACE('',(#1829),#1831,.F.);
#226=ADVANCED_FACE('',(#1836),#1838,.T.);
#227=ADVANCED_FACE('',(#1843),#1845,.T.);
#228=ADVANCED_FACE('',(#1850),#1852,.T.);
#229=ADVANCED_FACE('',(#1857),#1859,.T.);
#230=ADVANCED_FACE('',(#1864,#1866),#1868,.F.);
#231=ADVANCED_FACE('',(#1873,#1875),#1877,.F.);
#232=ADVANCED_FACE('',(#1882),#1884,.T.);
#233=ADVANCED_FACE('',(#1889),#1891,.T.);
#234=ADVANCED_FACE('',(#1896,#1898,#1900,#1902,#1904,#1906),#1908,.F.);
#235=ADVANCED_FACE('',(#1913,#1915),#1917,.F.);
#236=ADVANCED_FACE('',(#1922,#1924),#1926,.T.);
#237=ADVANCED_FACE('',(#1931,#1933),#1935,.T.);
#238=ADVANCED_FACE('',(#1940,#1942),#1944,.F.);
#239=ADVANCED_FACE('',(#1949,#1951),#1953,.T.);
#240=ADVANCED_FACE('',(#1958,#1960),#1962,.F.);
#241=ADVANCED_FACE('',(#1967,#1969),#1971,.F.);
#242=ADVANCED_FACE('',(#1976),#1978,.T.);
#243=ADVANCED_FACE('',(#1983),#1985,.F.);
#244=ADVANCED_FACE('',(#1990),#1992,.F.);
#245=ADVANCED_FACE('',(#1997),#1999,.F.);
#246=ADVANCED_FACE('',(#2004),#2006,.F.);
#247=ADVANCED_FACE('',(#2011),#2013,.F.);
#248=ADVANCED_FACE('',(#2018),#2020,.T.);
#249=ADVANCED_FACE('',(#2025),#2027,.F.);
#250=ADVANCED_FACE('',(#2032),#2034,.F.);
#251=ADVANCED_FACE('',(#2039),#2041,.F.);
#252=ADVANCED_FACE('',(#2046),#2048,.F.);
#253=ADVANCED_FACE('',(#2053),#2055,.F.);
#254=ADVANCED_FACE('',(#2060),#2062,.T.);
#255=ADVANCED_FACE('',(#2067),#2069,.F.);
#256=ADVANCED_FACE('',(#2074),#2076,.T.);
#257=ADVANCED_FACE('',(#2081,#2083),#2085,.T.);
#258=ADVANCED_FACE('',(#2090),#2092,.F.);
#259=ADVANCED_FACE('',(#2097),#2099,.F.);
#260=ADVANCED_FACE('',(#2104),#2106,.F.);
#261=ADVANCED_FACE('',(#2111),#2113,.F.);
#262=ADVANCED_FACE('',(#2118),#2120,.F.);
#263=ADVANCED_FACE('',(#2125),#2127,.F.);
#264=ADVANCED_FACE('',(#2132,#2134,#2136),#2138,.T.);
#265=ADVANCED_FACE('',(#2143),#2145,.F.);
#266=ADVANCED_FACE('',(#2150),#2152,.T.);
#267=ADVANCED_FACE('',(#2157),#2159,.F.);
#268=ADVANCED_FACE('',(#2164),#2166,.T.);
#269=ADVANCED_FACE('',(#2171,#2173),#2175,.F.);
#270=ADVANCED_FACE('',(#2180,#2182),#2184,.F.);
#271=ADVANCED_FACE('',(#2189),#2191,.F.);
#272=ADVANCED_FACE('',(#2196),#2198,.T.);
#273=ADVANCED_FACE('',(#2203),#2205,.T.);
#274=ADVANCED_FACE('',(#2210,#2212),#2214,.F.);
#275=ADVANCED_FACE('',(#2219,#2221),#2223,.T.);
#276=ADVANCED_FACE('',(#2228),#2230,.F.);
#277=ADVANCED_FACE('',(#2235),#2237,.F.);
#278=ADVANCED_FACE('',(#2242),#2244,.F.);
#279=ADVANCED_FACE('',(#2249),#2251,.F.);
#280=ADVANCED_FACE('',(#2256),#2258,.F.);
#281=ADVANCED_FACE('',(#2263),#2265,.F.);
#282=ADVANCED_FACE('',(#2270),#2272,.F.);
#283=ADVANCED_FACE('',(#2277,#2279),#2281,.T.);
#284=ADVANCED_FACE('',(#2286),#2288,.F.);
#285=ADVANCED_FACE('',(#2293,#2295),#2297,.T.);
#286=ADVANCED_FACE('',(#2302),#2304,.F.);
#287=ADVANCED_FACE('',(#2309),#2311,.F.);
#288=ADVANCED_FACE('',(#2316),#2318,.F.);
#289=ADVANCED_FACE('',(#2323),#2325,.F.);
#290=ADVANCED_FACE('',(#2330),#2332,.F.);
#291=ADVANCED_FACE('',(#2337),#2339,.F.);
#292=ADVANCED_FACE('',(#2344),#2346,.F.);
#293=ADVANCED_FACE('',(#2351),#2353,.F.);
#294=ADVANCED_FACE('',(#2358,#2360),#2362,.T.);
#295=ADVANCED_FACE('',(#2367),#2369,.F.);
#296=ADVANCED_FACE('',(#2374,#2376),#2378,.T.);
#297=ADVANCED_FACE('',(#2383,#2385),#2387,.F.);
#298=ADVANCED_FACE('',(#2392),#2394,.F.);
#299=ADVANCED_FACE('',(#2399,#2401),#2403,.T.);
#300=ADVANCED_FACE('',(#2408,#2410),#2412,.F.);
#301=ADVANCED_FACE('',(#2417,#2419),#2421,.T.);
#302=ADVANCED_FACE('',(#2426),#2428,.F.);
#303=ADVANCED_FACE('',(#2433,#2435),#2437,.T.);
#304=ADVANCED_FACE('',(#2442,#2444),#2446,.F.);
#305=ADVANCED_FACE('',(#2451),#2453,.F.);
#306=ADVANCED_FACE('',(#2458,#2460),#2462,.T.);
#307=ADVANCED_FACE('',(#2467,#2469),#2471,.T.);
#308=ADVANCED_FACE('',(#2476,#2478),#2480,.F.);
#309=ADVANCED_FACE('',(#2485,#2487),#2489,.T.);
#310=ADVANCED_FACE('',(#2494),#2496,.F.);
#311=ADVANCED_FACE('',(#2501,#2503),#2505,.T.);
#312=ADVANCED_FACE('',(#2510,#2512),#2514,.F.);
#313=ADVANCED_FACE('',(#2519,#2521),#2523,.T.);
#314=ADVANCED_FACE('',(#2528,#2530),#2532,.F.);
#315=ADVANCED_FACE('',(#2537,#2539),#2541,.T.);
#316=ADVANCED_FACE('',(#2546,#2548),#2550,.T.);
#317=ADVANCED_FACE('',(#2555,#2557),#2559,.F.);
#318=ADVANCED_FACE('',(#2564,#2566),#2568,.T.);
#319=ADVANCED_FACE('',(#2573),#2575,.F.);
#320=ADVANCED_FACE('',(#2580,#2582),#2584,.T.);
#321=ADVANCED_FACE('',(#2589,#2591),#2593,.F.);
#322=ADVANCED_FACE('',(#2598,#2600),#2602,.T.);
#323=ADVANCED_FACE('',(#2607),#2609,.F.);
#324=ADVANCED_FACE('',(#2614,#2616),#2618,.T.);
#325=ADVANCED_FACE('',(#2623,#2625),#2627,.F.);
#326=ADVANCED_FACE('',(#2632,#2634),#2636,.T.);
#327=ADVANCED_FACE('',(#2641),#2643,.F.);
#328=ADVANCED_FACE('',(#2648,#2650),#2652,.T.);
#329=ADVANCED_FACE('',(#2657,#2659),#2661,.F.);
#330=ADVANCED_FACE('',(#2666,#2668),#2670,.T.);
#331=ADVANCED_FACE('',(#2675,#2677),#2679,.F.);
#332=ADVANCED_FACE('',(#2684,#2686),#2688,.F.);
#333=ADVANCED_FACE('',(#2693,#2695),#2697,.T.);
#334=ADVANCED_FACE('',(#2702,#2704),#2706,.F.);
#335=ADVANCED_FACE('',(#2711,#2713),#2715,.T.);
#336=ADVANCED_FACE('',(#2720,#2722),#2724,.F.);
#337=ADVANCED_FACE('',(#2729,#2731),#2733,.F.);
#338=ADVANCED_FACE('',(#2738,#2740),#2742,.T.);
#339=ADVANCED_FACE('',(#2747,#2749),#2751,.F.);
#340=ADVANCED_FACE('',(#2756,#2758),#2760,.T.);
#341=ADVANCED_FACE('',(#2765,#2767),#2769,.F.);
#342=ADVANCED_FACE('',(#2774,#2776),#2778,.F.);
#343=ADVANCED_FACE('',(#2783,#2785),#2787,.T.);
#344=ADVANCED_FACE('',(#2792,#2794),#2796,.F.);
#345=ADVANCED_FACE('',(#2801,#2803),#2805,.F.);
#346=ADVANCED_FACE('',(#2810,#2812),#2814,.T.);
#347=ADVANCED_FACE('',(#2819,#2821),#2823,.F.);
#348=ADVANCED_FACE('',(#2828,#2830),#2832,.F.);
#349=ADVANCED_FACE('',(#2837,#2839),#2841,.T.);
#350=ADVANCED_FACE('',(#2846,#2848),#2850,.F.);
#351=ADVANCED_FACE('',(#2855,#2857),#2859,.T.);
#352=ADVANCED_FACE('',(#2864,#2866),#2868,.F.);
#353=ADVANCED_FACE('',(#2873,#2875),#2877,.F.);
#354=ADVANCED_FACE('',(#2882,#2884),#2886,.T.);
#355=ADVANCED_FACE('',(#2891,#2893),#2895,.F.);
#356=ADVANCED_FACE('',(#2900,#2902),#2904,.T.);
#357=ADVANCED_FACE('',(#2909,#2911),#2913,.F.);
#358=ADVANCED_FACE('',(#2918,#2920),#2922,.F.);
#359=ADVANCED_FACE('',(#2927,#2929),#2931,.T.);
#360=ADVANCED_FACE('',(#2936,#2938),#2940,.T.);
#361=ADVANCED_FACE('',(#2945,#2947),#2949,.F.);
#362=ADVANCED_FACE('',(#2954),#2956,.F.);
#363=ADVANCED_FACE('',(#2961,#2963),#2965,.T.);
#364=ADVANCED_FACE('',(#2970,#2972),#2974,.F.);
#365=ADVANCED_FACE('',(#2979,#2981),#2983,.T.);
#366=ADVANCED_FACE('',(#2988,#2990),#2992,.F.);
#367=ADVANCED_FACE('',(#2997),#2999,.T.);
#368=ADVANCED_FACE('',(#3004),#3006,.T.);
#369=ADVANCED_FACE('',(#3011,#3013),#3015,.F.);
#370=ADVANCED_FACE('',(#3020),#3022,.T.);
#371=ADVANCED_FACE('',(#3027,#3029),#3031,.F.);
#372=ADVANCED_FACE('',(#3036),#3038,.T.);
#373=ADVANCED_FACE('',(#3043,#3045),#3047,.F.);
#374=ADVANCED_FACE('',(#3052),#3054,.T.);
#375=ADVANCED_FACE('',(#3059),#3061,.F.);
#376=ADVANCED_FACE('',(#3066),#3068,.T.);
#377=ADVANCED_FACE('',(#3073),#3075,.T.);
#378=ADVANCED_FACE('',(#3080),#3082,.T.);
#379=ADVANCED_FACE('',(#3087,#3089),#3091,.F.);
#380=ADVANCED_FACE('',(#3096),#3098,.T.);
#381=ADVANCED_FACE('',(#3103,#3105),#3107,.F.);
#382=ADVANCED_FACE('',(#3112),#3114,.T.);
#383=ADVANCED_FACE('',(#3119,#3121),#3123,.F.);
#384=ADVANCED_FACE('',(#3128),#3130,.F.);
#385=ADVANCED_FACE('',(#3135),#3137,.T.);
#386=ADVANCED_FACE('',(#3142),#3144,.T.);
#387=ADVANCED_FACE('',(#3149),#3151,.T.);
#388=ADVANCED_FACE('',(#3156),#3158,.T.);
#389=ADVANCED_FACE('',(#3163),#3165,.F.);
#390=ADVANCED_FACE('',(#3170),#3172,.T.);
#391=ADVANCED_FACE('',(#3177),#3179,.T.);
#392=ADVANCED_FACE('',(#3184,#3186),#3188,.F.);
#393=ADVANCED_FACE('',(#3193,#3195),#3197,.F.);
#394=ADVANCED_FACE('',(#3202,#3204),#3206,.F.);
#395=ADVANCED_FACE('',(#3211),#3213,.T.);
#396=ADVANCED_FACE('',(#3218),#3220,.T.);
#397=ADVANCED_FACE('',(#3225),#3227,.T.);
#398=ADVANCED_FACE('',(#3232),#3234,.T.);
#399=ADVANCED_FACE('',(#3239),#3241,.T.);
#400=ADVANCED_FACE('',(#3246),#3248,.T.);
#401=ADVANCED_FACE('',(#3253),#3255,.F.);
#402=ADVANCED_FACE('',(#3260),#3262,.T.);
#403=ADVANCED_FACE('',(#3267),#3269,.F.);
#404=ADVANCED_FACE('',(#3274),#3276,.F.);
#405=ADVANCED_FACE('',(#3281),#3283,.F.);
#406=ADVANCED_FACE('',(#3288),#3290,.T.);
#407=ADVANCED_FACE('',(#3295),#3297,.F.);
#408=ADVANCED_FACE('',(#3302),#3304,.F.);
#409=ADVANCED_FACE('',(#3309),#3311,.F.);
#410=ADVANCED_FACE('',(#3316),#3318,.T.);
#411=ADVANCED_FACE('',(#3323),#3325,.F.);
#412=ADVANCED_FACE('',(#3330),#3332,.F.);
#413=ADVANCED_FACE('',(#3337),#3339,.T.);
#414=ADVANCED_FACE('',(#3344),#3346,.T.);
#415=ADVANCED_FACE('',(#3351),#3353,.T.);
#416=ADVANCED_FACE('',(#3358),#3360,.T.);
#417=ADVANCED_FACE('',(#3365),#3367,.T.);
#418=ADVANCED_FACE('',(#3372),#3374,.F.);
#419=ADVANCED_FACE('',(#3379,#3381,#3383,#3385,#3387,#3389,#3391,#3393),#3395,.T.);
#420=ADVANCED_FACE('',(#3400),#3402,.T.);
#421=ADVANCED_FACE('',(#3407),#3409,.T.);
#422=ADVANCED_FACE('',(#3414),#3416,.T.);
#423=ADVANCED_FACE('',(#3421),#3423,.T.);
#424=ADVANCED_FACE('',(#3428),#3430,.T.);
#425=ADVANCED_FACE('',(#3435),#3437,.T.);
#426=ADVANCED_FACE('',(#3442),#3444,.T.);
#427=ADVANCED_FACE('',(#3449),#3451,.T.);
#428=ADVANCED_FACE('',(#3456),#3458,.T.);
#429=ADVANCED_FACE('',(#3463),#3465,.T.);
#430=ADVANCED_FACE('',(#3470),#3472,.T.);
#431=ADVANCED_FACE('',(#3477),#3479,.F.);
#432=ADVANCED_FACE('',(#3484),#3486,.F.);
#433=ADVANCED_FACE('',(#3491),#3493,.T.);
#434=ADVANCED_FACE('',(#3498),#3500,.T.);
#435=ADVANCED_FACE('',(#3505),#3507,.T.);
#436=ADVANCED_FACE('',(#3512),#3514,.T.);
#437=ADVANCED_FACE('',(#3519),#3521,.F.);
#438=ADVANCED_FACE('',(#3526),#3528,.F.);
#439=ADVANCED_FACE('',(#3533),#3535,.T.);
#440=ADVANCED_FACE('',(#3540),#3542,.T.);
#441=ADVANCED_FACE('',(#3547),#3549,.F.);
#442=ADVANCED_FACE('',(#3554),#3556,.F.);
#443=ADVANCED_FACE('',(#3561),#3563,.T.);
#444=ADVANCED_FACE('',(#3568),#3570,.T.);
#445=ADVANCED_FACE('',(#3575),#3577,.F.);
#446=ADVANCED_FACE('',(#3582),#3584,.F.);
#447=ADVANCED_FACE('',(#3589),#3591,.T.);
#448=ADVANCED_FACE('',(#3596),#3598,.T.);
#449=ADVANCED_FACE('',(#3603),#3605,.F.);
#450=ADVANCED_FACE('',(#3610),#3612,.T.);
#451=ADVANCED_FACE('',(#3617),#3619,.F.);
#452=ADVANCED_FACE('',(#3624),#3626,.T.);
#453=ADVANCED_FACE('',(#3631),#3633,.F.);
#454=ADVANCED_FACE('',(#3638),#3640,.T.);
#455=ADVANCED_FACE('',(#3645),#3647,.T.);
#456=ADVANCED_FACE('',(#3652),#3654,.F.);
#457=ADVANCED_FACE('',(#3659),#3661,.F.);
#458=ADVANCED_FACE('',(#3666),#3668,.F.);
#459=ADVANCED_FACE('',(#3673),#3675,.F.);
#460=ADVANCED_FACE('',(#3680),#3682,.T.);
#461=ADVANCED_FACE('',(#3687),#3689,.T.);
#462=ADVANCED_FACE('',(#3694),#3696,.F.);
#463=ADVANCED_FACE('',(#3701),#3703,.F.);
#464=ADVANCED_FACE('',(#3708),#3710,.F.);
#465=ADVANCED_FACE('',(#3715),#3717,.F.);
#466=ADVANCED_FACE('',(#3722),#3724,.F.);
#467=ADVANCED_FACE('',(#3729),#3731,.F.);
#468=ADVANCED_FACE('',(#3736),#3738,.T.);
#469=ADVANCED_FACE('',(#3743),#3745,.T.);
#470=ADVANCED_FACE('',(#3750),#3752,.F.);
#471=ADVANCED_FACE('',(#3757),#3759,.F.);
#472=ADVANCED_FACE('',(#3764),#3766,.F.);
#473=ADVANCED_FACE('',(#3771),#3773,.F.);
#474=ADVANCED_FACE('',(#3778),#3780,.F.);
#475=ADVANCED_FACE('',(#3785),#3787,.F.);
#476=ADVANCED_FACE('',(#3792),#3794,.T.);
#477=ADVANCED_FACE('',(#3799),#3801,.T.);
#478=ADVANCED_FACE('',(#3806),#3808,.T.);
#479=ADVANCED_FACE('',(#3813),#3815,.T.);
#480=ADVANCED_FACE('',(#3820),#3822,.T.);
#481=ADVANCED_FACE('',(#3827),#3829,.T.);
#482=ADVANCED_FACE('',(#3834,#3836),#3838,.F.);
#483=ADVANCED_FACE('',(#3843,#3845),#3847,.F.);
#484=ADVANCED_FACE('',(#3852,#3854),#3856,.F.);
#485=FACE_BOUND('',#486,.T.);
#486=EDGE_LOOP('',(#3861,#3862,#3863,#3864));
#487=CYLINDRICAL_SURFACE('',#488,0.1);
#488=AXIS2_PLACEMENT_3D('',#489,#490,#491);
#489=CARTESIAN_POINT('',(0.308985935806045,19.9,3.7));
#490=DIRECTION('',(1.,0.,0.));
#491=DIRECTION('',(0.,0.70710678118654,0.707106781186555));
#492=FACE_BOUND('',#493,.T.);
#493=EDGE_LOOP('',(#3865,#3866,#3867,#3868));
#494=TOROIDAL_SURFACE('',#495,3.7,0.1);
#495=AXIS2_PLACEMENT_3D('',#496,#497,#498);
#496=CARTESIAN_POINT('',(40.,19.9,-2.220446E-15));
#497=DIRECTION('',(0.,1.,0.));
#498=DIRECTION('',(0.,0.,1.));
#499=FACE_BOUND('',#500,.T.);
#500=EDGE_LOOP('',(#3869,#3870,#3871,#3872));
#501=CYLINDRICAL_SURFACE('',#502,0.1);
#502=AXIS2_PLACEMENT_3D('',#503,#504,#505);
#503=CARTESIAN_POINT('',(0.308985935806048,19.9,-3.7));
#504=DIRECTION('',(-1.,0.,0.));
#505=DIRECTION('',(0.,0.70710678118654,-0.707106781186555));
#506=FACE_BOUND('',#507,.T.);
#507=EDGE_LOOP('',(#3873,#3874,#3875,#3876,#3877,#3878,#3879,#3880,#3881,#3882,#3883,
#3884,#3885,#3886,#3887,#3888,#3889,#3890,#3891,#3892,#3893,#3894,#3895,#3896,#3897,
#3898,#3899,#3900,#3901,#3902,#3903,#3904,#3905,#3906,#3907,#3908,#3909,#3910));
#508=PLANE('',#509);
#509=AXIS2_PLACEMENT_3D('',#510,#511,#512);
#510=CARTESIAN_POINT('',(24.6179718716121,0.,-3.8));
#511=DIRECTION('',(0.,0.,1.));
#512=DIRECTION('',(1.,0.,0.));
#513=FACE_BOUND('',#514,.T.);
#514=EDGE_LOOP('',(#3911,#3912,#3913,#3914));
#515=CYLINDRICAL_SURFACE('',#516,3.8);
#516=AXIS2_PLACEMENT_3D('',#517,#518,#519);
#517=CARTESIAN_POINT('',(40.,20.,-2.220446E-15));
#518=DIRECTION('',(0.,-1.,0.));
#519=DIRECTION('',(0.,0.,1.));
#520=FACE_BOUND('',#521,.T.);
#521=EDGE_LOOP('',(#3915,#3916,#3917,#3918,#3919,#3920,#3921,#3922,#3923,#3924,#3925,
#3926,#3927,#3928,#3929,#3930,#3931,#3932,#3933,#3934,#3935,#3936,#3937,#3938,#3939,
#3940,#3941,#3942,#3943,#3944,#3945,#3946,#3947,#3948));
#522=PLANE('',#523);
#523=AXIS2_PLACEMENT_3D('',#524,#525,#526);
#524=CARTESIAN_POINT('',(24.6179718716121,0.,3.8));
#525=DIRECTION('',(0.,0.,1.));
#526=DIRECTION('',(1.,0.,0.));
#527=FACE_BOUND('',#528,.T.);
#528=EDGE_LOOP('',(#3949,#3950,#3951,#3952));
#529=CYLINDRICAL_SURFACE('',#530,0.1);
#530=AXIS2_PLACEMENT_3D('',#531,#532,#533);
#531=CARTESIAN_POINT('',(24.308985935806,-19.9,3.7));
#532=DIRECTION('',(1.,9.251859E-17,0.));
#533=DIRECTION('',(6.54205223748186E-17,-0.707106781186555,0.70710678118654));
#534=FACE_BOUND('',#535,.T.);
#535=EDGE_LOOP('',(#3953,#3954,#3955,#3956));
#536=TOROIDAL_SURFACE('',#537,3.7,0.1);
#537=AXIS2_PLACEMENT_3D('',#538,#539,#540);
#538=CARTESIAN_POINT('',(40.,-19.9,-2.220446E-15));
#539=DIRECTION('',(-9.251859E-17,1.,0.));
#540=DIRECTION('',(0.,0.,1.));
#541=FACE_BOUND('',#542,.T.);
#542=EDGE_LOOP('',(#3957,#3958,#3959,#3960));
#543=CYLINDRICAL_SURFACE('',#544,0.1);
#544=AXIS2_PLACEMENT_3D('',#545,#546,#547);
#545=CARTESIAN_POINT('',(24.308985935806,-19.9,-3.7));
#546=DIRECTION('',(-1.,-9.251859E-17,0.));
#547=DIRECTION('',(6.54205223748186E-17,-0.707106781186555,-0.70710678118654));
#548=FACE_BOUND('',#549,.T.);
#549=EDGE_LOOP('',(#3961,#3962,#3963,#3964,#3965,#3966,#3967,#3968,#3969,#3970,#3971,
#3972));
#550=FACE_BOUND('',#551,.T.);
#551=EDGE_LOOP('',(#3973));
#552=FACE_BOUND('',#553,.T.);
#553=EDGE_LOOP('',(#3974));
#554=FACE_BOUND('',#555,.T.);
#555=EDGE_LOOP('',(#3975));
#556=FACE_BOUND('',#557,.T.);
#557=EDGE_LOOP('',(#3976,#3977,#3978,#3979));
#558=FACE_BOUND('',#559,.T.);
#559=EDGE_LOOP('',(#3980));
#560=FACE_BOUND('',#561,.T.);
#561=EDGE_LOOP('',(#3981));
#562=FACE_BOUND('',#563,.T.);
#563=EDGE_LOOP('',(#3982,#3983,#3984,#3985));
#564=FACE_BOUND('',#565,.T.);
#565=EDGE_LOOP('',(#3986));
#566=FACE_BOUND('',#567,.T.);
#567=EDGE_LOOP('',(#3987));
#568=PLANE('',#569);
#569=AXIS2_PLACEMENT_3D('',#570,#571,#572);
#570=CARTESIAN_POINT('',(24.,-20.,0.));
#571=DIRECTION('',(0.,-1.,0.));
#572=DIRECTION('',(0.,0.,-1.));
#573=FACE_BOUND('',#574,.T.);
#574=EDGE_LOOP('',(#3988,#3989,#3990,#3991));
#575=CYLINDRICAL_SURFACE('',#576,0.1);
#576=AXIS2_PLACEMENT_3D('',#577,#578,#579);
#577=CARTESIAN_POINT('',(-0.308985935806053,-19.9,3.7));
#578=DIRECTION('',(-1.,-9.251859E-17,0.));
#579=DIRECTION('',(6.54205223748186E-17,-0.707106781186555,0.70710678118654));
#580=FACE_BOUND('',#581,.T.);
#581=EDGE_LOOP('',(#3992,#3993,#3994,#3995));
#582=TOROIDAL_SURFACE('',#583,3.7,0.1);
#583=AXIS2_PLACEMENT_3D('',#584,#585,#586);
#584=CARTESIAN_POINT('',(-40.,-19.9,-2.220446E-15));
#585=DIRECTION('',(9.251859E-17,-1.,0.));
#586=DIRECTION('',(0.,0.,-1.));
#587=FACE_BOUND('',#588,.T.);
#588=EDGE_LOOP('',(#3996,#3997,#3998,#3999));
#589=CYLINDRICAL_SURFACE('',#590,0.1);
#590=AXIS2_PLACEMENT_3D('',#591,#592,#593);
#591=CARTESIAN_POINT('',(-0.308985935806053,-19.9,-3.7));
#592=DIRECTION('',(1.,9.251859E-17,0.));
#593=DIRECTION('',(6.54205223748186E-17,-0.707106781186555,-0.70710678118654));
#594=FACE_BOUND('',#595,.T.);
#595=EDGE_LOOP('',(#4000,#4001,#4002,#4003,#4004,#4005,#4006,#4007,#4008,#4009,#4010,
#4011,#4012,#4013,#4014,#4015,#4016,#4017,#4018,#4019,#4020,#4021,#4022,#4023,#4024,
#4025,#4026,#4027,#4028,#4029,#4030,#4031,#4032,#4033,#4034,#4035,#4036,#4037));
#596=PLANE('',#597);
#597=AXIS2_PLACEMENT_3D('',#598,#599,#600);
#598=CARTESIAN_POINT('',(-24.6179718716121,0.,-3.8));
#599=DIRECTION('',(0.,0.,1.));
#600=DIRECTION('',(1.,0.,0.));
#601=FACE_BOUND('',#602,.T.);
#602=EDGE_LOOP('',(#4038,#4039,#4040,#4041));
#603=CYLINDRICAL_SURFACE('',#604,3.8);
#604=AXIS2_PLACEMENT_3D('',#605,#606,#607);
#605=CARTESIAN_POINT('',(-40.,-20.,-2.220446E-15));
#606=DIRECTION('',(0.,1.,0.));
#607=DIRECTION('',(0.,0.,1.));
#608=FACE_BOUND('',#609,.T.);
#609=EDGE_LOOP('',(#4042,#4043,#4044,#4045,#4046,#4047,#4048,#4049,#4050,#4051,#4052,
#4053,#4054,#4055,#4056,#4057,#4058,#4059,#4060,#4061,#4062,#4063,#4064,#4065,#4066,
#4067,#4068,#4069,#4070,#4071,#4072,#4073,#4074,#4075));
#610=PLANE('',#611);
#611=AXIS2_PLACEMENT_3D('',#612,#613,#614);
#612=CARTESIAN_POINT('',(-24.6179718716121,0.,3.8));
#613=DIRECTION('',(0.,0.,1.));
#614=DIRECTION('',(1.,0.,0.));
#615=FACE_BOUND('',#616,.T.);
#616=EDGE_LOOP('',(#4076,#4077,#4078,#4079));
#617=CYLINDRICAL_SURFACE('',#618,0.1);
#618=AXIS2_PLACEMENT_3D('',#619,#620,#621);
#619=CARTESIAN_POINT('',(-24.308985935806,19.9,3.7));
#620=DIRECTION('',(-1.,0.,0.));
#621=DIRECTION('',(0.,0.70710678118654,0.707106781186555));
#622=FACE_BOUND('',#623,.T.);
#623=EDGE_LOOP('',(#4080,#4081,#4082,#4083));
#624=TOROIDAL_SURFACE('',#625,3.7,0.1);
#625=AXIS2_PLACEMENT_3D('',#626,#627,#628);
#626=CARTESIAN_POINT('',(-40.,19.9,-2.220446E-15));
#627=DIRECTION('',(0.,-1.,0.));
#628=DIRECTION('',(0.,0.,-1.));
#629=FACE_BOUND('',#630,.T.);
#630=EDGE_LOOP('',(#4084,#4085,#4086,#4087));
#631=CYLINDRICAL_SURFACE('',#632,0.1);
#632=AXIS2_PLACEMENT_3D('',#633,#634,#635);
#633=CARTESIAN_POINT('',(-24.308985935806,19.9,-3.7));
#634=DIRECTION('',(1.,0.,0.));
#635=DIRECTION('',(0.,0.70710678118654,-0.707106781186555));
#636=FACE_BOUND('',#637,.T.);
#637=EDGE_LOOP('',(#4088,#4089,#4090,#4091,#4092,#4093,#4094,#4095,#4096,#4097,#4098,
#4099));
#638=FACE_BOUND('',#639,.T.);
#639=EDGE_LOOP('',(#4100));
#640=FACE_BOUND('',#641,.T.);
#641=EDGE_LOOP('',(#4101));
#642=FACE_BOUND('',#643,.T.);
#643=EDGE_LOOP('',(#4102));
#644=FACE_BOUND('',#645,.T.);
#645=EDGE_LOOP('',(#4103,#4104,#4105,#4106));
#646=FACE_BOUND('',#647,.T.);
#647=EDGE_LOOP('',(#4107));
#648=FACE_BOUND('',#649,.T.);
#649=EDGE_LOOP('',(#4108));
#650=FACE_BOUND('',#651,.T.);
#651=EDGE_LOOP('',(#4109,#4110,#4111,#4112));
#652=FACE_BOUND('',#653,.T.);
#653=EDGE_LOOP('',(#4113));
#654=FACE_BOUND('',#655,.T.);
#655=EDGE_LOOP('',(#4114));
#656=PLANE('',#657);
#657=AXIS2_PLACEMENT_3D('',#658,#659,#660);
#658=CARTESIAN_POINT('',(-24.,20.,0.));
#659=DIRECTION('',(0.,1.,0.));
#660=DIRECTION('',(0.,0.,1.));
#661=FACE_BOUND('',#662,.T.);
#662=EDGE_LOOP('',(#4115,#4116,#4117,#4118));
#663=CYLINDRICAL_SURFACE('',#664,0.1);
#664=AXIS2_PLACEMENT_3D('',#665,#666,#667);
#665=CARTESIAN_POINT('',(20.1,-6.,-3.7));
#666=DIRECTION('',(1.850372E-16,-1.,0.));
#667=DIRECTION('',(-0.70710678118654,-1.3084105889177E-16,-0.707106781186555));
#668=FACE_BOUND('',#669,.T.);
#669=EDGE_LOOP('',(#4119,#4120,#4121,#4122));
#670=CYLINDRICAL_SURFACE('',#671,0.1);
#671=AXIS2_PLACEMENT_3D('',#672,#673,#674);
#672=CARTESIAN_POINT('',(20.1,-6.,-3.7));
#673=DIRECTION('',(1.850372E-16,-1.,0.));
#674=DIRECTION('',(-0.70710678118654,-1.3084105889177E-16,-0.707106781186555));
#675=FACE_BOUND('',#676,.T.);
#676=EDGE_LOOP('',(#4123,#4124,#4125,#4126,#4127));
#677=PLANE('',#678);
#678=AXIS2_PLACEMENT_3D('',#679,#680,#681);
#679=CARTESIAN_POINT('',(0.,4.8,-3.8));
#680=DIRECTION('',(0.,-1.,0.));
#681=DIRECTION('',(0.,0.,-1.));
#682=FACE_BOUND('',#683,.T.);
#683=EDGE_LOOP('',(#4128,#4129,#4130,#4131,#4132,#4133,#4134,#4135,#4136,#4137,#4138,
#4139,#4140,#4141,#4142,#4143));
#684=PLANE('',#685);
#685=AXIS2_PLACEMENT_3D('',#686,#687,#688);
#686=CARTESIAN_POINT('',(20.,-12.,0.));
#687=DIRECTION('',(-1.,0.,0.));
#688=DIRECTION('',(0.,0.,1.));
#689=FACE_BOUND('',#690,.T.);
#690=EDGE_LOOP('',(#4144,#4145,#4146,#4147));
#691=CYLINDRICAL_SURFACE('',#692,0.1);
#692=AXIS2_PLACEMENT_3D('',#693,#694,#695);
#693=CARTESIAN_POINT('',(20.1,-6.,-3.7));
#694=DIRECTION('',(1.850372E-16,-1.,0.));
#695=DIRECTION('',(-0.70710678118654,-1.3084105889177E-16,-0.707106781186555));
#696=FACE_BOUND('',#697,.T.);
#697=EDGE_LOOP('',(#4148,#4149,#4150,#4151,#4152));
#698=PLANE('',#699);
#699=AXIS2_PLACEMENT_3D('',#700,#701,#702);
#700=CARTESIAN_POINT('',(0.,-4.8,0.));
#701=DIRECTION('',(0.,1.,0.));
#702=DIRECTION('',(0.,0.,1.));
#703=FACE_BOUND('',#704,.T.);
#704=EDGE_LOOP('',(#4153,#4154,#4155,#4156));
#705=CYLINDRICAL_SURFACE('',#706,0.1);
#706=AXIS2_PLACEMENT_3D('',#707,#708,#709);
#707=CARTESIAN_POINT('',(20.1,-6.,-3.7));
#708=DIRECTION('',(1.850372E-16,-1.,0.));
#709=DIRECTION('',(-0.70710678118654,-1.3084105889177E-16,-0.707106781186555));
#710=FACE_BOUND('',#711,.T.);
#711=EDGE_LOOP('',(#4157,#4158,#4159,#4160));
#712=CYLINDRICAL_SURFACE('',#713,0.1);
#713=AXIS2_PLACEMENT_3D('',#714,#715,#716);
#714=CARTESIAN_POINT('',(27.9,8.,-3.7));
#715=DIRECTION('',(-1.387779E-16,1.,0.));
#716=DIRECTION('',(0.70710678118654,9.81307941688275E-17,-0.707106781186555));
#717=FACE_BOUND('',#718,.T.);
#718=EDGE_LOOP('',(#4161,#4162,#4163,#4164));
#719=CYLINDRICAL_SURFACE('',#720,0.1);
#720=AXIS2_PLACEMENT_3D('',#721,#722,#723);
#721=CARTESIAN_POINT('',(27.9,8.,3.7));
#722=DIRECTION('',(1.387779E-16,-1.,0.));
#723=DIRECTION('',(0.70710678118654,9.81307941688275E-17,0.707106781186555));
#724=FACE_BOUND('',#725,.T.);
#725=EDGE_LOOP('',(#4165,#4166,#4167,#4168));
#726=CYLINDRICAL_SURFACE('',#727,0.1);
#727=AXIS2_PLACEMENT_3D('',#728,#729,#730);
#728=CARTESIAN_POINT('',(20.1,-6.,3.7));
#729=DIRECTION('',(-1.850372E-16,1.,0.));
#730=DIRECTION('',(-0.707106781186508,-1.30841058891764E-16,0.707106781186587));
#731=FACE_BOUND('',#732,.T.);
#732=EDGE_LOOP('',(#4169,#4170,#4171,#4172));
#733=CYLINDRICAL_SURFACE('',#734,0.1);
#734=AXIS2_PLACEMENT_3D('',#735,#736,#737);
#735=CARTESIAN_POINT('',(-27.9,-5.72555522028552,3.7));
#736=DIRECTION('',(1.937015E-28,1.,0.));
#737=DIRECTION('',(-0.70710678118654,1.36967644176005E-28,0.707106781186555));
#738=FACE_BOUND('',#739,.T.);
#739=EDGE_LOOP('',(#4173,#4174,#4175,#4176));
#740=CYLINDRICAL_SURFACE('',#741,0.1);
#741=AXIS2_PLACEMENT_3D('',#742,#743,#744);
#742=CARTESIAN_POINT('',(-27.9,-5.72555522028552,-3.7));
#743=DIRECTION('',(-1.937015E-28,-1.,0.));
#744=DIRECTION('',(-0.70710678118654,1.36967644176005E-28,-0.707106781186555));
#745=FACE_BOUND('',#746,.T.);
#746=EDGE_LOOP('',(#4177,#4178,#4179,#4180));
#747=CYLINDRICAL_SURFACE('',#748,0.1);
#748=AXIS2_PLACEMENT_3D('',#749,#750,#751);
#749=CARTESIAN_POINT('',(-20.1,6.,3.7));
#750=DIRECTION('',(0.,-1.,0.));
#751=DIRECTION('',(0.70710678118654,0.,0.707106781186555));
#752=FACE_BOUND('',#753,.T.);
#753=EDGE_LOOP('',(#4181,#4182,#4183,#4184));
#754=CYLINDRICAL_SURFACE('',#755,0.1);
#755=AXIS2_PLACEMENT_3D('',#756,#757,#758);
#756=CARTESIAN_POINT('',(-20.1,6.,-3.7));
#757=DIRECTION('',(0.,1.,0.));
#758=DIRECTION('',(0.70710678118654,0.,-0.707106781186555));
#759=FACE_BOUND('',#760,.T.);
#760=EDGE_LOOP('',(#4185,#4186,#4187,#4188));
#761=CYLINDRICAL_SURFACE('',#762,0.1);
#762=AXIS2_PLACEMENT_3D('',#763,#764,#765);
#763=CARTESIAN_POINT('',(-20.1,6.,-3.7));
#764=DIRECTION('',(0.,1.,0.));
#765=DIRECTION('',(0.70710678118654,0.,-0.707106781186555));
#766=FACE_BOUND('',#767,.T.);
#767=EDGE_LOOP('',(#4189,#4190,#4191,#4192,#4193));
#768=PLANE('',#769);
#769=AXIS2_PLACEMENT_3D('',#770,#771,#772);
#770=CARTESIAN_POINT('',(0.,-4.8,0.));
#771=DIRECTION('',(0.,1.,0.));
#772=DIRECTION('',(0.,0.,1.));
#773=FACE_BOUND('',#774,.T.);
#774=EDGE_LOOP('',(#4194,#4195,#4196,#4197,#4198,#4199,#4200,#4201,#4202,#4203,#4204,
#4205,#4206,#4207,#4208,#4209));
#775=PLANE('',#776);
#776=AXIS2_PLACEMENT_3D('',#777,#778,#779);
#777=CARTESIAN_POINT('',(-20.,12.,0.));
#778=DIRECTION('',(1.,0.,0.));
#779=DIRECTION('',(0.,0.,-1.));
#780=FACE_BOUND('',#781,.T.);
#781=EDGE_LOOP('',(#4210,#4211,#4212,#4213));
#782=CYLINDRICAL_SURFACE('',#783,0.1);
#783=AXIS2_PLACEMENT_3D('',#784,#785,#786);
#784=CARTESIAN_POINT('',(-20.1,6.,-3.7));
#785=DIRECTION('',(0.,1.,0.));
#786=DIRECTION('',(0.70710678118654,0.,-0.707106781186555));
#787=FACE_BOUND('',#788,.T.);
#788=EDGE_LOOP('',(#4214,#4215,#4216,#4217,#4218));
#789=PLANE('',#790);
#790=AXIS2_PLACEMENT_3D('',#791,#792,#793);
#791=CARTESIAN_POINT('',(0.,4.8,-3.8));
#792=DIRECTION('',(0.,-1.,0.));
#793=DIRECTION('',(0.,0.,-1.));
#794=FACE_BOUND('',#795,.T.);
#795=EDGE_LOOP('',(#4219,#4220,#4221,#4222));
#796=CYLINDRICAL_SURFACE('',#797,0.1);
#797=AXIS2_PLACEMENT_3D('',#798,#799,#800);
#798=CARTESIAN_POINT('',(-20.1,6.,-3.7));
#799=DIRECTION('',(0.,1.,0.));
#800=DIRECTION('',(0.70710678118654,0.,-0.707106781186555));
#801=FACE_BOUND('',#802,.T.);
#802=EDGE_LOOP('',(#4223,#4224,#4225,#4226));
#803=CYLINDRICAL_SURFACE('',#804,0.1);
#804=AXIS2_PLACEMENT_3D('',#805,#806,#807);
#805=CARTESIAN_POINT('',(2.,12.1,-3.9));
#806=DIRECTION('',(1.,0.,0.));
#807=DIRECTION('',(0.,-0.70710678118654,-0.707106781186555));
#808=FACE_BOUND('',#809,.T.);
#809=EDGE_LOOP('',(#4227,#4228,#4229,#4230,#4231));
#810=PLANE('',#811);
#811=AXIS2_PLACEMENT_3D('',#812,#813,#814);
#812=CARTESIAN_POINT('',(-12.8,0.,0.));
#813=DIRECTION('',(1.,0.,0.));
#814=DIRECTION('',(0.,0.,-1.));
#815=FACE_BOUND('',#816,.T.);
#816=EDGE_LOOP('',(#4232,#4233,#4234,#4235,#4236,#4237,#4238,#4239,#4240,#4241,#4242,
#4243,#4244,#4245,#4246,#4247,#4248,#4249,#4250,#4251,#4252,#4253,#4254,#4255,#4256,
#4257,#4258,#4259,#4260,#4261,#4262,#4263,#4264,#4265,#4266,#4267));
#817=PLANE('',#818);
#818=AXIS2_PLACEMENT_3D('',#819,#820,#821);
#819=CARTESIAN_POINT('',(-20.,12.,0.));
#820=DIRECTION('',(0.,-1.,0.));
#821=DIRECTION('',(0.,0.,-1.));
#822=FACE_BOUND('',#823,.T.);
#823=EDGE_LOOP('',(#4268,#4269,#4270,#4271));
#824=CYLINDRICAL_SURFACE('',#825,0.1);
#825=AXIS2_PLACEMENT_3D('',#826,#827,#828);
#826=CARTESIAN_POINT('',(2.,12.1,-3.9));
#827=DIRECTION('',(1.,0.,0.));
#828=DIRECTION('',(0.,-0.70710678118654,-0.707106781186555));
#829=FACE_BOUND('',#830,.T.);
#830=EDGE_LOOP('',(#4272,#4273,#4274,#4275,#4276));
#831=PLANE('',#832);
#832=AXIS2_PLACEMENT_3D('',#833,#834,#835);
#833=CARTESIAN_POINT('',(3.2,0.,0.));
#834=DIRECTION('',(1.,0.,0.));
#835=DIRECTION('',(0.,0.,-1.));
#836=FACE_BOUND('',#837,.T.);
#837=EDGE_LOOP('',(#4277,#4278,#4279,#4280));
#838=CYLINDRICAL_SURFACE('',#839,0.1);
#839=AXIS2_PLACEMENT_3D('',#840,#841,#842);
#840=CARTESIAN_POINT('',(-2.00000000000001,-12.1,-3.9));
#841=DIRECTION('',(-1.,9.251859E-17,0.));
#842=DIRECTION('',(6.54205223748186E-17,0.707106781186555,-0.70710678118654));
#843=FACE_BOUND('',#844,.T.);
#844=EDGE_LOOP('',(#4281,#4282,#4283,#4284,#4285));
#845=PLANE('',#846);
#846=AXIS2_PLACEMENT_3D('',#847,#848,#849);
#847=CARTESIAN_POINT('',(3.2,0.,0.));
#848=DIRECTION('',(1.,0.,0.));
#849=DIRECTION('',(0.,0.,-1.));
#850=FACE_BOUND('',#851,.T.);
#851=EDGE_LOOP('',(#4286,#4287,#4288,#4289,#4290,#4291,#4292,#4293,#4294,#4295,#4296,
#4297,#4298,#4299,#4300,#4301));
#852=FACE_BOUND('',#853,.T.);
#853=EDGE_LOOP('',(#4302,#4303,#4304,#4305));
#854=FACE_BOUND('',#855,.T.);
#855=EDGE_LOOP('',(#4306,#4307,#4308,#4309));
#856=FACE_BOUND('',#857,.T.);
#857=EDGE_LOOP('',(#4310,#4311,#4312,#4313));
#858=FACE_BOUND('',#859,.T.);
#859=EDGE_LOOP('',(#4314));
#860=FACE_BOUND('',#861,.T.);
#861=EDGE_LOOP('',(#4315));
#862=FACE_BOUND('',#863,.T.);
#863=EDGE_LOOP('',(#4316));
#864=FACE_BOUND('',#865,.T.);
#865=EDGE_LOOP('',(#4317));
#866=PLANE('',#867);
#867=AXIS2_PLACEMENT_3D('',#868,#869,#870);
#868=CARTESIAN_POINT('',(-24.,-16.,-4.));
#869=DIRECTION('',(0.,0.,-1.));
#870=DIRECTION('',(-1.,0.,0.));
#871=FACE_BOUND('',#872,.T.);
#872=EDGE_LOOP('',(#4318,#4319,#4320,#4321));
#873=CYLINDRICAL_SURFACE('',#874,0.1);
#874=AXIS2_PLACEMENT_3D('',#875,#876,#877);
#875=CARTESIAN_POINT('',(-2.00000000000001,-12.1,-3.9));
#876=DIRECTION('',(-1.,9.251859E-17,0.));
#877=DIRECTION('',(6.54205223748186E-17,0.707106781186555,-0.70710678118654));
#878=FACE_BOUND('',#879,.T.);
#879=EDGE_LOOP('',(#4322,#4323,#4324,#4325,#4326));
#880=PLANE('',#881);
#881=AXIS2_PLACEMENT_3D('',#882,#883,#884);
#882=CARTESIAN_POINT('',(-3.2,0.,-4.));
#883=DIRECTION('',(-1.,0.,0.));
#884=DIRECTION('',(0.,0.,1.));
#885=FACE_BOUND('',#886,.T.);
#886=EDGE_LOOP('',(#4327,#4328,#4329,#4330,#4331,#4332,#4333,#4334,#4335,#4336,#4337,
#4338,#4339,#4340,#4341,#4342,#4343,#4344,#4345,#4346,#4347,#4348,#4349,#4350,#4351,
#4352,#4353,#4354,#4355,#4356,#4357,#4358,#4359,#4360,#4361,#4362));
#887=PLANE('',#888);
#888=AXIS2_PLACEMENT_3D('',#889,#890,#891);
#889=CARTESIAN_POINT('',(20.,-12.,0.));
#890=DIRECTION('',(0.,1.,0.));
#891=DIRECTION('',(0.,0.,1.));
#892=FACE_BOUND('',#893,.T.);
#893=EDGE_LOOP('',(#4363,#4364,#4365,#4366));
#894=CYLINDRICAL_SURFACE('',#895,0.1);
#895=AXIS2_PLACEMENT_3D('',#896,#897,#898);
#896=CARTESIAN_POINT('',(-2.00000000000001,-12.1,-3.9));
#897=DIRECTION('',(-1.,9.251859E-17,0.));
#898=DIRECTION('',(6.54205223748186E-17,0.707106781186555,-0.70710678118654));
#899=FACE_BOUND('',#900,.T.);
#900=EDGE_LOOP('',(#4367,#4368,#4369,#4370));
#901=TOROIDAL_SURFACE('',#902,3.9,0.1);
#902=AXIS2_PLACEMENT_3D('',#903,#904,#905);
#903=CARTESIAN_POINT('',(-24.,-16.,-3.9));
#904=DIRECTION('',(0.,0.,1.));
#905=DIRECTION('',(1.,0.,0.));
#906=FACE_BOUND('',#907,.T.);
#907=EDGE_LOOP('',(#4371,#4372,#4373,#4374));
#908=CYLINDRICAL_SURFACE('',#909,0.1);
#909=AXIS2_PLACEMENT_3D('',#910,#911,#912);
#910=CARTESIAN_POINT('',(-4.260481E-15,-19.9,-3.9));
#911=DIRECTION('',(1.,9.251859E-17,0.));
#912=DIRECTION('',(6.54205223748172E-17,-0.70710678118654,-0.707106781186555));
#913=FACE_BOUND('',#914,.T.);
#914=EDGE_LOOP('',(#4375,#4376,#4377,#4378));
#915=TOROIDAL_SURFACE('',#916,3.9,0.1);
#916=AXIS2_PLACEMENT_3D('',#917,#918,#919);
#917=CARTESIAN_POINT('',(24.,-16.,-3.9));
#918=DIRECTION('',(0.,0.,1.));
#919=DIRECTION('',(1.,0.,0.));
#920=FACE_BOUND('',#921,.T.);
#921=EDGE_LOOP('',(#4379,#4380,#4381,#4382));
#922=CYLINDRICAL_SURFACE('',#923,0.1);
#923=AXIS2_PLACEMENT_3D('',#924,#925,#926);
#924=CARTESIAN_POINT('',(-2.00000000000001,-12.1,-3.9));
#925=DIRECTION('',(-1.,9.251859E-17,0.));
#926=DIRECTION('',(6.54205223748186E-17,0.707106781186555,-0.70710678118654));
#927=FACE_BOUND('',#928,.T.);
#928=EDGE_LOOP('',(#4383,#4384,#4385,#4386,#4387));
#929=PLANE('',#930);
#930=AXIS2_PLACEMENT_3D('',#931,#932,#933);
#931=CARTESIAN_POINT('',(-19.2,0.,-4.));
#932=DIRECTION('',(-1.,0.,0.));
#933=DIRECTION('',(0.,0.,1.));
#934=FACE_BOUND('',#935,.T.);
#935=EDGE_LOOP('',(#4388,#4389,#4390,#4391));
#936=CYLINDRICAL_SURFACE('',#937,0.1);
#937=AXIS2_PLACEMENT_3D('',#938,#939,#940);
#938=CARTESIAN_POINT('',(2.,12.1,-3.9));
#939=DIRECTION('',(1.,0.,0.));
#940=DIRECTION('',(0.,-0.70710678118654,-0.707106781186555));
#941=FACE_BOUND('',#942,.T.);
#942=EDGE_LOOP('',(#4392,#4393,#4394,#4395));
#943=TOROIDAL_SURFACE('',#944,3.9,0.1);
#944=AXIS2_PLACEMENT_3D('',#945,#946,#947);
#945=CARTESIAN_POINT('',(24.,16.,-3.9));
#946=DIRECTION('',(0.,0.,1.));
#947=DIRECTION('',(1.,0.,0.));
#948=FACE_BOUND('',#949,.T.);
#949=EDGE_LOOP('',(#4396,#4397,#4398,#4399));
#950=CYLINDRICAL_SURFACE('',#951,0.1);
#951=AXIS2_PLACEMENT_3D('',#952,#953,#954);
#952=CARTESIAN_POINT('',(-2.220446E-15,19.9,-3.9));
#953=DIRECTION('',(-1.,0.,0.));
#954=DIRECTION('',(0.,0.70710678118654,-0.707106781186555));
#955=FACE_BOUND('',#956,.T.);
#956=EDGE_LOOP('',(#4400,#4401,#4402,#4403));
#957=TOROIDAL_SURFACE('',#958,3.9,0.1);
#958=AXIS2_PLACEMENT_3D('',#959,#960,#961);
#959=CARTESIAN_POINT('',(-24.,16.,-3.9));
#960=DIRECTION('',(0.,0.,1.));
#961=DIRECTION('',(1.,0.,0.));
#962=FACE_BOUND('',#963,.T.);
#963=EDGE_LOOP('',(#4404,#4405,#4406,#4407));
#964=CYLINDRICAL_SURFACE('',#965,0.1);
#965=AXIS2_PLACEMENT_3D('',#966,#967,#968);
#966=CARTESIAN_POINT('',(2.,12.1,-3.9));
#967=DIRECTION('',(1.,0.,0.));
#968=DIRECTION('',(0.,-0.70710678118654,-0.707106781186555));
#969=FACE_BOUND('',#970,.T.);
#970=EDGE_LOOP('',(#4408,#4409,#4410,#4411,#4412,#4413));
#971=CYLINDRICAL_SURFACE('',#972,4.);
#972=AXIS2_PLACEMENT_3D('',#973,#974,#975);
#973=CARTESIAN_POINT('',(24.,16.,0.));
#974=DIRECTION('',(0.,0.,1.));
#975=DIRECTION('',(-1.,0.,0.));
#976=FACE_BOUND('',#977,.T.);
#977=EDGE_LOOP('',(#4414,#4415,#4416,#4417,#4418,#4419));
#978=CYLINDRICAL_SURFACE('',#979,4.);
#979=AXIS2_PLACEMENT_3D('',#980,#981,#982);
#980=CARTESIAN_POINT('',(-24.,16.,0.));
#981=DIRECTION('',(0.,0.,1.));
#982=DIRECTION('',(-1.,0.,0.));
#983=FACE_BOUND('',#984,.T.);
#984=EDGE_LOOP('',(#4420,#4421,#4422,#4423,#4424));
#985=PLANE('',#986);
#986=AXIS2_PLACEMENT_3D('',#987,#988,#989);
#987=CARTESIAN_POINT('',(-19.2,0.,-4.));
#988=DIRECTION('',(-1.,0.,0.));
#989=DIRECTION('',(0.,0.,1.));
#990=FACE_BOUND('',#991,.T.);
#991=EDGE_LOOP('',(#4425,#4426,#4427,#4428));
#992=TOROIDAL_SURFACE('',#993,3.9,0.1);
#993=AXIS2_PLACEMENT_3D('',#994,#995,#996);
#994=CARTESIAN_POINT('',(24.,16.,3.9));
#995=DIRECTION('',(0.,0.,-1.));
#996=DIRECTION('',(-1.,0.,0.));
#997=FACE_BOUND('',#998,.T.);
#998=EDGE_LOOP('',(#4429,#4430,#4431,#4432));
#999=CYLINDRICAL_SURFACE('',#1000,0.1);
#1000=AXIS2_PLACEMENT_3D('',#1001,#1002,#1003);
#1001=CARTESIAN_POINT('',(2.,12.1,3.9));
#1002=DIRECTION('',(-1.,0.,0.));
#1003=DIRECTION('',(0.,-0.70710678118654,0.707106781186555));
#1004=FACE_BOUND('',#1005,.T.);
#1005=EDGE_LOOP('',(#4433,#4434,#4435,#4436));
#1006=TOROIDAL_SURFACE('',#1007,3.9,0.1);
#1007=AXIS2_PLACEMENT_3D('',#1008,#1009,#1010);
#1008=CARTESIAN_POINT('',(-24.,16.,3.9));
#1009=DIRECTION('',(0.,0.,-1.));
#1010=DIRECTION('',(-1.,0.,0.));
#1011=FACE_BOUND('',#1012,.T.);
#1012=EDGE_LOOP('',(#4437,#4438,#4439,#4440));
#1013=CYLINDRICAL_SURFACE('',#1014,0.1);
#1014=AXIS2_PLACEMENT_3D('',#1015,#1016,#1017);
#1015=CARTESIAN_POINT('',(-2.220446E-15,19.9,3.9));
#1016=DIRECTION('',(1.,0.,0.));
#1017=DIRECTION('',(0.,0.70710678118654,0.707106781186555));
#1018=FACE_BOUND('',#1019,.T.);
#1019=EDGE_LOOP('',(#4441,#4442,#4443,#4444,#4445,#4446));
#1020=CYLINDRICAL_SURFACE('',#1021,4.);
#1021=AXIS2_PLACEMENT_3D('',#1022,#1023,#1024);
#1022=CARTESIAN_POINT('',(24.,16.,0.));
#1023=DIRECTION('',(0.,0.,1.));
#1024=DIRECTION('',(-1.,0.,0.));
#1025=FACE_BOUND('',#1026,.T.);
#1026=EDGE_LOOP('',(#4447,#4448,#4449,#4450));
#1027=FACE_BOUND('',#1028,.T.);
#1028=EDGE_LOOP('',(#4451,#4452,#4453,#4454));
#1029=FACE_BOUND('',#1030,.T.);
#1030=EDGE_LOOP('',(#4455,#4456,#4457,#4458));
#1031=FACE_BOUND('',#1032,.T.);
#1032=EDGE_LOOP('',(#4459,#4460,#4461,#4462));
#1033=FACE_BOUND('',#1034,.T.);
#1034=EDGE_LOOP('',(#4463,#4464));
#1035=FACE_BOUND('',#1036,.T.);
#1036=EDGE_LOOP('',(#4465));
#1037=FACE_BOUND('',#1038,.T.);
#1038=EDGE_LOOP('',(#4466));
#1039=FACE_BOUND('',#1040,.T.);
#1040=EDGE_LOOP('',(#4467,#4468));
#1041=PLANE('',#1042);
#1042=AXIS2_PLACEMENT_3D('',#1043,#1044,#1045);
#1043=CARTESIAN_POINT('',(24.,16.,4.));
#1044=DIRECTION('',(0.,0.,-1.));
#1045=DIRECTION('',(-1.,0.,0.));
#1046=FACE_BOUND('',#1047,.T.);
#1047=EDGE_LOOP('',(#4469,#4470,#4471,#4472));
#1048=TOROIDAL_SURFACE('',#1049,3.9,0.1);
#1049=AXIS2_PLACEMENT_3D('',#1050,#1051,#1052);
#1050=CARTESIAN_POINT('',(24.,-16.,3.9));
#1051=DIRECTION('',(0.,0.,-1.));
#1052=DIRECTION('',(-1.,0.,0.));
#1053=FACE_BOUND('',#1054,.T.);
#1054=EDGE_LOOP('',(#4473,#4474,#4475,#4476));
#1055=CYLINDRICAL_SURFACE('',#1056,0.1);
#1056=AXIS2_PLACEMENT_3D('',#1057,#1058,#1059);
#1057=CARTESIAN_POINT('',(-4.260481E-15,-19.9,3.9));
#1058=DIRECTION('',(-1.,-9.251859E-17,0.));
#1059=DIRECTION('',(6.54205223748172E-17,-0.70710678118654,0.707106781186555));
#1060=FACE_BOUND('',#1061,.T.);
#1061=EDGE_LOOP('',(#4477,#4478,#4479,#4480));
#1062=TOROIDAL_SURFACE('',#1063,3.9,0.1);
#1063=AXIS2_PLACEMENT_3D('',#1064,#1065,#1066);
#1064=CARTESIAN_POINT('',(-24.,-16.,3.9));
#1065=DIRECTION('',(0.,0.,-1.));
#1066=DIRECTION('',(-1.,0.,0.));
#1067=FACE_BOUND('',#1068,.T.);
#1068=EDGE_LOOP('',(#4481,#4482,#4483,#4484));
#1069=CYLINDRICAL_SURFACE('',#1070,0.1);
#1070=AXIS2_PLACEMENT_3D('',#1071,#1072,#1073);
#1071=CARTESIAN_POINT('',(-2.00000000000001,-12.1,3.9));
#1072=DIRECTION('',(1.,-9.251859E-17,0.));
#1073=DIRECTION('',(6.54205223748186E-17,0.707106781186555,0.70710678118654));
#1074=FACE_BOUND('',#1075,.T.);
#1075=EDGE_LOOP('',(#4485,#4486,#4487,#4488,#4489,#4490));
#1076=CYLINDRICAL_SURFACE('',#1077,4.);
#1077=AXIS2_PLACEMENT_3D('',#1078,#1079,#1080);
#1078=CARTESIAN_POINT('',(24.,-16.,0.));
#1079=DIRECTION('',(0.,0.,1.));
#1080=DIRECTION('',(-1.,0.,0.));
#1081=FACE_BOUND('',#1082,.T.);
#1082=EDGE_LOOP('',(#4491,#4492,#4493,#4494));
#1083=FACE_BOUND('',#1084,.T.);
#1084=EDGE_LOOP('',(#4495,#4496,#4497,#4498));
#1085=FACE_BOUND('',#1086,.T.);
#1086=EDGE_LOOP('',(#4499,#4500,#4501,#4502));
#1087=FACE_BOUND('',#1088,.T.);
#1088=EDGE_LOOP('',(#4503,#4504,#4505,#4506));
#1089=FACE_BOUND('',#1090,.T.);
#1090=EDGE_LOOP('',(#4507,#4508));
#1091=FACE_BOUND('',#1092,.T.);
#1092=EDGE_LOOP('',(#4509));
#1093=FACE_BOUND('',#1094,.T.);
#1094=EDGE_LOOP('',(#4510));
#1095=FACE_BOUND('',#1096,.T.);
#1096=EDGE_LOOP('',(#4511,#4512));
#1097=PLANE('',#1098);
#1098=AXIS2_PLACEMENT_3D('',#1099,#1100,#1101);
#1099=CARTESIAN_POINT('',(-24.,-16.,4.));
#1100=DIRECTION('',(0.,0.,-1.));
#1101=DIRECTION('',(-1.,0.,0.));
#1102=FACE_BOUND('',#1103,.T.);
#1103=EDGE_LOOP('',(#4513));
#1104=FACE_BOUND('',#1105,.T.);
#1105=EDGE_LOOP('',(#4514,#4515));
#1106=PLANE('',#1107);
#1107=AXIS2_PLACEMENT_3D('',#1108,#1109,#1110);
#1108=CARTESIAN_POINT('',(40.,19.2,0.));
#1109=DIRECTION('',(0.,1.,0.));
#1110=DIRECTION('',(-1.,0.,0.));
#1111=FACE_OUTER_BOUND('',#1112,.T.);
#1112=EDGE_LOOP('',(#4516));
#1113=FACE_OUTER_BOUND('',#1114,.T.);
#1114=EDGE_LOOP('',(#4517));
#1115=CYLINDRICAL_SURFACE('',#1116,3.2);
#1116=AXIS2_PLACEMENT_3D('',#1117,#1118,#1119);
#1117=CARTESIAN_POINT('',(40.,19.6,-2.220446E-15));
#1118=DIRECTION('',(-9.251859E-17,1.,0.));
#1119=DIRECTION('',(-1.,-9.251859E-17,0.));
#1120=FACE_BOUND('',#1121,.T.);
#1121=EDGE_LOOP('',(#4518));
#1122=FACE_BOUND('',#1123,.T.);
#1123=EDGE_LOOP('',(#4519,#4520));
#1124=PLANE('',#1125);
#1125=AXIS2_PLACEMENT_3D('',#1126,#1127,#1128);
#1126=CARTESIAN_POINT('',(32.,19.2,0.));
#1127=DIRECTION('',(0.,1.,0.));
#1128=DIRECTION('',(-1.,0.,0.));
#1129=FACE_OUTER_BOUND('',#1130,.T.);
#1130=EDGE_LOOP('',(#4521));
#1131=FACE_OUTER_BOUND('',#1132,.T.);
#1132=EDGE_LOOP('',(#4522));
#1133=CYLINDRICAL_SURFACE('',#1134,3.2);
#1134=AXIS2_PLACEMENT_3D('',#1135,#1136,#1137);
#1135=CARTESIAN_POINT('',(32.,19.6,-2.220446E-15));
#1136=DIRECTION('',(-9.251859E-17,1.,0.));
#1137=DIRECTION('',(-1.,-9.251859E-17,0.));
#1138=FACE_BOUND('',#1139,.T.);
#1139=EDGE_LOOP('',(#4523,#4524,#4525,#4526));
#1140=PLANE('',#1141);
#1141=AXIS2_PLACEMENT_3D('',#1142,#1143,#1144);
#1142=CARTESIAN_POINT('',(30.,13.1,0.));
#1143=DIRECTION('',(0.,-1.,0.));
#1144=DIRECTION('',(0.,0.,1.));
#1145=FACE_BOUND('',#1146,.T.);
#1146=EDGE_LOOP('',(#4527,#4528,#4529,#4530));
#1147=PLANE('',#1148);
#1148=AXIS2_PLACEMENT_3D('',#1149,#1150,#1151);
#1149=CARTESIAN_POINT('',(30.,18.9,0.));
#1150=DIRECTION('',(0.,1.,0.));
#1151=DIRECTION('',(0.,0.,-1.));
#1152=FACE_BOUND('',#1153,.T.);
#1153=EDGE_LOOP('',(#4531,#4532,#4533,#4534));
#1154=PLANE('',#1155);
#1155=AXIS2_PLACEMENT_3D('',#1156,#1157,#1158);
#1156=CARTESIAN_POINT('',(28.2851648757987,20.,0.8));
#1157=DIRECTION('',(0.,0.,-1.));
#1158=DIRECTION('',(1.,0.,0.));
#1159=FACE_BOUND('',#1160,.T.);
#1160=EDGE_LOOP('',(#4535,#4536,#4537,#4538));
#1161=CYLINDRICAL_SURFACE('',#1162,3.8);
#1162=AXIS2_PLACEMENT_3D('',#1163,#1164,#1165);
#1163=CARTESIAN_POINT('',(32.,20.,-2.220446E-15));
#1164=DIRECTION('',(0.,-1.,0.));
#1165=DIRECTION('',(-0.977588190579301,0.,0.210526315789474));
#1166=FACE_BOUND('',#1167,.T.);
#1167=EDGE_LOOP('',(#4539,#4540,#4541,#4542,#4543));
#1168=PLANE('',#1169);
#1169=AXIS2_PLACEMENT_3D('',#1170,#1171,#1172);
#1170=CARTESIAN_POINT('',(28.,20.,0.799999999999999));
#1171=DIRECTION('',(-1.,0.,0.));
#1172=DIRECTION('',(0.,0.,-1.));
#1173=FACE_BOUND('',#1174,.T.);
#1174=EDGE_LOOP('',(#4544,#4545,#4546,#4547,#4548));
#1175=PLANE('',#1176);
#1176=AXIS2_PLACEMENT_3D('',#1177,#1178,#1179);
#1177=CARTESIAN_POINT('',(28.,20.,-3.8));
#1178=DIRECTION('',(-1.,0.,0.));
#1179=DIRECTION('',(0.,0.,-1.));
#1180=FACE_BOUND('',#1181,.T.);
#1181=EDGE_LOOP('',(#4549,#4550,#4551,#4552));
#1182=PLANE('',#1183);
#1183=AXIS2_PLACEMENT_3D('',#1184,#1185,#1186);
#1184=CARTESIAN_POINT('',(28.,20.,-0.800000000000001));
#1185=DIRECTION('',(0.,0.,1.));
#1186=DIRECTION('',(-1.,0.,0.));
#1187=FACE_BOUND('',#1188,.T.);
#1188=EDGE_LOOP('',(#4553,#4554,#4555,#4556));
#1189=CYLINDRICAL_SURFACE('',#1190,3.8);
#1190=AXIS2_PLACEMENT_3D('',#1191,#1192,#1193);
#1191=CARTESIAN_POINT('',(32.,20.,-2.220446E-15));
#1192=DIRECTION('',(0.,-1.,0.));
#1193=DIRECTION('',(0.,0.,-1.));
#1194=FACE_BOUND('',#1195,.T.);
#1195=EDGE_LOOP('',(#4557,#4558,#4559,#4560));
#1196=PLANE('',#1197);
#1197=AXIS2_PLACEMENT_3D('',#1198,#1199,#1200);
#1198=CARTESIAN_POINT('',(30.,18.9,0.));
#1199=DIRECTION('',(0.,1.,0.));
#1200=DIRECTION('',(0.,0.,-1.));
#1201=FACE_BOUND('',#1202,.T.);
#1202=EDGE_LOOP('',(#4561,#4562,#4563,#4564));
#1203=PLANE('',#1204);
#1204=AXIS2_PLACEMENT_3D('',#1205,#1206,#1207);
#1205=CARTESIAN_POINT('',(30.,13.1,0.));
#1206=DIRECTION('',(0.,-1.,0.));
#1207=DIRECTION('',(0.,0.,1.));
#1208=FACE_BOUND('',#1209,.T.);
#1209=EDGE_LOOP('',(#4565,#4566,#4567,#4568));
#1210=CYLINDRICAL_SURFACE('',#1211,3.8);
#1211=AXIS2_PLACEMENT_3D('',#1212,#1213,#1214);
#1212=CARTESIAN_POINT('',(28.,8.,0.));
#1213=DIRECTION('',(-1.,0.,0.));
#1214=DIRECTION('',(0.,0.,-1.));
#1215=FACE_BOUND('',#1216,.T.);
#1216=EDGE_LOOP('',(#4569,#4570,#4571,#4572));
#1217=PLANE('',#1218);
#1218=AXIS2_PLACEMENT_3D('',#1219,#1220,#1221);
#1219=CARTESIAN_POINT('',(28.,11.7148351242013,0.800000000000001));
#1220=DIRECTION('',(0.,0.,-1.));
#1221=DIRECTION('',(1.,0.,0.));
#1222=FACE_BOUND('',#1223,.T.);
#1223=EDGE_LOOP('',(#4573,#4574,#4575,#4576));
#1224=PLANE('',#1225);
#1225=AXIS2_PLACEMENT_3D('',#1226,#1227,#1228);
#1226=CARTESIAN_POINT('',(26.9,10.,2.3));
#1227=DIRECTION('',(1.,0.,0.));
#1228=DIRECTION('',(0.,0.,1.));
#1229=FACE_BOUND('',#1230,.T.);
#1230=EDGE_LOOP('',(#4577,#4578,#4579,#4580));
#1231=PLANE('',#1232);
#1232=AXIS2_PLACEMENT_3D('',#1233,#1234,#1235);
#1233=CARTESIAN_POINT('',(21.1,10.,2.3));
#1234=DIRECTION('',(-1.,0.,0.));
#1235=DIRECTION('',(0.,0.,-1.));
#1236=FACE_BOUND('',#1237,.T.);
#1237=EDGE_LOOP('',(#4581,#4582,#4583,#4584));
#1238=PLANE('',#1239);
#1239=AXIS2_PLACEMENT_3D('',#1240,#1241,#1242);
#1240=CARTESIAN_POINT('',(40.,12.,3.8));
#1241=DIRECTION('',(-1.,0.,0.));
#1242=DIRECTION('',(0.,0.,-1.));
#1243=FACE_BOUND('',#1244,.T.);
#1244=EDGE_LOOP('',(#4585,#4586,#4587,#4588));
#1245=PLANE('',#1246);
#1246=AXIS2_PLACEMENT_3D('',#1247,#1248,#1249);
#1247=CARTESIAN_POINT('',(40.,12.,3.2));
#1248=DIRECTION('',(0.,0.,1.));
#1249=DIRECTION('',(-1.,0.,0.));
#1250=FACE_BOUND('',#1251,.T.);
#1251=EDGE_LOOP('',(#4589,#4590,#4591,#4592));
#1252=CYLINDRICAL_SURFACE('',#1253,3.2);
#1253=AXIS2_PLACEMENT_3D('',#1254,#1255,#1256);
#1254=CARTESIAN_POINT('',(32.,12.,-2.220446E-15));
#1255=DIRECTION('',(0.,1.,0.));
#1256=DIRECTION('',(0.,0.,-1.));
#1257=FACE_BOUND('',#1258,.T.);
#1258=EDGE_LOOP('',(#4593,#4594,#4595,#4596));
#1259=PLANE('',#1260);
#1260=AXIS2_PLACEMENT_3D('',#1261,#1262,#1263);
#1261=CARTESIAN_POINT('',(32.,12.,-3.2));
#1262=DIRECTION('',(0.,0.,-1.));
#1263=DIRECTION('',(1.,0.,0.));
#1264=FACE_BOUND('',#1265,.T.);
#1265=EDGE_LOOP('',(#4597,#4598,#4599,#4600));
#1266=PLANE('',#1267);
#1267=AXIS2_PLACEMENT_3D('',#1268,#1269,#1270);
#1268=CARTESIAN_POINT('',(40.,12.,-3.2));
#1269=DIRECTION('',(-1.,0.,0.));
#1270=DIRECTION('',(0.,0.,-1.));
#1271=FACE_BOUND('',#1272,.T.);
#1272=EDGE_LOOP('',(#4601,#4602,#4603,#4604,#4605,#4606));
#1273=FACE_BOUND('',#1274,.T.);
#1274=EDGE_LOOP('',(#4607,#4608));
#1275=FACE_BOUND('',#1276,.T.);
#1276=EDGE_LOOP('',(#4609,#4610));
#1277=PLANE('',#1278);
#1278=AXIS2_PLACEMENT_3D('',#1279,#1280,#1281);
#1279=CARTESIAN_POINT('',(36.5081064627972,12.8,0.));
#1280=DIRECTION('',(0.,-1.,0.));
#1281=DIRECTION('',(0.,0.,1.));
#1282=FACE_BOUND('',#1283,.T.);
#1283=EDGE_LOOP('',(#4611,#4612,#4613,#4614,#4615,#4616,#4617,#4618,#4619,#4620));
#1284=PLANE('',#1285);
#1285=AXIS2_PLACEMENT_3D('',#1286,#1287,#1288);
#1286=CARTESIAN_POINT('',(33.1785985044293,12.,0.));
#1287=DIRECTION('',(0.,-1.,0.));
#1288=DIRECTION('',(0.,0.,1.));
#1289=FACE_BOUND('',#1290,.T.);
#1290=EDGE_LOOP('',(#4621,#4622,#4623,#4624));
#1291=PLANE('',#1292);
#1292=AXIS2_PLACEMENT_3D('',#1293,#1294,#1295);
#1293=CARTESIAN_POINT('',(36.,14.4,0.));
#1294=DIRECTION('',(0.,-1.,0.));
#1295=DIRECTION('',(0.,0.,1.));
#1296=FACE_BOUND('',#1297,.T.);
#1297=EDGE_LOOP('',(#4625,#4626,#4627,#4628));
#1298=CYLINDRICAL_SURFACE('',#1299,3.6);
#1299=AXIS2_PLACEMENT_3D('',#1300,#1301,#1302);
#1300=CARTESIAN_POINT('',(40.,20.,-2.220446E-15));
#1301=DIRECTION('',(0.,-1.,0.));
#1302=DIRECTION('',(-0.661437827766148,0.,-0.75));
#1303=FACE_BOUND('',#1304,.T.);
#1304=EDGE_LOOP('',(#4629,#4630,#4631,#4632));
#1305=PLANE('',#1306);
#1306=AXIS2_PLACEMENT_3D('',#1307,#1308,#1309);
#1307=CARTESIAN_POINT('',(28.,20.,2.7));
#1308=DIRECTION('',(0.,0.,1.));
#1309=DIRECTION('',(-1.,0.,0.));
#1310=FACE_BOUND('',#1311,.T.);
#1311=EDGE_LOOP('',(#4633,#4634,#4635,#4636));
#1312=CYLINDRICAL_SURFACE('',#1313,3.6);
#1313=AXIS2_PLACEMENT_3D('',#1314,#1315,#1316);
#1314=CARTESIAN_POINT('',(32.,20.,-2.220446E-15));
#1315=DIRECTION('',(0.,-1.,0.));
#1316=DIRECTION('',(-0.661437827766146,0.,0.750000000000001));
#1317=FACE_BOUND('',#1318,.T.);
#1318=EDGE_LOOP('',(#4637,#4638));
#1319=FACE_BOUND('',#1320,.T.);
#1320=EDGE_LOOP('',(#4639,#4640));
#1321=CYLINDRICAL_SURFACE('',#1322,2.4);
#1322=AXIS2_PLACEMENT_3D('',#1323,#1324,#1325);
#1323=CARTESIAN_POINT('',(32.,20.,-2.220446E-15));
#1324=DIRECTION('',(0.,-1.,0.));
#1325=DIRECTION('',(1.,0.,0.));
#1326=FACE_BOUND('',#1327,.T.);
#1327=EDGE_LOOP('',(#4641,#4642));
#1328=FACE_BOUND('',#1329,.T.);
#1329=EDGE_LOOP('',(#4643,#4644));
#1330=CYLINDRICAL_SURFACE('',#1331,2.4);
#1331=AXIS2_PLACEMENT_3D('',#1332,#1333,#1334);
#1332=CARTESIAN_POINT('',(40.,20.,-2.220446E-15));
#1333=DIRECTION('',(0.,-1.,0.));
#1334=DIRECTION('',(1.,0.,0.));
#1335=FACE_BOUND('',#1336,.T.);
#1336=EDGE_LOOP('',(#4645,#4646,#4647,#4648));
#1337=PLANE('',#1338);
#1338=AXIS2_PLACEMENT_3D('',#1339,#1340,#1341);
#1339=CARTESIAN_POINT('',(40.,20.,-2.7));
#1340=DIRECTION('',(0.,0.,-1.));
#1341=DIRECTION('',(1.,0.,0.));
#1342=FACE_BOUND('',#1343,.T.);
#1343=EDGE_LOOP('',(#4649,#4650,#4651,#4652));
#1344=FACE_BOUND('',#1345,.T.);
#1345=EDGE_LOOP('',(#4653,#4654,#4655,#4656));
#1346=FACE_BOUND('',#1347,.T.);
#1347=EDGE_LOOP('',(#4657,#4658,#4659,#4660));
#1348=FACE_BOUND('',#1349,.T.);
#1349=EDGE_LOOP('',(#4661));
#1350=FACE_BOUND('',#1351,.T.);
#1351=EDGE_LOOP('',(#4662));
#1352=FACE_BOUND('',#1353,.T.);
#1353=EDGE_LOOP('',(#4663));
#1354=PLANE('',#1355);
#1355=AXIS2_PLACEMENT_3D('',#1356,#1357,#1358);
#1356=CARTESIAN_POINT('',(28.,16.,0.));
#1357=DIRECTION('',(1.,0.,0.));
#1358=DIRECTION('',(0.,0.,-1.));
#1359=FACE_OUTER_BOUND('',#1360,.T.);
#1360=EDGE_LOOP('',(#4664));
#1361=FACE_OUTER_BOUND('',#1362,.T.);
#1362=EDGE_LOOP('',(#4665));
#1363=CYLINDRICAL_SURFACE('',#1364,3.2);
#1364=AXIS2_PLACEMENT_3D('',#1365,#1366,#1367);
#1365=CARTESIAN_POINT('',(24.,16.,-3.6));
#1366=DIRECTION('',(0.,0.,-1.));
#1367=DIRECTION('',(-1.,0.,0.));
#1368=FACE_BOUND('',#1369,.T.);
#1369=EDGE_LOOP('',(#4666));
#1370=FACE_BOUND('',#1371,.T.);
#1371=EDGE_LOOP('',(#4667,#4668));
#1372=PLANE('',#1373);
#1373=AXIS2_PLACEMENT_3D('',#1374,#1375,#1376);
#1374=CARTESIAN_POINT('',(24.,16.,-3.2));
#1375=DIRECTION('',(0.,0.,-1.));
#1376=DIRECTION('',(-1.,0.,0.));
#1377=FACE_BOUND('',#1378,.T.);
#1378=EDGE_LOOP('',(#4669));
#1379=FACE_BOUND('',#1380,.T.);
#1380=EDGE_LOOP('',(#4670,#4671));
#1381=PLANE('',#1382);
#1382=AXIS2_PLACEMENT_3D('',#1383,#1384,#1385);
#1383=CARTESIAN_POINT('',(40.,-19.2,0.));
#1384=DIRECTION('',(0.,1.,0.));
#1385=DIRECTION('',(-1.,0.,0.));
#1386=FACE_OUTER_BOUND('',#1387,.T.);
#1387=EDGE_LOOP('',(#4672));
#1388=FACE_OUTER_BOUND('',#1389,.T.);
#1389=EDGE_LOOP('',(#4673));
#1390=CYLINDRICAL_SURFACE('',#1391,3.2);
#1391=AXIS2_PLACEMENT_3D('',#1392,#1393,#1394);
#1392=CARTESIAN_POINT('',(40.,-19.6,-2.220446E-15));
#1393=DIRECTION('',(9.251859E-17,1.,0.));
#1394=DIRECTION('',(-1.,9.251859E-17,0.));
#1395=FACE_BOUND('',#1396,.T.);
#1396=EDGE_LOOP('',(#4674));
#1397=FACE_BOUND('',#1398,.T.);
#1398=EDGE_LOOP('',(#4675,#4676));
#1399=PLANE('',#1400);
#1400=AXIS2_PLACEMENT_3D('',#1401,#1402,#1403);
#1401=CARTESIAN_POINT('',(32.,-19.2,0.));
#1402=DIRECTION('',(0.,1.,0.));
#1403=DIRECTION('',(-1.,0.,0.));
#1404=FACE_OUTER_BOUND('',#1405,.T.);
#1405=EDGE_LOOP('',(#4677));
#1406=FACE_OUTER_BOUND('',#1407,.T.);
#1407=EDGE_LOOP('',(#4678));
#1408=CYLINDRICAL_SURFACE('',#1409,3.2);
#1409=AXIS2_PLACEMENT_3D('',#1410,#1411,#1412);
#1410=CARTESIAN_POINT('',(32.,-19.6,-2.220446E-15));
#1411=DIRECTION('',(9.251859E-17,1.,0.));
#1412=DIRECTION('',(-1.,9.251859E-17,0.));
#1413=FACE_BOUND('',#1414,.T.);
#1414=EDGE_LOOP('',(#4679,#4680,#4681,#4682));
#1415=PLANE('',#1416);
#1416=AXIS2_PLACEMENT_3D('',#1417,#1418,#1419);
#1417=CARTESIAN_POINT('',(30.,-13.1,0.));
#1418=DIRECTION('',(0.,-1.,0.));
#1419=DIRECTION('',(0.,0.,1.));
#1420=FACE_BOUND('',#1421,.T.);
#1421=EDGE_LOOP('',(#4683,#4684,#4685,#4686));
#1422=PLANE('',#1423);
#1423=AXIS2_PLACEMENT_3D('',#1424,#1425,#1426);
#1424=CARTESIAN_POINT('',(30.,-18.9,0.));
#1425=DIRECTION('',(0.,1.,0.));
#1426=DIRECTION('',(0.,0.,-1.));
#1427=FACE_BOUND('',#1428,.T.);
#1428=EDGE_LOOP('',(#4687,#4688,#4689,#4690));
#1429=PLANE('',#1430);
#1430=AXIS2_PLACEMENT_3D('',#1431,#1432,#1433);
#1431=CARTESIAN_POINT('',(28.2851648757987,-20.,0.8));
#1432=DIRECTION('',(0.,0.,1.));
#1433=DIRECTION('',(1.,0.,0.));
#1434=FACE_BOUND('',#1435,.T.);
#1435=EDGE_LOOP('',(#4691,#4692,#4693,#4694));
#1436=CYLINDRICAL_SURFACE('',#1437,3.8);
#1437=AXIS2_PLACEMENT_3D('',#1438,#1439,#1440);
#1438=CARTESIAN_POINT('',(32.,-20.,-2.220446E-15));
#1439=DIRECTION('',(0.,-1.,0.));
#1440=DIRECTION('',(-0.977588190579301,0.,0.210526315789474));
#1441=FACE_BOUND('',#1442,.T.);
#1442=EDGE_LOOP('',(#4695,#4696,#4697,#4698,#4699));
#1443=PLANE('',#1444);
#1444=AXIS2_PLACEMENT_3D('',#1445,#1446,#1447);
#1445=CARTESIAN_POINT('',(28.,-20.,0.799999999999999));
#1446=DIRECTION('',(1.,0.,0.));
#1447=DIRECTION('',(0.,0.,-1.));
#1448=FACE_BOUND('',#1449,.T.);
#1449=EDGE_LOOP('',(#4700,#4701,#4702,#4703,#4704));
#1450=PLANE('',#1451);
#1451=AXIS2_PLACEMENT_3D('',#1452,#1453,#1454);
#1452=CARTESIAN_POINT('',(28.,-20.,-3.8));
#1453=DIRECTION('',(1.,0.,0.));
#1454=DIRECTION('',(0.,0.,-1.));
#1455=FACE_BOUND('',#1456,.T.);
#1456=EDGE_LOOP('',(#4705,#4706,#4707,#4708));
#1457=PLANE('',#1458);
#1458=AXIS2_PLACEMENT_3D('',#1459,#1460,#1461);
#1459=CARTESIAN_POINT('',(28.,-20.,-0.800000000000001));
#1460=DIRECTION('',(0.,0.,-1.));
#1461=DIRECTION('',(-1.,0.,0.));
#1462=FACE_BOUND('',#1463,.T.);
#1463=EDGE_LOOP('',(#4709,#4710,#4711,#4712));
#1464=CYLINDRICAL_SURFACE('',#1465,3.8);
#1465=AXIS2_PLACEMENT_3D('',#1466,#1467,#1468);
#1466=CARTESIAN_POINT('',(32.,-20.,-2.220446E-15));
#1467=DIRECTION('',(0.,-1.,0.));
#1468=DIRECTION('',(0.,0.,-1.));
#1469=FACE_BOUND('',#1470,.T.);
#1470=EDGE_LOOP('',(#4713,#4714,#4715,#4716));
#1471=PLANE('',#1472);
#1472=AXIS2_PLACEMENT_3D('',#1473,#1474,#1475);
#1473=CARTESIAN_POINT('',(30.,-18.9,0.));
#1474=DIRECTION('',(0.,1.,0.));
#1475=DIRECTION('',(0.,0.,-1.));
#1476=FACE_BOUND('',#1477,.T.);
#1477=EDGE_LOOP('',(#4717,#4718,#4719,#4720));
#1478=PLANE('',#1479);
#1479=AXIS2_PLACEMENT_3D('',#1480,#1481,#1482);
#1480=CARTESIAN_POINT('',(30.,-13.1,0.));
#1481=DIRECTION('',(0.,-1.,0.));
#1482=DIRECTION('',(0.,0.,1.));
#1483=FACE_BOUND('',#1484,.T.);
#1484=EDGE_LOOP('',(#4721,#4722,#4723,#4724));
#1485=CYLINDRICAL_SURFACE('',#1486,3.8);
#1486=AXIS2_PLACEMENT_3D('',#1487,#1488,#1489);
#1487=CARTESIAN_POINT('',(28.,-8.,0.));
#1488=DIRECTION('',(1.,0.,0.));
#1489=DIRECTION('',(0.,0.,-1.));
#1490=FACE_BOUND('',#1491,.T.);
#1491=EDGE_LOOP('',(#4725,#4726,#4727,#4728));
#1492=PLANE('',#1493);
#1493=AXIS2_PLACEMENT_3D('',#1494,#1495,#1496);
#1494=CARTESIAN_POINT('',(28.,-11.7148351242013,0.800000000000001));
#1495=DIRECTION('',(0.,0.,1.));
#1496=DIRECTION('',(1.,0.,0.));
#1497=FACE_BOUND('',#1498,.T.);
#1498=EDGE_LOOP('',(#4729,#4730,#4731,#4732));
#1499=PLANE('',#1500);
#1500=AXIS2_PLACEMENT_3D('',#1501,#1502,#1503);
#1501=CARTESIAN_POINT('',(26.9,-10.,2.3));
#1502=DIRECTION('',(-1.,0.,0.));
#1503=DIRECTION('',(0.,0.,1.));
#1504=FACE_BOUND('',#1505,.T.);
#1505=EDGE_LOOP('',(#4733,#4734,#4735,#4736));
#1506=PLANE('',#1507);
#1507=AXIS2_PLACEMENT_3D('',#1508,#1509,#1510);
#1508=CARTESIAN_POINT('',(21.1,-10.,2.3));
#1509=DIRECTION('',(1.,0.,0.));
#1510=DIRECTION('',(0.,0.,-1.));
#1511=FACE_BOUND('',#1512,.T.);
#1512=EDGE_LOOP('',(#4737,#4738,#4739,#4740));
#1513=PLANE('',#1514);
#1514=AXIS2_PLACEMENT_3D('',#1515,#1516,#1517);
#1515=CARTESIAN_POINT('',(40.,-12.,3.8));
#1516=DIRECTION('',(1.,0.,0.));
#1517=DIRECTION('',(0.,0.,-1.));
#1518=FACE_BOUND('',#1519,.T.);
#1519=EDGE_LOOP('',(#4741,#4742,#4743,#4744));
#1520=PLANE('',#1521);
#1521=AXIS2_PLACEMENT_3D('',#1522,#1523,#1524);
#1522=CARTESIAN_POINT('',(40.,-12.,3.2));
#1523=DIRECTION('',(0.,0.,-1.));
#1524=DIRECTION('',(-1.,0.,0.));
#1525=FACE_BOUND('',#1526,.T.);
#1526=EDGE_LOOP('',(#4745,#4746,#4747,#4748));
#1527=CYLINDRICAL_SURFACE('',#1528,3.2);
#1528=AXIS2_PLACEMENT_3D('',#1529,#1530,#1531);
#1529=CARTESIAN_POINT('',(32.,-12.,-2.220446E-15));
#1530=DIRECTION('',(0.,1.,0.));
#1531=DIRECTION('',(0.,0.,-1.));
#1532=FACE_BOUND('',#1533,.T.);
#1533=EDGE_LOOP('',(#4749,#4750,#4751,#4752));
#1534=PLANE('',#1535);
#1535=AXIS2_PLACEMENT_3D('',#1536,#1537,#1538);
#1536=CARTESIAN_POINT('',(32.,-12.,-3.2));
#1537=DIRECTION('',(0.,0.,1.));
#1538=DIRECTION('',(1.,0.,0.));
#1539=FACE_BOUND('',#1540,.T.);
#1540=EDGE_LOOP('',(#4753,#4754,#4755,#4756));
#1541=PLANE('',#1542);
#1542=AXIS2_PLACEMENT_3D('',#1543,#1544,#1545);
#1543=CARTESIAN_POINT('',(40.,-12.,-3.2));
#1544=DIRECTION('',(1.,0.,0.));
#1545=DIRECTION('',(0.,0.,-1.));
#1546=FACE_BOUND('',#1547,.T.);
#1547=EDGE_LOOP('',(#4757,#4758,#4759,#4760,#4761,#4762));
#1548=FACE_BOUND('',#1549,.T.);
#1549=EDGE_LOOP('',(#4763,#4764));
#1550=FACE_BOUND('',#1551,.T.);
#1551=EDGE_LOOP('',(#4765,#4766));
#1552=PLANE('',#1553);
#1553=AXIS2_PLACEMENT_3D('',#1554,#1555,#1556);
#1554=CARTESIAN_POINT('',(36.5081064627972,-12.8,0.));
#1555=DIRECTION('',(0.,-1.,0.));
#1556=DIRECTION('',(0.,0.,1.));
#1557=FACE_BOUND('',#1558,.T.);
#1558=EDGE_LOOP('',(#4767,#4768,#4769,#4770,#4771,#4772,#4773,#4774,#4775,#4776));
#1559=PLANE('',#1560);
#1560=AXIS2_PLACEMENT_3D('',#1561,#1562,#1563);
#1561=CARTESIAN_POINT('',(33.1785985044293,-12.,0.));
#1562=DIRECTION('',(0.,-1.,0.));
#1563=DIRECTION('',(0.,0.,1.));
#1564=FACE_BOUND('',#1565,.T.);
#1565=EDGE_LOOP('',(#4777,#4778,#4779,#4780));
#1566=PLANE('',#1567);
#1567=AXIS2_PLACEMENT_3D('',#1568,#1569,#1570);
#1568=CARTESIAN_POINT('',(36.,-14.4,0.));
#1569=DIRECTION('',(0.,-1.,0.));
#1570=DIRECTION('',(0.,0.,1.));
#1571=FACE_BOUND('',#1572,.T.);
#1572=EDGE_LOOP('',(#4781,#4782,#4783,#4784));
#1573=CYLINDRICAL_SURFACE('',#1574,3.6);
#1574=AXIS2_PLACEMENT_3D('',#1575,#1576,#1577);
#1575=CARTESIAN_POINT('',(40.,-20.,-2.220446E-15));
#1576=DIRECTION('',(0.,-1.,0.));
#1577=DIRECTION('',(-0.661437827766148,0.,-0.75));
#1578=FACE_BOUND('',#1579,.T.);
#1579=EDGE_LOOP('',(#4785,#4786,#4787,#4788));
#1580=PLANE('',#1581);
#1581=AXIS2_PLACEMENT_3D('',#1582,#1583,#1584);
#1582=CARTESIAN_POINT('',(28.,-20.,2.7));
#1583=DIRECTION('',(0.,0.,-1.));
#1584=DIRECTION('',(-1.,0.,0.));
#1585=FACE_BOUND('',#1586,.T.);
#1586=EDGE_LOOP('',(#4789,#4790,#4791,#4792));
#1587=CYLINDRICAL_SURFACE('',#1588,3.6);
#1588=AXIS2_PLACEMENT_3D('',#1589,#1590,#1591);
#1589=CARTESIAN_POINT('',(32.,-20.,-2.220446E-15));
#1590=DIRECTION('',(0.,-1.,0.));
#1591=DIRECTION('',(-0.661437827766146,0.,0.750000000000001));
#1592=FACE_BOUND('',#1593,.T.);
#1593=EDGE_LOOP('',(#4793,#4794));
#1594=FACE_BOUND('',#1595,.T.);
#1595=EDGE_LOOP('',(#4795,#4796));
#1596=CYLINDRICAL_SURFACE('',#1597,2.4);
#1597=AXIS2_PLACEMENT_3D('',#1598,#1599,#1600);
#1598=CARTESIAN_POINT('',(32.,-20.,-2.220446E-15));
#1599=DIRECTION('',(0.,-1.,0.));
#1600=DIRECTION('',(1.,0.,0.));
#1601=FACE_BOUND('',#1602,.T.);
#1602=EDGE_LOOP('',(#4797,#4798));
#1603=FACE_BOUND('',#1604,.T.);
#1604=EDGE_LOOP('',(#4799,#4800));
#1605=CYLINDRICAL_SURFACE('',#1606,2.4);
#1606=AXIS2_PLACEMENT_3D('',#1607,#1608,#1609);
#1607=CARTESIAN_POINT('',(40.,-20.,-2.220446E-15));
#1608=DIRECTION('',(0.,-1.,0.));
#1609=DIRECTION('',(1.,0.,0.));
#1610=FACE_BOUND('',#1611,.T.);
#1611=EDGE_LOOP('',(#4801,#4802,#4803,#4804));
#1612=PLANE('',#1613);
#1613=AXIS2_PLACEMENT_3D('',#1614,#1615,#1616);
#1614=CARTESIAN_POINT('',(40.,-20.,-2.7));
#1615=DIRECTION('',(0.,0.,1.));
#1616=DIRECTION('',(1.,0.,0.));
#1617=FACE_BOUND('',#1618,.T.);
#1618=EDGE_LOOP('',(#4805,#4806,#4807,#4808));
#1619=CYLINDRICAL_SURFACE('',#1620,3.8);
#1620=AXIS2_PLACEMENT_3D('',#1621,#1622,#1623);
#1621=CARTESIAN_POINT('',(40.,-20.,-2.220446E-15));
#1622=DIRECTION('',(0.,-1.,0.));
#1623=DIRECTION('',(0.,0.,1.));
#1624=FACE_BOUND('',#1625,.T.);
#1625=EDGE_LOOP('',(#4809,#4810,#4811,#4812,#4813,#4814));
#1626=CYLINDRICAL_SURFACE('',#1627,4.);
#1627=AXIS2_PLACEMENT_3D('',#1628,#1629,#1630);
#1628=CARTESIAN_POINT('',(24.,-16.,0.));
#1629=DIRECTION('',(0.,0.,1.));
#1630=DIRECTION('',(-1.,0.,0.));
#1631=FACE_OUTER_BOUND('',#1632,.T.);
#1632=EDGE_LOOP('',(#4815));
#1633=FACE_OUTER_BOUND('',#1634,.T.);
#1634=EDGE_LOOP('',(#4816));
#1635=CYLINDRICAL_SURFACE('',#1636,3.2);
#1636=AXIS2_PLACEMENT_3D('',#1637,#1638,#1639);
#1637=CARTESIAN_POINT('',(24.,-16.,-3.6));
#1638=DIRECTION('',(0.,0.,-1.));
#1639=DIRECTION('',(-1.,0.,0.));
#1640=FACE_BOUND('',#1641,.T.);
#1641=EDGE_LOOP('',(#4817));
#1642=FACE_BOUND('',#1643,.T.);
#1643=EDGE_LOOP('',(#4818,#4819));
#1644=PLANE('',#1645);
#1645=AXIS2_PLACEMENT_3D('',#1646,#1647,#1648);
#1646=CARTESIAN_POINT('',(24.,-16.,-3.2));
#1647=DIRECTION('',(0.,0.,-1.));
#1648=DIRECTION('',(-1.,0.,0.));
#1649=FACE_BOUND('',#1650,.T.);
#1650=EDGE_LOOP('',(#4820));
#1651=FACE_BOUND('',#1652,.T.);
#1652=EDGE_LOOP('',(#4821,#4822));
#1653=PLANE('',#1654);
#1654=AXIS2_PLACEMENT_3D('',#1655,#1656,#1657);
#1655=CARTESIAN_POINT('',(-40.,19.2,0.));
#1656=DIRECTION('',(0.,-1.,0.));
#1657=DIRECTION('',(1.,0.,0.));
#1658=FACE_OUTER_BOUND('',#1659,.T.);
#1659=EDGE_LOOP('',(#4823));
#1660=FACE_OUTER_BOUND('',#1661,.T.);
#1661=EDGE_LOOP('',(#4824));
#1662=CYLINDRICAL_SURFACE('',#1663,3.2);
#1663=AXIS2_PLACEMENT_3D('',#1664,#1665,#1666);
#1664=CARTESIAN_POINT('',(-40.,19.6,-2.220446E-15));
#1665=DIRECTION('',(-9.251859E-17,-1.,0.));
#1666=DIRECTION('',(1.,-9.251859E-17,0.));
#1667=FACE_BOUND('',#1668,.T.);
#1668=EDGE_LOOP('',(#4825));
#1669=FACE_BOUND('',#1670,.T.);
#1670=EDGE_LOOP('',(#4826,#4827));
#1671=PLANE('',#1672);
#1672=AXIS2_PLACEMENT_3D('',#1673,#1674,#1675);
#1673=CARTESIAN_POINT('',(-32.,19.2,0.));
#1674=DIRECTION('',(0.,-1.,0.));
#1675=DIRECTION('',(1.,0.,0.));
#1676=FACE_OUTER_BOUND('',#1677,.T.);
#1677=EDGE_LOOP('',(#4828));
#1678=FACE_OUTER_BOUND('',#1679,.T.);
#1679=EDGE_LOOP('',(#4829));
#1680=CYLINDRICAL_SURFACE('',#1681,3.2);
#1681=AXIS2_PLACEMENT_3D('',#1682,#1683,#1684);
#1682=CARTESIAN_POINT('',(-32.,19.6,-2.220446E-15));
#1683=DIRECTION('',(-9.251859E-17,-1.,0.));
#1684=DIRECTION('',(1.,-9.251859E-17,0.));
#1685=FACE_BOUND('',#1686,.T.);
#1686=EDGE_LOOP('',(#4830,#4831,#4832,#4833));
#1687=PLANE('',#1688);
#1688=AXIS2_PLACEMENT_3D('',#1689,#1690,#1691);
#1689=CARTESIAN_POINT('',(-30.,13.1,0.));
#1690=DIRECTION('',(0.,1.,0.));
#1691=DIRECTION('',(0.,0.,1.));
#1692=FACE_BOUND('',#1693,.T.);
#1693=EDGE_LOOP('',(#4834,#4835,#4836,#4837));
#1694=PLANE('',#1695);
#1695=AXIS2_PLACEMENT_3D('',#1696,#1697,#1698);
#1696=CARTESIAN_POINT('',(-30.,18.9,0.));
#1697=DIRECTION('',(0.,-1.,0.));
#1698=DIRECTION('',(0.,0.,-1.));
#1699=FACE_BOUND('',#1700,.T.);
#1700=EDGE_LOOP('',(#4838,#4839,#4840,#4841));
#1701=PLANE('',#1702);
#1702=AXIS2_PLACEMENT_3D('',#1703,#1704,#1705);
#1703=CARTESIAN_POINT('',(-28.2851648757987,20.,0.8));
#1704=DIRECTION('',(0.,0.,1.));
#1705=DIRECTION('',(-1.,0.,0.));
#1706=FACE_BOUND('',#1707,.T.);
#1707=EDGE_LOOP('',(#4842,#4843,#4844,#4845));
#1708=CYLINDRICAL_SURFACE('',#1709,3.8);
#1709=AXIS2_PLACEMENT_3D('',#1710,#1711,#1712);
#1710=CARTESIAN_POINT('',(-32.,20.,-2.220446E-15));
#1711=DIRECTION('',(0.,1.,0.));
#1712=DIRECTION('',(0.977588190579301,0.,0.210526315789474));
#1713=FACE_BOUND('',#1714,.T.);
#1714=EDGE_LOOP('',(#4846,#4847,#4848,#4849,#4850));
#1715=PLANE('',#1716);
#1716=AXIS2_PLACEMENT_3D('',#1717,#1718,#1719);
#1717=CARTESIAN_POINT('',(-28.,20.,0.799999999999999));
#1718=DIRECTION('',(-1.,0.,0.));
#1719=DIRECTION('',(0.,0.,-1.));
#1720=FACE_BOUND('',#1721,.T.);
#1721=EDGE_LOOP('',(#4851,#4852,#4853,#4854,#4855));
#1722=PLANE('',#1723);
#1723=AXIS2_PLACEMENT_3D('',#1724,#1725,#1726);
#1724=CARTESIAN_POINT('',(-28.,20.,-3.8));
#1725=DIRECTION('',(-1.,0.,0.));
#1726=DIRECTION('',(0.,0.,-1.));
#1727=FACE_BOUND('',#1728,.T.);
#1728=EDGE_LOOP('',(#4856,#4857,#4858,#4859));
#1729=PLANE('',#1730);
#1730=AXIS2_PLACEMENT_3D('',#1731,#1732,#1733);
#1731=CARTESIAN_POINT('',(-28.,20.,-0.800000000000001));
#1732=DIRECTION('',(0.,0.,-1.));
#1733=DIRECTION('',(1.,0.,0.));
#1734=FACE_BOUND('',#1735,.T.);
#1735=EDGE_LOOP('',(#4860,#4861,#4862,#4863));
#1736=CYLINDRICAL_SURFACE('',#1737,3.8);
#1737=AXIS2_PLACEMENT_3D('',#1738,#1739,#1740);
#1738=CARTESIAN_POINT('',(-32.,20.,-2.220446E-15));
#1739=DIRECTION('',(0.,1.,0.));
#1740=DIRECTION('',(0.,0.,-1.));
#1741=FACE_BOUND('',#1742,.T.);
#1742=EDGE_LOOP('',(#4864,#4865,#4866,#4867));
#1743=PLANE('',#1744);
#1744=AXIS2_PLACEMENT_3D('',#1745,#1746,#1747);
#1745=CARTESIAN_POINT('',(-30.,18.9,0.));
#1746=DIRECTION('',(0.,-1.,0.));
#1747=DIRECTION('',(0.,0.,-1.));
#1748=FACE_BOUND('',#1749,.T.);
#1749=EDGE_LOOP('',(#4868,#4869,#4870,#4871));
#1750=PLANE('',#1751);
#1751=AXIS2_PLACEMENT_3D('',#1752,#1753,#1754);
#1752=CARTESIAN_POINT('',(-30.,13.1,0.));
#1753=DIRECTION('',(0.,1.,0.));
#1754=DIRECTION('',(0.,0.,1.));
#1755=FACE_BOUND('',#1756,.T.);
#1756=EDGE_LOOP('',(#4872,#4873,#4874,#4875));
#1757=CYLINDRICAL_SURFACE('',#1758,3.8);
#1758=AXIS2_PLACEMENT_3D('',#1759,#1760,#1761);
#1759=CARTESIAN_POINT('',(-28.,8.,0.));
#1760=DIRECTION('',(-1.,0.,0.));
#1761=DIRECTION('',(0.,0.,-1.));
#1762=FACE_BOUND('',#1763,.T.);
#1763=EDGE_LOOP('',(#4876,#4877,#4878,#4879));
#1764=PLANE('',#1765);
#1765=AXIS2_PLACEMENT_3D('',#1766,#1767,#1768);
#1766=CARTESIAN_POINT('',(-28.,11.7148351242013,0.800000000000001));
#1767=DIRECTION('',(0.,0.,1.));
#1768=DIRECTION('',(-1.,0.,0.));
#1769=FACE_BOUND('',#1770,.T.);
#1770=EDGE_LOOP('',(#4880,#4881,#4882,#4883));
#1771=PLANE('',#1772);
#1772=AXIS2_PLACEMENT_3D('',#1773,#1774,#1775);
#1773=CARTESIAN_POINT('',(-26.9,10.,2.3));
#1774=DIRECTION('',(1.,0.,0.));
#1775=DIRECTION('',(0.,0.,1.));
#1776=FACE_BOUND('',#1777,.T.);
#1777=EDGE_LOOP('',(#4884,#4885,#4886,#4887));
#1778=PLANE('',#1779);
#1779=AXIS2_PLACEMENT_3D('',#1780,#1781,#1782);
#1780=CARTESIAN_POINT('',(-21.1,10.,2.3));
#1781=DIRECTION('',(-1.,0.,0.));
#1782=DIRECTION('',(0.,0.,-1.));
#1783=FACE_BOUND('',#1784,.T.);
#1784=EDGE_LOOP('',(#4888,#4889,#4890,#4891));
#1785=PLANE('',#1786);
#1786=AXIS2_PLACEMENT_3D('',#1787,#1788,#1789);
#1787=CARTESIAN_POINT('',(-40.,12.,3.8));
#1788=DIRECTION('',(-1.,0.,0.));
#1789=DIRECTION('',(0.,0.,-1.));
#1790=FACE_BOUND('',#1791,.T.);
#1791=EDGE_LOOP('',(#4892,#4893,#4894,#4895));
#1792=PLANE('',#1793);
#1793=AXIS2_PLACEMENT_3D('',#1794,#1795,#1796);
#1794=CARTESIAN_POINT('',(-40.,12.,3.2));
#1795=DIRECTION('',(0.,0.,-1.));
#1796=DIRECTION('',(1.,0.,0.));
#1797=FACE_BOUND('',#1798,.T.);
#1798=EDGE_LOOP('',(#4896,#4897,#4898,#4899));
#1799=CYLINDRICAL_SURFACE('',#1800,3.2);
#1800=AXIS2_PLACEMENT_3D('',#1801,#1802,#1803);
#1801=CARTESIAN_POINT('',(-32.,12.,-2.220446E-15));
#1802=DIRECTION('',(0.,-1.,0.));
#1803=DIRECTION('',(0.,0.,-1.));
#1804=FACE_BOUND('',#1805,.T.);
#1805=EDGE_LOOP('',(#4900,#4901,#4902,#4903));
#1806=PLANE('',#1807);
#1807=AXIS2_PLACEMENT_3D('',#1808,#1809,#1810);
#1808=CARTESIAN_POINT('',(-32.,12.,-3.2));
#1809=DIRECTION('',(0.,0.,1.));
#1810=DIRECTION('',(-1.,0.,0.));
#1811=FACE_BOUND('',#1812,.T.);
#1812=EDGE_LOOP('',(#4904,#4905,#4906,#4907));
#1813=PLANE('',#1814);
#1814=AXIS2_PLACEMENT_3D('',#1815,#1816,#1817);
#1815=CARTESIAN_POINT('',(-40.,12.,-3.2));
#1816=DIRECTION('',(-1.,0.,0.));
#1817=DIRECTION('',(0.,0.,-1.));
#1818=FACE_BOUND('',#1819,.T.);
#1819=EDGE_LOOP('',(#4908,#4909,#4910,#4911,#4912,#4913));
#1820=FACE_BOUND('',#1821,.T.);
#1821=EDGE_LOOP('',(#4914,#4915));
#1822=FACE_BOUND('',#1823,.T.);
#1823=EDGE_LOOP('',(#4916,#4917));
#1824=PLANE('',#1825);
#1825=AXIS2_PLACEMENT_3D('',#1826,#1827,#1828);
#1826=CARTESIAN_POINT('',(-36.5081064627972,12.8,0.));
#1827=DIRECTION('',(0.,1.,0.));
#1828=DIRECTION('',(0.,0.,1.));
#1829=FACE_BOUND('',#1830,.T.);
#1830=EDGE_LOOP('',(#4918,#4919,#4920,#4921,#4922,#4923,#4924,#4925,#4926,#4927));
#1831=PLANE('',#1832);
#1832=AXIS2_PLACEMENT_3D('',#1833,#1834,#1835);
#1833=CARTESIAN_POINT('',(-33.1785985044293,12.,0.));
#1834=DIRECTION('',(0.,1.,0.));
#1835=DIRECTION('',(0.,0.,1.));
#1836=FACE_BOUND('',#1837,.T.);
#1837=EDGE_LOOP('',(#4928,#4929,#4930,#4931));
#1838=PLANE('',#1839);
#1839=AXIS2_PLACEMENT_3D('',#1840,#1841,#1842);
#1840=CARTESIAN_POINT('',(-36.,14.4,0.));
#1841=DIRECTION('',(0.,1.,0.));
#1842=DIRECTION('',(0.,0.,1.));
#1843=FACE_BOUND('',#1844,.T.);
#1844=EDGE_LOOP('',(#4932,#4933,#4934,#4935));
#1845=CYLINDRICAL_SURFACE('',#1846,3.6);
#1846=AXIS2_PLACEMENT_3D('',#1847,#1848,#1849);
#1847=CARTESIAN_POINT('',(-40.,20.,-2.220446E-15));
#1848=DIRECTION('',(0.,1.,0.));
#1849=DIRECTION('',(0.661437827766148,0.,-0.75));
#1850=FACE_BOUND('',#1851,.T.);
#1851=EDGE_LOOP('',(#4936,#4937,#4938,#4939));
#1852=PLANE('',#1853);
#1853=AXIS2_PLACEMENT_3D('',#1854,#1855,#1856);
#1854=CARTESIAN_POINT('',(-28.,20.,2.7));
#1855=DIRECTION('',(0.,0.,-1.));
#1856=DIRECTION('',(1.,0.,0.));
#1857=FACE_BOUND('',#1858,.T.);
#1858=EDGE_LOOP('',(#4940,#4941,#4942,#4943));
#1859=CYLINDRICAL_SURFACE('',#1860,3.6);
#1860=AXIS2_PLACEMENT_3D('',#1861,#1862,#1863);
#1861=CARTESIAN_POINT('',(-32.,20.,-2.220446E-15));
#1862=DIRECTION('',(0.,1.,0.));
#1863=DIRECTION('',(0.661437827766146,0.,0.750000000000001));
#1864=FACE_BOUND('',#1865,.T.);
#1865=EDGE_LOOP('',(#4944,#4945));
#1866=FACE_BOUND('',#1867,.T.);
#1867=EDGE_LOOP('',(#4946,#4947));
#1868=CYLINDRICAL_SURFACE('',#1869,2.4);
#1869=AXIS2_PLACEMENT_3D('',#1870,#1871,#1872);
#1870=CARTESIAN_POINT('',(-32.,20.,-2.220446E-15));
#1871=DIRECTION('',(0.,1.,0.));
#1872=DIRECTION('',(-1.,0.,0.));
#1873=FACE_BOUND('',#1874,.T.);
#1874=EDGE_LOOP('',(#4948,#4949));
#1875=FACE_BOUND('',#1876,.T.);
#1876=EDGE_LOOP('',(#4950,#4951));
#1877=CYLINDRICAL_SURFACE('',#1878,2.4);
#1878=AXIS2_PLACEMENT_3D('',#1879,#1880,#1881);
#1879=CARTESIAN_POINT('',(-40.,20.,-2.220446E-15));
#1880=DIRECTION('',(0.,1.,0.));
#1881=DIRECTION('',(-1.,0.,0.));
#1882=FACE_BOUND('',#1883,.T.);
#1883=EDGE_LOOP('',(#4952,#4953,#4954,#4955));
#1884=PLANE('',#1885);
#1885=AXIS2_PLACEMENT_3D('',#1886,#1887,#1888);
#1886=CARTESIAN_POINT('',(-40.,20.,-2.7));
#1887=DIRECTION('',(0.,0.,1.));
#1888=DIRECTION('',(-1.,0.,0.));
#1889=FACE_BOUND('',#1890,.T.);
#1890=EDGE_LOOP('',(#4956,#4957,#4958,#4959));
#1891=CYLINDRICAL_SURFACE('',#1892,3.8);
#1892=AXIS2_PLACEMENT_3D('',#1893,#1894,#1895);
#1893=CARTESIAN_POINT('',(-40.,20.,-2.220446E-15));
#1894=DIRECTION('',(0.,1.,0.));
#1895=DIRECTION('',(0.,0.,1.));
#1896=FACE_BOUND('',#1897,.T.);
#1897=EDGE_LOOP('',(#4960,#4961,#4962,#4963));
#1898=FACE_BOUND('',#1899,.T.);
#1899=EDGE_LOOP('',(#4964));
#1900=FACE_BOUND('',#1901,.T.);
#1901=EDGE_LOOP('',(#4965));
#1902=FACE_BOUND('',#1903,.T.);
#1903=EDGE_LOOP('',(#4966));
#1904=FACE_BOUND('',#1905,.T.);
#1905=EDGE_LOOP('',(#4967,#4968,#4969,#4970));
#1906=FACE_BOUND('',#1907,.T.);
#1907=EDGE_LOOP('',(#4971,#4972,#4973,#4974));
#1908=PLANE('',#1909);
#1909=AXIS2_PLACEMENT_3D('',#1910,#1911,#1912);
#1910=CARTESIAN_POINT('',(-28.,-11.451110440571,0.));
#1911=DIRECTION('',(1.,0.,0.));
#1912=DIRECTION('',(0.,0.,-1.));
#1913=FACE_OUTER_BOUND('',#1914,.T.);
#1914=EDGE_LOOP('',(#4975));
#1915=FACE_OUTER_BOUND('',#1916,.T.);
#1916=EDGE_LOOP('',(#4976));
#1917=CYLINDRICAL_SURFACE('',#1918,3.2);
#1918=AXIS2_PLACEMENT_3D('',#1919,#1920,#1921);
#1919=CARTESIAN_POINT('',(-24.,16.,-3.6));
#1920=DIRECTION('',(0.,0.,-1.));
#1921=DIRECTION('',(-1.,0.,0.));
#1922=FACE_BOUND('',#1923,.T.);
#1923=EDGE_LOOP('',(#4977));
#1924=FACE_BOUND('',#1925,.T.);
#1925=EDGE_LOOP('',(#4978,#4979));
#1926=PLANE('',#1927);
#1927=AXIS2_PLACEMENT_3D('',#1928,#1929,#1930);
#1928=CARTESIAN_POINT('',(-24.,16.,-3.2));
#1929=DIRECTION('',(0.,0.,-1.));
#1930=DIRECTION('',(-1.,0.,0.));
#1931=FACE_BOUND('',#1932,.T.);
#1932=EDGE_LOOP('',(#4980));
#1933=FACE_BOUND('',#1934,.T.);
#1934=EDGE_LOOP('',(#4981,#4982));
#1935=PLANE('',#1936);
#1936=AXIS2_PLACEMENT_3D('',#1937,#1938,#1939);
#1937=CARTESIAN_POINT('',(-40.,-19.2,0.));
#1938=DIRECTION('',(0.,-1.,0.));
#1939=DIRECTION('',(1.,0.,0.));
#1940=FACE_OUTER_BOUND('',#1941,.T.);
#1941=EDGE_LOOP('',(#4983));
#1942=FACE_OUTER_BOUND('',#1943,.T.);
#1943=EDGE_LOOP('',(#4984));
#1944=CYLINDRICAL_SURFACE('',#1945,3.2);
#1945=AXIS2_PLACEMENT_3D('',#1946,#1947,#1948);
#1946=CARTESIAN_POINT('',(-40.,-19.6,-2.220446E-15));
#1947=DIRECTION('',(9.251859E-17,-1.,0.));
#1948=DIRECTION('',(1.,9.251859E-17,0.));
#1949=FACE_BOUND('',#1950,.T.);
#1950=EDGE_LOOP('',(#4985));
#1951=FACE_BOUND('',#1952,.T.);
#1952=EDGE_LOOP('',(#4986,#4987));
#1953=PLANE('',#1954);
#1954=AXIS2_PLACEMENT_3D('',#1955,#1956,#1957);
#1955=CARTESIAN_POINT('',(-32.,-19.2,0.));
#1956=DIRECTION('',(0.,-1.,0.));
#1957=DIRECTION('',(1.,0.,0.));
#1958=FACE_OUTER_BOUND('',#1959,.T.);
#1959=EDGE_LOOP('',(#4988));
#1960=FACE_OUTER_BOUND('',#1961,.T.);
#1961=EDGE_LOOP('',(#4989));
#1962=CYLINDRICAL_SURFACE('',#1963,3.2);
#1963=AXIS2_PLACEMENT_3D('',#1964,#1965,#1966);
#1964=CARTESIAN_POINT('',(-32.,-19.6,-2.220446E-15));
#1965=DIRECTION('',(9.251859E-17,-1.,0.));
#1966=DIRECTION('',(1.,9.251859E-17,0.));
#1967=FACE_BOUND('',#1968,.T.);
#1968=EDGE_LOOP('',(#4990,#4991));
#1969=FACE_BOUND('',#1970,.T.);
#1970=EDGE_LOOP('',(#4992,#4993));
#1971=CYLINDRICAL_SURFACE('',#1972,2.4);
#1972=AXIS2_PLACEMENT_3D('',#1973,#1974,#1975);
#1973=CARTESIAN_POINT('',(-24.,-16.,2.));
#1974=DIRECTION('',(0.,0.,1.));
#1975=DIRECTION('',(1.,0.,0.));
#1976=FACE_BOUND('',#1977,.T.);
#1977=EDGE_LOOP('',(#4994,#4995,#4996,#4997));
#1978=CYLINDRICAL_SURFACE('',#1979,3.8);
#1979=AXIS2_PLACEMENT_3D('',#1980,#1981,#1982);
#1980=CARTESIAN_POINT('',(-28.,-8.,0.));
#1981=DIRECTION('',(1.,0.,0.));
#1982=DIRECTION('',(0.,0.,-1.));
#1983=FACE_BOUND('',#1984,.T.);
#1984=EDGE_LOOP('',(#4998,#4999,#5000,#5001));
#1985=PLANE('',#1986);
#1986=AXIS2_PLACEMENT_3D('',#1987,#1988,#1989);
#1987=CARTESIAN_POINT('',(-28.,-11.7148351242013,0.800000000000001));
#1988=DIRECTION('',(0.,0.,-1.));
#1989=DIRECTION('',(-1.,0.,0.));
#1990=FACE_BOUND('',#1991,.T.);
#1991=EDGE_LOOP('',(#5002,#5003,#5004,#5005));
#1992=PLANE('',#1993);
#1993=AXIS2_PLACEMENT_3D('',#1994,#1995,#1996);
#1994=CARTESIAN_POINT('',(-26.9,-10.,2.3));
#1995=DIRECTION('',(-1.,0.,0.));
#1996=DIRECTION('',(0.,0.,1.));
#1997=FACE_BOUND('',#1998,.T.);
#1998=EDGE_LOOP('',(#5006,#5007,#5008,#5009));
#1999=PLANE('',#2000);
#2000=AXIS2_PLACEMENT_3D('',#2001,#2002,#2003);
#2001=CARTESIAN_POINT('',(-21.1,-10.,2.3));
#2002=DIRECTION('',(1.,0.,0.));
#2003=DIRECTION('',(0.,0.,-1.));
#2004=FACE_BOUND('',#2005,.T.);
#2005=EDGE_LOOP('',(#5010,#5011,#5012,#5013,#5014));
#2006=PLANE('',#2007);
#2007=AXIS2_PLACEMENT_3D('',#2008,#2009,#2010);
#2008=CARTESIAN_POINT('',(-28.,-20.,-3.8));
#2009=DIRECTION('',(1.,0.,0.));
#2010=DIRECTION('',(0.,0.,-1.));
#2011=FACE_BOUND('',#2012,.T.);
#2012=EDGE_LOOP('',(#5015,#5016,#5017,#5018));
#2013=PLANE('',#2014);
#2014=AXIS2_PLACEMENT_3D('',#2015,#2016,#2017);
#2015=CARTESIAN_POINT('',(-28.,-20.,-0.800000000000001));
#2016=DIRECTION('',(0.,0.,1.));
#2017=DIRECTION('',(1.,0.,0.));
#2018=FACE_BOUND('',#2019,.T.);
#2019=EDGE_LOOP('',(#5019,#5020,#5021,#5022));
#2020=CYLINDRICAL_SURFACE('',#2021,3.8);
#2021=AXIS2_PLACEMENT_3D('',#2022,#2023,#2024);
#2022=CARTESIAN_POINT('',(-32.,-20.,-2.220446E-15));
#2023=DIRECTION('',(0.,1.,0.));
#2024=DIRECTION('',(0.,0.,-1.));
#2025=FACE_BOUND('',#2026,.T.);
#2026=EDGE_LOOP('',(#5023,#5024,#5025,#5026));
#2027=PLANE('',#2028);
#2028=AXIS2_PLACEMENT_3D('',#2029,#2030,#2031);
#2029=CARTESIAN_POINT('',(-30.,-18.9,0.));
#2030=DIRECTION('',(0.,-1.,0.));
#2031=DIRECTION('',(0.,0.,-1.));
#2032=FACE_BOUND('',#2033,.T.);
#2033=EDGE_LOOP('',(#5027,#5028,#5029,#5030));
#2034=PLANE('',#2035);
#2035=AXIS2_PLACEMENT_3D('',#2036,#2037,#2038);
#2036=CARTESIAN_POINT('',(-30.,-13.1,0.));
#2037=DIRECTION('',(0.,1.,0.));
#2038=DIRECTION('',(0.,0.,1.));
#2039=FACE_BOUND('',#2040,.T.);
#2040=EDGE_LOOP('',(#5031,#5032,#5033,#5034));
#2041=PLANE('',#2042);
#2042=AXIS2_PLACEMENT_3D('',#2043,#2044,#2045);
#2043=CARTESIAN_POINT('',(-30.,-13.1,0.));
#2044=DIRECTION('',(0.,1.,0.));
#2045=DIRECTION('',(0.,0.,1.));
#2046=FACE_BOUND('',#2047,.T.);
#2047=EDGE_LOOP('',(#5035,#5036,#5037,#5038));
#2048=PLANE('',#2049);
#2049=AXIS2_PLACEMENT_3D('',#2050,#2051,#2052);
#2050=CARTESIAN_POINT('',(-30.,-18.9,0.));
#2051=DIRECTION('',(0.,-1.,0.));
#2052=DIRECTION('',(0.,0.,-1.));
#2053=FACE_BOUND('',#2054,.T.);
#2054=EDGE_LOOP('',(#5039,#5040,#5041,#5042));
#2055=PLANE('',#2056);
#2056=AXIS2_PLACEMENT_3D('',#2057,#2058,#2059);
#2057=CARTESIAN_POINT('',(-28.2851648757987,-20.,0.8));
#2058=DIRECTION('',(0.,0.,-1.));
#2059=DIRECTION('',(-1.,0.,0.));
#2060=FACE_BOUND('',#2061,.T.);
#2061=EDGE_LOOP('',(#5043,#5044,#5045,#5046));
#2062=CYLINDRICAL_SURFACE('',#2063,3.8);
#2063=AXIS2_PLACEMENT_3D('',#2064,#2065,#2066);
#2064=CARTESIAN_POINT('',(-32.,-20.,-2.220446E-15));
#2065=DIRECTION('',(0.,1.,0.));
#2066=DIRECTION('',(0.977588190579301,0.,0.210526315789474));
#2067=FACE_BOUND('',#2068,.T.);
#2068=EDGE_LOOP('',(#5047,#5048,#5049,#5050,#5051));
#2069=PLANE('',#2070);
#2070=AXIS2_PLACEMENT_3D('',#2071,#2072,#2073);
#2071=CARTESIAN_POINT('',(-28.,-20.,0.799999999999999));
#2072=DIRECTION('',(1.,0.,0.));
#2073=DIRECTION('',(0.,0.,-1.));
#2074=FACE_BOUND('',#2075,.T.);
#2075=EDGE_LOOP('',(#5052,#5053,#5054,#5055,#5056,#5057,#5058,#5059,#5060,#5061));
#2076=PLANE('',#2077);
#2077=AXIS2_PLACEMENT_3D('',#2078,#2079,#2080);
#2078=CARTESIAN_POINT('',(-33.1785985044293,-12.,0.));
#2079=DIRECTION('',(0.,1.,0.));
#2080=DIRECTION('',(0.,0.,1.));
#2081=FACE_BOUND('',#2082,.T.);
#2082=EDGE_LOOP('',(#5062,#5063,#5064,#5065));
#2083=FACE_BOUND('',#2084,.T.);
#2084=EDGE_LOOP('',(#5066));
#2085=PLANE('',#2086);
#2086=AXIS2_PLACEMENT_3D('',#2087,#2088,#2089);
#2087=CARTESIAN_POINT('',(20.8,-8.,0.));
#2088=DIRECTION('',(-1.,0.,0.));
#2089=DIRECTION('',(0.,-1.,0.));
#2090=FACE_BOUND('',#2091,.T.);
#2091=EDGE_LOOP('',(#5067,#5068,#5069,#5070,#5071));
#2092=PLANE('',#2093);
#2093=AXIS2_PLACEMENT_3D('',#2094,#2095,#2096);
#2094=CARTESIAN_POINT('',(0.,-11.2,-3.8));
#2095=DIRECTION('',(0.,-1.,0.));
#2096=DIRECTION('',(0.,0.,-1.));
#2097=FACE_BOUND('',#2098,.T.);
#2098=EDGE_LOOP('',(#5072,#5073,#5074,#5075));
#2099=PLANE('',#2100);
#2100=AXIS2_PLACEMENT_3D('',#2101,#2102,#2103);
#2101=CARTESIAN_POINT('',(-40.,-12.,3.8));
#2102=DIRECTION('',(1.,0.,0.));
#2103=DIRECTION('',(0.,0.,-1.));
#2104=FACE_BOUND('',#2105,.T.);
#2105=EDGE_LOOP('',(#5076,#5077,#5078,#5079));
#2106=PLANE('',#2107);
#2107=AXIS2_PLACEMENT_3D('',#2108,#2109,#2110);
#2108=CARTESIAN_POINT('',(-40.,-12.,3.2));
#2109=DIRECTION('',(0.,0.,1.));
#2110=DIRECTION('',(1.,0.,0.));
#2111=FACE_BOUND('',#2112,.T.);
#2112=EDGE_LOOP('',(#5080,#5081,#5082,#5083));
#2113=CYLINDRICAL_SURFACE('',#2114,3.2);
#2114=AXIS2_PLACEMENT_3D('',#2115,#2116,#2117);
#2115=CARTESIAN_POINT('',(-32.,-12.,-2.220446E-15));
#2116=DIRECTION('',(0.,-1.,0.));
#2117=DIRECTION('',(0.,0.,-1.));
#2118=FACE_BOUND('',#2119,.T.);
#2119=EDGE_LOOP('',(#5084,#5085,#5086,#5087));
#2120=PLANE('',#2121);
#2121=AXIS2_PLACEMENT_3D('',#2122,#2123,#2124);
#2122=CARTESIAN_POINT('',(-32.,-12.,-3.2));
#2123=DIRECTION('',(0.,0.,-1.));
#2124=DIRECTION('',(-1.,0.,0.));
#2125=FACE_BOUND('',#2126,.T.);
#2126=EDGE_LOOP('',(#5088,#5089,#5090,#5091));
#2127=PLANE('',#2128);
#2128=AXIS2_PLACEMENT_3D('',#2129,#2130,#2131);
#2129=CARTESIAN_POINT('',(-40.,-12.,-3.2));
#2130=DIRECTION('',(1.,0.,0.));
#2131=DIRECTION('',(0.,0.,-1.));
#2132=FACE_BOUND('',#2133,.T.);
#2133=EDGE_LOOP('',(#5092,#5093,#5094,#5095,#5096,#5097));
#2134=FACE_BOUND('',#2135,.T.);
#2135=EDGE_LOOP('',(#5098,#5099));
#2136=FACE_BOUND('',#2137,.T.);
#2137=EDGE_LOOP('',(#5100,#5101));
#2138=PLANE('',#2139);
#2139=AXIS2_PLACEMENT_3D('',#2140,#2141,#2142);
#2140=CARTESIAN_POINT('',(-36.5081064627972,-12.8,0.));
#2141=DIRECTION('',(0.,1.,0.));
#2142=DIRECTION('',(0.,0.,1.));
#2143=FACE_BOUND('',#2144,.T.);
#2144=EDGE_LOOP('',(#5102,#5103,#5104,#5105));
#2145=PLANE('',#2146);
#2146=AXIS2_PLACEMENT_3D('',#2147,#2148,#2149);
#2147=CARTESIAN_POINT('',(-36.,-14.4,0.));
#2148=DIRECTION('',(0.,1.,0.));
#2149=DIRECTION('',(0.,0.,1.));
#2150=FACE_BOUND('',#2151,.T.);
#2151=EDGE_LOOP('',(#5106,#5107,#5108,#5109));
#2152=CYLINDRICAL_SURFACE('',#2153,3.6);
#2153=AXIS2_PLACEMENT_3D('',#2154,#2155,#2156);
#2154=CARTESIAN_POINT('',(-40.,-20.,-2.220446E-15));
#2155=DIRECTION('',(0.,1.,0.));
#2156=DIRECTION('',(0.661437827766148,0.,-0.75));
#2157=FACE_BOUND('',#2158,.T.);
#2158=EDGE_LOOP('',(#5110,#5111,#5112,#5113));
#2159=PLANE('',#2160);
#2160=AXIS2_PLACEMENT_3D('',#2161,#2162,#2163);
#2161=CARTESIAN_POINT('',(-28.,-20.,2.7));
#2162=DIRECTION('',(0.,0.,1.));
#2163=DIRECTION('',(1.,0.,0.));
#2164=FACE_BOUND('',#2165,.T.);
#2165=EDGE_LOOP('',(#5114,#5115,#5116,#5117));
#2166=CYLINDRICAL_SURFACE('',#2167,3.6);
#2167=AXIS2_PLACEMENT_3D('',#2168,#2169,#2170);
#2168=CARTESIAN_POINT('',(-32.,-20.,-2.220446E-15));
#2169=DIRECTION('',(0.,1.,0.));
#2170=DIRECTION('',(0.661437827766146,0.,0.750000000000001));
#2171=FACE_BOUND('',#2172,.T.);
#2172=EDGE_LOOP('',(#5118,#5119));
#2173=FACE_BOUND('',#2174,.T.);
#2174=EDGE_LOOP('',(#5120,#5121));
#2175=CYLINDRICAL_SURFACE('',#2176,2.4);
#2176=AXIS2_PLACEMENT_3D('',#2177,#2178,#2179);
#2177=CARTESIAN_POINT('',(-32.,-20.,-2.220446E-15));
#2178=DIRECTION('',(0.,1.,0.));
#2179=DIRECTION('',(-1.,0.,0.));
#2180=FACE_BOUND('',#2181,.T.);
#2181=EDGE_LOOP('',(#5122,#5123));
#2182=FACE_BOUND('',#2183,.T.);
#2183=EDGE_LOOP('',(#5124,#5125));
#2184=CYLINDRICAL_SURFACE('',#2185,2.4);
#2185=AXIS2_PLACEMENT_3D('',#2186,#2187,#2188);
#2186=CARTESIAN_POINT('',(-40.,-20.,-2.220446E-15));
#2187=DIRECTION('',(0.,1.,0.));
#2188=DIRECTION('',(-1.,0.,0.));
#2189=FACE_BOUND('',#2190,.T.);
#2190=EDGE_LOOP('',(#5126,#5127,#5128,#5129));
#2191=PLANE('',#2192);
#2192=AXIS2_PLACEMENT_3D('',#2193,#2194,#2195);
#2193=CARTESIAN_POINT('',(-40.,-20.,-2.7));
#2194=DIRECTION('',(0.,0.,-1.));
#2195=DIRECTION('',(-1.,0.,0.));
#2196=FACE_BOUND('',#2197,.T.);
#2197=EDGE_LOOP('',(#5130,#5131,#5132,#5133,#5134,#5135));
#2198=CYLINDRICAL_SURFACE('',#2199,4.);
#2199=AXIS2_PLACEMENT_3D('',#2200,#2201,#2202);
#2200=CARTESIAN_POINT('',(-24.,-16.,0.));
#2201=DIRECTION('',(0.,0.,1.));
#2202=DIRECTION('',(-1.,0.,0.));
#2203=FACE_BOUND('',#2204,.T.);
#2204=EDGE_LOOP('',(#5136,#5137,#5138,#5139,#5140,#5141));
#2205=CYLINDRICAL_SURFACE('',#2206,4.);
#2206=AXIS2_PLACEMENT_3D('',#2207,#2208,#2209);
#2207=CARTESIAN_POINT('',(-24.,-16.,0.));
#2208=DIRECTION('',(0.,0.,1.));
#2209=DIRECTION('',(-1.,0.,0.));
#2210=FACE_OUTER_BOUND('',#2211,.T.);
#2211=EDGE_LOOP('',(#5142));
#2212=FACE_OUTER_BOUND('',#2213,.T.);
#2213=EDGE_LOOP('',(#5143));
#2214=CYLINDRICAL_SURFACE('',#2215,3.2);
#2215=AXIS2_PLACEMENT_3D('',#2216,#2217,#2218);
#2216=CARTESIAN_POINT('',(-24.,-16.,-3.6));
#2217=DIRECTION('',(0.,0.,-1.));
#2218=DIRECTION('',(-1.,0.,0.));
#2219=FACE_BOUND('',#2220,.T.);
#2220=EDGE_LOOP('',(#5144));
#2221=FACE_BOUND('',#2222,.T.);
#2222=EDGE_LOOP('',(#5145,#5146));
#2223=PLANE('',#2224);
#2224=AXIS2_PLACEMENT_3D('',#2225,#2226,#2227);
#2225=CARTESIAN_POINT('',(-24.,-16.,-3.2));
#2226=DIRECTION('',(0.,0.,-1.));
#2227=DIRECTION('',(-1.,0.,0.));
#2228=FACE_BOUND('',#2229,.T.);
#2229=EDGE_LOOP('',(#5147,#5148,#5149,#5150,#5151));
#2230=PLANE('',#2231);
#2231=AXIS2_PLACEMENT_3D('',#2232,#2233,#2234);
#2232=CARTESIAN_POINT('',(12.8,0.,-4.));
#2233=DIRECTION('',(-1.,0.,0.));
#2234=DIRECTION('',(0.,0.,1.));
#2235=FACE_BOUND('',#2236,.T.);
#2236=EDGE_LOOP('',(#5152,#5153,#5154,#5155,#5156));
#2237=PLANE('',#2238);
#2238=AXIS2_PLACEMENT_3D('',#2239,#2240,#2241);
#2239=CARTESIAN_POINT('',(19.2,0.,0.));
#2240=DIRECTION('',(1.,0.,0.));
#2241=DIRECTION('',(0.,0.,-1.));
#2242=FACE_BOUND('',#2243,.T.);
#2243=EDGE_LOOP('',(#5157,#5158,#5159,#5160,#5161));
#2244=PLANE('',#2245);
#2245=AXIS2_PLACEMENT_3D('',#2246,#2247,#2248);
#2246=CARTESIAN_POINT('',(12.8,0.,-4.));
#2247=DIRECTION('',(-1.,0.,0.));
#2248=DIRECTION('',(0.,0.,1.));
#2249=FACE_BOUND('',#2250,.T.);
#2250=EDGE_LOOP('',(#5162,#5163,#5164,#5165,#5166));
#2251=PLANE('',#2252);
#2252=AXIS2_PLACEMENT_3D('',#2253,#2254,#2255);
#2253=CARTESIAN_POINT('',(19.2,0.,0.));
#2254=DIRECTION('',(1.,0.,0.));
#2255=DIRECTION('',(0.,0.,-1.));
#2256=FACE_BOUND('',#2257,.T.);
#2257=EDGE_LOOP('',(#5167,#5168,#5169,#5170,#5171));
#2258=PLANE('',#2259);
#2259=AXIS2_PLACEMENT_3D('',#2260,#2261,#2262);
#2260=CARTESIAN_POINT('',(-12.8,0.,0.));
#2261=DIRECTION('',(1.,0.,0.));
#2262=DIRECTION('',(0.,0.,-1.));
#2263=FACE_BOUND('',#2264,.T.);
#2264=EDGE_LOOP('',(#5172,#5173,#5174,#5175,#5176));
#2265=PLANE('',#2266);
#2266=AXIS2_PLACEMENT_3D('',#2267,#2268,#2269);
#2267=CARTESIAN_POINT('',(-3.2,0.,-4.));
#2268=DIRECTION('',(-1.,0.,0.));
#2269=DIRECTION('',(0.,0.,1.));
#2270=FACE_BOUND('',#2271,.T.);
#2271=EDGE_LOOP('',(#5177,#5178,#5179,#5180));
#2272=CYLINDRICAL_SURFACE('',#2273,3.2);
#2273=AXIS2_PLACEMENT_3D('',#2274,#2275,#2276);
#2274=CARTESIAN_POINT('',(16.,12.4,0.));
#2275=DIRECTION('',(9.251859E-17,-1.,0.));
#2276=DIRECTION('',(1.,9.251859E-17,0.));
#2277=FACE_BOUND('',#2278,.T.);
#2278=EDGE_LOOP('',(#5181,#5182,#5183,#5184));
#2279=FACE_BOUND('',#2280,.T.);
#2280=EDGE_LOOP('',(#5185));
#2281=PLANE('',#2282);
#2282=AXIS2_PLACEMENT_3D('',#2283,#2284,#2285);
#2283=CARTESIAN_POINT('',(16.,-12.8,0.));
#2284=DIRECTION('',(0.,1.,0.));
#2285=DIRECTION('',(-1.,0.,0.));
#2286=FACE_BOUND('',#2287,.T.);
#2287=EDGE_LOOP('',(#5186,#5187,#5188,#5189));
#2288=CYLINDRICAL_SURFACE('',#2289,3.2);
#2289=AXIS2_PLACEMENT_3D('',#2290,#2291,#2292);
#2290=CARTESIAN_POINT('',(-16.,12.4,0.));
#2291=DIRECTION('',(9.251859E-17,-1.,0.));
#2292=DIRECTION('',(1.,9.251859E-17,0.));
#2293=FACE_BOUND('',#2294,.T.);
#2294=EDGE_LOOP('',(#5190,#5191,#5192,#5193));
#2295=FACE_BOUND('',#2296,.T.);
#2296=EDGE_LOOP('',(#5194));
#2297=PLANE('',#2298);
#2298=AXIS2_PLACEMENT_3D('',#2299,#2300,#2301);
#2299=CARTESIAN_POINT('',(-16.,-12.8,0.));
#2300=DIRECTION('',(0.,1.,0.));
#2301=DIRECTION('',(-1.,0.,0.));
#2302=FACE_BOUND('',#2303,.T.);
#2303=EDGE_LOOP('',(#5195,#5196,#5197,#5198,#5199));
#2304=PLANE('',#2305);
#2305=AXIS2_PLACEMENT_3D('',#2306,#2307,#2308);
#2306=CARTESIAN_POINT('',(0.,-11.2,-3.8));
#2307=DIRECTION('',(0.,-1.,0.));
#2308=DIRECTION('',(0.,0.,-1.));
#2309=FACE_BOUND('',#2310,.T.);
#2310=EDGE_LOOP('',(#5200,#5201,#5202,#5203,#5204));
#2311=PLANE('',#2312);
#2312=AXIS2_PLACEMENT_3D('',#2313,#2314,#2315);
#2313=CARTESIAN_POINT('',(0.,11.2,0.));
#2314=DIRECTION('',(0.,1.,0.));
#2315=DIRECTION('',(0.,0.,1.));
#2316=FACE_BOUND('',#2317,.T.);
#2317=EDGE_LOOP('',(#5205,#5206,#5207,#5208,#5209));
#2318=PLANE('',#2319);
#2319=AXIS2_PLACEMENT_3D('',#2320,#2321,#2322);
#2320=CARTESIAN_POINT('',(0.,11.2,0.));
#2321=DIRECTION('',(0.,1.,0.));
#2322=DIRECTION('',(0.,0.,1.));
#2323=FACE_BOUND('',#2324,.T.);
#2324=EDGE_LOOP('',(#5210,#5211,#5212,#5213,#5214));
#2325=PLANE('',#2326);
#2326=AXIS2_PLACEMENT_3D('',#2327,#2328,#2329);
#2327=CARTESIAN_POINT('',(0.,3.2,0.));
#2328=DIRECTION('',(0.,1.,0.));
#2329=DIRECTION('',(0.,0.,1.));
#2330=FACE_BOUND('',#2331,.T.);
#2331=EDGE_LOOP('',(#5215,#5216,#5217,#5218,#5219));
#2332=PLANE('',#2333);
#2333=AXIS2_PLACEMENT_3D('',#2334,#2335,#2336);
#2334=CARTESIAN_POINT('',(0.,3.2,0.));
#2335=DIRECTION('',(0.,1.,0.));
#2336=DIRECTION('',(0.,0.,1.));
#2337=FACE_BOUND('',#2338,.T.);
#2338=EDGE_LOOP('',(#5220,#5221,#5222,#5223,#5224));
#2339=PLANE('',#2340);
#2340=AXIS2_PLACEMENT_3D('',#2341,#2342,#2343);
#2341=CARTESIAN_POINT('',(0.,-3.2,-3.8));
#2342=DIRECTION('',(0.,-1.,0.));
#2343=DIRECTION('',(0.,0.,-1.));
#2344=FACE_BOUND('',#2345,.T.);
#2345=EDGE_LOOP('',(#5225,#5226,#5227,#5228,#5229));
#2346=PLANE('',#2347);
#2347=AXIS2_PLACEMENT_3D('',#2348,#2349,#2350);
#2348=CARTESIAN_POINT('',(0.,-3.2,-3.8));
#2349=DIRECTION('',(0.,-1.,0.));
#2350=DIRECTION('',(0.,0.,-1.));
#2351=FACE_BOUND('',#2352,.T.);
#2352=EDGE_LOOP('',(#5230,#5231,#5232,#5233));
#2353=CYLINDRICAL_SURFACE('',#2354,3.2);
#2354=AXIS2_PLACEMENT_3D('',#2355,#2356,#2357);
#2355=CARTESIAN_POINT('',(-20.4,-8.,0.));
#2356=DIRECTION('',(1.,0.,0.));
#2357=DIRECTION('',(0.,1.,0.));
#2358=FACE_BOUND('',#2359,.T.);
#2359=EDGE_LOOP('',(#5234,#5235,#5236,#5237));
#2360=FACE_BOUND('',#2361,.T.);
#2361=EDGE_LOOP('',(#5238));
#2362=PLANE('',#2363);
#2363=AXIS2_PLACEMENT_3D('',#2364,#2365,#2366);
#2364=CARTESIAN_POINT('',(20.8,8.,0.));
#2365=DIRECTION('',(-1.,0.,0.));
#2366=DIRECTION('',(0.,-1.,0.));
#2367=FACE_BOUND('',#2368,.T.);
#2368=EDGE_LOOP('',(#5239,#5240,#5241,#5242));
#2369=CYLINDRICAL_SURFACE('',#2370,3.2);
#2370=AXIS2_PLACEMENT_3D('',#2371,#2372,#2373);
#2371=CARTESIAN_POINT('',(-20.4,8.,0.));
#2372=DIRECTION('',(1.,0.,0.));
#2373=DIRECTION('',(0.,1.,0.));
#2374=FACE_BOUND('',#2375,.T.);
#2375=EDGE_LOOP('',(#5243));
#2376=FACE_BOUND('',#2377,.T.);
#2377=EDGE_LOOP('',(#5244));
#2378=PLANE('',#2379);
#2379=AXIS2_PLACEMENT_3D('',#2380,#2381,#2382);
#2380=CARTESIAN_POINT('',(27.2,-8.,0.));
#2381=DIRECTION('',(1.,0.,0.));
#2382=DIRECTION('',(0.,1.,0.));
#2383=FACE_OUTER_BOUND('',#2384,.T.);
#2384=EDGE_LOOP('',(#5245));
#2385=FACE_OUTER_BOUND('',#2386,.T.);
#2386=EDGE_LOOP('',(#5246));
#2387=CYLINDRICAL_SURFACE('',#2388,3.2);
#2388=AXIS2_PLACEMENT_3D('',#2389,#2390,#2391);
#2389=CARTESIAN_POINT('',(27.6,-8.,0.));
#2390=DIRECTION('',(1.,0.,0.));
#2391=DIRECTION('',(0.,1.,0.));
#2392=FACE_BOUND('',#2393,.T.);
#2393=EDGE_LOOP('',(#5247,#5248,#5249,#5250));
#2394=CYLINDRICAL_SURFACE('',#2395,3.2);
#2395=AXIS2_PLACEMENT_3D('',#2396,#2397,#2398);
#2396=CARTESIAN_POINT('',(20.4,-8.,0.));
#2397=DIRECTION('',(-1.,0.,0.));
#2398=DIRECTION('',(0.,-1.,0.));
#2399=FACE_BOUND('',#2400,.T.);
#2400=EDGE_LOOP('',(#5251));
#2401=FACE_BOUND('',#2402,.T.);
#2402=EDGE_LOOP('',(#5252,#5253));
#2403=PLANE('',#2404);
#2404=AXIS2_PLACEMENT_3D('',#2405,#2406,#2407);
#2405=CARTESIAN_POINT('',(27.2,0.,0.));
#2406=DIRECTION('',(1.,0.,0.));
#2407=DIRECTION('',(0.,1.,0.));
#2408=FACE_OUTER_BOUND('',#2409,.T.);
#2409=EDGE_LOOP('',(#5254));
#2410=FACE_OUTER_BOUND('',#2411,.T.);
#2411=EDGE_LOOP('',(#5255));
#2412=CYLINDRICAL_SURFACE('',#2413,3.2);
#2413=AXIS2_PLACEMENT_3D('',#2414,#2415,#2416);
#2414=CARTESIAN_POINT('',(27.6,0.,0.));
#2415=DIRECTION('',(1.,0.,0.));
#2416=DIRECTION('',(0.,1.,0.));
#2417=FACE_BOUND('',#2418,.T.);
#2418=EDGE_LOOP('',(#5256,#5257,#5258,#5259));
#2419=FACE_BOUND('',#2420,.T.);
#2420=EDGE_LOOP('',(#5260,#5261));
#2421=PLANE('',#2422);
#2422=AXIS2_PLACEMENT_3D('',#2423,#2424,#2425);
#2423=CARTESIAN_POINT('',(20.8,0.,0.));
#2424=DIRECTION('',(-1.,0.,0.));
#2425=DIRECTION('',(0.,-1.,0.));
#2426=FACE_BOUND('',#2427,.T.);
#2427=EDGE_LOOP('',(#5262,#5263,#5264,#5265));
#2428=CYLINDRICAL_SURFACE('',#2429,3.2);
#2429=AXIS2_PLACEMENT_3D('',#2430,#2431,#2432);
#2430=CARTESIAN_POINT('',(20.4,0.,0.));
#2431=DIRECTION('',(-1.,0.,0.));
#2432=DIRECTION('',(0.,-1.,0.));
#2433=FACE_BOUND('',#2434,.T.);
#2434=EDGE_LOOP('',(#5266));
#2435=FACE_BOUND('',#2436,.T.);
#2436=EDGE_LOOP('',(#5267));
#2437=PLANE('',#2438);
#2438=AXIS2_PLACEMENT_3D('',#2439,#2440,#2441);
#2439=CARTESIAN_POINT('',(27.2,8.,0.));
#2440=DIRECTION('',(1.,0.,0.));
#2441=DIRECTION('',(0.,1.,0.));
#2442=FACE_OUTER_BOUND('',#2443,.T.);
#2443=EDGE_LOOP('',(#5268));
#2444=FACE_OUTER_BOUND('',#2445,.T.);
#2445=EDGE_LOOP('',(#5269));
#2446=CYLINDRICAL_SURFACE('',#2447,3.2);
#2447=AXIS2_PLACEMENT_3D('',#2448,#2449,#2450);
#2448=CARTESIAN_POINT('',(27.6,8.,0.));
#2449=DIRECTION('',(1.,0.,0.));
#2450=DIRECTION('',(0.,1.,0.));
#2451=FACE_BOUND('',#2452,.T.);
#2452=EDGE_LOOP('',(#5270,#5271,#5272,#5273));
#2453=CYLINDRICAL_SURFACE('',#2454,3.2);
#2454=AXIS2_PLACEMENT_3D('',#2455,#2456,#2457);
#2455=CARTESIAN_POINT('',(20.4,8.,0.));
#2456=DIRECTION('',(-1.,0.,0.));
#2457=DIRECTION('',(0.,-1.,0.));
#2458=FACE_BOUND('',#2459,.T.);
#2459=EDGE_LOOP('',(#5274,#5275,#5276,#5277));
#2460=FACE_BOUND('',#2461,.T.);
#2461=EDGE_LOOP('',(#5278,#5279));
#2462=PLANE('',#2463);
#2463=AXIS2_PLACEMENT_3D('',#2464,#2465,#2466);
#2464=CARTESIAN_POINT('',(-20.8,-8.,0.));
#2465=DIRECTION('',(1.,0.,0.));
#2466=DIRECTION('',(0.,1.,0.));
#2467=FACE_BOUND('',#2468,.T.);
#2468=EDGE_LOOP('',(#5280));
#2469=FACE_BOUND('',#2470,.T.);
#2470=EDGE_LOOP('',(#5281,#5282));
#2471=PLANE('',#2472);
#2472=AXIS2_PLACEMENT_3D('',#2473,#2474,#2475);
#2473=CARTESIAN_POINT('',(-27.2,-8.,0.));
#2474=DIRECTION('',(-1.,0.,0.));
#2475=DIRECTION('',(0.,-1.,0.));
#2476=FACE_OUTER_BOUND('',#2477,.T.);
#2477=EDGE_LOOP('',(#5283));
#2478=FACE_OUTER_BOUND('',#2479,.T.);
#2479=EDGE_LOOP('',(#5284));
#2480=CYLINDRICAL_SURFACE('',#2481,3.2);
#2481=AXIS2_PLACEMENT_3D('',#2482,#2483,#2484);
#2482=CARTESIAN_POINT('',(-27.6,-8.,0.));
#2483=DIRECTION('',(-1.,0.,0.));
#2484=DIRECTION('',(0.,-1.,0.));
#2485=FACE_BOUND('',#2486,.T.);
#2486=EDGE_LOOP('',(#5285,#5286,#5287,#5288));
#2487=FACE_BOUND('',#2488,.T.);
#2488=EDGE_LOOP('',(#5289,#5290));
#2489=PLANE('',#2490);
#2490=AXIS2_PLACEMENT_3D('',#2491,#2492,#2493);
#2491=CARTESIAN_POINT('',(-20.8,0.,0.));
#2492=DIRECTION('',(1.,0.,0.));
#2493=DIRECTION('',(0.,1.,0.));
#2494=FACE_BOUND('',#2495,.T.);
#2495=EDGE_LOOP('',(#5291,#5292,#5293,#5294));
#2496=CYLINDRICAL_SURFACE('',#2497,3.2);
#2497=AXIS2_PLACEMENT_3D('',#2498,#2499,#2500);
#2498=CARTESIAN_POINT('',(-20.4,0.,0.));
#2499=DIRECTION('',(1.,0.,0.));
#2500=DIRECTION('',(0.,1.,0.));
#2501=FACE_BOUND('',#2502,.T.);
#2502=EDGE_LOOP('',(#5295));
#2503=FACE_BOUND('',#2504,.T.);
#2504=EDGE_LOOP('',(#5296,#5297));
#2505=PLANE('',#2506);
#2506=AXIS2_PLACEMENT_3D('',#2507,#2508,#2509);
#2507=CARTESIAN_POINT('',(-27.2,0.,0.));
#2508=DIRECTION('',(-1.,0.,0.));
#2509=DIRECTION('',(0.,-1.,0.));
#2510=FACE_OUTER_BOUND('',#2511,.T.);
#2511=EDGE_LOOP('',(#5298));
#2512=FACE_OUTER_BOUND('',#2513,.T.);
#2513=EDGE_LOOP('',(#5299));
#2514=CYLINDRICAL_SURFACE('',#2515,3.2);
#2515=AXIS2_PLACEMENT_3D('',#2516,#2517,#2518);
#2516=CARTESIAN_POINT('',(-27.6,0.,0.));
#2517=DIRECTION('',(-1.,0.,0.));
#2518=DIRECTION('',(0.,-1.,0.));
#2519=FACE_BOUND('',#2520,.T.);
#2520=EDGE_LOOP('',(#5300));
#2521=FACE_BOUND('',#2522,.T.);
#2522=EDGE_LOOP('',(#5301,#5302));
#2523=PLANE('',#2524);
#2524=AXIS2_PLACEMENT_3D('',#2525,#2526,#2527);
#2525=CARTESIAN_POINT('',(16.,19.2,0.));
#2526=DIRECTION('',(0.,1.,0.));
#2527=DIRECTION('',(-1.,0.,0.));
#2528=FACE_OUTER_BOUND('',#2529,.T.);
#2529=EDGE_LOOP('',(#5303));
#2530=FACE_OUTER_BOUND('',#2531,.T.);
#2531=EDGE_LOOP('',(#5304));
#2532=CYLINDRICAL_SURFACE('',#2533,3.2);
#2533=AXIS2_PLACEMENT_3D('',#2534,#2535,#2536);
#2534=CARTESIAN_POINT('',(16.,19.6,0.));
#2535=DIRECTION('',(9.251859E-17,1.,0.));
#2536=DIRECTION('',(-1.,9.251859E-17,0.));
#2537=FACE_BOUND('',#2538,.T.);
#2538=EDGE_LOOP('',(#5305,#5306,#5307,#5308));
#2539=FACE_BOUND('',#2540,.T.);
#2540=EDGE_LOOP('',(#5309,#5310));
#2541=PLANE('',#2542);
#2542=AXIS2_PLACEMENT_3D('',#2543,#2544,#2545);
#2543=CARTESIAN_POINT('',(16.,12.8,0.));
#2544=DIRECTION('',(0.,-1.,0.));
#2545=DIRECTION('',(1.,0.,0.));
#2546=FACE_BOUND('',#2547,.T.);
#2547=EDGE_LOOP('',(#5311));
#2548=FACE_BOUND('',#2549,.T.);
#2549=EDGE_LOOP('',(#5312,#5313));
#2550=PLANE('',#2551);
#2551=AXIS2_PLACEMENT_3D('',#2552,#2553,#2554);
#2552=CARTESIAN_POINT('',(0.,19.2,0.));
#2553=DIRECTION('',(0.,1.,0.));
#2554=DIRECTION('',(-1.,0.,0.));
#2555=FACE_OUTER_BOUND('',#2556,.T.);
#2556=EDGE_LOOP('',(#5314));
#2557=FACE_OUTER_BOUND('',#2558,.T.);
#2558=EDGE_LOOP('',(#5315));
#2559=CYLINDRICAL_SURFACE('',#2560,3.2);
#2560=AXIS2_PLACEMENT_3D('',#2561,#2562,#2563);
#2561=CARTESIAN_POINT('',(0.,19.6,0.));
#2562=DIRECTION('',(9.251859E-17,1.,0.));
#2563=DIRECTION('',(-1.,9.251859E-17,0.));
#2564=FACE_BOUND('',#2565,.T.);
#2565=EDGE_LOOP('',(#5316,#5317,#5318,#5319));
#2566=FACE_BOUND('',#2567,.T.);
#2567=EDGE_LOOP('',(#5320,#5321));
#2568=PLANE('',#2569);
#2569=AXIS2_PLACEMENT_3D('',#2570,#2571,#2572);
#2570=CARTESIAN_POINT('',(0.,12.8,0.));
#2571=DIRECTION('',(0.,-1.,0.));
#2572=DIRECTION('',(1.,0.,0.));
#2573=FACE_BOUND('',#2574,.T.);
#2574=EDGE_LOOP('',(#5322,#5323,#5324,#5325));
#2575=CYLINDRICAL_SURFACE('',#2576,3.2);
#2576=AXIS2_PLACEMENT_3D('',#2577,#2578,#2579);
#2577=CARTESIAN_POINT('',(0.,12.4,0.));
#2578=DIRECTION('',(9.251859E-17,-1.,0.));
#2579=DIRECTION('',(1.,9.251859E-17,0.));
#2580=FACE_BOUND('',#2581,.T.);
#2581=EDGE_LOOP('',(#5326));
#2582=FACE_BOUND('',#2583,.T.);
#2583=EDGE_LOOP('',(#5327,#5328));
#2584=PLANE('',#2585);
#2585=AXIS2_PLACEMENT_3D('',#2586,#2587,#2588);
#2586=CARTESIAN_POINT('',(-16.,19.2,0.));
#2587=DIRECTION('',(0.,1.,0.));
#2588=DIRECTION('',(-1.,0.,0.));
#2589=FACE_OUTER_BOUND('',#2590,.T.);
#2590=EDGE_LOOP('',(#5329));
#2591=FACE_OUTER_BOUND('',#2592,.T.);
#2592=EDGE_LOOP('',(#5330));
#2593=CYLINDRICAL_SURFACE('',#2594,3.2);
#2594=AXIS2_PLACEMENT_3D('',#2595,#2596,#2597);
#2595=CARTESIAN_POINT('',(-16.,19.6,0.));
#2596=DIRECTION('',(9.251859E-17,1.,0.));
#2597=DIRECTION('',(-1.,9.251859E-17,0.));
#2598=FACE_BOUND('',#2599,.T.);
#2599=EDGE_LOOP('',(#5331,#5332,#5333,#5334));
#2600=FACE_BOUND('',#2601,.T.);
#2601=EDGE_LOOP('',(#5335,#5336));
#2602=PLANE('',#2603);
#2603=AXIS2_PLACEMENT_3D('',#2604,#2605,#2606);
#2604=CARTESIAN_POINT('',(-16.,12.8,0.));
#2605=DIRECTION('',(0.,-1.,0.));
#2606=DIRECTION('',(1.,0.,0.));
#2607=FACE_BOUND('',#2608,.T.);
#2608=EDGE_LOOP('',(#5337,#5338,#5339,#5340));
#2609=CYLINDRICAL_SURFACE('',#2610,3.2);
#2610=AXIS2_PLACEMENT_3D('',#2611,#2612,#2613);
#2611=CARTESIAN_POINT('',(16.,-12.4,0.));
#2612=DIRECTION('',(9.251859E-17,1.,0.));
#2613=DIRECTION('',(-1.,9.251859E-17,0.));
#2614=FACE_BOUND('',#2615,.T.);
#2615=EDGE_LOOP('',(#5341));
#2616=FACE_BOUND('',#2617,.T.);
#2617=EDGE_LOOP('',(#5342));
#2618=PLANE('',#2619);
#2619=AXIS2_PLACEMENT_3D('',#2620,#2621,#2622);
#2620=CARTESIAN_POINT('',(16.,-19.2,0.));
#2621=DIRECTION('',(0.,-1.,0.));
#2622=DIRECTION('',(1.,0.,0.));
#2623=FACE_OUTER_BOUND('',#2624,.T.);
#2624=EDGE_LOOP('',(#5343));
#2625=FACE_OUTER_BOUND('',#2626,.T.);
#2626=EDGE_LOOP('',(#5344));
#2627=CYLINDRICAL_SURFACE('',#2628,3.2);
#2628=AXIS2_PLACEMENT_3D('',#2629,#2630,#2631);
#2629=CARTESIAN_POINT('',(16.,-19.6,0.));
#2630=DIRECTION('',(9.251859E-17,-1.,0.));
#2631=DIRECTION('',(1.,9.251859E-17,0.));
#2632=FACE_BOUND('',#2633,.T.);
#2633=EDGE_LOOP('',(#5345,#5346,#5347,#5348));
#2634=FACE_BOUND('',#2635,.T.);
#2635=EDGE_LOOP('',(#5349));
#2636=PLANE('',#2637);
#2637=AXIS2_PLACEMENT_3D('',#2638,#2639,#2640);
#2638=CARTESIAN_POINT('',(0.,-12.8,0.));
#2639=DIRECTION('',(0.,1.,0.));
#2640=DIRECTION('',(-1.,0.,0.));
#2641=FACE_BOUND('',#2642,.T.);
#2642=EDGE_LOOP('',(#5350,#5351,#5352,#5353));
#2643=CYLINDRICAL_SURFACE('',#2644,3.2);
#2644=AXIS2_PLACEMENT_3D('',#2645,#2646,#2647);
#2645=CARTESIAN_POINT('',(0.,-12.4,0.));
#2646=DIRECTION('',(9.251859E-17,1.,0.));
#2647=DIRECTION('',(-1.,9.251859E-17,0.));
#2648=FACE_BOUND('',#2649,.T.);
#2649=EDGE_LOOP('',(#5354));
#2650=FACE_BOUND('',#2651,.T.);
#2651=EDGE_LOOP('',(#5355));
#2652=PLANE('',#2653);
#2653=AXIS2_PLACEMENT_3D('',#2654,#2655,#2656);
#2654=CARTESIAN_POINT('',(0.,-19.2,0.));
#2655=DIRECTION('',(0.,-1.,0.));
#2656=DIRECTION('',(1.,0.,0.));
#2657=FACE_OUTER_BOUND('',#2658,.T.);
#2658=EDGE_LOOP('',(#5356));
#2659=FACE_OUTER_BOUND('',#2660,.T.);
#2660=EDGE_LOOP('',(#5357));
#2661=CYLINDRICAL_SURFACE('',#2662,3.2);
#2662=AXIS2_PLACEMENT_3D('',#2663,#2664,#2665);
#2663=CARTESIAN_POINT('',(0.,-19.6,0.));
#2664=DIRECTION('',(9.251859E-17,-1.,0.));
#2665=DIRECTION('',(1.,9.251859E-17,0.));
#2666=FACE_BOUND('',#2667,.T.);
#2667=EDGE_LOOP('',(#5358,#5359));
#2668=FACE_BOUND('',#2669,.T.);
#2669=EDGE_LOOP('',(#5360,#5361));
#2670=PLANE('',#2671);
#2671=AXIS2_PLACEMENT_3D('',#2672,#2673,#2674);
#2672=CARTESIAN_POINT('',(24.,16.,3.2));
#2673=DIRECTION('',(0.,0.,1.));
#2674=DIRECTION('',(1.,0.,0.));
#2675=FACE_BOUND('',#2676,.T.);
#2676=EDGE_LOOP('',(#5362,#5363));
#2677=FACE_BOUND('',#2678,.T.);
#2678=EDGE_LOOP('',(#5364,#5365));
#2679=CYLINDRICAL_SURFACE('',#2680,3.2);
#2680=AXIS2_PLACEMENT_3D('',#2681,#2682,#2683);
#2681=CARTESIAN_POINT('',(24.,16.,3.6));
#2682=DIRECTION('',(0.,0.,1.));
#2683=DIRECTION('',(1.,0.,0.));
#2684=FACE_BOUND('',#2685,.T.);
#2685=EDGE_LOOP('',(#5366,#5367));
#2686=FACE_BOUND('',#2687,.T.);
#2687=EDGE_LOOP('',(#5368,#5369));
#2688=CYLINDRICAL_SURFACE('',#2689,2.4);
#2689=AXIS2_PLACEMENT_3D('',#2690,#2691,#2692);
#2690=CARTESIAN_POINT('',(24.,16.,2.));
#2691=DIRECTION('',(0.,0.,1.));
#2692=DIRECTION('',(1.,0.,0.));
#2693=FACE_BOUND('',#2694,.T.);
#2694=EDGE_LOOP('',(#5370));
#2695=FACE_BOUND('',#2696,.T.);
#2696=EDGE_LOOP('',(#5371,#5372));
#2697=PLANE('',#2698);
#2698=AXIS2_PLACEMENT_3D('',#2699,#2700,#2701);
#2699=CARTESIAN_POINT('',(8.,16.,-3.2));
#2700=DIRECTION('',(0.,0.,-1.));
#2701=DIRECTION('',(-1.,0.,0.));
#2702=FACE_OUTER_BOUND('',#2703,.T.);
#2703=EDGE_LOOP('',(#5373));
#2704=FACE_OUTER_BOUND('',#2705,.T.);
#2705=EDGE_LOOP('',(#5374));
#2706=CYLINDRICAL_SURFACE('',#2707,3.2);
#2707=AXIS2_PLACEMENT_3D('',#2708,#2709,#2710);
#2708=CARTESIAN_POINT('',(8.,16.,-3.6));
#2709=DIRECTION('',(0.,0.,-1.));
#2710=DIRECTION('',(-1.,0.,0.));
#2711=FACE_BOUND('',#2712,.T.);
#2712=EDGE_LOOP('',(#5375));
#2713=FACE_BOUND('',#2714,.T.);
#2714=EDGE_LOOP('',(#5376,#5377));
#2715=PLANE('',#2716);
#2716=AXIS2_PLACEMENT_3D('',#2717,#2718,#2719);
#2717=CARTESIAN_POINT('',(8.,16.,3.2));
#2718=DIRECTION('',(0.,0.,1.));
#2719=DIRECTION('',(1.,0.,0.));
#2720=FACE_OUTER_BOUND('',#2721,.T.);
#2721=EDGE_LOOP('',(#5378));
#2722=FACE_OUTER_BOUND('',#2723,.T.);
#2723=EDGE_LOOP('',(#5379));
#2724=CYLINDRICAL_SURFACE('',#2725,3.2);
#2725=AXIS2_PLACEMENT_3D('',#2726,#2727,#2728);
#2726=CARTESIAN_POINT('',(8.,16.,3.6));
#2727=DIRECTION('',(0.,0.,1.));
#2728=DIRECTION('',(1.,0.,0.));
#2729=FACE_BOUND('',#2730,.T.);
#2730=EDGE_LOOP('',(#5380,#5381));
#2731=FACE_BOUND('',#2732,.T.);
#2732=EDGE_LOOP('',(#5382,#5383));
#2733=CYLINDRICAL_SURFACE('',#2734,2.4);
#2734=AXIS2_PLACEMENT_3D('',#2735,#2736,#2737);
#2735=CARTESIAN_POINT('',(8.,16.,2.));
#2736=DIRECTION('',(0.,0.,1.));
#2737=DIRECTION('',(1.,0.,0.));
#2738=FACE_BOUND('',#2739,.T.);
#2739=EDGE_LOOP('',(#5384));
#2740=FACE_BOUND('',#2741,.T.);
#2741=EDGE_LOOP('',(#5385,#5386));
#2742=PLANE('',#2743);
#2743=AXIS2_PLACEMENT_3D('',#2744,#2745,#2746);
#2744=CARTESIAN_POINT('',(-8.,16.,-3.2));
#2745=DIRECTION('',(0.,0.,-1.));
#2746=DIRECTION('',(-1.,0.,0.));
#2747=FACE_OUTER_BOUND('',#2748,.T.);
#2748=EDGE_LOOP('',(#5387));
#2749=FACE_OUTER_BOUND('',#2750,.T.);
#2750=EDGE_LOOP('',(#5388));
#2751=CYLINDRICAL_SURFACE('',#2752,3.2);
#2752=AXIS2_PLACEMENT_3D('',#2753,#2754,#2755);
#2753=CARTESIAN_POINT('',(-8.,16.,-3.6));
#2754=DIRECTION('',(0.,0.,-1.));
#2755=DIRECTION('',(-1.,0.,0.));
#2756=FACE_BOUND('',#2757,.T.);
#2757=EDGE_LOOP('',(#5389));
#2758=FACE_BOUND('',#2759,.T.);
#2759=EDGE_LOOP('',(#5390,#5391));
#2760=PLANE('',#2761);
#2761=AXIS2_PLACEMENT_3D('',#2762,#2763,#2764);
#2762=CARTESIAN_POINT('',(-8.,16.,3.2));
#2763=DIRECTION('',(0.,0.,1.));
#2764=DIRECTION('',(1.,0.,0.));
#2765=FACE_OUTER_BOUND('',#2766,.T.);
#2766=EDGE_LOOP('',(#5392));
#2767=FACE_OUTER_BOUND('',#2768,.T.);
#2768=EDGE_LOOP('',(#5393));
#2769=CYLINDRICAL_SURFACE('',#2770,3.2);
#2770=AXIS2_PLACEMENT_3D('',#2771,#2772,#2773);
#2771=CARTESIAN_POINT('',(-8.,16.,3.6));
#2772=DIRECTION('',(0.,0.,1.));
#2773=DIRECTION('',(1.,0.,0.));
#2774=FACE_BOUND('',#2775,.T.);
#2775=EDGE_LOOP('',(#5394,#5395));
#2776=FACE_BOUND('',#2777,.T.);
#2777=EDGE_LOOP('',(#5396,#5397));
#2778=CYLINDRICAL_SURFACE('',#2779,2.4);
#2779=AXIS2_PLACEMENT_3D('',#2780,#2781,#2782);
#2780=CARTESIAN_POINT('',(-8.,16.,2.));
#2781=DIRECTION('',(0.,0.,1.));
#2782=DIRECTION('',(1.,0.,0.));
#2783=FACE_BOUND('',#2784,.T.);
#2784=EDGE_LOOP('',(#5398,#5399));
#2785=FACE_BOUND('',#2786,.T.);
#2786=EDGE_LOOP('',(#5400,#5401));
#2787=PLANE('',#2788);
#2788=AXIS2_PLACEMENT_3D('',#2789,#2790,#2791);
#2789=CARTESIAN_POINT('',(-24.,16.,3.2));
#2790=DIRECTION('',(0.,0.,1.));
#2791=DIRECTION('',(1.,0.,0.));
#2792=FACE_BOUND('',#2793,.T.);
#2793=EDGE_LOOP('',(#5402,#5403));
#2794=FACE_BOUND('',#2795,.T.);
#2795=EDGE_LOOP('',(#5404,#5405));
#2796=CYLINDRICAL_SURFACE('',#2797,3.2);
#2797=AXIS2_PLACEMENT_3D('',#2798,#2799,#2800);
#2798=CARTESIAN_POINT('',(-24.,16.,3.6));
#2799=DIRECTION('',(0.,0.,1.));
#2800=DIRECTION('',(1.,0.,0.));
#2801=FACE_BOUND('',#2802,.T.);
#2802=EDGE_LOOP('',(#5406,#5407));
#2803=FACE_BOUND('',#2804,.T.);
#2804=EDGE_LOOP('',(#5408,#5409));
#2805=CYLINDRICAL_SURFACE('',#2806,2.4);
#2806=AXIS2_PLACEMENT_3D('',#2807,#2808,#2809);
#2807=CARTESIAN_POINT('',(-24.,16.,2.));
#2808=DIRECTION('',(0.,0.,1.));
#2809=DIRECTION('',(1.,0.,0.));
#2810=FACE_BOUND('',#2811,.T.);
#2811=EDGE_LOOP('',(#5410,#5411));
#2812=FACE_BOUND('',#2813,.T.);
#2813=EDGE_LOOP('',(#5412,#5413));
#2814=PLANE('',#2815);
#2815=AXIS2_PLACEMENT_3D('',#2816,#2817,#2818);
#2816=CARTESIAN_POINT('',(24.,-16.,3.2));
#2817=DIRECTION('',(0.,0.,1.));
#2818=DIRECTION('',(1.,0.,0.));
#2819=FACE_BOUND('',#2820,.T.);
#2820=EDGE_LOOP('',(#5414,#5415));
#2821=FACE_BOUND('',#2822,.T.);
#2822=EDGE_LOOP('',(#5416,#5417));
#2823=CYLINDRICAL_SURFACE('',#2824,3.2);
#2824=AXIS2_PLACEMENT_3D('',#2825,#2826,#2827);
#2825=CARTESIAN_POINT('',(24.,-16.,3.6));
#2826=DIRECTION('',(0.,0.,1.));
#2827=DIRECTION('',(1.,0.,0.));
#2828=FACE_BOUND('',#2829,.T.);
#2829=EDGE_LOOP('',(#5418,#5419));
#2830=FACE_BOUND('',#2831,.T.);
#2831=EDGE_LOOP('',(#5420,#5421));
#2832=CYLINDRICAL_SURFACE('',#2833,2.4);
#2833=AXIS2_PLACEMENT_3D('',#2834,#2835,#2836);
#2834=CARTESIAN_POINT('',(24.,-16.,2.));
#2835=DIRECTION('',(0.,0.,1.));
#2836=DIRECTION('',(1.,0.,0.));
#2837=FACE_BOUND('',#2838,.T.);
#2838=EDGE_LOOP('',(#5422));
#2839=FACE_BOUND('',#2840,.T.);
#2840=EDGE_LOOP('',(#5423,#5424));
#2841=PLANE('',#2842);
#2842=AXIS2_PLACEMENT_3D('',#2843,#2844,#2845);
#2843=CARTESIAN_POINT('',(8.,-16.,-3.2));
#2844=DIRECTION('',(0.,0.,-1.));
#2845=DIRECTION('',(-1.,0.,0.));
#2846=FACE_OUTER_BOUND('',#2847,.T.);
#2847=EDGE_LOOP('',(#5425));
#2848=FACE_OUTER_BOUND('',#2849,.T.);
#2849=EDGE_LOOP('',(#5426));
#2850=CYLINDRICAL_SURFACE('',#2851,3.2);
#2851=AXIS2_PLACEMENT_3D('',#2852,#2853,#2854);
#2852=CARTESIAN_POINT('',(8.,-16.,-3.6));
#2853=DIRECTION('',(0.,0.,-1.));
#2854=DIRECTION('',(-1.,0.,0.));
#2855=FACE_BOUND('',#2856,.T.);
#2856=EDGE_LOOP('',(#5427));
#2857=FACE_BOUND('',#2858,.T.);
#2858=EDGE_LOOP('',(#5428,#5429));
#2859=PLANE('',#2860);
#2860=AXIS2_PLACEMENT_3D('',#2861,#2862,#2863);
#2861=CARTESIAN_POINT('',(8.,-16.,3.2));
#2862=DIRECTION('',(0.,0.,1.));
#2863=DIRECTION('',(1.,0.,0.));
#2864=FACE_OUTER_BOUND('',#2865,.T.);
#2865=EDGE_LOOP('',(#5430));
#2866=FACE_OUTER_BOUND('',#2867,.T.);
#2867=EDGE_LOOP('',(#5431));
#2868=CYLINDRICAL_SURFACE('',#2869,3.2);
#2869=AXIS2_PLACEMENT_3D('',#2870,#2871,#2872);
#2870=CARTESIAN_POINT('',(8.,-16.,3.6));
#2871=DIRECTION('',(0.,0.,1.));
#2872=DIRECTION('',(1.,0.,0.));
#2873=FACE_BOUND('',#2874,.T.);
#2874=EDGE_LOOP('',(#5432,#5433));
#2875=FACE_BOUND('',#2876,.T.);
#2876=EDGE_LOOP('',(#5434,#5435));
#2877=CYLINDRICAL_SURFACE('',#2878,2.4);
#2878=AXIS2_PLACEMENT_3D('',#2879,#2880,#2881);
#2879=CARTESIAN_POINT('',(8.,-16.,2.));
#2880=DIRECTION('',(0.,0.,1.));
#2881=DIRECTION('',(1.,0.,0.));
#2882=FACE_BOUND('',#2883,.T.);
#2883=EDGE_LOOP('',(#5436));
#2884=FACE_BOUND('',#2885,.T.);
#2885=EDGE_LOOP('',(#5437,#5438));
#2886=PLANE('',#2887);
#2887=AXIS2_PLACEMENT_3D('',#2888,#2889,#2890);
#2888=CARTESIAN_POINT('',(-8.,-16.,-3.2));
#2889=DIRECTION('',(0.,0.,-1.));
#2890=DIRECTION('',(-1.,0.,0.));
#2891=FACE_OUTER_BOUND('',#2892,.T.);
#2892=EDGE_LOOP('',(#5439));
#2893=FACE_OUTER_BOUND('',#2894,.T.);
#2894=EDGE_LOOP('',(#5440));
#2895=CYLINDRICAL_SURFACE('',#2896,3.2);
#2896=AXIS2_PLACEMENT_3D('',#2897,#2898,#2899);
#2897=CARTESIAN_POINT('',(-8.,-16.,-3.6));
#2898=DIRECTION('',(0.,0.,-1.));
#2899=DIRECTION('',(-1.,0.,0.));
#2900=FACE_BOUND('',#2901,.T.);
#2901=EDGE_LOOP('',(#5441));
#2902=FACE_BOUND('',#2903,.T.);
#2903=EDGE_LOOP('',(#5442,#5443));
#2904=PLANE('',#2905);
#2905=AXIS2_PLACEMENT_3D('',#2906,#2907,#2908);
#2906=CARTESIAN_POINT('',(-8.,-16.,3.2));
#2907=DIRECTION('',(0.,0.,1.));
#2908=DIRECTION('',(1.,0.,0.));
#2909=FACE_OUTER_BOUND('',#2910,.T.);
#2910=EDGE_LOOP('',(#5444));
#2911=FACE_OUTER_BOUND('',#2912,.T.);
#2912=EDGE_LOOP('',(#5445));
#2913=CYLINDRICAL_SURFACE('',#2914,3.2);
#2914=AXIS2_PLACEMENT_3D('',#2915,#2916,#2917);
#2915=CARTESIAN_POINT('',(-8.,-16.,3.6));
#2916=DIRECTION('',(0.,0.,1.));
#2917=DIRECTION('',(1.,0.,0.));
#2918=FACE_BOUND('',#2919,.T.);
#2919=EDGE_LOOP('',(#5446,#5447));
#2920=FACE_BOUND('',#2921,.T.);
#2921=EDGE_LOOP('',(#5448,#5449));
#2922=CYLINDRICAL_SURFACE('',#2923,2.4);
#2923=AXIS2_PLACEMENT_3D('',#2924,#2925,#2926);
#2924=CARTESIAN_POINT('',(-8.,-16.,2.));
#2925=DIRECTION('',(0.,0.,1.));
#2926=DIRECTION('',(1.,0.,0.));
#2927=FACE_BOUND('',#2928,.T.);
#2928=EDGE_LOOP('',(#5450,#5451,#5452,#5453));
#2929=FACE_BOUND('',#2930,.T.);
#2930=EDGE_LOOP('',(#5454,#5455));
#2931=PLANE('',#2932);
#2932=AXIS2_PLACEMENT_3D('',#2933,#2934,#2935);
#2933=CARTESIAN_POINT('',(-20.8,8.,0.));
#2934=DIRECTION('',(1.,0.,0.));
#2935=DIRECTION('',(0.,1.,0.));
#2936=FACE_BOUND('',#2937,.T.);
#2937=EDGE_LOOP('',(#5456));
#2938=FACE_BOUND('',#2939,.T.);
#2939=EDGE_LOOP('',(#5457,#5458));
#2940=PLANE('',#2941);
#2941=AXIS2_PLACEMENT_3D('',#2942,#2943,#2944);
#2942=CARTESIAN_POINT('',(-27.2,8.,0.));
#2943=DIRECTION('',(-1.,0.,0.));
#2944=DIRECTION('',(0.,-1.,0.));
#2945=FACE_OUTER_BOUND('',#2946,.T.);
#2946=EDGE_LOOP('',(#5459));
#2947=FACE_OUTER_BOUND('',#2948,.T.);
#2948=EDGE_LOOP('',(#5460));
#2949=CYLINDRICAL_SURFACE('',#2950,3.2);
#2950=AXIS2_PLACEMENT_3D('',#2951,#2952,#2953);
#2951=CARTESIAN_POINT('',(-27.6,8.,0.));
#2952=DIRECTION('',(-1.,0.,0.));
#2953=DIRECTION('',(0.,-1.,0.));
#2954=FACE_BOUND('',#2955,.T.);
#2955=EDGE_LOOP('',(#5461,#5462,#5463,#5464));
#2956=CYLINDRICAL_SURFACE('',#2957,3.2);
#2957=AXIS2_PLACEMENT_3D('',#2958,#2959,#2960);
#2958=CARTESIAN_POINT('',(-16.,-12.4,0.));
#2959=DIRECTION('',(9.251859E-17,1.,0.));
#2960=DIRECTION('',(-1.,9.251859E-17,0.));
#2961=FACE_BOUND('',#2962,.T.);
#2962=EDGE_LOOP('',(#5465));
#2963=FACE_BOUND('',#2964,.T.);
#2964=EDGE_LOOP('',(#5466));
#2965=PLANE('',#2966);
#2966=AXIS2_PLACEMENT_3D('',#2967,#2968,#2969);
#2967=CARTESIAN_POINT('',(-16.,-19.2,0.));
#2968=DIRECTION('',(0.,-1.,0.));
#2969=DIRECTION('',(1.,0.,0.));
#2970=FACE_OUTER_BOUND('',#2971,.T.);
#2971=EDGE_LOOP('',(#5467));
#2972=FACE_OUTER_BOUND('',#2973,.T.);
#2973=EDGE_LOOP('',(#5468));
#2974=CYLINDRICAL_SURFACE('',#2975,3.2);
#2975=AXIS2_PLACEMENT_3D('',#2976,#2977,#2978);
#2976=CARTESIAN_POINT('',(-16.,-19.6,0.));
#2977=DIRECTION('',(9.251859E-17,-1.,0.));
#2978=DIRECTION('',(1.,9.251859E-17,0.));
#2979=FACE_BOUND('',#2980,.T.);
#2980=EDGE_LOOP('',(#5469,#5470));
#2981=FACE_BOUND('',#2982,.T.);
#2982=EDGE_LOOP('',(#5471,#5472));
#2983=PLANE('',#2984);
#2984=AXIS2_PLACEMENT_3D('',#2985,#2986,#2987);
#2985=CARTESIAN_POINT('',(-24.,-16.,3.2));
#2986=DIRECTION('',(0.,0.,1.));
#2987=DIRECTION('',(1.,0.,0.));
#2988=FACE_BOUND('',#2989,.T.);
#2989=EDGE_LOOP('',(#5473,#5474));
#2990=FACE_BOUND('',#2991,.T.);
#2991=EDGE_LOOP('',(#5475,#5476));
#2992=CYLINDRICAL_SURFACE('',#2993,3.2);
#2993=AXIS2_PLACEMENT_3D('',#2994,#2995,#2996);
#2994=CARTESIAN_POINT('',(-24.,-16.,3.6));
#2995=DIRECTION('',(0.,0.,1.));
#2996=DIRECTION('',(1.,0.,0.));
#2997=FACE_BOUND('',#2998,.T.);
#2998=EDGE_LOOP('',(#5477,#5478,#5479,#5480));
#2999=CYLINDRICAL_SURFACE('',#3000,3.6);
#3000=AXIS2_PLACEMENT_3D('',#3001,#3002,#3003);
#3001=CARTESIAN_POINT('',(0.,0.,0.));
#3002=DIRECTION('',(1.,0.,0.));
#3003=DIRECTION('',(0.,-1.,0.));
#3004=FACE_BOUND('',#3005,.T.);
#3005=EDGE_LOOP('',(#5481,#5482,#5483,#5484));
#3006=CYLINDRICAL_SURFACE('',#3007,3.6);
#3007=AXIS2_PLACEMENT_3D('',#3008,#3009,#3010);
#3008=CARTESIAN_POINT('',(0.,0.,0.));
#3009=DIRECTION('',(1.,0.,0.));
#3010=DIRECTION('',(0.,-1.,0.));
#3011=FACE_BOUND('',#3012,.T.);
#3012=EDGE_LOOP('',(#5485,#5486));
#3013=FACE_BOUND('',#3014,.T.);
#3014=EDGE_LOOP('',(#5487,#5488));
#3015=CYLINDRICAL_SURFACE('',#3016,2.4);
#3016=AXIS2_PLACEMENT_3D('',#3017,#3018,#3019);
#3017=CARTESIAN_POINT('',(0.,0.,0.));
#3018=DIRECTION('',(1.,0.,0.));
#3019=DIRECTION('',(0.,-1.,0.));
#3020=FACE_BOUND('',#3021,.T.);
#3021=EDGE_LOOP('',(#5489,#5490,#5491,#5492));
#3022=CYLINDRICAL_SURFACE('',#3023,3.6);
#3023=AXIS2_PLACEMENT_3D('',#3024,#3025,#3026);
#3024=CARTESIAN_POINT('',(0.,8.,0.));
#3025=DIRECTION('',(1.,0.,0.));
#3026=DIRECTION('',(0.,-1.,0.));
#3027=FACE_OUTER_BOUND('',#3028,.T.);
#3028=EDGE_LOOP('',(#5493));
#3029=FACE_OUTER_BOUND('',#3030,.T.);
#3030=EDGE_LOOP('',(#5494));
#3031=CYLINDRICAL_SURFACE('',#3032,2.4);
#3032=AXIS2_PLACEMENT_3D('',#3033,#3034,#3035);
#3033=CARTESIAN_POINT('',(0.,8.,0.));
#3034=DIRECTION('',(1.,0.,0.));
#3035=DIRECTION('',(0.,-1.,0.));
#3036=FACE_BOUND('',#3037,.T.);
#3037=EDGE_LOOP('',(#5495,#5496,#5497,#5498));
#3038=CYLINDRICAL_SURFACE('',#3039,3.6);
#3039=AXIS2_PLACEMENT_3D('',#3040,#3041,#3042);
#3040=CARTESIAN_POINT('',(0.,-8.,0.));
#3041=DIRECTION('',(1.,0.,0.));
#3042=DIRECTION('',(0.,-1.,0.));
#3043=FACE_OUTER_BOUND('',#3044,.T.);
#3044=EDGE_LOOP('',(#5499));
#3045=FACE_OUTER_BOUND('',#3046,.T.);
#3046=EDGE_LOOP('',(#5500));
#3047=CYLINDRICAL_SURFACE('',#3048,2.4);
#3048=AXIS2_PLACEMENT_3D('',#3049,#3050,#3051);
#3049=CARTESIAN_POINT('',(0.,-8.,0.));
#3050=DIRECTION('',(1.,0.,0.));
#3051=DIRECTION('',(0.,-1.,0.));
#3052=FACE_BOUND('',#3053,.T.);
#3053=EDGE_LOOP('',(#5501,#5502,#5503,#5504));
#3054=PLANE('',#3055);
#3055=AXIS2_PLACEMENT_3D('',#3056,#3057,#3058);
#3056=CARTESIAN_POINT('',(24.6179718716121,0.,-2.7));
#3057=DIRECTION('',(0.,0.,1.));
#3058=DIRECTION('',(1.,0.,0.));
#3059=FACE_BOUND('',#3060,.T.);
#3060=EDGE_LOOP('',(#5505,#5506,#5507,#5508));
#3061=PLANE('',#3062);
#3062=AXIS2_PLACEMENT_3D('',#3063,#3064,#3065);
#3063=CARTESIAN_POINT('',(24.6179718716121,0.,2.7));
#3064=DIRECTION('',(0.,0.,1.));
#3065=DIRECTION('',(1.,0.,0.));
#3066=FACE_BOUND('',#3067,.T.);
#3067=EDGE_LOOP('',(#5509,#5510,#5511,#5512));
#3068=PLANE('',#3069);
#3069=AXIS2_PLACEMENT_3D('',#3070,#3071,#3072);
#3070=CARTESIAN_POINT('',(26.4,12.8,0.));
#3071=DIRECTION('',(1.,0.,0.));
#3072=DIRECTION('',(0.,0.,-1.));
#3073=FACE_BOUND('',#3074,.T.);
#3074=EDGE_LOOP('',(#5513,#5514,#5515,#5516));
#3075=CYLINDRICAL_SURFACE('',#3076,3.6);
#3076=AXIS2_PLACEMENT_3D('',#3077,#3078,#3079);
#3077=CARTESIAN_POINT('',(0.,0.,0.));
#3078=DIRECTION('',(-1.,0.,0.));
#3079=DIRECTION('',(0.,-1.,0.));
#3080=FACE_BOUND('',#3081,.T.);
#3081=EDGE_LOOP('',(#5517,#5518,#5519,#5520));
#3082=CYLINDRICAL_SURFACE('',#3083,3.6);
#3083=AXIS2_PLACEMENT_3D('',#3084,#3085,#3086);
#3084=CARTESIAN_POINT('',(0.,0.,0.));
#3085=DIRECTION('',(-1.,0.,0.));
#3086=DIRECTION('',(0.,-1.,0.));
#3087=FACE_BOUND('',#3088,.T.);
#3088=EDGE_LOOP('',(#5521,#5522));
#3089=FACE_BOUND('',#3090,.T.);
#3090=EDGE_LOOP('',(#5523,#5524));
#3091=CYLINDRICAL_SURFACE('',#3092,2.4);
#3092=AXIS2_PLACEMENT_3D('',#3093,#3094,#3095);
#3093=CARTESIAN_POINT('',(0.,0.,0.));
#3094=DIRECTION('',(-1.,0.,0.));
#3095=DIRECTION('',(0.,-1.,0.));
#3096=FACE_BOUND('',#3097,.T.);
#3097=EDGE_LOOP('',(#5525,#5526,#5527,#5528));
#3098=CYLINDRICAL_SURFACE('',#3099,3.6);
#3099=AXIS2_PLACEMENT_3D('',#3100,#3101,#3102);
#3100=CARTESIAN_POINT('',(0.,8.,0.));
#3101=DIRECTION('',(-1.,0.,0.));
#3102=DIRECTION('',(0.,-1.,0.));
#3103=FACE_BOUND('',#3104,.T.);
#3104=EDGE_LOOP('',(#5529,#5530));
#3105=FACE_BOUND('',#3106,.T.);
#3106=EDGE_LOOP('',(#5531,#5532));
#3107=CYLINDRICAL_SURFACE('',#3108,2.4);
#3108=AXIS2_PLACEMENT_3D('',#3109,#3110,#3111);
#3109=CARTESIAN_POINT('',(0.,8.,0.));
#3110=DIRECTION('',(-1.,0.,0.));
#3111=DIRECTION('',(0.,-1.,0.));
#3112=FACE_BOUND('',#3113,.T.);
#3113=EDGE_LOOP('',(#5533,#5534,#5535,#5536));
#3114=CYLINDRICAL_SURFACE('',#3115,3.6);
#3115=AXIS2_PLACEMENT_3D('',#3116,#3117,#3118);
#3116=CARTESIAN_POINT('',(0.,-8.,0.));
#3117=DIRECTION('',(-1.,0.,0.));
#3118=DIRECTION('',(0.,-1.,0.));
#3119=FACE_BOUND('',#3120,.T.);
#3120=EDGE_LOOP('',(#5537,#5538));
#3121=FACE_BOUND('',#3122,.T.);
#3122=EDGE_LOOP('',(#5539,#5540));
#3123=CYLINDRICAL_SURFACE('',#3124,2.4);
#3124=AXIS2_PLACEMENT_3D('',#3125,#3126,#3127);
#3125=CARTESIAN_POINT('',(0.,-8.,0.));
#3126=DIRECTION('',(-1.,0.,0.));
#3127=DIRECTION('',(0.,-1.,0.));
#3128=FACE_BOUND('',#3129,.T.);
#3129=EDGE_LOOP('',(#5541,#5542,#5543,#5544));
#3130=PLANE('',#3131);
#3131=AXIS2_PLACEMENT_3D('',#3132,#3133,#3134);
#3132=CARTESIAN_POINT('',(-24.6179718716121,0.,2.7));
#3133=DIRECTION('',(0.,0.,1.));
#3134=DIRECTION('',(1.,0.,0.));
#3135=FACE_BOUND('',#3136,.T.);
#3136=EDGE_LOOP('',(#5545,#5546,#5547,#5548));
#3137=PLANE('',#3138);
#3138=AXIS2_PLACEMENT_3D('',#3139,#3140,#3141);
#3139=CARTESIAN_POINT('',(-24.6179718716121,0.,-2.7));
#3140=DIRECTION('',(0.,0.,1.));
#3141=DIRECTION('',(1.,0.,0.));
#3142=FACE_BOUND('',#3143,.T.);
#3143=EDGE_LOOP('',(#5549,#5550,#5551,#5552));
#3144=PLANE('',#3145);
#3145=AXIS2_PLACEMENT_3D('',#3146,#3147,#3148);
#3146=CARTESIAN_POINT('',(-26.4,-12.8,0.));
#3147=DIRECTION('',(-1.,0.,0.));
#3148=DIRECTION('',(0.,0.,1.));
#3149=FACE_BOUND('',#3150,.T.);
#3150=EDGE_LOOP('',(#5553,#5554,#5555,#5556));
#3151=PLANE('',#3152);
#3152=AXIS2_PLACEMENT_3D('',#3153,#3154,#3155);
#3153=CARTESIAN_POINT('',(26.4,12.8,0.));
#3154=DIRECTION('',(1.,0.,0.));
#3155=DIRECTION('',(0.,0.,-1.));
#3156=FACE_BOUND('',#3157,.T.);
#3157=EDGE_LOOP('',(#5557,#5558,#5559,#5560));
#3158=PLANE('',#3159);
#3159=AXIS2_PLACEMENT_3D('',#3160,#3161,#3162);
#3160=CARTESIAN_POINT('',(-26.4,-12.8,0.));
#3161=DIRECTION('',(-1.,0.,0.));
#3162=DIRECTION('',(0.,0.,1.));
#3163=FACE_BOUND('',#3164,.T.);
#3164=EDGE_LOOP('',(#5561,#5562,#5563,#5564));
#3165=PLANE('',#3166);
#3166=AXIS2_PLACEMENT_3D('',#3167,#3168,#3169);
#3167=CARTESIAN_POINT('',(24.6179718716121,0.,2.7));
#3168=DIRECTION('',(0.,0.,1.));
#3169=DIRECTION('',(1.,0.,0.));
#3170=FACE_BOUND('',#3171,.T.);
#3171=EDGE_LOOP('',(#5565,#5566,#5567,#5568));
#3172=PLANE('',#3173);
#3173=AXIS2_PLACEMENT_3D('',#3174,#3175,#3176);
#3174=CARTESIAN_POINT('',(-24.6179718716121,0.,-2.7));
#3175=DIRECTION('',(0.,0.,1.));
#3176=DIRECTION('',(1.,0.,0.));
#3177=FACE_BOUND('',#3178,.T.);
#3178=EDGE_LOOP('',(#5569,#5570,#5571,#5572,#5573,#5574));
#3179=CYLINDRICAL_SURFACE('',#3180,4.);
#3180=AXIS2_PLACEMENT_3D('',#3181,#3182,#3183);
#3181=CARTESIAN_POINT('',(-24.,16.,0.));
#3182=DIRECTION('',(0.,0.,1.));
#3183=DIRECTION('',(-1.,0.,0.));
#3184=FACE_BOUND('',#3185,.T.);
#3185=EDGE_LOOP('',(#5575,#5576));
#3186=FACE_BOUND('',#3187,.T.);
#3187=EDGE_LOOP('',(#5577,#5578));
#3188=CYLINDRICAL_SURFACE('',#3189,2.4);
#3189=AXIS2_PLACEMENT_3D('',#3190,#3191,#3192);
#3190=CARTESIAN_POINT('',(-16.,0.,0.));
#3191=DIRECTION('',(0.,1.,0.));
#3192=DIRECTION('',(1.,0.,0.));
#3193=FACE_BOUND('',#3194,.T.);
#3194=EDGE_LOOP('',(#5579,#5580));
#3195=FACE_BOUND('',#3196,.T.);
#3196=EDGE_LOOP('',(#5581,#5582));
#3197=CYLINDRICAL_SURFACE('',#3198,2.4);
#3198=AXIS2_PLACEMENT_3D('',#3199,#3200,#3201);
#3199=CARTESIAN_POINT('',(0.,0.,0.));
#3200=DIRECTION('',(0.,1.,0.));
#3201=DIRECTION('',(1.,0.,0.));
#3202=FACE_BOUND('',#3203,.T.);
#3203=EDGE_LOOP('',(#5583,#5584));
#3204=FACE_BOUND('',#3205,.T.);
#3205=EDGE_LOOP('',(#5585,#5586));
#3206=CYLINDRICAL_SURFACE('',#3207,2.4);
#3207=AXIS2_PLACEMENT_3D('',#3208,#3209,#3210);
#3208=CARTESIAN_POINT('',(16.,0.,0.));
#3209=DIRECTION('',(0.,1.,0.));
#3210=DIRECTION('',(1.,0.,0.));
#3211=FACE_BOUND('',#3212,.T.);
#3212=EDGE_LOOP('',(#5587,#5588,#5589,#5590));
#3213=CYLINDRICAL_SURFACE('',#3214,3.6);
#3214=AXIS2_PLACEMENT_3D('',#3215,#3216,#3217);
#3215=CARTESIAN_POINT('',(-16.,0.,0.));
#3216=DIRECTION('',(0.,1.,0.));
#3217=DIRECTION('',(1.,0.,0.));
#3218=FACE_BOUND('',#3219,.T.);
#3219=EDGE_LOOP('',(#5591,#5592,#5593,#5594));
#3220=CYLINDRICAL_SURFACE('',#3221,3.6);
#3221=AXIS2_PLACEMENT_3D('',#3222,#3223,#3224);
#3222=CARTESIAN_POINT('',(-16.,0.,0.));
#3223=DIRECTION('',(0.,1.,0.));
#3224=DIRECTION('',(1.,0.,0.));
#3225=FACE_BOUND('',#3226,.T.);
#3226=EDGE_LOOP('',(#5595,#5596,#5597,#5598));
#3227=CYLINDRICAL_SURFACE('',#3228,3.6);
#3228=AXIS2_PLACEMENT_3D('',#3229,#3230,#3231);
#3229=CARTESIAN_POINT('',(16.,0.,0.));
#3230=DIRECTION('',(0.,1.,0.));
#3231=DIRECTION('',(1.,0.,0.));
#3232=FACE_BOUND('',#3233,.T.);
#3233=EDGE_LOOP('',(#5599,#5600,#5601,#5602));
#3234=CYLINDRICAL_SURFACE('',#3235,3.6);
#3235=AXIS2_PLACEMENT_3D('',#3236,#3237,#3238);
#3236=CARTESIAN_POINT('',(16.,0.,0.));
#3237=DIRECTION('',(0.,1.,0.));
#3238=DIRECTION('',(1.,0.,0.));
#3239=FACE_BOUND('',#3240,.T.);
#3240=EDGE_LOOP('',(#5603,#5604,#5605,#5606));
#3241=CYLINDRICAL_SURFACE('',#3242,3.6);
#3242=AXIS2_PLACEMENT_3D('',#3243,#3244,#3245);
#3243=CARTESIAN_POINT('',(0.,0.,0.));
#3244=DIRECTION('',(0.,1.,0.));
#3245=DIRECTION('',(1.,0.,0.));
#3246=FACE_BOUND('',#3247,.T.);
#3247=EDGE_LOOP('',(#5607,#5608,#5609,#5610));
#3248=CYLINDRICAL_SURFACE('',#3249,3.6);
#3249=AXIS2_PLACEMENT_3D('',#3250,#3251,#3252);
#3250=CARTESIAN_POINT('',(0.,0.,0.));
#3251=DIRECTION('',(0.,1.,0.));
#3252=DIRECTION('',(1.,0.,0.));
#3253=FACE_BOUND('',#3254,.T.);
#3254=EDGE_LOOP('',(#5611,#5612,#5613,#5614,#5615,#5616));
#3255=PLANE('',#3256);
#3256=AXIS2_PLACEMENT_3D('',#3257,#3258,#3259);
#3257=CARTESIAN_POINT('',(-21.2450045372088,18.9,0.));
#3258=DIRECTION('',(0.,1.,0.));
#3259=DIRECTION('',(0.,0.,1.));
#3260=FACE_BOUND('',#3261,.T.);
#3261=EDGE_LOOP('',(#5617,#5618,#5619,#5620));
#3262=PLANE('',#3263);
#3263=AXIS2_PLACEMENT_3D('',#3264,#3265,#3266);
#3264=CARTESIAN_POINT('',(-16.,16.,0.8));
#3265=DIRECTION('',(0.,0.,1.));
#3266=DIRECTION('',(1.,0.,0.));
#3267=FACE_BOUND('',#3268,.T.);
#3268=EDGE_LOOP('',(#5621,#5622,#5623,#5624,#5625,#5626));
#3269=PLANE('',#3270);
#3270=AXIS2_PLACEMENT_3D('',#3271,#3272,#3273);
#3271=CARTESIAN_POINT('',(-21.2450045372088,18.9,0.));
#3272=DIRECTION('',(0.,1.,0.));
#3273=DIRECTION('',(0.,0.,1.));
#3274=FACE_BOUND('',#3275,.T.);
#3275=EDGE_LOOP('',(#5627,#5628,#5629,#5630));
#3276=PLANE('',#3277);
#3277=AXIS2_PLACEMENT_3D('',#3278,#3279,#3280);
#3278=CARTESIAN_POINT('',(-16.,16.,-0.8));
#3279=DIRECTION('',(0.,0.,1.));
#3280=DIRECTION('',(1.,0.,0.));
#3281=FACE_BOUND('',#3282,.T.);
#3282=EDGE_LOOP('',(#5631,#5632,#5633,#5634,#5635,#5636));
#3283=PLANE('',#3284);
#3284=AXIS2_PLACEMENT_3D('',#3285,#3286,#3287);
#3285=CARTESIAN_POINT('',(10.7549954627912,18.9,0.));
#3286=DIRECTION('',(0.,1.,0.));
#3287=DIRECTION('',(0.,0.,1.));
#3288=FACE_BOUND('',#3289,.T.);
#3289=EDGE_LOOP('',(#5637,#5638,#5639,#5640));
#3290=PLANE('',#3291);
#3291=AXIS2_PLACEMENT_3D('',#3292,#3293,#3294);
#3292=CARTESIAN_POINT('',(16.,16.,0.8));
#3293=DIRECTION('',(0.,0.,1.));
#3294=DIRECTION('',(1.,0.,0.));
#3295=FACE_BOUND('',#3296,.T.);
#3296=EDGE_LOOP('',(#5641,#5642,#5643,#5644,#5645,#5646));
#3297=PLANE('',#3298);
#3298=AXIS2_PLACEMENT_3D('',#3299,#3300,#3301);
#3299=CARTESIAN_POINT('',(10.7549954627912,18.9,0.));
#3300=DIRECTION('',(0.,1.,0.));
#3301=DIRECTION('',(0.,0.,1.));
#3302=FACE_BOUND('',#3303,.T.);
#3303=EDGE_LOOP('',(#5647,#5648,#5649,#5650));
#3304=PLANE('',#3305);
#3305=AXIS2_PLACEMENT_3D('',#3306,#3307,#3308);
#3306=CARTESIAN_POINT('',(16.,16.,-0.8));
#3307=DIRECTION('',(0.,0.,1.));
#3308=DIRECTION('',(1.,0.,0.));
#3309=FACE_BOUND('',#3310,.T.);
#3310=EDGE_LOOP('',(#5651,#5652,#5653,#5654,#5655,#5656));
#3311=PLANE('',#3312);
#3312=AXIS2_PLACEMENT_3D('',#3313,#3314,#3315);
#3313=CARTESIAN_POINT('',(-5.24500453720882,18.9,0.));
#3314=DIRECTION('',(0.,1.,0.));
#3315=DIRECTION('',(0.,0.,1.));
#3316=FACE_BOUND('',#3317,.T.);
#3317=EDGE_LOOP('',(#5657,#5658,#5659,#5660));
#3318=PLANE('',#3319);
#3319=AXIS2_PLACEMENT_3D('',#3320,#3321,#3322);
#3320=CARTESIAN_POINT('',(0.,16.,0.8));
#3321=DIRECTION('',(0.,0.,1.));
#3322=DIRECTION('',(1.,0.,0.));
#3323=FACE_BOUND('',#3324,.T.);
#3324=EDGE_LOOP('',(#5661,#5662,#5663,#5664,#5665,#5666));
#3325=PLANE('',#3326);
#3326=AXIS2_PLACEMENT_3D('',#3327,#3328,#3329);
#3327=CARTESIAN_POINT('',(-5.24500453720882,18.9,0.));
#3328=DIRECTION('',(0.,1.,0.));
#3329=DIRECTION('',(0.,0.,1.));
#3330=FACE_BOUND('',#3331,.T.);
#3331=EDGE_LOOP('',(#5667,#5668,#5669,#5670));
#3332=PLANE('',#3333);
#3333=AXIS2_PLACEMENT_3D('',#3334,#3335,#3336);
#3334=CARTESIAN_POINT('',(0.,16.,-0.8));
#3335=DIRECTION('',(0.,0.,1.));
#3336=DIRECTION('',(1.,0.,0.));
#3337=FACE_BOUND('',#3338,.T.);
#3338=EDGE_LOOP('',(#5671,#5672,#5673,#5674));
#3339=CYLINDRICAL_SURFACE('',#3340,4.);
#3340=AXIS2_PLACEMENT_3D('',#3341,#3342,#3343);
#3341=CARTESIAN_POINT('',(8.,-16.,0.));
#3342=DIRECTION('',(0.,0.,1.));
#3343=DIRECTION('',(-1.,0.,0.));
#3344=FACE_BOUND('',#3345,.T.);
#3345=EDGE_LOOP('',(#5675,#5676,#5677,#5678));
#3346=CYLINDRICAL_SURFACE('',#3347,4.);
#3347=AXIS2_PLACEMENT_3D('',#3348,#3349,#3350);
#3348=CARTESIAN_POINT('',(8.,-16.,0.));
#3349=DIRECTION('',(0.,0.,1.));
#3350=DIRECTION('',(-1.,0.,0.));
#3351=FACE_BOUND('',#3352,.T.);
#3352=EDGE_LOOP('',(#5679,#5680,#5681,#5682));
#3353=CYLINDRICAL_SURFACE('',#3354,4.);
#3354=AXIS2_PLACEMENT_3D('',#3355,#3356,#3357);
#3355=CARTESIAN_POINT('',(-8.,-16.,0.));
#3356=DIRECTION('',(0.,0.,1.));
#3357=DIRECTION('',(-1.,0.,0.));
#3358=FACE_BOUND('',#3359,.T.);
#3359=EDGE_LOOP('',(#5683,#5684,#5685,#5686));
#3360=CYLINDRICAL_SURFACE('',#3361,4.);
#3361=AXIS2_PLACEMENT_3D('',#3362,#3363,#3364);
#3362=CARTESIAN_POINT('',(-8.,-16.,0.));
#3363=DIRECTION('',(0.,0.,1.));
#3364=DIRECTION('',(-1.,0.,0.));
#3365=FACE_BOUND('',#3366,.T.);
#3366=EDGE_LOOP('',(#5687,#5688,#5689,#5690));
#3367=CYLINDRICAL_SURFACE('',#3368,4.);
#3368=AXIS2_PLACEMENT_3D('',#3369,#3370,#3371);
#3369=CARTESIAN_POINT('',(8.,16.,0.));
#3370=DIRECTION('',(0.,0.,1.));
#3371=DIRECTION('',(-1.,0.,0.));
#3372=FACE_BOUND('',#3373,.T.);
#3373=EDGE_LOOP('',(#5691,#5692,#5693,#5694));
#3374=PLANE('',#3375);
#3375=AXIS2_PLACEMENT_3D('',#3376,#3377,#3378);
#3376=CARTESIAN_POINT('',(-24.6179718716121,0.,2.7));
#3377=DIRECTION('',(0.,0.,1.));
#3378=DIRECTION('',(1.,0.,0.));
#3379=FACE_BOUND('',#3380,.T.);
#3380=EDGE_LOOP('',(#5695,#5696,#5697,#5698,#5699,#5700,#5701,#5702,#5703,#5704,
#5705,#5706,#5707,#5708,#5709,#5710));
#3381=FACE_BOUND('',#3382,.T.);
#3382=EDGE_LOOP('',(#5711));
#3383=FACE_BOUND('',#3384,.T.);
#3384=EDGE_LOOP('',(#5712));
#3385=FACE_BOUND('',#3386,.T.);
#3386=EDGE_LOOP('',(#5713));
#3387=FACE_BOUND('',#3388,.T.);
#3388=EDGE_LOOP('',(#5714));
#3389=FACE_BOUND('',#3390,.T.);
#3390=EDGE_LOOP('',(#5715,#5716,#5717,#5718));
#3391=FACE_BOUND('',#3392,.T.);
#3392=EDGE_LOOP('',(#5719,#5720,#5721,#5722));
#3393=FACE_BOUND('',#3394,.T.);
#3394=EDGE_LOOP('',(#5723,#5724,#5725,#5726));
#3395=PLANE('',#3396);
#3396=AXIS2_PLACEMENT_3D('',#3397,#3398,#3399);
#3397=CARTESIAN_POINT('',(24.,16.,-4.));
#3398=DIRECTION('',(0.,0.,-1.));
#3399=DIRECTION('',(-1.,0.,0.));
#3400=FACE_BOUND('',#3401,.T.);
#3401=EDGE_LOOP('',(#5727,#5728,#5729,#5730));
#3402=PLANE('',#3403);
#3403=AXIS2_PLACEMENT_3D('',#3404,#3405,#3406);
#3404=CARTESIAN_POINT('',(24.6179718716121,0.,-2.7));
#3405=DIRECTION('',(0.,0.,1.));
#3406=DIRECTION('',(1.,0.,0.));
#3407=FACE_BOUND('',#3408,.T.);
#3408=EDGE_LOOP('',(#5731,#5732,#5733,#5734));
#3409=CYLINDRICAL_SURFACE('',#3410,4.);
#3410=AXIS2_PLACEMENT_3D('',#3411,#3412,#3413);
#3411=CARTESIAN_POINT('',(24.,16.,0.));
#3412=DIRECTION('',(0.,0.,1.));
#3413=DIRECTION('',(-1.,0.,0.));
#3414=FACE_BOUND('',#3415,.T.);
#3415=EDGE_LOOP('',(#5735,#5736,#5737,#5738));
#3416=CYLINDRICAL_SURFACE('',#3417,4.);
#3417=AXIS2_PLACEMENT_3D('',#3418,#3419,#3420);
#3418=CARTESIAN_POINT('',(-8.,16.,0.));
#3419=DIRECTION('',(0.,0.,1.));
#3420=DIRECTION('',(-1.,0.,0.));
#3421=FACE_BOUND('',#3422,.T.);
#3422=EDGE_LOOP('',(#5739,#5740,#5741,#5742));
#3423=CYLINDRICAL_SURFACE('',#3424,4.);
#3424=AXIS2_PLACEMENT_3D('',#3425,#3426,#3427);
#3425=CARTESIAN_POINT('',(8.,16.,0.));
#3426=DIRECTION('',(0.,0.,1.));
#3427=DIRECTION('',(-1.,0.,0.));
#3428=FACE_BOUND('',#3429,.T.);
#3429=EDGE_LOOP('',(#5743,#5744,#5745,#5746));
#3430=CYLINDRICAL_SURFACE('',#3431,4.);
#3431=AXIS2_PLACEMENT_3D('',#3432,#3433,#3434);
#3432=CARTESIAN_POINT('',(-8.,16.,0.));
#3433=DIRECTION('',(0.,0.,1.));
#3434=DIRECTION('',(-1.,0.,0.));
#3435=FACE_BOUND('',#3436,.T.);
#3436=EDGE_LOOP('',(#5747,#5748,#5749,#5750));
#3437=CYLINDRICAL_SURFACE('',#3438,4.);
#3438=AXIS2_PLACEMENT_3D('',#3439,#3440,#3441);
#3439=CARTESIAN_POINT('',(-24.,16.,0.));
#3440=DIRECTION('',(0.,0.,1.));
#3441=DIRECTION('',(-1.,0.,0.));
#3442=FACE_BOUND('',#3443,.T.);
#3443=EDGE_LOOP('',(#5751,#5752,#5753,#5754));
#3444=CYLINDRICAL_SURFACE('',#3445,4.);
#3445=AXIS2_PLACEMENT_3D('',#3446,#3447,#3448);
#3446=CARTESIAN_POINT('',(-8.,-16.,0.));
#3447=DIRECTION('',(0.,0.,1.));
#3448=DIRECTION('',(-1.,0.,0.));
#3449=FACE_BOUND('',#3450,.T.);
#3450=EDGE_LOOP('',(#5755,#5756,#5757,#5758));
#3451=CYLINDRICAL_SURFACE('',#3452,4.);
#3452=AXIS2_PLACEMENT_3D('',#3453,#3454,#3455);
#3453=CARTESIAN_POINT('',(-24.,-16.,0.));
#3454=DIRECTION('',(0.,0.,1.));
#3455=DIRECTION('',(-1.,0.,0.));
#3456=FACE_BOUND('',#3457,.T.);
#3457=EDGE_LOOP('',(#5759,#5760,#5761,#5762));
#3458=CYLINDRICAL_SURFACE('',#3459,4.);
#3459=AXIS2_PLACEMENT_3D('',#3460,#3461,#3462);
#3460=CARTESIAN_POINT('',(-24.,-16.,0.));
#3461=DIRECTION('',(0.,0.,1.));
#3462=DIRECTION('',(-1.,0.,0.));
#3463=FACE_BOUND('',#3464,.T.);
#3464=EDGE_LOOP('',(#5763,#5764,#5765,#5766));
#3465=CYLINDRICAL_SURFACE('',#3466,4.);
#3466=AXIS2_PLACEMENT_3D('',#3467,#3468,#3469);
#3467=CARTESIAN_POINT('',(-8.,-16.,0.));
#3468=DIRECTION('',(0.,0.,1.));
#3469=DIRECTION('',(-1.,0.,0.));
#3470=FACE_BOUND('',#3471,.T.);
#3471=EDGE_LOOP('',(#5767,#5768,#5769,#5770));
#3472=CYLINDRICAL_SURFACE('',#3473,4.);
#3473=AXIS2_PLACEMENT_3D('',#3474,#3475,#3476);
#3474=CARTESIAN_POINT('',(8.,-16.,0.));
#3475=DIRECTION('',(0.,0.,1.));
#3476=DIRECTION('',(-1.,0.,0.));
#3477=FACE_BOUND('',#3478,.T.);
#3478=EDGE_LOOP('',(#5771,#5772,#5773,#5774,#5775,#5776));
#3479=PLANE('',#3480);
#3480=AXIS2_PLACEMENT_3D('',#3481,#3482,#3483);
#3481=CARTESIAN_POINT('',(5.24500453720881,-18.9,0.));
#3482=DIRECTION('',(0.,-1.,0.));
#3483=DIRECTION('',(0.,0.,-1.));
#3484=FACE_BOUND('',#3485,.T.);
#3485=EDGE_LOOP('',(#5777,#5778,#5779,#5780,#5781,#5782));
#3486=PLANE('',#3487);
#3487=AXIS2_PLACEMENT_3D('',#3488,#3489,#3490);
#3488=CARTESIAN_POINT('',(5.24500453720881,-18.9,0.));
#3489=DIRECTION('',(0.,-1.,0.));
#3490=DIRECTION('',(0.,0.,-1.));
#3491=FACE_BOUND('',#3492,.T.);
#3492=EDGE_LOOP('',(#5783,#5784,#5785,#5786));
#3493=CYLINDRICAL_SURFACE('',#3494,4.);
#3494=AXIS2_PLACEMENT_3D('',#3495,#3496,#3497);
#3495=CARTESIAN_POINT('',(8.,-16.,0.));
#3496=DIRECTION('',(0.,0.,1.));
#3497=DIRECTION('',(-1.,0.,0.));
#3498=FACE_BOUND('',#3499,.T.);
#3499=EDGE_LOOP('',(#5787,#5788,#5789,#5790));
#3500=CYLINDRICAL_SURFACE('',#3501,4.);
#3501=AXIS2_PLACEMENT_3D('',#3502,#3503,#3504);
#3502=CARTESIAN_POINT('',(24.,-16.,0.));
#3503=DIRECTION('',(0.,0.,1.));
#3504=DIRECTION('',(-1.,0.,0.));
#3505=FACE_BOUND('',#3506,.T.);
#3506=EDGE_LOOP('',(#5791,#5792,#5793,#5794));
#3507=CYLINDRICAL_SURFACE('',#3508,4.);
#3508=AXIS2_PLACEMENT_3D('',#3509,#3510,#3511);
#3509=CARTESIAN_POINT('',(24.,-16.,0.));
#3510=DIRECTION('',(0.,0.,1.));
#3511=DIRECTION('',(-1.,0.,0.));
#3512=FACE_BOUND('',#3513,.T.);
#3513=EDGE_LOOP('',(#5795,#5796,#5797,#5798));
#3514=CYLINDRICAL_SURFACE('',#3515,4.);
#3515=AXIS2_PLACEMENT_3D('',#3516,#3517,#3518);
#3516=CARTESIAN_POINT('',(-24.,16.,0.));
#3517=DIRECTION('',(0.,0.,1.));
#3518=DIRECTION('',(-1.,0.,0.));
#3519=FACE_BOUND('',#3520,.T.);
#3520=EDGE_LOOP('',(#5799,#5800,#5801,#5802,#5803,#5804));
#3521=PLANE('',#3522);
#3522=AXIS2_PLACEMENT_3D('',#3523,#3524,#3525);
#3523=CARTESIAN_POINT('',(-10.7549954627912,13.1,0.));
#3524=DIRECTION('',(0.,-1.,0.));
#3525=DIRECTION('',(0.,0.,-1.));
#3526=FACE_BOUND('',#3527,.T.);
#3527=EDGE_LOOP('',(#5805,#5806,#5807,#5808,#5809,#5810));
#3528=PLANE('',#3529);
#3529=AXIS2_PLACEMENT_3D('',#3530,#3531,#3532);
#3530=CARTESIAN_POINT('',(-10.7549954627912,13.1,0.));
#3531=DIRECTION('',(0.,-1.,0.));
#3532=DIRECTION('',(0.,0.,-1.));
#3533=FACE_BOUND('',#3534,.T.);
#3534=EDGE_LOOP('',(#5811,#5812,#5813,#5814));
#3535=CYLINDRICAL_SURFACE('',#3536,4.);
#3536=AXIS2_PLACEMENT_3D('',#3537,#3538,#3539);
#3537=CARTESIAN_POINT('',(-8.,16.,0.));
#3538=DIRECTION('',(0.,0.,1.));
#3539=DIRECTION('',(-1.,0.,0.));
#3540=FACE_BOUND('',#3541,.T.);
#3541=EDGE_LOOP('',(#5815,#5816,#5817,#5818));
#3542=CYLINDRICAL_SURFACE('',#3543,4.);
#3543=AXIS2_PLACEMENT_3D('',#3544,#3545,#3546);
#3544=CARTESIAN_POINT('',(-8.,16.,0.));
#3545=DIRECTION('',(0.,0.,1.));
#3546=DIRECTION('',(-1.,0.,0.));
#3547=FACE_BOUND('',#3548,.T.);
#3548=EDGE_LOOP('',(#5819,#5820,#5821,#5822,#5823,#5824));
#3549=PLANE('',#3550);
#3550=AXIS2_PLACEMENT_3D('',#3551,#3552,#3553);
#3551=CARTESIAN_POINT('',(5.24500453720882,13.1,0.));
#3552=DIRECTION('',(0.,-1.,0.));
#3553=DIRECTION('',(0.,0.,-1.));
#3554=FACE_BOUND('',#3555,.T.);
#3555=EDGE_LOOP('',(#5825,#5826,#5827,#5828,#5829,#5830));
#3556=PLANE('',#3557);
#3557=AXIS2_PLACEMENT_3D('',#3558,#3559,#3560);
#3558=CARTESIAN_POINT('',(5.24500453720882,13.1,0.));
#3559=DIRECTION('',(0.,-1.,0.));
#3560=DIRECTION('',(0.,0.,-1.));
#3561=FACE_BOUND('',#3562,.T.);
#3562=EDGE_LOOP('',(#5831,#5832,#5833,#5834));
#3563=CYLINDRICAL_SURFACE('',#3564,4.);
#3564=AXIS2_PLACEMENT_3D('',#3565,#3566,#3567);
#3565=CARTESIAN_POINT('',(8.,16.,0.));
#3566=DIRECTION('',(0.,0.,1.));
#3567=DIRECTION('',(-1.,0.,0.));
#3568=FACE_BOUND('',#3569,.T.);
#3569=EDGE_LOOP('',(#5835,#5836,#5837,#5838));
#3570=CYLINDRICAL_SURFACE('',#3571,4.);
#3571=AXIS2_PLACEMENT_3D('',#3572,#3573,#3574);
#3572=CARTESIAN_POINT('',(8.,16.,0.));
#3573=DIRECTION('',(0.,0.,1.));
#3574=DIRECTION('',(-1.,0.,0.));
#3575=FACE_BOUND('',#3576,.T.);
#3576=EDGE_LOOP('',(#5839,#5840,#5841,#5842,#5843,#5844));
#3577=PLANE('',#3578);
#3578=AXIS2_PLACEMENT_3D('',#3579,#3580,#3581);
#3579=CARTESIAN_POINT('',(21.2450045372088,13.1,0.));
#3580=DIRECTION('',(0.,-1.,0.));
#3581=DIRECTION('',(0.,0.,-1.));
#3582=FACE_BOUND('',#3583,.T.);
#3583=EDGE_LOOP('',(#5845,#5846,#5847,#5848,#5849,#5850));
#3584=PLANE('',#3585);
#3585=AXIS2_PLACEMENT_3D('',#3586,#3587,#3588);
#3586=CARTESIAN_POINT('',(21.2450045372088,13.1,0.));
#3587=DIRECTION('',(0.,-1.,0.));
#3588=DIRECTION('',(0.,0.,-1.));
#3589=FACE_BOUND('',#3590,.T.);
#3590=EDGE_LOOP('',(#5851,#5852,#5853,#5854));
#3591=CYLINDRICAL_SURFACE('',#3592,4.);
#3592=AXIS2_PLACEMENT_3D('',#3593,#3594,#3595);
#3593=CARTESIAN_POINT('',(24.,16.,0.));
#3594=DIRECTION('',(0.,0.,1.));
#3595=DIRECTION('',(-1.,0.,0.));
#3596=FACE_BOUND('',#3597,.T.);
#3597=EDGE_LOOP('',(#5855,#5856,#5857,#5858));
#3598=PLANE('',#3599);
#3599=AXIS2_PLACEMENT_3D('',#3600,#3601,#3602);
#3600=CARTESIAN_POINT('',(-16.,16.,0.8));
#3601=DIRECTION('',(0.,0.,1.));
#3602=DIRECTION('',(1.,0.,0.));
#3603=FACE_BOUND('',#3604,.T.);
#3604=EDGE_LOOP('',(#5859,#5860,#5861,#5862));
#3605=PLANE('',#3606);
#3606=AXIS2_PLACEMENT_3D('',#3607,#3608,#3609);
#3607=CARTESIAN_POINT('',(-16.,16.,-0.8));
#3608=DIRECTION('',(0.,0.,1.));
#3609=DIRECTION('',(1.,0.,0.));
#3610=FACE_BOUND('',#3611,.T.);
#3611=EDGE_LOOP('',(#5863,#5864,#5865,#5866));
#3612=PLANE('',#3613);
#3613=AXIS2_PLACEMENT_3D('',#3614,#3615,#3616);
#3614=CARTESIAN_POINT('',(0.,16.,0.8));
#3615=DIRECTION('',(0.,0.,1.));
#3616=DIRECTION('',(1.,0.,0.));
#3617=FACE_BOUND('',#3618,.T.);
#3618=EDGE_LOOP('',(#5867,#5868,#5869,#5870));
#3619=PLANE('',#3620);
#3620=AXIS2_PLACEMENT_3D('',#3621,#3622,#3623);
#3621=CARTESIAN_POINT('',(0.,16.,-0.8));
#3622=DIRECTION('',(0.,0.,1.));
#3623=DIRECTION('',(1.,0.,0.));
#3624=FACE_BOUND('',#3625,.T.);
#3625=EDGE_LOOP('',(#5871,#5872,#5873,#5874));
#3626=PLANE('',#3627);
#3627=AXIS2_PLACEMENT_3D('',#3628,#3629,#3630);
#3628=CARTESIAN_POINT('',(16.,16.,0.8));
#3629=DIRECTION('',(0.,0.,1.));
#3630=DIRECTION('',(1.,0.,0.));
#3631=FACE_BOUND('',#3632,.T.);
#3632=EDGE_LOOP('',(#5875,#5876,#5877,#5878));
#3633=PLANE('',#3634);
#3634=AXIS2_PLACEMENT_3D('',#3635,#3636,#3637);
#3635=CARTESIAN_POINT('',(16.,16.,-0.8));
#3636=DIRECTION('',(0.,0.,1.));
#3637=DIRECTION('',(1.,0.,0.));
#3638=FACE_BOUND('',#3639,.T.);
#3639=EDGE_LOOP('',(#5879,#5880,#5881,#5882));
#3640=PLANE('',#3641);
#3641=AXIS2_PLACEMENT_3D('',#3642,#3643,#3644);
#3642=CARTESIAN_POINT('',(0.,-16.,0.8));
#3643=DIRECTION('',(0.,0.,1.));
#3644=DIRECTION('',(1.,0.,0.));
#3645=FACE_BOUND('',#3646,.T.);
#3646=EDGE_LOOP('',(#5883,#5884,#5885,#5886));
#3647=PLANE('',#3648);
#3648=AXIS2_PLACEMENT_3D('',#3649,#3650,#3651);
#3649=CARTESIAN_POINT('',(0.,-16.,0.8));
#3650=DIRECTION('',(0.,0.,1.));
#3651=DIRECTION('',(1.,0.,0.));
#3652=FACE_BOUND('',#3653,.T.);
#3653=EDGE_LOOP('',(#5887,#5888,#5889,#5890,#5891,#5892));
#3654=PLANE('',#3655);
#3655=AXIS2_PLACEMENT_3D('',#3656,#3657,#3658);
#3656=CARTESIAN_POINT('',(-5.24500453720881,-13.1,0.));
#3657=DIRECTION('',(0.,1.,0.));
#3658=DIRECTION('',(0.,0.,1.));
#3659=FACE_BOUND('',#3660,.T.);
#3660=EDGE_LOOP('',(#5893,#5894,#5895,#5896));
#3661=PLANE('',#3662);
#3662=AXIS2_PLACEMENT_3D('',#3663,#3664,#3665);
#3663=CARTESIAN_POINT('',(0.,-16.,-0.8));
#3664=DIRECTION('',(0.,0.,1.));
#3665=DIRECTION('',(1.,0.,0.));
#3666=FACE_BOUND('',#3667,.T.);
#3667=EDGE_LOOP('',(#5897,#5898,#5899,#5900));
#3668=PLANE('',#3669);
#3669=AXIS2_PLACEMENT_3D('',#3670,#3671,#3672);
#3670=CARTESIAN_POINT('',(0.,-16.,-0.8));
#3671=DIRECTION('',(0.,0.,1.));
#3672=DIRECTION('',(1.,0.,0.));
#3673=FACE_BOUND('',#3674,.T.);
#3674=EDGE_LOOP('',(#5901,#5902,#5903,#5904,#5905,#5906));
#3675=PLANE('',#3676);
#3676=AXIS2_PLACEMENT_3D('',#3677,#3678,#3679);
#3677=CARTESIAN_POINT('',(-5.24500453720881,-13.1,0.));
#3678=DIRECTION('',(0.,1.,0.));
#3679=DIRECTION('',(0.,0.,1.));
#3680=FACE_BOUND('',#3681,.T.);
#3681=EDGE_LOOP('',(#5907,#5908,#5909,#5910));
#3682=PLANE('',#3683);
#3683=AXIS2_PLACEMENT_3D('',#3684,#3685,#3686);
#3684=CARTESIAN_POINT('',(-16.,-16.,0.8));
#3685=DIRECTION('',(0.,0.,1.));
#3686=DIRECTION('',(1.,0.,0.));
#3687=FACE_BOUND('',#3688,.T.);
#3688=EDGE_LOOP('',(#5911,#5912,#5913,#5914));
#3689=PLANE('',#3690);
#3690=AXIS2_PLACEMENT_3D('',#3691,#3692,#3693);
#3691=CARTESIAN_POINT('',(-16.,-16.,0.8));
#3692=DIRECTION('',(0.,0.,1.));
#3693=DIRECTION('',(1.,0.,0.));
#3694=FACE_BOUND('',#3695,.T.);
#3695=EDGE_LOOP('',(#5915,#5916,#5917,#5918,#5919,#5920));
#3696=PLANE('',#3697);
#3697=AXIS2_PLACEMENT_3D('',#3698,#3699,#3700);
#3698=CARTESIAN_POINT('',(-21.2450045372088,-13.1,0.));
#3699=DIRECTION('',(0.,1.,0.));
#3700=DIRECTION('',(0.,0.,1.));
#3701=FACE_BOUND('',#3702,.T.);
#3702=EDGE_LOOP('',(#5921,#5922,#5923,#5924,#5925,#5926));
#3703=PLANE('',#3704);
#3704=AXIS2_PLACEMENT_3D('',#3705,#3706,#3707);
#3705=CARTESIAN_POINT('',(-10.7549954627912,-18.9,0.));
#3706=DIRECTION('',(0.,-1.,0.));
#3707=DIRECTION('',(0.,0.,-1.));
#3708=FACE_BOUND('',#3709,.T.);
#3709=EDGE_LOOP('',(#5927,#5928,#5929,#5930));
#3710=PLANE('',#3711);
#3711=AXIS2_PLACEMENT_3D('',#3712,#3713,#3714);
#3712=CARTESIAN_POINT('',(-16.,-16.,-0.8));
#3713=DIRECTION('',(0.,0.,1.));
#3714=DIRECTION('',(1.,0.,0.));
#3715=FACE_BOUND('',#3716,.T.);
#3716=EDGE_LOOP('',(#5931,#5932,#5933,#5934));
#3717=PLANE('',#3718);
#3718=AXIS2_PLACEMENT_3D('',#3719,#3720,#3721);
#3719=CARTESIAN_POINT('',(-16.,-16.,-0.8));
#3720=DIRECTION('',(0.,0.,1.));
#3721=DIRECTION('',(1.,0.,0.));
#3722=FACE_BOUND('',#3723,.T.);
#3723=EDGE_LOOP('',(#5935,#5936,#5937,#5938,#5939,#5940));
#3724=PLANE('',#3725);
#3725=AXIS2_PLACEMENT_3D('',#3726,#3727,#3728);
#3726=CARTESIAN_POINT('',(-21.2450045372088,-13.1,0.));
#3727=DIRECTION('',(0.,1.,0.));
#3728=DIRECTION('',(0.,0.,1.));
#3729=FACE_BOUND('',#3730,.T.);
#3730=EDGE_LOOP('',(#5941,#5942,#5943,#5944,#5945,#5946));
#3731=PLANE('',#3732);
#3732=AXIS2_PLACEMENT_3D('',#3733,#3734,#3735);
#3733=CARTESIAN_POINT('',(-10.7549954627912,-18.9,0.));
#3734=DIRECTION('',(0.,-1.,0.));
#3735=DIRECTION('',(0.,0.,-1.));
#3736=FACE_BOUND('',#3737,.T.);
#3737=EDGE_LOOP('',(#5947,#5948,#5949,#5950));
#3738=PLANE('',#3739);
#3739=AXIS2_PLACEMENT_3D('',#3740,#3741,#3742);
#3740=CARTESIAN_POINT('',(16.,-16.,0.8));
#3741=DIRECTION('',(0.,0.,1.));
#3742=DIRECTION('',(1.,0.,0.));
#3743=FACE_BOUND('',#3744,.T.);
#3744=EDGE_LOOP('',(#5951,#5952,#5953,#5954));
#3745=PLANE('',#3746);
#3746=AXIS2_PLACEMENT_3D('',#3747,#3748,#3749);
#3747=CARTESIAN_POINT('',(16.,-16.,0.8));
#3748=DIRECTION('',(0.,0.,1.));
#3749=DIRECTION('',(1.,0.,0.));
#3750=FACE_BOUND('',#3751,.T.);
#3751=EDGE_LOOP('',(#5955,#5956,#5957,#5958,#5959,#5960));
#3752=PLANE('',#3753);
#3753=AXIS2_PLACEMENT_3D('',#3754,#3755,#3756);
#3754=CARTESIAN_POINT('',(10.7549954627912,-13.1,0.));
#3755=DIRECTION('',(0.,1.,0.));
#3756=DIRECTION('',(0.,0.,1.));
#3757=FACE_BOUND('',#3758,.T.);
#3758=EDGE_LOOP('',(#5961,#5962,#5963,#5964,#5965,#5966));
#3759=PLANE('',#3760);
#3760=AXIS2_PLACEMENT_3D('',#3761,#3762,#3763);
#3761=CARTESIAN_POINT('',(21.2450045372088,-18.9,0.));
#3762=DIRECTION('',(0.,-1.,0.));
#3763=DIRECTION('',(0.,0.,-1.));
#3764=FACE_BOUND('',#3765,.T.);
#3765=EDGE_LOOP('',(#5967,#5968,#5969,#5970));
#3766=PLANE('',#3767);
#3767=AXIS2_PLACEMENT_3D('',#3768,#3769,#3770);
#3768=CARTESIAN_POINT('',(16.,-16.,-0.8));
#3769=DIRECTION('',(0.,0.,1.));
#3770=DIRECTION('',(1.,0.,0.));
#3771=FACE_BOUND('',#3772,.T.);
#3772=EDGE_LOOP('',(#5971,#5972,#5973,#5974));
#3773=PLANE('',#3774);
#3774=AXIS2_PLACEMENT_3D('',#3775,#3776,#3777);
#3775=CARTESIAN_POINT('',(16.,-16.,-0.8));
#3776=DIRECTION('',(0.,0.,1.));
#3777=DIRECTION('',(1.,0.,0.));
#3778=FACE_BOUND('',#3779,.T.);
#3779=EDGE_LOOP('',(#5975,#5976,#5977,#5978,#5979,#5980));
#3780=PLANE('',#3781);
#3781=AXIS2_PLACEMENT_3D('',#3782,#3783,#3784);
#3782=CARTESIAN_POINT('',(10.7549954627912,-13.1,0.));
#3783=DIRECTION('',(0.,1.,0.));
#3784=DIRECTION('',(0.,0.,1.));
#3785=FACE_BOUND('',#3786,.T.);
#3786=EDGE_LOOP('',(#5981,#5982,#5983,#5984,#5985,#5986));
#3787=PLANE('',#3788);
#3788=AXIS2_PLACEMENT_3D('',#3789,#3790,#3791);
#3789=CARTESIAN_POINT('',(21.2450045372088,-18.9,0.));
#3790=DIRECTION('',(0.,-1.,0.));
#3791=DIRECTION('',(0.,0.,-1.));
#3792=FACE_BOUND('',#3793,.T.);
#3793=EDGE_LOOP('',(#5987,#5988,#5989,#5990));
#3794=CYLINDRICAL_SURFACE('',#3795,3.6);
#3795=AXIS2_PLACEMENT_3D('',#3796,#3797,#3798);
#3796=CARTESIAN_POINT('',(0.,0.,0.));
#3797=DIRECTION('',(0.,-1.,0.));
#3798=DIRECTION('',(1.,0.,0.));
#3799=FACE_BOUND('',#3800,.T.);
#3800=EDGE_LOOP('',(#5991,#5992,#5993,#5994));
#3801=CYLINDRICAL_SURFACE('',#3802,3.6);
#3802=AXIS2_PLACEMENT_3D('',#3803,#3804,#3805);
#3803=CARTESIAN_POINT('',(0.,0.,0.));
#3804=DIRECTION('',(0.,-1.,0.));
#3805=DIRECTION('',(1.,0.,0.));
#3806=FACE_BOUND('',#3807,.T.);
#3807=EDGE_LOOP('',(#5995,#5996,#5997,#5998));
#3808=CYLINDRICAL_SURFACE('',#3809,3.6);
#3809=AXIS2_PLACEMENT_3D('',#3810,#3811,#3812);
#3810=CARTESIAN_POINT('',(-16.,0.,0.));
#3811=DIRECTION('',(0.,-1.,0.));
#3812=DIRECTION('',(1.,0.,0.));
#3813=FACE_BOUND('',#3814,.T.);
#3814=EDGE_LOOP('',(#5999,#6000,#6001,#6002));
#3815=CYLINDRICAL_SURFACE('',#3816,3.6);
#3816=AXIS2_PLACEMENT_3D('',#3817,#3818,#3819);
#3817=CARTESIAN_POINT('',(-16.,0.,0.));
#3818=DIRECTION('',(0.,-1.,0.));
#3819=DIRECTION('',(1.,0.,0.));
#3820=FACE_BOUND('',#3821,.T.);
#3821=EDGE_LOOP('',(#6003,#6004,#6005,#6006));
#3822=CYLINDRICAL_SURFACE('',#3823,3.6);
#3823=AXIS2_PLACEMENT_3D('',#3824,#3825,#3826);
#3824=CARTESIAN_POINT('',(16.,0.,0.));
#3825=DIRECTION('',(0.,-1.,0.));
#3826=DIRECTION('',(1.,0.,0.));
#3827=FACE_BOUND('',#3828,.T.);
#3828=EDGE_LOOP('',(#6007,#6008,#6009,#6010));
#3829=CYLINDRICAL_SURFACE('',#3830,3.6);
#3830=AXIS2_PLACEMENT_3D('',#3831,#3832,#3833);
#3831=CARTESIAN_POINT('',(16.,0.,0.));
#3832=DIRECTION('',(0.,-1.,0.));
#3833=DIRECTION('',(1.,0.,0.));
#3834=FACE_OUTER_BOUND('',#3835,.T.);
#3835=EDGE_LOOP('',(#6011));
#3836=FACE_OUTER_BOUND('',#3837,.T.);
#3837=EDGE_LOOP('',(#6012));
#3838=CYLINDRICAL_SURFACE('',#3839,2.4);
#3839=AXIS2_PLACEMENT_3D('',#3840,#3841,#3842);
#3840=CARTESIAN_POINT('',(16.,0.,0.));
#3841=DIRECTION('',(0.,-1.,0.));
#3842=DIRECTION('',(1.,0.,0.));
#3843=FACE_OUTER_BOUND('',#3844,.T.);
#3844=EDGE_LOOP('',(#6013));
#3845=FACE_OUTER_BOUND('',#3846,.T.);
#3846=EDGE_LOOP('',(#6014));
#3847=CYLINDRICAL_SURFACE('',#3848,2.4);
#3848=AXIS2_PLACEMENT_3D('',#3849,#3850,#3851);
#3849=CARTESIAN_POINT('',(0.,0.,0.));
#3850=DIRECTION('',(0.,-1.,0.));
#3851=DIRECTION('',(1.,0.,0.));
#3852=FACE_OUTER_BOUND('',#3853,.T.);
#3853=EDGE_LOOP('',(#6015));
#3854=FACE_OUTER_BOUND('',#3855,.T.);
#3855=EDGE_LOOP('',(#6016));
#3856=CYLINDRICAL_SURFACE('',#3857,2.4);
#3857=AXIS2_PLACEMENT_3D('',#3858,#3859,#3860);
#3858=CARTESIAN_POINT('',(-16.,0.,0.));
#3859=DIRECTION('',(0.,-1.,0.));
#3860=DIRECTION('',(1.,0.,0.));
#3861=ORIENTED_EDGE('',*,*,#6017,.T.);
#3862=ORIENTED_EDGE('',*,*,#6018,.T.);
#3863=ORIENTED_EDGE('',*,*,#6019,.T.);
#3864=ORIENTED_EDGE('',*,*,#6020,.T.);
#3865=ORIENTED_EDGE('',*,*,#6021,.T.);
#3866=ORIENTED_EDGE('',*,*,#6022,.T.);
#3867=ORIENTED_EDGE('',*,*,#6017,.F.);
#3868=ORIENTED_EDGE('',*,*,#6023,.T.);
#3869=ORIENTED_EDGE('',*,*,#6024,.T.);
#3870=ORIENTED_EDGE('',*,*,#6025,.T.);
#3871=ORIENTED_EDGE('',*,*,#6021,.F.);
#3872=ORIENTED_EDGE('',*,*,#6026,.T.);
#3873=ORIENTED_EDGE('',*,*,#6026,.F.);
#3874=ORIENTED_EDGE('',*,*,#6027,.T.);
#3875=ORIENTED_EDGE('',*,*,#6028,.T.);
#3876=ORIENTED_EDGE('',*,*,#6029,.F.);
#3877=ORIENTED_EDGE('',*,*,#6030,.F.);
#3878=ORIENTED_EDGE('',*,*,#6031,.F.);
#3879=ORIENTED_EDGE('',*,*,#6032,.F.);
#3880=ORIENTED_EDGE('',*,*,#6033,.F.);
#3881=ORIENTED_EDGE('',*,*,#6034,.F.);
#3882=ORIENTED_EDGE('',*,*,#6035,.F.);
#3883=ORIENTED_EDGE('',*,*,#6036,.T.);
#3884=ORIENTED_EDGE('',*,*,#6037,.T.);
#3885=ORIENTED_EDGE('',*,*,#6038,.T.);
#3886=ORIENTED_EDGE('',*,*,#6039,.T.);
#3887=ORIENTED_EDGE('',*,*,#6040,.T.);
#3888=ORIENTED_EDGE('',*,*,#6041,.F.);
#3889=ORIENTED_EDGE('',*,*,#6042,.F.);
#3890=ORIENTED_EDGE('',*,*,#6043,.F.);
#3891=ORIENTED_EDGE('',*,*,#6044,.T.);
#3892=ORIENTED_EDGE('',*,*,#6045,.T.);
#3893=ORIENTED_EDGE('',*,*,#6046,.T.);
#3894=ORIENTED_EDGE('',*,*,#6047,.F.);
#3895=ORIENTED_EDGE('',*,*,#6048,.T.);
#3896=ORIENTED_EDGE('',*,*,#6049,.T.);
#3897=ORIENTED_EDGE('',*,*,#6050,.T.);
#3898=ORIENTED_EDGE('',*,*,#6051,.F.);
#3899=ORIENTED_EDGE('',*,*,#6052,.T.);
#3900=ORIENTED_EDGE('',*,*,#6053,.T.);
#3901=ORIENTED_EDGE('',*,*,#6054,.T.);
#3902=ORIENTED_EDGE('',*,*,#6055,.F.);
#3903=ORIENTED_EDGE('',*,*,#6056,.F.);
#3904=ORIENTED_EDGE('',*,*,#6057,.F.);
#3905=ORIENTED_EDGE('',*,*,#6058,.T.);
#3906=ORIENTED_EDGE('',*,*,#6059,.T.);
#3907=ORIENTED_EDGE('',*,*,#6060,.T.);
#3908=ORIENTED_EDGE('',*,*,#6061,.T.);
#3909=ORIENTED_EDGE('',*,*,#6062,.T.);
#3910=ORIENTED_EDGE('',*,*,#6063,.F.);
#3911=ORIENTED_EDGE('',*,*,#6023,.F.);
#3912=ORIENTED_EDGE('',*,*,#6064,.T.);
#3913=ORIENTED_EDGE('',*,*,#6065,.T.);
#3914=ORIENTED_EDGE('',*,*,#6027,.F.);
#3915=ORIENTED_EDGE('',*,*,#6020,.F.);
#3916=ORIENTED_EDGE('',*,*,#6066,.F.);
#3917=ORIENTED_EDGE('',*,*,#6067,.T.);
#3918=ORIENTED_EDGE('',*,*,#6068,.T.);
#3919=ORIENTED_EDGE('',*,*,#6069,.F.);
#3920=ORIENTED_EDGE('',*,*,#6070,.T.);
#3921=ORIENTED_EDGE('',*,*,#6071,.T.);
#3922=ORIENTED_EDGE('',*,*,#6072,.F.);
#3923=ORIENTED_EDGE('',*,*,#6073,.T.);
#3924=ORIENTED_EDGE('',*,*,#6074,.T.);
#3925=ORIENTED_EDGE('',*,*,#6075,.F.);
#3926=ORIENTED_EDGE('',*,*,#6076,.T.);
#3927=ORIENTED_EDGE('',*,*,#6077,.F.);
#3928=ORIENTED_EDGE('',*,*,#6078,.F.);
#3929=ORIENTED_EDGE('',*,*,#6079,.F.);
#3930=ORIENTED_EDGE('',*,*,#6080,.T.);
#3931=ORIENTED_EDGE('',*,*,#6081,.F.);
#3932=ORIENTED_EDGE('',*,*,#6082,.T.);
#3933=ORIENTED_EDGE('',*,*,#6083,.T.);
#3934=ORIENTED_EDGE('',*,*,#6084,.F.);
#3935=ORIENTED_EDGE('',*,*,#6085,.T.);
#3936=ORIENTED_EDGE('',*,*,#6086,.T.);
#3937=ORIENTED_EDGE('',*,*,#6087,.F.);
#3938=ORIENTED_EDGE('',*,*,#6088,.T.);
#3939=ORIENTED_EDGE('',*,*,#6089,.T.);
#3940=ORIENTED_EDGE('',*,*,#6090,.F.);
#3941=ORIENTED_EDGE('',*,*,#6091,.F.);
#3942=ORIENTED_EDGE('',*,*,#6092,.T.);
#3943=ORIENTED_EDGE('',*,*,#6093,.T.);
#3944=ORIENTED_EDGE('',*,*,#6094,.F.);
#3945=ORIENTED_EDGE('',*,*,#6095,.F.);
#3946=ORIENTED_EDGE('',*,*,#6096,.F.);
#3947=ORIENTED_EDGE('',*,*,#6097,.F.);
#3948=ORIENTED_EDGE('',*,*,#6064,.F.);
#3949=ORIENTED_EDGE('',*,*,#6098,.T.);
#3950=ORIENTED_EDGE('',*,*,#6091,.T.);
#3951=ORIENTED_EDGE('',*,*,#6099,.T.);
#3952=ORIENTED_EDGE('',*,*,#6100,.T.);
#3953=ORIENTED_EDGE('',*,*,#6101,.T.);
#3954=ORIENTED_EDGE('',*,*,#6102,.T.);
#3955=ORIENTED_EDGE('',*,*,#6098,.F.);
#3956=ORIENTED_EDGE('',*,*,#6103,.T.);
#3957=ORIENTED_EDGE('',*,*,#6104,.T.);
#3958=ORIENTED_EDGE('',*,*,#6034,.T.);
#3959=ORIENTED_EDGE('',*,*,#6101,.F.);
#3960=ORIENTED_EDGE('',*,*,#6105,.T.);
#3961=ORIENTED_EDGE('',*,*,#6106,.T.);
#3962=ORIENTED_EDGE('',*,*,#6105,.F.);
#3963=ORIENTED_EDGE('',*,*,#6103,.F.);
#3964=ORIENTED_EDGE('',*,*,#6100,.F.);
#3965=ORIENTED_EDGE('',*,*,#6107,.T.);
#3966=ORIENTED_EDGE('',*,*,#6108,.F.);
#3967=ORIENTED_EDGE('',*,*,#6109,.F.);
#3968=ORIENTED_EDGE('',*,*,#6110,.F.);
#3969=ORIENTED_EDGE('',*,*,#6111,.F.);
#3970=ORIENTED_EDGE('',*,*,#6112,.F.);
#3971=ORIENTED_EDGE('',*,*,#6113,.F.);
#3972=ORIENTED_EDGE('',*,*,#6114,.F.);
#3973=ORIENTED_EDGE('',*,*,#6115,.T.);
#3974=ORIENTED_EDGE('',*,*,#6116,.T.);
#3975=ORIENTED_EDGE('',*,*,#6117,.T.);
#3976=ORIENTED_EDGE('',*,*,#6118,.T.);
#3977=ORIENTED_EDGE('',*,*,#6119,.T.);
#3978=ORIENTED_EDGE('',*,*,#6120,.T.);
#3979=ORIENTED_EDGE('',*,*,#6121,.T.);
#3980=ORIENTED_EDGE('',*,*,#6122,.T.);
#3981=ORIENTED_EDGE('',*,*,#6123,.T.);
#3982=ORIENTED_EDGE('',*,*,#6124,.F.);
#3983=ORIENTED_EDGE('',*,*,#6125,.F.);
#3984=ORIENTED_EDGE('',*,*,#6126,.F.);
#3985=ORIENTED_EDGE('',*,*,#6127,.F.);
#3986=ORIENTED_EDGE('',*,*,#6128,.T.);
#3987=ORIENTED_EDGE('',*,*,#6129,.T.);
#3988=ORIENTED_EDGE('',*,*,#6130,.T.);
#3989=ORIENTED_EDGE('',*,*,#6110,.T.);
#3990=ORIENTED_EDGE('',*,*,#6131,.T.);
#3991=ORIENTED_EDGE('',*,*,#6132,.T.);
#3992=ORIENTED_EDGE('',*,*,#6133,.T.);
#3993=ORIENTED_EDGE('',*,*,#6111,.T.);
#3994=ORIENTED_EDGE('',*,*,#6130,.F.);
#3995=ORIENTED_EDGE('',*,*,#6134,.T.);
#3996=ORIENTED_EDGE('',*,*,#6135,.T.);
#3997=ORIENTED_EDGE('',*,*,#6112,.T.);
#3998=ORIENTED_EDGE('',*,*,#6133,.F.);
#3999=ORIENTED_EDGE('',*,*,#6136,.T.);
#4000=ORIENTED_EDGE('',*,*,#6136,.F.);
#4001=ORIENTED_EDGE('',*,*,#6137,.T.);
#4002=ORIENTED_EDGE('',*,*,#6138,.T.);
#4003=ORIENTED_EDGE('',*,*,#6139,.F.);
#4004=ORIENTED_EDGE('',*,*,#6140,.F.);
#4005=ORIENTED_EDGE('',*,*,#6141,.F.);
#4006=ORIENTED_EDGE('',*,*,#6142,.F.);
#4007=ORIENTED_EDGE('',*,*,#6143,.F.);
#4008=ORIENTED_EDGE('',*,*,#6144,.F.);
#4009=ORIENTED_EDGE('',*,*,#6145,.F.);
#4010=ORIENTED_EDGE('',*,*,#6146,.T.);
#4011=ORIENTED_EDGE('',*,*,#6147,.T.);
#4012=ORIENTED_EDGE('',*,*,#6148,.T.);
#4013=ORIENTED_EDGE('',*,*,#6149,.T.);
#4014=ORIENTED_EDGE('',*,*,#6150,.T.);
#4015=ORIENTED_EDGE('',*,*,#6151,.F.);
#4016=ORIENTED_EDGE('',*,*,#6152,.F.);
#4017=ORIENTED_EDGE('',*,*,#6153,.F.);
#4018=ORIENTED_EDGE('',*,*,#6154,.T.);
#4019=ORIENTED_EDGE('',*,*,#6155,.T.);
#4020=ORIENTED_EDGE('',*,*,#6156,.T.);
#4021=ORIENTED_EDGE('',*,*,#6157,.F.);
#4022=ORIENTED_EDGE('',*,*,#6158,.T.);
#4023=ORIENTED_EDGE('',*,*,#6159,.T.);
#4024=ORIENTED_EDGE('',*,*,#6160,.T.);
#4025=ORIENTED_EDGE('',*,*,#6161,.F.);
#4026=ORIENTED_EDGE('',*,*,#6162,.T.);
#4027=ORIENTED_EDGE('',*,*,#6163,.T.);
#4028=ORIENTED_EDGE('',*,*,#6164,.T.);
#4029=ORIENTED_EDGE('',*,*,#6165,.F.);
#4030=ORIENTED_EDGE('',*,*,#6166,.F.);
#4031=ORIENTED_EDGE('',*,*,#6167,.F.);
#4032=ORIENTED_EDGE('',*,*,#6168,.T.);
#4033=ORIENTED_EDGE('',*,*,#6169,.T.);
#4034=ORIENTED_EDGE('',*,*,#6170,.T.);
#4035=ORIENTED_EDGE('',*,*,#6171,.T.);
#4036=ORIENTED_EDGE('',*,*,#6172,.T.);
#4037=ORIENTED_EDGE('',*,*,#6173,.F.);
#4038=ORIENTED_EDGE('',*,*,#6134,.F.);
#4039=ORIENTED_EDGE('',*,*,#6174,.T.);
#4040=ORIENTED_EDGE('',*,*,#6175,.T.);
#4041=ORIENTED_EDGE('',*,*,#6137,.F.);
#4042=ORIENTED_EDGE('',*,*,#6132,.F.);
#4043=ORIENTED_EDGE('',*,*,#6176,.F.);
#4044=ORIENTED_EDGE('',*,*,#6177,.T.);
#4045=ORIENTED_EDGE('',*,*,#6178,.T.);
#4046=ORIENTED_EDGE('',*,*,#6179,.F.);
#4047=ORIENTED_EDGE('',*,*,#6180,.T.);
#4048=ORIENTED_EDGE('',*,*,#6181,.T.);
#4049=ORIENTED_EDGE('',*,*,#6182,.F.);
#4050=ORIENTED_EDGE('',*,*,#6183,.T.);
#4051=ORIENTED_EDGE('',*,*,#6184,.T.);
#4052=ORIENTED_EDGE('',*,*,#6185,.F.);
#4053=ORIENTED_EDGE('',*,*,#6186,.T.);
#4054=ORIENTED_EDGE('',*,*,#6187,.F.);
#4055=ORIENTED_EDGE('',*,*,#6188,.F.);
#4056=ORIENTED_EDGE('',*,*,#6189,.F.);
#4057=ORIENTED_EDGE('',*,*,#6190,.T.);
#4058=ORIENTED_EDGE('',*,*,#6191,.F.);
#4059=ORIENTED_EDGE('',*,*,#6192,.T.);
#4060=ORIENTED_EDGE('',*,*,#6193,.T.);
#4061=ORIENTED_EDGE('',*,*,#6194,.F.);
#4062=ORIENTED_EDGE('',*,*,#6195,.T.);
#4063=ORIENTED_EDGE('',*,*,#6196,.T.);
#4064=ORIENTED_EDGE('',*,*,#6197,.F.);
#4065=ORIENTED_EDGE('',*,*,#6198,.T.);
#4066=ORIENTED_EDGE('',*,*,#6199,.T.);
#4067=ORIENTED_EDGE('',*,*,#6200,.F.);
#4068=ORIENTED_EDGE('',*,*,#6201,.F.);
#4069=ORIENTED_EDGE('',*,*,#6202,.T.);
#4070=ORIENTED_EDGE('',*,*,#6203,.T.);
#4071=ORIENTED_EDGE('',*,*,#6204,.F.);
#4072=ORIENTED_EDGE('',*,*,#6205,.F.);
#4073=ORIENTED_EDGE('',*,*,#6206,.F.);
#4074=ORIENTED_EDGE('',*,*,#6207,.F.);
#4075=ORIENTED_EDGE('',*,*,#6174,.F.);
#4076=ORIENTED_EDGE('',*,*,#6208,.T.);
#4077=ORIENTED_EDGE('',*,*,#6201,.T.);
#4078=ORIENTED_EDGE('',*,*,#6209,.T.);
#4079=ORIENTED_EDGE('',*,*,#6210,.T.);
#4080=ORIENTED_EDGE('',*,*,#6211,.T.);
#4081=ORIENTED_EDGE('',*,*,#6212,.T.);
#4082=ORIENTED_EDGE('',*,*,#6208,.F.);
#4083=ORIENTED_EDGE('',*,*,#6213,.T.);
#4084=ORIENTED_EDGE('',*,*,#6214,.T.);
#4085=ORIENTED_EDGE('',*,*,#6144,.T.);
#4086=ORIENTED_EDGE('',*,*,#6211,.F.);
#4087=ORIENTED_EDGE('',*,*,#6215,.T.);
#4088=ORIENTED_EDGE('',*,*,#6216,.F.);
#4089=ORIENTED_EDGE('',*,*,#6217,.F.);
#4090=ORIENTED_EDGE('',*,*,#6218,.T.);
#4091=ORIENTED_EDGE('',*,*,#6215,.F.);
#4092=ORIENTED_EDGE('',*,*,#6213,.F.);
#4093=ORIENTED_EDGE('',*,*,#6210,.F.);
#4094=ORIENTED_EDGE('',*,*,#6219,.T.);
#4095=ORIENTED_EDGE('',*,*,#6220,.F.);
#4096=ORIENTED_EDGE('',*,*,#6221,.F.);
#4097=ORIENTED_EDGE('',*,*,#6018,.F.);
#4098=ORIENTED_EDGE('',*,*,#6022,.F.);
#4099=ORIENTED_EDGE('',*,*,#6025,.F.);
#4100=ORIENTED_EDGE('',*,*,#6222,.T.);
#4101=ORIENTED_EDGE('',*,*,#6223,.T.);
#4102=ORIENTED_EDGE('',*,*,#6224,.T.);
#4103=ORIENTED_EDGE('',*,*,#6225,.F.);
#4104=ORIENTED_EDGE('',*,*,#6226,.F.);
#4105=ORIENTED_EDGE('',*,*,#6227,.F.);
#4106=ORIENTED_EDGE('',*,*,#6228,.F.);
#4107=ORIENTED_EDGE('',*,*,#6229,.T.);
#4108=ORIENTED_EDGE('',*,*,#6230,.T.);
#4109=ORIENTED_EDGE('',*,*,#6231,.T.);
#4110=ORIENTED_EDGE('',*,*,#6232,.T.);
#4111=ORIENTED_EDGE('',*,*,#6233,.T.);
#4112=ORIENTED_EDGE('',*,*,#6234,.T.);
#4113=ORIENTED_EDGE('',*,*,#6235,.T.);
#4114=ORIENTED_EDGE('',*,*,#6236,.T.);
#4115=ORIENTED_EDGE('',*,*,#6237,.T.);
#4116=ORIENTED_EDGE('',*,*,#6238,.T.);
#4117=ORIENTED_EDGE('',*,*,#6239,.T.);
#4118=ORIENTED_EDGE('',*,*,#6055,.T.);
#4119=ORIENTED_EDGE('',*,*,#6240,.T.);
#4120=ORIENTED_EDGE('',*,*,#6241,.T.);
#4121=ORIENTED_EDGE('',*,*,#6242,.T.);
#4122=ORIENTED_EDGE('',*,*,#6051,.T.);
#4123=ORIENTED_EDGE('',*,*,#6242,.F.);
#4124=ORIENTED_EDGE('',*,*,#6243,.F.);
#4125=ORIENTED_EDGE('',*,*,#6244,.T.);
#4126=ORIENTED_EDGE('',*,*,#6245,.F.);
#4127=ORIENTED_EDGE('',*,*,#6052,.F.);
#4128=ORIENTED_EDGE('',*,*,#6238,.F.);
#4129=ORIENTED_EDGE('',*,*,#6246,.T.);
#4130=ORIENTED_EDGE('',*,*,#6247,.T.);
#4131=ORIENTED_EDGE('',*,*,#6243,.T.);
#4132=ORIENTED_EDGE('',*,*,#6241,.F.);
#4133=ORIENTED_EDGE('',*,*,#6248,.T.);
#4134=ORIENTED_EDGE('',*,*,#6249,.T.);
#4135=ORIENTED_EDGE('',*,*,#6250,.T.);
#4136=ORIENTED_EDGE('',*,*,#6251,.F.);
#4137=ORIENTED_EDGE('',*,*,#6252,.T.);
#4138=ORIENTED_EDGE('',*,*,#6253,.T.);
#4139=ORIENTED_EDGE('',*,*,#6254,.T.);
#4140=ORIENTED_EDGE('',*,*,#6255,.F.);
#4141=ORIENTED_EDGE('',*,*,#6256,.T.);
#4142=ORIENTED_EDGE('',*,*,#6257,.F.);
#4143=ORIENTED_EDGE('',*,*,#6258,.F.);
#4144=ORIENTED_EDGE('',*,*,#6259,.T.);
#4145=ORIENTED_EDGE('',*,*,#6251,.T.);
#4146=ORIENTED_EDGE('',*,*,#6260,.T.);
#4147=ORIENTED_EDGE('',*,*,#6047,.T.);
#4148=ORIENTED_EDGE('',*,*,#6259,.F.);
#4149=ORIENTED_EDGE('',*,*,#6046,.F.);
#4150=ORIENTED_EDGE('',*,*,#6261,.F.);
#4151=ORIENTED_EDGE('',*,*,#6262,.F.);
#4152=ORIENTED_EDGE('',*,*,#6252,.F.);
#4153=ORIENTED_EDGE('',*,*,#6263,.T.);
#4154=ORIENTED_EDGE('',*,*,#6043,.T.);
#4155=ORIENTED_EDGE('',*,*,#6264,.T.);
#4156=ORIENTED_EDGE('',*,*,#6255,.T.);
#4157=ORIENTED_EDGE('',*,*,#6265,.T.);
#4158=ORIENTED_EDGE('',*,*,#6030,.T.);
#4159=ORIENTED_EDGE('',*,*,#6266,.T.);
#4160=ORIENTED_EDGE('',*,*,#6267,.T.);
#4161=ORIENTED_EDGE('',*,*,#6268,.T.);
#4162=ORIENTED_EDGE('',*,*,#6095,.T.);
#4163=ORIENTED_EDGE('',*,*,#6269,.T.);
#4164=ORIENTED_EDGE('',*,*,#6270,.T.);
#4165=ORIENTED_EDGE('',*,*,#6271,.T.);
#4166=ORIENTED_EDGE('',*,*,#6078,.T.);
#4167=ORIENTED_EDGE('',*,*,#6272,.T.);
#4168=ORIENTED_EDGE('',*,*,#6257,.T.);
#4169=ORIENTED_EDGE('',*,*,#6273,.T.);
#4170=ORIENTED_EDGE('',*,*,#6205,.T.);
#4171=ORIENTED_EDGE('',*,*,#6274,.T.);
#4172=ORIENTED_EDGE('',*,*,#6275,.T.);
#4173=ORIENTED_EDGE('',*,*,#6276,.T.);
#4174=ORIENTED_EDGE('',*,*,#6140,.T.);
#4175=ORIENTED_EDGE('',*,*,#6277,.T.);
#4176=ORIENTED_EDGE('',*,*,#6278,.T.);
#4177=ORIENTED_EDGE('',*,*,#6279,.T.);
#4178=ORIENTED_EDGE('',*,*,#6188,.T.);
#4179=ORIENTED_EDGE('',*,*,#6280,.T.);
#4180=ORIENTED_EDGE('',*,*,#6281,.T.);
#4181=ORIENTED_EDGE('',*,*,#6282,.T.);
#4182=ORIENTED_EDGE('',*,*,#6283,.T.);
#4183=ORIENTED_EDGE('',*,*,#6284,.T.);
#4184=ORIENTED_EDGE('',*,*,#6165,.T.);
#4185=ORIENTED_EDGE('',*,*,#6285,.T.);
#4186=ORIENTED_EDGE('',*,*,#6286,.T.);
#4187=ORIENTED_EDGE('',*,*,#6287,.T.);
#4188=ORIENTED_EDGE('',*,*,#6161,.T.);
#4189=ORIENTED_EDGE('',*,*,#6287,.F.);
#4190=ORIENTED_EDGE('',*,*,#6288,.F.);
#4191=ORIENTED_EDGE('',*,*,#6289,.T.);
#4192=ORIENTED_EDGE('',*,*,#6290,.F.);
#4193=ORIENTED_EDGE('',*,*,#6162,.F.);
#4194=ORIENTED_EDGE('',*,*,#6281,.F.);
#4195=ORIENTED_EDGE('',*,*,#6291,.F.);
#4196=ORIENTED_EDGE('',*,*,#6283,.F.);
#4197=ORIENTED_EDGE('',*,*,#6292,.T.);
#4198=ORIENTED_EDGE('',*,*,#6293,.T.);
#4199=ORIENTED_EDGE('',*,*,#6288,.T.);
#4200=ORIENTED_EDGE('',*,*,#6286,.F.);
#4201=ORIENTED_EDGE('',*,*,#6294,.T.);
#4202=ORIENTED_EDGE('',*,*,#6295,.T.);
#4203=ORIENTED_EDGE('',*,*,#6296,.T.);
#4204=ORIENTED_EDGE('',*,*,#6297,.F.);
#4205=ORIENTED_EDGE('',*,*,#6298,.T.);
#4206=ORIENTED_EDGE('',*,*,#6299,.T.);
#4207=ORIENTED_EDGE('',*,*,#6300,.T.);
#4208=ORIENTED_EDGE('',*,*,#6301,.F.);
#4209=ORIENTED_EDGE('',*,*,#6302,.T.);
#4210=ORIENTED_EDGE('',*,*,#6303,.T.);
#4211=ORIENTED_EDGE('',*,*,#6297,.T.);
#4212=ORIENTED_EDGE('',*,*,#6304,.T.);
#4213=ORIENTED_EDGE('',*,*,#6157,.T.);
#4214=ORIENTED_EDGE('',*,*,#6303,.F.);
#4215=ORIENTED_EDGE('',*,*,#6156,.F.);
#4216=ORIENTED_EDGE('',*,*,#6305,.F.);
#4217=ORIENTED_EDGE('',*,*,#6306,.F.);
#4218=ORIENTED_EDGE('',*,*,#6298,.F.);
#4219=ORIENTED_EDGE('',*,*,#6307,.T.);
#4220=ORIENTED_EDGE('',*,*,#6153,.T.);
#4221=ORIENTED_EDGE('',*,*,#6308,.T.);
#4222=ORIENTED_EDGE('',*,*,#6301,.T.);
#4223=ORIENTED_EDGE('',*,*,#6309,.T.);
#4224=ORIENTED_EDGE('',*,*,#6310,.T.);
#4225=ORIENTED_EDGE('',*,*,#6311,.T.);
#4226=ORIENTED_EDGE('',*,*,#6312,.T.);
#4227=ORIENTED_EDGE('',*,*,#6311,.F.);
#4228=ORIENTED_EDGE('',*,*,#6313,.F.);
#4229=ORIENTED_EDGE('',*,*,#6314,.T.);
#4230=ORIENTED_EDGE('',*,*,#6315,.F.);
#4231=ORIENTED_EDGE('',*,*,#6316,.F.);
#4232=ORIENTED_EDGE('',*,*,#6310,.F.);
#4233=ORIENTED_EDGE('',*,*,#6317,.T.);
#4234=ORIENTED_EDGE('',*,*,#6318,.T.);
#4235=ORIENTED_EDGE('',*,*,#6319,.T.);
#4236=ORIENTED_EDGE('',*,*,#6320,.F.);
#4237=ORIENTED_EDGE('',*,*,#6321,.T.);
#4238=ORIENTED_EDGE('',*,*,#6322,.T.);
#4239=ORIENTED_EDGE('',*,*,#6323,.T.);
#4240=ORIENTED_EDGE('',*,*,#6324,.F.);
#4241=ORIENTED_EDGE('',*,*,#6325,.T.);
#4242=ORIENTED_EDGE('',*,*,#6056,.T.);
#4243=ORIENTED_EDGE('',*,*,#6239,.F.);
#4244=ORIENTED_EDGE('',*,*,#6258,.T.);
#4245=ORIENTED_EDGE('',*,*,#6272,.F.);
#4246=ORIENTED_EDGE('',*,*,#6077,.T.);
#4247=ORIENTED_EDGE('',*,*,#6326,.F.);
#4248=ORIENTED_EDGE('',*,*,#6327,.F.);
#4249=ORIENTED_EDGE('',*,*,#6328,.F.);
#4250=ORIENTED_EDGE('',*,*,#6073,.F.);
#4251=ORIENTED_EDGE('',*,*,#6329,.T.);
#4252=ORIENTED_EDGE('',*,*,#6330,.F.);
#4253=ORIENTED_EDGE('',*,*,#6331,.F.);
#4254=ORIENTED_EDGE('',*,*,#6193,.F.);
#4255=ORIENTED_EDGE('',*,*,#6332,.T.);
#4256=ORIENTED_EDGE('',*,*,#6333,.T.);
#4257=ORIENTED_EDGE('',*,*,#6334,.T.);
#4258=ORIENTED_EDGE('',*,*,#6189,.T.);
#4259=ORIENTED_EDGE('',*,*,#6279,.F.);
#4260=ORIENTED_EDGE('',*,*,#6302,.F.);
#4261=ORIENTED_EDGE('',*,*,#6308,.F.);
#4262=ORIENTED_EDGE('',*,*,#6152,.T.);
#4263=ORIENTED_EDGE('',*,*,#6335,.F.);
#4264=ORIENTED_EDGE('',*,*,#6336,.F.);
#4265=ORIENTED_EDGE('',*,*,#6337,.T.);
#4266=ORIENTED_EDGE('',*,*,#6338,.T.);
#4267=ORIENTED_EDGE('',*,*,#6313,.T.);
#4268=ORIENTED_EDGE('',*,*,#6339,.T.);
#4269=ORIENTED_EDGE('',*,*,#6320,.T.);
#4270=ORIENTED_EDGE('',*,*,#6340,.T.);
#4271=ORIENTED_EDGE('',*,*,#6341,.T.);
#4272=ORIENTED_EDGE('',*,*,#6340,.F.);
#4273=ORIENTED_EDGE('',*,*,#6319,.F.);
#4274=ORIENTED_EDGE('',*,*,#6342,.F.);
#4275=ORIENTED_EDGE('',*,*,#6343,.F.);
#4276=ORIENTED_EDGE('',*,*,#6344,.F.);
#4277=ORIENTED_EDGE('',*,*,#6345,.T.);
#4278=ORIENTED_EDGE('',*,*,#6346,.T.);
#4279=ORIENTED_EDGE('',*,*,#6347,.T.);
#4280=ORIENTED_EDGE('',*,*,#6348,.T.);
#4281=ORIENTED_EDGE('',*,*,#6345,.F.);
#4282=ORIENTED_EDGE('',*,*,#6349,.F.);
#4283=ORIENTED_EDGE('',*,*,#6350,.F.);
#4284=ORIENTED_EDGE('',*,*,#6351,.F.);
#4285=ORIENTED_EDGE('',*,*,#6352,.F.);
#4286=ORIENTED_EDGE('',*,*,#6348,.F.);
#4287=ORIENTED_EDGE('',*,*,#6353,.T.);
#4288=ORIENTED_EDGE('',*,*,#6354,.T.);
#4289=ORIENTED_EDGE('',*,*,#6355,.T.);
#4290=ORIENTED_EDGE('',*,*,#6356,.F.);
#4291=ORIENTED_EDGE('',*,*,#6357,.F.);
#4292=ORIENTED_EDGE('',*,*,#6358,.F.);
#4293=ORIENTED_EDGE('',*,*,#6359,.F.);
#4294=ORIENTED_EDGE('',*,*,#6360,.F.);
#4295=ORIENTED_EDGE('',*,*,#6361,.T.);
#4296=ORIENTED_EDGE('',*,*,#6362,.T.);
#4297=ORIENTED_EDGE('',*,*,#6363,.T.);
#4298=ORIENTED_EDGE('',*,*,#6364,.F.);
#4299=ORIENTED_EDGE('',*,*,#6365,.T.);
#4300=ORIENTED_EDGE('',*,*,#6366,.T.);
#4301=ORIENTED_EDGE('',*,*,#6349,.T.);
#4302=ORIENTED_EDGE('',*,*,#6367,.T.);
#4303=ORIENTED_EDGE('',*,*,#6368,.T.);
#4304=ORIENTED_EDGE('',*,*,#6369,.T.);
#4305=ORIENTED_EDGE('',*,*,#6370,.T.);
#4306=ORIENTED_EDGE('',*,*,#6371,.T.);
#4307=ORIENTED_EDGE('',*,*,#6372,.T.);
#4308=ORIENTED_EDGE('',*,*,#6373,.T.);
#4309=ORIENTED_EDGE('',*,*,#6374,.T.);
#4310=ORIENTED_EDGE('',*,*,#6375,.T.);
#4311=ORIENTED_EDGE('',*,*,#6376,.T.);
#4312=ORIENTED_EDGE('',*,*,#6377,.T.);
#4313=ORIENTED_EDGE('',*,*,#6378,.T.);
#4314=ORIENTED_EDGE('',*,*,#6379,.T.);
#4315=ORIENTED_EDGE('',*,*,#6380,.T.);
#4316=ORIENTED_EDGE('',*,*,#6381,.T.);
#4317=ORIENTED_EDGE('',*,*,#6382,.T.);
#4318=ORIENTED_EDGE('',*,*,#6383,.T.);
#4319=ORIENTED_EDGE('',*,*,#6384,.T.);
#4320=ORIENTED_EDGE('',*,*,#6385,.T.);
#4321=ORIENTED_EDGE('',*,*,#6364,.T.);
#4322=ORIENTED_EDGE('',*,*,#6385,.F.);
#4323=ORIENTED_EDGE('',*,*,#6386,.F.);
#4324=ORIENTED_EDGE('',*,*,#6387,.F.);
#4325=ORIENTED_EDGE('',*,*,#6388,.F.);
#4326=ORIENTED_EDGE('',*,*,#6365,.F.);
#4327=ORIENTED_EDGE('',*,*,#6346,.F.);
#4328=ORIENTED_EDGE('',*,*,#6352,.T.);
#4329=ORIENTED_EDGE('',*,*,#6389,.T.);
#4330=ORIENTED_EDGE('',*,*,#6386,.T.);
#4331=ORIENTED_EDGE('',*,*,#6384,.F.);
#4332=ORIENTED_EDGE('',*,*,#6390,.T.);
#4333=ORIENTED_EDGE('',*,*,#6391,.T.);
#4334=ORIENTED_EDGE('',*,*,#6392,.T.);
#4335=ORIENTED_EDGE('',*,*,#6393,.F.);
#4336=ORIENTED_EDGE('',*,*,#6394,.T.);
#4337=ORIENTED_EDGE('',*,*,#6166,.T.);
#4338=ORIENTED_EDGE('',*,*,#6284,.F.);
#4339=ORIENTED_EDGE('',*,*,#6291,.T.);
#4340=ORIENTED_EDGE('',*,*,#6280,.F.);
#4341=ORIENTED_EDGE('',*,*,#6187,.T.);
#4342=ORIENTED_EDGE('',*,*,#6395,.F.);
#4343=ORIENTED_EDGE('',*,*,#6396,.F.);
#4344=ORIENTED_EDGE('',*,*,#6397,.F.);
#4345=ORIENTED_EDGE('',*,*,#6183,.F.);
#4346=ORIENTED_EDGE('',*,*,#6398,.T.);
#4347=ORIENTED_EDGE('',*,*,#6399,.F.);
#4348=ORIENTED_EDGE('',*,*,#6400,.F.);
#4349=ORIENTED_EDGE('',*,*,#6083,.F.);
#4350=ORIENTED_EDGE('',*,*,#6401,.T.);
#4351=ORIENTED_EDGE('',*,*,#6402,.T.);
#4352=ORIENTED_EDGE('',*,*,#6403,.T.);
#4353=ORIENTED_EDGE('',*,*,#6079,.T.);
#4354=ORIENTED_EDGE('',*,*,#6271,.F.);
#4355=ORIENTED_EDGE('',*,*,#6256,.F.);
#4356=ORIENTED_EDGE('',*,*,#6264,.F.);
#4357=ORIENTED_EDGE('',*,*,#6042,.T.);
#4358=ORIENTED_EDGE('',*,*,#6404,.F.);
#4359=ORIENTED_EDGE('',*,*,#6405,.F.);
#4360=ORIENTED_EDGE('',*,*,#6406,.T.);
#4361=ORIENTED_EDGE('',*,*,#6407,.T.);
#4362=ORIENTED_EDGE('',*,*,#6408,.T.);
#4363=ORIENTED_EDGE('',*,*,#6409,.T.);
#4364=ORIENTED_EDGE('',*,*,#6360,.T.);
#4365=ORIENTED_EDGE('',*,*,#6410,.T.);
#4366=ORIENTED_EDGE('',*,*,#6393,.T.);
#4367=ORIENTED_EDGE('',*,*,#6411,.T.);
#4368=ORIENTED_EDGE('',*,*,#6412,.T.);
#4369=ORIENTED_EDGE('',*,*,#6410,.F.);
#4370=ORIENTED_EDGE('',*,*,#6359,.T.);
#4371=ORIENTED_EDGE('',*,*,#6413,.T.);
#4372=ORIENTED_EDGE('',*,*,#6114,.T.);
#4373=ORIENTED_EDGE('',*,*,#6411,.F.);
#4374=ORIENTED_EDGE('',*,*,#6358,.T.);
#4375=ORIENTED_EDGE('',*,*,#6414,.T.);
#4376=ORIENTED_EDGE('',*,*,#6415,.T.);
#4377=ORIENTED_EDGE('',*,*,#6413,.F.);
#4378=ORIENTED_EDGE('',*,*,#6357,.T.);
#4379=ORIENTED_EDGE('',*,*,#6416,.T.);
#4380=ORIENTED_EDGE('',*,*,#6405,.T.);
#4381=ORIENTED_EDGE('',*,*,#6414,.F.);
#4382=ORIENTED_EDGE('',*,*,#6356,.T.);
#4383=ORIENTED_EDGE('',*,*,#6409,.F.);
#4384=ORIENTED_EDGE('',*,*,#6392,.F.);
#4385=ORIENTED_EDGE('',*,*,#6417,.T.);
#4386=ORIENTED_EDGE('',*,*,#6418,.F.);
#4387=ORIENTED_EDGE('',*,*,#6361,.F.);
#4388=ORIENTED_EDGE('',*,*,#6419,.T.);
#4389=ORIENTED_EDGE('',*,*,#6420,.T.);
#4390=ORIENTED_EDGE('',*,*,#6421,.T.);
#4391=ORIENTED_EDGE('',*,*,#6324,.T.);
#4392=ORIENTED_EDGE('',*,*,#6422,.T.);
#4393=ORIENTED_EDGE('',*,*,#6423,.T.);
#4394=ORIENTED_EDGE('',*,*,#6421,.F.);
#4395=ORIENTED_EDGE('',*,*,#6424,.T.);
#4396=ORIENTED_EDGE('',*,*,#6425,.T.);
#4397=ORIENTED_EDGE('',*,*,#6217,.T.);
#4398=ORIENTED_EDGE('',*,*,#6422,.F.);
#4399=ORIENTED_EDGE('',*,*,#6426,.T.);
#4400=ORIENTED_EDGE('',*,*,#6427,.T.);
#4401=ORIENTED_EDGE('',*,*,#6428,.T.);
#4402=ORIENTED_EDGE('',*,*,#6425,.F.);
#4403=ORIENTED_EDGE('',*,*,#6429,.T.);
#4404=ORIENTED_EDGE('',*,*,#6430,.T.);
#4405=ORIENTED_EDGE('',*,*,#6336,.T.);
#4406=ORIENTED_EDGE('',*,*,#6427,.F.);
#4407=ORIENTED_EDGE('',*,*,#6431,.T.);
#4408=ORIENTED_EDGE('',*,*,#6423,.F.);
#4409=ORIENTED_EDGE('',*,*,#6216,.T.);
#4410=ORIENTED_EDGE('',*,*,#6024,.F.);
#4411=ORIENTED_EDGE('',*,*,#6063,.T.);
#4412=ORIENTED_EDGE('',*,*,#6057,.T.);
#4413=ORIENTED_EDGE('',*,*,#6325,.F.);
#4414=ORIENTED_EDGE('',*,*,#6428,.F.);
#4415=ORIENTED_EDGE('',*,*,#6335,.T.);
#4416=ORIENTED_EDGE('',*,*,#6151,.T.);
#4417=ORIENTED_EDGE('',*,*,#6145,.T.);
#4418=ORIENTED_EDGE('',*,*,#6214,.F.);
#4419=ORIENTED_EDGE('',*,*,#6218,.F.);
#4420=ORIENTED_EDGE('',*,*,#6430,.F.);
#4421=ORIENTED_EDGE('',*,*,#6432,.F.);
#4422=ORIENTED_EDGE('',*,*,#6433,.F.);
#4423=ORIENTED_EDGE('',*,*,#6434,.F.);
#4424=ORIENTED_EDGE('',*,*,#6337,.F.);
#4425=ORIENTED_EDGE('',*,*,#6435,.T.);
#4426=ORIENTED_EDGE('',*,*,#6436,.T.);
#4427=ORIENTED_EDGE('',*,*,#6437,.T.);
#4428=ORIENTED_EDGE('',*,*,#6438,.T.);
#4429=ORIENTED_EDGE('',*,*,#6439,.T.);
#4430=ORIENTED_EDGE('',*,*,#6330,.T.);
#4431=ORIENTED_EDGE('',*,*,#6437,.F.);
#4432=ORIENTED_EDGE('',*,*,#6440,.T.);
#4433=ORIENTED_EDGE('',*,*,#6441,.T.);
#4434=ORIENTED_EDGE('',*,*,#6442,.T.);
#4435=ORIENTED_EDGE('',*,*,#6439,.F.);
#4436=ORIENTED_EDGE('',*,*,#6443,.T.);
#4437=ORIENTED_EDGE('',*,*,#6435,.F.);
#4438=ORIENTED_EDGE('',*,*,#6220,.T.);
#4439=ORIENTED_EDGE('',*,*,#6441,.F.);
#4440=ORIENTED_EDGE('',*,*,#6444,.T.);
#4441=ORIENTED_EDGE('',*,*,#6438,.F.);
#4442=ORIENTED_EDGE('',*,*,#6329,.F.);
#4443=ORIENTED_EDGE('',*,*,#6072,.T.);
#4444=ORIENTED_EDGE('',*,*,#6066,.T.);
#4445=ORIENTED_EDGE('',*,*,#6019,.F.);
#4446=ORIENTED_EDGE('',*,*,#6221,.T.);
#4447=ORIENTED_EDGE('',*,*,#6436,.F.);
#4448=ORIENTED_EDGE('',*,*,#6444,.F.);
#4449=ORIENTED_EDGE('',*,*,#6443,.F.);
#4450=ORIENTED_EDGE('',*,*,#6440,.F.);
#4451=ORIENTED_EDGE('',*,*,#6445,.T.);
#4452=ORIENTED_EDGE('',*,*,#6446,.F.);
#4453=ORIENTED_EDGE('',*,*,#6447,.T.);
#4454=ORIENTED_EDGE('',*,*,#6448,.F.);
#4455=ORIENTED_EDGE('',*,*,#6449,.T.);
#4456=ORIENTED_EDGE('',*,*,#6450,.F.);
#4457=ORIENTED_EDGE('',*,*,#6451,.T.);
#4458=ORIENTED_EDGE('',*,*,#6452,.F.);
#4459=ORIENTED_EDGE('',*,*,#6453,.F.);
#4460=ORIENTED_EDGE('',*,*,#6454,.T.);
#4461=ORIENTED_EDGE('',*,*,#6455,.F.);
#4462=ORIENTED_EDGE('',*,*,#6456,.T.);
#4463=ORIENTED_EDGE('',*,*,#6457,.T.);
#4464=ORIENTED_EDGE('',*,*,#6458,.T.);
#4465=ORIENTED_EDGE('',*,*,#6459,.T.);
#4466=ORIENTED_EDGE('',*,*,#6460,.T.);
#4467=ORIENTED_EDGE('',*,*,#6461,.T.);
#4468=ORIENTED_EDGE('',*,*,#6462,.T.);
#4469=ORIENTED_EDGE('',*,*,#6463,.T.);
#4470=ORIENTED_EDGE('',*,*,#6464,.T.);
#4471=ORIENTED_EDGE('',*,*,#6465,.T.);
#4472=ORIENTED_EDGE('',*,*,#6466,.T.);
#4473=ORIENTED_EDGE('',*,*,#6467,.T.);
#4474=ORIENTED_EDGE('',*,*,#6108,.T.);
#4475=ORIENTED_EDGE('',*,*,#6465,.F.);
#4476=ORIENTED_EDGE('',*,*,#6468,.T.);
#4477=ORIENTED_EDGE('',*,*,#6469,.T.);
#4478=ORIENTED_EDGE('',*,*,#6470,.T.);
#4479=ORIENTED_EDGE('',*,*,#6467,.F.);
#4480=ORIENTED_EDGE('',*,*,#6471,.T.);
#4481=ORIENTED_EDGE('',*,*,#6463,.F.);
#4482=ORIENTED_EDGE('',*,*,#6399,.T.);
#4483=ORIENTED_EDGE('',*,*,#6469,.F.);
#4484=ORIENTED_EDGE('',*,*,#6472,.T.);
#4485=ORIENTED_EDGE('',*,*,#6466,.F.);
#4486=ORIENTED_EDGE('',*,*,#6107,.F.);
#4487=ORIENTED_EDGE('',*,*,#6099,.F.);
#4488=ORIENTED_EDGE('',*,*,#6090,.T.);
#4489=ORIENTED_EDGE('',*,*,#6084,.T.);
#4490=ORIENTED_EDGE('',*,*,#6400,.T.);
#4491=ORIENTED_EDGE('',*,*,#6464,.F.);
#4492=ORIENTED_EDGE('',*,*,#6472,.F.);
#4493=ORIENTED_EDGE('',*,*,#6471,.F.);
#4494=ORIENTED_EDGE('',*,*,#6468,.F.);
#4495=ORIENTED_EDGE('',*,*,#6473,.T.);
#4496=ORIENTED_EDGE('',*,*,#6474,.T.);
#4497=ORIENTED_EDGE('',*,*,#6475,.T.);
#4498=ORIENTED_EDGE('',*,*,#6476,.T.);
#4499=ORIENTED_EDGE('',*,*,#6477,.T.);
#4500=ORIENTED_EDGE('',*,*,#6478,.T.);
#4501=ORIENTED_EDGE('',*,*,#6479,.T.);
#4502=ORIENTED_EDGE('',*,*,#6480,.T.);
#4503=ORIENTED_EDGE('',*,*,#6481,.T.);
#4504=ORIENTED_EDGE('',*,*,#6482,.T.);
#4505=ORIENTED_EDGE('',*,*,#6483,.T.);
#4506=ORIENTED_EDGE('',*,*,#6484,.T.);
#4507=ORIENTED_EDGE('',*,*,#6485,.T.);
#4508=ORIENTED_EDGE('',*,*,#6486,.T.);
#4509=ORIENTED_EDGE('',*,*,#6487,.T.);
#4510=ORIENTED_EDGE('',*,*,#6488,.T.);
#4511=ORIENTED_EDGE('',*,*,#6489,.T.);
#4512=ORIENTED_EDGE('',*,*,#6490,.T.);
#4513=ORIENTED_EDGE('',*,*,#6491,.T.);
#4514=ORIENTED_EDGE('',*,*,#6492,.F.);
#4515=ORIENTED_EDGE('',*,*,#6493,.F.);
#4516=ORIENTED_EDGE('',*,*,#6236,.F.);
#4517=ORIENTED_EDGE('',*,*,#6491,.F.);
#4518=ORIENTED_EDGE('',*,*,#6494,.T.);
#4519=ORIENTED_EDGE('',*,*,#6495,.F.);
#4520=ORIENTED_EDGE('',*,*,#6496,.F.);
#4521=ORIENTED_EDGE('',*,*,#6235,.F.);
#4522=ORIENTED_EDGE('',*,*,#6494,.F.);
#4523=ORIENTED_EDGE('',*,*,#6497,.T.);
#4524=ORIENTED_EDGE('',*,*,#6498,.T.);
#4525=ORIENTED_EDGE('',*,*,#6499,.T.);
#4526=ORIENTED_EDGE('',*,*,#6070,.F.);
#4527=ORIENTED_EDGE('',*,*,#6500,.T.);
#4528=ORIENTED_EDGE('',*,*,#6068,.F.);
#4529=ORIENTED_EDGE('',*,*,#6501,.T.);
#4530=ORIENTED_EDGE('',*,*,#6502,.T.);
#4531=ORIENTED_EDGE('',*,*,#6498,.F.);
#4532=ORIENTED_EDGE('',*,*,#6503,.F.);
#4533=ORIENTED_EDGE('',*,*,#6502,.F.);
#4534=ORIENTED_EDGE('',*,*,#6504,.T.);
#4535=ORIENTED_EDGE('',*,*,#6497,.F.);
#4536=ORIENTED_EDGE('',*,*,#6069,.T.);
#4537=ORIENTED_EDGE('',*,*,#6500,.F.);
#4538=ORIENTED_EDGE('',*,*,#6503,.T.);
#4539=ORIENTED_EDGE('',*,*,#6499,.F.);
#4540=ORIENTED_EDGE('',*,*,#6504,.F.);
#4541=ORIENTED_EDGE('',*,*,#6501,.F.);
#4542=ORIENTED_EDGE('',*,*,#6067,.F.);
#4543=ORIENTED_EDGE('',*,*,#6071,.F.);
#4544=ORIENTED_EDGE('',*,*,#6505,.F.);
#4545=ORIENTED_EDGE('',*,*,#6058,.F.);
#4546=ORIENTED_EDGE('',*,*,#6062,.F.);
#4547=ORIENTED_EDGE('',*,*,#6506,.F.);
#4548=ORIENTED_EDGE('',*,*,#6507,.T.);
#4549=ORIENTED_EDGE('',*,*,#6508,.F.);
#4550=ORIENTED_EDGE('',*,*,#6507,.F.);
#4551=ORIENTED_EDGE('',*,*,#6509,.F.);
#4552=ORIENTED_EDGE('',*,*,#6510,.T.);
#4553=ORIENTED_EDGE('',*,*,#6511,.F.);
#4554=ORIENTED_EDGE('',*,*,#6510,.F.);
#4555=ORIENTED_EDGE('',*,*,#6512,.F.);
#4556=ORIENTED_EDGE('',*,*,#6060,.F.);
#4557=ORIENTED_EDGE('',*,*,#6512,.T.);
#4558=ORIENTED_EDGE('',*,*,#6509,.T.);
#4559=ORIENTED_EDGE('',*,*,#6506,.T.);
#4560=ORIENTED_EDGE('',*,*,#6061,.F.);
#4561=ORIENTED_EDGE('',*,*,#6511,.T.);
#4562=ORIENTED_EDGE('',*,*,#6059,.F.);
#4563=ORIENTED_EDGE('',*,*,#6505,.T.);
#4564=ORIENTED_EDGE('',*,*,#6508,.T.);
#4565=ORIENTED_EDGE('',*,*,#6513,.F.);
#4566=ORIENTED_EDGE('',*,*,#6075,.T.);
#4567=ORIENTED_EDGE('',*,*,#6514,.F.);
#4568=ORIENTED_EDGE('',*,*,#6515,.T.);
#4569=ORIENTED_EDGE('',*,*,#6516,.F.);
#4570=ORIENTED_EDGE('',*,*,#6515,.F.);
#4571=ORIENTED_EDGE('',*,*,#6517,.F.);
#4572=ORIENTED_EDGE('',*,*,#6327,.T.);
#4573=ORIENTED_EDGE('',*,*,#6514,.T.);
#4574=ORIENTED_EDGE('',*,*,#6074,.F.);
#4575=ORIENTED_EDGE('',*,*,#6328,.T.);
#4576=ORIENTED_EDGE('',*,*,#6517,.T.);
#4577=ORIENTED_EDGE('',*,*,#6513,.T.);
#4578=ORIENTED_EDGE('',*,*,#6516,.T.);
#4579=ORIENTED_EDGE('',*,*,#6326,.T.);
#4580=ORIENTED_EDGE('',*,*,#6076,.F.);
#4581=ORIENTED_EDGE('',*,*,#6518,.F.);
#4582=ORIENTED_EDGE('',*,*,#6097,.T.);
#4583=ORIENTED_EDGE('',*,*,#6519,.F.);
#4584=ORIENTED_EDGE('',*,*,#6520,.T.);
#4585=ORIENTED_EDGE('',*,*,#6521,.F.);
#4586=ORIENTED_EDGE('',*,*,#6520,.F.);
#4587=ORIENTED_EDGE('',*,*,#6522,.F.);
#4588=ORIENTED_EDGE('',*,*,#6523,.T.);
#4589=ORIENTED_EDGE('',*,*,#6524,.F.);
#4590=ORIENTED_EDGE('',*,*,#6523,.F.);
#4591=ORIENTED_EDGE('',*,*,#6525,.F.);
#4592=ORIENTED_EDGE('',*,*,#6526,.T.);
#4593=ORIENTED_EDGE('',*,*,#6527,.F.);
#4594=ORIENTED_EDGE('',*,*,#6526,.F.);
#4595=ORIENTED_EDGE('',*,*,#6528,.F.);
#4596=ORIENTED_EDGE('',*,*,#6529,.T.);
#4597=ORIENTED_EDGE('',*,*,#6530,.F.);
#4598=ORIENTED_EDGE('',*,*,#6529,.F.);
#4599=ORIENTED_EDGE('',*,*,#6531,.F.);
#4600=ORIENTED_EDGE('',*,*,#6028,.F.);
#4601=ORIENTED_EDGE('',*,*,#6065,.F.);
#4602=ORIENTED_EDGE('',*,*,#6518,.T.);
#4603=ORIENTED_EDGE('',*,*,#6521,.T.);
#4604=ORIENTED_EDGE('',*,*,#6524,.T.);
#4605=ORIENTED_EDGE('',*,*,#6527,.T.);
#4606=ORIENTED_EDGE('',*,*,#6530,.T.);
#4607=ORIENTED_EDGE('',*,*,#6532,.F.);
#4608=ORIENTED_EDGE('',*,*,#6533,.F.);
#4609=ORIENTED_EDGE('',*,*,#6534,.F.);
#4610=ORIENTED_EDGE('',*,*,#6535,.F.);
#4611=ORIENTED_EDGE('',*,*,#6029,.T.);
#4612=ORIENTED_EDGE('',*,*,#6531,.T.);
#4613=ORIENTED_EDGE('',*,*,#6528,.T.);
#4614=ORIENTED_EDGE('',*,*,#6525,.T.);
#4615=ORIENTED_EDGE('',*,*,#6522,.T.);
#4616=ORIENTED_EDGE('',*,*,#6519,.T.);
#4617=ORIENTED_EDGE('',*,*,#6096,.T.);
#4618=ORIENTED_EDGE('',*,*,#6268,.F.);
#4619=ORIENTED_EDGE('',*,*,#6536,.F.);
#4620=ORIENTED_EDGE('',*,*,#6266,.F.);
#4621=ORIENTED_EDGE('',*,*,#6537,.F.);
#4622=ORIENTED_EDGE('',*,*,#6538,.F.);
#4623=ORIENTED_EDGE('',*,*,#6539,.F.);
#4624=ORIENTED_EDGE('',*,*,#6540,.F.);
#4625=ORIENTED_EDGE('',*,*,#6540,.T.);
#4626=ORIENTED_EDGE('',*,*,#6541,.T.);
#4627=ORIENTED_EDGE('',*,*,#6232,.F.);
#4628=ORIENTED_EDGE('',*,*,#6542,.T.);
#4629=ORIENTED_EDGE('',*,*,#6539,.T.);
#4630=ORIENTED_EDGE('',*,*,#6543,.F.);
#4631=ORIENTED_EDGE('',*,*,#6233,.F.);
#4632=ORIENTED_EDGE('',*,*,#6541,.F.);
#4633=ORIENTED_EDGE('',*,*,#6538,.T.);
#4634=ORIENTED_EDGE('',*,*,#6544,.T.);
#4635=ORIENTED_EDGE('',*,*,#6234,.F.);
#4636=ORIENTED_EDGE('',*,*,#6543,.T.);
#4637=ORIENTED_EDGE('',*,*,#6496,.T.);
#4638=ORIENTED_EDGE('',*,*,#6495,.T.);
#4639=ORIENTED_EDGE('',*,*,#6532,.T.);
#4640=ORIENTED_EDGE('',*,*,#6533,.T.);
#4641=ORIENTED_EDGE('',*,*,#6493,.T.);
#4642=ORIENTED_EDGE('',*,*,#6492,.T.);
#4643=ORIENTED_EDGE('',*,*,#6534,.T.);
#4644=ORIENTED_EDGE('',*,*,#6535,.T.);
#4645=ORIENTED_EDGE('',*,*,#6537,.T.);
#4646=ORIENTED_EDGE('',*,*,#6542,.F.);
#4647=ORIENTED_EDGE('',*,*,#6231,.F.);
#4648=ORIENTED_EDGE('',*,*,#6544,.F.);
#4649=ORIENTED_EDGE('',*,*,#6267,.F.);
#4650=ORIENTED_EDGE('',*,*,#6536,.T.);
#4651=ORIENTED_EDGE('',*,*,#6270,.F.);
#4652=ORIENTED_EDGE('',*,*,#6545,.F.);
#4653=ORIENTED_EDGE('',*,*,#6546,.F.);
#4654=ORIENTED_EDGE('',*,*,#6547,.T.);
#4655=ORIENTED_EDGE('',*,*,#6548,.F.);
#4656=ORIENTED_EDGE('',*,*,#6549,.T.);
#4657=ORIENTED_EDGE('',*,*,#6550,.T.);
#4658=ORIENTED_EDGE('',*,*,#6551,.F.);
#4659=ORIENTED_EDGE('',*,*,#6552,.T.);
#4660=ORIENTED_EDGE('',*,*,#6553,.F.);
#4661=ORIENTED_EDGE('',*,*,#6554,.T.);
#4662=ORIENTED_EDGE('',*,*,#6555,.T.);
#4663=ORIENTED_EDGE('',*,*,#6556,.T.);
#4664=ORIENTED_EDGE('',*,*,#6557,.F.);
#4665=ORIENTED_EDGE('',*,*,#6558,.F.);
#4666=ORIENTED_EDGE('',*,*,#6557,.T.);
#4667=ORIENTED_EDGE('',*,*,#6559,.F.);
#4668=ORIENTED_EDGE('',*,*,#6560,.F.);
#4669=ORIENTED_EDGE('',*,*,#6561,.F.);
#4670=ORIENTED_EDGE('',*,*,#6562,.F.);
#4671=ORIENTED_EDGE('',*,*,#6563,.F.);
#4672=ORIENTED_EDGE('',*,*,#6561,.T.);
#4673=ORIENTED_EDGE('',*,*,#6129,.F.);
#4674=ORIENTED_EDGE('',*,*,#6564,.F.);
#4675=ORIENTED_EDGE('',*,*,#6565,.F.);
#4676=ORIENTED_EDGE('',*,*,#6566,.F.);
#4677=ORIENTED_EDGE('',*,*,#6564,.T.);
#4678=ORIENTED_EDGE('',*,*,#6128,.F.);
#4679=ORIENTED_EDGE('',*,*,#6567,.F.);
#4680=ORIENTED_EDGE('',*,*,#6086,.F.);
#4681=ORIENTED_EDGE('',*,*,#6568,.F.);
#4682=ORIENTED_EDGE('',*,*,#6569,.F.);
#4683=ORIENTED_EDGE('',*,*,#6570,.F.);
#4684=ORIENTED_EDGE('',*,*,#6571,.F.);
#4685=ORIENTED_EDGE('',*,*,#6572,.F.);
#4686=ORIENTED_EDGE('',*,*,#6088,.F.);
#4687=ORIENTED_EDGE('',*,*,#6569,.T.);
#4688=ORIENTED_EDGE('',*,*,#6573,.F.);
#4689=ORIENTED_EDGE('',*,*,#6571,.T.);
#4690=ORIENTED_EDGE('',*,*,#6574,.T.);
#4691=ORIENTED_EDGE('',*,*,#6567,.T.);
#4692=ORIENTED_EDGE('',*,*,#6574,.F.);
#4693=ORIENTED_EDGE('',*,*,#6570,.T.);
#4694=ORIENTED_EDGE('',*,*,#6087,.T.);
#4695=ORIENTED_EDGE('',*,*,#6568,.T.);
#4696=ORIENTED_EDGE('',*,*,#6085,.F.);
#4697=ORIENTED_EDGE('',*,*,#6089,.F.);
#4698=ORIENTED_EDGE('',*,*,#6572,.T.);
#4699=ORIENTED_EDGE('',*,*,#6573,.T.);
#4700=ORIENTED_EDGE('',*,*,#6575,.T.);
#4701=ORIENTED_EDGE('',*,*,#6576,.F.);
#4702=ORIENTED_EDGE('',*,*,#6577,.T.);
#4703=ORIENTED_EDGE('',*,*,#6036,.F.);
#4704=ORIENTED_EDGE('',*,*,#6040,.F.);
#4705=ORIENTED_EDGE('',*,*,#6578,.T.);
#4706=ORIENTED_EDGE('',*,*,#6579,.F.);
#4707=ORIENTED_EDGE('',*,*,#6580,.T.);
#4708=ORIENTED_EDGE('',*,*,#6576,.T.);
#4709=ORIENTED_EDGE('',*,*,#6581,.T.);
#4710=ORIENTED_EDGE('',*,*,#6038,.F.);
#4711=ORIENTED_EDGE('',*,*,#6582,.T.);
#4712=ORIENTED_EDGE('',*,*,#6579,.T.);
#4713=ORIENTED_EDGE('',*,*,#6582,.F.);
#4714=ORIENTED_EDGE('',*,*,#6037,.F.);
#4715=ORIENTED_EDGE('',*,*,#6577,.F.);
#4716=ORIENTED_EDGE('',*,*,#6580,.F.);
#4717=ORIENTED_EDGE('',*,*,#6581,.F.);
#4718=ORIENTED_EDGE('',*,*,#6578,.F.);
#4719=ORIENTED_EDGE('',*,*,#6575,.F.);
#4720=ORIENTED_EDGE('',*,*,#6039,.F.);
#4721=ORIENTED_EDGE('',*,*,#6583,.T.);
#4722=ORIENTED_EDGE('',*,*,#6584,.F.);
#4723=ORIENTED_EDGE('',*,*,#6585,.T.);
#4724=ORIENTED_EDGE('',*,*,#6081,.T.);
#4725=ORIENTED_EDGE('',*,*,#6586,.T.);
#4726=ORIENTED_EDGE('',*,*,#6402,.F.);
#4727=ORIENTED_EDGE('',*,*,#6587,.T.);
#4728=ORIENTED_EDGE('',*,*,#6584,.T.);
#4729=ORIENTED_EDGE('',*,*,#6585,.F.);
#4730=ORIENTED_EDGE('',*,*,#6587,.F.);
#4731=ORIENTED_EDGE('',*,*,#6401,.F.);
#4732=ORIENTED_EDGE('',*,*,#6082,.F.);
#4733=ORIENTED_EDGE('',*,*,#6583,.F.);
#4734=ORIENTED_EDGE('',*,*,#6080,.F.);
#4735=ORIENTED_EDGE('',*,*,#6403,.F.);
#4736=ORIENTED_EDGE('',*,*,#6586,.F.);
#4737=ORIENTED_EDGE('',*,*,#6588,.T.);
#4738=ORIENTED_EDGE('',*,*,#6589,.F.);
#4739=ORIENTED_EDGE('',*,*,#6590,.F.);
#4740=ORIENTED_EDGE('',*,*,#6093,.F.);
#4741=ORIENTED_EDGE('',*,*,#6591,.T.);
#4742=ORIENTED_EDGE('',*,*,#6592,.F.);
#4743=ORIENTED_EDGE('',*,*,#6593,.F.);
#4744=ORIENTED_EDGE('',*,*,#6589,.T.);
#4745=ORIENTED_EDGE('',*,*,#6594,.T.);
#4746=ORIENTED_EDGE('',*,*,#6595,.F.);
#4747=ORIENTED_EDGE('',*,*,#6596,.F.);
#4748=ORIENTED_EDGE('',*,*,#6592,.T.);
#4749=ORIENTED_EDGE('',*,*,#6597,.T.);
#4750=ORIENTED_EDGE('',*,*,#6598,.F.);
#4751=ORIENTED_EDGE('',*,*,#6599,.F.);
#4752=ORIENTED_EDGE('',*,*,#6595,.T.);
#4753=ORIENTED_EDGE('',*,*,#6600,.T.);
#4754=ORIENTED_EDGE('',*,*,#6032,.T.);
#4755=ORIENTED_EDGE('',*,*,#6601,.F.);
#4756=ORIENTED_EDGE('',*,*,#6598,.T.);
#4757=ORIENTED_EDGE('',*,*,#6602,.F.);
#4758=ORIENTED_EDGE('',*,*,#6600,.F.);
#4759=ORIENTED_EDGE('',*,*,#6597,.F.);
#4760=ORIENTED_EDGE('',*,*,#6594,.F.);
#4761=ORIENTED_EDGE('',*,*,#6591,.F.);
#4762=ORIENTED_EDGE('',*,*,#6588,.F.);
#4763=ORIENTED_EDGE('',*,*,#6603,.F.);
#4764=ORIENTED_EDGE('',*,*,#6604,.F.);
#4765=ORIENTED_EDGE('',*,*,#6605,.F.);
#4766=ORIENTED_EDGE('',*,*,#6606,.F.);
#4767=ORIENTED_EDGE('',*,*,#6545,.T.);
#4768=ORIENTED_EDGE('',*,*,#6269,.F.);
#4769=ORIENTED_EDGE('',*,*,#6094,.T.);
#4770=ORIENTED_EDGE('',*,*,#6590,.T.);
#4771=ORIENTED_EDGE('',*,*,#6593,.T.);
#4772=ORIENTED_EDGE('',*,*,#6596,.T.);
#4773=ORIENTED_EDGE('',*,*,#6599,.T.);
#4774=ORIENTED_EDGE('',*,*,#6601,.T.);
#4775=ORIENTED_EDGE('',*,*,#6031,.T.);
#4776=ORIENTED_EDGE('',*,*,#6265,.F.);
#4777=ORIENTED_EDGE('',*,*,#6607,.T.);
#4778=ORIENTED_EDGE('',*,*,#6608,.T.);
#4779=ORIENTED_EDGE('',*,*,#6609,.T.);
#4780=ORIENTED_EDGE('',*,*,#6610,.T.);
#4781=ORIENTED_EDGE('',*,*,#6608,.F.);
#4782=ORIENTED_EDGE('',*,*,#6611,.F.);
#4783=ORIENTED_EDGE('',*,*,#6127,.T.);
#4784=ORIENTED_EDGE('',*,*,#6612,.F.);
#4785=ORIENTED_EDGE('',*,*,#6609,.F.);
#4786=ORIENTED_EDGE('',*,*,#6612,.T.);
#4787=ORIENTED_EDGE('',*,*,#6126,.T.);
#4788=ORIENTED_EDGE('',*,*,#6613,.T.);
#4789=ORIENTED_EDGE('',*,*,#6610,.F.);
#4790=ORIENTED_EDGE('',*,*,#6613,.F.);
#4791=ORIENTED_EDGE('',*,*,#6125,.T.);
#4792=ORIENTED_EDGE('',*,*,#6614,.F.);
#4793=ORIENTED_EDGE('',*,*,#6566,.T.);
#4794=ORIENTED_EDGE('',*,*,#6565,.T.);
#4795=ORIENTED_EDGE('',*,*,#6603,.T.);
#4796=ORIENTED_EDGE('',*,*,#6604,.T.);
#4797=ORIENTED_EDGE('',*,*,#6563,.T.);
#4798=ORIENTED_EDGE('',*,*,#6562,.T.);
#4799=ORIENTED_EDGE('',*,*,#6605,.T.);
#4800=ORIENTED_EDGE('',*,*,#6606,.T.);
#4801=ORIENTED_EDGE('',*,*,#6607,.F.);
#4802=ORIENTED_EDGE('',*,*,#6614,.T.);
#4803=ORIENTED_EDGE('',*,*,#6124,.T.);
#4804=ORIENTED_EDGE('',*,*,#6611,.T.);
#4805=ORIENTED_EDGE('',*,*,#6102,.F.);
#4806=ORIENTED_EDGE('',*,*,#6033,.T.);
#4807=ORIENTED_EDGE('',*,*,#6602,.T.);
#4808=ORIENTED_EDGE('',*,*,#6092,.F.);
#4809=ORIENTED_EDGE('',*,*,#6415,.F.);
#4810=ORIENTED_EDGE('',*,*,#6404,.T.);
#4811=ORIENTED_EDGE('',*,*,#6041,.T.);
#4812=ORIENTED_EDGE('',*,*,#6035,.T.);
#4813=ORIENTED_EDGE('',*,*,#6104,.F.);
#4814=ORIENTED_EDGE('',*,*,#6106,.F.);
#4815=ORIENTED_EDGE('',*,*,#6615,.T.);
#4816=ORIENTED_EDGE('',*,*,#6382,.F.);
#4817=ORIENTED_EDGE('',*,*,#6615,.F.);
#4818=ORIENTED_EDGE('',*,*,#6616,.T.);
#4819=ORIENTED_EDGE('',*,*,#6617,.T.);
#4820=ORIENTED_EDGE('',*,*,#6618,.F.);
#4821=ORIENTED_EDGE('',*,*,#6619,.F.);
#4822=ORIENTED_EDGE('',*,*,#6620,.F.);
#4823=ORIENTED_EDGE('',*,*,#6230,.F.);
#4824=ORIENTED_EDGE('',*,*,#6618,.T.);
#4825=ORIENTED_EDGE('',*,*,#6621,.F.);
#4826=ORIENTED_EDGE('',*,*,#6622,.F.);
#4827=ORIENTED_EDGE('',*,*,#6623,.F.);
#4828=ORIENTED_EDGE('',*,*,#6229,.F.);
#4829=ORIENTED_EDGE('',*,*,#6621,.T.);
#4830=ORIENTED_EDGE('',*,*,#6624,.F.);
#4831=ORIENTED_EDGE('',*,*,#6196,.F.);
#4832=ORIENTED_EDGE('',*,*,#6625,.F.);
#4833=ORIENTED_EDGE('',*,*,#6626,.F.);
#4834=ORIENTED_EDGE('',*,*,#6627,.F.);
#4835=ORIENTED_EDGE('',*,*,#6628,.F.);
#4836=ORIENTED_EDGE('',*,*,#6629,.F.);
#4837=ORIENTED_EDGE('',*,*,#6198,.F.);
#4838=ORIENTED_EDGE('',*,*,#6626,.T.);
#4839=ORIENTED_EDGE('',*,*,#6630,.F.);
#4840=ORIENTED_EDGE('',*,*,#6628,.T.);
#4841=ORIENTED_EDGE('',*,*,#6631,.T.);
#4842=ORIENTED_EDGE('',*,*,#6624,.T.);
#4843=ORIENTED_EDGE('',*,*,#6631,.F.);
#4844=ORIENTED_EDGE('',*,*,#6627,.T.);
#4845=ORIENTED_EDGE('',*,*,#6197,.T.);
#4846=ORIENTED_EDGE('',*,*,#6625,.T.);
#4847=ORIENTED_EDGE('',*,*,#6195,.F.);
#4848=ORIENTED_EDGE('',*,*,#6199,.F.);
#4849=ORIENTED_EDGE('',*,*,#6629,.T.);
#4850=ORIENTED_EDGE('',*,*,#6630,.T.);
#4851=ORIENTED_EDGE('',*,*,#6632,.T.);
#4852=ORIENTED_EDGE('',*,*,#6633,.F.);
#4853=ORIENTED_EDGE('',*,*,#6634,.T.);
#4854=ORIENTED_EDGE('',*,*,#6146,.F.);
#4855=ORIENTED_EDGE('',*,*,#6150,.F.);
#4856=ORIENTED_EDGE('',*,*,#6635,.T.);
#4857=ORIENTED_EDGE('',*,*,#6636,.F.);
#4858=ORIENTED_EDGE('',*,*,#6637,.T.);
#4859=ORIENTED_EDGE('',*,*,#6633,.T.);
#4860=ORIENTED_EDGE('',*,*,#6638,.T.);
#4861=ORIENTED_EDGE('',*,*,#6148,.F.);
#4862=ORIENTED_EDGE('',*,*,#6639,.T.);
#4863=ORIENTED_EDGE('',*,*,#6636,.T.);
#4864=ORIENTED_EDGE('',*,*,#6639,.F.);
#4865=ORIENTED_EDGE('',*,*,#6147,.F.);
#4866=ORIENTED_EDGE('',*,*,#6634,.F.);
#4867=ORIENTED_EDGE('',*,*,#6637,.F.);
#4868=ORIENTED_EDGE('',*,*,#6638,.F.);
#4869=ORIENTED_EDGE('',*,*,#6635,.F.);
#4870=ORIENTED_EDGE('',*,*,#6632,.F.);
#4871=ORIENTED_EDGE('',*,*,#6149,.F.);
#4872=ORIENTED_EDGE('',*,*,#6640,.T.);
#4873=ORIENTED_EDGE('',*,*,#6641,.F.);
#4874=ORIENTED_EDGE('',*,*,#6642,.T.);
#4875=ORIENTED_EDGE('',*,*,#6191,.T.);
#4876=ORIENTED_EDGE('',*,*,#6643,.T.);
#4877=ORIENTED_EDGE('',*,*,#6333,.F.);
#4878=ORIENTED_EDGE('',*,*,#6644,.T.);
#4879=ORIENTED_EDGE('',*,*,#6641,.T.);
#4880=ORIENTED_EDGE('',*,*,#6642,.F.);
#4881=ORIENTED_EDGE('',*,*,#6644,.F.);
#4882=ORIENTED_EDGE('',*,*,#6332,.F.);
#4883=ORIENTED_EDGE('',*,*,#6192,.F.);
#4884=ORIENTED_EDGE('',*,*,#6640,.F.);
#4885=ORIENTED_EDGE('',*,*,#6190,.F.);
#4886=ORIENTED_EDGE('',*,*,#6334,.F.);
#4887=ORIENTED_EDGE('',*,*,#6643,.F.);
#4888=ORIENTED_EDGE('',*,*,#6645,.T.);
#4889=ORIENTED_EDGE('',*,*,#6646,.F.);
#4890=ORIENTED_EDGE('',*,*,#6647,.F.);
#4891=ORIENTED_EDGE('',*,*,#6203,.F.);
#4892=ORIENTED_EDGE('',*,*,#6648,.T.);
#4893=ORIENTED_EDGE('',*,*,#6649,.F.);
#4894=ORIENTED_EDGE('',*,*,#6650,.F.);
#4895=ORIENTED_EDGE('',*,*,#6646,.T.);
#4896=ORIENTED_EDGE('',*,*,#6651,.T.);
#4897=ORIENTED_EDGE('',*,*,#6652,.F.);
#4898=ORIENTED_EDGE('',*,*,#6653,.F.);
#4899=ORIENTED_EDGE('',*,*,#6649,.T.);
#4900=ORIENTED_EDGE('',*,*,#6654,.T.);
#4901=ORIENTED_EDGE('',*,*,#6655,.F.);
#4902=ORIENTED_EDGE('',*,*,#6656,.F.);
#4903=ORIENTED_EDGE('',*,*,#6652,.T.);
#4904=ORIENTED_EDGE('',*,*,#6657,.T.);
#4905=ORIENTED_EDGE('',*,*,#6142,.T.);
#4906=ORIENTED_EDGE('',*,*,#6658,.F.);
#4907=ORIENTED_EDGE('',*,*,#6655,.T.);
#4908=ORIENTED_EDGE('',*,*,#6659,.F.);
#4909=ORIENTED_EDGE('',*,*,#6657,.F.);
#4910=ORIENTED_EDGE('',*,*,#6654,.F.);
#4911=ORIENTED_EDGE('',*,*,#6651,.F.);
#4912=ORIENTED_EDGE('',*,*,#6648,.F.);
#4913=ORIENTED_EDGE('',*,*,#6645,.F.);
#4914=ORIENTED_EDGE('',*,*,#6660,.F.);
#4915=ORIENTED_EDGE('',*,*,#6661,.F.);
#4916=ORIENTED_EDGE('',*,*,#6662,.F.);
#4917=ORIENTED_EDGE('',*,*,#6663,.F.);
#4918=ORIENTED_EDGE('',*,*,#6204,.T.);
#4919=ORIENTED_EDGE('',*,*,#6647,.T.);
#4920=ORIENTED_EDGE('',*,*,#6650,.T.);
#4921=ORIENTED_EDGE('',*,*,#6653,.T.);
#4922=ORIENTED_EDGE('',*,*,#6656,.T.);
#4923=ORIENTED_EDGE('',*,*,#6658,.T.);
#4924=ORIENTED_EDGE('',*,*,#6141,.T.);
#4925=ORIENTED_EDGE('',*,*,#6276,.F.);
#4926=ORIENTED_EDGE('',*,*,#6664,.F.);
#4927=ORIENTED_EDGE('',*,*,#6274,.F.);
#4928=ORIENTED_EDGE('',*,*,#6665,.T.);
#4929=ORIENTED_EDGE('',*,*,#6666,.T.);
#4930=ORIENTED_EDGE('',*,*,#6667,.T.);
#4931=ORIENTED_EDGE('',*,*,#6668,.T.);
#4932=ORIENTED_EDGE('',*,*,#6666,.F.);
#4933=ORIENTED_EDGE('',*,*,#6669,.F.);
#4934=ORIENTED_EDGE('',*,*,#6228,.T.);
#4935=ORIENTED_EDGE('',*,*,#6670,.F.);
#4936=ORIENTED_EDGE('',*,*,#6667,.F.);
#4937=ORIENTED_EDGE('',*,*,#6670,.T.);
#4938=ORIENTED_EDGE('',*,*,#6227,.T.);
#4939=ORIENTED_EDGE('',*,*,#6671,.T.);
#4940=ORIENTED_EDGE('',*,*,#6668,.F.);
#4941=ORIENTED_EDGE('',*,*,#6671,.F.);
#4942=ORIENTED_EDGE('',*,*,#6226,.T.);
#4943=ORIENTED_EDGE('',*,*,#6672,.F.);
#4944=ORIENTED_EDGE('',*,*,#6661,.T.);
#4945=ORIENTED_EDGE('',*,*,#6660,.T.);
#4946=ORIENTED_EDGE('',*,*,#6622,.T.);
#4947=ORIENTED_EDGE('',*,*,#6623,.T.);
#4948=ORIENTED_EDGE('',*,*,#6663,.T.);
#4949=ORIENTED_EDGE('',*,*,#6662,.T.);
#4950=ORIENTED_EDGE('',*,*,#6619,.T.);
#4951=ORIENTED_EDGE('',*,*,#6620,.T.);
#4952=ORIENTED_EDGE('',*,*,#6665,.F.);
#4953=ORIENTED_EDGE('',*,*,#6672,.T.);
#4954=ORIENTED_EDGE('',*,*,#6225,.T.);
#4955=ORIENTED_EDGE('',*,*,#6669,.T.);
#4956=ORIENTED_EDGE('',*,*,#6212,.F.);
#4957=ORIENTED_EDGE('',*,*,#6143,.T.);
#4958=ORIENTED_EDGE('',*,*,#6659,.T.);
#4959=ORIENTED_EDGE('',*,*,#6202,.F.);
#4960=ORIENTED_EDGE('',*,*,#6275,.F.);
#4961=ORIENTED_EDGE('',*,*,#6664,.T.);
#4962=ORIENTED_EDGE('',*,*,#6278,.F.);
#4963=ORIENTED_EDGE('',*,*,#6673,.T.);
#4964=ORIENTED_EDGE('',*,*,#6674,.T.);
#4965=ORIENTED_EDGE('',*,*,#6675,.T.);
#4966=ORIENTED_EDGE('',*,*,#6676,.T.);
#4967=ORIENTED_EDGE('',*,*,#6677,.T.);
#4968=ORIENTED_EDGE('',*,*,#6678,.F.);
#4969=ORIENTED_EDGE('',*,*,#6679,.T.);
#4970=ORIENTED_EDGE('',*,*,#6680,.F.);
#4971=ORIENTED_EDGE('',*,*,#6681,.F.);
#4972=ORIENTED_EDGE('',*,*,#6682,.T.);
#4973=ORIENTED_EDGE('',*,*,#6683,.F.);
#4974=ORIENTED_EDGE('',*,*,#6684,.T.);
#4975=ORIENTED_EDGE('',*,*,#6685,.T.);
#4976=ORIENTED_EDGE('',*,*,#6686,.F.);
#4977=ORIENTED_EDGE('',*,*,#6685,.F.);
#4978=ORIENTED_EDGE('',*,*,#6687,.T.);
#4979=ORIENTED_EDGE('',*,*,#6688,.T.);
#4980=ORIENTED_EDGE('',*,*,#6689,.T.);
#4981=ORIENTED_EDGE('',*,*,#6690,.F.);
#4982=ORIENTED_EDGE('',*,*,#6691,.F.);
#4983=ORIENTED_EDGE('',*,*,#6689,.F.);
#4984=ORIENTED_EDGE('',*,*,#6123,.F.);
#4985=ORIENTED_EDGE('',*,*,#6692,.T.);
#4986=ORIENTED_EDGE('',*,*,#6693,.F.);
#4987=ORIENTED_EDGE('',*,*,#6694,.F.);
#4988=ORIENTED_EDGE('',*,*,#6692,.F.);
#4989=ORIENTED_EDGE('',*,*,#6122,.F.);
#4990=ORIENTED_EDGE('',*,*,#6695,.T.);
#4991=ORIENTED_EDGE('',*,*,#6696,.T.);
#4992=ORIENTED_EDGE('',*,*,#6697,.T.);
#4993=ORIENTED_EDGE('',*,*,#6698,.T.);
#4994=ORIENTED_EDGE('',*,*,#6699,.F.);
#4995=ORIENTED_EDGE('',*,*,#6185,.T.);
#4996=ORIENTED_EDGE('',*,*,#6700,.F.);
#4997=ORIENTED_EDGE('',*,*,#6701,.T.);
#4998=ORIENTED_EDGE('',*,*,#6702,.F.);
#4999=ORIENTED_EDGE('',*,*,#6701,.F.);
#5000=ORIENTED_EDGE('',*,*,#6703,.F.);
#5001=ORIENTED_EDGE('',*,*,#6396,.T.);
#5002=ORIENTED_EDGE('',*,*,#6700,.T.);
#5003=ORIENTED_EDGE('',*,*,#6184,.F.);
#5004=ORIENTED_EDGE('',*,*,#6397,.T.);
#5005=ORIENTED_EDGE('',*,*,#6703,.T.);
#5006=ORIENTED_EDGE('',*,*,#6699,.T.);
#5007=ORIENTED_EDGE('',*,*,#6702,.T.);
#5008=ORIENTED_EDGE('',*,*,#6395,.T.);
#5009=ORIENTED_EDGE('',*,*,#6186,.F.);
#5010=ORIENTED_EDGE('',*,*,#6704,.F.);
#5011=ORIENTED_EDGE('',*,*,#6168,.F.);
#5012=ORIENTED_EDGE('',*,*,#6172,.F.);
#5013=ORIENTED_EDGE('',*,*,#6705,.F.);
#5014=ORIENTED_EDGE('',*,*,#6706,.T.);
#5015=ORIENTED_EDGE('',*,*,#6707,.F.);
#5016=ORIENTED_EDGE('',*,*,#6706,.F.);
#5017=ORIENTED_EDGE('',*,*,#6708,.F.);
#5018=ORIENTED_EDGE('',*,*,#6709,.T.);
#5019=ORIENTED_EDGE('',*,*,#6710,.F.);
#5020=ORIENTED_EDGE('',*,*,#6709,.F.);
#5021=ORIENTED_EDGE('',*,*,#6711,.F.);
#5022=ORIENTED_EDGE('',*,*,#6170,.F.);
#5023=ORIENTED_EDGE('',*,*,#6711,.T.);
#5024=ORIENTED_EDGE('',*,*,#6708,.T.);
#5025=ORIENTED_EDGE('',*,*,#6705,.T.);
#5026=ORIENTED_EDGE('',*,*,#6171,.F.);
#5027=ORIENTED_EDGE('',*,*,#6710,.T.);
#5028=ORIENTED_EDGE('',*,*,#6169,.F.);
#5029=ORIENTED_EDGE('',*,*,#6704,.T.);
#5030=ORIENTED_EDGE('',*,*,#6707,.T.);
#5031=ORIENTED_EDGE('',*,*,#6712,.T.);
#5032=ORIENTED_EDGE('',*,*,#6713,.T.);
#5033=ORIENTED_EDGE('',*,*,#6714,.T.);
#5034=ORIENTED_EDGE('',*,*,#6180,.F.);
#5035=ORIENTED_EDGE('',*,*,#6715,.T.);
#5036=ORIENTED_EDGE('',*,*,#6178,.F.);
#5037=ORIENTED_EDGE('',*,*,#6716,.T.);
#5038=ORIENTED_EDGE('',*,*,#6717,.T.);
#5039=ORIENTED_EDGE('',*,*,#6713,.F.);
#5040=ORIENTED_EDGE('',*,*,#6718,.F.);
#5041=ORIENTED_EDGE('',*,*,#6717,.F.);
#5042=ORIENTED_EDGE('',*,*,#6719,.T.);
#5043=ORIENTED_EDGE('',*,*,#6712,.F.);
#5044=ORIENTED_EDGE('',*,*,#6179,.T.);
#5045=ORIENTED_EDGE('',*,*,#6715,.F.);
#5046=ORIENTED_EDGE('',*,*,#6718,.T.);
#5047=ORIENTED_EDGE('',*,*,#6714,.F.);
#5048=ORIENTED_EDGE('',*,*,#6719,.F.);
#5049=ORIENTED_EDGE('',*,*,#6716,.F.);
#5050=ORIENTED_EDGE('',*,*,#6177,.F.);
#5051=ORIENTED_EDGE('',*,*,#6181,.F.);
#5052=ORIENTED_EDGE('',*,*,#6139,.T.);
#5053=ORIENTED_EDGE('',*,*,#6720,.T.);
#5054=ORIENTED_EDGE('',*,*,#6721,.T.);
#5055=ORIENTED_EDGE('',*,*,#6722,.T.);
#5056=ORIENTED_EDGE('',*,*,#6723,.T.);
#5057=ORIENTED_EDGE('',*,*,#6724,.T.);
#5058=ORIENTED_EDGE('',*,*,#6206,.T.);
#5059=ORIENTED_EDGE('',*,*,#6273,.F.);
#5060=ORIENTED_EDGE('',*,*,#6673,.F.);
#5061=ORIENTED_EDGE('',*,*,#6277,.F.);
#5062=ORIENTED_EDGE('',*,*,#6725,.T.);
#5063=ORIENTED_EDGE('',*,*,#6726,.T.);
#5064=ORIENTED_EDGE('',*,*,#6261,.T.);
#5065=ORIENTED_EDGE('',*,*,#6045,.F.);
#5066=ORIENTED_EDGE('',*,*,#6727,.F.);
#5067=ORIENTED_EDGE('',*,*,#6263,.F.);
#5068=ORIENTED_EDGE('',*,*,#6254,.F.);
#5069=ORIENTED_EDGE('',*,*,#6728,.T.);
#5070=ORIENTED_EDGE('',*,*,#6725,.F.);
#5071=ORIENTED_EDGE('',*,*,#6044,.F.);
#5072=ORIENTED_EDGE('',*,*,#6729,.F.);
#5073=ORIENTED_EDGE('',*,*,#6207,.T.);
#5074=ORIENTED_EDGE('',*,*,#6724,.F.);
#5075=ORIENTED_EDGE('',*,*,#6730,.T.);
#5076=ORIENTED_EDGE('',*,*,#6731,.F.);
#5077=ORIENTED_EDGE('',*,*,#6730,.F.);
#5078=ORIENTED_EDGE('',*,*,#6723,.F.);
#5079=ORIENTED_EDGE('',*,*,#6732,.T.);
#5080=ORIENTED_EDGE('',*,*,#6733,.F.);
#5081=ORIENTED_EDGE('',*,*,#6732,.F.);
#5082=ORIENTED_EDGE('',*,*,#6722,.F.);
#5083=ORIENTED_EDGE('',*,*,#6734,.T.);
#5084=ORIENTED_EDGE('',*,*,#6735,.F.);
#5085=ORIENTED_EDGE('',*,*,#6734,.F.);
#5086=ORIENTED_EDGE('',*,*,#6721,.F.);
#5087=ORIENTED_EDGE('',*,*,#6736,.T.);
#5088=ORIENTED_EDGE('',*,*,#6737,.F.);
#5089=ORIENTED_EDGE('',*,*,#6736,.F.);
#5090=ORIENTED_EDGE('',*,*,#6720,.F.);
#5091=ORIENTED_EDGE('',*,*,#6138,.F.);
#5092=ORIENTED_EDGE('',*,*,#6175,.F.);
#5093=ORIENTED_EDGE('',*,*,#6729,.T.);
#5094=ORIENTED_EDGE('',*,*,#6731,.T.);
#5095=ORIENTED_EDGE('',*,*,#6733,.T.);
#5096=ORIENTED_EDGE('',*,*,#6735,.T.);
#5097=ORIENTED_EDGE('',*,*,#6737,.T.);
#5098=ORIENTED_EDGE('',*,*,#6738,.F.);
#5099=ORIENTED_EDGE('',*,*,#6739,.F.);
#5100=ORIENTED_EDGE('',*,*,#6740,.F.);
#5101=ORIENTED_EDGE('',*,*,#6741,.F.);
#5102=ORIENTED_EDGE('',*,*,#6742,.F.);
#5103=ORIENTED_EDGE('',*,*,#6743,.F.);
#5104=ORIENTED_EDGE('',*,*,#6744,.F.);
#5105=ORIENTED_EDGE('',*,*,#6745,.F.);
#5106=ORIENTED_EDGE('',*,*,#6745,.T.);
#5107=ORIENTED_EDGE('',*,*,#6746,.T.);
#5108=ORIENTED_EDGE('',*,*,#6120,.F.);
#5109=ORIENTED_EDGE('',*,*,#6747,.T.);
#5110=ORIENTED_EDGE('',*,*,#6744,.T.);
#5111=ORIENTED_EDGE('',*,*,#6748,.F.);
#5112=ORIENTED_EDGE('',*,*,#6121,.F.);
#5113=ORIENTED_EDGE('',*,*,#6746,.F.);
#5114=ORIENTED_EDGE('',*,*,#6743,.T.);
#5115=ORIENTED_EDGE('',*,*,#6749,.T.);
#5116=ORIENTED_EDGE('',*,*,#6118,.F.);
#5117=ORIENTED_EDGE('',*,*,#6748,.T.);
#5118=ORIENTED_EDGE('',*,*,#6739,.T.);
#5119=ORIENTED_EDGE('',*,*,#6738,.T.);
#5120=ORIENTED_EDGE('',*,*,#6693,.T.);
#5121=ORIENTED_EDGE('',*,*,#6694,.T.);
#5122=ORIENTED_EDGE('',*,*,#6741,.T.);
#5123=ORIENTED_EDGE('',*,*,#6740,.T.);
#5124=ORIENTED_EDGE('',*,*,#6690,.T.);
#5125=ORIENTED_EDGE('',*,*,#6691,.T.);
#5126=ORIENTED_EDGE('',*,*,#6742,.T.);
#5127=ORIENTED_EDGE('',*,*,#6747,.F.);
#5128=ORIENTED_EDGE('',*,*,#6119,.F.);
#5129=ORIENTED_EDGE('',*,*,#6749,.F.);
#5130=ORIENTED_EDGE('',*,*,#6412,.F.);
#5131=ORIENTED_EDGE('',*,*,#6113,.T.);
#5132=ORIENTED_EDGE('',*,*,#6135,.F.);
#5133=ORIENTED_EDGE('',*,*,#6173,.T.);
#5134=ORIENTED_EDGE('',*,*,#6167,.T.);
#5135=ORIENTED_EDGE('',*,*,#6394,.F.);
#5136=ORIENTED_EDGE('',*,*,#6470,.F.);
#5137=ORIENTED_EDGE('',*,*,#6398,.F.);
#5138=ORIENTED_EDGE('',*,*,#6182,.T.);
#5139=ORIENTED_EDGE('',*,*,#6176,.T.);
#5140=ORIENTED_EDGE('',*,*,#6131,.F.);
#5141=ORIENTED_EDGE('',*,*,#6109,.T.);
#5142=ORIENTED_EDGE('',*,*,#6750,.F.);
#5143=ORIENTED_EDGE('',*,*,#6379,.F.);
#5144=ORIENTED_EDGE('',*,*,#6750,.T.);
#5145=ORIENTED_EDGE('',*,*,#6696,.F.);
#5146=ORIENTED_EDGE('',*,*,#6695,.F.);
#5147=ORIENTED_EDGE('',*,*,#6347,.F.);
#5148=ORIENTED_EDGE('',*,*,#6408,.F.);
#5149=ORIENTED_EDGE('',*,*,#6751,.T.);
#5150=ORIENTED_EDGE('',*,*,#6752,.F.);
#5151=ORIENTED_EDGE('',*,*,#6353,.F.);
#5152=ORIENTED_EDGE('',*,*,#6416,.F.);
#5153=ORIENTED_EDGE('',*,*,#6355,.F.);
#5154=ORIENTED_EDGE('',*,*,#6753,.F.);
#5155=ORIENTED_EDGE('',*,*,#6754,.F.);
#5156=ORIENTED_EDGE('',*,*,#6406,.F.);
#5157=ORIENTED_EDGE('',*,*,#6339,.F.);
#5158=ORIENTED_EDGE('',*,*,#6755,.F.);
#5159=ORIENTED_EDGE('',*,*,#6756,.F.);
#5160=ORIENTED_EDGE('',*,*,#6757,.F.);
#5161=ORIENTED_EDGE('',*,*,#6321,.F.);
#5162=ORIENTED_EDGE('',*,*,#6419,.F.);
#5163=ORIENTED_EDGE('',*,*,#6323,.F.);
#5164=ORIENTED_EDGE('',*,*,#6758,.T.);
#5165=ORIENTED_EDGE('',*,*,#6759,.F.);
#5166=ORIENTED_EDGE('',*,*,#6760,.F.);
#5167=ORIENTED_EDGE('',*,*,#6383,.F.);
#5168=ORIENTED_EDGE('',*,*,#6363,.F.);
#5169=ORIENTED_EDGE('',*,*,#6761,.F.);
#5170=ORIENTED_EDGE('',*,*,#6762,.F.);
#5171=ORIENTED_EDGE('',*,*,#6390,.F.);
#5172=ORIENTED_EDGE('',*,*,#6309,.F.);
#5173=ORIENTED_EDGE('',*,*,#6763,.F.);
#5174=ORIENTED_EDGE('',*,*,#6764,.F.);
#5175=ORIENTED_EDGE('',*,*,#6765,.F.);
#5176=ORIENTED_EDGE('',*,*,#6317,.F.);
#5177=ORIENTED_EDGE('',*,*,#6757,.T.);
#5178=ORIENTED_EDGE('',*,*,#6766,.F.);
#5179=ORIENTED_EDGE('',*,*,#6758,.F.);
#5180=ORIENTED_EDGE('',*,*,#6322,.F.);
#5181=ORIENTED_EDGE('',*,*,#6767,.T.);
#5182=ORIENTED_EDGE('',*,*,#6753,.T.);
#5183=ORIENTED_EDGE('',*,*,#6354,.F.);
#5184=ORIENTED_EDGE('',*,*,#6752,.T.);
#5185=ORIENTED_EDGE('',*,*,#6768,.F.);
#5186=ORIENTED_EDGE('',*,*,#6434,.T.);
#5187=ORIENTED_EDGE('',*,*,#6769,.F.);
#5188=ORIENTED_EDGE('',*,*,#6314,.F.);
#5189=ORIENTED_EDGE('',*,*,#6338,.F.);
#5190=ORIENTED_EDGE('',*,*,#6770,.T.);
#5191=ORIENTED_EDGE('',*,*,#6761,.T.);
#5192=ORIENTED_EDGE('',*,*,#6362,.F.);
#5193=ORIENTED_EDGE('',*,*,#6418,.T.);
#5194=ORIENTED_EDGE('',*,*,#6771,.F.);
#5195=ORIENTED_EDGE('',*,*,#6282,.F.);
#5196=ORIENTED_EDGE('',*,*,#6164,.F.);
#5197=ORIENTED_EDGE('',*,*,#6772,.F.);
#5198=ORIENTED_EDGE('',*,*,#6773,.F.);
#5199=ORIENTED_EDGE('',*,*,#6292,.F.);
#5200=ORIENTED_EDGE('',*,*,#6307,.F.);
#5201=ORIENTED_EDGE('',*,*,#6300,.F.);
#5202=ORIENTED_EDGE('',*,*,#6774,.T.);
#5203=ORIENTED_EDGE('',*,*,#6775,.F.);
#5204=ORIENTED_EDGE('',*,*,#6154,.F.);
#5205=ORIENTED_EDGE('',*,*,#6237,.F.);
#5206=ORIENTED_EDGE('',*,*,#6054,.F.);
#5207=ORIENTED_EDGE('',*,*,#6776,.F.);
#5208=ORIENTED_EDGE('',*,*,#6777,.F.);
#5209=ORIENTED_EDGE('',*,*,#6246,.F.);
#5210=ORIENTED_EDGE('',*,*,#6240,.F.);
#5211=ORIENTED_EDGE('',*,*,#6050,.F.);
#5212=ORIENTED_EDGE('',*,*,#6778,.F.);
#5213=ORIENTED_EDGE('',*,*,#6779,.F.);
#5214=ORIENTED_EDGE('',*,*,#6248,.F.);
#5215=ORIENTED_EDGE('',*,*,#6304,.F.);
#5216=ORIENTED_EDGE('',*,*,#6296,.F.);
#5217=ORIENTED_EDGE('',*,*,#6780,.F.);
#5218=ORIENTED_EDGE('',*,*,#6781,.F.);
#5219=ORIENTED_EDGE('',*,*,#6158,.F.);
#5220=ORIENTED_EDGE('',*,*,#6260,.F.);
#5221=ORIENTED_EDGE('',*,*,#6250,.F.);
#5222=ORIENTED_EDGE('',*,*,#6782,.F.);
#5223=ORIENTED_EDGE('',*,*,#6783,.F.);
#5224=ORIENTED_EDGE('',*,*,#6048,.F.);
#5225=ORIENTED_EDGE('',*,*,#6285,.F.);
#5226=ORIENTED_EDGE('',*,*,#6160,.F.);
#5227=ORIENTED_EDGE('',*,*,#6784,.F.);
#5228=ORIENTED_EDGE('',*,*,#6785,.F.);
#5229=ORIENTED_EDGE('',*,*,#6294,.F.);
#5230=ORIENTED_EDGE('',*,*,#6773,.T.);
#5231=ORIENTED_EDGE('',*,*,#6786,.F.);
#5232=ORIENTED_EDGE('',*,*,#6289,.F.);
#5233=ORIENTED_EDGE('',*,*,#6293,.F.);
#5234=ORIENTED_EDGE('',*,*,#6787,.T.);
#5235=ORIENTED_EDGE('',*,*,#6776,.T.);
#5236=ORIENTED_EDGE('',*,*,#6053,.F.);
#5237=ORIENTED_EDGE('',*,*,#6245,.T.);
#5238=ORIENTED_EDGE('',*,*,#6788,.F.);
#5239=ORIENTED_EDGE('',*,*,#6306,.T.);
#5240=ORIENTED_EDGE('',*,*,#6789,.F.);
#5241=ORIENTED_EDGE('',*,*,#6774,.F.);
#5242=ORIENTED_EDGE('',*,*,#6299,.F.);
#5243=ORIENTED_EDGE('',*,*,#6790,.T.);
#5244=ORIENTED_EDGE('',*,*,#6791,.F.);
#5245=ORIENTED_EDGE('',*,*,#6556,.F.);
#5246=ORIENTED_EDGE('',*,*,#6790,.F.);
#5247=ORIENTED_EDGE('',*,*,#6728,.F.);
#5248=ORIENTED_EDGE('',*,*,#6253,.F.);
#5249=ORIENTED_EDGE('',*,*,#6262,.T.);
#5250=ORIENTED_EDGE('',*,*,#6726,.F.);
#5251=ORIENTED_EDGE('',*,*,#6792,.T.);
#5252=ORIENTED_EDGE('',*,*,#6793,.F.);
#5253=ORIENTED_EDGE('',*,*,#6794,.F.);
#5254=ORIENTED_EDGE('',*,*,#6555,.F.);
#5255=ORIENTED_EDGE('',*,*,#6792,.F.);
#5256=ORIENTED_EDGE('',*,*,#6795,.T.);
#5257=ORIENTED_EDGE('',*,*,#6778,.T.);
#5258=ORIENTED_EDGE('',*,*,#6049,.F.);
#5259=ORIENTED_EDGE('',*,*,#6783,.T.);
#5260=ORIENTED_EDGE('',*,*,#6796,.F.);
#5261=ORIENTED_EDGE('',*,*,#6797,.F.);
#5262=ORIENTED_EDGE('',*,*,#6779,.T.);
#5263=ORIENTED_EDGE('',*,*,#6795,.F.);
#5264=ORIENTED_EDGE('',*,*,#6782,.T.);
#5265=ORIENTED_EDGE('',*,*,#6249,.F.);
#5266=ORIENTED_EDGE('',*,*,#6798,.T.);
#5267=ORIENTED_EDGE('',*,*,#6799,.F.);
#5268=ORIENTED_EDGE('',*,*,#6554,.F.);
#5269=ORIENTED_EDGE('',*,*,#6798,.F.);
#5270=ORIENTED_EDGE('',*,*,#6244,.F.);
#5271=ORIENTED_EDGE('',*,*,#6247,.F.);
#5272=ORIENTED_EDGE('',*,*,#6777,.T.);
#5273=ORIENTED_EDGE('',*,*,#6787,.F.);
#5274=ORIENTED_EDGE('',*,*,#6772,.T.);
#5275=ORIENTED_EDGE('',*,*,#6163,.F.);
#5276=ORIENTED_EDGE('',*,*,#6290,.T.);
#5277=ORIENTED_EDGE('',*,*,#6786,.T.);
#5278=ORIENTED_EDGE('',*,*,#6800,.F.);
#5279=ORIENTED_EDGE('',*,*,#6801,.F.);
#5280=ORIENTED_EDGE('',*,*,#6802,.T.);
#5281=ORIENTED_EDGE('',*,*,#6803,.F.);
#5282=ORIENTED_EDGE('',*,*,#6804,.F.);
#5283=ORIENTED_EDGE('',*,*,#6802,.F.);
#5284=ORIENTED_EDGE('',*,*,#6674,.F.);
#5285=ORIENTED_EDGE('',*,*,#6805,.T.);
#5286=ORIENTED_EDGE('',*,*,#6784,.T.);
#5287=ORIENTED_EDGE('',*,*,#6159,.F.);
#5288=ORIENTED_EDGE('',*,*,#6781,.T.);
#5289=ORIENTED_EDGE('',*,*,#6806,.F.);
#5290=ORIENTED_EDGE('',*,*,#6807,.F.);
#5291=ORIENTED_EDGE('',*,*,#6785,.T.);
#5292=ORIENTED_EDGE('',*,*,#6805,.F.);
#5293=ORIENTED_EDGE('',*,*,#6780,.T.);
#5294=ORIENTED_EDGE('',*,*,#6295,.F.);
#5295=ORIENTED_EDGE('',*,*,#6808,.T.);
#5296=ORIENTED_EDGE('',*,*,#6809,.F.);
#5297=ORIENTED_EDGE('',*,*,#6810,.F.);
#5298=ORIENTED_EDGE('',*,*,#6808,.F.);
#5299=ORIENTED_EDGE('',*,*,#6675,.F.);
#5300=ORIENTED_EDGE('',*,*,#6811,.T.);
#5301=ORIENTED_EDGE('',*,*,#6812,.F.);
#5302=ORIENTED_EDGE('',*,*,#6813,.F.);
#5303=ORIENTED_EDGE('',*,*,#6224,.F.);
#5304=ORIENTED_EDGE('',*,*,#6811,.F.);
#5305=ORIENTED_EDGE('',*,*,#6766,.T.);
#5306=ORIENTED_EDGE('',*,*,#6756,.T.);
#5307=ORIENTED_EDGE('',*,*,#6814,.F.);
#5308=ORIENTED_EDGE('',*,*,#6759,.T.);
#5309=ORIENTED_EDGE('',*,*,#6815,.F.);
#5310=ORIENTED_EDGE('',*,*,#6816,.F.);
#5311=ORIENTED_EDGE('',*,*,#6817,.T.);
#5312=ORIENTED_EDGE('',*,*,#6818,.F.);
#5313=ORIENTED_EDGE('',*,*,#6819,.F.);
#5314=ORIENTED_EDGE('',*,*,#6223,.F.);
#5315=ORIENTED_EDGE('',*,*,#6817,.F.);
#5316=ORIENTED_EDGE('',*,*,#6820,.T.);
#5317=ORIENTED_EDGE('',*,*,#6764,.T.);
#5318=ORIENTED_EDGE('',*,*,#6821,.F.);
#5319=ORIENTED_EDGE('',*,*,#6343,.T.);
#5320=ORIENTED_EDGE('',*,*,#6822,.F.);
#5321=ORIENTED_EDGE('',*,*,#6823,.F.);
#5322=ORIENTED_EDGE('',*,*,#6765,.T.);
#5323=ORIENTED_EDGE('',*,*,#6820,.F.);
#5324=ORIENTED_EDGE('',*,*,#6342,.T.);
#5325=ORIENTED_EDGE('',*,*,#6318,.F.);
#5326=ORIENTED_EDGE('',*,*,#6824,.T.);
#5327=ORIENTED_EDGE('',*,*,#6825,.F.);
#5328=ORIENTED_EDGE('',*,*,#6826,.F.);
#5329=ORIENTED_EDGE('',*,*,#6222,.F.);
#5330=ORIENTED_EDGE('',*,*,#6824,.F.);
#5331=ORIENTED_EDGE('',*,*,#6769,.T.);
#5332=ORIENTED_EDGE('',*,*,#6433,.T.);
#5333=ORIENTED_EDGE('',*,*,#6827,.F.);
#5334=ORIENTED_EDGE('',*,*,#6315,.T.);
#5335=ORIENTED_EDGE('',*,*,#6828,.F.);
#5336=ORIENTED_EDGE('',*,*,#6829,.F.);
#5337=ORIENTED_EDGE('',*,*,#6751,.F.);
#5338=ORIENTED_EDGE('',*,*,#6407,.F.);
#5339=ORIENTED_EDGE('',*,*,#6754,.T.);
#5340=ORIENTED_EDGE('',*,*,#6767,.F.);
#5341=ORIENTED_EDGE('',*,*,#6830,.T.);
#5342=ORIENTED_EDGE('',*,*,#6831,.F.);
#5343=ORIENTED_EDGE('',*,*,#6830,.F.);
#5344=ORIENTED_EDGE('',*,*,#6117,.F.);
#5345=ORIENTED_EDGE('',*,*,#6832,.T.);
#5346=ORIENTED_EDGE('',*,*,#6350,.T.);
#5347=ORIENTED_EDGE('',*,*,#6366,.F.);
#5348=ORIENTED_EDGE('',*,*,#6388,.T.);
#5349=ORIENTED_EDGE('',*,*,#6833,.F.);
#5350=ORIENTED_EDGE('',*,*,#6387,.T.);
#5351=ORIENTED_EDGE('',*,*,#6389,.F.);
#5352=ORIENTED_EDGE('',*,*,#6351,.T.);
#5353=ORIENTED_EDGE('',*,*,#6832,.F.);
#5354=ORIENTED_EDGE('',*,*,#6834,.T.);
#5355=ORIENTED_EDGE('',*,*,#6835,.F.);
#5356=ORIENTED_EDGE('',*,*,#6834,.F.);
#5357=ORIENTED_EDGE('',*,*,#6116,.F.);
#5358=ORIENTED_EDGE('',*,*,#6836,.T.);
#5359=ORIENTED_EDGE('',*,*,#6837,.T.);
#5360=ORIENTED_EDGE('',*,*,#6838,.F.);
#5361=ORIENTED_EDGE('',*,*,#6839,.F.);
#5362=ORIENTED_EDGE('',*,*,#6837,.F.);
#5363=ORIENTED_EDGE('',*,*,#6836,.F.);
#5364=ORIENTED_EDGE('',*,*,#6461,.F.);
#5365=ORIENTED_EDGE('',*,*,#6462,.F.);
#5366=ORIENTED_EDGE('',*,*,#6839,.T.);
#5367=ORIENTED_EDGE('',*,*,#6838,.T.);
#5368=ORIENTED_EDGE('',*,*,#6560,.T.);
#5369=ORIENTED_EDGE('',*,*,#6559,.T.);
#5370=ORIENTED_EDGE('',*,*,#6840,.T.);
#5371=ORIENTED_EDGE('',*,*,#6841,.F.);
#5372=ORIENTED_EDGE('',*,*,#6842,.F.);
#5373=ORIENTED_EDGE('',*,*,#6840,.F.);
#5374=ORIENTED_EDGE('',*,*,#6843,.F.);
#5375=ORIENTED_EDGE('',*,*,#6844,.T.);
#5376=ORIENTED_EDGE('',*,*,#6845,.F.);
#5377=ORIENTED_EDGE('',*,*,#6846,.F.);
#5378=ORIENTED_EDGE('',*,*,#6460,.F.);
#5379=ORIENTED_EDGE('',*,*,#6844,.F.);
#5380=ORIENTED_EDGE('',*,*,#6842,.T.);
#5381=ORIENTED_EDGE('',*,*,#6841,.T.);
#5382=ORIENTED_EDGE('',*,*,#6845,.T.);
#5383=ORIENTED_EDGE('',*,*,#6846,.T.);
#5384=ORIENTED_EDGE('',*,*,#6847,.T.);
#5385=ORIENTED_EDGE('',*,*,#6848,.F.);
#5386=ORIENTED_EDGE('',*,*,#6849,.F.);
#5387=ORIENTED_EDGE('',*,*,#6847,.F.);
#5388=ORIENTED_EDGE('',*,*,#6850,.F.);
#5389=ORIENTED_EDGE('',*,*,#6851,.T.);
#5390=ORIENTED_EDGE('',*,*,#6852,.F.);
#5391=ORIENTED_EDGE('',*,*,#6853,.F.);
#5392=ORIENTED_EDGE('',*,*,#6459,.F.);
#5393=ORIENTED_EDGE('',*,*,#6851,.F.);
#5394=ORIENTED_EDGE('',*,*,#6849,.T.);
#5395=ORIENTED_EDGE('',*,*,#6848,.T.);
#5396=ORIENTED_EDGE('',*,*,#6852,.T.);
#5397=ORIENTED_EDGE('',*,*,#6853,.T.);
#5398=ORIENTED_EDGE('',*,*,#6854,.T.);
#5399=ORIENTED_EDGE('',*,*,#6855,.T.);
#5400=ORIENTED_EDGE('',*,*,#6856,.F.);
#5401=ORIENTED_EDGE('',*,*,#6857,.F.);
#5402=ORIENTED_EDGE('',*,*,#6458,.F.);
#5403=ORIENTED_EDGE('',*,*,#6457,.F.);
#5404=ORIENTED_EDGE('',*,*,#6854,.F.);
#5405=ORIENTED_EDGE('',*,*,#6855,.F.);
#5406=ORIENTED_EDGE('',*,*,#6856,.T.);
#5407=ORIENTED_EDGE('',*,*,#6857,.T.);
#5408=ORIENTED_EDGE('',*,*,#6687,.F.);
#5409=ORIENTED_EDGE('',*,*,#6688,.F.);
#5410=ORIENTED_EDGE('',*,*,#6858,.T.);
#5411=ORIENTED_EDGE('',*,*,#6859,.T.);
#5412=ORIENTED_EDGE('',*,*,#6860,.F.);
#5413=ORIENTED_EDGE('',*,*,#6861,.F.);
#5414=ORIENTED_EDGE('',*,*,#6859,.F.);
#5415=ORIENTED_EDGE('',*,*,#6858,.F.);
#5416=ORIENTED_EDGE('',*,*,#6489,.F.);
#5417=ORIENTED_EDGE('',*,*,#6490,.F.);
#5418=ORIENTED_EDGE('',*,*,#6861,.T.);
#5419=ORIENTED_EDGE('',*,*,#6860,.T.);
#5420=ORIENTED_EDGE('',*,*,#6617,.F.);
#5421=ORIENTED_EDGE('',*,*,#6616,.F.);
#5422=ORIENTED_EDGE('',*,*,#6862,.T.);
#5423=ORIENTED_EDGE('',*,*,#6863,.F.);
#5424=ORIENTED_EDGE('',*,*,#6864,.F.);
#5425=ORIENTED_EDGE('',*,*,#6862,.F.);
#5426=ORIENTED_EDGE('',*,*,#6381,.F.);
#5427=ORIENTED_EDGE('',*,*,#6865,.T.);
#5428=ORIENTED_EDGE('',*,*,#6866,.F.);
#5429=ORIENTED_EDGE('',*,*,#6867,.F.);
#5430=ORIENTED_EDGE('',*,*,#6488,.F.);
#5431=ORIENTED_EDGE('',*,*,#6865,.F.);
#5432=ORIENTED_EDGE('',*,*,#6864,.T.);
#5433=ORIENTED_EDGE('',*,*,#6863,.T.);
#5434=ORIENTED_EDGE('',*,*,#6866,.T.);
#5435=ORIENTED_EDGE('',*,*,#6867,.T.);
#5436=ORIENTED_EDGE('',*,*,#6868,.T.);
#5437=ORIENTED_EDGE('',*,*,#6869,.F.);
#5438=ORIENTED_EDGE('',*,*,#6870,.F.);
#5439=ORIENTED_EDGE('',*,*,#6868,.F.);
#5440=ORIENTED_EDGE('',*,*,#6380,.F.);
#5441=ORIENTED_EDGE('',*,*,#6871,.T.);
#5442=ORIENTED_EDGE('',*,*,#6872,.F.);
#5443=ORIENTED_EDGE('',*,*,#6873,.F.);
#5444=ORIENTED_EDGE('',*,*,#6487,.F.);
#5445=ORIENTED_EDGE('',*,*,#6871,.F.);
#5446=ORIENTED_EDGE('',*,*,#6870,.T.);
#5447=ORIENTED_EDGE('',*,*,#6869,.T.);
#5448=ORIENTED_EDGE('',*,*,#6872,.T.);
#5449=ORIENTED_EDGE('',*,*,#6873,.T.);
#5450=ORIENTED_EDGE('',*,*,#6789,.T.);
#5451=ORIENTED_EDGE('',*,*,#6305,.T.);
#5452=ORIENTED_EDGE('',*,*,#6155,.F.);
#5453=ORIENTED_EDGE('',*,*,#6775,.T.);
#5454=ORIENTED_EDGE('',*,*,#6874,.F.);
#5455=ORIENTED_EDGE('',*,*,#6875,.F.);
#5456=ORIENTED_EDGE('',*,*,#6876,.T.);
#5457=ORIENTED_EDGE('',*,*,#6877,.F.);
#5458=ORIENTED_EDGE('',*,*,#6878,.F.);
#5459=ORIENTED_EDGE('',*,*,#6876,.F.);
#5460=ORIENTED_EDGE('',*,*,#6676,.F.);
#5461=ORIENTED_EDGE('',*,*,#6417,.F.);
#5462=ORIENTED_EDGE('',*,*,#6391,.F.);
#5463=ORIENTED_EDGE('',*,*,#6762,.T.);
#5464=ORIENTED_EDGE('',*,*,#6770,.F.);
#5465=ORIENTED_EDGE('',*,*,#6879,.T.);
#5466=ORIENTED_EDGE('',*,*,#6880,.F.);
#5467=ORIENTED_EDGE('',*,*,#6879,.F.);
#5468=ORIENTED_EDGE('',*,*,#6115,.F.);
#5469=ORIENTED_EDGE('',*,*,#6881,.T.);
#5470=ORIENTED_EDGE('',*,*,#6882,.T.);
#5471=ORIENTED_EDGE('',*,*,#6697,.F.);
#5472=ORIENTED_EDGE('',*,*,#6698,.F.);
#5473=ORIENTED_EDGE('',*,*,#6486,.F.);
#5474=ORIENTED_EDGE('',*,*,#6485,.F.);
#5475=ORIENTED_EDGE('',*,*,#6881,.F.);
#5476=ORIENTED_EDGE('',*,*,#6882,.F.);
#5477=ORIENTED_EDGE('',*,*,#6883,.F.);
#5478=ORIENTED_EDGE('',*,*,#6553,.T.);
#5479=ORIENTED_EDGE('',*,*,#6884,.F.);
#5480=ORIENTED_EDGE('',*,*,#6885,.F.);
#5481=ORIENTED_EDGE('',*,*,#6886,.F.);
#5482=ORIENTED_EDGE('',*,*,#6887,.F.);
#5483=ORIENTED_EDGE('',*,*,#6888,.F.);
#5484=ORIENTED_EDGE('',*,*,#6546,.T.);
#5485=ORIENTED_EDGE('',*,*,#6793,.T.);
#5486=ORIENTED_EDGE('',*,*,#6794,.T.);
#5487=ORIENTED_EDGE('',*,*,#6797,.T.);
#5488=ORIENTED_EDGE('',*,*,#6796,.T.);
#5489=ORIENTED_EDGE('',*,*,#6889,.F.);
#5490=ORIENTED_EDGE('',*,*,#6890,.F.);
#5491=ORIENTED_EDGE('',*,*,#6891,.F.);
#5492=ORIENTED_EDGE('',*,*,#6551,.T.);
#5493=ORIENTED_EDGE('',*,*,#6799,.T.);
#5494=ORIENTED_EDGE('',*,*,#6788,.T.);
#5495=ORIENTED_EDGE('',*,*,#6892,.F.);
#5496=ORIENTED_EDGE('',*,*,#6893,.F.);
#5497=ORIENTED_EDGE('',*,*,#6894,.F.);
#5498=ORIENTED_EDGE('',*,*,#6548,.T.);
#5499=ORIENTED_EDGE('',*,*,#6791,.T.);
#5500=ORIENTED_EDGE('',*,*,#6727,.T.);
#5501=ORIENTED_EDGE('',*,*,#6884,.T.);
#5502=ORIENTED_EDGE('',*,*,#6552,.F.);
#5503=ORIENTED_EDGE('',*,*,#6891,.T.);
#5504=ORIENTED_EDGE('',*,*,#6895,.T.);
#5505=ORIENTED_EDGE('',*,*,#6883,.T.);
#5506=ORIENTED_EDGE('',*,*,#6896,.T.);
#5507=ORIENTED_EDGE('',*,*,#6889,.T.);
#5508=ORIENTED_EDGE('',*,*,#6550,.F.);
#5509=ORIENTED_EDGE('',*,*,#6885,.T.);
#5510=ORIENTED_EDGE('',*,*,#6895,.F.);
#5511=ORIENTED_EDGE('',*,*,#6890,.T.);
#5512=ORIENTED_EDGE('',*,*,#6896,.F.);
#5513=ORIENTED_EDGE('',*,*,#6897,.F.);
#5514=ORIENTED_EDGE('',*,*,#6680,.T.);
#5515=ORIENTED_EDGE('',*,*,#6898,.F.);
#5516=ORIENTED_EDGE('',*,*,#6899,.F.);
#5517=ORIENTED_EDGE('',*,*,#6900,.F.);
#5518=ORIENTED_EDGE('',*,*,#6901,.F.);
#5519=ORIENTED_EDGE('',*,*,#6902,.F.);
#5520=ORIENTED_EDGE('',*,*,#6681,.T.);
#5521=ORIENTED_EDGE('',*,*,#6806,.T.);
#5522=ORIENTED_EDGE('',*,*,#6807,.T.);
#5523=ORIENTED_EDGE('',*,*,#6810,.T.);
#5524=ORIENTED_EDGE('',*,*,#6809,.T.);
#5525=ORIENTED_EDGE('',*,*,#6903,.F.);
#5526=ORIENTED_EDGE('',*,*,#6904,.F.);
#5527=ORIENTED_EDGE('',*,*,#6905,.F.);
#5528=ORIENTED_EDGE('',*,*,#6678,.T.);
#5529=ORIENTED_EDGE('',*,*,#6874,.T.);
#5530=ORIENTED_EDGE('',*,*,#6875,.T.);
#5531=ORIENTED_EDGE('',*,*,#6878,.T.);
#5532=ORIENTED_EDGE('',*,*,#6877,.T.);
#5533=ORIENTED_EDGE('',*,*,#6906,.F.);
#5534=ORIENTED_EDGE('',*,*,#6907,.F.);
#5535=ORIENTED_EDGE('',*,*,#6908,.F.);
#5536=ORIENTED_EDGE('',*,*,#6683,.T.);
#5537=ORIENTED_EDGE('',*,*,#6800,.T.);
#5538=ORIENTED_EDGE('',*,*,#6801,.T.);
#5539=ORIENTED_EDGE('',*,*,#6804,.T.);
#5540=ORIENTED_EDGE('',*,*,#6803,.T.);
#5541=ORIENTED_EDGE('',*,*,#6898,.T.);
#5542=ORIENTED_EDGE('',*,*,#6679,.F.);
#5543=ORIENTED_EDGE('',*,*,#6905,.T.);
#5544=ORIENTED_EDGE('',*,*,#6909,.T.);
#5545=ORIENTED_EDGE('',*,*,#6897,.T.);
#5546=ORIENTED_EDGE('',*,*,#6910,.T.);
#5547=ORIENTED_EDGE('',*,*,#6903,.T.);
#5548=ORIENTED_EDGE('',*,*,#6677,.F.);
#5549=ORIENTED_EDGE('',*,*,#6899,.T.);
#5550=ORIENTED_EDGE('',*,*,#6909,.F.);
#5551=ORIENTED_EDGE('',*,*,#6904,.T.);
#5552=ORIENTED_EDGE('',*,*,#6910,.F.);
#5553=ORIENTED_EDGE('',*,*,#6887,.T.);
#5554=ORIENTED_EDGE('',*,*,#6911,.F.);
#5555=ORIENTED_EDGE('',*,*,#6893,.T.);
#5556=ORIENTED_EDGE('',*,*,#6912,.F.);
#5557=ORIENTED_EDGE('',*,*,#6901,.T.);
#5558=ORIENTED_EDGE('',*,*,#6913,.F.);
#5559=ORIENTED_EDGE('',*,*,#6907,.T.);
#5560=ORIENTED_EDGE('',*,*,#6914,.F.);
#5561=ORIENTED_EDGE('',*,*,#6886,.T.);
#5562=ORIENTED_EDGE('',*,*,#6549,.F.);
#5563=ORIENTED_EDGE('',*,*,#6894,.T.);
#5564=ORIENTED_EDGE('',*,*,#6911,.T.);
#5565=ORIENTED_EDGE('',*,*,#6900,.T.);
#5566=ORIENTED_EDGE('',*,*,#6684,.F.);
#5567=ORIENTED_EDGE('',*,*,#6908,.T.);
#5568=ORIENTED_EDGE('',*,*,#6913,.T.);
#5569=ORIENTED_EDGE('',*,*,#6442,.F.);
#5570=ORIENTED_EDGE('',*,*,#6219,.F.);
#5571=ORIENTED_EDGE('',*,*,#6209,.F.);
#5572=ORIENTED_EDGE('',*,*,#6200,.T.);
#5573=ORIENTED_EDGE('',*,*,#6194,.T.);
#5574=ORIENTED_EDGE('',*,*,#6331,.T.);
#5575=ORIENTED_EDGE('',*,*,#6826,.T.);
#5576=ORIENTED_EDGE('',*,*,#6825,.T.);
#5577=ORIENTED_EDGE('',*,*,#6828,.T.);
#5578=ORIENTED_EDGE('',*,*,#6829,.T.);
#5579=ORIENTED_EDGE('',*,*,#6819,.T.);
#5580=ORIENTED_EDGE('',*,*,#6818,.T.);
#5581=ORIENTED_EDGE('',*,*,#6822,.T.);
#5582=ORIENTED_EDGE('',*,*,#6823,.T.);
#5583=ORIENTED_EDGE('',*,*,#6813,.T.);
#5584=ORIENTED_EDGE('',*,*,#6812,.T.);
#5585=ORIENTED_EDGE('',*,*,#6815,.T.);
#5586=ORIENTED_EDGE('',*,*,#6816,.T.);
#5587=ORIENTED_EDGE('',*,*,#6915,.F.);
#5588=ORIENTED_EDGE('',*,*,#6916,.F.);
#5589=ORIENTED_EDGE('',*,*,#6917,.F.);
#5590=ORIENTED_EDGE('',*,*,#6918,.F.);
#5591=ORIENTED_EDGE('',*,*,#6919,.F.);
#5592=ORIENTED_EDGE('',*,*,#6920,.F.);
#5593=ORIENTED_EDGE('',*,*,#6921,.F.);
#5594=ORIENTED_EDGE('',*,*,#6922,.F.);
#5595=ORIENTED_EDGE('',*,*,#6923,.F.);
#5596=ORIENTED_EDGE('',*,*,#6924,.F.);
#5597=ORIENTED_EDGE('',*,*,#6925,.F.);
#5598=ORIENTED_EDGE('',*,*,#6926,.F.);
#5599=ORIENTED_EDGE('',*,*,#6927,.F.);
#5600=ORIENTED_EDGE('',*,*,#6928,.F.);
#5601=ORIENTED_EDGE('',*,*,#6929,.F.);
#5602=ORIENTED_EDGE('',*,*,#6930,.F.);
#5603=ORIENTED_EDGE('',*,*,#6931,.F.);
#5604=ORIENTED_EDGE('',*,*,#6932,.F.);
#5605=ORIENTED_EDGE('',*,*,#6933,.F.);
#5606=ORIENTED_EDGE('',*,*,#6934,.F.);
#5607=ORIENTED_EDGE('',*,*,#6935,.F.);
#5608=ORIENTED_EDGE('',*,*,#6936,.F.);
#5609=ORIENTED_EDGE('',*,*,#6937,.F.);
#5610=ORIENTED_EDGE('',*,*,#6938,.F.);
#5611=ORIENTED_EDGE('',*,*,#6921,.T.);
#5612=ORIENTED_EDGE('',*,*,#6939,.T.);
#5613=ORIENTED_EDGE('',*,*,#6940,.F.);
#5614=ORIENTED_EDGE('',*,*,#6447,.F.);
#5615=ORIENTED_EDGE('',*,*,#6941,.F.);
#5616=ORIENTED_EDGE('',*,*,#6942,.T.);
#5617=ORIENTED_EDGE('',*,*,#6920,.T.);
#5618=ORIENTED_EDGE('',*,*,#6943,.F.);
#5619=ORIENTED_EDGE('',*,*,#6944,.F.);
#5620=ORIENTED_EDGE('',*,*,#6939,.F.);
#5621=ORIENTED_EDGE('',*,*,#6917,.T.);
#5622=ORIENTED_EDGE('',*,*,#6945,.T.);
#5623=ORIENTED_EDGE('',*,*,#6946,.F.);
#5624=ORIENTED_EDGE('',*,*,#6947,.F.);
#5625=ORIENTED_EDGE('',*,*,#6948,.F.);
#5626=ORIENTED_EDGE('',*,*,#6949,.T.);
#5627=ORIENTED_EDGE('',*,*,#6916,.T.);
#5628=ORIENTED_EDGE('',*,*,#6950,.F.);
#5629=ORIENTED_EDGE('',*,*,#6951,.F.);
#5630=ORIENTED_EDGE('',*,*,#6945,.F.);
#5631=ORIENTED_EDGE('',*,*,#6929,.T.);
#5632=ORIENTED_EDGE('',*,*,#6952,.T.);
#5633=ORIENTED_EDGE('',*,*,#6953,.F.);
#5634=ORIENTED_EDGE('',*,*,#6454,.F.);
#5635=ORIENTED_EDGE('',*,*,#6954,.F.);
#5636=ORIENTED_EDGE('',*,*,#6955,.T.);
#5637=ORIENTED_EDGE('',*,*,#6928,.T.);
#5638=ORIENTED_EDGE('',*,*,#6956,.F.);
#5639=ORIENTED_EDGE('',*,*,#6957,.F.);
#5640=ORIENTED_EDGE('',*,*,#6952,.F.);
#5641=ORIENTED_EDGE('',*,*,#6925,.T.);
#5642=ORIENTED_EDGE('',*,*,#6958,.T.);
#5643=ORIENTED_EDGE('',*,*,#6959,.F.);
#5644=ORIENTED_EDGE('',*,*,#6960,.F.);
#5645=ORIENTED_EDGE('',*,*,#6961,.F.);
#5646=ORIENTED_EDGE('',*,*,#6962,.T.);
#5647=ORIENTED_EDGE('',*,*,#6924,.T.);
#5648=ORIENTED_EDGE('',*,*,#6963,.F.);
#5649=ORIENTED_EDGE('',*,*,#6964,.F.);
#5650=ORIENTED_EDGE('',*,*,#6958,.F.);
#5651=ORIENTED_EDGE('',*,*,#6937,.T.);
#5652=ORIENTED_EDGE('',*,*,#6965,.T.);
#5653=ORIENTED_EDGE('',*,*,#6966,.F.);
#5654=ORIENTED_EDGE('',*,*,#6451,.F.);
#5655=ORIENTED_EDGE('',*,*,#6967,.F.);
#5656=ORIENTED_EDGE('',*,*,#6968,.T.);
#5657=ORIENTED_EDGE('',*,*,#6936,.T.);
#5658=ORIENTED_EDGE('',*,*,#6969,.F.);
#5659=ORIENTED_EDGE('',*,*,#6970,.F.);
#5660=ORIENTED_EDGE('',*,*,#6965,.F.);
#5661=ORIENTED_EDGE('',*,*,#6933,.T.);
#5662=ORIENTED_EDGE('',*,*,#6971,.T.);
#5663=ORIENTED_EDGE('',*,*,#6972,.F.);
#5664=ORIENTED_EDGE('',*,*,#6973,.F.);
#5665=ORIENTED_EDGE('',*,*,#6974,.F.);
#5666=ORIENTED_EDGE('',*,*,#6975,.T.);
#5667=ORIENTED_EDGE('',*,*,#6932,.T.);
#5668=ORIENTED_EDGE('',*,*,#6976,.F.);
#5669=ORIENTED_EDGE('',*,*,#6977,.F.);
#5670=ORIENTED_EDGE('',*,*,#6971,.F.);
#5671=ORIENTED_EDGE('',*,*,#6978,.T.);
#5672=ORIENTED_EDGE('',*,*,#6979,.T.);
#5673=ORIENTED_EDGE('',*,*,#6483,.F.);
#5674=ORIENTED_EDGE('',*,*,#6980,.F.);
#5675=ORIENTED_EDGE('',*,*,#6981,.T.);
#5676=ORIENTED_EDGE('',*,*,#6982,.T.);
#5677=ORIENTED_EDGE('',*,*,#6480,.F.);
#5678=ORIENTED_EDGE('',*,*,#6983,.F.);
#5679=ORIENTED_EDGE('',*,*,#6984,.T.);
#5680=ORIENTED_EDGE('',*,*,#6985,.T.);
#5681=ORIENTED_EDGE('',*,*,#6478,.F.);
#5682=ORIENTED_EDGE('',*,*,#6986,.T.);
#5683=ORIENTED_EDGE('',*,*,#6987,.T.);
#5684=ORIENTED_EDGE('',*,*,#6988,.T.);
#5685=ORIENTED_EDGE('',*,*,#6476,.F.);
#5686=ORIENTED_EDGE('',*,*,#6989,.F.);
#5687=ORIENTED_EDGE('',*,*,#6970,.T.);
#5688=ORIENTED_EDGE('',*,*,#6990,.T.);
#5689=ORIENTED_EDGE('',*,*,#6452,.T.);
#5690=ORIENTED_EDGE('',*,*,#6966,.T.);
#5691=ORIENTED_EDGE('',*,*,#6902,.T.);
#5692=ORIENTED_EDGE('',*,*,#6914,.T.);
#5693=ORIENTED_EDGE('',*,*,#6906,.T.);
#5694=ORIENTED_EDGE('',*,*,#6682,.F.);
#5695=ORIENTED_EDGE('',*,*,#6312,.F.);
#5696=ORIENTED_EDGE('',*,*,#6316,.T.);
#5697=ORIENTED_EDGE('',*,*,#6827,.T.);
#5698=ORIENTED_EDGE('',*,*,#6432,.T.);
#5699=ORIENTED_EDGE('',*,*,#6431,.F.);
#5700=ORIENTED_EDGE('',*,*,#6429,.F.);
#5701=ORIENTED_EDGE('',*,*,#6426,.F.);
#5702=ORIENTED_EDGE('',*,*,#6424,.F.);
#5703=ORIENTED_EDGE('',*,*,#6420,.F.);
#5704=ORIENTED_EDGE('',*,*,#6760,.T.);
#5705=ORIENTED_EDGE('',*,*,#6814,.T.);
#5706=ORIENTED_EDGE('',*,*,#6755,.T.);
#5707=ORIENTED_EDGE('',*,*,#6341,.F.);
#5708=ORIENTED_EDGE('',*,*,#6344,.T.);
#5709=ORIENTED_EDGE('',*,*,#6821,.T.);
#5710=ORIENTED_EDGE('',*,*,#6763,.T.);
#5711=ORIENTED_EDGE('',*,*,#6558,.T.);
#5712=ORIENTED_EDGE('',*,*,#6843,.T.);
#5713=ORIENTED_EDGE('',*,*,#6850,.T.);
#5714=ORIENTED_EDGE('',*,*,#6686,.T.);
#5715=ORIENTED_EDGE('',*,*,#6991,.F.);
#5716=ORIENTED_EDGE('',*,*,#6973,.T.);
#5717=ORIENTED_EDGE('',*,*,#6992,.F.);
#5718=ORIENTED_EDGE('',*,*,#6993,.T.);
#5719=ORIENTED_EDGE('',*,*,#6994,.F.);
#5720=ORIENTED_EDGE('',*,*,#6947,.T.);
#5721=ORIENTED_EDGE('',*,*,#6995,.F.);
#5722=ORIENTED_EDGE('',*,*,#6996,.T.);
#5723=ORIENTED_EDGE('',*,*,#6997,.T.);
#5724=ORIENTED_EDGE('',*,*,#6998,.F.);
#5725=ORIENTED_EDGE('',*,*,#6960,.T.);
#5726=ORIENTED_EDGE('',*,*,#6999,.F.);
#5727=ORIENTED_EDGE('',*,*,#6888,.T.);
#5728=ORIENTED_EDGE('',*,*,#6912,.T.);
#5729=ORIENTED_EDGE('',*,*,#6892,.T.);
#5730=ORIENTED_EDGE('',*,*,#6547,.F.);
#5731=ORIENTED_EDGE('',*,*,#6957,.T.);
#5732=ORIENTED_EDGE('',*,*,#7000,.T.);
#5733=ORIENTED_EDGE('',*,*,#6455,.T.);
#5734=ORIENTED_EDGE('',*,*,#6953,.T.);
#5735=ORIENTED_EDGE('',*,*,#6944,.T.);
#5736=ORIENTED_EDGE('',*,*,#7001,.T.);
#5737=ORIENTED_EDGE('',*,*,#6448,.T.);
#5738=ORIENTED_EDGE('',*,*,#6940,.T.);
#5739=ORIENTED_EDGE('',*,*,#7002,.T.);
#5740=ORIENTED_EDGE('',*,*,#6954,.T.);
#5741=ORIENTED_EDGE('',*,*,#6453,.T.);
#5742=ORIENTED_EDGE('',*,*,#7003,.T.);
#5743=ORIENTED_EDGE('',*,*,#7004,.T.);
#5744=ORIENTED_EDGE('',*,*,#6967,.T.);
#5745=ORIENTED_EDGE('',*,*,#6450,.T.);
#5746=ORIENTED_EDGE('',*,*,#7005,.T.);
#5747=ORIENTED_EDGE('',*,*,#7006,.T.);
#5748=ORIENTED_EDGE('',*,*,#6941,.T.);
#5749=ORIENTED_EDGE('',*,*,#6446,.T.);
#5750=ORIENTED_EDGE('',*,*,#7007,.T.);
#5751=ORIENTED_EDGE('',*,*,#7008,.T.);
#5752=ORIENTED_EDGE('',*,*,#7009,.F.);
#5753=ORIENTED_EDGE('',*,*,#6368,.F.);
#5754=ORIENTED_EDGE('',*,*,#7010,.T.);
#5755=ORIENTED_EDGE('',*,*,#7011,.T.);
#5756=ORIENTED_EDGE('',*,*,#7012,.F.);
#5757=ORIENTED_EDGE('',*,*,#6474,.F.);
#5758=ORIENTED_EDGE('',*,*,#7013,.F.);
#5759=ORIENTED_EDGE('',*,*,#7014,.T.);
#5760=ORIENTED_EDGE('',*,*,#7015,.F.);
#5761=ORIENTED_EDGE('',*,*,#6370,.F.);
#5762=ORIENTED_EDGE('',*,*,#7016,.F.);
#5763=ORIENTED_EDGE('',*,*,#7017,.T.);
#5764=ORIENTED_EDGE('',*,*,#7018,.T.);
#5765=ORIENTED_EDGE('',*,*,#6374,.F.);
#5766=ORIENTED_EDGE('',*,*,#7019,.T.);
#5767=ORIENTED_EDGE('',*,*,#7020,.T.);
#5768=ORIENTED_EDGE('',*,*,#7021,.F.);
#5769=ORIENTED_EDGE('',*,*,#6372,.F.);
#5770=ORIENTED_EDGE('',*,*,#7022,.T.);
#5771=ORIENTED_EDGE('',*,*,#7023,.T.);
#5772=ORIENTED_EDGE('',*,*,#7024,.T.);
#5773=ORIENTED_EDGE('',*,*,#6986,.F.);
#5774=ORIENTED_EDGE('',*,*,#6477,.F.);
#5775=ORIENTED_EDGE('',*,*,#6982,.F.);
#5776=ORIENTED_EDGE('',*,*,#7025,.T.);
#5777=ORIENTED_EDGE('',*,*,#7026,.T.);
#5778=ORIENTED_EDGE('',*,*,#7027,.T.);
#5779=ORIENTED_EDGE('',*,*,#7022,.F.);
#5780=ORIENTED_EDGE('',*,*,#6371,.F.);
#5781=ORIENTED_EDGE('',*,*,#7018,.F.);
#5782=ORIENTED_EDGE('',*,*,#7028,.T.);
#5783=ORIENTED_EDGE('',*,*,#7029,.T.);
#5784=ORIENTED_EDGE('',*,*,#7030,.F.);
#5785=ORIENTED_EDGE('',*,*,#6377,.F.);
#5786=ORIENTED_EDGE('',*,*,#7031,.T.);
#5787=ORIENTED_EDGE('',*,*,#7032,.T.);
#5788=ORIENTED_EDGE('',*,*,#7033,.F.);
#5789=ORIENTED_EDGE('',*,*,#6481,.F.);
#5790=ORIENTED_EDGE('',*,*,#7034,.F.);
#5791=ORIENTED_EDGE('',*,*,#7035,.T.);
#5792=ORIENTED_EDGE('',*,*,#7036,.F.);
#5793=ORIENTED_EDGE('',*,*,#6375,.F.);
#5794=ORIENTED_EDGE('',*,*,#7037,.F.);
#5795=ORIENTED_EDGE('',*,*,#6951,.T.);
#5796=ORIENTED_EDGE('',*,*,#7038,.T.);
#5797=ORIENTED_EDGE('',*,*,#6995,.T.);
#5798=ORIENTED_EDGE('',*,*,#6946,.T.);
#5799=ORIENTED_EDGE('',*,*,#6919,.T.);
#5800=ORIENTED_EDGE('',*,*,#7039,.T.);
#5801=ORIENTED_EDGE('',*,*,#7007,.F.);
#5802=ORIENTED_EDGE('',*,*,#6445,.F.);
#5803=ORIENTED_EDGE('',*,*,#7001,.F.);
#5804=ORIENTED_EDGE('',*,*,#6943,.T.);
#5805=ORIENTED_EDGE('',*,*,#6915,.T.);
#5806=ORIENTED_EDGE('',*,*,#7040,.T.);
#5807=ORIENTED_EDGE('',*,*,#7041,.F.);
#5808=ORIENTED_EDGE('',*,*,#6996,.F.);
#5809=ORIENTED_EDGE('',*,*,#7038,.F.);
#5810=ORIENTED_EDGE('',*,*,#6950,.T.);
#5811=ORIENTED_EDGE('',*,*,#7042,.T.);
#5812=ORIENTED_EDGE('',*,*,#6948,.T.);
#5813=ORIENTED_EDGE('',*,*,#6994,.T.);
#5814=ORIENTED_EDGE('',*,*,#7041,.T.);
#5815=ORIENTED_EDGE('',*,*,#6977,.T.);
#5816=ORIENTED_EDGE('',*,*,#7043,.T.);
#5817=ORIENTED_EDGE('',*,*,#6992,.T.);
#5818=ORIENTED_EDGE('',*,*,#6972,.T.);
#5819=ORIENTED_EDGE('',*,*,#6935,.T.);
#5820=ORIENTED_EDGE('',*,*,#7044,.T.);
#5821=ORIENTED_EDGE('',*,*,#7005,.F.);
#5822=ORIENTED_EDGE('',*,*,#6449,.F.);
#5823=ORIENTED_EDGE('',*,*,#6990,.F.);
#5824=ORIENTED_EDGE('',*,*,#6969,.T.);
#5825=ORIENTED_EDGE('',*,*,#6931,.T.);
#5826=ORIENTED_EDGE('',*,*,#7045,.T.);
#5827=ORIENTED_EDGE('',*,*,#7046,.F.);
#5828=ORIENTED_EDGE('',*,*,#6993,.F.);
#5829=ORIENTED_EDGE('',*,*,#7043,.F.);
#5830=ORIENTED_EDGE('',*,*,#6976,.T.);
#5831=ORIENTED_EDGE('',*,*,#7047,.T.);
#5832=ORIENTED_EDGE('',*,*,#6974,.T.);
#5833=ORIENTED_EDGE('',*,*,#6991,.T.);
#5834=ORIENTED_EDGE('',*,*,#7046,.T.);
#5835=ORIENTED_EDGE('',*,*,#6964,.T.);
#5836=ORIENTED_EDGE('',*,*,#7048,.T.);
#5837=ORIENTED_EDGE('',*,*,#6999,.T.);
#5838=ORIENTED_EDGE('',*,*,#6959,.T.);
#5839=ORIENTED_EDGE('',*,*,#6927,.T.);
#5840=ORIENTED_EDGE('',*,*,#7049,.T.);
#5841=ORIENTED_EDGE('',*,*,#7003,.F.);
#5842=ORIENTED_EDGE('',*,*,#6456,.F.);
#5843=ORIENTED_EDGE('',*,*,#7000,.F.);
#5844=ORIENTED_EDGE('',*,*,#6956,.T.);
#5845=ORIENTED_EDGE('',*,*,#6923,.T.);
#5846=ORIENTED_EDGE('',*,*,#7050,.T.);
#5847=ORIENTED_EDGE('',*,*,#7051,.F.);
#5848=ORIENTED_EDGE('',*,*,#6997,.F.);
#5849=ORIENTED_EDGE('',*,*,#7048,.F.);
#5850=ORIENTED_EDGE('',*,*,#6963,.T.);
#5851=ORIENTED_EDGE('',*,*,#7052,.T.);
#5852=ORIENTED_EDGE('',*,*,#6961,.T.);
#5853=ORIENTED_EDGE('',*,*,#6998,.T.);
#5854=ORIENTED_EDGE('',*,*,#7051,.T.);
#5855=ORIENTED_EDGE('',*,*,#6922,.T.);
#5856=ORIENTED_EDGE('',*,*,#6942,.F.);
#5857=ORIENTED_EDGE('',*,*,#7006,.F.);
#5858=ORIENTED_EDGE('',*,*,#7039,.F.);
#5859=ORIENTED_EDGE('',*,*,#6918,.T.);
#5860=ORIENTED_EDGE('',*,*,#6949,.F.);
#5861=ORIENTED_EDGE('',*,*,#7042,.F.);
#5862=ORIENTED_EDGE('',*,*,#7040,.F.);
#5863=ORIENTED_EDGE('',*,*,#6938,.T.);
#5864=ORIENTED_EDGE('',*,*,#6968,.F.);
#5865=ORIENTED_EDGE('',*,*,#7004,.F.);
#5866=ORIENTED_EDGE('',*,*,#7044,.F.);
#5867=ORIENTED_EDGE('',*,*,#6934,.T.);
#5868=ORIENTED_EDGE('',*,*,#6975,.F.);
#5869=ORIENTED_EDGE('',*,*,#7047,.F.);
#5870=ORIENTED_EDGE('',*,*,#7045,.F.);
#5871=ORIENTED_EDGE('',*,*,#6930,.T.);
#5872=ORIENTED_EDGE('',*,*,#6955,.F.);
#5873=ORIENTED_EDGE('',*,*,#7002,.F.);
#5874=ORIENTED_EDGE('',*,*,#7049,.F.);
#5875=ORIENTED_EDGE('',*,*,#6926,.T.);
#5876=ORIENTED_EDGE('',*,*,#6962,.F.);
#5877=ORIENTED_EDGE('',*,*,#7052,.F.);
#5878=ORIENTED_EDGE('',*,*,#7050,.F.);
#5879=ORIENTED_EDGE('',*,*,#7053,.T.);
#5880=ORIENTED_EDGE('',*,*,#7054,.F.);
#5881=ORIENTED_EDGE('',*,*,#6984,.F.);
#5882=ORIENTED_EDGE('',*,*,#7024,.F.);
#5883=ORIENTED_EDGE('',*,*,#7055,.T.);
#5884=ORIENTED_EDGE('',*,*,#7025,.F.);
#5885=ORIENTED_EDGE('',*,*,#6981,.F.);
#5886=ORIENTED_EDGE('',*,*,#7056,.F.);
#5887=ORIENTED_EDGE('',*,*,#7057,.T.);
#5888=ORIENTED_EDGE('',*,*,#7056,.T.);
#5889=ORIENTED_EDGE('',*,*,#6983,.T.);
#5890=ORIENTED_EDGE('',*,*,#6479,.F.);
#5891=ORIENTED_EDGE('',*,*,#6985,.F.);
#5892=ORIENTED_EDGE('',*,*,#7054,.T.);
#5893=ORIENTED_EDGE('',*,*,#7058,.T.);
#5894=ORIENTED_EDGE('',*,*,#7059,.F.);
#5895=ORIENTED_EDGE('',*,*,#7020,.F.);
#5896=ORIENTED_EDGE('',*,*,#7027,.F.);
#5897=ORIENTED_EDGE('',*,*,#7060,.T.);
#5898=ORIENTED_EDGE('',*,*,#7028,.F.);
#5899=ORIENTED_EDGE('',*,*,#7017,.F.);
#5900=ORIENTED_EDGE('',*,*,#7061,.F.);
#5901=ORIENTED_EDGE('',*,*,#7062,.T.);
#5902=ORIENTED_EDGE('',*,*,#7061,.T.);
#5903=ORIENTED_EDGE('',*,*,#7019,.F.);
#5904=ORIENTED_EDGE('',*,*,#6373,.F.);
#5905=ORIENTED_EDGE('',*,*,#7021,.T.);
#5906=ORIENTED_EDGE('',*,*,#7059,.T.);
#5907=ORIENTED_EDGE('',*,*,#7063,.T.);
#5908=ORIENTED_EDGE('',*,*,#7064,.F.);
#5909=ORIENTED_EDGE('',*,*,#7011,.F.);
#5910=ORIENTED_EDGE('',*,*,#7065,.F.);
#5911=ORIENTED_EDGE('',*,*,#7066,.T.);
#5912=ORIENTED_EDGE('',*,*,#7067,.F.);
#5913=ORIENTED_EDGE('',*,*,#6987,.F.);
#5914=ORIENTED_EDGE('',*,*,#7068,.F.);
#5915=ORIENTED_EDGE('',*,*,#7069,.T.);
#5916=ORIENTED_EDGE('',*,*,#7068,.T.);
#5917=ORIENTED_EDGE('',*,*,#6989,.T.);
#5918=ORIENTED_EDGE('',*,*,#6475,.F.);
#5919=ORIENTED_EDGE('',*,*,#7012,.T.);
#5920=ORIENTED_EDGE('',*,*,#7064,.T.);
#5921=ORIENTED_EDGE('',*,*,#7070,.T.);
#5922=ORIENTED_EDGE('',*,*,#7065,.T.);
#5923=ORIENTED_EDGE('',*,*,#7013,.T.);
#5924=ORIENTED_EDGE('',*,*,#6473,.F.);
#5925=ORIENTED_EDGE('',*,*,#6988,.F.);
#5926=ORIENTED_EDGE('',*,*,#7067,.T.);
#5927=ORIENTED_EDGE('',*,*,#7071,.T.);
#5928=ORIENTED_EDGE('',*,*,#7072,.F.);
#5929=ORIENTED_EDGE('',*,*,#7008,.F.);
#5930=ORIENTED_EDGE('',*,*,#7073,.F.);
#5931=ORIENTED_EDGE('',*,*,#7074,.T.);
#5932=ORIENTED_EDGE('',*,*,#7075,.F.);
#5933=ORIENTED_EDGE('',*,*,#7014,.F.);
#5934=ORIENTED_EDGE('',*,*,#7076,.F.);
#5935=ORIENTED_EDGE('',*,*,#7077,.T.);
#5936=ORIENTED_EDGE('',*,*,#7076,.T.);
#5937=ORIENTED_EDGE('',*,*,#7016,.T.);
#5938=ORIENTED_EDGE('',*,*,#6369,.F.);
#5939=ORIENTED_EDGE('',*,*,#7009,.T.);
#5940=ORIENTED_EDGE('',*,*,#7072,.T.);
#5941=ORIENTED_EDGE('',*,*,#7078,.T.);
#5942=ORIENTED_EDGE('',*,*,#7073,.T.);
#5943=ORIENTED_EDGE('',*,*,#7010,.F.);
#5944=ORIENTED_EDGE('',*,*,#6367,.F.);
#5945=ORIENTED_EDGE('',*,*,#7015,.T.);
#5946=ORIENTED_EDGE('',*,*,#7075,.T.);
#5947=ORIENTED_EDGE('',*,*,#7079,.T.);
#5948=ORIENTED_EDGE('',*,*,#7080,.F.);
#5949=ORIENTED_EDGE('',*,*,#6978,.F.);
#5950=ORIENTED_EDGE('',*,*,#7081,.F.);
#5951=ORIENTED_EDGE('',*,*,#7082,.T.);
#5952=ORIENTED_EDGE('',*,*,#7083,.F.);
#5953=ORIENTED_EDGE('',*,*,#7032,.F.);
#5954=ORIENTED_EDGE('',*,*,#7084,.F.);
#5955=ORIENTED_EDGE('',*,*,#7085,.T.);
#5956=ORIENTED_EDGE('',*,*,#7084,.T.);
#5957=ORIENTED_EDGE('',*,*,#7034,.T.);
#5958=ORIENTED_EDGE('',*,*,#6484,.F.);
#5959=ORIENTED_EDGE('',*,*,#6979,.F.);
#5960=ORIENTED_EDGE('',*,*,#7080,.T.);
#5961=ORIENTED_EDGE('',*,*,#7086,.T.);
#5962=ORIENTED_EDGE('',*,*,#7081,.T.);
#5963=ORIENTED_EDGE('',*,*,#6980,.T.);
#5964=ORIENTED_EDGE('',*,*,#6482,.F.);
#5965=ORIENTED_EDGE('',*,*,#7033,.T.);
#5966=ORIENTED_EDGE('',*,*,#7083,.T.);
#5967=ORIENTED_EDGE('',*,*,#7087,.T.);
#5968=ORIENTED_EDGE('',*,*,#7088,.F.);
#5969=ORIENTED_EDGE('',*,*,#7035,.F.);
#5970=ORIENTED_EDGE('',*,*,#7089,.F.);
#5971=ORIENTED_EDGE('',*,*,#7090,.T.);
#5972=ORIENTED_EDGE('',*,*,#7091,.F.);
#5973=ORIENTED_EDGE('',*,*,#7029,.F.);
#5974=ORIENTED_EDGE('',*,*,#7092,.F.);
#5975=ORIENTED_EDGE('',*,*,#7093,.T.);
#5976=ORIENTED_EDGE('',*,*,#7092,.T.);
#5977=ORIENTED_EDGE('',*,*,#7031,.F.);
#5978=ORIENTED_EDGE('',*,*,#6376,.F.);
#5979=ORIENTED_EDGE('',*,*,#7036,.T.);
#5980=ORIENTED_EDGE('',*,*,#7088,.T.);
#5981=ORIENTED_EDGE('',*,*,#7094,.T.);
#5982=ORIENTED_EDGE('',*,*,#7089,.T.);
#5983=ORIENTED_EDGE('',*,*,#7037,.T.);
#5984=ORIENTED_EDGE('',*,*,#6378,.F.);
#5985=ORIENTED_EDGE('',*,*,#7030,.T.);
#5986=ORIENTED_EDGE('',*,*,#7091,.T.);
#5987=ORIENTED_EDGE('',*,*,#7060,.F.);
#5988=ORIENTED_EDGE('',*,*,#7062,.F.);
#5989=ORIENTED_EDGE('',*,*,#7058,.F.);
#5990=ORIENTED_EDGE('',*,*,#7026,.F.);
#5991=ORIENTED_EDGE('',*,*,#7055,.F.);
#5992=ORIENTED_EDGE('',*,*,#7057,.F.);
#5993=ORIENTED_EDGE('',*,*,#7053,.F.);
#5994=ORIENTED_EDGE('',*,*,#7023,.F.);
#5995=ORIENTED_EDGE('',*,*,#7074,.F.);
#5996=ORIENTED_EDGE('',*,*,#7077,.F.);
#5997=ORIENTED_EDGE('',*,*,#7071,.F.);
#5998=ORIENTED_EDGE('',*,*,#7078,.F.);
#5999=ORIENTED_EDGE('',*,*,#7066,.F.);
#6000=ORIENTED_EDGE('',*,*,#7069,.F.);
#6001=ORIENTED_EDGE('',*,*,#7063,.F.);
#6002=ORIENTED_EDGE('',*,*,#7070,.F.);
#6003=ORIENTED_EDGE('',*,*,#7090,.F.);
#6004=ORIENTED_EDGE('',*,*,#7093,.F.);
#6005=ORIENTED_EDGE('',*,*,#7087,.F.);
#6006=ORIENTED_EDGE('',*,*,#7094,.F.);
#6007=ORIENTED_EDGE('',*,*,#7082,.F.);
#6008=ORIENTED_EDGE('',*,*,#7085,.F.);
#6009=ORIENTED_EDGE('',*,*,#7079,.F.);
#6010=ORIENTED_EDGE('',*,*,#7086,.F.);
#6011=ORIENTED_EDGE('',*,*,#6768,.T.);
#6012=ORIENTED_EDGE('',*,*,#6831,.T.);
#6013=ORIENTED_EDGE('',*,*,#6833,.T.);
#6014=ORIENTED_EDGE('',*,*,#6835,.T.);
#6015=ORIENTED_EDGE('',*,*,#6771,.T.);
#6016=ORIENTED_EDGE('',*,*,#6880,.T.);
#6017=EDGE_CURVE('',#7095,#7096,#7097,.T.);
#6018=EDGE_CURVE('',#7096,#7098,#7099,.T.);
#6019=EDGE_CURVE('',#7098,#7100,#7101,.F.);
#6020=EDGE_CURVE('',#7100,#7095,#7102,.T.);
#6021=EDGE_CURVE('',#7103,#7104,#7105,.T.);
#6022=EDGE_CURVE('',#7104,#7096,#7106,.T.);
#6023=EDGE_CURVE('',#7095,#7103,#7107,.T.);
#6024=EDGE_CURVE('',#7108,#7109,#7110,.F.);
#6025=EDGE_CURVE('',#7109,#7104,#7111,.T.);
#6026=EDGE_CURVE('',#7103,#7108,#7112,.T.);
#6027=EDGE_CURVE('',#7103,#7113,#7114,.T.);
#6028=EDGE_CURVE('',#7113,#7115,#7116,.T.);
#6029=EDGE_CURVE('',#7117,#7115,#7118,.T.);
#6030=EDGE_CURVE('',#7119,#7117,#7120,.T.);
#6031=EDGE_CURVE('',#7121,#7119,#7122,.T.);
#6032=EDGE_CURVE('',#7123,#7121,#7124,.T.);
#6033=EDGE_CURVE('',#7125,#7123,#7126,.T.);
#6034=EDGE_CURVE('',#7127,#7125,#7128,.T.);
#6035=EDGE_CURVE('',#7129,#7127,#7130,.T.);
#6036=EDGE_CURVE('',#7129,#7131,#7132,.T.);
#6037=EDGE_CURVE('',#7131,#7133,#7134,.T.);
#6038=EDGE_CURVE('',#7133,#7135,#7136,.T.);
#6039=EDGE_CURVE('',#7135,#7137,#7138,.T.);
#6040=EDGE_CURVE('',#7137,#7129,#7139,.T.);
#6041=EDGE_CURVE('',#7140,#7129,#7141,.T.);
#6042=EDGE_CURVE('',#7142,#7140,#7143,.T.);
#6043=EDGE_CURVE('',#7144,#7142,#7145,.T.);
#6044=EDGE_CURVE('',#7144,#7146,#7147,.T.);
#6045=EDGE_CURVE('',#7146,#7148,#7149,.T.);
#6046=EDGE_CURVE('',#7148,#7150,#7151,.T.);
#6047=EDGE_CURVE('',#7152,#7150,#7153,.T.);
#6048=EDGE_CURVE('',#7152,#7154,#7155,.T.);
#6049=EDGE_CURVE('',#7154,#7156,#7157,.T.);
#6050=EDGE_CURVE('',#7156,#7158,#7159,.T.);
#6051=EDGE_CURVE('',#7160,#7158,#7161,.T.);
#6052=EDGE_CURVE('',#7160,#7162,#7163,.T.);
#6053=EDGE_CURVE('',#7162,#7164,#7165,.T.);
#6054=EDGE_CURVE('',#7164,#7166,#7167,.T.);
#6055=EDGE_CURVE('',#7168,#7166,#7169,.T.);
#6056=EDGE_CURVE('',#7170,#7168,#7171,.T.);
#6057=EDGE_CURVE('',#7172,#7170,#7173,.T.);
#6058=EDGE_CURVE('',#7172,#7174,#7175,.T.);
#6059=EDGE_CURVE('',#7174,#7176,#7177,.T.);
#6060=EDGE_CURVE('',#7176,#7178,#7179,.T.);
#6061=EDGE_CURVE('',#7178,#7180,#7181,.T.);
#6062=EDGE_CURVE('',#7180,#7172,#7182,.T.);
#6063=EDGE_CURVE('',#7108,#7172,#7183,.T.);
#6064=EDGE_CURVE('',#7095,#7184,#7185,.T.);
#6065=EDGE_CURVE('',#7184,#7113,#7186,.T.);
#6066=EDGE_CURVE('',#7187,#7100,#7188,.T.);
#6067=EDGE_CURVE('',#7187,#7189,#7190,.T.);
#6068=EDGE_CURVE('',#7189,#7191,#7192,.T.);
#6069=EDGE_CURVE('',#7193,#7191,#7194,.T.);
#6070=EDGE_CURVE('',#7193,#7195,#7196,.T.);
#6071=EDGE_CURVE('',#7195,#7187,#7197,.T.);
#6072=EDGE_CURVE('',#7198,#7187,#7199,.T.);
#6073=EDGE_CURVE('',#7198,#7200,#7201,.T.);
#6074=EDGE_CURVE('',#7200,#7202,#7203,.T.);
#6075=EDGE_CURVE('',#7204,#7202,#7205,.T.);
#6076=EDGE_CURVE('',#7204,#7206,#7207,.T.);
#6077=EDGE_CURVE('',#7208,#7206,#7209,.T.);
#6078=EDGE_CURVE('',#7210,#7208,#7211,.T.);
#6079=EDGE_CURVE('',#7212,#7210,#7213,.T.);
#6080=EDGE_CURVE('',#7212,#7214,#7215,.T.);
#6081=EDGE_CURVE('',#7216,#7214,#7217,.T.);
#6082=EDGE_CURVE('',#7216,#7218,#7219,.T.);
#6083=EDGE_CURVE('',#7218,#7220,#7221,.T.);
#6084=EDGE_CURVE('',#7222,#7220,#7223,.T.);
#6085=EDGE_CURVE('',#7222,#7224,#7225,.T.);
#6086=EDGE_CURVE('',#7224,#7226,#7227,.T.);
#6087=EDGE_CURVE('',#7228,#7226,#7229,.T.);
#6088=EDGE_CURVE('',#7228,#7230,#7231,.T.);
#6089=EDGE_CURVE('',#7230,#7222,#7232,.T.);
#6090=EDGE_CURVE('',#7233,#7222,#7234,.T.);
#6091=EDGE_CURVE('',#7235,#7233,#7236,.T.);
#6092=EDGE_CURVE('',#7235,#7237,#7238,.T.);
#6093=EDGE_CURVE('',#7237,#7239,#7240,.T.);
#6094=EDGE_CURVE('',#7241,#7239,#7242,.T.);
#6095=EDGE_CURVE('',#7243,#7241,#7244,.T.);
#6096=EDGE_CURVE('',#7245,#7243,#7246,.T.);
#6097=EDGE_CURVE('',#7184,#7245,#7247,.T.);
#6098=EDGE_CURVE('',#7248,#7235,#7249,.T.);
#6099=EDGE_CURVE('',#7233,#7250,#7251,.F.);
#6100=EDGE_CURVE('',#7250,#7248,#7252,.T.);
#6101=EDGE_CURVE('',#7253,#7125,#7254,.T.);
#6102=EDGE_CURVE('',#7125,#7235,#7255,.T.);
#6103=EDGE_CURVE('',#7248,#7253,#7256,.T.);
#6104=EDGE_CURVE('',#7257,#7127,#7258,.F.);
#6105=EDGE_CURVE('',#7253,#7257,#7259,.T.);
#6106=EDGE_CURVE('',#7260,#7257,#7261,.T.);
#6107=EDGE_CURVE('',#7250,#7262,#7263,.T.);
#6108=EDGE_CURVE('',#7264,#7262,#7265,.T.);
#6109=EDGE_CURVE('',#7266,#7264,#7267,.T.);
#6110=EDGE_CURVE('',#7268,#7266,#7269,.T.);
#6111=EDGE_CURVE('',#7270,#7268,#7271,.T.);
#6112=EDGE_CURVE('',#7272,#7270,#7273,.T.);
#6113=EDGE_CURVE('',#7274,#7272,#7275,.T.);
#6114=EDGE_CURVE('',#7260,#7274,#7276,.T.);
#6115=EDGE_CURVE('',#7277,#7277,#7278,.T.);
#6116=EDGE_CURVE('',#7279,#7279,#7280,.T.);
#6117=EDGE_CURVE('',#7281,#7281,#7282,.T.);
#6118=EDGE_CURVE('',#7283,#7284,#7285,.T.);
#6119=EDGE_CURVE('',#7284,#7286,#7287,.T.);
#6120=EDGE_CURVE('',#7286,#7288,#7289,.T.);
#6121=EDGE_CURVE('',#7288,#7283,#7290,.T.);
#6122=EDGE_CURVE('',#7291,#7291,#7292,.T.);
#6123=EDGE_CURVE('',#7293,#7293,#7294,.T.);
#6124=EDGE_CURVE('',#7295,#7296,#7297,.T.);
#6125=EDGE_CURVE('',#7298,#7295,#7299,.T.);
#6126=EDGE_CURVE('',#7300,#7298,#7301,.T.);
#6127=EDGE_CURVE('',#7296,#7300,#7302,.T.);
#6128=EDGE_CURVE('',#7303,#7303,#7304,.T.);
#6129=EDGE_CURVE('',#7305,#7305,#7306,.T.);
#6130=EDGE_CURVE('',#7307,#7268,#7308,.T.);
#6131=EDGE_CURVE('',#7266,#7309,#7310,.F.);
#6132=EDGE_CURVE('',#7309,#7307,#7311,.T.);
#6133=EDGE_CURVE('',#7312,#7270,#7313,.T.);
#6134=EDGE_CURVE('',#7307,#7312,#7314,.T.);
#6135=EDGE_CURVE('',#7315,#7272,#7316,.F.);
#6136=EDGE_CURVE('',#7312,#7315,#7317,.T.);
#6137=EDGE_CURVE('',#7312,#7318,#7319,.T.);
#6138=EDGE_CURVE('',#7318,#7320,#7321,.T.);
#6139=EDGE_CURVE('',#7322,#7320,#7323,.T.);
#6140=EDGE_CURVE('',#7324,#7322,#7325,.T.);
#6141=EDGE_CURVE('',#7326,#7324,#7327,.T.);
#6142=EDGE_CURVE('',#7328,#7326,#7329,.T.);
#6143=EDGE_CURVE('',#7330,#7328,#7331,.T.);
#6144=EDGE_CURVE('',#7332,#7330,#7333,.T.);
#6145=EDGE_CURVE('',#7334,#7332,#7335,.T.);
#6146=EDGE_CURVE('',#7334,#7336,#7337,.T.);
#6147=EDGE_CURVE('',#7336,#7338,#7339,.T.);
#6148=EDGE_CURVE('',#7338,#7340,#7341,.T.);
#6149=EDGE_CURVE('',#7340,#7342,#7343,.T.);
#6150=EDGE_CURVE('',#7342,#7334,#7344,.T.);
#6151=EDGE_CURVE('',#7345,#7334,#7346,.T.);
#6152=EDGE_CURVE('',#7347,#7345,#7348,.T.);
#6153=EDGE_CURVE('',#7349,#7347,#7350,.T.);
#6154=EDGE_CURVE('',#7349,#7351,#7352,.T.);
#6155=EDGE_CURVE('',#7351,#7353,#7354,.T.);
#6156=EDGE_CURVE('',#7353,#7355,#7356,.T.);
#6157=EDGE_CURVE('',#7357,#7355,#7358,.T.);
#6158=EDGE_CURVE('',#7357,#7359,#7360,.T.);
#6159=EDGE_CURVE('',#7359,#7361,#7362,.T.);
#6160=EDGE_CURVE('',#7361,#7363,#7364,.T.);
#6161=EDGE_CURVE('',#7365,#7363,#7366,.T.);
#6162=EDGE_CURVE('',#7365,#7367,#7368,.T.);
#6163=EDGE_CURVE('',#7367,#7369,#7370,.T.);
#6164=EDGE_CURVE('',#7369,#7371,#7372,.T.);
#6165=EDGE_CURVE('',#7373,#7371,#7374,.T.);
#6166=EDGE_CURVE('',#7375,#7373,#7376,.T.);
#6167=EDGE_CURVE('',#7377,#7375,#7378,.T.);
#6168=EDGE_CURVE('',#7377,#7379,#7380,.T.);
#6169=EDGE_CURVE('',#7379,#7381,#7382,.T.);
#6170=EDGE_CURVE('',#7381,#7383,#7384,.T.);
#6171=EDGE_CURVE('',#7383,#7385,#7386,.T.);
#6172=EDGE_CURVE('',#7385,#7377,#7387,.T.);
#6173=EDGE_CURVE('',#7315,#7377,#7388,.T.);
#6174=EDGE_CURVE('',#7307,#7389,#7390,.T.);
#6175=EDGE_CURVE('',#7389,#7318,#7391,.T.);
#6176=EDGE_CURVE('',#7392,#7309,#7393,.T.);
#6177=EDGE_CURVE('',#7392,#7394,#7395,.T.);
#6178=EDGE_CURVE('',#7394,#7396,#7397,.T.);
#6179=EDGE_CURVE('',#7398,#7396,#7399,.T.);
#6180=EDGE_CURVE('',#7398,#7400,#7401,.T.);
#6181=EDGE_CURVE('',#7400,#7392,#7402,.T.);
#6182=EDGE_CURVE('',#7403,#7392,#7404,.T.);
#6183=EDGE_CURVE('',#7403,#7405,#7406,.T.);
#6184=EDGE_CURVE('',#7405,#7407,#7408,.T.);
#6185=EDGE_CURVE('',#7409,#7407,#7410,.T.);
#6186=EDGE_CURVE('',#7409,#7411,#7412,.T.);
#6187=EDGE_CURVE('',#7413,#7411,#7414,.T.);
#6188=EDGE_CURVE('',#7415,#7413,#7416,.T.);
#6189=EDGE_CURVE('',#7417,#7415,#7418,.T.);
#6190=EDGE_CURVE('',#7417,#7419,#7420,.T.);
#6191=EDGE_CURVE('',#7421,#7419,#7422,.T.);
#6192=EDGE_CURVE('',#7421,#7423,#7424,.T.);
#6193=EDGE_CURVE('',#7423,#7425,#7426,.T.);
#6194=EDGE_CURVE('',#7427,#7425,#7428,.T.);
#6195=EDGE_CURVE('',#7427,#7429,#7430,.T.);
#6196=EDGE_CURVE('',#7429,#7431,#7432,.T.);
#6197=EDGE_CURVE('',#7433,#7431,#7434,.T.);
#6198=EDGE_CURVE('',#7433,#7435,#7436,.T.);
#6199=EDGE_CURVE('',#7435,#7427,#7437,.T.);
#6200=EDGE_CURVE('',#7438,#7427,#7439,.T.);
#6201=EDGE_CURVE('',#7440,#7438,#7441,.T.);
#6202=EDGE_CURVE('',#7440,#7442,#7443,.T.);
#6203=EDGE_CURVE('',#7442,#7444,#7445,.T.);
#6204=EDGE_CURVE('',#7446,#7444,#7447,.T.);
#6205=EDGE_CURVE('',#7448,#7446,#7449,.T.);
#6206=EDGE_CURVE('',#7450,#7448,#7451,.T.);
#6207=EDGE_CURVE('',#7389,#7450,#7452,.T.);
#6208=EDGE_CURVE('',#7453,#7440,#7454,.T.);
#6209=EDGE_CURVE('',#7438,#7455,#7456,.F.);
#6210=EDGE_CURVE('',#7455,#7453,#7457,.T.);
#6211=EDGE_CURVE('',#7458,#7330,#7459,.T.);
#6212=EDGE_CURVE('',#7330,#7440,#7460,.T.);
#6213=EDGE_CURVE('',#7453,#7458,#7461,.T.);
#6214=EDGE_CURVE('',#7462,#7332,#7463,.F.);
#6215=EDGE_CURVE('',#7458,#7462,#7464,.T.);
#6216=EDGE_CURVE('',#7465,#7109,#7466,.T.);
#6217=EDGE_CURVE('',#7467,#7465,#7468,.T.);
#6218=EDGE_CURVE('',#7467,#7462,#7469,.T.);
#6219=EDGE_CURVE('',#7455,#7470,#7471,.T.);
#6220=EDGE_CURVE('',#7472,#7470,#7473,.T.);
#6221=EDGE_CURVE('',#7098,#7472,#7474,.T.);
#6222=EDGE_CURVE('',#7475,#7475,#7476,.T.);
#6223=EDGE_CURVE('',#7477,#7477,#7478,.T.);
#6224=EDGE_CURVE('',#7479,#7479,#7480,.T.);
#6225=EDGE_CURVE('',#7481,#7482,#7483,.T.);
#6226=EDGE_CURVE('',#7484,#7481,#7485,.T.);
#6227=EDGE_CURVE('',#7486,#7484,#7487,.T.);
#6228=EDGE_CURVE('',#7482,#7486,#7488,.T.);
#6229=EDGE_CURVE('',#7489,#7489,#7490,.T.);
#6230=EDGE_CURVE('',#7491,#7491,#7492,.T.);
#6231=EDGE_CURVE('',#7493,#7494,#7495,.T.);
#6232=EDGE_CURVE('',#7494,#7496,#7497,.T.);
#6233=EDGE_CURVE('',#7496,#7498,#7499,.T.);
#6234=EDGE_CURVE('',#7498,#7493,#7500,.T.);
#6235=EDGE_CURVE('',#7501,#7501,#7502,.T.);
#6236=EDGE_CURVE('',#7503,#7503,#7504,.T.);
#6237=EDGE_CURVE('',#7166,#7505,#7506,.T.);
#6238=EDGE_CURVE('',#7505,#7507,#7508,.T.);
#6239=EDGE_CURVE('',#7507,#7168,#7509,.F.);
#6240=EDGE_CURVE('',#7158,#7510,#7511,.T.);
#6241=EDGE_CURVE('',#7510,#7512,#7513,.T.);
#6242=EDGE_CURVE('',#7512,#7160,#7514,.T.);
#6243=EDGE_CURVE('',#7515,#7512,#7516,.T.);
#6244=EDGE_CURVE('',#7515,#7517,#7518,.T.);
#6245=EDGE_CURVE('',#7162,#7517,#7519,.T.);
#6246=EDGE_CURVE('',#7505,#7520,#7521,.T.);
#6247=EDGE_CURVE('',#7520,#7515,#7522,.T.);
#6248=EDGE_CURVE('',#7510,#7523,#7524,.T.);
#6249=EDGE_CURVE('',#7523,#7525,#7526,.T.);
#6250=EDGE_CURVE('',#7525,#7527,#7528,.T.);
#6251=EDGE_CURVE('',#7529,#7527,#7530,.T.);
#6252=EDGE_CURVE('',#7529,#7531,#7532,.T.);
#6253=EDGE_CURVE('',#7531,#7533,#7534,.T.);
#6254=EDGE_CURVE('',#7533,#7535,#7536,.T.);
#6255=EDGE_CURVE('',#7537,#7535,#7538,.T.);
#6256=EDGE_CURVE('',#7537,#7539,#7540,.T.);
#6257=EDGE_CURVE('',#7541,#7539,#7542,.T.);
#6258=EDGE_CURVE('',#7507,#7541,#7543,.T.);
#6259=EDGE_CURVE('',#7150,#7529,#7544,.T.);
#6260=EDGE_CURVE('',#7527,#7152,#7545,.T.);
#6261=EDGE_CURVE('',#7546,#7148,#7547,.T.);
#6262=EDGE_CURVE('',#7531,#7546,#7548,.T.);
#6263=EDGE_CURVE('',#7535,#7144,#7549,.T.);
#6264=EDGE_CURVE('',#7142,#7537,#7550,.F.);
#6265=EDGE_CURVE('',#7551,#7119,#7552,.F.);
#6266=EDGE_CURVE('',#7117,#7553,#7554,.F.);
#6267=EDGE_CURVE('',#7553,#7551,#7555,.T.);
#6268=EDGE_CURVE('',#7556,#7243,#7557,.F.);
#6269=EDGE_CURVE('',#7241,#7558,#7559,.F.);
#6270=EDGE_CURVE('',#7558,#7556,#7560,.T.);
#6271=EDGE_CURVE('',#7539,#7210,#7561,.F.);
#6272=EDGE_CURVE('',#7208,#7541,#7562,.F.);
#6273=EDGE_CURVE('',#7563,#7448,#7564,.F.);
#6274=EDGE_CURVE('',#7446,#7565,#7566,.F.);
#6275=EDGE_CURVE('',#7565,#7563,#7567,.T.);
#6276=EDGE_CURVE('',#7568,#7324,#7569,.F.);
#6277=EDGE_CURVE('',#7322,#7570,#7571,.F.);
#6278=EDGE_CURVE('',#7570,#7568,#7572,.T.);
#6279=EDGE_CURVE('',#7573,#7415,#7574,.F.);
#6280=EDGE_CURVE('',#7413,#7575,#7576,.F.);
#6281=EDGE_CURVE('',#7575,#7573,#7577,.T.);
#6282=EDGE_CURVE('',#7371,#7578,#7579,.T.);
#6283=EDGE_CURVE('',#7578,#7580,#7581,.T.);
#6284=EDGE_CURVE('',#7580,#7373,#7582,.F.);
#6285=EDGE_CURVE('',#7363,#7583,#7584,.T.);
#6286=EDGE_CURVE('',#7583,#7585,#7586,.T.);
#6287=EDGE_CURVE('',#7585,#7365,#7587,.T.);
#6288=EDGE_CURVE('',#7588,#7585,#7589,.T.);
#6289=EDGE_CURVE('',#7588,#7590,#7591,.T.);
#6290=EDGE_CURVE('',#7367,#7590,#7592,.T.);
#6291=EDGE_CURVE('',#7580,#7575,#7593,.T.);
#6292=EDGE_CURVE('',#7578,#7594,#7595,.T.);
#6293=EDGE_CURVE('',#7594,#7588,#7596,.T.);
#6294=EDGE_CURVE('',#7583,#7597,#7598,.T.);
#6295=EDGE_CURVE('',#7597,#7599,#7600,.T.);
#6296=EDGE_CURVE('',#7599,#7601,#7602,.T.);
#6297=EDGE_CURVE('',#7603,#7601,#7604,.T.);
#6298=EDGE_CURVE('',#7603,#7605,#7606,.T.);
#6299=EDGE_CURVE('',#7605,#7607,#7608,.T.);
#6300=EDGE_CURVE('',#7607,#7609,#7610,.T.);
#6301=EDGE_CURVE('',#7611,#7609,#7612,.T.);
#6302=EDGE_CURVE('',#7611,#7573,#7613,.T.);
#6303=EDGE_CURVE('',#7355,#7603,#7614,.T.);
#6304=EDGE_CURVE('',#7601,#7357,#7615,.T.);
#6305=EDGE_CURVE('',#7616,#7353,#7617,.T.);
#6306=EDGE_CURVE('',#7605,#7616,#7618,.T.);
#6307=EDGE_CURVE('',#7609,#7349,#7619,.T.);
#6308=EDGE_CURVE('',#7347,#7611,#7620,.F.);
#6309=EDGE_CURVE('',#7621,#7622,#7623,.T.);
#6310=EDGE_CURVE('',#7622,#7624,#7625,.T.);
#6311=EDGE_CURVE('',#7624,#7626,#7627,.T.);
#6312=EDGE_CURVE('',#7626,#7621,#7628,.T.);
#6313=EDGE_CURVE('',#7629,#7624,#7630,.T.);
#6314=EDGE_CURVE('',#7629,#7631,#7632,.T.);
#6315=EDGE_CURVE('',#7633,#7631,#7634,.T.);
#6316=EDGE_CURVE('',#7626,#7633,#7635,.T.);
#6317=EDGE_CURVE('',#7622,#7636,#7637,.T.);
#6318=EDGE_CURVE('',#7636,#7638,#7639,.T.);
#6319=EDGE_CURVE('',#7638,#7640,#7641,.T.);
#6320=EDGE_CURVE('',#7642,#7640,#7643,.T.);
#6321=EDGE_CURVE('',#7642,#7644,#7645,.T.);
#6322=EDGE_CURVE('',#7644,#7646,#7647,.T.);
#6323=EDGE_CURVE('',#7646,#7648,#7649,.T.);
#6324=EDGE_CURVE('',#7650,#7648,#7651,.T.);
#6325=EDGE_CURVE('',#7650,#7170,#7652,.T.);
#6326=EDGE_CURVE('',#7653,#7206,#7654,.T.);
#6327=EDGE_CURVE('',#7655,#7653,#7656,.T.);
#6328=EDGE_CURVE('',#7200,#7655,#7657,.T.);
#6329=EDGE_CURVE('',#7198,#7658,#7659,.T.);
#6330=EDGE_CURVE('',#7660,#7658,#7661,.T.);
#6331=EDGE_CURVE('',#7425,#7660,#7662,.T.);
#6332=EDGE_CURVE('',#7423,#7663,#7664,.T.);
#6333=EDGE_CURVE('',#7663,#7665,#7666,.T.);
#6334=EDGE_CURVE('',#7665,#7417,#7667,.T.);
#6335=EDGE_CURVE('',#7668,#7345,#7669,.T.);
#6336=EDGE_CURVE('',#7670,#7668,#7671,.T.);
#6337=EDGE_CURVE('',#7670,#7672,#7673,.T.);
#6338=EDGE_CURVE('',#7672,#7629,#7674,.T.);
#6339=EDGE_CURVE('',#7675,#7642,#7676,.T.);
#6340=EDGE_CURVE('',#7640,#7677,#7678,.T.);
#6341=EDGE_CURVE('',#7677,#7675,#7679,.T.);
#6342=EDGE_CURVE('',#7680,#7638,#7681,.T.);
#6343=EDGE_CURVE('',#7682,#7680,#7683,.T.);
#6344=EDGE_CURVE('',#7677,#7682,#7684,.T.);
#6345=EDGE_CURVE('',#7685,#7686,#7687,.T.);
#6346=EDGE_CURVE('',#7686,#7688,#7689,.T.);
#6347=EDGE_CURVE('',#7688,#7690,#7691,.T.);
#6348=EDGE_CURVE('',#7690,#7685,#7692,.T.);
#6349=EDGE_CURVE('',#7693,#7685,#7694,.T.);
#6350=EDGE_CURVE('',#7695,#7693,#7696,.T.);
#6351=EDGE_CURVE('',#7697,#7695,#7698,.T.);
#6352=EDGE_CURVE('',#7686,#7697,#7699,.T.);
#6353=EDGE_CURVE('',#7690,#7700,#7701,.T.);
#6354=EDGE_CURVE('',#7700,#7702,#7703,.T.);
#6355=EDGE_CURVE('',#7702,#7704,#7705,.T.);
#6356=EDGE_CURVE('',#7706,#7704,#7707,.T.);
#6357=EDGE_CURVE('',#7708,#7706,#7709,.T.);
#6358=EDGE_CURVE('',#7710,#7708,#7711,.T.);
#6359=EDGE_CURVE('',#7712,#7710,#7713,.T.);
#6360=EDGE_CURVE('',#7714,#7712,#7715,.T.);
#6361=EDGE_CURVE('',#7714,#7716,#7717,.T.);
#6362=EDGE_CURVE('',#7716,#7718,#7719,.T.);
#6363=EDGE_CURVE('',#7718,#7720,#7721,.T.);
#6364=EDGE_CURVE('',#7722,#7720,#7723,.T.);
#6365=EDGE_CURVE('',#7722,#7724,#7725,.T.);
#6366=EDGE_CURVE('',#7724,#7693,#7726,.T.);
#6367=EDGE_CURVE('',#7727,#7728,#7729,.T.);
#6368=EDGE_CURVE('',#7728,#7730,#7731,.T.);
#6369=EDGE_CURVE('',#7730,#7732,#7733,.T.);
#6370=EDGE_CURVE('',#7732,#7727,#7734,.T.);
#6371=EDGE_CURVE('',#7735,#7736,#7737,.T.);
#6372=EDGE_CURVE('',#7736,#7738,#7739,.T.);
#6373=EDGE_CURVE('',#7738,#7740,#7741,.T.);
#6374=EDGE_CURVE('',#7740,#7735,#7742,.T.);
#6375=EDGE_CURVE('',#7743,#7744,#7745,.T.);
#6376=EDGE_CURVE('',#7744,#7746,#7747,.T.);
#6377=EDGE_CURVE('',#7746,#7748,#7749,.T.);
#6378=EDGE_CURVE('',#7748,#7743,#7750,.T.);
#6379=EDGE_CURVE('',#7751,#7751,#7752,.T.);
#6380=EDGE_CURVE('',#7753,#7753,#7754,.T.);
#6381=EDGE_CURVE('',#7755,#7755,#7756,.T.);
#6382=EDGE_CURVE('',#7757,#7757,#7758,.T.);
#6383=EDGE_CURVE('',#7720,#7759,#7760,.T.);
#6384=EDGE_CURVE('',#7759,#7761,#7762,.T.);
#6385=EDGE_CURVE('',#7761,#7722,#7763,.T.);
#6386=EDGE_CURVE('',#7764,#7761,#7765,.T.);
#6387=EDGE_CURVE('',#7766,#7764,#7767,.T.);
#6388=EDGE_CURVE('',#7724,#7766,#7768,.T.);
#6389=EDGE_CURVE('',#7697,#7764,#7769,.T.);
#6390=EDGE_CURVE('',#7759,#7770,#7771,.T.);
#6391=EDGE_CURVE('',#7770,#7772,#7773,.T.);
#6392=EDGE_CURVE('',#7772,#7774,#7775,.T.);
#6393=EDGE_CURVE('',#7776,#7774,#7777,.T.);
#6394=EDGE_CURVE('',#7776,#7375,#7778,.T.);
#6395=EDGE_CURVE('',#7779,#7411,#7780,.T.);
#6396=EDGE_CURVE('',#7781,#7779,#7782,.T.);
#6397=EDGE_CURVE('',#7405,#7781,#7783,.T.);
#6398=EDGE_CURVE('',#7403,#7784,#7785,.T.);
#6399=EDGE_CURVE('',#7786,#7784,#7787,.T.);
#6400=EDGE_CURVE('',#7220,#7786,#7788,.T.);
#6401=EDGE_CURVE('',#7218,#7789,#7790,.T.);
#6402=EDGE_CURVE('',#7789,#7791,#7792,.T.);
#6403=EDGE_CURVE('',#7791,#7212,#7793,.T.);
#6404=EDGE_CURVE('',#7794,#7140,#7795,.T.);
#6405=EDGE_CURVE('',#7796,#7794,#7797,.T.);
#6406=EDGE_CURVE('',#7796,#7798,#7799,.T.);
#6407=EDGE_CURVE('',#7798,#7800,#7801,.T.);
#6408=EDGE_CURVE('',#7800,#7688,#7802,.T.);
#6409=EDGE_CURVE('',#7774,#7714,#7803,.T.);
#6410=EDGE_CURVE('',#7712,#7776,#7804,.T.);
#6411=EDGE_CURVE('',#7710,#7274,#7805,.T.);
#6412=EDGE_CURVE('',#7274,#7776,#7806,.T.);
#6413=EDGE_CURVE('',#7708,#7260,#7807,.T.);
#6414=EDGE_CURVE('',#7706,#7794,#7808,.T.);
#6415=EDGE_CURVE('',#7794,#7260,#7809,.T.);
#6416=EDGE_CURVE('',#7704,#7796,#7810,.T.);
#6417=EDGE_CURVE('',#7772,#7811,#7812,.T.);
#6418=EDGE_CURVE('',#7716,#7811,#7813,.T.);
#6419=EDGE_CURVE('',#7648,#7814,#7815,.T.);
#6420=EDGE_CURVE('',#7814,#7816,#7817,.T.);
#6421=EDGE_CURVE('',#7816,#7650,#7818,.T.);
#6422=EDGE_CURVE('',#7819,#7465,#7820,.T.);
#6423=EDGE_CURVE('',#7465,#7650,#7821,.T.);
#6424=EDGE_CURVE('',#7816,#7819,#7822,.T.);
#6425=EDGE_CURVE('',#7823,#7467,#7824,.T.);
#6426=EDGE_CURVE('',#7819,#7823,#7825,.T.);
#6427=EDGE_CURVE('',#7826,#7668,#7827,.T.);
#6428=EDGE_CURVE('',#7668,#7467,#7828,.T.);
#6429=EDGE_CURVE('',#7823,#7826,#7829,.T.);
#6430=EDGE_CURVE('',#7830,#7670,#7831,.T.);
#6431=EDGE_CURVE('',#7826,#7830,#7832,.T.);
#6432=EDGE_CURVE('',#7833,#7830,#7834,.T.);
#6433=EDGE_CURVE('',#7835,#7833,#7836,.T.);
#6434=EDGE_CURVE('',#7672,#7835,#7837,.T.);
#6435=EDGE_CURVE('',#7472,#7838,#7839,.T.);
#6436=EDGE_CURVE('',#7838,#7840,#7841,.T.);
#6437=EDGE_CURVE('',#7840,#7658,#7842,.T.);
#6438=EDGE_CURVE('',#7658,#7472,#7843,.T.);
#6439=EDGE_CURVE('',#7844,#7660,#7845,.T.);
#6440=EDGE_CURVE('',#7840,#7844,#7846,.T.);
#6441=EDGE_CURVE('',#7847,#7470,#7848,.T.);
#6442=EDGE_CURVE('',#7470,#7660,#7849,.T.);
#6443=EDGE_CURVE('',#7844,#7847,#7850,.T.);
#6444=EDGE_CURVE('',#7847,#7838,#7851,.T.);
#6445=EDGE_CURVE('',#7852,#7853,#7854,.T.);
#6446=EDGE_CURVE('',#7855,#7853,#7856,.T.);
#6447=EDGE_CURVE('',#7855,#7857,#7858,.T.);
#6448=EDGE_CURVE('',#7852,#7857,#7859,.T.);
#6449=EDGE_CURVE('',#7860,#7861,#7862,.T.);
#6450=EDGE_CURVE('',#7863,#7861,#7864,.T.);
#6451=EDGE_CURVE('',#7863,#7865,#7866,.T.);
#6452=EDGE_CURVE('',#7860,#7865,#7867,.T.);
#6453=EDGE_CURVE('',#7868,#7869,#7870,.T.);
#6454=EDGE_CURVE('',#7868,#7871,#7872,.T.);
#6455=EDGE_CURVE('',#7873,#7871,#7874,.T.);
#6456=EDGE_CURVE('',#7873,#7869,#7875,.T.);
#6457=EDGE_CURVE('',#7876,#7877,#7878,.T.);
#6458=EDGE_CURVE('',#7877,#7876,#7879,.T.);
#6459=EDGE_CURVE('',#7880,#7880,#7881,.T.);
#6460=EDGE_CURVE('',#7882,#7882,#7883,.T.);
#6461=EDGE_CURVE('',#7884,#7885,#7886,.T.);
#6462=EDGE_CURVE('',#7885,#7884,#7887,.T.);
#6463=EDGE_CURVE('',#7786,#7888,#7889,.T.);
#6464=EDGE_CURVE('',#7888,#7890,#7891,.T.);
#6465=EDGE_CURVE('',#7890,#7262,#7892,.T.);
#6466=EDGE_CURVE('',#7262,#7786,#7893,.T.);
#6467=EDGE_CURVE('',#7894,#7264,#7895,.T.);
#6468=EDGE_CURVE('',#7890,#7894,#7896,.T.);
#6469=EDGE_CURVE('',#7897,#7784,#7898,.T.);
#6470=EDGE_CURVE('',#7784,#7264,#7899,.T.);
#6471=EDGE_CURVE('',#7894,#7897,#7900,.T.);
#6472=EDGE_CURVE('',#7897,#7888,#7901,.T.);
#6473=EDGE_CURVE('',#7902,#7903,#7904,.T.);
#6474=EDGE_CURVE('',#7903,#7905,#7906,.T.);
#6475=EDGE_CURVE('',#7905,#7907,#7908,.T.);
#6476=EDGE_CURVE('',#7907,#7902,#7909,.T.);
#6477=EDGE_CURVE('',#7910,#7911,#7912,.T.);
#6478=EDGE_CURVE('',#7911,#7913,#7914,.T.);
#6479=EDGE_CURVE('',#7913,#7915,#7916,.T.);
#6480=EDGE_CURVE('',#7915,#7910,#7917,.T.);
#6481=EDGE_CURVE('',#7918,#7919,#7920,.T.);
#6482=EDGE_CURVE('',#7919,#7921,#7922,.T.);
#6483=EDGE_CURVE('',#7921,#7923,#7924,.T.);
#6484=EDGE_CURVE('',#7923,#7918,#7925,.T.);
#6485=EDGE_CURVE('',#7926,#7927,#7928,.T.);
#6486=EDGE_CURVE('',#7927,#7926,#7929,.T.);
#6487=EDGE_CURVE('',#7930,#7930,#7931,.T.);
#6488=EDGE_CURVE('',#7932,#7932,#7933,.T.);
#6489=EDGE_CURVE('',#7934,#7935,#7936,.T.);
#6490=EDGE_CURVE('',#7935,#7934,#7937,.T.);
#6491=EDGE_CURVE('',#7938,#7938,#7939,.T.);
#6492=EDGE_CURVE('',#7940,#7941,#7942,.T.);
#6493=EDGE_CURVE('',#7941,#7940,#7943,.T.);
#6494=EDGE_CURVE('',#7944,#7944,#7945,.T.);
#6495=EDGE_CURVE('',#7946,#7947,#7948,.T.);
#6496=EDGE_CURVE('',#7947,#7946,#7949,.T.);
#6497=EDGE_CURVE('',#7193,#7950,#7951,.T.);
#6498=EDGE_CURVE('',#7950,#7952,#7953,.T.);
#6499=EDGE_CURVE('',#7952,#7195,#7954,.T.);
#6500=EDGE_CURVE('',#7955,#7191,#7956,.T.);
#6501=EDGE_CURVE('',#7189,#7957,#7958,.T.);
#6502=EDGE_CURVE('',#7957,#7955,#7959,.T.);
#6503=EDGE_CURVE('',#7955,#7950,#7960,.T.);
#6504=EDGE_CURVE('',#7957,#7952,#7961,.T.);
#6505=EDGE_CURVE('',#7174,#7962,#7963,.T.);
#6506=EDGE_CURVE('',#7964,#7180,#7965,.T.);
#6507=EDGE_CURVE('',#7964,#7962,#7966,.T.);
#6508=EDGE_CURVE('',#7962,#7967,#7968,.T.);
#6509=EDGE_CURVE('',#7969,#7964,#7970,.T.);
#6510=EDGE_CURVE('',#7969,#7967,#7971,.T.);
#6511=EDGE_CURVE('',#7967,#7176,#7972,.T.);
#6512=EDGE_CURVE('',#7178,#7969,#7973,.T.);
#6513=EDGE_CURVE('',#7204,#7974,#7975,.T.);
#6514=EDGE_CURVE('',#7976,#7202,#7977,.T.);
#6515=EDGE_CURVE('',#7976,#7974,#7978,.T.);
#6516=EDGE_CURVE('',#7974,#7653,#7979,.T.);
#6517=EDGE_CURVE('',#7655,#7976,#7980,.T.);
#6518=EDGE_CURVE('',#7184,#7981,#7982,.T.);
#6519=EDGE_CURVE('',#7983,#7245,#7984,.T.);
#6520=EDGE_CURVE('',#7983,#7981,#7985,.T.);
#6521=EDGE_CURVE('',#7981,#7986,#7987,.T.);
#6522=EDGE_CURVE('',#7988,#7983,#7989,.T.);
#6523=EDGE_CURVE('',#7988,#7986,#7990,.T.);
#6524=EDGE_CURVE('',#7986,#7991,#7992,.T.);
#6525=EDGE_CURVE('',#7993,#7988,#7994,.T.);
#6526=EDGE_CURVE('',#7993,#7991,#7995,.T.);
#6527=EDGE_CURVE('',#7991,#7996,#7997,.T.);
#6528=EDGE_CURVE('',#7998,#7993,#7999,.T.);
#6529=EDGE_CURVE('',#7998,#7996,#8000,.T.);
#6530=EDGE_CURVE('',#7996,#7113,#8001,.T.);
#6531=EDGE_CURVE('',#7115,#7998,#8002,.T.);
#6532=EDGE_CURVE('',#8003,#8004,#8005,.T.);
#6533=EDGE_CURVE('',#8004,#8003,#8006,.T.);
#6534=EDGE_CURVE('',#8007,#8008,#8009,.T.);
#6535=EDGE_CURVE('',#8008,#8007,#8010,.T.);
#6536=EDGE_CURVE('',#7553,#7556,#8011,.T.);
#6537=EDGE_CURVE('',#8012,#8013,#8014,.T.);
#6538=EDGE_CURVE('',#8015,#8012,#8016,.T.);
#6539=EDGE_CURVE('',#8017,#8015,#8018,.T.);
#6540=EDGE_CURVE('',#8013,#8017,#8019,.T.);
#6541=EDGE_CURVE('',#8017,#7496,#8020,.T.);
#6542=EDGE_CURVE('',#7494,#8013,#8021,.T.);
#6543=EDGE_CURVE('',#7498,#8015,#8022,.T.);
#6544=EDGE_CURVE('',#8012,#7493,#8023,.T.);
#6545=EDGE_CURVE('',#7551,#7558,#8024,.T.);
#6546=EDGE_CURVE('',#8025,#8026,#8027,.T.);
#6547=EDGE_CURVE('',#8025,#8028,#8029,.T.);
#6548=EDGE_CURVE('',#8030,#8028,#8031,.T.);
#6549=EDGE_CURVE('',#8030,#8026,#8032,.T.);
#6550=EDGE_CURVE('',#8033,#8034,#8035,.T.);
#6551=EDGE_CURVE('',#8036,#8034,#8037,.T.);
#6552=EDGE_CURVE('',#8036,#8038,#8039,.T.);
#6553=EDGE_CURVE('',#8033,#8038,#8040,.T.);
#6554=EDGE_CURVE('',#8041,#8041,#8042,.T.);
#6555=EDGE_CURVE('',#8043,#8043,#8044,.T.);
#6556=EDGE_CURVE('',#8045,#8045,#8046,.T.);
#6557=EDGE_CURVE('',#8047,#8047,#8048,.T.);
#6558=EDGE_CURVE('',#8049,#8049,#8050,.T.);
#6559=EDGE_CURVE('',#8051,#8052,#8053,.T.);
#6560=EDGE_CURVE('',#8052,#8051,#8054,.T.);
#6561=EDGE_CURVE('',#8055,#8055,#8056,.T.);
#6562=EDGE_CURVE('',#8057,#8058,#8059,.T.);
#6563=EDGE_CURVE('',#8058,#8057,#8060,.T.);
#6564=EDGE_CURVE('',#8061,#8061,#8062,.T.);
#6565=EDGE_CURVE('',#8063,#8064,#8065,.T.);
#6566=EDGE_CURVE('',#8064,#8063,#8066,.T.);
#6567=EDGE_CURVE('',#7226,#8067,#8068,.T.);
#6568=EDGE_CURVE('',#8069,#7224,#8070,.T.);
#6569=EDGE_CURVE('',#8067,#8069,#8071,.T.);
#6570=EDGE_CURVE('',#8072,#7228,#8073,.T.);
#6571=EDGE_CURVE('',#8074,#8072,#8075,.T.);
#6572=EDGE_CURVE('',#7230,#8074,#8076,.T.);
#6573=EDGE_CURVE('',#8074,#8069,#8077,.T.);
#6574=EDGE_CURVE('',#8072,#8067,#8078,.T.);
#6575=EDGE_CURVE('',#7137,#8079,#8080,.T.);
#6576=EDGE_CURVE('',#8081,#8079,#8082,.T.);
#6577=EDGE_CURVE('',#8081,#7131,#8083,.T.);
#6578=EDGE_CURVE('',#8079,#8084,#8085,.T.);
#6579=EDGE_CURVE('',#8086,#8084,#8087,.T.);
#6580=EDGE_CURVE('',#8086,#8081,#8088,.T.);
#6581=EDGE_CURVE('',#8084,#7135,#8089,.T.);
#6582=EDGE_CURVE('',#7133,#8086,#8090,.T.);
#6583=EDGE_CURVE('',#7214,#8091,#8092,.T.);
#6584=EDGE_CURVE('',#8093,#8091,#8094,.T.);
#6585=EDGE_CURVE('',#8093,#7216,#8095,.T.);
#6586=EDGE_CURVE('',#8091,#7791,#8096,.T.);
#6587=EDGE_CURVE('',#7789,#8093,#8097,.T.);
#6588=EDGE_CURVE('',#7237,#8098,#8099,.T.);
#6589=EDGE_CURVE('',#8100,#8098,#8101,.T.);
#6590=EDGE_CURVE('',#7239,#8100,#8102,.T.);
#6591=EDGE_CURVE('',#8098,#8103,#8104,.T.);
#6592=EDGE_CURVE('',#8105,#8103,#8106,.T.);
#6593=EDGE_CURVE('',#8100,#8105,#8107,.T.);
#6594=EDGE_CURVE('',#8103,#8108,#8109,.T.);
#6595=EDGE_CURVE('',#8110,#8108,#8111,.T.);
#6596=EDGE_CURVE('',#8105,#8110,#8112,.T.);
#6597=EDGE_CURVE('',#8108,#8113,#8114,.T.);
#6598=EDGE_CURVE('',#8115,#8113,#8116,.T.);
#6599=EDGE_CURVE('',#8110,#8115,#8117,.T.);
#6600=EDGE_CURVE('',#8113,#7123,#8118,.T.);
#6601=EDGE_CURVE('',#8115,#7121,#8119,.T.);
#6602=EDGE_CURVE('',#7123,#7237,#8120,.T.);
#6603=EDGE_CURVE('',#8121,#8122,#8123,.T.);
#6604=EDGE_CURVE('',#8122,#8121,#8124,.T.);
#6605=EDGE_CURVE('',#8125,#8126,#8127,.T.);
#6606=EDGE_CURVE('',#8126,#8125,#8128,.T.);
#6607=EDGE_CURVE('',#8129,#8130,#8131,.T.);
#6608=EDGE_CURVE('',#8130,#8132,#8133,.T.);
#6609=EDGE_CURVE('',#8132,#8134,#8135,.T.);
#6610=EDGE_CURVE('',#8134,#8129,#8136,.T.);
#6611=EDGE_CURVE('',#7296,#8130,#8137,.T.);
#6612=EDGE_CURVE('',#8132,#7300,#8138,.T.);
#6613=EDGE_CURVE('',#7298,#8134,#8139,.T.);
#6614=EDGE_CURVE('',#8129,#7295,#8140,.T.);
#6615=EDGE_CURVE('',#8141,#8141,#8142,.T.);
#6616=EDGE_CURVE('',#8143,#8144,#8145,.T.);
#6617=EDGE_CURVE('',#8144,#8143,#8146,.T.);
#6618=EDGE_CURVE('',#8147,#8147,#8148,.T.);
#6619=EDGE_CURVE('',#8149,#8150,#8151,.T.);
#6620=EDGE_CURVE('',#8150,#8149,#8152,.T.);
#6621=EDGE_CURVE('',#8153,#8153,#8154,.T.);
#6622=EDGE_CURVE('',#8155,#8156,#8157,.T.);
#6623=EDGE_CURVE('',#8156,#8155,#8158,.T.);
#6624=EDGE_CURVE('',#7431,#8159,#8160,.T.);
#6625=EDGE_CURVE('',#8161,#7429,#8162,.T.);
#6626=EDGE_CURVE('',#8159,#8161,#8163,.T.);
#6627=EDGE_CURVE('',#8164,#7433,#8165,.T.);
#6628=EDGE_CURVE('',#8166,#8164,#8167,.T.);
#6629=EDGE_CURVE('',#7435,#8166,#8168,.T.);
#6630=EDGE_CURVE('',#8166,#8161,#8169,.T.);
#6631=EDGE_CURVE('',#8164,#8159,#8170,.T.);
#6632=EDGE_CURVE('',#7342,#8171,#8172,.T.);
#6633=EDGE_CURVE('',#8173,#8171,#8174,.T.);
#6634=EDGE_CURVE('',#8173,#7336,#8175,.T.);
#6635=EDGE_CURVE('',#8171,#8176,#8177,.T.);
#6636=EDGE_CURVE('',#8178,#8176,#8179,.T.);
#6637=EDGE_CURVE('',#8178,#8173,#8180,.T.);
#6638=EDGE_CURVE('',#8176,#7340,#8181,.T.);
#6639=EDGE_CURVE('',#7338,#8178,#8182,.T.);
#6640=EDGE_CURVE('',#7419,#8183,#8184,.T.);
#6641=EDGE_CURVE('',#8185,#8183,#8186,.T.);
#6642=EDGE_CURVE('',#8185,#7421,#8187,.T.);
#6643=EDGE_CURVE('',#8183,#7665,#8188,.T.);
#6644=EDGE_CURVE('',#7663,#8185,#8189,.T.);
#6645=EDGE_CURVE('',#7442,#8190,#8191,.T.);
#6646=EDGE_CURVE('',#8192,#8190,#8193,.T.);
#6647=EDGE_CURVE('',#7444,#8192,#8194,.T.);
#6648=EDGE_CURVE('',#8190,#8195,#8196,.T.);
#6649=EDGE_CURVE('',#8197,#8195,#8198,.T.);
#6650=EDGE_CURVE('',#8192,#8197,#8199,.T.);
#6651=EDGE_CURVE('',#8195,#8200,#8201,.T.);
#6652=EDGE_CURVE('',#8202,#8200,#8203,.T.);
#6653=EDGE_CURVE('',#8197,#8202,#8204,.T.);
#6654=EDGE_CURVE('',#8200,#8205,#8206,.T.);
#6655=EDGE_CURVE('',#8207,#8205,#8208,.T.);
#6656=EDGE_CURVE('',#8202,#8207,#8209,.T.);
#6657=EDGE_CURVE('',#8205,#7328,#8210,.T.);
#6658=EDGE_CURVE('',#8207,#7326,#8211,.T.);
#6659=EDGE_CURVE('',#7328,#7442,#8212,.T.);
#6660=EDGE_CURVE('',#8213,#8214,#8215,.T.);
#6661=EDGE_CURVE('',#8214,#8213,#8216,.T.);
#6662=EDGE_CURVE('',#8217,#8218,#8219,.T.);
#6663=EDGE_CURVE('',#8218,#8217,#8220,.T.);
#6664=EDGE_CURVE('',#7565,#7568,#8221,.T.);
#6665=EDGE_CURVE('',#8222,#8223,#8224,.T.);
#6666=EDGE_CURVE('',#8223,#8225,#8226,.T.);
#6667=EDGE_CURVE('',#8225,#8227,#8228,.T.);
#6668=EDGE_CURVE('',#8227,#8222,#8229,.T.);
#6669=EDGE_CURVE('',#7482,#8223,#8230,.T.);
#6670=EDGE_CURVE('',#8225,#7486,#8231,.T.);
#6671=EDGE_CURVE('',#7484,#8227,#8232,.T.);
#6672=EDGE_CURVE('',#8222,#7481,#8233,.T.);
#6673=EDGE_CURVE('',#7570,#7563,#8234,.T.);
#6674=EDGE_CURVE('',#8235,#8235,#8236,.T.);
#6675=EDGE_CURVE('',#8237,#8237,#8238,.T.);
#6676=EDGE_CURVE('',#8239,#8239,#8240,.T.);
#6677=EDGE_CURVE('',#8241,#8242,#8243,.T.);
#6678=EDGE_CURVE('',#8244,#8242,#8245,.T.);
#6679=EDGE_CURVE('',#8244,#8246,#8247,.T.);
#6680=EDGE_CURVE('',#8241,#8246,#8248,.T.);
#6681=EDGE_CURVE('',#8249,#8250,#8251,.T.);
#6682=EDGE_CURVE('',#8249,#8252,#8253,.T.);
#6683=EDGE_CURVE('',#8254,#8252,#8255,.T.);
#6684=EDGE_CURVE('',#8254,#8250,#8256,.T.);
#6685=EDGE_CURVE('',#8257,#8257,#8258,.T.);
#6686=EDGE_CURVE('',#8259,#8259,#8260,.T.);
#6687=EDGE_CURVE('',#8261,#8262,#8263,.T.);
#6688=EDGE_CURVE('',#8262,#8261,#8264,.T.);
#6689=EDGE_CURVE('',#8265,#8265,#8266,.T.);
#6690=EDGE_CURVE('',#8267,#8268,#8269,.T.);
#6691=EDGE_CURVE('',#8268,#8267,#8270,.T.);
#6692=EDGE_CURVE('',#8271,#8271,#8272,.T.);
#6693=EDGE_CURVE('',#8273,#8274,#8275,.T.);
#6694=EDGE_CURVE('',#8274,#8273,#8276,.T.);
#6695=EDGE_CURVE('',#8277,#8278,#8279,.T.);
#6696=EDGE_CURVE('',#8278,#8277,#8280,.T.);
#6697=EDGE_CURVE('',#8281,#8282,#8283,.T.);
#6698=EDGE_CURVE('',#8282,#8281,#8284,.T.);
#6699=EDGE_CURVE('',#7409,#8285,#8286,.T.);
#6700=EDGE_CURVE('',#8287,#7407,#8288,.T.);
#6701=EDGE_CURVE('',#8287,#8285,#8289,.T.);
#6702=EDGE_CURVE('',#8285,#7779,#8290,.T.);
#6703=EDGE_CURVE('',#7781,#8287,#8291,.T.);
#6704=EDGE_CURVE('',#7379,#8292,#8293,.T.);
#6705=EDGE_CURVE('',#8294,#7385,#8295,.T.);
#6706=EDGE_CURVE('',#8294,#8292,#8296,.T.);
#6707=EDGE_CURVE('',#8292,#8297,#8298,.T.);
#6708=EDGE_CURVE('',#8299,#8294,#8300,.T.);
#6709=EDGE_CURVE('',#8299,#8297,#8301,.T.);
#6710=EDGE_CURVE('',#8297,#7381,#8302,.T.);
#6711=EDGE_CURVE('',#7383,#8299,#8303,.T.);
#6712=EDGE_CURVE('',#7398,#8304,#8305,.T.);
#6713=EDGE_CURVE('',#8304,#8306,#8307,.T.);
#6714=EDGE_CURVE('',#8306,#7400,#8308,.T.);
#6715=EDGE_CURVE('',#8309,#7396,#8310,.T.);
#6716=EDGE_CURVE('',#7394,#8311,#8312,.T.);
#6717=EDGE_CURVE('',#8311,#8309,#8313,.T.);
#6718=EDGE_CURVE('',#8309,#8304,#8314,.T.);
#6719=EDGE_CURVE('',#8311,#8306,#8315,.T.);
#6720=EDGE_CURVE('',#7320,#8316,#8317,.T.);
#6721=EDGE_CURVE('',#8316,#8318,#8319,.T.);
#6722=EDGE_CURVE('',#8318,#8320,#8321,.T.);
#6723=EDGE_CURVE('',#8320,#8322,#8323,.T.);
#6724=EDGE_CURVE('',#8322,#7450,#8324,.T.);
#6725=EDGE_CURVE('',#7146,#8325,#8326,.T.);
#6726=EDGE_CURVE('',#8325,#7546,#8327,.T.);
#6727=EDGE_CURVE('',#8328,#8328,#8329,.T.);
#6728=EDGE_CURVE('',#7533,#8325,#8330,.T.);
#6729=EDGE_CURVE('',#7389,#8331,#8332,.T.);
#6730=EDGE_CURVE('',#8322,#8331,#8333,.T.);
#6731=EDGE_CURVE('',#8331,#8334,#8335,.T.);
#6732=EDGE_CURVE('',#8320,#8334,#8336,.T.);
#6733=EDGE_CURVE('',#8334,#8337,#8338,.T.);
#6734=EDGE_CURVE('',#8318,#8337,#8339,.T.);
#6735=EDGE_CURVE('',#8337,#8340,#8341,.T.);
#6736=EDGE_CURVE('',#8316,#8340,#8342,.T.);
#6737=EDGE_CURVE('',#8340,#7318,#8343,.T.);
#6738=EDGE_CURVE('',#8344,#8345,#8346,.T.);
#6739=EDGE_CURVE('',#8345,#8344,#8347,.T.);
#6740=EDGE_CURVE('',#8348,#8349,#8350,.T.);
#6741=EDGE_CURVE('',#8349,#8348,#8351,.T.);
#6742=EDGE_CURVE('',#8352,#8353,#8354,.T.);
#6743=EDGE_CURVE('',#8355,#8352,#8356,.T.);
#6744=EDGE_CURVE('',#8357,#8355,#8358,.T.);
#6745=EDGE_CURVE('',#8353,#8357,#8359,.T.);
#6746=EDGE_CURVE('',#8357,#7288,#8360,.T.);
#6747=EDGE_CURVE('',#7286,#8353,#8361,.T.);
#6748=EDGE_CURVE('',#7283,#8355,#8362,.T.);
#6749=EDGE_CURVE('',#8352,#7284,#8363,.T.);
#6750=EDGE_CURVE('',#8364,#8364,#8365,.T.);
#6751=EDGE_CURVE('',#7800,#8366,#8367,.T.);
#6752=EDGE_CURVE('',#7700,#8366,#8368,.T.);
#6753=EDGE_CURVE('',#8369,#7702,#8370,.T.);
#6754=EDGE_CURVE('',#7798,#8369,#8371,.T.);
#6755=EDGE_CURVE('',#8372,#7675,#8373,.T.);
#6756=EDGE_CURVE('',#8374,#8372,#8375,.T.);
#6757=EDGE_CURVE('',#7644,#8374,#8376,.T.);
#6758=EDGE_CURVE('',#7646,#8377,#8378,.T.);
#6759=EDGE_CURVE('',#8379,#8377,#8380,.T.);
#6760=EDGE_CURVE('',#7814,#8379,#8381,.T.);
#6761=EDGE_CURVE('',#8382,#7718,#8383,.T.);
#6762=EDGE_CURVE('',#7770,#8382,#8384,.T.);
#6763=EDGE_CURVE('',#8385,#7621,#8386,.T.);
#6764=EDGE_CURVE('',#8387,#8385,#8388,.T.);
#6765=EDGE_CURVE('',#7636,#8387,#8389,.T.);
#6766=EDGE_CURVE('',#8377,#8374,#8390,.T.);
#6767=EDGE_CURVE('',#8366,#8369,#8391,.T.);
#6768=EDGE_CURVE('',#8392,#8392,#8393,.T.);
#6769=EDGE_CURVE('',#7631,#7835,#8394,.T.);
#6770=EDGE_CURVE('',#7811,#8382,#8395,.T.);
#6771=EDGE_CURVE('',#8396,#8396,#8397,.T.);
#6772=EDGE_CURVE('',#8398,#7369,#8399,.T.);
#6773=EDGE_CURVE('',#7594,#8398,#8400,.T.);
#6774=EDGE_CURVE('',#7607,#8401,#8402,.T.);
#6775=EDGE_CURVE('',#7351,#8401,#8403,.T.);
#6776=EDGE_CURVE('',#8404,#7164,#8405,.T.);
#6777=EDGE_CURVE('',#7520,#8404,#8406,.T.);
#6778=EDGE_CURVE('',#8407,#7156,#8408,.T.);
#6779=EDGE_CURVE('',#7523,#8407,#8409,.T.);
#6780=EDGE_CURVE('',#8410,#7599,#8411,.T.);
#6781=EDGE_CURVE('',#7359,#8410,#8412,.T.);
#6782=EDGE_CURVE('',#8413,#7525,#8414,.T.);
#6783=EDGE_CURVE('',#7154,#8413,#8415,.T.);
#6784=EDGE_CURVE('',#8416,#7361,#8417,.T.);
#6785=EDGE_CURVE('',#7597,#8416,#8418,.T.);
#6786=EDGE_CURVE('',#7590,#8398,#8419,.T.);
#6787=EDGE_CURVE('',#7517,#8404,#8420,.T.);
#6788=EDGE_CURVE('',#8421,#8421,#8422,.T.);
#6789=EDGE_CURVE('',#8401,#7616,#8423,.T.);
#6790=EDGE_CURVE('',#8424,#8424,#8425,.T.);
#6791=EDGE_CURVE('',#8426,#8426,#8427,.T.);
#6792=EDGE_CURVE('',#8428,#8428,#8429,.T.);
#6793=EDGE_CURVE('',#8430,#8431,#8432,.T.);
#6794=EDGE_CURVE('',#8431,#8430,#8433,.T.);
#6795=EDGE_CURVE('',#8413,#8407,#8434,.T.);
#6796=EDGE_CURVE('',#8435,#8436,#8437,.T.);
#6797=EDGE_CURVE('',#8436,#8435,#8438,.T.);
#6798=EDGE_CURVE('',#8439,#8439,#8440,.T.);
#6799=EDGE_CURVE('',#8441,#8441,#8442,.T.);
#6800=EDGE_CURVE('',#8443,#8444,#8445,.T.);
#6801=EDGE_CURVE('',#8444,#8443,#8446,.T.);
#6802=EDGE_CURVE('',#8447,#8447,#8448,.T.);
#6803=EDGE_CURVE('',#8449,#8450,#8451,.T.);
#6804=EDGE_CURVE('',#8450,#8449,#8452,.T.);
#6805=EDGE_CURVE('',#8410,#8416,#8453,.T.);
#6806=EDGE_CURVE('',#8454,#8455,#8456,.T.);
#6807=EDGE_CURVE('',#8455,#8454,#8457,.T.);
#6808=EDGE_CURVE('',#8458,#8458,#8459,.T.);
#6809=EDGE_CURVE('',#8460,#8461,#8462,.T.);
#6810=EDGE_CURVE('',#8461,#8460,#8463,.T.);
#6811=EDGE_CURVE('',#8464,#8464,#8465,.T.);
#6812=EDGE_CURVE('',#8466,#8467,#8468,.T.);
#6813=EDGE_CURVE('',#8467,#8466,#8469,.T.);
#6814=EDGE_CURVE('',#8379,#8372,#8470,.T.);
#6815=EDGE_CURVE('',#8471,#8472,#8473,.T.);
#6816=EDGE_CURVE('',#8472,#8471,#8474,.T.);
#6817=EDGE_CURVE('',#8475,#8475,#8476,.T.);
#6818=EDGE_CURVE('',#8477,#8478,#8479,.T.);
#6819=EDGE_CURVE('',#8478,#8477,#8480,.T.);
#6820=EDGE_CURVE('',#7680,#8387,#8481,.T.);
#6821=EDGE_CURVE('',#7682,#8385,#8482,.T.);
#6822=EDGE_CURVE('',#8483,#8484,#8485,.T.);
#6823=EDGE_CURVE('',#8484,#8483,#8486,.T.);
#6824=EDGE_CURVE('',#8487,#8487,#8488,.T.);
#6825=EDGE_CURVE('',#8489,#8490,#8491,.T.);
#6826=EDGE_CURVE('',#8490,#8489,#8492,.T.);
#6827=EDGE_CURVE('',#7633,#7833,#8493,.T.);
#6828=EDGE_CURVE('',#8494,#8495,#8496,.T.);
#6829=EDGE_CURVE('',#8495,#8494,#8497,.T.);
#6830=EDGE_CURVE('',#8498,#8498,#8499,.T.);
#6831=EDGE_CURVE('',#8500,#8500,#8501,.T.);
#6832=EDGE_CURVE('',#7766,#7695,#8502,.T.);
#6833=EDGE_CURVE('',#8503,#8503,#8504,.T.);
#6834=EDGE_CURVE('',#8505,#8505,#8506,.T.);
#6835=EDGE_CURVE('',#8507,#8507,#8508,.T.);
#6836=EDGE_CURVE('',#8509,#8510,#8511,.T.);
#6837=EDGE_CURVE('',#8510,#8509,#8512,.T.);
#6838=EDGE_CURVE('',#8513,#8514,#8515,.T.);
#6839=EDGE_CURVE('',#8514,#8513,#8516,.T.);
#6840=EDGE_CURVE('',#8517,#8517,#8518,.T.);
#6841=EDGE_CURVE('',#8519,#8520,#8521,.T.);
#6842=EDGE_CURVE('',#8520,#8519,#8522,.T.);
#6843=EDGE_CURVE('',#8523,#8523,#8524,.T.);
#6844=EDGE_CURVE('',#8525,#8525,#8526,.T.);
#6845=EDGE_CURVE('',#8527,#8528,#8529,.T.);
#6846=EDGE_CURVE('',#8528,#8527,#8530,.T.);
#6847=EDGE_CURVE('',#8531,#8531,#8532,.T.);
#6848=EDGE_CURVE('',#8533,#8534,#8535,.T.);
#6849=EDGE_CURVE('',#8534,#8533,#8536,.T.);
#6850=EDGE_CURVE('',#8537,#8537,#8538,.T.);
#6851=EDGE_CURVE('',#8539,#8539,#8540,.T.);
#6852=EDGE_CURVE('',#8541,#8542,#8543,.T.);
#6853=EDGE_CURVE('',#8542,#8541,#8544,.T.);
#6854=EDGE_CURVE('',#8545,#8546,#8547,.T.);
#6855=EDGE_CURVE('',#8546,#8545,#8548,.T.);
#6856=EDGE_CURVE('',#8549,#8550,#8551,.T.);
#6857=EDGE_CURVE('',#8550,#8549,#8552,.T.);
#6858=EDGE_CURVE('',#8553,#8554,#8555,.T.);
#6859=EDGE_CURVE('',#8554,#8553,#8556,.T.);
#6860=EDGE_CURVE('',#8557,#8558,#8559,.T.);
#6861=EDGE_CURVE('',#8558,#8557,#8560,.T.);
#6862=EDGE_CURVE('',#8561,#8561,#8562,.T.);
#6863=EDGE_CURVE('',#8563,#8564,#8565,.T.);
#6864=EDGE_CURVE('',#8564,#8563,#8566,.T.);
#6865=EDGE_CURVE('',#8567,#8567,#8568,.T.);
#6866=EDGE_CURVE('',#8569,#8570,#8571,.T.);
#6867=EDGE_CURVE('',#8570,#8569,#8572,.T.);
#6868=EDGE_CURVE('',#8573,#8573,#8574,.T.);
#6869=EDGE_CURVE('',#8575,#8576,#8577,.T.);
#6870=EDGE_CURVE('',#8576,#8575,#8578,.T.);
#6871=EDGE_CURVE('',#8579,#8579,#8580,.T.);
#6872=EDGE_CURVE('',#8581,#8582,#8583,.T.);
#6873=EDGE_CURVE('',#8582,#8581,#8584,.T.);
#6874=EDGE_CURVE('',#8585,#8586,#8587,.T.);
#6875=EDGE_CURVE('',#8586,#8585,#8588,.T.);
#6876=EDGE_CURVE('',#8589,#8589,#8590,.T.);
#6877=EDGE_CURVE('',#8591,#8592,#8593,.T.);
#6878=EDGE_CURVE('',#8592,#8591,#8594,.T.);
#6879=EDGE_CURVE('',#8595,#8595,#8596,.T.);
#6880=EDGE_CURVE('',#8597,#8597,#8598,.T.);
#6881=EDGE_CURVE('',#8599,#8600,#8601,.T.);
#6882=EDGE_CURVE('',#8600,#8599,#8602,.T.);
#6883=EDGE_CURVE('',#8033,#8603,#8604,.T.);
#6884=EDGE_CURVE('',#8605,#8038,#8606,.T.);
#6885=EDGE_CURVE('',#8603,#8605,#8607,.T.);
#6886=EDGE_CURVE('',#8608,#8026,#8609,.T.);
#6887=EDGE_CURVE('',#8610,#8608,#8611,.T.);
#6888=EDGE_CURVE('',#8025,#8610,#8612,.T.);
#6889=EDGE_CURVE('',#8613,#8034,#8614,.T.);
#6890=EDGE_CURVE('',#8615,#8613,#8616,.T.);
#6891=EDGE_CURVE('',#8036,#8615,#8617,.T.);
#6892=EDGE_CURVE('',#8618,#8028,#8619,.T.);
#6893=EDGE_CURVE('',#8620,#8618,#8621,.T.);
#6894=EDGE_CURVE('',#8030,#8620,#8622,.T.);
#6895=EDGE_CURVE('',#8615,#8605,#8623,.T.);
#6896=EDGE_CURVE('',#8603,#8613,#8624,.T.);
#6897=EDGE_CURVE('',#8241,#8625,#8626,.T.);
#6898=EDGE_CURVE('',#8627,#8246,#8628,.T.);
#6899=EDGE_CURVE('',#8625,#8627,#8629,.T.);
#6900=EDGE_CURVE('',#8630,#8250,#8631,.T.);
#6901=EDGE_CURVE('',#8632,#8630,#8633,.T.);
#6902=EDGE_CURVE('',#8249,#8632,#8634,.T.);
#6903=EDGE_CURVE('',#8635,#8242,#8636,.T.);
#6904=EDGE_CURVE('',#8637,#8635,#8638,.T.);
#6905=EDGE_CURVE('',#8244,#8637,#8639,.T.);
#6906=EDGE_CURVE('',#8640,#8252,#8641,.T.);
#6907=EDGE_CURVE('',#8642,#8640,#8643,.T.);
#6908=EDGE_CURVE('',#8254,#8642,#8644,.T.);
#6909=EDGE_CURVE('',#8637,#8627,#8645,.T.);
#6910=EDGE_CURVE('',#8625,#8635,#8646,.T.);
#6911=EDGE_CURVE('',#8620,#8608,#8647,.T.);
#6912=EDGE_CURVE('',#8610,#8618,#8648,.T.);
#6913=EDGE_CURVE('',#8642,#8630,#8649,.T.);
#6914=EDGE_CURVE('',#8632,#8640,#8650,.T.);
#6915=EDGE_CURVE('',#8651,#8652,#8653,.T.);
#6916=EDGE_CURVE('',#8654,#8651,#8655,.T.);
#6917=EDGE_CURVE('',#8656,#8654,#8657,.T.);
#6918=EDGE_CURVE('',#8652,#8656,#8658,.T.);
#6919=EDGE_CURVE('',#8659,#8660,#8661,.T.);
#6920=EDGE_CURVE('',#8662,#8659,#8663,.T.);
#6921=EDGE_CURVE('',#8664,#8662,#8665,.T.);
#6922=EDGE_CURVE('',#8660,#8664,#8666,.T.);
#6923=EDGE_CURVE('',#8667,#8668,#8669,.T.);
#6924=EDGE_CURVE('',#8670,#8667,#8671,.T.);
#6925=EDGE_CURVE('',#8672,#8670,#8673,.T.);
#6926=EDGE_CURVE('',#8668,#8672,#8674,.T.);
#6927=EDGE_CURVE('',#8675,#8676,#8677,.T.);
#6928=EDGE_CURVE('',#8678,#8675,#8679,.T.);
#6929=EDGE_CURVE('',#8680,#8678,#8681,.T.);
#6930=EDGE_CURVE('',#8676,#8680,#8682,.T.);
#6931=EDGE_CURVE('',#8683,#8684,#8685,.T.);
#6932=EDGE_CURVE('',#8686,#8683,#8687,.T.);
#6933=EDGE_CURVE('',#8688,#8686,#8689,.T.);
#6934=EDGE_CURVE('',#8684,#8688,#8690,.T.);
#6935=EDGE_CURVE('',#8691,#8692,#8693,.T.);
#6936=EDGE_CURVE('',#8694,#8691,#8695,.T.);
#6937=EDGE_CURVE('',#8696,#8694,#8697,.T.);
#6938=EDGE_CURVE('',#8692,#8696,#8698,.T.);
#6939=EDGE_CURVE('',#8662,#8699,#8700,.T.);
#6940=EDGE_CURVE('',#7857,#8699,#8701,.T.);
#6941=EDGE_CURVE('',#8702,#7855,#8703,.T.);
#6942=EDGE_CURVE('',#8702,#8664,#8704,.T.);
#6943=EDGE_CURVE('',#8705,#8659,#8706,.T.);
#6944=EDGE_CURVE('',#8699,#8705,#8707,.T.);
#6945=EDGE_CURVE('',#8654,#8708,#8709,.T.);
#6946=EDGE_CURVE('',#8710,#8708,#8711,.T.);
#6947=EDGE_CURVE('',#8712,#8710,#8713,.T.);
#6948=EDGE_CURVE('',#8714,#8712,#8715,.T.);
#6949=EDGE_CURVE('',#8714,#8656,#8716,.T.);
#6950=EDGE_CURVE('',#8717,#8651,#8718,.T.);
#6951=EDGE_CURVE('',#8708,#8717,#8719,.T.);
#6952=EDGE_CURVE('',#8678,#8720,#8721,.T.);
#6953=EDGE_CURVE('',#7871,#8720,#8722,.T.);
#6954=EDGE_CURVE('',#8723,#7868,#8724,.T.);
#6955=EDGE_CURVE('',#8723,#8680,#8725,.T.);
#6956=EDGE_CURVE('',#8726,#8675,#8727,.T.);
#6957=EDGE_CURVE('',#8720,#8726,#8728,.T.);
#6958=EDGE_CURVE('',#8670,#8729,#8730,.T.);
#6959=EDGE_CURVE('',#8731,#8729,#8732,.T.);
#6960=EDGE_CURVE('',#8733,#8731,#8734,.T.);
#6961=EDGE_CURVE('',#8735,#8733,#8736,.T.);
#6962=EDGE_CURVE('',#8735,#8672,#8737,.T.);
#6963=EDGE_CURVE('',#8738,#8667,#8739,.T.);
#6964=EDGE_CURVE('',#8729,#8738,#8740,.T.);
#6965=EDGE_CURVE('',#8694,#8741,#8742,.T.);
#6966=EDGE_CURVE('',#7865,#8741,#8743,.T.);
#6967=EDGE_CURVE('',#8744,#7863,#8745,.T.);
#6968=EDGE_CURVE('',#8744,#8696,#8746,.T.);
#6969=EDGE_CURVE('',#8747,#8691,#8748,.T.);
#6970=EDGE_CURVE('',#8741,#8747,#8749,.T.);
#6971=EDGE_CURVE('',#8686,#8750,#8751,.T.);
#6972=EDGE_CURVE('',#8752,#8750,#8753,.T.);
#6973=EDGE_CURVE('',#8754,#8752,#8755,.T.);
#6974=EDGE_CURVE('',#8756,#8754,#8757,.T.);
#6975=EDGE_CURVE('',#8756,#8688,#8758,.T.);
#6976=EDGE_CURVE('',#8759,#8683,#8760,.T.);
#6977=EDGE_CURVE('',#8750,#8759,#8761,.T.);
#6978=EDGE_CURVE('',#8762,#8763,#8764,.T.);
#6979=EDGE_CURVE('',#8763,#7923,#8765,.T.);
#6980=EDGE_CURVE('',#8762,#7921,#8766,.T.);
#6981=EDGE_CURVE('',#8767,#8768,#8769,.T.);
#6982=EDGE_CURVE('',#8768,#7910,#8770,.T.);
#6983=EDGE_CURVE('',#8767,#7915,#8771,.T.);
#6984=EDGE_CURVE('',#8772,#8773,#8774,.T.);
#6985=EDGE_CURVE('',#8773,#7913,#8775,.T.);
#6986=EDGE_CURVE('',#7911,#8772,#8776,.T.);
#6987=EDGE_CURVE('',#8777,#8778,#8779,.T.);
#6988=EDGE_CURVE('',#8778,#7902,#8780,.T.);
#6989=EDGE_CURVE('',#8777,#7907,#8781,.T.);
#6990=EDGE_CURVE('',#8747,#7860,#8782,.T.);
#6991=EDGE_CURVE('',#8754,#8783,#8784,.T.);
#6992=EDGE_CURVE('',#8785,#8752,#8786,.T.);
#6993=EDGE_CURVE('',#8785,#8783,#8787,.T.);
#6994=EDGE_CURVE('',#8712,#8788,#8789,.T.);
#6995=EDGE_CURVE('',#8790,#8710,#8791,.T.);
#6996=EDGE_CURVE('',#8790,#8788,#8792,.T.);
#6997=EDGE_CURVE('',#8793,#8794,#8795,.T.);
#6998=EDGE_CURVE('',#8733,#8794,#8796,.T.);
#6999=EDGE_CURVE('',#8793,#8731,#8797,.T.);
#7000=EDGE_CURVE('',#8726,#7873,#8798,.T.);
#7001=EDGE_CURVE('',#8705,#7852,#8799,.T.);
#7002=EDGE_CURVE('',#8800,#8723,#8801,.T.);
#7003=EDGE_CURVE('',#7869,#8800,#8802,.T.);
#7004=EDGE_CURVE('',#8803,#8744,#8804,.T.);
#7005=EDGE_CURVE('',#7861,#8803,#8805,.T.);
#7006=EDGE_CURVE('',#8806,#8702,#8807,.T.);
#7007=EDGE_CURVE('',#7853,#8806,#8808,.T.);
#7008=EDGE_CURVE('',#8809,#8810,#8811,.T.);
#7009=EDGE_CURVE('',#7730,#8810,#8812,.T.);
#7010=EDGE_CURVE('',#7728,#8809,#8813,.T.);
#7011=EDGE_CURVE('',#8814,#8815,#8816,.T.);
#7012=EDGE_CURVE('',#7905,#8815,#8817,.T.);
#7013=EDGE_CURVE('',#8814,#7903,#8818,.T.);
#7014=EDGE_CURVE('',#8819,#8820,#8821,.T.);
#7015=EDGE_CURVE('',#7727,#8820,#8822,.T.);
#7016=EDGE_CURVE('',#8819,#7732,#8823,.T.);
#7017=EDGE_CURVE('',#8824,#8825,#8826,.T.);
#7018=EDGE_CURVE('',#8825,#7735,#8827,.T.);
#7019=EDGE_CURVE('',#7740,#8824,#8828,.T.);
#7020=EDGE_CURVE('',#8829,#8830,#8831,.T.);
#7021=EDGE_CURVE('',#7738,#8830,#8832,.T.);
#7022=EDGE_CURVE('',#7736,#8829,#8833,.T.);
#7023=EDGE_CURVE('',#8834,#8835,#8836,.T.);
#7024=EDGE_CURVE('',#8835,#8772,#8837,.T.);
#7025=EDGE_CURVE('',#8768,#8834,#8838,.T.);
#7026=EDGE_CURVE('',#8839,#8840,#8841,.T.);
#7027=EDGE_CURVE('',#8840,#8829,#8842,.T.);
#7028=EDGE_CURVE('',#8825,#8839,#8843,.T.);
#7029=EDGE_CURVE('',#8844,#8845,#8846,.T.);
#7030=EDGE_CURVE('',#7748,#8845,#8847,.T.);
#7031=EDGE_CURVE('',#7746,#8844,#8848,.T.);
#7032=EDGE_CURVE('',#8849,#8850,#8851,.T.);
#7033=EDGE_CURVE('',#7919,#8850,#8852,.T.);
#7034=EDGE_CURVE('',#8849,#7918,#8853,.T.);
#7035=EDGE_CURVE('',#8854,#8855,#8856,.T.);
#7036=EDGE_CURVE('',#7744,#8855,#8857,.T.);
#7037=EDGE_CURVE('',#8854,#7743,#8858,.T.);
#7038=EDGE_CURVE('',#8717,#8790,#8859,.T.);
#7039=EDGE_CURVE('',#8660,#8806,#8860,.T.);
#7040=EDGE_CURVE('',#8652,#8861,#8862,.T.);
#7041=EDGE_CURVE('',#8788,#8861,#8863,.T.);
#7042=EDGE_CURVE('',#8861,#8714,#8864,.T.);
#7043=EDGE_CURVE('',#8759,#8785,#8865,.T.);
#7044=EDGE_CURVE('',#8692,#8803,#8866,.T.);
#7045=EDGE_CURVE('',#8684,#8867,#8868,.T.);
#7046=EDGE_CURVE('',#8783,#8867,#8869,.T.);
#7047=EDGE_CURVE('',#8867,#8756,#8870,.T.);
#7048=EDGE_CURVE('',#8738,#8793,#8871,.T.);
#7049=EDGE_CURVE('',#8676,#8800,#8872,.T.);
#7050=EDGE_CURVE('',#8668,#8873,#8874,.T.);
#7051=EDGE_CURVE('',#8794,#8873,#8875,.T.);
#7052=EDGE_CURVE('',#8873,#8735,#8876,.T.);
#7053=EDGE_CURVE('',#8835,#8877,#8878,.T.);
#7054=EDGE_CURVE('',#8773,#8877,#8879,.T.);
#7055=EDGE_CURVE('',#8880,#8834,#8881,.T.);
#7056=EDGE_CURVE('',#8880,#8767,#8882,.T.);
#7057=EDGE_CURVE('',#8877,#8880,#8883,.T.);
#7058=EDGE_CURVE('',#8840,#8884,#8885,.T.);
#7059=EDGE_CURVE('',#8830,#8884,#8886,.T.);
#7060=EDGE_CURVE('',#8887,#8839,#8888,.T.);
#7061=EDGE_CURVE('',#8887,#8824,#8889,.T.);
#7062=EDGE_CURVE('',#8884,#8887,#8890,.T.);
#7063=EDGE_CURVE('',#8891,#8892,#8893,.T.);
#7064=EDGE_CURVE('',#8815,#8892,#8894,.T.);
#7065=EDGE_CURVE('',#8891,#8814,#8895,.T.);
#7066=EDGE_CURVE('',#8896,#8897,#8898,.T.);
#7067=EDGE_CURVE('',#8778,#8897,#8899,.T.);
#7068=EDGE_CURVE('',#8896,#8777,#8900,.T.);
#7069=EDGE_CURVE('',#8892,#8896,#8901,.T.);
#7070=EDGE_CURVE('',#8897,#8891,#8902,.T.);
#7071=EDGE_CURVE('',#8903,#8904,#8905,.T.);
#7072=EDGE_CURVE('',#8810,#8904,#8906,.T.);
#7073=EDGE_CURVE('',#8903,#8809,#8907,.T.);
#7074=EDGE_CURVE('',#8908,#8909,#8910,.T.);
#7075=EDGE_CURVE('',#8820,#8909,#8911,.T.);
#7076=EDGE_CURVE('',#8908,#8819,#8912,.T.);
#7077=EDGE_CURVE('',#8904,#8908,#8913,.T.);
#7078=EDGE_CURVE('',#8909,#8903,#8914,.T.);
#7079=EDGE_CURVE('',#8915,#8916,#8917,.T.);
#7080=EDGE_CURVE('',#8763,#8916,#8918,.T.);
#7081=EDGE_CURVE('',#8915,#8762,#8919,.T.);
#7082=EDGE_CURVE('',#8920,#8921,#8922,.T.);
#7083=EDGE_CURVE('',#8850,#8921,#8923,.T.);
#7084=EDGE_CURVE('',#8920,#8849,#8924,.T.);
#7085=EDGE_CURVE('',#8916,#8920,#8925,.T.);
#7086=EDGE_CURVE('',#8921,#8915,#8926,.T.);
#7087=EDGE_CURVE('',#8927,#8928,#8929,.T.);
#7088=EDGE_CURVE('',#8855,#8928,#8930,.T.);
#7089=EDGE_CURVE('',#8927,#8854,#8931,.T.);
#7090=EDGE_CURVE('',#8932,#8933,#8934,.T.);
#7091=EDGE_CURVE('',#8845,#8933,#8935,.T.);
#7092=EDGE_CURVE('',#8932,#8844,#8936,.T.);
#7093=EDGE_CURVE('',#8928,#8932,#8937,.T.);
#7094=EDGE_CURVE('',#8933,#8927,#8938,.T.);
#7095=VERTEX_POINT('',#8939);
#7096=VERTEX_POINT('',#8940);
#7097=CIRCLE('',#8941,0.1);
#7098=VERTEX_POINT('',#8945);
#7099=LINE('',#8946,#8947);
#7100=VERTEX_POINT('',#8949);
#7101=B_SPLINE_CURVE_WITH_KNOTS('',3,
(#8950,#8951,#8952,#8953,#8954,#8955,#8956,#8957,#8958,#8959,#8960,#8961,#8962,#8963),
.UNSPECIFIED.,.F.,.F.,
(4,1,1,1,1,1,1,1,1,1,1,4),
(0.,0.0563611527518096,0.132355308277558,0.228923050600244,0.348116995748845,0.471403966077687,
0.599559558174721,0.708661798507739,0.797545326701559,0.864795540595215,0.932229506347196,
1.),
.UNSPECIFIED.);
#7102=LINE('',#8964,#8965);
#7103=VERTEX_POINT('',#8967);
#7104=VERTEX_POINT('',#8968);
#7105=CIRCLE('',#8969,0.1);
#7106=CIRCLE('',#8973,3.7);
#7107=CIRCLE('',#8977,3.8);
#7108=VERTEX_POINT('',#8981);
#7109=VERTEX_POINT('',#8982);
#7110=B_SPLINE_CURVE_WITH_KNOTS('',3,
(#8983,#8984,#8985,#8986,#8987,#8988,#8989,#8990,#8991,#8992,#8993,#8994,#8995),
.UNSPECIFIED.,.F.,.F.,
(4,1,1,1,1,1,1,1,1,1,4),
(0.,0.0752002807627861,0.150088582768197,0.224848017577583,0.323901431751698,0.443668393269754,
0.580767494062116,0.704057769275266,0.81389268425073,0.910300407092078,1.),
.UNSPECIFIED.);
#7111=LINE('',#8996,#8997);
#7112=LINE('',#8999,#9000);
#7113=VERTEX_POINT('',#9002);
#7114=LINE('',#9003,#9004);
#7115=VERTEX_POINT('',#9006);
#7116=LINE('',#9007,#9008);
#7117=VERTEX_POINT('',#9010);
#7118=LINE('',#9011,#9012);
#7119=VERTEX_POINT('',#9014);
#7120=LINE('',#9015,#9016);
#7121=VERTEX_POINT('',#9018);
#7122=LINE('',#9019,#9020);
#7123=VERTEX_POINT('',#9022);
#7124=LINE('',#9023,#9024);
#7125=VERTEX_POINT('',#9026);
#7126=LINE('',#9027,#9028);
#7127=VERTEX_POINT('',#9030);
#7128=LINE('',#9031,#9032);
#7129=VERTEX_POINT('',#9034);
#7130=CIRCLE('',#9035,4.);
#7131=VERTEX_POINT('',#9039);
#7132=LINE('',#9040,#9041);
#7133=VERTEX_POINT('',#9043);
#7134=LINE('',#9044,#9045);
#7135=VERTEX_POINT('',#9047);
#7136=LINE('',#9048,#9049);
#7137=VERTEX_POINT('',#9051);
#7138=LINE('',#9052,#9053);
#7139=LINE('',#9055,#9056);
#7140=VERTEX_POINT('',#9058);
#7141=CIRCLE('',#9059,4.);
#7142=VERTEX_POINT('',#9063);
#7143=LINE('',#9064,#9065);
#7144=VERTEX_POINT('',#9067);
#7145=LINE('',#9068,#9069);
#7146=VERTEX_POINT('',#9071);
#7147=LINE('',#9072,#9073);
#7148=VERTEX_POINT('',#9075);
#7149=LINE('',#9076,#9077);
#7150=VERTEX_POINT('',#9079);
#7151=LINE('',#9080,#9081);
#7152=VERTEX_POINT('',#9083);
#7153=LINE('',#9084,#9085);
#7154=VERTEX_POINT('',#9087);
#7155=LINE('',#9088,#9089);
#7156=VERTEX_POINT('',#9091);
#7157=LINE('',#9092,#9093);
#7158=VERTEX_POINT('',#9095);
#7159=LINE('',#9096,#9097);
#7160=VERTEX_POINT('',#9099);
#7161=LINE('',#9100,#9101);
#7162=VERTEX_POINT('',#9103);
#7163=LINE('',#9104,#9105);
#7164=VERTEX_POINT('',#9107);
#7165=LINE('',#9108,#9109);
#7166=VERTEX_POINT('',#9111);
#7167=LINE('',#9112,#9113);
#7168=VERTEX_POINT('',#9115);
#7169=LINE('',#9116,#9117);
#7170=VERTEX_POINT('',#9119);
#7171=LINE('',#9120,#9121);
#7172=VERTEX_POINT('',#9123);
#7173=CIRCLE('',#9124,4.);
#7174=VERTEX_POINT('',#9128);
#7175=LINE('',#9129,#9130);
#7176=VERTEX_POINT('',#9132);
#7177=LINE('',#9133,#9134);
#7178=VERTEX_POINT('',#9136);
#7179=LINE('',#9137,#9138);
#7180=VERTEX_POINT('',#9140);
#7181=LINE('',#9141,#9142);
#7182=LINE('',#9144,#9145);
#7183=CIRCLE('',#9147,4.);
#7184=VERTEX_POINT('',#9151);
#7185=LINE('',#9152,#9153);
#7186=CIRCLE('',#9155,3.8);
#7187=VERTEX_POINT('',#9159);
#7188=CIRCLE('',#9160,4.);
#7189=VERTEX_POINT('',#9164);
#7190=LINE('',#9165,#9166);
#7191=VERTEX_POINT('',#9168);
#7192=LINE('',#9169,#9170);
#7193=VERTEX_POINT('',#9172);
#7194=LINE('',#9173,#9174);
#7195=VERTEX_POINT('',#9176);
#7196=LINE('',#9177,#9178);
#7197=LINE('',#9180,#9181);
#7198=VERTEX_POINT('',#9183);
#7199=CIRCLE('',#9184,4.);
#7200=VERTEX_POINT('',#9188);
#7201=LINE('',#9189,#9190);
#7202=VERTEX_POINT('',#9192);
#7203=LINE('',#9193,#9194);
#7204=VERTEX_POINT('',#9196);
#7205=LINE('',#9197,#9198);
#7206=VERTEX_POINT('',#9200);
#7207=LINE('',#9201,#9202);
#7208=VERTEX_POINT('',#9204);
#7209=LINE('',#9205,#9206);
#7210=VERTEX_POINT('',#9208);
#7211=LINE('',#9209,#9210);
#7212=VERTEX_POINT('',#9212);
#7213=LINE('',#9213,#9214);
#7214=VERTEX_POINT('',#9216);
#7215=LINE('',#9217,#9218);
#7216=VERTEX_POINT('',#9220);
#7217=LINE('',#9221,#9222);
#7218=VERTEX_POINT('',#9224);
#7219=LINE('',#9225,#9226);
#7220=VERTEX_POINT('',#9228);
#7221=LINE('',#9229,#9230);
#7222=VERTEX_POINT('',#9232);
#7223=CIRCLE('',#9233,4.);
#7224=VERTEX_POINT('',#9237);
#7225=LINE('',#9238,#9239);
#7226=VERTEX_POINT('',#9241);
#7227=LINE('',#9242,#9243);
#7228=VERTEX_POINT('',#9245);
#7229=LINE('',#9246,#9247);
#7230=VERTEX_POINT('',#9249);
#7231=LINE('',#9250,#9251);
#7232=LINE('',#9253,#9254);
#7233=VERTEX_POINT('',#9256);
#7234=CIRCLE('',#9257,4.);
#7235=VERTEX_POINT('',#9261);
#7236=LINE('',#9262,#9263);
#7237=VERTEX_POINT('',#9265);
#7238=LINE('',#9266,#9267);
#7239=VERTEX_POINT('',#9269);
#7240=LINE('',#9270,#9271);
#7241=VERTEX_POINT('',#9273);
#7242=LINE('',#9274,#9275);
#7243=VERTEX_POINT('',#9277);
#7244=LINE('',#9278,#9279);
#7245=VERTEX_POINT('',#9281);
#7246=LINE('',#9282,#9283);
#7247=LINE('',#9285,#9286);
#7248=VERTEX_POINT('',#9288);
#7249=CIRCLE('',#9289,0.1);
#7250=VERTEX_POINT('',#9293);
#7251=B_SPLINE_CURVE_WITH_KNOTS('',3,
(#9294,#9295,#9296,#9297,#9298,#9299,#9300,#9301,#9302,#9303,#9304,#9305,#9306,#9307,
#9308,#9309,#9310,#9311,#9312,#9313,#9314,#9315,#9316,#9317,#9318,#9319,#9320,#9321,
#9322,#9323,#9324,#9325,#9326,#9327,#9328,#9329,#9330,#9331,#9332,#9333,#9334,#9335,
#9336),
.UNSPECIFIED.,.F.,.F.,
(4,1,1,1,1,1,1,1,1,1,1,1,1,1,1,1,1,1,1,1,1,1,1,1,1,1,1,1,1,1,1,1,1,1,1,1,1,1,1,1,
4),
(0.,0.0332192918822033,0.0666391107788567,0.100544721610373,0.135200953674996,0.170293561517337,
0.205192613851456,0.239920220247131,0.273963899363582,0.307523623580133,0.339763653662203,
0.370868766497479,0.40013148388635,0.428646625104446,0.455326589126986,0.480772763503245,
0.504742563257287,0.528316566120093,0.551129245975299,0.573754218676755,0.596246546112706,
0.618863646306167,0.641107558293939,0.663000290220562,0.684153842954293,0.704899847834191,
0.725081394123332,0.74493907701558,0.764318245387321,0.783474550916151,0.802528117745507,
0.821615370874041,0.840778952620977,0.859988579929095,0.879503049855094,0.899237143091369,
0.919171644294292,0.939078150933982,0.959120982607473,0.979382745353758,1.),
.UNSPECIFIED.);
#7252=LINE('',#9337,#9338);
#7253=VERTEX_POINT('',#9340);
#7254=CIRCLE('',#9341,0.1);
#7255=CIRCLE('',#9345,3.8);
#7256=CIRCLE('',#9349,3.7);
#7257=VERTEX_POINT('',#9353);
#7258=B_SPLINE_CURVE_WITH_KNOTS('',3,
(#9354,#9355,#9356,#9357,#9358,#9359,#9360,#9361,#9362,#9363,#9364,#9365,#9366,#9367,
#9368,#9369,#9370,#9371,#9372,#9373,#9374,#9375,#9376,#9377,#9378,#9379,#9380,#9381,
#9382,#9383,#9384,#9385,#9386,#9387,#9388,#9389,#9390,#9391,#9392,#9393,#9394,#9395),
.UNSPECIFIED.,.F.,.F.,
(4,1,1,1,1,1,1,1,1,1,1,1,1,1,1,1,1,1,1,1,1,1,1,1,1,1,1,1,1,1,1,1,1,1,1,1,1,1,1,4),
(0.,0.0274049216123287,0.0545640443841021,0.08175827774641,0.108905466208942,0.135971504979165,
0.162430104618414,0.188518268044354,0.213806730737551,0.238725064263008,0.262745317658513,
0.286073192900146,0.308342623006594,0.330323553893803,0.35148591351727,0.372118834147966,
0.392118932120489,0.412047994448768,0.431753669428213,0.45127996519663,0.470700991342888,
0.490427450686863,0.510728369841454,0.531372200599923,0.552383669289678,0.57338724014462,
0.595042677540125,0.617359656408887,0.640859976803628,0.66483504177268,0.69032993287345,
0.716950483827711,0.754790934846326,0.794006504846558,0.834700700871961,0.866844833118041,
0.899434346048708,0.932732665075071,0.966174234995283,1.),
.UNSPECIFIED.);
#7259=LINE('',#9396,#9397);
#7260=VERTEX_POINT('',#9399);
#7261=LINE('',#9400,#9401);
#7262=VERTEX_POINT('',#9403);
#7263=LINE('',#9404,#9405);
#7264=VERTEX_POINT('',#9407);
#7265=LINE('',#9408,#9409);
#7266=VERTEX_POINT('',#9411);
#7267=LINE('',#9412,#9413);
#7268=VERTEX_POINT('',#9415);
#7269=LINE('',#9416,#9417);
#7270=VERTEX_POINT('',#9419);
#7271=CIRCLE('',#9420,3.7);
#7272=VERTEX_POINT('',#9424);
#7273=LINE('',#9425,#9426);
#7274=VERTEX_POINT('',#9428);
#7275=LINE('',#9429,#9430);
#7276=LINE('',#9432,#9433);
#7277=VERTEX_POINT('',#9435);
#7278=CIRCLE('',#9436,3.2);
#7279=VERTEX_POINT('',#9440);
#7280=CIRCLE('',#9441,3.2);
#7281=VERTEX_POINT('',#9445);
#7282=CIRCLE('',#9446,3.2);
#7283=VERTEX_POINT('',#9450);
#7284=VERTEX_POINT('',#9451);
#7285=CIRCLE('',#9452,3.6);
#7286=VERTEX_POINT('',#9456);
#7287=LINE('',#9457,#9458);
#7288=VERTEX_POINT('',#9460);
#7289=CIRCLE('',#9461,3.6);
#7290=LINE('',#9465,#9466);
#7291=VERTEX_POINT('',#9468);
#7292=CIRCLE('',#9469,3.2);
#7293=VERTEX_POINT('',#9473);
#7294=CIRCLE('',#9474,3.2);
#7295=VERTEX_POINT('',#9478);
#7296=VERTEX_POINT('',#9479);
#7297=LINE('',#9480,#9481);
#7298=VERTEX_POINT('',#9483);
#7299=CIRCLE('',#9484,3.6);
#7300=VERTEX_POINT('',#9488);
#7301=LINE('',#9489,#9490);
#7302=CIRCLE('',#9492,3.6);
#7303=VERTEX_POINT('',#9496);
#7304=CIRCLE('',#9497,3.2);
#7305=VERTEX_POINT('',#9501);
#7306=CIRCLE('',#9502,3.2);
#7307=VERTEX_POINT('',#9506);
#7308=CIRCLE('',#9507,0.1);
#7309=VERTEX_POINT('',#9511);
#7310=B_SPLINE_CURVE_WITH_KNOTS('',3,
(#9512,#9513,#9514,#9515,#9516,#9517,#9518,#9519,#9520,#9521,#9522,#9523,#9524,#9525),
.UNSPECIFIED.,.F.,.F.,
(4,1,1,1,1,1,1,1,1,1,1,4),
(0.,0.0571090177031385,0.134057390382909,0.231760385733023,0.352129011222351,0.454945839136221,
0.539327377605165,0.625923117578081,0.735216865223516,0.845286985803992,0.93357106051759,
1.),
.UNSPECIFIED.);
#7311=LINE('',#9526,#9527);
#7312=VERTEX_POINT('',#9529);
#7313=CIRCLE('',#9530,0.1);
#7314=CIRCLE('',#9534,3.8);
#7315=VERTEX_POINT('',#9538);
#7316=B_SPLINE_CURVE_WITH_KNOTS('',3,
(#9539,#9540,#9541,#9542,#9543,#9544,#9545,#9546,#9547,#9548,#9549,#9550),
.UNSPECIFIED.,.F.,.F.,
(4,1,1,1,1,1,1,1,1,4),
(0.,0.0752351383604495,0.175012419324652,0.299141767819439,0.443871896643144,0.581099547432434,
0.704444931866753,0.814224566761954,0.910481733255339,1.),
.UNSPECIFIED.);
#7317=LINE('',#9551,#9552);
#7318=VERTEX_POINT('',#9554);
#7319=LINE('',#9555,#9556);
#7320=VERTEX_POINT('',#9558);
#7321=LINE('',#9559,#9560);
#7322=VERTEX_POINT('',#9562);
#7323=LINE('',#9563,#9564);
#7324=VERTEX_POINT('',#9566);
#7325=LINE('',#9567,#9568);
#7326=VERTEX_POINT('',#9570);
#7327=LINE('',#9571,#9572);
#7328=VERTEX_POINT('',#9574);
#7329=LINE('',#9575,#9576);
#7330=VERTEX_POINT('',#9578);
#7331=LINE('',#9579,#9580);
#7332=VERTEX_POINT('',#9582);
#7333=LINE('',#9583,#9584);
#7334=VERTEX_POINT('',#9586);
#7335=CIRCLE('',#9587,4.);
#7336=VERTEX_POINT('',#9591);
#7337=LINE('',#9592,#9593);
#7338=VERTEX_POINT('',#9595);
#7339=LINE('',#9596,#9597);
#7340=VERTEX_POINT('',#9599);
#7341=LINE('',#9600,#9601);
#7342=VERTEX_POINT('',#9603);
#7343=LINE('',#9604,#9605);
#7344=LINE('',#9607,#9608);
#7345=VERTEX_POINT('',#9610);
#7346=CIRCLE('',#9611,4.);
#7347=VERTEX_POINT('',#9615);
#7348=LINE('',#9616,#9617);
#7349=VERTEX_POINT('',#9619);
#7350=LINE('',#9620,#9621);
#7351=VERTEX_POINT('',#9623);
#7352=LINE('',#9624,#9625);
#7353=VERTEX_POINT('',#9627);
#7354=LINE('',#9628,#9629);
#7355=VERTEX_POINT('',#9631);
#7356=LINE('',#9632,#9633);
#7357=VERTEX_POINT('',#9635);
#7358=LINE('',#9636,#9637);
#7359=VERTEX_POINT('',#9639);
#7360=LINE('',#9640,#9641);
#7361=VERTEX_POINT('',#9643);
#7362=LINE('',#9644,#9645);
#7363=VERTEX_POINT('',#9647);
#7364=LINE('',#9648,#9649);
#7365=VERTEX_POINT('',#9651);
#7366=LINE('',#9652,#9653);
#7367=VERTEX_POINT('',#9655);
#7368=LINE('',#9656,#9657);
#7369=VERTEX_POINT('',#9659);
#7370=LINE('',#9660,#9661);
#7371=VERTEX_POINT('',#9663);
#7372=LINE('',#9664,#9665);
#7373=VERTEX_POINT('',#9667);
#7374=LINE('',#9668,#9669);
#7375=VERTEX_POINT('',#9671);
#7376=LINE('',#9672,#9673);
#7377=VERTEX_POINT('',#9675);
#7378=CIRCLE('',#9676,4.);
#7379=VERTEX_POINT('',#9680);
#7380=LINE('',#9681,#9682);
#7381=VERTEX_POINT('',#9684);
#7382=LINE('',#9685,#9686);
#7383=VERTEX_POINT('',#9688);
#7384=LINE('',#9689,#9690);
#7385=VERTEX_POINT('',#9692);
#7386=LINE('',#9693,#9694);
#7387=LINE('',#9696,#9697);
#7388=CIRCLE('',#9699,4.);
#7389=VERTEX_POINT('',#9703);
#7390=LINE('',#9704,#9705);
#7391=CIRCLE('',#9707,3.8);
#7392=VERTEX_POINT('',#9711);
#7393=CIRCLE('',#9712,4.);
#7394=VERTEX_POINT('',#9716);
#7395=LINE('',#9717,#9718);
#7396=VERTEX_POINT('',#9720);
#7397=LINE('',#9721,#9722);
#7398=VERTEX_POINT('',#9724);
#7399=LINE('',#9725,#9726);
#7400=VERTEX_POINT('',#9728);
#7401=LINE('',#9729,#9730);
#7402=LINE('',#9732,#9733);
#7403=VERTEX_POINT('',#9735);
#7404=CIRCLE('',#9736,4.);
#7405=VERTEX_POINT('',#9740);
#7406=LINE('',#9741,#9742);
#7407=VERTEX_POINT('',#9744);
#7408=LINE('',#9745,#9746);
#7409=VERTEX_POINT('',#9748);
#7410=LINE('',#9749,#9750);
#7411=VERTEX_POINT('',#9752);
#7412=LINE('',#9753,#9754);
#7413=VERTEX_POINT('',#9756);
#7414=LINE('',#9757,#9758);
#7415=VERTEX_POINT('',#9760);
#7416=LINE('',#9761,#9762);
#7417=VERTEX_POINT('',#9764);
#7418=LINE('',#9765,#9766);
#7419=VERTEX_POINT('',#9768);
#7420=LINE('',#9769,#9770);
#7421=VERTEX_POINT('',#9772);
#7422=LINE('',#9773,#9774);
#7423=VERTEX_POINT('',#9776);
#7424=LINE('',#9777,#9778);
#7425=VERTEX_POINT('',#9780);
#7426=LINE('',#9781,#9782);
#7427=VERTEX_POINT('',#9784);
#7428=CIRCLE('',#9785,4.);
#7429=VERTEX_POINT('',#9789);
#7430=LINE('',#9790,#9791);
#7431=VERTEX_POINT('',#9793);
#7432=LINE('',#9794,#9795);
#7433=VERTEX_POINT('',#9797);
#7434=LINE('',#9798,#9799);
#7435=VERTEX_POINT('',#9801);
#7436=LINE('',#9802,#9803);
#7437=LINE('',#9805,#9806);
#7438=VERTEX_POINT('',#9808);
#7439=CIRCLE('',#9809,4.);
#7440=VERTEX_POINT('',#9813);
#7441=LINE('',#9814,#9815);
#7442=VERTEX_POINT('',#9817);
#7443=LINE('',#9818,#9819);
#7444=VERTEX_POINT('',#9821);
#7445=LINE('',#9822,#9823);
#7446=VERTEX_POINT('',#9825);
#7447=LINE('',#9826,#9827);
#7448=VERTEX_POINT('',#9829);
#7449=LINE('',#9830,#9831);
#7450=VERTEX_POINT('',#9833);
#7451=LINE('',#9834,#9835);
#7452=LINE('',#9837,#9838);
#7453=VERTEX_POINT('',#9840);
#7454=CIRCLE('',#9841,0.1);
#7455=VERTEX_POINT('',#9845);
#7456=B_SPLINE_CURVE_WITH_KNOTS('',3,
(#9846,#9847,#9848,#9849,#9850,#9851,#9852,#9853,#9854,#9855,#9856,#9857),
.UNSPECIFIED.,.F.,.F.,
(4,1,1,1,1,1,1,1,1,4),
(0.,0.0752351383604465,0.175012419324636,0.299141767819416,0.443871896643105,0.581099547432416,
0.704444931866735,0.814224566761951,0.910481733255352,1.),
.UNSPECIFIED.);
#7457=LINE('',#9858,#9859);
#7458=VERTEX_POINT('',#9861);
#7459=CIRCLE('',#9862,0.1);
#7460=CIRCLE('',#9866,3.8);
#7461=CIRCLE('',#9870,3.7);
#7462=VERTEX_POINT('',#9874);
#7463=B_SPLINE_CURVE_WITH_KNOTS('',3,
(#9875,#9876,#9877,#9878,#9879,#9880,#9881,#9882,#9883,#9884,#9885,#9886,#9887,#9888),
.UNSPECIFIED.,.F.,.F.,
(4,1,1,1,1,1,1,1,1,1,1,4),
(0.,0.0571090177031103,0.13405739038288,0.231760385733006,0.352129011222339,0.45494583913621,
0.539327377605168,0.625923117578067,0.735216865223515,0.84528698580398,0.933571060517573,
1.),
.UNSPECIFIED.);
#7464=LINE('',#9889,#9890);
#7465=VERTEX_POINT('',#9892);
#7466=LINE('',#9893,#9894);
#7467=VERTEX_POINT('',#9896);
#7468=LINE('',#9897,#9898);
#7469=LINE('',#9900,#9901);
#7470=VERTEX_POINT('',#9903);
#7471=LINE('',#9904,#9905);
#7472=VERTEX_POINT('',#9907);
#7473=LINE('',#9908,#9909);
#7474=LINE('',#9911,#9912);
#7475=VERTEX_POINT('',#9914);
#7476=CIRCLE('',#9915,3.2);
#7477=VERTEX_POINT('',#9919);
#7478=CIRCLE('',#9920,3.2);
#7479=VERTEX_POINT('',#9924);
#7480=CIRCLE('',#9925,3.2);
#7481=VERTEX_POINT('',#9929);
#7482=VERTEX_POINT('',#9930);
#7483=LINE('',#9931,#9932);
#7484=VERTEX_POINT('',#9934);
#7485=CIRCLE('',#9935,3.6);
#7486=VERTEX_POINT('',#9939);
#7487=LINE('',#9940,#9941);
#7488=CIRCLE('',#9943,3.6);
#7489=VERTEX_POINT('',#9947);
#7490=CIRCLE('',#9948,3.2);
#7491=VERTEX_POINT('',#9952);
#7492=CIRCLE('',#9953,3.2);
#7493=VERTEX_POINT('',#9957);
#7494=VERTEX_POINT('',#9958);
#7495=LINE('',#9959,#9960);
#7496=VERTEX_POINT('',#9962);
#7497=CIRCLE('',#9963,3.6);
#7498=VERTEX_POINT('',#9967);
#7499=LINE('',#9968,#9969);
#7500=CIRCLE('',#9971,3.6);
#7501=VERTEX_POINT('',#9975);
#7502=CIRCLE('',#9976,3.2);
#7503=VERTEX_POINT('',#9980);
#7504=CIRCLE('',#9981,3.2);
#7505=VERTEX_POINT('',#9985);
#7506=CIRCLE('',#9986,0.1);
#7507=VERTEX_POINT('',#9990);
#7508=LINE('',#9991,#9992);
#7509=CIRCLE('',#9994,0.1);
#7510=VERTEX_POINT('',#9998);
#7511=CIRCLE('',#9999,0.1);
#7512=VERTEX_POINT('',#10003);
#7513=LINE('',#10004,#10005);
#7514=CIRCLE('',#10007,0.1);
#7515=VERTEX_POINT('',#10011);
#7516=LINE('',#10012,#10013);
#7517=VERTEX_POINT('',#10015);
#7518=LINE('',#10016,#10017);
#7519=LINE('',#10019,#10020);
#7520=VERTEX_POINT('',#10022);
#7521=LINE('',#10023,#10024);
#7522=CIRCLE('',#10026,3.2);
#7523=VERTEX_POINT('',#10030);
#7524=LINE('',#10031,#10032);
#7525=VERTEX_POINT('',#10034);
#7526=CIRCLE('',#10035,3.2);
#7527=VERTEX_POINT('',#10039);
#7528=LINE('',#10040,#10041);
#7529=VERTEX_POINT('',#10043);
#7530=LINE('',#10044,#10045);
#7531=VERTEX_POINT('',#10047);
#7532=LINE('',#10048,#10049);
#7533=VERTEX_POINT('',#10051);
#7534=CIRCLE('',#10052,3.2);
#7535=VERTEX_POINT('',#10056);
#7536=LINE('',#10057,#10058);
#7537=VERTEX_POINT('',#10060);
#7538=LINE('',#10061,#10062);
#7539=VERTEX_POINT('',#10064);
#7540=LINE('',#10065,#10066);
#7541=VERTEX_POINT('',#10068);
#7542=LINE('',#10069,#10070);
#7543=LINE('',#10072,#10073);
#7544=CIRCLE('',#10075,0.1);
#7545=CIRCLE('',#10079,0.1);
#7546=VERTEX_POINT('',#10083);
#7547=LINE('',#10084,#10085);
#7548=LINE('',#10087,#10088);
#7549=CIRCLE('',#10090,0.1);
#7550=CIRCLE('',#10094,0.1);
#7551=VERTEX_POINT('',#10098);
#7552=CIRCLE('',#10099,0.1);
#7553=VERTEX_POINT('',#10103);
#7554=CIRCLE('',#10104,0.1);
#7555=LINE('',#10108,#10109);
#7556=VERTEX_POINT('',#10111);
#7557=CIRCLE('',#10112,0.1);
#7558=VERTEX_POINT('',#10116);
#7559=CIRCLE('',#10117,0.1);
#7560=LINE('',#10121,#10122);
#7561=CIRCLE('',#10124,0.1);
#7562=CIRCLE('',#10128,0.1);
#7563=VERTEX_POINT('',#10132);
#7564=CIRCLE('',#10133,0.1);
#7565=VERTEX_POINT('',#10137);
#7566=CIRCLE('',#10138,0.1);
#7567=LINE('',#10142,#10143);
#7568=VERTEX_POINT('',#10145);
#7569=CIRCLE('',#10146,0.1);
#7570=VERTEX_POINT('',#10150);
#7571=CIRCLE('',#10151,0.1);
#7572=LINE('',#10155,#10156);
#7573=VERTEX_POINT('',#10158);
#7574=CIRCLE('',#10159,0.1);
#7575=VERTEX_POINT('',#10163);
#7576=CIRCLE('',#10164,0.1);
#7577=LINE('',#10168,#10169);
#7578=VERTEX_POINT('',#10171);
#7579=CIRCLE('',#10172,0.1);
#7580=VERTEX_POINT('',#10176);
#7581=LINE('',#10177,#10178);
#7582=CIRCLE('',#10180,0.1);
#7583=VERTEX_POINT('',#10184);
#7584=CIRCLE('',#10185,0.1);
#7585=VERTEX_POINT('',#10189);
#7586=LINE('',#10190,#10191);
#7587=CIRCLE('',#10193,0.1);
#7588=VERTEX_POINT('',#10197);
#7589=LINE('',#10198,#10199);
#7590=VERTEX_POINT('',#10201);
#7591=LINE('',#10202,#10203);
#7592=LINE('',#10205,#10206);
#7593=LINE('',#10208,#10209);
#7594=VERTEX_POINT('',#10211);
#7595=LINE('',#10212,#10213);
#7596=CIRCLE('',#10215,3.2);
#7597=VERTEX_POINT('',#10219);
#7598=LINE('',#10220,#10221);
#7599=VERTEX_POINT('',#10223);
#7600=CIRCLE('',#10224,3.2);
#7601=VERTEX_POINT('',#10228);
#7602=LINE('',#10229,#10230);
#7603=VERTEX_POINT('',#10232);
#7604=LINE('',#10233,#10234);
#7605=VERTEX_POINT('',#10236);
#7606=LINE('',#10237,#10238);
#7607=VERTEX_POINT('',#10240);
#7608=CIRCLE('',#10241,3.2);
#7609=VERTEX_POINT('',#10245);
#7610=LINE('',#10246,#10247);
#7611=VERTEX_POINT('',#10249);
#7612=LINE('',#10250,#10251);
#7613=LINE('',#10253,#10254);
#7614=CIRCLE('',#10256,0.1);
#7615=CIRCLE('',#10260,0.1);
#7616=VERTEX_POINT('',#10264);
#7617=LINE('',#10265,#10266);
#7618=LINE('',#10268,#10269);
#7619=CIRCLE('',#10271,0.1);
#7620=CIRCLE('',#10275,0.1);
#7621=VERTEX_POINT('',#10279);
#7622=VERTEX_POINT('',#10280);
#7623=CIRCLE('',#10281,0.1);
#7624=VERTEX_POINT('',#10285);
#7625=LINE('',#10286,#10287);
#7626=VERTEX_POINT('',#10289);
#7627=CIRCLE('',#10290,0.1);
#7628=LINE('',#10294,#10295);
#7629=VERTEX_POINT('',#10297);
#7630=LINE('',#10298,#10299);
#7631=VERTEX_POINT('',#10301);
#7632=LINE('',#10302,#10303);
#7633=VERTEX_POINT('',#10305);
#7634=LINE('',#10306,#10307);
#7635=LINE('',#10309,#10310);
#7636=VERTEX_POINT('',#10312);
#7637=LINE('',#10313,#10314);
#7638=VERTEX_POINT('',#10316);
#7639=CIRCLE('',#10317,3.2);
#7640=VERTEX_POINT('',#10321);
#7641=LINE('',#10322,#10323);
#7642=VERTEX_POINT('',#10325);
#7643=LINE('',#10326,#10327);
#7644=VERTEX_POINT('',#10329);
#7645=LINE('',#10330,#10331);
#7646=VERTEX_POINT('',#10333);
#7647=CIRCLE('',#10334,3.2);
#7648=VERTEX_POINT('',#10338);
#7649=LINE('',#10339,#10340);
#7650=VERTEX_POINT('',#10342);
#7651=LINE('',#10343,#10344);
#7652=LINE('',#10346,#10347);
#7653=VERTEX_POINT('',#10349);
#7654=LINE('',#10350,#10351);
#7655=VERTEX_POINT('',#10353);
#7656=LINE('',#10354,#10355);
#7657=LINE('',#10357,#10358);
#7658=VERTEX_POINT('',#10360);
#7659=LINE('',#10361,#10362);
#7660=VERTEX_POINT('',#10364);
#7661=LINE('',#10365,#10366);
#7662=LINE('',#10368,#10369);
#7663=VERTEX_POINT('',#10371);
#7664=LINE('',#10372,#10373);
#7665=VERTEX_POINT('',#10375);
#7666=LINE('',#10376,#10377);
#7667=LINE('',#10379,#10380);
#7668=VERTEX_POINT('',#10382);
#7669=LINE('',#10383,#10384);
#7670=VERTEX_POINT('',#10386);
#7671=LINE('',#10387,#10388);
#7672=VERTEX_POINT('',#10390);
#7673=LINE('',#10391,#10392);
#7674=CIRCLE('',#10394,3.2);
#7675=VERTEX_POINT('',#10398);
#7676=CIRCLE('',#10399,0.1);
#7677=VERTEX_POINT('',#10403);
#7678=CIRCLE('',#10404,0.1);
#7679=LINE('',#10408,#10409);
#7680=VERTEX_POINT('',#10411);
#7681=LINE('',#10412,#10413);
#7682=VERTEX_POINT('',#10415);
#7683=LINE('',#10416,#10417);
#7684=LINE('',#10419,#10420);
#7685=VERTEX_POINT('',#10422);
#7686=VERTEX_POINT('',#10423);
#7687=CIRCLE('',#10424,0.1);
#7688=VERTEX_POINT('',#10428);
#7689=LINE('',#10429,#10430);
#7690=VERTEX_POINT('',#10432);
#7691=CIRCLE('',#10433,0.1);
#7692=LINE('',#10437,#10438);
#7693=VERTEX_POINT('',#10440);
#7694=LINE('',#10441,#10442);
#7695=VERTEX_POINT('',#10444);
#7696=LINE('',#10445,#10446);
#7697=VERTEX_POINT('',#10448);
#7698=LINE('',#10449,#10450);
#7699=LINE('',#10452,#10453);
#7700=VERTEX_POINT('',#10455);
#7701=LINE('',#10456,#10457);
#7702=VERTEX_POINT('',#10459);
#7703=LINE('',#10460,#10461);
#7704=VERTEX_POINT('',#10463);
#7705=LINE('',#10464,#10465);
#7706=VERTEX_POINT('',#10467);
#7707=LINE('',#10468,#10469);
#7708=VERTEX_POINT('',#10471);
#7709=CIRCLE('',#10472,3.9);
#7710=VERTEX_POINT('',#10476);
#7711=LINE('',#10477,#10478);
#7712=VERTEX_POINT('',#10480);
#7713=CIRCLE('',#10481,3.9);
#7714=VERTEX_POINT('',#10485);
#7715=LINE('',#10486,#10487);
#7716=VERTEX_POINT('',#10489);
#7717=LINE('',#10490,#10491);
#7718=VERTEX_POINT('',#10493);
#7719=LINE('',#10494,#10495);
#7720=VERTEX_POINT('',#10497);
#7721=LINE('',#10498,#10499);
#7722=VERTEX_POINT('',#10501);
#7723=LINE('',#10502,#10503);
#7724=VERTEX_POINT('',#10505);
#7725=LINE('',#10506,#10507);
#7726=LINE('',#10509,#10510);
#7727=VERTEX_POINT('',#10512);
#7728=VERTEX_POINT('',#10513);
#7729=LINE('',#10514,#10515);
#7730=VERTEX_POINT('',#10517);
#7731=CIRCLE('',#10518,4.);
#7732=VERTEX_POINT('',#10522);
#7733=LINE('',#10523,#10524);
#7734=CIRCLE('',#10526,4.);
#7735=VERTEX_POINT('',#10530);
#7736=VERTEX_POINT('',#10531);
#7737=LINE('',#10532,#10533);
#7738=VERTEX_POINT('',#10535);
#7739=CIRCLE('',#10536,4.);
#7740=VERTEX_POINT('',#10540);
#7741=LINE('',#10541,#10542);
#7742=CIRCLE('',#10544,4.);
#7743=VERTEX_POINT('',#10548);
#7744=VERTEX_POINT('',#10549);
#7745=CIRCLE('',#10550,4.);
#7746=VERTEX_POINT('',#10554);
#7747=LINE('',#10555,#10556);
#7748=VERTEX_POINT('',#10558);
#7749=CIRCLE('',#10559,4.);
#7750=LINE('',#10563,#10564);
#7751=VERTEX_POINT('',#10566);
#7752=CIRCLE('',#10567,3.2);
#7753=VERTEX_POINT('',#10571);
#7754=CIRCLE('',#10572,3.2);
#7755=VERTEX_POINT('',#10576);
#7756=CIRCLE('',#10577,3.2);
#7757=VERTEX_POINT('',#10581);
#7758=CIRCLE('',#10582,3.2);
#7759=VERTEX_POINT('',#10586);
#7760=CIRCLE('',#10587,0.1);
#7761=VERTEX_POINT('',#10591);
#7762=LINE('',#10592,#10593);
#7763=CIRCLE('',#10595,0.1);
#7764=VERTEX_POINT('',#10599);
#7765=LINE('',#10600,#10601);
#7766=VERTEX_POINT('',#10603);
#7767=LINE('',#10604,#10605);
#7768=LINE('',#10607,#10608);
#7769=CIRCLE('',#10610,3.2);
#7770=VERTEX_POINT('',#10614);
#7771=LINE('',#10615,#10616);
#7772=VERTEX_POINT('',#10618);
#7773=CIRCLE('',#10619,3.2);
#7774=VERTEX_POINT('',#10623);
#7775=LINE('',#10624,#10625);
#7776=VERTEX_POINT('',#10627);
#7777=LINE('',#10628,#10629);
#7778=LINE('',#10631,#10632);
#7779=VERTEX_POINT('',#10634);
#7780=LINE('',#10635,#10636);
#7781=VERTEX_POINT('',#10638);
#7782=LINE('',#10639,#10640);
#7783=LINE('',#10642,#10643);
#7784=VERTEX_POINT('',#10645);
#7785=LINE('',#10646,#10647);
#7786=VERTEX_POINT('',#10649);
#7787=LINE('',#10650,#10651);
#7788=LINE('',#10653,#10654);
#7789=VERTEX_POINT('',#10656);
#7790=LINE('',#10657,#10658);
#7791=VERTEX_POINT('',#10660);
#7792=LINE('',#10661,#10662);
#7793=LINE('',#10664,#10665);
#7794=VERTEX_POINT('',#10667);
#7795=LINE('',#10668,#10669);
#7796=VERTEX_POINT('',#10671);
#7797=LINE('',#10672,#10673);
#7798=VERTEX_POINT('',#10675);
#7799=LINE('',#10676,#10677);
#7800=VERTEX_POINT('',#10679);
#7801=CIRCLE('',#10680,3.2);
#7802=LINE('',#10684,#10685);
#7803=CIRCLE('',#10687,0.1);
#7804=CIRCLE('',#10691,0.1);
#7805=CIRCLE('',#10695,0.1);
#7806=CIRCLE('',#10699,4.);
#7807=CIRCLE('',#10703,0.1);
#7808=CIRCLE('',#10707,0.1);
#7809=CIRCLE('',#10711,4.);
#7810=CIRCLE('',#10715,0.1);
#7811=VERTEX_POINT('',#10719);
#7812=LINE('',#10720,#10721);
#7813=LINE('',#10723,#10724);
#7814=VERTEX_POINT('',#10726);
#7815=CIRCLE('',#10727,0.1);
#7816=VERTEX_POINT('',#10731);
#7817=LINE('',#10732,#10733);
#7818=CIRCLE('',#10735,0.1);
#7819=VERTEX_POINT('',#10739);
#7820=CIRCLE('',#10740,0.1);
#7821=CIRCLE('',#10744,4.);
#7822=CIRCLE('',#10748,3.9);
#7823=VERTEX_POINT('',#10752);
#7824=CIRCLE('',#10753,0.1);
#7825=LINE('',#10757,#10758);
#7826=VERTEX_POINT('',#10760);
#7827=CIRCLE('',#10761,0.1);
#7828=CIRCLE('',#10765,4.);
#7829=CIRCLE('',#10769,3.9);
#7830=VERTEX_POINT('',#10773);
#7831=CIRCLE('',#10774,0.1);
#7832=LINE('',#10778,#10779);
#7833=VERTEX_POINT('',#10781);
#7834=LINE('',#10782,#10783);
#7835=VERTEX_POINT('',#10785);
#7836=LINE('',#10786,#10787);
#7837=LINE('',#10789,#10790);
#7838=VERTEX_POINT('',#10792);
#7839=CIRCLE('',#10793,0.1);
#7840=VERTEX_POINT('',#10797);
#7841=CIRCLE('',#10798,3.9);
#7842=CIRCLE('',#10802,0.1);
#7843=CIRCLE('',#10806,4.);
#7844=VERTEX_POINT('',#10810);
#7845=CIRCLE('',#10811,0.1);
#7846=LINE('',#10815,#10816);
#7847=VERTEX_POINT('',#10818);
#7848=CIRCLE('',#10819,0.1);
#7849=CIRCLE('',#10823,4.);
#7850=CIRCLE('',#10827,3.9);
#7851=LINE('',#10831,#10832);
#7852=VERTEX_POINT('',#10834);
#7853=VERTEX_POINT('',#10835);
#7854=LINE('',#10836,#10837);
#7855=VERTEX_POINT('',#10839);
#7856=CIRCLE('',#10840,4.);
#7857=VERTEX_POINT('',#10844);
#7858=LINE('',#10845,#10846);
#7859=CIRCLE('',#10848,4.);
#7860=VERTEX_POINT('',#10852);
#7861=VERTEX_POINT('',#10853);
#7862=LINE('',#10854,#10855);
#7863=VERTEX_POINT('',#10857);
#7864=CIRCLE('',#10858,4.);
#7865=VERTEX_POINT('',#10862);
#7866=LINE('',#10863,#10864);
#7867=CIRCLE('',#10866,4.);
#7868=VERTEX_POINT('',#10870);
#7869=VERTEX_POINT('',#10871);
#7870=CIRCLE('',#10872,4.);
#7871=VERTEX_POINT('',#10876);
#7872=LINE('',#10877,#10878);
#7873=VERTEX_POINT('',#10880);
#7874=CIRCLE('',#10881,4.);
#7875=LINE('',#10885,#10886);
#7876=VERTEX_POINT('',#10888);
#7877=VERTEX_POINT('',#10889);
#7878=CIRCLE('',#10890,3.2);
#7879=CIRCLE('',#10894,3.2);
#7880=VERTEX_POINT('',#10898);
#7881=CIRCLE('',#10899,3.2);
#7882=VERTEX_POINT('',#10903);
#7883=CIRCLE('',#10904,3.2);
#7884=VERTEX_POINT('',#10908);
#7885=VERTEX_POINT('',#10909);
#7886=CIRCLE('',#10910,3.2);
#7887=CIRCLE('',#10914,3.2);
#7888=VERTEX_POINT('',#10918);
#7889=CIRCLE('',#10919,0.1);
#7890=VERTEX_POINT('',#10923);
#7891=CIRCLE('',#10924,3.9);
#7892=CIRCLE('',#10928,0.1);
#7893=CIRCLE('',#10932,4.);
#7894=VERTEX_POINT('',#10936);
#7895=CIRCLE('',#10937,0.1);
#7896=LINE('',#10941,#10942);
#7897=VERTEX_POINT('',#10944);
#7898=CIRCLE('',#10945,0.1);
#7899=CIRCLE('',#10949,4.);
#7900=CIRCLE('',#10953,3.9);
#7901=LINE('',#10957,#10958);
#7902=VERTEX_POINT('',#10960);
#7903=VERTEX_POINT('',#10961);
#7904=LINE('',#10962,#10963);
#7905=VERTEX_POINT('',#10965);
#7906=CIRCLE('',#10966,4.);
#7907=VERTEX_POINT('',#10970);
#7908=LINE('',#10971,#10972);
#7909=CIRCLE('',#10974,4.);
#7910=VERTEX_POINT('',#10978);
#7911=VERTEX_POINT('',#10979);
#7912=LINE('',#10980,#10981);
#7913=VERTEX_POINT('',#10983);
#7914=CIRCLE('',#10984,4.);
#7915=VERTEX_POINT('',#10988);
#7916=LINE('',#10989,#10990);
#7917=CIRCLE('',#10992,4.);
#7918=VERTEX_POINT('',#10996);
#7919=VERTEX_POINT('',#10997);
#7920=CIRCLE('',#10998,4.);
#7921=VERTEX_POINT('',#11002);
#7922=LINE('',#11003,#11004);
#7923=VERTEX_POINT('',#11006);
#7924=CIRCLE('',#11007,4.);
#7925=LINE('',#11011,#11012);
#7926=VERTEX_POINT('',#11014);
#7927=VERTEX_POINT('',#11015);
#7928=CIRCLE('',#11016,3.2);
#7929=CIRCLE('',#11020,3.2);
#7930=VERTEX_POINT('',#11024);
#7931=CIRCLE('',#11025,3.2);
#7932=VERTEX_POINT('',#11029);
#7933=CIRCLE('',#11030,3.2);
#7934=VERTEX_POINT('',#11034);
#7935=VERTEX_POINT('',#11035);
#7936=CIRCLE('',#11036,3.2);
#7937=CIRCLE('',#11040,3.2);
#7938=VERTEX_POINT('',#11044);
#7939=CIRCLE('',#11045,3.2);
#7940=VERTEX_POINT('',#11049);
#7941=VERTEX_POINT('',#11050);
#7942=CIRCLE('',#11051,2.4);
#7943=CIRCLE('',#11055,2.4);
#7944=VERTEX_POINT('',#11059);
#7945=CIRCLE('',#11060,3.2);
#7946=VERTEX_POINT('',#11064);
#7947=VERTEX_POINT('',#11065);
#7948=CIRCLE('',#11066,2.4);
#7949=CIRCLE('',#11070,2.4);
#7950=VERTEX_POINT('',#11074);
#7951=CIRCLE('',#11075,3.8);
#7952=VERTEX_POINT('',#11079);
#7953=LINE('',#11080,#11081);
#7954=LINE('',#11083,#11084);
#7955=VERTEX_POINT('',#11086);
#7956=CIRCLE('',#11087,3.8);
#7957=VERTEX_POINT('',#11091);
#7958=LINE('',#11092,#11093);
#7959=LINE('',#11095,#11096);
#7960=LINE('',#11098,#11099);
#7961=LINE('',#11101,#11102);
#7962=VERTEX_POINT('',#11104);
#7963=LINE('',#11105,#11106);
#7964=VERTEX_POINT('',#11108);
#7965=LINE('',#11109,#11110);
#7966=LINE('',#11112,#11113);
#7967=VERTEX_POINT('',#11115);
#7968=LINE('',#11116,#11117);
#7969=VERTEX_POINT('',#11119);
#7970=LINE('',#11120,#11121);
#7971=LINE('',#11123,#11124);
#7972=CIRCLE('',#11126,3.8);
#7973=CIRCLE('',#11130,3.8);
#7974=VERTEX_POINT('',#11134);
#7975=CIRCLE('',#11135,3.8);
#7976=VERTEX_POINT('',#11139);
#7977=CIRCLE('',#11140,3.8);
#7978=LINE('',#11144,#11145);
#7979=LINE('',#11147,#11148);
#7980=LINE('',#11150,#11151);
#7981=VERTEX_POINT('',#11153);
#7982=LINE('',#11154,#11155);
#7983=VERTEX_POINT('',#11157);
#7984=LINE('',#11158,#11159);
#7985=LINE('',#11161,#11162);
#7986=VERTEX_POINT('',#11164);
#7987=LINE('',#11165,#11166);
#7988=VERTEX_POINT('',#11168);
#7989=LINE('',#11169,#11170);
#7990=LINE('',#11172,#11173);
#7991=VERTEX_POINT('',#11175);
#7992=CIRCLE('',#11176,3.2);
#7993=VERTEX_POINT('',#11180);
#7994=CIRCLE('',#11181,3.2);
#7995=LINE('',#11185,#11186);
#7996=VERTEX_POINT('',#11188);
#7997=LINE('',#11189,#11190);
#7998=VERTEX_POINT('',#11192);
#7999=LINE('',#11193,#11194);
#8000=LINE('',#11196,#11197);
#8001=LINE('',#11199,#11200);
#8002=LINE('',#11202,#11203);
#8003=VERTEX_POINT('',#11205);
#8004=VERTEX_POINT('',#11206);
#8005=CIRCLE('',#11207,2.4);
#8006=CIRCLE('',#11211,2.4);
#8007=VERTEX_POINT('',#11215);
#8008=VERTEX_POINT('',#11216);
#8009=CIRCLE('',#11217,2.4);
#8010=CIRCLE('',#11221,2.4);
#8011=LINE('',#11225,#11226);
#8012=VERTEX_POINT('',#11228);
#8013=VERTEX_POINT('',#11229);
#8014=LINE('',#11230,#11231);
#8015=VERTEX_POINT('',#11233);
#8016=CIRCLE('',#11234,3.6);
#8017=VERTEX_POINT('',#11238);
#8018=LINE('',#11239,#11240);
#8019=CIRCLE('',#11242,3.6);
#8020=LINE('',#11246,#11247);
#8021=LINE('',#11249,#11250);
#8022=LINE('',#11252,#11253);
#8023=LINE('',#11255,#11256);
#8024=LINE('',#11258,#11259);
#8025=VERTEX_POINT('',#11261);
#8026=VERTEX_POINT('',#11262);
#8027=CIRCLE('',#11263,3.6);
#8028=VERTEX_POINT('',#11267);
#8029=LINE('',#11268,#11269);
#8030=VERTEX_POINT('',#11271);
#8031=CIRCLE('',#11272,3.6);
#8032=LINE('',#11276,#11277);
#8033=VERTEX_POINT('',#11279);
#8034=VERTEX_POINT('',#11280);
#8035=LINE('',#11281,#11282);
#8036=VERTEX_POINT('',#11284);
#8037=CIRCLE('',#11285,3.6);
#8038=VERTEX_POINT('',#11289);
#8039=LINE('',#11290,#11291);
#8040=CIRCLE('',#11293,3.6);
#8041=VERTEX_POINT('',#11297);
#8042=CIRCLE('',#11298,3.2);
#8043=VERTEX_POINT('',#11302);
#8044=CIRCLE('',#11303,3.2);
#8045=VERTEX_POINT('',#11307);
#8046=CIRCLE('',#11308,3.2);
#8047=VERTEX_POINT('',#11312);
#8048=CIRCLE('',#11313,3.2);
#8049=VERTEX_POINT('',#11317);
#8050=CIRCLE('',#11318,3.2);
#8051=VERTEX_POINT('',#11322);
#8052=VERTEX_POINT('',#11323);
#8053=CIRCLE('',#11324,2.4);
#8054=CIRCLE('',#11328,2.4);
#8055=VERTEX_POINT('',#11332);
#8056=CIRCLE('',#11333,3.2);
#8057=VERTEX_POINT('',#11337);
#8058=VERTEX_POINT('',#11338);
#8059=CIRCLE('',#11339,2.4);
#8060=CIRCLE('',#11343,2.4);
#8061=VERTEX_POINT('',#11347);
#8062=CIRCLE('',#11348,3.2);
#8063=VERTEX_POINT('',#11352);
#8064=VERTEX_POINT('',#11353);
#8065=CIRCLE('',#11354,2.4);
#8066=CIRCLE('',#11358,2.4);
#8067=VERTEX_POINT('',#11362);
#8068=CIRCLE('',#11363,3.8);
#8069=VERTEX_POINT('',#11367);
#8070=LINE('',#11368,#11369);
#8071=LINE('',#11371,#11372);
#8072=VERTEX_POINT('',#11374);
#8073=CIRCLE('',#11375,3.8);
#8074=VERTEX_POINT('',#11379);
#8075=LINE('',#11380,#11381);
#8076=LINE('',#11383,#11384);
#8077=LINE('',#11386,#11387);
#8078=LINE('',#11389,#11390);
#8079=VERTEX_POINT('',#11392);
#8080=LINE('',#11393,#11394);
#8081=VERTEX_POINT('',#11396);
#8082=LINE('',#11397,#11398);
#8083=LINE('',#11400,#11401);
#8084=VERTEX_POINT('',#11403);
#8085=LINE('',#11404,#11405);
#8086=VERTEX_POINT('',#11407);
#8087=LINE('',#11408,#11409);
#8088=LINE('',#11411,#11412);
#8089=CIRCLE('',#11414,3.8);
#8090=CIRCLE('',#11418,3.8);
#8091=VERTEX_POINT('',#11422);
#8092=CIRCLE('',#11423,3.8);
#8093=VERTEX_POINT('',#11427);
#8094=LINE('',#11428,#11429);
#8095=CIRCLE('',#11431,3.8);
#8096=LINE('',#11435,#11436);
#8097=LINE('',#11438,#11439);
#8098=VERTEX_POINT('',#11441);
#8099=LINE('',#11442,#11443);
#8100=VERTEX_POINT('',#11445);
#8101=LINE('',#11446,#11447);
#8102=LINE('',#11449,#11450);
#8103=VERTEX_POINT('',#11452);
#8104=LINE('',#11453,#11454);
#8105=VERTEX_POINT('',#11456);
#8106=LINE('',#11457,#11458);
#8107=LINE('',#11460,#11461);
#8108=VERTEX_POINT('',#11463);
#8109=CIRCLE('',#11464,3.2);
#8110=VERTEX_POINT('',#11468);
#8111=LINE('',#11469,#11470);
#8112=CIRCLE('',#11472,3.2);
#8113=VERTEX_POINT('',#11476);
#8114=LINE('',#11477,#11478);
#8115=VERTEX_POINT('',#11480);
#8116=LINE('',#11481,#11482);
#8117=LINE('',#11484,#11485);
#8118=LINE('',#11487,#11488);
#8119=LINE('',#11490,#11491);
#8120=CIRCLE('',#11493,3.8);
#8121=VERTEX_POINT('',#11497);
#8122=VERTEX_POINT('',#11498);
#8123=CIRCLE('',#11499,2.4);
#8124=CIRCLE('',#11503,2.4);
#8125=VERTEX_POINT('',#11507);
#8126=VERTEX_POINT('',#11508);
#8127=CIRCLE('',#11509,2.4);
#8128=CIRCLE('',#11513,2.4);
#8129=VERTEX_POINT('',#11517);
#8130=VERTEX_POINT('',#11518);
#8131=LINE('',#11519,#11520);
#8132=VERTEX_POINT('',#11522);
#8133=CIRCLE('',#11523,3.6);
#8134=VERTEX_POINT('',#11527);
#8135=LINE('',#11528,#11529);
#8136=CIRCLE('',#11531,3.6);
#8137=LINE('',#11535,#11536);
#8138=LINE('',#11538,#11539);
#8139=LINE('',#11541,#11542);
#8140=LINE('',#11544,#11545);
#8141=VERTEX_POINT('',#11547);
#8142=CIRCLE('',#11548,3.2);
#8143=VERTEX_POINT('',#11552);
#8144=VERTEX_POINT('',#11553);
#8145=CIRCLE('',#11554,2.4);
#8146=CIRCLE('',#11558,2.4);
#8147=VERTEX_POINT('',#11562);
#8148=CIRCLE('',#11563,3.2);
#8149=VERTEX_POINT('',#11567);
#8150=VERTEX_POINT('',#11568);
#8151=CIRCLE('',#11569,2.4);
#8152=CIRCLE('',#11573,2.4);
#8153=VERTEX_POINT('',#11577);
#8154=CIRCLE('',#11578,3.2);
#8155=VERTEX_POINT('',#11582);
#8156=VERTEX_POINT('',#11583);
#8157=CIRCLE('',#11584,2.4);
#8158=CIRCLE('',#11588,2.4);
#8159=VERTEX_POINT('',#11592);
#8160=CIRCLE('',#11593,3.8);
#8161=VERTEX_POINT('',#11597);
#8162=LINE('',#11598,#11599);
#8163=LINE('',#11601,#11602);
#8164=VERTEX_POINT('',#11604);
#8165=CIRCLE('',#11605,3.8);
#8166=VERTEX_POINT('',#11609);
#8167=LINE('',#11610,#11611);
#8168=LINE('',#11613,#11614);
#8169=LINE('',#11616,#11617);
#8170=LINE('',#11619,#11620);
#8171=VERTEX_POINT('',#11622);
#8172=LINE('',#11623,#11624);
#8173=VERTEX_POINT('',#11626);
#8174=LINE('',#11627,#11628);
#8175=LINE('',#11630,#11631);
#8176=VERTEX_POINT('',#11633);
#8177=LINE('',#11634,#11635);
#8178=VERTEX_POINT('',#11637);
#8179=LINE('',#11638,#11639);
#8180=LINE('',#11641,#11642);
#8181=CIRCLE('',#11644,3.8);
#8182=CIRCLE('',#11648,3.8);
#8183=VERTEX_POINT('',#11652);
#8184=CIRCLE('',#11653,3.8);
#8185=VERTEX_POINT('',#11657);
#8186=LINE('',#11658,#11659);
#8187=CIRCLE('',#11661,3.8);
#8188=LINE('',#11665,#11666);
#8189=LINE('',#11668,#11669);
#8190=VERTEX_POINT('',#11671);
#8191=LINE('',#11672,#11673);
#8192=VERTEX_POINT('',#11675);
#8193=LINE('',#11676,#11677);
#8194=LINE('',#11679,#11680);
#8195=VERTEX_POINT('',#11682);
#8196=LINE('',#11683,#11684);
#8197=VERTEX_POINT('',#11686);
#8198=LINE('',#11687,#11688);
#8199=LINE('',#11690,#11691);
#8200=VERTEX_POINT('',#11693);
#8201=CIRCLE('',#11694,3.2);
#8202=VERTEX_POINT('',#11698);
#8203=LINE('',#11699,#11700);
#8204=CIRCLE('',#11702,3.2);
#8205=VERTEX_POINT('',#11706);
#8206=LINE('',#11707,#11708);
#8207=VERTEX_POINT('',#11710);
#8208=LINE('',#11711,#11712);
#8209=LINE('',#11714,#11715);
#8210=LINE('',#11717,#11718);
#8211=LINE('',#11720,#11721);
#8212=CIRCLE('',#11723,3.8);
#8213=VERTEX_POINT('',#11727);
#8214=VERTEX_POINT('',#11728);
#8215=CIRCLE('',#11729,2.4);
#8216=CIRCLE('',#11733,2.4);
#8217=VERTEX_POINT('',#11737);
#8218=VERTEX_POINT('',#11738);
#8219=CIRCLE('',#11739,2.4);
#8220=CIRCLE('',#11743,2.4);
#8221=LINE('',#11747,#11748);
#8222=VERTEX_POINT('',#11750);
#8223=VERTEX_POINT('',#11751);
#8224=LINE('',#11752,#11753);
#8225=VERTEX_POINT('',#11755);
#8226=CIRCLE('',#11756,3.6);
#8227=VERTEX_POINT('',#11760);
#8228=LINE('',#11761,#11762);
#8229=CIRCLE('',#11764,3.6);
#8230=LINE('',#11768,#11769);
#8231=LINE('',#11771,#11772);
#8232=LINE('',#11774,#11775);
#8233=LINE('',#11777,#11778);
#8234=LINE('',#11780,#11781);
#8235=VERTEX_POINT('',#11783);
#8236=CIRCLE('',#11784,3.2);
#8237=VERTEX_POINT('',#11788);
#8238=CIRCLE('',#11789,3.2);
#8239=VERTEX_POINT('',#11793);
#8240=CIRCLE('',#11794,3.2);
#8241=VERTEX_POINT('',#11798);
#8242=VERTEX_POINT('',#11799);
#8243=LINE('',#11800,#11801);
#8244=VERTEX_POINT('',#11803);
#8245=CIRCLE('',#11804,3.6);
#8246=VERTEX_POINT('',#11808);
#8247=LINE('',#11809,#11810);
#8248=CIRCLE('',#11812,3.6);
#8249=VERTEX_POINT('',#11816);
#8250=VERTEX_POINT('',#11817);
#8251=CIRCLE('',#11818,3.6);
#8252=VERTEX_POINT('',#11822);
#8253=LINE('',#11823,#11824);
#8254=VERTEX_POINT('',#11826);
#8255=CIRCLE('',#11827,3.6);
#8256=LINE('',#11831,#11832);
#8257=VERTEX_POINT('',#11834);
#8258=CIRCLE('',#11835,3.2);
#8259=VERTEX_POINT('',#11839);
#8260=CIRCLE('',#11840,3.2);
#8261=VERTEX_POINT('',#11844);
#8262=VERTEX_POINT('',#11845);
#8263=CIRCLE('',#11846,2.4);
#8264=CIRCLE('',#11850,2.4);
#8265=VERTEX_POINT('',#11854);
#8266=CIRCLE('',#11855,3.2);
#8267=VERTEX_POINT('',#11859);
#8268=VERTEX_POINT('',#11860);
#8269=CIRCLE('',#11861,2.4);
#8270=CIRCLE('',#11865,2.4);
#8271=VERTEX_POINT('',#11869);
#8272=CIRCLE('',#11870,3.2);
#8273=VERTEX_POINT('',#11874);
#8274=VERTEX_POINT('',#11875);
#8275=CIRCLE('',#11876,2.4);
#8276=CIRCLE('',#11880,2.4);
#8277=VERTEX_POINT('',#11884);
#8278=VERTEX_POINT('',#11885);
#8279=CIRCLE('',#11886,2.4);
#8280=CIRCLE('',#11890,2.4);
#8281=VERTEX_POINT('',#11894);
#8282=VERTEX_POINT('',#11895);
#8283=CIRCLE('',#11896,2.4);
#8284=CIRCLE('',#11900,2.4);
#8285=VERTEX_POINT('',#11904);
#8286=CIRCLE('',#11905,3.8);
#8287=VERTEX_POINT('',#11909);
#8288=CIRCLE('',#11910,3.8);
#8289=LINE('',#11914,#11915);
#8290=LINE('',#11917,#11918);
#8291=LINE('',#11920,#11921);
#8292=VERTEX_POINT('',#11923);
#8293=LINE('',#11924,#11925);
#8294=VERTEX_POINT('',#11927);
#8295=LINE('',#11928,#11929);
#8296=LINE('',#11931,#11932);
#8297=VERTEX_POINT('',#11934);
#8298=LINE('',#11935,#11936);
#8299=VERTEX_POINT('',#11938);
#8300=LINE('',#11939,#11940);
#8301=LINE('',#11942,#11943);
#8302=CIRCLE('',#11945,3.8);
#8303=CIRCLE('',#11949,3.8);
#8304=VERTEX_POINT('',#11953);
#8305=CIRCLE('',#11954,3.8);
#8306=VERTEX_POINT('',#11958);
#8307=LINE('',#11959,#11960);
#8308=LINE('',#11962,#11963);
#8309=VERTEX_POINT('',#11965);
#8310=CIRCLE('',#11966,3.8);
#8311=VERTEX_POINT('',#11970);
#8312=LINE('',#11971,#11972);
#8313=LINE('',#11974,#11975);
#8314=LINE('',#11977,#11978);
#8315=LINE('',#11980,#11981);
#8316=VERTEX_POINT('',#11983);
#8317=LINE('',#11984,#11985);
#8318=VERTEX_POINT('',#11987);
#8319=LINE('',#11988,#11989);
#8320=VERTEX_POINT('',#11991);
#8321=CIRCLE('',#11992,3.2);
#8322=VERTEX_POINT('',#11996);
#8323=LINE('',#11997,#11998);
#8324=LINE('',#12000,#12001);
#8325=VERTEX_POINT('',#12003);
#8326=LINE('',#12004,#12005);
#8327=CIRCLE('',#12007,3.2);
#8328=VERTEX_POINT('',#12011);
#8329=CIRCLE('',#12012,2.4);
#8330=LINE('',#12016,#12017);
#8331=VERTEX_POINT('',#12019);
#8332=LINE('',#12020,#12021);
#8333=LINE('',#12023,#12024);
#8334=VERTEX_POINT('',#12026);
#8335=LINE('',#12027,#12028);
#8336=LINE('',#12030,#12031);
#8337=VERTEX_POINT('',#12033);
#8338=CIRCLE('',#12034,3.2);
#8339=LINE('',#12038,#12039);
#8340=VERTEX_POINT('',#12041);
#8341=LINE('',#12042,#12043);
#8342=LINE('',#12045,#12046);
#8343=LINE('',#12048,#12049);
#8344=VERTEX_POINT('',#12051);
#8345=VERTEX_POINT('',#12052);
#8346=CIRCLE('',#12053,2.4);
#8347=CIRCLE('',#12057,2.4);
#8348=VERTEX_POINT('',#12061);
#8349=VERTEX_POINT('',#12062);
#8350=CIRCLE('',#12063,2.4);
#8351=CIRCLE('',#12067,2.4);
#8352=VERTEX_POINT('',#12071);
#8353=VERTEX_POINT('',#12072);
#8354=LINE('',#12073,#12074);
#8355=VERTEX_POINT('',#12076);
#8356=CIRCLE('',#12077,3.6);
#8357=VERTEX_POINT('',#12081);
#8358=LINE('',#12082,#12083);
#8359=CIRCLE('',#12085,3.6);
#8360=LINE('',#12089,#12090);
#8361=LINE('',#12092,#12093);
#8362=LINE('',#12095,#12096);
#8363=LINE('',#12098,#12099);
#8364=VERTEX_POINT('',#12101);
#8365=CIRCLE('',#12102,3.2);
#8366=VERTEX_POINT('',#12106);
#8367=LINE('',#12107,#12108);
#8368=LINE('',#12110,#12111);
#8369=VERTEX_POINT('',#12113);
#8370=LINE('',#12114,#12115);
#8371=LINE('',#12117,#12118);
#8372=VERTEX_POINT('',#12120);
#8373=LINE('',#12121,#12122);
#8374=VERTEX_POINT('',#12124);
#8375=LINE('',#12125,#12126);
#8376=LINE('',#12128,#12129);
#8377=VERTEX_POINT('',#12131);
#8378=LINE('',#12132,#12133);
#8379=VERTEX_POINT('',#12135);
#8380=LINE('',#12136,#12137);
#8381=LINE('',#12139,#12140);
#8382=VERTEX_POINT('',#12142);
#8383=LINE('',#12143,#12144);
#8384=LINE('',#12146,#12147);
#8385=VERTEX_POINT('',#12149);
#8386=LINE('',#12150,#12151);
#8387=VERTEX_POINT('',#12153);
#8388=LINE('',#12154,#12155);
#8389=LINE('',#12157,#12158);
#8390=CIRCLE('',#12160,3.2);
#8391=CIRCLE('',#12164,3.2);
#8392=VERTEX_POINT('',#12168);
#8393=CIRCLE('',#12169,2.4);
#8394=CIRCLE('',#12173,3.2);
#8395=CIRCLE('',#12177,3.2);
#8396=VERTEX_POINT('',#12181);
#8397=CIRCLE('',#12182,2.4);
#8398=VERTEX_POINT('',#12186);
#8399=LINE('',#12187,#12188);
#8400=LINE('',#12190,#12191);
#8401=VERTEX_POINT('',#12193);
#8402=LINE('',#12194,#12195);
#8403=LINE('',#12197,#12198);
#8404=VERTEX_POINT('',#12200);
#8405=LINE('',#12201,#12202);
#8406=LINE('',#12204,#12205);
#8407=VERTEX_POINT('',#12207);
#8408=LINE('',#12208,#12209);
#8409=LINE('',#12211,#12212);
#8410=VERTEX_POINT('',#12214);
#8411=LINE('',#12215,#12216);
#8412=LINE('',#12218,#12219);
#8413=VERTEX_POINT('',#12221);
#8414=LINE('',#12222,#12223);
#8415=LINE('',#12225,#12226);
#8416=VERTEX_POINT('',#12228);
#8417=LINE('',#12229,#12230);
#8418=LINE('',#12232,#12233);
#8419=CIRCLE('',#12235,3.2);
#8420=CIRCLE('',#12239,3.2);
#8421=VERTEX_POINT('',#12243);
#8422=CIRCLE('',#12244,2.4);
#8423=CIRCLE('',#12248,3.2);
#8424=VERTEX_POINT('',#12252);
#8425=CIRCLE('',#12253,3.2);
#8426=VERTEX_POINT('',#12257);
#8427=CIRCLE('',#12258,2.4);
#8428=VERTEX_POINT('',#12262);
#8429=CIRCLE('',#12263,3.2);
#8430=VERTEX_POINT('',#12267);
#8431=VERTEX_POINT('',#12268);
#8432=CIRCLE('',#12269,2.4);
#8433=CIRCLE('',#12273,2.4);
#8434=CIRCLE('',#12277,3.2);
#8435=VERTEX_POINT('',#12281);
#8436=VERTEX_POINT('',#12282);
#8437=CIRCLE('',#12283,2.4);
#8438=CIRCLE('',#12287,2.4);
#8439=VERTEX_POINT('',#12291);
#8440=CIRCLE('',#12292,3.2);
#8441=VERTEX_POINT('',#12296);
#8442=CIRCLE('',#12297,2.4);
#8443=VERTEX_POINT('',#12301);
#8444=VERTEX_POINT('',#12302);
#8445=CIRCLE('',#12303,2.4);
#8446=CIRCLE('',#12307,2.4);
#8447=VERTEX_POINT('',#12311);
#8448=CIRCLE('',#12312,3.2);
#8449=VERTEX_POINT('',#12316);
#8450=VERTEX_POINT('',#12317);
#8451=CIRCLE('',#12318,2.4);
#8452=CIRCLE('',#12322,2.4);
#8453=CIRCLE('',#12326,3.2);
#8454=VERTEX_POINT('',#12330);
#8455=VERTEX_POINT('',#12331);
#8456=CIRCLE('',#12332,2.4);
#8457=CIRCLE('',#12336,2.4);
#8458=VERTEX_POINT('',#12340);
#8459=CIRCLE('',#12341,3.2);
#8460=VERTEX_POINT('',#12345);
#8461=VERTEX_POINT('',#12346);
#8462=CIRCLE('',#12347,2.4);
#8463=CIRCLE('',#12351,2.4);
#8464=VERTEX_POINT('',#12355);
#8465=CIRCLE('',#12356,3.2);
#8466=VERTEX_POINT('',#12360);
#8467=VERTEX_POINT('',#12361);
#8468=CIRCLE('',#12362,2.4);
#8469=CIRCLE('',#12366,2.4);
#8470=LINE('',#12370,#12371);
#8471=VERTEX_POINT('',#12373);
#8472=VERTEX_POINT('',#12374);
#8473=CIRCLE('',#12375,2.4);
#8474=CIRCLE('',#12379,2.4);
#8475=VERTEX_POINT('',#12383);
#8476=CIRCLE('',#12384,3.2);
#8477=VERTEX_POINT('',#12388);
#8478=VERTEX_POINT('',#12389);
#8479=CIRCLE('',#12390,2.4);
#8480=CIRCLE('',#12394,2.4);
#8481=CIRCLE('',#12398,3.2);
#8482=LINE('',#12402,#12403);
#8483=VERTEX_POINT('',#12405);
#8484=VERTEX_POINT('',#12406);
#8485=CIRCLE('',#12407,2.4);
#8486=CIRCLE('',#12411,2.4);
#8487=VERTEX_POINT('',#12415);
#8488=CIRCLE('',#12416,3.2);
#8489=VERTEX_POINT('',#12420);
#8490=VERTEX_POINT('',#12421);
#8491=CIRCLE('',#12422,2.4);
#8492=CIRCLE('',#12426,2.4);
#8493=LINE('',#12430,#12431);
#8494=VERTEX_POINT('',#12433);
#8495=VERTEX_POINT('',#12434);
#8496=CIRCLE('',#12435,2.4);
#8497=CIRCLE('',#12439,2.4);
#8498=VERTEX_POINT('',#12443);
#8499=CIRCLE('',#12444,3.2);
#8500=VERTEX_POINT('',#12448);
#8501=CIRCLE('',#12449,2.4);
#8502=CIRCLE('',#12453,3.2);
#8503=VERTEX_POINT('',#12457);
#8504=CIRCLE('',#12458,2.4);
#8505=VERTEX_POINT('',#12462);
#8506=CIRCLE('',#12463,3.2);
#8507=VERTEX_POINT('',#12467);
#8508=CIRCLE('',#12468,2.4);
#8509=VERTEX_POINT('',#12472);
#8510=VERTEX_POINT('',#12473);
#8511=CIRCLE('',#12474,3.2);
#8512=CIRCLE('',#12478,3.2);
#8513=VERTEX_POINT('',#12482);
#8514=VERTEX_POINT('',#12483);
#8515=CIRCLE('',#12484,2.4);
#8516=CIRCLE('',#12488,2.4);
#8517=VERTEX_POINT('',#12492);
#8518=CIRCLE('',#12493,3.2);
#8519=VERTEX_POINT('',#12497);
#8520=VERTEX_POINT('',#12498);
#8521=CIRCLE('',#12499,2.4);
#8522=CIRCLE('',#12503,2.4);
#8523=VERTEX_POINT('',#12507);
#8524=CIRCLE('',#12508,3.2);
#8525=VERTEX_POINT('',#12512);
#8526=CIRCLE('',#12513,3.2);
#8527=VERTEX_POINT('',#12517);
#8528=VERTEX_POINT('',#12518);
#8529=CIRCLE('',#12519,2.4);
#8530=CIRCLE('',#12523,2.4);
#8531=VERTEX_POINT('',#12527);
#8532=CIRCLE('',#12528,3.2);
#8533=VERTEX_POINT('',#12532);
#8534=VERTEX_POINT('',#12533);
#8535=CIRCLE('',#12534,2.4);
#8536=CIRCLE('',#12538,2.4);
#8537=VERTEX_POINT('',#12542);
#8538=CIRCLE('',#12543,3.2);
#8539=VERTEX_POINT('',#12547);
#8540=CIRCLE('',#12548,3.2);
#8541=VERTEX_POINT('',#12552);
#8542=VERTEX_POINT('',#12553);
#8543=CIRCLE('',#12554,2.4);
#8544=CIRCLE('',#12558,2.4);
#8545=VERTEX_POINT('',#12562);
#8546=VERTEX_POINT('',#12563);
#8547=CIRCLE('',#12564,3.2);
#8548=CIRCLE('',#12568,3.2);
#8549=VERTEX_POINT('',#12572);
#8550=VERTEX_POINT('',#12573);
#8551=CIRCLE('',#12574,2.4);
#8552=CIRCLE('',#12578,2.4);
#8553=VERTEX_POINT('',#12582);
#8554=VERTEX_POINT('',#12583);
#8555=CIRCLE('',#12584,3.2);
#8556=CIRCLE('',#12588,3.2);
#8557=VERTEX_POINT('',#12592);
#8558=VERTEX_POINT('',#12593);
#8559=CIRCLE('',#12594,2.4);
#8560=CIRCLE('',#12598,2.4);
#8561=VERTEX_POINT('',#12602);
#8562=CIRCLE('',#12603,3.2);
#8563=VERTEX_POINT('',#12607);
#8564=VERTEX_POINT('',#12608);
#8565=CIRCLE('',#12609,2.4);
#8566=CIRCLE('',#12613,2.4);
#8567=VERTEX_POINT('',#12617);
#8568=CIRCLE('',#12618,3.2);
#8569=VERTEX_POINT('',#12622);
#8570=VERTEX_POINT('',#12623);
#8571=CIRCLE('',#12624,2.4);
#8572=CIRCLE('',#12628,2.4);
#8573=VERTEX_POINT('',#12632);
#8574=CIRCLE('',#12633,3.2);
#8575=VERTEX_POINT('',#12637);
#8576=VERTEX_POINT('',#12638);
#8577=CIRCLE('',#12639,2.4);
#8578=CIRCLE('',#12643,2.4);
#8579=VERTEX_POINT('',#12647);
#8580=CIRCLE('',#12648,3.2);
#8581=VERTEX_POINT('',#12652);
#8582=VERTEX_POINT('',#12653);
#8583=CIRCLE('',#12654,2.4);
#8584=CIRCLE('',#12658,2.4);
#8585=VERTEX_POINT('',#12662);
#8586=VERTEX_POINT('',#12663);
#8587=CIRCLE('',#12664,2.4);
#8588=CIRCLE('',#12668,2.4);
#8589=VERTEX_POINT('',#12672);
#8590=CIRCLE('',#12673,3.2);
#8591=VERTEX_POINT('',#12677);
#8592=VERTEX_POINT('',#12678);
#8593=CIRCLE('',#12679,2.4);
#8594=CIRCLE('',#12683,2.4);
#8595=VERTEX_POINT('',#12687);
#8596=CIRCLE('',#12688,3.2);
#8597=VERTEX_POINT('',#12692);
#8598=CIRCLE('',#12693,2.4);
#8599=VERTEX_POINT('',#12697);
#8600=VERTEX_POINT('',#12698);
#8601=CIRCLE('',#12699,3.2);
#8602=CIRCLE('',#12703,3.2);
#8603=VERTEX_POINT('',#12707);
#8604=LINE('',#12708,#12709);
#8605=VERTEX_POINT('',#12711);
#8606=LINE('',#12712,#12713);
#8607=CIRCLE('',#12715,3.6);
#8608=VERTEX_POINT('',#12719);
#8609=LINE('',#12720,#12721);
#8610=VERTEX_POINT('',#12723);
#8611=CIRCLE('',#12724,3.6);
#8612=LINE('',#12728,#12729);
#8613=VERTEX_POINT('',#12731);
#8614=LINE('',#12732,#12733);
#8615=VERTEX_POINT('',#12735);
#8616=CIRCLE('',#12736,3.6);
#8617=LINE('',#12740,#12741);
#8618=VERTEX_POINT('',#12743);
#8619=LINE('',#12744,#12745);
#8620=VERTEX_POINT('',#12747);
#8621=CIRCLE('',#12748,3.6);
#8622=LINE('',#12752,#12753);
#8623=LINE('',#12755,#12756);
#8624=LINE('',#12758,#12759);
#8625=VERTEX_POINT('',#12761);
#8626=LINE('',#12762,#12763);
#8627=VERTEX_POINT('',#12765);
#8628=LINE('',#12766,#12767);
#8629=CIRCLE('',#12769,3.6);
#8630=VERTEX_POINT('',#12773);
#8631=LINE('',#12774,#12775);
#8632=VERTEX_POINT('',#12777);
#8633=CIRCLE('',#12778,3.6);
#8634=LINE('',#12782,#12783);
#8635=VERTEX_POINT('',#12785);
#8636=LINE('',#12786,#12787);
#8637=VERTEX_POINT('',#12789);
#8638=CIRCLE('',#12790,3.6);
#8639=LINE('',#12794,#12795);
#8640=VERTEX_POINT('',#12797);
#8641=LINE('',#12798,#12799);
#8642=VERTEX_POINT('',#12801);
#8643=CIRCLE('',#12802,3.6);
#8644=LINE('',#12806,#12807);
#8645=LINE('',#12809,#12810);
#8646=LINE('',#12812,#12813);
#8647=LINE('',#12815,#12816);
#8648=LINE('',#12818,#12819);
#8649=LINE('',#12821,#12822);
#8650=LINE('',#12824,#12825);
#8651=VERTEX_POINT('',#12827);
#8652=VERTEX_POINT('',#12828);
#8653=CIRCLE('',#12829,3.6);
#8654=VERTEX_POINT('',#12833);
#8655=LINE('',#12834,#12835);
#8656=VERTEX_POINT('',#12837);
#8657=CIRCLE('',#12838,3.6);
#8658=LINE('',#12842,#12843);
#8659=VERTEX_POINT('',#12845);
#8660=VERTEX_POINT('',#12846);
#8661=CIRCLE('',#12847,3.6);
#8662=VERTEX_POINT('',#12851);
#8663=LINE('',#12852,#12853);
#8664=VERTEX_POINT('',#12855);
#8665=CIRCLE('',#12856,3.6);
#8666=LINE('',#12860,#12861);
#8667=VERTEX_POINT('',#12863);
#8668=VERTEX_POINT('',#12864);
#8669=CIRCLE('',#12865,3.6);
#8670=VERTEX_POINT('',#12869);
#8671=LINE('',#12870,#12871);
#8672=VERTEX_POINT('',#12873);
#8673=CIRCLE('',#12874,3.6);
#8674=LINE('',#12878,#12879);
#8675=VERTEX_POINT('',#12881);
#8676=VERTEX_POINT('',#12882);
#8677=CIRCLE('',#12883,3.6);
#8678=VERTEX_POINT('',#12887);
#8679=LINE('',#12888,#12889);
#8680=VERTEX_POINT('',#12891);
#8681=CIRCLE('',#12892,3.6);
#8682=LINE('',#12896,#12897);
#8683=VERTEX_POINT('',#12899);
#8684=VERTEX_POINT('',#12900);
#8685=CIRCLE('',#12901,3.6);
#8686=VERTEX_POINT('',#12905);
#8687=LINE('',#12906,#12907);
#8688=VERTEX_POINT('',#12909);
#8689=CIRCLE('',#12910,3.6);
#8690=LINE('',#12914,#12915);
#8691=VERTEX_POINT('',#12917);
#8692=VERTEX_POINT('',#12918);
#8693=CIRCLE('',#12919,3.6);
#8694=VERTEX_POINT('',#12923);
#8695=LINE('',#12924,#12925);
#8696=VERTEX_POINT('',#12927);
#8697=CIRCLE('',#12928,3.6);
#8698=LINE('',#12932,#12933);
#8699=VERTEX_POINT('',#12935);
#8700=LINE('',#12936,#12937);
#8701=LINE('',#12939,#12940);
#8702=VERTEX_POINT('',#12942);
#8703=LINE('',#12943,#12944);
#8704=LINE('',#12946,#12947);
#8705=VERTEX_POINT('',#12949);
#8706=LINE('',#12950,#12951);
#8707=CIRCLE('',#12953,4.);
#8708=VERTEX_POINT('',#12957);
#8709=LINE('',#12958,#12959);
#8710=VERTEX_POINT('',#12961);
#8711=LINE('',#12962,#12963);
#8712=VERTEX_POINT('',#12965);
#8713=LINE('',#12966,#12967);
#8714=VERTEX_POINT('',#12969);
#8715=LINE('',#12970,#12971);
#8716=LINE('',#12973,#12974);
#8717=VERTEX_POINT('',#12976);
#8718=LINE('',#12977,#12978);
#8719=CIRCLE('',#12980,4.);
#8720=VERTEX_POINT('',#12984);
#8721=LINE('',#12985,#12986);
#8722=LINE('',#12988,#12989);
#8723=VERTEX_POINT('',#12991);
#8724=LINE('',#12992,#12993);
#8725=LINE('',#12995,#12996);
#8726=VERTEX_POINT('',#12998);
#8727=LINE('',#12999,#13000);
#8728=CIRCLE('',#13002,4.);
#8729=VERTEX_POINT('',#13006);
#8730=LINE('',#13007,#13008);
#8731=VERTEX_POINT('',#13010);
#8732=LINE('',#13011,#13012);
#8733=VERTEX_POINT('',#13014);
#8734=LINE('',#13015,#13016);
#8735=VERTEX_POINT('',#13018);
#8736=LINE('',#13019,#13020);
#8737=LINE('',#13022,#13023);
#8738=VERTEX_POINT('',#13025);
#8739=LINE('',#13026,#13027);
#8740=CIRCLE('',#13029,4.);
#8741=VERTEX_POINT('',#13033);
#8742=LINE('',#13034,#13035);
#8743=LINE('',#13037,#13038);
#8744=VERTEX_POINT('',#13040);
#8745=LINE('',#13041,#13042);
#8746=LINE('',#13044,#13045);
#8747=VERTEX_POINT('',#13047);
#8748=LINE('',#13048,#13049);
#8749=CIRCLE('',#13051,4.);
#8750=VERTEX_POINT('',#13055);
#8751=LINE('',#13056,#13057);
#8752=VERTEX_POINT('',#13059);
#8753=LINE('',#13060,#13061);
#8754=VERTEX_POINT('',#13063);
#8755=LINE('',#13064,#13065);
#8756=VERTEX_POINT('',#13067);
#8757=LINE('',#13068,#13069);
#8758=LINE('',#13071,#13072);
#8759=VERTEX_POINT('',#13074);
#8760=LINE('',#13075,#13076);
#8761=CIRCLE('',#13078,4.);
#8762=VERTEX_POINT('',#13082);
#8763=VERTEX_POINT('',#13083);
#8764=CIRCLE('',#13084,4.);
#8765=LINE('',#13088,#13089);
#8766=LINE('',#13091,#13092);
#8767=VERTEX_POINT('',#13094);
#8768=VERTEX_POINT('',#13095);
#8769=CIRCLE('',#13096,4.);
#8770=LINE('',#13100,#13101);
#8771=LINE('',#13103,#13104);
#8772=VERTEX_POINT('',#13106);
#8773=VERTEX_POINT('',#13107);
#8774=CIRCLE('',#13108,4.);
#8775=LINE('',#13112,#13113);
#8776=LINE('',#13115,#13116);
#8777=VERTEX_POINT('',#13118);
#8778=VERTEX_POINT('',#13119);
#8779=CIRCLE('',#13120,4.);
#8780=LINE('',#13124,#13125);
#8781=LINE('',#13127,#13128);
#8782=LINE('',#13130,#13131);
#8783=VERTEX_POINT('',#13133);
#8784=CIRCLE('',#13134,4.);
#8785=VERTEX_POINT('',#13138);
#8786=CIRCLE('',#13139,4.);
#8787=LINE('',#13143,#13144);
#8788=VERTEX_POINT('',#13146);
#8789=CIRCLE('',#13147,4.);
#8790=VERTEX_POINT('',#13151);
#8791=CIRCLE('',#13152,4.);
#8792=LINE('',#13156,#13157);
#8793=VERTEX_POINT('',#13159);
#8794=VERTEX_POINT('',#13160);
#8795=LINE('',#13161,#13162);
#8796=CIRCLE('',#13164,4.);
#8797=CIRCLE('',#13168,4.);
#8798=LINE('',#13172,#13173);
#8799=LINE('',#13175,#13176);
#8800=VERTEX_POINT('',#13178);
#8801=CIRCLE('',#13179,4.);
#8802=LINE('',#13183,#13184);
#8803=VERTEX_POINT('',#13186);
#8804=CIRCLE('',#13187,4.);
#8805=LINE('',#13191,#13192);
#8806=VERTEX_POINT('',#13194);
#8807=CIRCLE('',#13195,4.);
#8808=LINE('',#13199,#13200);
#8809=VERTEX_POINT('',#13202);
#8810=VERTEX_POINT('',#13203);
#8811=CIRCLE('',#13204,4.);
#8812=LINE('',#13208,#13209);
#8813=LINE('',#13211,#13212);
#8814=VERTEX_POINT('',#13214);
#8815=VERTEX_POINT('',#13215);
#8816=CIRCLE('',#13216,4.);
#8817=LINE('',#13220,#13221);
#8818=LINE('',#13223,#13224);
#8819=VERTEX_POINT('',#13226);
#8820=VERTEX_POINT('',#13227);
#8821=CIRCLE('',#13228,4.);
#8822=LINE('',#13232,#13233);
#8823=LINE('',#13235,#13236);
#8824=VERTEX_POINT('',#13238);
#8825=VERTEX_POINT('',#13239);
#8826=CIRCLE('',#13240,4.);
#8827=LINE('',#13244,#13245);
#8828=LINE('',#13247,#13248);
#8829=VERTEX_POINT('',#13250);
#8830=VERTEX_POINT('',#13251);
#8831=CIRCLE('',#13252,4.);
#8832=LINE('',#13256,#13257);
#8833=LINE('',#13259,#13260);
#8834=VERTEX_POINT('',#13262);
#8835=VERTEX_POINT('',#13263);
#8836=CIRCLE('',#13264,3.6);
#8837=LINE('',#13268,#13269);
#8838=LINE('',#13271,#13272);
#8839=VERTEX_POINT('',#13274);
#8840=VERTEX_POINT('',#13275);
#8841=CIRCLE('',#13276,3.6);
#8842=LINE('',#13280,#13281);
#8843=LINE('',#13283,#13284);
#8844=VERTEX_POINT('',#13286);
#8845=VERTEX_POINT('',#13287);
#8846=CIRCLE('',#13288,4.);
#8847=LINE('',#13292,#13293);
#8848=LINE('',#13295,#13296);
#8849=VERTEX_POINT('',#13298);
#8850=VERTEX_POINT('',#13299);
#8851=CIRCLE('',#13300,4.);
#8852=LINE('',#13304,#13305);
#8853=LINE('',#13307,#13308);
#8854=VERTEX_POINT('',#13310);
#8855=VERTEX_POINT('',#13311);
#8856=CIRCLE('',#13312,4.);
#8857=LINE('',#13316,#13317);
#8858=LINE('',#13319,#13320);
#8859=LINE('',#13322,#13323);
#8860=LINE('',#13325,#13326);
#8861=VERTEX_POINT('',#13328);
#8862=LINE('',#13329,#13330);
#8863=LINE('',#13332,#13333);
#8864=CIRCLE('',#13335,4.);
#8865=LINE('',#13339,#13340);
#8866=LINE('',#13342,#13343);
#8867=VERTEX_POINT('',#13345);
#8868=LINE('',#13346,#13347);
#8869=LINE('',#13349,#13350);
#8870=CIRCLE('',#13352,4.);
#8871=LINE('',#13356,#13357);
#8872=LINE('',#13359,#13360);
#8873=VERTEX_POINT('',#13362);
#8874=LINE('',#13363,#13364);
#8875=LINE('',#13366,#13367);
#8876=CIRCLE('',#13369,4.);
#8877=VERTEX_POINT('',#13373);
#8878=LINE('',#13374,#13375);
#8879=LINE('',#13377,#13378);
#8880=VERTEX_POINT('',#13380);
#8881=LINE('',#13381,#13382);
#8882=LINE('',#13384,#13385);
#8883=CIRCLE('',#13387,3.6);
#8884=VERTEX_POINT('',#13391);
#8885=LINE('',#13392,#13393);
#8886=LINE('',#13395,#13396);
#8887=VERTEX_POINT('',#13398);
#8888=LINE('',#13399,#13400);
#8889=LINE('',#13402,#13403);
#8890=CIRCLE('',#13405,3.6);
#8891=VERTEX_POINT('',#13409);
#8892=VERTEX_POINT('',#13410);
#8893=LINE('',#13411,#13412);
#8894=LINE('',#13414,#13415);
#8895=LINE('',#13417,#13418);
#8896=VERTEX_POINT('',#13420);
#8897=VERTEX_POINT('',#13421);
#8898=LINE('',#13422,#13423);
#8899=LINE('',#13425,#13426);
#8900=LINE('',#13428,#13429);
#8901=CIRCLE('',#13431,3.6);
#8902=CIRCLE('',#13435,3.6);
#8903=VERTEX_POINT('',#13439);
#8904=VERTEX_POINT('',#13440);
#8905=LINE('',#13441,#13442);
#8906=LINE('',#13444,#13445);
#8907=LINE('',#13447,#13448);
#8908=VERTEX_POINT('',#13450);
#8909=VERTEX_POINT('',#13451);
#8910=LINE('',#13452,#13453);
#8911=LINE('',#13455,#13456);
#8912=LINE('',#13458,#13459);
#8913=CIRCLE('',#13461,3.6);
#8914=CIRCLE('',#13465,3.6);
#8915=VERTEX_POINT('',#13469);
#8916=VERTEX_POINT('',#13470);
#8917=LINE('',#13471,#13472);
#8918=LINE('',#13474,#13475);
#8919=LINE('',#13477,#13478);
#8920=VERTEX_POINT('',#13480);
#8921=VERTEX_POINT('',#13481);
#8922=LINE('',#13482,#13483);
#8923=LINE('',#13485,#13486);
#8924=LINE('',#13488,#13489);
#8925=CIRCLE('',#13491,3.6);
#8926=CIRCLE('',#13495,3.6);
#8927=VERTEX_POINT('',#13499);
#8928=VERTEX_POINT('',#13500);
#8929=LINE('',#13501,#13502);
#8930=LINE('',#13504,#13505);
#8931=LINE('',#13507,#13508);
#8932=VERTEX_POINT('',#13510);
#8933=VERTEX_POINT('',#13511);
#8934=LINE('',#13512,#13513);
#8935=LINE('',#13515,#13516);
#8936=LINE('',#13518,#13519);
#8937=CIRCLE('',#13521,3.6);
#8938=CIRCLE('',#13525,3.6);
#8939=CARTESIAN_POINT('',(40.,19.9,3.8));
#8940=CARTESIAN_POINT('',(40.,20.,3.7));
#8941=AXIS2_PLACEMENT_3D('',#8942,#8943,#8944);
#8942=CARTESIAN_POINT('',(40.,19.9,3.7));
#8943=DIRECTION('',(-1.,0.,0.));
#8944=DIRECTION('',(0.,6.12323399573677E-17,1.));
#8945=CARTESIAN_POINT('',(24.,20.,3.7));
#8946=CARTESIAN_POINT('',(40.,20.,3.7));
#8947=VECTOR('',#8948,1.);
#8948=DIRECTION('',(-1.,0.,0.));
#8949=CARTESIAN_POINT('',(24.8888194417316,19.9,3.8));
#8950=CARTESIAN_POINT('',(24.8888194417316,19.9,3.8));
#8951=CARTESIAN_POINT('',(24.8732598421015,19.9035467196523,3.79999890885167));
#8952=CARTESIAN_POINT('',(24.836305119048,19.911737574398,3.79955815728579));
#8953=CARTESIAN_POINT('',(24.7708771106529,19.9252639630538,3.79715889093179));
#8954=CARTESIAN_POINT('',(24.6853740920021,19.9412478553879,3.79171563909542));
#8955=CARTESIAN_POINT('',(24.5836744243775,19.9577082154832,3.7824665570906));
#8956=CARTESIAN_POINT('',(24.4707882788823,19.9727643627355,3.76954048143372));
#8957=CARTESIAN_POINT('',(24.3604712578683,19.984223337143,3.75490088418137));
#8958=CARTESIAN_POINT('',(24.2613493931949,19.9917909247335,3.74055479961689));
#8959=CARTESIAN_POINT('',(24.1818448516309,19.9960677958934,3.72850255771902));
#8960=CARTESIAN_POINT('',(24.1159168091431,19.9984657736165,3.71827235409496));
#8961=CARTESIAN_POINT('',(24.0572714482107,19.9997304941537,3.70905590877497));
#8962=CARTESIAN_POINT('',(24.018956232459,20.0000008536106,3.7029966537148));
#8963=CARTESIAN_POINT('',(24.,20.,3.7));
#8964=CARTESIAN_POINT('',(24.8888194417316,19.9,3.8));
#8965=VECTOR('',#8966,1.);
#8966=DIRECTION('',(1.,0.,0.));
#8967=CARTESIAN_POINT('',(40.,19.9,-3.8));
#8968=CARTESIAN_POINT('',(40.,20.,-3.7));
#8969=AXIS2_PLACEMENT_3D('',#8970,#8971,#8972);
#8970=CARTESIAN_POINT('',(40.,19.9,-3.7));
#8971=DIRECTION('',(1.,0.,1.22464679914735E-16));
#8972=DIRECTION('',(1.22464679914735E-16,0.,-1.));
#8973=AXIS2_PLACEMENT_3D('',#8974,#8975,#8976);
#8974=CARTESIAN_POINT('',(40.,20.,-2.220446E-15));
#8975=DIRECTION('',(0.,-1.,0.));
#8976=DIRECTION('',(0.,0.,-1.));
#8977=AXIS2_PLACEMENT_3D('',#8978,#8979,#8980);
#8978=CARTESIAN_POINT('',(40.,19.9,-2.220446E-15));
#8979=DIRECTION('',(0.,1.,0.));
#8980=DIRECTION('',(0.,0.,1.));
#8981=CARTESIAN_POINT('',(24.8888194417316,19.9,-3.8));
#8982=CARTESIAN_POINT('',(24.,20.,-3.7));
#8983=CARTESIAN_POINT('',(24.,20.,-3.7));
#8984=CARTESIAN_POINT('',(24.0210360545894,20.0000012998985,-3.7033252113883));
#8985=CARTESIAN_POINT('',(24.0636318202109,19.9996677823073,-3.71006182165192));
#8986=CARTESIAN_POINT('',(24.1289821084521,19.9981013166705,-3.720317225435));
#8987=CARTESIAN_POINT('',(24.2026422368237,19.9951182868192,-3.73169513488412));
#8988=CARTESIAN_POINT('',(24.2910515391306,19.989814057173,-3.74495523322331));
#8989=CARTESIAN_POINT('',(24.3995897011442,19.9805795450473,-3.76030281585675));
#8990=CARTESIAN_POINT('',(24.5158903538901,19.9671996295442,-3.77502658947452));
#8991=CARTESIAN_POINT('',(24.6280636742474,19.950861856885,-3.78682532456001));
#8992=CARTESIAN_POINT('',(24.7260125297171,19.9339236689998,-3.79463364596178));
#8993=CARTESIAN_POINT('',(24.8117498751825,19.9170471505709,-3.79901329998364));
#8994=CARTESIAN_POINT('',(24.8640576503717,19.9056463843866,-3.79999590733299));
#8995=CARTESIAN_POINT('',(24.8888194417316,19.9,-3.8));
#8996=CARTESIAN_POINT('',(24.,20.,-3.7));
#8997=VECTOR('',#8998,1.);
#8998=DIRECTION('',(1.,0.,0.));
#8999=CARTESIAN_POINT('',(40.,19.9,-3.8));
#9000=VECTOR('',#9001,1.);
#9001=DIRECTION('',(-1.,0.,0.));
#9002=CARTESIAN_POINT('',(40.,12.8,-3.8));
#9003=CARTESIAN_POINT('',(40.,19.9,-3.8));
#9004=VECTOR('',#9005,1.);
#9005=DIRECTION('',(0.,-1.,0.));
#9006=CARTESIAN_POINT('',(40.,12.,-3.8));
#9007=CARTESIAN_POINT('',(40.,12.8,-3.8));
#9008=VECTOR('',#9009,1.);
#9009=DIRECTION('',(0.,-1.,0.));
#9010=CARTESIAN_POINT('',(27.9,12.,-3.8));
#9011=CARTESIAN_POINT('',(27.9,12.,-3.8));
#9012=VECTOR('',#9013,1.);
#9013=DIRECTION('',(1.,0.,0.));
#9014=CARTESIAN_POINT('',(27.9,-12.,-3.8));
#9015=CARTESIAN_POINT('',(27.9,-12.,-3.8));
#9016=VECTOR('',#9017,1.);
#9017=DIRECTION('',(-1.48029736616688E-16,1.,0.));
#9018=CARTESIAN_POINT('',(40.,-12.,-3.8));
#9019=CARTESIAN_POINT('',(40.,-12.,-3.8));
#9020=VECTOR('',#9021,1.);
#9021=DIRECTION('',(-1.,0.,0.));
#9022=CARTESIAN_POINT('',(40.,-12.8,-3.8));
#9023=CARTESIAN_POINT('',(40.,-12.8,-3.8));
#9024=VECTOR('',#9025,1.);
#9025=DIRECTION('',(0.,1.,0.));
#9026=CARTESIAN_POINT('',(40.,-19.9,-3.8));
#9027=CARTESIAN_POINT('',(40.,-19.9,-3.8));
#9028=VECTOR('',#9029,1.);
#9029=DIRECTION('',(0.,1.,0.));
#9030=CARTESIAN_POINT('',(24.8888194417316,-19.9,-3.8));
#9031=CARTESIAN_POINT('',(24.8888194417316,-19.9,-3.8));
#9032=VECTOR('',#9033,1.);
#9033=DIRECTION('',(1.,0.,0.));
#9034=CARTESIAN_POINT('',(28.,-16.,-3.8));
#9035=AXIS2_PLACEMENT_3D('',#9036,#9037,#9038);
#9036=CARTESIAN_POINT('',(24.,-16.,-3.8));
#9037=DIRECTION('',(0.,0.,-1.));
#9038=DIRECTION('',(1.,0.,0.));
#9039=CARTESIAN_POINT('',(28.,-18.9,-3.8));
#9040=CARTESIAN_POINT('',(28.,-16.,-3.8));
#9041=VECTOR('',#9042,1.);
#9042=DIRECTION('',(0.,-1.,0.));
#9043=CARTESIAN_POINT('',(32.,-18.9,-3.8));
#9044=CARTESIAN_POINT('',(28.,-18.9,-3.8));
#9045=VECTOR('',#9046,1.);
#9046=DIRECTION('',(1.,0.,0.));
#9047=CARTESIAN_POINT('',(32.,-13.1,-3.8));
#9048=CARTESIAN_POINT('',(32.,-18.9,-3.8));
#9049=VECTOR('',#9050,1.);
#9050=DIRECTION('',(0.,1.,0.));
#9051=CARTESIAN_POINT('',(28.,-13.1,-3.8));
#9052=CARTESIAN_POINT('',(32.,-13.1,-3.8));
#9053=VECTOR('',#9054,1.);
#9054=DIRECTION('',(-1.,0.,0.));
#9055=CARTESIAN_POINT('',(28.,-13.1,-3.8));
#9056=VECTOR('',#9057,1.);
#9057=DIRECTION('',(0.,-1.,0.));
#9058=CARTESIAN_POINT('',(24.,-12.,-3.8));
#9059=AXIS2_PLACEMENT_3D('',#9060,#9061,#9062);
#9060=CARTESIAN_POINT('',(24.,-16.,-3.8));
#9061=DIRECTION('',(0.,0.,-1.));
#9062=DIRECTION('',(-1.77635683940025E-15,1.,0.));
#9063=CARTESIAN_POINT('',(20.1,-12.,-3.8));
#9064=CARTESIAN_POINT('',(20.1,-12.,-3.8));
#9065=VECTOR('',#9066,1.);
#9066=DIRECTION('',(1.,0.,0.));
#9067=CARTESIAN_POINT('',(20.1,-11.2,-3.8));
#9068=CARTESIAN_POINT('',(20.1,-11.2,-3.8));
#9069=VECTOR('',#9070,1.);
#9070=DIRECTION('',(0.,-1.,0.));
#9071=CARTESIAN_POINT('',(20.8,-11.2,-3.8));
#9072=CARTESIAN_POINT('',(20.1,-11.2,-3.8));
#9073=VECTOR('',#9074,1.);
#9074=DIRECTION('',(1.,0.,0.));
#9075=CARTESIAN_POINT('',(20.8,-4.8,-3.8));
#9076=CARTESIAN_POINT('',(20.8,-11.2,-3.8));
#9077=VECTOR('',#9078,1.);
#9078=DIRECTION('',(-5.55111512312578E-16,1.,0.));
#9079=CARTESIAN_POINT('',(20.1,-4.8,-3.8));
#9080=CARTESIAN_POINT('',(20.8,-4.8,-3.8));
#9081=VECTOR('',#9082,1.);
#9082=DIRECTION('',(-1.,0.,0.));
#9083=CARTESIAN_POINT('',(20.1,-3.2,-3.8));
#9084=CARTESIAN_POINT('',(20.1,-3.2,-3.8));
#9085=VECTOR('',#9086,1.);
#9086=DIRECTION('',(0.,-1.,0.));
#9087=CARTESIAN_POINT('',(20.8,-3.2,-3.8));
#9088=CARTESIAN_POINT('',(20.1,-3.2,-3.8));
#9089=VECTOR('',#9090,1.);
#9090=DIRECTION('',(1.,0.,0.));
#9091=CARTESIAN_POINT('',(20.8,3.2,-3.8));
#9092=CARTESIAN_POINT('',(20.8,-3.2,-3.8));
#9093=VECTOR('',#9094,1.);
#9094=DIRECTION('',(0.,1.,0.));
#9095=CARTESIAN_POINT('',(20.1,3.2,-3.8));
#9096=CARTESIAN_POINT('',(20.8,3.2,-3.8));
#9097=VECTOR('',#9098,1.);
#9098=DIRECTION('',(-1.,0.,0.));
#9099=CARTESIAN_POINT('',(20.1,4.8,-3.8));
#9100=CARTESIAN_POINT('',(20.1,4.8,-3.8));
#9101=VECTOR('',#9102,1.);
#9102=DIRECTION('',(0.,-1.,0.));
#9103=CARTESIAN_POINT('',(20.8,4.8,-3.8));
#9104=CARTESIAN_POINT('',(20.1,4.8,-3.8));
#9105=VECTOR('',#9106,1.);
#9106=DIRECTION('',(1.,0.,0.));
#9107=CARTESIAN_POINT('',(20.8,11.2,-3.8));
#9108=CARTESIAN_POINT('',(20.8,4.8,-3.8));
#9109=VECTOR('',#9110,1.);
#9110=DIRECTION('',(0.,1.,0.));
#9111=CARTESIAN_POINT('',(20.1,11.2,-3.8));
#9112=CARTESIAN_POINT('',(20.8,11.2,-3.8));
#9113=VECTOR('',#9114,1.);
#9114=DIRECTION('',(-1.,0.,0.));
#9115=CARTESIAN_POINT('',(20.1,12.,-3.8));
#9116=CARTESIAN_POINT('',(20.1,12.,-3.8));
#9117=VECTOR('',#9118,1.);
#9118=DIRECTION('',(0.,-1.,0.));
#9119=CARTESIAN_POINT('',(24.,12.,-3.8));
#9120=CARTESIAN_POINT('',(24.,12.,-3.8));
#9121=VECTOR('',#9122,1.);
#9122=DIRECTION('',(-1.,0.,0.));
#9123=CARTESIAN_POINT('',(28.,16.,-3.8));
#9124=AXIS2_PLACEMENT_3D('',#9125,#9126,#9127);
#9125=CARTESIAN_POINT('',(24.,16.,-3.8));
#9126=DIRECTION('',(0.,0.,-1.));
#9127=DIRECTION('',(1.,0.,0.));
#9128=CARTESIAN_POINT('',(28.,13.1,-3.8));
#9129=CARTESIAN_POINT('',(28.,16.,-3.8));
#9130=VECTOR('',#9131,1.);
#9131=DIRECTION('',(0.,-1.,0.));
#9132=CARTESIAN_POINT('',(32.,13.1,-3.8));
#9133=CARTESIAN_POINT('',(28.,13.1,-3.8));
#9134=VECTOR('',#9135,1.);
#9135=DIRECTION('',(1.,0.,0.));
#9136=CARTESIAN_POINT('',(32.,18.9,-3.8));
#9137=CARTESIAN_POINT('',(32.,13.1,-3.8));
#9138=VECTOR('',#9139,1.);
#9139=DIRECTION('',(0.,1.,0.));
#9140=CARTESIAN_POINT('',(28.,18.9,-3.8));
#9141=CARTESIAN_POINT('',(32.,18.9,-3.8));
#9142=VECTOR('',#9143,1.);
#9143=DIRECTION('',(-1.,0.,0.));
#9144=CARTESIAN_POINT('',(28.,18.9,-3.8));
#9145=VECTOR('',#9146,1.);
#9146=DIRECTION('',(0.,-1.,0.));
#9147=AXIS2_PLACEMENT_3D('',#9148,#9149,#9150);
#9148=CARTESIAN_POINT('',(24.,16.,-3.8));
#9149=DIRECTION('',(0.,0.,-1.));
#9150=DIRECTION('',(0.222204860432892,0.975,0.));
#9151=CARTESIAN_POINT('',(40.,12.8,3.8));
#9152=CARTESIAN_POINT('',(40.,19.9,3.8));
#9153=VECTOR('',#9154,1.);
#9154=DIRECTION('',(0.,-1.,0.));
#9155=AXIS2_PLACEMENT_3D('',#9156,#9157,#9158);
#9156=CARTESIAN_POINT('',(40.,12.8,-2.220446E-15));
#9157=DIRECTION('',(0.,1.,0.));
#9158=DIRECTION('',(0.,0.,1.));
#9159=CARTESIAN_POINT('',(28.,16.,3.8));
#9160=AXIS2_PLACEMENT_3D('',#9161,#9162,#9163);
#9161=CARTESIAN_POINT('',(24.,16.,3.8));
#9162=DIRECTION('',(0.,0.,1.));
#9163=DIRECTION('',(1.,0.,0.));
#9164=CARTESIAN_POINT('',(28.,18.9,3.8));
#9165=CARTESIAN_POINT('',(28.,16.,3.8));
#9166=VECTOR('',#9167,1.);
#9167=DIRECTION('',(0.,1.,0.));
#9168=CARTESIAN_POINT('',(32.,18.9,3.8));
#9169=CARTESIAN_POINT('',(28.,18.9,3.8));
#9170=VECTOR('',#9171,1.);
#9171=DIRECTION('',(1.,0.,0.));
#9172=CARTESIAN_POINT('',(32.,13.1,3.8));
#9173=CARTESIAN_POINT('',(32.,13.1,3.8));
#9174=VECTOR('',#9175,1.);
#9175=DIRECTION('',(0.,1.,0.));
#9176=CARTESIAN_POINT('',(28.,13.1,3.8));
#9177=CARTESIAN_POINT('',(32.,13.1,3.8));
#9178=VECTOR('',#9179,1.);
#9179=DIRECTION('',(-1.,0.,0.));
#9180=CARTESIAN_POINT('',(28.,13.1,3.8));
#9181=VECTOR('',#9182,1.);
#9182=DIRECTION('',(0.,1.,0.));
#9183=CARTESIAN_POINT('',(24.,12.,3.8));
#9184=AXIS2_PLACEMENT_3D('',#9185,#9186,#9187);
#9185=CARTESIAN_POINT('',(24.,16.,3.8));
#9186=DIRECTION('',(0.,0.,1.));
#9187=DIRECTION('',(-1.77635683940025E-15,-1.,0.));
#9188=CARTESIAN_POINT('',(26.9,12.,3.8));
#9189=CARTESIAN_POINT('',(24.,12.,3.8));
#9190=VECTOR('',#9191,1.);
#9191=DIRECTION('',(1.,0.,0.));
#9192=CARTESIAN_POINT('',(26.9,8.,3.8));
#9193=CARTESIAN_POINT('',(26.9,12.,3.8));
#9194=VECTOR('',#9195,1.);
#9195=DIRECTION('',(0.,-1.,0.));
#9196=CARTESIAN_POINT('',(21.1,8.,3.8));
#9197=CARTESIAN_POINT('',(21.1,8.,3.8));
#9198=VECTOR('',#9199,1.);
#9199=DIRECTION('',(1.,0.,0.));
#9200=CARTESIAN_POINT('',(21.1,12.,3.8));
#9201=CARTESIAN_POINT('',(21.1,8.,3.8));
#9202=VECTOR('',#9203,1.);
#9203=DIRECTION('',(0.,1.,0.));
#9204=CARTESIAN_POINT('',(20.1,12.,3.8));
#9205=CARTESIAN_POINT('',(20.1,12.,3.8));
#9206=VECTOR('',#9207,1.);
#9207=DIRECTION('',(1.,0.,0.));
#9208=CARTESIAN_POINT('',(20.1,-12.,3.8));
#9209=CARTESIAN_POINT('',(20.1,-12.,3.8));
#9210=VECTOR('',#9211,1.);
#9211=DIRECTION('',(-1.48029736616687E-16,1.,0.));
#9212=CARTESIAN_POINT('',(21.1,-12.,3.8));
#9213=CARTESIAN_POINT('',(21.1,-12.,3.8));
#9214=VECTOR('',#9215,1.);
#9215=DIRECTION('',(-1.,0.,0.));
#9216=CARTESIAN_POINT('',(21.1,-8.,3.8));
#9217=CARTESIAN_POINT('',(21.1,-12.,3.8));
#9218=VECTOR('',#9219,1.);
#9219=DIRECTION('',(0.,1.,0.));
#9220=CARTESIAN_POINT('',(26.9,-8.,3.8));
#9221=CARTESIAN_POINT('',(26.9,-8.,3.8));
#9222=VECTOR('',#9223,1.);
#9223=DIRECTION('',(-1.,0.,0.));
#9224=CARTESIAN_POINT('',(26.9,-12.,3.8));
#9225=CARTESIAN_POINT('',(26.9,-8.,3.8));
#9226=VECTOR('',#9227,1.);
#9227=DIRECTION('',(0.,-1.,0.));
#9228=CARTESIAN_POINT('',(24.,-12.,3.8));
#9229=CARTESIAN_POINT('',(26.9,-12.,3.8));
#9230=VECTOR('',#9231,1.);
#9231=DIRECTION('',(-1.,0.,0.));
#9232=CARTESIAN_POINT('',(28.,-16.,3.8));
#9233=AXIS2_PLACEMENT_3D('',#9234,#9235,#9236);
#9234=CARTESIAN_POINT('',(24.,-16.,3.8));
#9235=DIRECTION('',(0.,0.,1.));
#9236=DIRECTION('',(1.,0.,0.));
#9237=CARTESIAN_POINT('',(28.,-13.1,3.8));
#9238=CARTESIAN_POINT('',(28.,-16.,3.8));
#9239=VECTOR('',#9240,1.);
#9240=DIRECTION('',(0.,1.,0.));
#9241=CARTESIAN_POINT('',(32.,-13.1,3.8));
#9242=CARTESIAN_POINT('',(28.,-13.1,3.8));
#9243=VECTOR('',#9244,1.);
#9244=DIRECTION('',(1.,0.,0.));
#9245=CARTESIAN_POINT('',(32.,-18.9,3.8));
#9246=CARTESIAN_POINT('',(32.,-18.9,3.8));
#9247=VECTOR('',#9248,1.);
#9248=DIRECTION('',(0.,1.,0.));
#9249=CARTESIAN_POINT('',(28.,-18.9,3.8));
#9250=CARTESIAN_POINT('',(32.,-18.9,3.8));
#9251=VECTOR('',#9252,1.);
#9252=DIRECTION('',(-1.,0.,0.));
#9253=CARTESIAN_POINT('',(28.,-18.9,3.8));
#9254=VECTOR('',#9255,1.);
#9255=DIRECTION('',(0.,1.,0.));
#9256=CARTESIAN_POINT('',(24.8888194417316,-19.9,3.8));
#9257=AXIS2_PLACEMENT_3D('',#9258,#9259,#9260);
#9258=CARTESIAN_POINT('',(24.,-16.,3.8));
#9259=DIRECTION('',(0.,0.,1.));
#9260=DIRECTION('',(0.222204860432894,-0.974999999999999,0.));
#9261=CARTESIAN_POINT('',(40.,-19.9,3.8));
#9262=CARTESIAN_POINT('',(40.,-19.9,3.8));
#9263=VECTOR('',#9264,1.);
#9264=DIRECTION('',(-1.,0.,0.));
#9265=CARTESIAN_POINT('',(40.,-12.8,3.8));
#9266=CARTESIAN_POINT('',(40.,-19.9,3.8));
#9267=VECTOR('',#9268,1.);
#9268=DIRECTION('',(0.,1.,0.));
#9269=CARTESIAN_POINT('',(40.,-12.,3.8));
#9270=CARTESIAN_POINT('',(40.,-12.8,3.8));
#9271=VECTOR('',#9272,1.);
#9272=DIRECTION('',(0.,1.,0.));
#9273=CARTESIAN_POINT('',(27.9,-12.,3.8));
#9274=CARTESIAN_POINT('',(27.9,-12.,3.8));
#9275=VECTOR('',#9276,1.);
#9276=DIRECTION('',(1.,0.,0.));
#9277=CARTESIAN_POINT('',(27.9,12.,3.8));
#9278=CARTESIAN_POINT('',(27.9,12.,3.8));
#9279=VECTOR('',#9280,1.);
#9280=DIRECTION('',(0.,-1.,0.));
#9281=CARTESIAN_POINT('',(40.,12.,3.8));
#9282=CARTESIAN_POINT('',(40.,12.,3.8));
#9283=VECTOR('',#9284,1.);
#9284=DIRECTION('',(-1.,0.,0.));
#9285=CARTESIAN_POINT('',(40.,12.8,3.8));
#9286=VECTOR('',#9287,1.);
#9287=DIRECTION('',(0.,-1.,0.));
#9288=CARTESIAN_POINT('',(40.,-20.,3.7));
#9289=AXIS2_PLACEMENT_3D('',#9290,#9291,#9292);
#9290=CARTESIAN_POINT('',(40.,-19.9,3.7));
#9291=DIRECTION('',(-1.,-9.251859E-17,0.));
#9292=DIRECTION('',(9.251859E-17,-1.,1.42720870551594E-14));
#9293=CARTESIAN_POINT('',(24.,-20.,3.7));
#9294=CARTESIAN_POINT('',(24.,-20.,3.7));
#9295=CARTESIAN_POINT('',(24.009721178136,-20.000000039189,3.70153703483354));
#9296=CARTESIAN_POINT('',(24.0292786247699,-19.9999288781969,3.70462937242153));
#9297=CARTESIAN_POINT('',(24.0589389226657,-19.9996029233024,3.70931171827354));
#9298=CARTESIAN_POINT('',(24.0891603977571,-19.9990450678256,3.71406731395815));
#9299=CARTESIAN_POINT('',(24.1199978033536,-19.9982402189881,3.7188955149796));
#9300=CARTESIAN_POINT('',(24.1512307587949,-19.997181251401,3.72375162621166));
#9301=CARTESIAN_POINT('',(24.1825715643295,-19.9958722184533,3.72858090589183));
#9302=CARTESIAN_POINT('',(24.2136706923195,-19.9943291804168,3.73332051592413));
#9303=CARTESIAN_POINT('',(24.2444268098404,-19.9925639526647,3.7379472759121));
#9304=CARTESIAN_POINT('',(24.2744812801854,-19.9906084547763,3.74240121199267));
#9305=CARTESIAN_POINT('',(24.3036490638497,-19.9884923473206,3.74665152647997));
#9306=CARTESIAN_POINT('',(24.3314808707503,-19.9862725019074,3.75063305243645));
#9307=CARTESIAN_POINT('',(24.358117945869,-19.9839650378902,3.75436912869658));
#9308=CARTESIAN_POINT('',(24.3833292215328,-19.9816156578743,3.75783170727096));
#9309=CARTESIAN_POINT('',(24.4072761158559,-19.9792344351219,3.76104858634275));
#9310=CARTESIAN_POINT('',(24.429733291097,-19.976869321988,3.76399709938532));
#9311=CARTESIAN_POINT('',(24.4511199482576,-19.9744983307892,3.76673960944717));
#9312=CARTESIAN_POINT('',(24.4715687772701,-19.9721228888935,3.76929838851384));
#9313=CARTESIAN_POINT('',(24.4915180332013,-19.9697028742008,3.77173110784688));
#9314=CARTESIAN_POINT('',(24.511096881418,-19.9672293529417,3.77405436387894));
#9315=CARTESIAN_POINT('',(24.5306096071388,-19.9646667571963,3.77630276511166));
#9316=CARTESIAN_POINT('',(24.5500494004075,-19.9620164452197,3.77847237038296));
#9317=CARTESIAN_POINT('',(24.5694077646943,-19.9592803700597,3.78055917961112));
#9318=CARTESIAN_POINT('',(24.5884827694905,-19.9564896557221,3.78253973830124));
#9319=CARTESIAN_POINT('',(24.6073062697301,-19.9536436242734,3.78441686031493));
#9320=CARTESIAN_POINT('',(24.6258496455478,-19.9507503540741,3.78618718456215));
#9321=CARTESIAN_POINT('',(24.6441782017476,-19.9478028754611,3.78785605701693));
#9322=CARTESIAN_POINT('',(24.6622185975239,-19.9448164162561,3.78941623173563));
#9323=CARTESIAN_POINT('',(24.6800273598459,-19.9417851016259,3.7908721717141));
#9324=CARTESIAN_POINT('',(24.6976304968749,-19.9387075653691,3.79222527844159));
#9325=CARTESIAN_POINT('',(24.7151437886979,-19.9355653337538,3.79348237025802));
#9326=CARTESIAN_POINT('',(24.7326194490734,-19.9323496726757,3.79464375134972));
#9327=CARTESIAN_POINT('',(24.7500632549211,-19.9290596762675,3.79570559306249));
#9328=CARTESIAN_POINT('',(24.7675166965912,-19.9256876428916,3.79666590134864));
#9329=CARTESIAN_POINT('',(24.7850032431528,-19.9222285124452,3.79752031098389));
#9330=CARTESIAN_POINT('',(24.8025467761755,-19.9186765195767,3.79826316347993));
#9331=CARTESIAN_POINT('',(24.8200259302361,-19.9150559731719,3.79888309843737));
#9332=CARTESIAN_POINT('',(24.8373950868059,-19.9113774383868,3.7993738939107));
#9333=CARTESIAN_POINT('',(24.8546320651084,-19.907647273014,3.79973091812817));
#9334=CARTESIAN_POINT('',(24.8718151874661,-19.9038495333076,3.79995036225784));
#9335=CARTESIAN_POINT('',(24.8831538044032,-19.9012912460759,3.8000000616393));
#9336=CARTESIAN_POINT('',(24.8888194417316,-19.9,3.8));
#9337=CARTESIAN_POINT('',(24.,-20.,3.7));
#9338=VECTOR('',#9339,1.);
#9339=DIRECTION('',(1.,0.,0.));
#9340=CARTESIAN_POINT('',(40.,-20.,-3.7));
#9341=AXIS2_PLACEMENT_3D('',#9342,#9343,#9344);
#9342=CARTESIAN_POINT('',(40.,-19.9,-3.7));
#9343=DIRECTION('',(1.,9.251859E-17,1.22464679914735E-16));
#9344=DIRECTION('',(9.25185899999995E-17,-1.,4.44089209850056E-15));
#9345=AXIS2_PLACEMENT_3D('',#9346,#9347,#9348);
#9346=CARTESIAN_POINT('',(40.,-19.9,-2.220446E-15));
#9347=DIRECTION('',(9.251859E-17,-1.,0.));
#9348=DIRECTION('',(1.22464679914735E-16,1.13302595105126E-32,-1.));
#9349=AXIS2_PLACEMENT_3D('',#9350,#9351,#9352);
#9350=CARTESIAN_POINT('',(40.,-20.,-2.220446E-15));
#9351=DIRECTION('',(0.,1.,0.));
#9352=DIRECTION('',(0.,0.,1.));
#9353=CARTESIAN_POINT('',(24.,-20.,-3.7));
#9354=CARTESIAN_POINT('',(24.8888194417316,-19.9,-3.8));
#9355=CARTESIAN_POINT('',(24.8811355792353,-19.9017512425076,-3.8000000595935));
#9356=CARTESIAN_POINT('',(24.8657095841074,-19.9052191733902,-3.79990836386816));
#9357=CARTESIAN_POINT('',(24.8422540027647,-19.9103454658668,-3.7995069798665));
#9358=CARTESIAN_POINT('',(24.8185700474847,-19.9153723384282,-3.79885423325424));
#9359=CARTESIAN_POINT('',(24.7946508618054,-19.9202971916877,-3.79796048566491));
#9360=CARTESIAN_POINT('',(24.7707279715161,-19.9250702262712,-3.79684688036015));
#9361=CARTESIAN_POINT('',(24.7469335775472,-19.9296670645364,-3.79553659657326));
#9362=CARTESIAN_POINT('',(24.7235191793069,-19.9340445167706,-3.79406305775743));
#9363=CARTESIAN_POINT('',(24.7004475421486,-19.9382169115034,-3.79244403460787));
#9364=CARTESIAN_POINT('',(24.6779088587419,-19.9421581043252,-3.79071196595563));
#9365=CARTESIAN_POINT('',(24.6559324331627,-19.9458728330343,-3.78888824994859));
#9366=CARTESIAN_POINT('',(24.634780249879,-19.9493292287553,-3.78701451919597));
#9367=CARTESIAN_POINT('',(24.6143108434071,-19.952563671069,-3.78509721479698));
#9368=CARTESIAN_POINT('',(24.5945977207757,-19.9555761078191,-3.78315895137531));
#9369=CARTESIAN_POINT('',(24.5755170207263,-19.9583959961635,-3.78120119747984));
#9370=CARTESIAN_POINT('',(24.557199421703,-19.9610148445151,-3.77925011514063));
#9371=CARTESIAN_POINT('',(24.5394483419694,-19.9634705384636,-3.77729575347331));
#9372=CARTESIAN_POINT('',(24.5222002453823,-19.9657793718894,-3.77533957037708));
#9373=CARTESIAN_POINT('',(24.5052599044934,-19.9679727655044,-3.77336574579408));
#9374=CARTESIAN_POINT('',(24.4885767493773,-19.9700611809521,-3.77137335447141));
#9375=CARTESIAN_POINT('',(24.4719426447463,-19.9720729768062,-3.76934116016425));
#9376=CARTESIAN_POINT('',(24.4550880215759,-19.9740398807467,-3.76723767911865));
#9377=CARTESIAN_POINT('',(24.4378266436656,-19.9759793076687,-3.76503907190323));
#9378=CARTESIAN_POINT('',(24.420073345655,-19.9778948490568,-3.76273316304304));
#9379=CARTESIAN_POINT('',(24.4019236695677,-19.9797702420749,-3.76033130734674));
#9380=CARTESIAN_POINT('',(24.3832137571554,-19.9816162198828,-3.7578109312813));
#9381=CARTESIAN_POINT('',(24.3638849867764,-19.9834304957382,-3.7551625916694));
#9382=CARTESIAN_POINT('',(24.3436067667314,-19.9852326096418,-3.75233831278266));
#9383=CARTESIAN_POINT('',(24.322456051493,-19.9870013079522,-3.74934545185465));
#9384=CARTESIAN_POINT('',(24.3002060447655,-19.9887402553123,-3.74614902458612));
#9385=CARTESIAN_POINT('',(24.2769062802406,-19.9904279708511,-3.74275315221895));
#9386=CARTESIAN_POINT('',(24.2493029902935,-19.9922607454569,-3.73867438763525));
#9387=CARTESIAN_POINT('',(24.2175085619024,-19.9941342591651,-3.73390453949406));
#9388=CARTESIAN_POINT('',(24.1815827799579,-19.9959318831832,-3.72843244232251));
#9389=CARTESIAN_POINT('',(24.1476448554772,-19.9973196565587,-3.72319672678303));
#9390=CARTESIAN_POINT('',(24.1160036069882,-19.9983526506384,-3.71827113279256));
#9391=CARTESIAN_POINT('',(24.086869634837,-19.9990921606908,-3.71370726117766));
#9392=CARTESIAN_POINT('',(24.0577115064928,-19.9996191566723,-3.70911808527003));
#9393=CARTESIAN_POINT('',(24.0286288233643,-19.999932379151,-3.70452666199509));
#9394=CARTESIAN_POINT('',(24.0095146809645,-20.0000001373158,-3.70150434782837));
#9395=CARTESIAN_POINT('',(24.,-20.,-3.7));
#9396=CARTESIAN_POINT('',(40.,-20.,-3.7));
#9397=VECTOR('',#9398,1.);
#9398=DIRECTION('',(-1.,0.,0.));
#9399=CARTESIAN_POINT('',(24.,-20.,-3.9));
#9400=CARTESIAN_POINT('',(24.,-20.,-3.9));
#9401=VECTOR('',#9402,1.);
#9402=DIRECTION('',(0.,0.,1.));
#9403=CARTESIAN_POINT('',(24.,-20.,3.9));
#9404=CARTESIAN_POINT('',(24.,-20.,3.7));
#9405=VECTOR('',#9406,1.);
#9406=DIRECTION('',(0.,0.,1.));
#9407=CARTESIAN_POINT('',(-24.,-20.,3.9));
#9408=CARTESIAN_POINT('',(-24.,-20.,3.9));
#9409=VECTOR('',#9410,1.);
#9410=DIRECTION('',(1.,0.,0.));
#9411=CARTESIAN_POINT('',(-24.,-20.,3.7));
#9412=CARTESIAN_POINT('',(-24.,-20.,3.7));
#9413=VECTOR('',#9414,1.);
#9414=DIRECTION('',(0.,0.,1.));
#9415=CARTESIAN_POINT('',(-40.,-20.,3.7));
#9416=CARTESIAN_POINT('',(-40.,-20.,3.7));
#9417=VECTOR('',#9418,1.);
#9418=DIRECTION('',(1.,2.22044604925032E-16,0.));
#9419=CARTESIAN_POINT('',(-40.,-20.,-3.7));
#9420=AXIS2_PLACEMENT_3D('',#9421,#9422,#9423);
#9421=CARTESIAN_POINT('',(-40.,-20.,-2.220446E-15));
#9422=DIRECTION('',(0.,1.,0.));
#9423=DIRECTION('',(0.,0.,-1.));
#9424=CARTESIAN_POINT('',(-24.,-20.,-3.7));
#9425=CARTESIAN_POINT('',(-24.,-20.,-3.7));
#9426=VECTOR('',#9427,1.);
#9427=DIRECTION('',(-1.,-2.22044604925031E-16,0.));
#9428=CARTESIAN_POINT('',(-24.,-20.,-3.9));
#9429=CARTESIAN_POINT('',(-24.,-20.,-3.9));
#9430=VECTOR('',#9431,1.);
#9431=DIRECTION('',(0.,0.,1.));
#9432=CARTESIAN_POINT('',(24.,-20.,-3.9));
#9433=VECTOR('',#9434,1.);
#9434=DIRECTION('',(-1.,0.,0.));
#9435=CARTESIAN_POINT('',(-12.8,-20.,-1.30628991909051E-16));
#9436=AXIS2_PLACEMENT_3D('',#9437,#9438,#9439);
#9437=CARTESIAN_POINT('',(-16.,-20.,0.));
#9438=DIRECTION('',(0.,1.,0.));
#9439=DIRECTION('',(1.,0.,0.));
#9440=CARTESIAN_POINT('',(3.2,-20.,-1.30628991909051E-16));
#9441=AXIS2_PLACEMENT_3D('',#9442,#9443,#9444);
#9442=CARTESIAN_POINT('',(0.,-20.,0.));
#9443=DIRECTION('',(0.,1.,0.));
#9444=DIRECTION('',(1.,0.,0.));
#9445=CARTESIAN_POINT('',(19.2,-20.,-1.30628991909051E-16));
#9446=AXIS2_PLACEMENT_3D('',#9447,#9448,#9449);
#9447=CARTESIAN_POINT('',(16.,-20.,0.));
#9448=DIRECTION('',(0.,1.,0.));
#9449=DIRECTION('',(1.,0.,0.));
#9450=CARTESIAN_POINT('',(-34.3811761799581,-20.,2.7));
#9451=CARTESIAN_POINT('',(-34.3811761799581,-20.,-2.7));
#9452=AXIS2_PLACEMENT_3D('',#9453,#9454,#9455);
#9453=CARTESIAN_POINT('',(-32.,-20.,-2.220446E-15));
#9454=DIRECTION('',(0.,-1.,0.));
#9455=DIRECTION('',(-0.661437827766146,0.,0.750000000000001));
#9456=CARTESIAN_POINT('',(-37.6188238200419,-20.,-2.7));
#9457=CARTESIAN_POINT('',(-34.3811761799581,-20.,-2.7));
#9458=VECTOR('',#9459,1.);
#9459=DIRECTION('',(-1.,0.,0.));
#9460=CARTESIAN_POINT('',(-37.6188238200419,-20.,2.7));
#9461=AXIS2_PLACEMENT_3D('',#9462,#9463,#9464);
#9462=CARTESIAN_POINT('',(-40.,-20.,-2.220446E-15));
#9463=DIRECTION('',(0.,-1.,0.));
#9464=DIRECTION('',(0.661437827766148,0.,-0.75));
#9465=CARTESIAN_POINT('',(-37.6188238200419,-20.,2.7));
#9466=VECTOR('',#9467,1.);
#9467=DIRECTION('',(1.,0.,0.));
#9468=CARTESIAN_POINT('',(-28.8,-20.,-2.35107499190905E-15));
#9469=AXIS2_PLACEMENT_3D('',#9470,#9471,#9472);
#9470=CARTESIAN_POINT('',(-32.,-20.,-2.220446E-15));
#9471=DIRECTION('',(0.,1.,0.));
#9472=DIRECTION('',(1.,0.,0.));
#9473=CARTESIAN_POINT('',(-36.8,-20.,-2.35107499190905E-15));
#9474=AXIS2_PLACEMENT_3D('',#9475,#9476,#9477);
#9475=CARTESIAN_POINT('',(-40.,-20.,-2.220446E-15));
#9476=DIRECTION('',(0.,1.,0.));
#9477=DIRECTION('',(1.,0.,0.));
#9478=CARTESIAN_POINT('',(34.3811761799581,-20.,-2.7));
#9479=CARTESIAN_POINT('',(37.6188238200419,-20.,-2.7));
#9480=CARTESIAN_POINT('',(34.3811761799581,-20.,-2.7));
#9481=VECTOR('',#9482,1.);
#9482=DIRECTION('',(1.,0.,0.));
#9483=CARTESIAN_POINT('',(34.3811761799581,-20.,2.7));
#9484=AXIS2_PLACEMENT_3D('',#9485,#9486,#9487);
#9485=CARTESIAN_POINT('',(32.,-20.,-2.220446E-15));
#9486=DIRECTION('',(0.,1.,0.));
#9487=DIRECTION('',(0.661437827766146,0.,0.750000000000001));
#9488=CARTESIAN_POINT('',(37.6188238200419,-20.,2.7));
#9489=CARTESIAN_POINT('',(37.6188238200419,-20.,2.7));
#9490=VECTOR('',#9491,1.);
#9491=DIRECTION('',(-1.,0.,0.));
#9492=AXIS2_PLACEMENT_3D('',#9493,#9494,#9495);
#9493=CARTESIAN_POINT('',(40.,-20.,-2.220446E-15));
#9494=DIRECTION('',(0.,1.,0.));
#9495=DIRECTION('',(-0.661437827766148,0.,-0.75));
#9496=CARTESIAN_POINT('',(28.8,-20.,-2.61233297572715E-15));
#9497=AXIS2_PLACEMENT_3D('',#9498,#9499,#9500);
#9498=CARTESIAN_POINT('',(32.,-20.,-2.220446E-15));
#9499=DIRECTION('',(0.,1.,0.));
#9500=DIRECTION('',(-1.,0.,0.));
#9501=CARTESIAN_POINT('',(36.8,-20.,-2.61233297572715E-15));
#9502=AXIS2_PLACEMENT_3D('',#9503,#9504,#9505);
#9503=CARTESIAN_POINT('',(40.,-20.,-2.220446E-15));
#9504=DIRECTION('',(0.,1.,0.));
#9505=DIRECTION('',(-1.,0.,0.));
#9506=CARTESIAN_POINT('',(-40.,-19.9,3.8));
#9507=AXIS2_PLACEMENT_3D('',#9508,#9509,#9510);
#9508=CARTESIAN_POINT('',(-40.,-19.9,3.7));
#9509=DIRECTION('',(1.,9.251859E-17,0.));
#9510=DIRECTION('',(-7.65078853038275E-32,8.26946079742758E-16,1.));
#9511=CARTESIAN_POINT('',(-24.8888194417316,-19.9,3.8));
#9512=CARTESIAN_POINT('',(-24.8888194417316,-19.9,3.8));
#9513=CARTESIAN_POINT('',(-24.8730583301811,-19.9035926819849,3.79999887334889));
#9514=CARTESIAN_POINT('',(-24.8356326529301,-19.911884900134,3.79954683213548));
#9515=CARTESIAN_POINT('',(-24.7693774402075,-19.9255643859523,3.79708940789212));
#9516=CARTESIAN_POINT('',(-24.6828711087603,-19.9416914097529,3.79152688125265));
#9517=CARTESIAN_POINT('',(-24.5865555228367,-19.9572038963876,3.78269396669317));
#9518=CARTESIAN_POINT('',(-24.4929531277509,-19.9698228730712,3.77209537608708));
#9519=CARTESIAN_POINT('',(-24.4092459800674,-19.979270018796,3.76143348098302));
#9520=CARTESIAN_POINT('',(-24.323650564078,-19.9872240173552,3.74964496064042));
#9521=CARTESIAN_POINT('',(-24.2309110507898,-19.9937399251675,3.73602341454527));
#9522=CARTESIAN_POINT('',(-24.1392994358702,-19.9978942307552,3.72194356685511));
#9523=CARTESIAN_POINT('',(-24.0623862687947,-19.9996977679479,3.70986484909499));
#9524=CARTESIAN_POINT('',(-24.0185714831068,-20.0000012126881,3.70293559933975));
#9525=CARTESIAN_POINT('',(-24.,-20.,3.7));
#9526=CARTESIAN_POINT('',(-24.8888194417316,-19.9,3.8));
#9527=VECTOR('',#9528,1.);
#9528=DIRECTION('',(-1.,0.,0.));
#9529=CARTESIAN_POINT('',(-40.,-19.9,-3.8));
#9530=AXIS2_PLACEMENT_3D('',#9531,#9532,#9533);
#9531=CARTESIAN_POINT('',(-40.,-19.9,-3.7));
#9532=DIRECTION('',(-1.,-9.251859E-17,2.44929359829471E-16));
#9533=DIRECTION('',(-2.44929359829471E-16,-2.26605190210253E-32,-1.));
#9534=AXIS2_PLACEMENT_3D('',#9535,#9536,#9537);
#9535=CARTESIAN_POINT('',(-40.,-19.9,-2.220446E-15));
#9536=DIRECTION('',(9.251859E-17,-1.,0.));
#9537=DIRECTION('',(0.,0.,1.));
#9538=CARTESIAN_POINT('',(-24.8888194417316,-19.9,-3.8));
#9539=CARTESIAN_POINT('',(-24.,-20.,-3.7));
#9540=CARTESIAN_POINT('',(-24.0210335769903,-20.0000020045124,-3.70332439980605));
#9541=CARTESIAN_POINT('',(-24.0706812478814,-19.9996124313793,-3.71117683423583));
#9542=CARTESIAN_POINT('',(-24.1579501147552,-19.997293107587,-3.72485521666519));
#9543=CARTESIAN_POINT('',(-24.2683395838372,-19.9916143241199,-3.74167989945966));
#9544=CARTESIAN_POINT('',(-24.3921717560861,-19.9814382233617,-3.7593660092591));
#9545=CARTESIAN_POINT('',(-24.5161958878387,-19.9671607871384,-3.77506319304995));
#9546=CARTESIAN_POINT('',(-24.6284094692595,-19.9508068310403,-3.78685773910051));
#9547=CARTESIAN_POINT('',(-24.7262994306084,-19.9338698619969,-3.79465187140202));
#9548=CARTESIAN_POINT('',(-24.8119081828007,-19.9170132422682,-3.79901739314985));
#9549=CARTESIAN_POINT('',(-24.8641122207682,-19.9056339196834,-3.79999594041761));
#9550=CARTESIAN_POINT('',(-24.8888194417315,-19.9,-3.8));
#9551=CARTESIAN_POINT('',(-40.,-19.9,-3.8));
#9552=VECTOR('',#9553,1.);
#9553=DIRECTION('',(1.,2.35104971785712E-16,0.));
#9554=CARTESIAN_POINT('',(-40.,-12.8,-3.8));
#9555=CARTESIAN_POINT('',(-40.,-19.9,-3.8));
#9556=VECTOR('',#9557,1.);
#9557=DIRECTION('',(0.,1.,0.));
#9558=CARTESIAN_POINT('',(-40.,-12.,-3.8));
#9559=CARTESIAN_POINT('',(-40.,-12.8,-3.8));
#9560=VECTOR('',#9561,1.);
#9561=DIRECTION('',(0.,1.,0.));
#9562=CARTESIAN_POINT('',(-27.9,-12.,-3.8));
#9563=CARTESIAN_POINT('',(-27.9,-12.,-3.8));
#9564=VECTOR('',#9565,1.);
#9565=DIRECTION('',(-1.,0.,0.));
#9566=CARTESIAN_POINT('',(-27.9,12.,-3.8));
#9567=CARTESIAN_POINT('',(-27.9,12.,-3.8));
#9568=VECTOR('',#9569,1.);
#9569=DIRECTION('',(0.,-1.,0.));
#9570=CARTESIAN_POINT('',(-40.,12.,-3.8));
#9571=CARTESIAN_POINT('',(-40.,12.,-3.8));
#9572=VECTOR('',#9573,1.);
#9573=DIRECTION('',(1.,0.,0.));
#9574=CARTESIAN_POINT('',(-40.,12.8,-3.8));
#9575=CARTESIAN_POINT('',(-40.,12.8,-3.8));
#9576=VECTOR('',#9577,1.);
#9577=DIRECTION('',(0.,-1.,0.));
#9578=CARTESIAN_POINT('',(-40.,19.9,-3.8));
#9579=CARTESIAN_POINT('',(-40.,19.9,-3.8));
#9580=VECTOR('',#9581,1.);
#9581=DIRECTION('',(0.,-1.,0.));
#9582=CARTESIAN_POINT('',(-24.8888194417316,19.9,-3.8));
#9583=CARTESIAN_POINT('',(-24.8888194417316,19.9,-3.8));
#9584=VECTOR('',#9585,1.);
#9585=DIRECTION('',(-1.,0.,0.));
#9586=CARTESIAN_POINT('',(-28.,16.,-3.8));
#9587=AXIS2_PLACEMENT_3D('',#9588,#9589,#9590);
#9588=CARTESIAN_POINT('',(-24.,16.,-3.8));
#9589=DIRECTION('',(0.,0.,-1.));
#9590=DIRECTION('',(-1.,0.,0.));
#9591=CARTESIAN_POINT('',(-28.,18.9,-3.8));
#9592=CARTESIAN_POINT('',(-28.,16.,-3.8));
#9593=VECTOR('',#9594,1.);
#9594=DIRECTION('',(0.,1.,0.));
#9595=CARTESIAN_POINT('',(-32.,18.9,-3.8));
#9596=CARTESIAN_POINT('',(-28.,18.9,-3.8));
#9597=VECTOR('',#9598,1.);
#9598=DIRECTION('',(-1.,0.,0.));
#9599=CARTESIAN_POINT('',(-32.,13.1,-3.8));
#9600=CARTESIAN_POINT('',(-32.,18.9,-3.8));
#9601=VECTOR('',#9602,1.);
#9602=DIRECTION('',(0.,-1.,0.));
#9603=CARTESIAN_POINT('',(-28.,13.1,-3.8));
#9604=CARTESIAN_POINT('',(-32.,13.1,-3.8));
#9605=VECTOR('',#9606,1.);
#9606=DIRECTION('',(1.,0.,0.));
#9607=CARTESIAN_POINT('',(-28.,13.1,-3.8));
#9608=VECTOR('',#9609,1.);
#9609=DIRECTION('',(0.,1.,0.));
#9610=CARTESIAN_POINT('',(-24.,12.,-3.8));
#9611=AXIS2_PLACEMENT_3D('',#9612,#9613,#9614);
#9612=CARTESIAN_POINT('',(-24.,16.,-3.8));
#9613=DIRECTION('',(0.,0.,-1.));
#9614=DIRECTION('',(0.,-1.,0.));
#9615=CARTESIAN_POINT('',(-20.1,12.,-3.8));
#9616=CARTESIAN_POINT('',(-20.1,12.,-3.8));
#9617=VECTOR('',#9618,1.);
#9618=DIRECTION('',(-1.,0.,0.));
#9619=CARTESIAN_POINT('',(-20.1,11.2,-3.8));
#9620=CARTESIAN_POINT('',(-20.1,11.2,-3.8));
#9621=VECTOR('',#9622,1.);
#9622=DIRECTION('',(0.,1.,0.));
#9623=CARTESIAN_POINT('',(-20.8,11.2,-3.8));
#9624=CARTESIAN_POINT('',(-20.1,11.2,-3.8));
#9625=VECTOR('',#9626,1.);
#9626=DIRECTION('',(-1.,0.,0.));
#9627=CARTESIAN_POINT('',(-20.8,4.8,-3.8));
#9628=CARTESIAN_POINT('',(-20.8,11.2,-3.8));
#9629=VECTOR('',#9630,1.);
#9630=DIRECTION('',(0.,-1.,0.));
#9631=CARTESIAN_POINT('',(-20.1,4.8,-3.8));
#9632=CARTESIAN_POINT('',(-20.8,4.8,-3.8));
#9633=VECTOR('',#9634,1.);
#9634=DIRECTION('',(1.,0.,0.));
#9635=CARTESIAN_POINT('',(-20.1,3.2,-3.8));
#9636=CARTESIAN_POINT('',(-20.1,3.2,-3.8));
#9637=VECTOR('',#9638,1.);
#9638=DIRECTION('',(0.,1.,0.));
#9639=CARTESIAN_POINT('',(-20.8,3.2,-3.8));
#9640=CARTESIAN_POINT('',(-20.1,3.2,-3.8));
#9641=VECTOR('',#9642,1.);
#9642=DIRECTION('',(-1.,0.,0.));
#9643=CARTESIAN_POINT('',(-20.8,-3.2,-3.8));
#9644=CARTESIAN_POINT('',(-20.8,3.2,-3.8));
#9645=VECTOR('',#9646,1.);
#9646=DIRECTION('',(0.,-1.,0.));
#9647=CARTESIAN_POINT('',(-20.1,-3.2,-3.8));
#9648=CARTESIAN_POINT('',(-20.8,-3.2,-3.8));
#9649=VECTOR('',#9650,1.);
#9650=DIRECTION('',(1.,0.,0.));
#9651=CARTESIAN_POINT('',(-20.1,-4.8,-3.8));
#9652=CARTESIAN_POINT('',(-20.1,-4.8,-3.8));
#9653=VECTOR('',#9654,1.);
#9654=DIRECTION('',(0.,1.,0.));
#9655=CARTESIAN_POINT('',(-20.8,-4.8,-3.8));
#9656=CARTESIAN_POINT('',(-20.1,-4.8,-3.8));
#9657=VECTOR('',#9658,1.);
#9658=DIRECTION('',(-1.,0.,0.));
#9659=CARTESIAN_POINT('',(-20.8,-11.2,-3.8));
#9660=CARTESIAN_POINT('',(-20.8,-4.8,-3.8));
#9661=VECTOR('',#9662,1.);
#9662=DIRECTION('',(0.,-1.,0.));
#9663=CARTESIAN_POINT('',(-20.1,-11.2,-3.8));
#9664=CARTESIAN_POINT('',(-20.8,-11.2,-3.8));
#9665=VECTOR('',#9666,1.);
#9666=DIRECTION('',(1.,0.,0.));
#9667=CARTESIAN_POINT('',(-20.1,-12.,-3.8));
#9668=CARTESIAN_POINT('',(-20.1,-12.,-3.8));
#9669=VECTOR('',#9670,1.);
#9670=DIRECTION('',(0.,1.,0.));
#9671=CARTESIAN_POINT('',(-24.,-12.,-3.8));
#9672=CARTESIAN_POINT('',(-24.,-12.,-3.8));
#9673=VECTOR('',#9674,1.);
#9674=DIRECTION('',(1.,0.,0.));
#9675=CARTESIAN_POINT('',(-28.,-16.,-3.8));
#9676=AXIS2_PLACEMENT_3D('',#9677,#9678,#9679);
#9677=CARTESIAN_POINT('',(-24.,-16.,-3.8));
#9678=DIRECTION('',(0.,0.,-1.));
#9679=DIRECTION('',(-1.,0.,0.));
#9680=CARTESIAN_POINT('',(-28.,-13.1,-3.8));
#9681=CARTESIAN_POINT('',(-28.,-16.,-3.8));
#9682=VECTOR('',#9683,1.);
#9683=DIRECTION('',(0.,1.,0.));
#9684=CARTESIAN_POINT('',(-32.,-13.1,-3.8));
#9685=CARTESIAN_POINT('',(-28.,-13.1,-3.8));
#9686=VECTOR('',#9687,1.);
#9687=DIRECTION('',(-1.,0.,0.));
#9688=CARTESIAN_POINT('',(-32.,-18.9,-3.8));
#9689=CARTESIAN_POINT('',(-32.,-13.1,-3.8));
#9690=VECTOR('',#9691,1.);
#9691=DIRECTION('',(0.,-1.,0.));
#9692=CARTESIAN_POINT('',(-28.,-18.9,-3.8));
#9693=CARTESIAN_POINT('',(-32.,-18.9,-3.8));
#9694=VECTOR('',#9695,1.);
#9695=DIRECTION('',(1.,0.,0.));
#9696=CARTESIAN_POINT('',(-28.,-18.9,-3.8));
#9697=VECTOR('',#9698,1.);
#9698=DIRECTION('',(0.,1.,0.));
#9699=AXIS2_PLACEMENT_3D('',#9700,#9701,#9702);
#9700=CARTESIAN_POINT('',(-24.,-16.,-3.8));
#9701=DIRECTION('',(0.,0.,-1.));
#9702=DIRECTION('',(-0.222204860432887,-0.975000000000001,0.));
#9703=CARTESIAN_POINT('',(-40.,-12.8,3.8));
#9704=CARTESIAN_POINT('',(-40.,-19.9,3.8));
#9705=VECTOR('',#9706,1.);
#9706=DIRECTION('',(0.,1.,0.));
#9707=AXIS2_PLACEMENT_3D('',#9708,#9709,#9710);
#9708=CARTESIAN_POINT('',(-40.,-12.8,-2.220446E-15));
#9709=DIRECTION('',(0.,-1.,0.));
#9710=DIRECTION('',(0.,0.,1.));
#9711=CARTESIAN_POINT('',(-28.,-16.,3.8));
#9712=AXIS2_PLACEMENT_3D('',#9713,#9714,#9715);
#9713=CARTESIAN_POINT('',(-24.,-16.,3.8));
#9714=DIRECTION('',(0.,0.,1.));
#9715=DIRECTION('',(-1.,0.,0.));
#9716=CARTESIAN_POINT('',(-28.,-18.9,3.8));
#9717=CARTESIAN_POINT('',(-28.,-16.,3.8));
#9718=VECTOR('',#9719,1.);
#9719=DIRECTION('',(0.,-1.,0.));
#9720=CARTESIAN_POINT('',(-32.,-18.9,3.8));
#9721=CARTESIAN_POINT('',(-28.,-18.9,3.8));
#9722=VECTOR('',#9723,1.);
#9723=DIRECTION('',(-1.,0.,0.));
#9724=CARTESIAN_POINT('',(-32.,-13.1,3.8));
#9725=CARTESIAN_POINT('',(-32.,-13.1,3.8));
#9726=VECTOR('',#9727,1.);
#9727=DIRECTION('',(0.,-1.,0.));
#9728=CARTESIAN_POINT('',(-28.,-13.1,3.8));
#9729=CARTESIAN_POINT('',(-32.,-13.1,3.8));
#9730=VECTOR('',#9731,1.);
#9731=DIRECTION('',(1.,0.,0.));
#9732=CARTESIAN_POINT('',(-28.,-13.1,3.8));
#9733=VECTOR('',#9734,1.);
#9734=DIRECTION('',(0.,-1.,0.));
#9735=CARTESIAN_POINT('',(-24.,-12.,3.8));
#9736=AXIS2_PLACEMENT_3D('',#9737,#9738,#9739);
#9737=CARTESIAN_POINT('',(-24.,-16.,3.8));
#9738=DIRECTION('',(0.,0.,1.));
#9739=DIRECTION('',(0.,1.,0.));
#9740=CARTESIAN_POINT('',(-26.9,-12.,3.8));
#9741=CARTESIAN_POINT('',(-24.,-12.,3.8));
#9742=VECTOR('',#9743,1.);
#9743=DIRECTION('',(-1.,0.,0.));
#9744=CARTESIAN_POINT('',(-26.9,-8.,3.8));
#9745=CARTESIAN_POINT('',(-26.9,-12.,3.8));
#9746=VECTOR('',#9747,1.);
#9747=DIRECTION('',(0.,1.,0.));
#9748=CARTESIAN_POINT('',(-21.1,-8.,3.8));
#9749=CARTESIAN_POINT('',(-21.1,-8.,3.8));
#9750=VECTOR('',#9751,1.);
#9751=DIRECTION('',(-1.,0.,0.));
#9752=CARTESIAN_POINT('',(-21.1,-12.,3.8));
#9753=CARTESIAN_POINT('',(-21.1,-8.,3.8));
#9754=VECTOR('',#9755,1.);
#9755=DIRECTION('',(0.,-1.,0.));
#9756=CARTESIAN_POINT('',(-20.1,-12.,3.8));
#9757=CARTESIAN_POINT('',(-20.1,-12.,3.8));
#9758=VECTOR('',#9759,1.);
#9759=DIRECTION('',(-1.,0.,0.));
#9760=CARTESIAN_POINT('',(-20.1,12.,3.8));
#9761=CARTESIAN_POINT('',(-20.1,12.,3.8));
#9762=VECTOR('',#9763,1.);
#9763=DIRECTION('',(0.,-1.,0.));
#9764=CARTESIAN_POINT('',(-21.1,12.,3.8));
#9765=CARTESIAN_POINT('',(-21.1,12.,3.8));
#9766=VECTOR('',#9767,1.);
#9767=DIRECTION('',(1.,0.,0.));
#9768=CARTESIAN_POINT('',(-21.1,8.,3.8));
#9769=CARTESIAN_POINT('',(-21.1,12.,3.8));
#9770=VECTOR('',#9771,1.);
#9771=DIRECTION('',(0.,-1.,0.));
#9772=CARTESIAN_POINT('',(-26.9,8.,3.8));
#9773=CARTESIAN_POINT('',(-26.9,8.,3.8));
#9774=VECTOR('',#9775,1.);
#9775=DIRECTION('',(1.,0.,0.));
#9776=CARTESIAN_POINT('',(-26.9,12.,3.8));
#9777=CARTESIAN_POINT('',(-26.9,8.,3.8));
#9778=VECTOR('',#9779,1.);
#9779=DIRECTION('',(0.,1.,0.));
#9780=CARTESIAN_POINT('',(-24.,12.,3.8));
#9781=CARTESIAN_POINT('',(-26.9,12.,3.8));
#9782=VECTOR('',#9783,1.);
#9783=DIRECTION('',(1.,0.,0.));
#9784=CARTESIAN_POINT('',(-28.,16.,3.8));
#9785=AXIS2_PLACEMENT_3D('',#9786,#9787,#9788);
#9786=CARTESIAN_POINT('',(-24.,16.,3.8));
#9787=DIRECTION('',(0.,0.,1.));
#9788=DIRECTION('',(-1.,0.,0.));
#9789=CARTESIAN_POINT('',(-28.,13.1,3.8));
#9790=CARTESIAN_POINT('',(-28.,16.,3.8));
#9791=VECTOR('',#9792,1.);
#9792=DIRECTION('',(0.,-1.,0.));
#9793=CARTESIAN_POINT('',(-32.,13.1,3.8));
#9794=CARTESIAN_POINT('',(-28.,13.1,3.8));
#9795=VECTOR('',#9796,1.);
#9796=DIRECTION('',(-1.,0.,0.));
#9797=CARTESIAN_POINT('',(-32.,18.9,3.8));
#9798=CARTESIAN_POINT('',(-32.,18.9,3.8));
#9799=VECTOR('',#9800,1.);
#9800=DIRECTION('',(0.,-1.,0.));
#9801=CARTESIAN_POINT('',(-28.,18.9,3.8));
#9802=CARTESIAN_POINT('',(-32.,18.9,3.8));
#9803=VECTOR('',#9804,1.);
#9804=DIRECTION('',(1.,0.,0.));
#9805=CARTESIAN_POINT('',(-28.,18.9,3.8));
#9806=VECTOR('',#9807,1.);
#9807=DIRECTION('',(0.,-1.,0.));
#9808=CARTESIAN_POINT('',(-24.8888194417316,19.9,3.8));
#9809=AXIS2_PLACEMENT_3D('',#9810,#9811,#9812);
#9810=CARTESIAN_POINT('',(-24.,16.,3.8));
#9811=DIRECTION('',(0.,0.,1.));
#9812=DIRECTION('',(-0.222204860432893,0.974999999999999,0.));
#9813=CARTESIAN_POINT('',(-40.,19.9,3.8));
#9814=CARTESIAN_POINT('',(-40.,19.9,3.8));
#9815=VECTOR('',#9816,1.);
#9816=DIRECTION('',(1.,0.,0.));
#9817=CARTESIAN_POINT('',(-40.,12.8,3.8));
#9818=CARTESIAN_POINT('',(-40.,19.9,3.8));
#9819=VECTOR('',#9820,1.);
#9820=DIRECTION('',(0.,-1.,0.));
#9821=CARTESIAN_POINT('',(-40.,12.,3.8));
#9822=CARTESIAN_POINT('',(-40.,12.8,3.8));
#9823=VECTOR('',#9824,1.);
#9824=DIRECTION('',(0.,-1.,0.));
#9825=CARTESIAN_POINT('',(-27.9,12.,3.8));
#9826=CARTESIAN_POINT('',(-27.9,12.,3.8));
#9827=VECTOR('',#9828,1.);
#9828=DIRECTION('',(-1.,0.,0.));
#9829=CARTESIAN_POINT('',(-27.9,-12.,3.8));
#9830=CARTESIAN_POINT('',(-27.9,-12.,3.8));
#9831=VECTOR('',#9832,1.);
#9832=DIRECTION('',(0.,1.,0.));
#9833=CARTESIAN_POINT('',(-40.,-12.,3.8));
#9834=CARTESIAN_POINT('',(-40.,-12.,3.8));
#9835=VECTOR('',#9836,1.);
#9836=DIRECTION('',(1.,0.,0.));
#9837=CARTESIAN_POINT('',(-40.,-12.8,3.8));
#9838=VECTOR('',#9839,1.);
#9839=DIRECTION('',(0.,1.,0.));
#9840=CARTESIAN_POINT('',(-40.,20.,3.7));
#9841=AXIS2_PLACEMENT_3D('',#9842,#9843,#9844);
#9842=CARTESIAN_POINT('',(-40.,19.9,3.7));
#9843=DIRECTION('',(1.,0.,0.));
#9844=DIRECTION('',(0.,1.,6.12323399573677E-17));
#9845=CARTESIAN_POINT('',(-24.,20.,3.7));
#9846=CARTESIAN_POINT('',(-24.,20.,3.7));
#9847=CARTESIAN_POINT('',(-24.0210335769903,20.0000020045124,3.70332439980602));
#9848=CARTESIAN_POINT('',(-24.0706812478814,19.9996124313793,3.71117683423577));
#9849=CARTESIAN_POINT('',(-24.1579501147552,19.997293107587,3.72485521666519));
#9850=CARTESIAN_POINT('',(-24.2683395838372,19.9916143241199,3.74167989945963));
#9851=CARTESIAN_POINT('',(-24.3921717560861,19.9814382233617,3.7593660092591));
#9852=CARTESIAN_POINT('',(-24.5161958878387,19.9671607871385,3.77506319304994));
#9853=CARTESIAN_POINT('',(-24.6284094692595,19.9508068310403,3.78685773910051));
#9854=CARTESIAN_POINT('',(-24.7262994306084,19.9338698619968,3.79465187140202));
#9855=CARTESIAN_POINT('',(-24.8119081828008,19.9170132422682,3.79901739314985));
#9856=CARTESIAN_POINT('',(-24.8641122207683,19.9056339196834,3.79999594041761));
#9857=CARTESIAN_POINT('',(-24.8888194417316,19.9,3.8));
#9858=CARTESIAN_POINT('',(-24.,20.,3.7));
#9859=VECTOR('',#9860,1.);
#9860=DIRECTION('',(-1.,0.,0.));
#9861=CARTESIAN_POINT('',(-40.,20.,-3.7));
#9862=AXIS2_PLACEMENT_3D('',#9863,#9864,#9865);
#9863=CARTESIAN_POINT('',(-40.,19.9,-3.7));
#9864=DIRECTION('',(-1.,0.,2.44929359829471E-16));
#9865=DIRECTION('',(1.0877048587575E-30,1.,4.44089209850056E-15));
#9866=AXIS2_PLACEMENT_3D('',#9867,#9868,#9869);
#9867=CARTESIAN_POINT('',(-40.,19.9,-2.220446E-15));
#9868=DIRECTION('',(0.,1.,0.));
#9869=DIRECTION('',(-1.22464679914735E-16,0.,-1.));
#9870=AXIS2_PLACEMENT_3D('',#9871,#9872,#9873);
#9871=CARTESIAN_POINT('',(-40.,20.,-2.220446E-15));
#9872=DIRECTION('',(0.,-1.,0.));
#9873=DIRECTION('',(0.,0.,1.));
#9874=CARTESIAN_POINT('',(-24.,20.,-3.7));
#9875=CARTESIAN_POINT('',(-24.8888194417316,19.9,-3.8));
#9876=CARTESIAN_POINT('',(-24.8730583301811,19.9035926819849,-3.79999887334889));
#9877=CARTESIAN_POINT('',(-24.8356326529301,19.911884900134,-3.79954683213548));
#9878=CARTESIAN_POINT('',(-24.7693774402076,19.9255643859523,-3.79708940789212));
#9879=CARTESIAN_POINT('',(-24.6828711087604,19.9416914097528,-3.79152688125265));
#9880=CARTESIAN_POINT('',(-24.5865555228368,19.9572038963876,-3.78269396669317));
#9881=CARTESIAN_POINT('',(-24.4929531277509,19.9698228730712,-3.77209537608708));
#9882=CARTESIAN_POINT('',(-24.4092459800675,19.979270018796,-3.76143348098302));
#9883=CARTESIAN_POINT('',(-24.323650564078,19.9872240173552,-3.74964496064042));
#9884=CARTESIAN_POINT('',(-24.2309110507898,19.9937399251675,-3.73602341454526));
#9885=CARTESIAN_POINT('',(-24.1392994358702,19.9978942307552,-3.72194356685509));
#9886=CARTESIAN_POINT('',(-24.0623862687947,19.9996977679479,-3.70986484909492));
#9887=CARTESIAN_POINT('',(-24.0185714831069,20.0000012126881,-3.70293559933971));
#9888=CARTESIAN_POINT('',(-24.,20.,-3.7));
#9889=CARTESIAN_POINT('',(-40.,20.,-3.7));
#9890=VECTOR('',#9891,1.);
#9891=DIRECTION('',(1.,0.,0.));
#9892=CARTESIAN_POINT('',(24.,20.,-3.9));
#9893=CARTESIAN_POINT('',(24.,20.,-3.9));
#9894=VECTOR('',#9895,1.);
#9895=DIRECTION('',(0.,0.,1.));
#9896=CARTESIAN_POINT('',(-24.,20.,-3.9));
#9897=CARTESIAN_POINT('',(-24.,20.,-3.9));
#9898=VECTOR('',#9899,1.);
#9899=DIRECTION('',(1.,0.,0.));
#9900=CARTESIAN_POINT('',(-24.,20.,-3.9));
#9901=VECTOR('',#9902,1.);
#9902=DIRECTION('',(0.,0.,1.));
#9903=CARTESIAN_POINT('',(-24.,20.,3.9));
#9904=CARTESIAN_POINT('',(-24.,20.,3.7));
#9905=VECTOR('',#9906,1.);
#9906=DIRECTION('',(0.,0.,1.));
#9907=CARTESIAN_POINT('',(24.,20.,3.9));
#9908=CARTESIAN_POINT('',(24.,20.,3.9));
#9909=VECTOR('',#9910,1.);
#9910=DIRECTION('',(-1.,0.,0.));
#9911=CARTESIAN_POINT('',(24.,20.,3.7));
#9912=VECTOR('',#9913,1.);
#9913=DIRECTION('',(0.,0.,1.));
#9914=CARTESIAN_POINT('',(-19.2,20.,-1.30628991909051E-16));
#9915=AXIS2_PLACEMENT_3D('',#9916,#9917,#9918);
#9916=CARTESIAN_POINT('',(-16.,20.,0.));
#9917=DIRECTION('',(0.,-1.,0.));
#9918=DIRECTION('',(-1.,0.,0.));
#9919=CARTESIAN_POINT('',(-3.2,20.,-1.30628991909051E-16));
#9920=AXIS2_PLACEMENT_3D('',#9921,#9922,#9923);
#9921=CARTESIAN_POINT('',(0.,20.,0.));
#9922=DIRECTION('',(0.,-1.,0.));
#9923=DIRECTION('',(-1.,0.,0.));
#9924=CARTESIAN_POINT('',(12.8,20.,-1.30628991909051E-16));
#9925=AXIS2_PLACEMENT_3D('',#9926,#9927,#9928);
#9926=CARTESIAN_POINT('',(16.,20.,0.));
#9927=DIRECTION('',(0.,-1.,0.));
#9928=DIRECTION('',(-1.,0.,0.));
#9929=CARTESIAN_POINT('',(-34.3811761799581,20.,-2.7));
#9930=CARTESIAN_POINT('',(-37.6188238200419,20.,-2.7));
#9931=CARTESIAN_POINT('',(-34.3811761799581,20.,-2.7));
#9932=VECTOR('',#9933,1.);
#9933=DIRECTION('',(-1.,0.,0.));
#9934=CARTESIAN_POINT('',(-34.3811761799581,20.,2.7));
#9935=AXIS2_PLACEMENT_3D('',#9936,#9937,#9938);
#9936=CARTESIAN_POINT('',(-32.,20.,-2.220446E-15));
#9937=DIRECTION('',(0.,-1.,0.));
#9938=DIRECTION('',(-0.661437827766146,0.,0.750000000000001));
#9939=CARTESIAN_POINT('',(-37.6188238200419,20.,2.7));
#9940=CARTESIAN_POINT('',(-37.6188238200419,20.,2.7));
#9941=VECTOR('',#9942,1.);
#9942=DIRECTION('',(1.,0.,0.));
#9943=AXIS2_PLACEMENT_3D('',#9944,#9945,#9946);
#9944=CARTESIAN_POINT('',(-40.,20.,-2.220446E-15));
#9945=DIRECTION('',(0.,-1.,0.));
#9946=DIRECTION('',(0.661437827766148,0.,-0.75));
#9947=CARTESIAN_POINT('',(-28.8,20.,-2.61233297572715E-15));
#9948=AXIS2_PLACEMENT_3D('',#9949,#9950,#9951);
#9949=CARTESIAN_POINT('',(-32.,20.,-2.220446E-15));
#9950=DIRECTION('',(0.,-1.,0.));
#9951=DIRECTION('',(1.,0.,0.));
#9952=CARTESIAN_POINT('',(-36.8,20.,-2.61233297572715E-15));
#9953=AXIS2_PLACEMENT_3D('',#9954,#9955,#9956);
#9954=CARTESIAN_POINT('',(-40.,20.,-2.220446E-15));
#9955=DIRECTION('',(0.,-1.,0.));
#9956=DIRECTION('',(1.,0.,0.));
#9957=CARTESIAN_POINT('',(34.3811761799581,20.,-2.7));
#9958=CARTESIAN_POINT('',(37.6188238200419,20.,-2.7));
#9959=CARTESIAN_POINT('',(34.3811761799581,20.,-2.7));
#9960=VECTOR('',#9961,1.);
#9961=DIRECTION('',(1.,0.,0.));
#9962=CARTESIAN_POINT('',(37.6188238200419,20.,2.7));
#9963=AXIS2_PLACEMENT_3D('',#9964,#9965,#9966);
#9964=CARTESIAN_POINT('',(40.,20.,-2.220446E-15));
#9965=DIRECTION('',(0.,1.,0.));
#9966=DIRECTION('',(-0.661437827766148,0.,-0.75));
#9967=CARTESIAN_POINT('',(34.3811761799581,20.,2.7));
#9968=CARTESIAN_POINT('',(37.6188238200419,20.,2.7));
#9969=VECTOR('',#9970,1.);
#9970=DIRECTION('',(-1.,0.,0.));
#9971=AXIS2_PLACEMENT_3D('',#9972,#9973,#9974);
#9972=CARTESIAN_POINT('',(32.,20.,-2.220446E-15));
#9973=DIRECTION('',(0.,1.,0.));
#9974=DIRECTION('',(0.661437827766147,0.,0.750000000000001));
#9975=CARTESIAN_POINT('',(28.8,20.,-2.35107499190905E-15));
#9976=AXIS2_PLACEMENT_3D('',#9977,#9978,#9979);
#9977=CARTESIAN_POINT('',(32.,20.,-2.220446E-15));
#9978=DIRECTION('',(0.,-1.,0.));
#9979=DIRECTION('',(-1.,0.,0.));
#9980=CARTESIAN_POINT('',(36.8,20.,-2.35107499190905E-15));
#9981=AXIS2_PLACEMENT_3D('',#9982,#9983,#9984);
#9982=CARTESIAN_POINT('',(40.,20.,-2.220446E-15));
#9983=DIRECTION('',(0.,-1.,0.));
#9984=DIRECTION('',(-1.,0.,0.));
#9985=CARTESIAN_POINT('',(20.,11.2,-3.7));
#9986=AXIS2_PLACEMENT_3D('',#9987,#9988,#9989);
#9987=CARTESIAN_POINT('',(20.1,11.2,-3.7));
#9988=DIRECTION('',(0.,1.,0.));
#9989=DIRECTION('',(0.,0.,-1.));
#9990=CARTESIAN_POINT('',(20.,12.,-3.7));
#9991=CARTESIAN_POINT('',(20.,11.2,-3.7));
#9992=VECTOR('',#9993,1.);
#9993=DIRECTION('',(-4.44089209850064E-15,1.,0.));
#9994=AXIS2_PLACEMENT_3D('',#9995,#9996,#9997);
#9995=CARTESIAN_POINT('',(20.1,12.,-3.7));
#9996=DIRECTION('',(0.,1.,0.));
#9997=DIRECTION('',(0.,0.,-1.));
#9998=CARTESIAN_POINT('',(20.,3.2,-3.7));
#9999=AXIS2_PLACEMENT_3D('',#10000,#10001,#10002);
#10000=CARTESIAN_POINT('',(20.1,3.2,-3.7));
#10001=DIRECTION('',(0.,1.,0.));
#10002=DIRECTION('',(0.,0.,-1.));
#10003=CARTESIAN_POINT('',(20.,4.8,-3.7));
#10004=CARTESIAN_POINT('',(20.,3.2,-3.7));
#10005=VECTOR('',#10006,1.);
#10006=DIRECTION('',(0.,1.,0.));
#10007=AXIS2_PLACEMENT_3D('',#10008,#10009,#10010);
#10008=CARTESIAN_POINT('',(20.1,4.8,-3.7));
#10009=DIRECTION('',(0.,-1.,0.));
#10010=DIRECTION('',(-1.,0.,0.));
#10011=CARTESIAN_POINT('',(20.,4.8,0.));
#10012=CARTESIAN_POINT('',(20.,4.8,0.));
#10013=VECTOR('',#10014,1.);
#10014=DIRECTION('',(0.,0.,-1.));
#10015=CARTESIAN_POINT('',(20.8,4.8,0.));
#10016=CARTESIAN_POINT('',(20.,4.8,-4.44089209850063E-16));
#10017=VECTOR('',#10018,1.);
#10018=DIRECTION('',(1.,0.,0.));
#10019=CARTESIAN_POINT('',(20.8,4.8,-3.8));
#10020=VECTOR('',#10021,1.);
#10021=DIRECTION('',(0.,0.,1.));
#10022=CARTESIAN_POINT('',(20.,11.2,0.));
#10023=CARTESIAN_POINT('',(20.,11.2,-3.7));
#10024=VECTOR('',#10025,1.);
#10025=DIRECTION('',(0.,0.,1.));
#10026=AXIS2_PLACEMENT_3D('',#10027,#10028,#10029);
#10027=CARTESIAN_POINT('',(20.,8.,0.));
#10028=DIRECTION('',(1.,0.,0.));
#10029=DIRECTION('',(0.,1.,-1.22464679914735E-16));
#10030=CARTESIAN_POINT('',(20.,3.2,0.));
#10031=CARTESIAN_POINT('',(20.,3.2,-3.7));
#10032=VECTOR('',#10033,1.);
#10033=DIRECTION('',(0.,0.,1.));
#10034=CARTESIAN_POINT('',(20.,-3.2,0.));
#10035=AXIS2_PLACEMENT_3D('',#10036,#10037,#10038);
#10036=CARTESIAN_POINT('',(20.,0.,0.));
#10037=DIRECTION('',(1.,0.,0.));
#10038=DIRECTION('',(0.,1.,-1.22464679914735E-16));
#10039=CARTESIAN_POINT('',(20.,-3.2,-3.7));
#10040=CARTESIAN_POINT('',(20.,-3.2,0.));
#10041=VECTOR('',#10042,1.);
#10042=DIRECTION('',(0.,0.,-1.));
#10043=CARTESIAN_POINT('',(20.,-4.8,-3.7));
#10044=CARTESIAN_POINT('',(20.,-4.8,-3.7));
#10045=VECTOR('',#10046,1.);
#10046=DIRECTION('',(0.,1.,0.));
#10047=CARTESIAN_POINT('',(20.,-4.8,0.));
#10048=CARTESIAN_POINT('',(20.,-4.8,-3.7));
#10049=VECTOR('',#10050,1.);
#10050=DIRECTION('',(0.,0.,1.));
#10051=CARTESIAN_POINT('',(20.,-11.2,0.));
#10052=AXIS2_PLACEMENT_3D('',#10053,#10054,#10055);
#10053=CARTESIAN_POINT('',(20.,-8.,0.));
#10054=DIRECTION('',(1.,0.,0.));
#10055=DIRECTION('',(0.,1.,-1.22464679914735E-16));
#10056=CARTESIAN_POINT('',(20.,-11.2,-3.7));
#10057=CARTESIAN_POINT('',(20.,-11.2,0.));
#10058=VECTOR('',#10059,1.);
#10059=DIRECTION('',(0.,0.,-1.));
#10060=CARTESIAN_POINT('',(20.,-12.,-3.7));
#10061=CARTESIAN_POINT('',(20.,-12.,-3.7));
#10062=VECTOR('',#10063,1.);
#10063=DIRECTION('',(0.,1.,0.));
#10064=CARTESIAN_POINT('',(20.,-12.,3.7));
#10065=CARTESIAN_POINT('',(20.,-12.,-3.7));
#10066=VECTOR('',#10067,1.);
#10067=DIRECTION('',(0.,0.,1.));
#10068=CARTESIAN_POINT('',(20.,12.,3.7));
#10069=CARTESIAN_POINT('',(20.,12.,3.7));
#10070=VECTOR('',#10071,1.);
#10071=DIRECTION('',(1.48029736616688E-16,-1.,0.));
#10072=CARTESIAN_POINT('',(20.,12.,-3.7));
#10073=VECTOR('',#10074,1.);
#10074=DIRECTION('',(0.,0.,1.));
#10075=AXIS2_PLACEMENT_3D('',#10076,#10077,#10078);
#10076=CARTESIAN_POINT('',(20.1,-4.8,-3.7));
#10077=DIRECTION('',(0.,1.,0.));
#10078=DIRECTION('',(0.,0.,-1.));
#10079=AXIS2_PLACEMENT_3D('',#10080,#10081,#10082);
#10080=CARTESIAN_POINT('',(20.1,-3.2,-3.7));
#10081=DIRECTION('',(0.,-1.,0.));
#10082=DIRECTION('',(-1.,0.,0.));
#10083=CARTESIAN_POINT('',(20.8,-4.8,0.));
#10084=CARTESIAN_POINT('',(20.8,-4.8,0.));
#10085=VECTOR('',#10086,1.);
#10086=DIRECTION('',(0.,0.,-1.));
#10087=CARTESIAN_POINT('',(20.,-4.8,1.95943487863577E-16));
#10088=VECTOR('',#10089,1.);
#10089=DIRECTION('',(1.,0.,0.));
#10090=AXIS2_PLACEMENT_3D('',#10091,#10092,#10093);
#10091=CARTESIAN_POINT('',(20.1,-11.2,-3.7));
#10092=DIRECTION('',(0.,-1.,0.));
#10093=DIRECTION('',(-1.,0.,0.));
#10094=AXIS2_PLACEMENT_3D('',#10095,#10096,#10097);
#10095=CARTESIAN_POINT('',(20.1,-12.,-3.7));
#10096=DIRECTION('',(0.,-1.,0.));
#10097=DIRECTION('',(-1.,0.,0.));
#10098=CARTESIAN_POINT('',(28.,-12.,-3.7));
#10099=AXIS2_PLACEMENT_3D('',#10100,#10101,#10102);
#10100=CARTESIAN_POINT('',(27.9,-12.,-3.7));
#10101=DIRECTION('',(0.,-1.,0.));
#10102=DIRECTION('',(0.,0.,-1.));
#10103=CARTESIAN_POINT('',(28.,12.,-3.7));
#10104=AXIS2_PLACEMENT_3D('',#10105,#10106,#10107);
#10105=CARTESIAN_POINT('',(27.9,12.,-3.7));
#10106=DIRECTION('',(0.,1.,0.));
#10107=DIRECTION('',(1.,0.,0.));
#10108=CARTESIAN_POINT('',(28.,12.,-3.7));
#10109=VECTOR('',#10110,1.);
#10110=DIRECTION('',(0.,-1.,0.));
#10111=CARTESIAN_POINT('',(28.,12.,3.7));
#10112=AXIS2_PLACEMENT_3D('',#10113,#10114,#10115);
#10113=CARTESIAN_POINT('',(27.9,12.,3.7));
#10114=DIRECTION('',(0.,1.,0.));
#10115=DIRECTION('',(0.,0.,1.));
#10116=CARTESIAN_POINT('',(28.,-12.,3.7));
#10117=AXIS2_PLACEMENT_3D('',#10118,#10119,#10120);
#10118=CARTESIAN_POINT('',(27.9,-12.,3.7));
#10119=DIRECTION('',(0.,-1.,0.));
#10120=DIRECTION('',(1.,0.,0.));
#10121=CARTESIAN_POINT('',(28.,-12.,3.7));
#10122=VECTOR('',#10123,1.);
#10123=DIRECTION('',(0.,1.,0.));
#10124=AXIS2_PLACEMENT_3D('',#10125,#10126,#10127);
#10125=CARTESIAN_POINT('',(20.1,-12.,3.7));
#10126=DIRECTION('',(0.,-1.,0.));
#10127=DIRECTION('',(-3.5527136788005E-14,0.,1.));
#10128=AXIS2_PLACEMENT_3D('',#10129,#10130,#10131);
#10129=CARTESIAN_POINT('',(20.1,12.,3.7));
#10130=DIRECTION('',(0.,1.,0.));
#10131=DIRECTION('',(-1.,0.,0.));
#10132=CARTESIAN_POINT('',(-28.,-12.,3.7));
#10133=AXIS2_PLACEMENT_3D('',#10134,#10135,#10136);
#10134=CARTESIAN_POINT('',(-27.9,-12.,3.7));
#10135=DIRECTION('',(0.,-1.,0.));
#10136=DIRECTION('',(0.,0.,1.));
#10137=CARTESIAN_POINT('',(-28.,12.,3.7));
#10138=AXIS2_PLACEMENT_3D('',#10139,#10140,#10141);
#10139=CARTESIAN_POINT('',(-27.9,12.,3.7));
#10140=DIRECTION('',(0.,1.,0.));
#10141=DIRECTION('',(-1.,0.,0.));
#10142=CARTESIAN_POINT('',(-28.,12.,3.7));
#10143=VECTOR('',#10144,1.);
#10144=DIRECTION('',(0.,-1.,0.));
#10145=CARTESIAN_POINT('',(-28.,12.,-3.7));
#10146=AXIS2_PLACEMENT_3D('',#10147,#10148,#10149);
#10147=CARTESIAN_POINT('',(-27.9,12.,-3.7));
#10148=DIRECTION('',(0.,1.,0.));
#10149=DIRECTION('',(0.,0.,-1.));
#10150=CARTESIAN_POINT('',(-28.,-12.,-3.7));
#10151=AXIS2_PLACEMENT_3D('',#10152,#10153,#10154);
#10152=CARTESIAN_POINT('',(-27.9,-12.,-3.7));
#10153=DIRECTION('',(0.,-1.,0.));
#10154=DIRECTION('',(-1.,0.,0.));
#10155=CARTESIAN_POINT('',(-28.,-12.,-3.7));
#10156=VECTOR('',#10157,1.);
#10157=DIRECTION('',(0.,1.,0.));
#10158=CARTESIAN_POINT('',(-20.,12.,3.7));
#10159=AXIS2_PLACEMENT_3D('',#10160,#10161,#10162);
#10160=CARTESIAN_POINT('',(-20.1,12.,3.7));
#10161=DIRECTION('',(0.,1.,0.));
#10162=DIRECTION('',(0.,0.,1.));
#10163=CARTESIAN_POINT('',(-20.,-12.,3.7));
#10164=AXIS2_PLACEMENT_3D('',#10165,#10166,#10167);
#10165=CARTESIAN_POINT('',(-20.1,-12.,3.7));
#10166=DIRECTION('',(0.,-1.,0.));
#10167=DIRECTION('',(1.,0.,0.));
#10168=CARTESIAN_POINT('',(-20.,-12.,3.7));
#10169=VECTOR('',#10170,1.);
#10170=DIRECTION('',(0.,1.,0.));
#10171=CARTESIAN_POINT('',(-20.,-11.2,-3.7));
#10172=AXIS2_PLACEMENT_3D('',#10173,#10174,#10175);
#10173=CARTESIAN_POINT('',(-20.1,-11.2,-3.7));
#10174=DIRECTION('',(0.,-1.,0.));
#10175=DIRECTION('',(0.,0.,-1.));
#10176=CARTESIAN_POINT('',(-20.,-12.,-3.7));
#10177=CARTESIAN_POINT('',(-20.,-11.2,-3.7));
#10178=VECTOR('',#10179,1.);
#10179=DIRECTION('',(0.,-1.,-5.55111512312577E-16));
#10180=AXIS2_PLACEMENT_3D('',#10181,#10182,#10183);
#10181=CARTESIAN_POINT('',(-20.1,-12.,-3.7));
#10182=DIRECTION('',(0.,-1.,0.));
#10183=DIRECTION('',(0.,0.,-1.));
#10184=CARTESIAN_POINT('',(-20.,-3.2,-3.7));
#10185=AXIS2_PLACEMENT_3D('',#10186,#10187,#10188);
#10186=CARTESIAN_POINT('',(-20.1,-3.2,-3.7));
#10187=DIRECTION('',(0.,-1.,0.));
#10188=DIRECTION('',(0.,0.,-1.));
#10189=CARTESIAN_POINT('',(-20.,-4.8,-3.7));
#10190=CARTESIAN_POINT('',(-20.,-3.2,-3.7));
#10191=VECTOR('',#10192,1.);
#10192=DIRECTION('',(0.,-1.,0.));
#10193=AXIS2_PLACEMENT_3D('',#10194,#10195,#10196);
#10194=CARTESIAN_POINT('',(-20.1,-4.8,-3.7));
#10195=DIRECTION('',(0.,1.,0.));
#10196=DIRECTION('',(1.,0.,0.));
#10197=CARTESIAN_POINT('',(-20.,-4.8,0.));
#10198=CARTESIAN_POINT('',(-20.,-4.8,0.));
#10199=VECTOR('',#10200,1.);
#10200=DIRECTION('',(0.,0.,-1.));
#10201=CARTESIAN_POINT('',(-20.8,-4.8,0.));
#10202=CARTESIAN_POINT('',(-20.,-4.8,0.));
#10203=VECTOR('',#10204,1.);
#10204=DIRECTION('',(-1.,0.,0.));
#10205=CARTESIAN_POINT('',(-20.8,-4.8,-3.8));
#10206=VECTOR('',#10207,1.);
#10207=DIRECTION('',(0.,0.,1.));
#10208=CARTESIAN_POINT('',(-20.,-12.,-3.7));
#10209=VECTOR('',#10210,1.);
#10210=DIRECTION('',(0.,0.,1.));
#10211=CARTESIAN_POINT('',(-20.,-11.2,0.));
#10212=CARTESIAN_POINT('',(-20.,-11.2,-3.7));
#10213=VECTOR('',#10214,1.);
#10214=DIRECTION('',(0.,0.,1.));
#10215=AXIS2_PLACEMENT_3D('',#10216,#10217,#10218);
#10216=CARTESIAN_POINT('',(-20.,-8.,0.));
#10217=DIRECTION('',(-1.,0.,0.));
#10218=DIRECTION('',(0.,-1.,-1.22464679914735E-16));
#10219=CARTESIAN_POINT('',(-20.,-3.2,0.));
#10220=CARTESIAN_POINT('',(-20.,-3.2,-3.7));
#10221=VECTOR('',#10222,1.);
#10222=DIRECTION('',(0.,0.,1.));
#10223=CARTESIAN_POINT('',(-20.,3.2,0.));
#10224=AXIS2_PLACEMENT_3D('',#10225,#10226,#10227);
#10225=CARTESIAN_POINT('',(-20.,0.,0.));
#10226=DIRECTION('',(-1.,0.,0.));
#10227=DIRECTION('',(0.,-1.,-1.22464679914735E-16));
#10228=CARTESIAN_POINT('',(-20.,3.2,-3.7));
#10229=CARTESIAN_POINT('',(-20.,3.2,0.));
#10230=VECTOR('',#10231,1.);
#10231=DIRECTION('',(0.,0.,-1.));
#10232=CARTESIAN_POINT('',(-20.,4.8,-3.7));
#10233=CARTESIAN_POINT('',(-20.,4.8,-3.7));
#10234=VECTOR('',#10235,1.);
#10235=DIRECTION('',(0.,-1.,0.));
#10236=CARTESIAN_POINT('',(-20.,4.8,-8.326673E-16));
#10237=CARTESIAN_POINT('',(-20.,4.8,-3.7));
#10238=VECTOR('',#10239,1.);
#10239=DIRECTION('',(0.,0.,1.));
#10240=CARTESIAN_POINT('',(-20.,11.2,0.));
#10241=AXIS2_PLACEMENT_3D('',#10242,#10243,#10244);
#10242=CARTESIAN_POINT('',(-20.,8.,0.));
#10243=DIRECTION('',(-1.,0.,0.));
#10244=DIRECTION('',(0.,-1.,-1.22464679914735E-16));
#10245=CARTESIAN_POINT('',(-20.,11.2,-3.7));
#10246=CARTESIAN_POINT('',(-20.,11.2,0.));
#10247=VECTOR('',#10248,1.);
#10248=DIRECTION('',(0.,0.,-1.));
#10249=CARTESIAN_POINT('',(-20.,12.,-3.7));
#10250=CARTESIAN_POINT('',(-20.,12.,-3.7));
#10251=VECTOR('',#10252,1.);
#10252=DIRECTION('',(0.,-1.,0.));
#10253=CARTESIAN_POINT('',(-20.,12.,-3.7));
#10254=VECTOR('',#10255,1.);
#10255=DIRECTION('',(0.,0.,1.));
#10256=AXIS2_PLACEMENT_3D('',#10257,#10258,#10259);
#10257=CARTESIAN_POINT('',(-20.1,4.8,-3.7));
#10258=DIRECTION('',(0.,-1.,0.));
#10259=DIRECTION('',(0.,0.,-1.));
#10260=AXIS2_PLACEMENT_3D('',#10261,#10262,#10263);
#10261=CARTESIAN_POINT('',(-20.1,3.2,-3.7));
#10262=DIRECTION('',(0.,1.,0.));
#10263=DIRECTION('',(1.,0.,0.));
#10264=CARTESIAN_POINT('',(-20.8,4.8,4.415877E-34));
#10265=CARTESIAN_POINT('',(-20.8,4.8,2.2079385E-34));
#10266=VECTOR('',#10267,1.);
#10267=DIRECTION('',(0.,0.,-1.));
#10268=CARTESIAN_POINT('',(-20.,4.8,-2.48145721986486E-16));
#10269=VECTOR('',#10270,1.);
#10270=DIRECTION('',(-1.,0.,0.));
#10271=AXIS2_PLACEMENT_3D('',#10272,#10273,#10274);
#10272=CARTESIAN_POINT('',(-20.1,11.2,-3.7));
#10273=DIRECTION('',(0.,1.,0.));
#10274=DIRECTION('',(1.,0.,0.));
#10275=AXIS2_PLACEMENT_3D('',#10276,#10277,#10278);
#10276=CARTESIAN_POINT('',(-20.1,12.,-3.7));
#10277=DIRECTION('',(0.,1.,0.));
#10278=DIRECTION('',(1.,0.,0.));
#10279=CARTESIAN_POINT('',(-3.2,12.1,-4.));
#10280=CARTESIAN_POINT('',(-3.2,12.,-3.9));
#10281=AXIS2_PLACEMENT_3D('',#10282,#10283,#10284);
#10282=CARTESIAN_POINT('',(-3.2,12.1,-3.9));
#10283=DIRECTION('',(-1.,0.,0.));
#10284=DIRECTION('',(0.,0.,-1.));
#10285=CARTESIAN_POINT('',(-12.8,12.,-3.9));
#10286=CARTESIAN_POINT('',(-3.2,12.,-3.9));
#10287=VECTOR('',#10288,1.);
#10288=DIRECTION('',(-1.,0.,0.));
#10289=CARTESIAN_POINT('',(-12.8,12.1,-4.));
#10290=AXIS2_PLACEMENT_3D('',#10291,#10292,#10293);
#10291=CARTESIAN_POINT('',(-12.8,12.1,-3.9));
#10292=DIRECTION('',(1.,0.,0.));
#10293=DIRECTION('',(0.,-1.,0.));
#10294=CARTESIAN_POINT('',(-12.8,12.1,-4.));
#10295=VECTOR('',#10296,1.);
#10296=DIRECTION('',(1.,1.8503717077086E-16,0.));
#10297=CARTESIAN_POINT('',(-12.8,12.,0.));
#10298=CARTESIAN_POINT('',(-12.8,12.,0.));
#10299=VECTOR('',#10300,1.);
#10300=DIRECTION('',(0.,0.,-1.));
#10301=CARTESIAN_POINT('',(-12.8,12.8,0.));
#10302=CARTESIAN_POINT('',(-12.8,12.,0.));
#10303=VECTOR('',#10304,1.);
#10304=DIRECTION('',(0.,1.,0.));
#10305=CARTESIAN_POINT('',(-12.8,12.8,-4.));
#10306=CARTESIAN_POINT('',(-12.8,12.8,-4.));
#10307=VECTOR('',#10308,1.);
#10308=DIRECTION('',(0.,0.,1.));
#10309=CARTESIAN_POINT('',(-12.8,12.1,-4.));
#10310=VECTOR('',#10311,1.);
#10311=DIRECTION('',(0.,1.,0.));
#10312=CARTESIAN_POINT('',(-3.2,12.,0.));
#10313=CARTESIAN_POINT('',(-3.2,12.,-3.9));
#10314=VECTOR('',#10315,1.);
#10315=DIRECTION('',(0.,0.,1.));
#10316=CARTESIAN_POINT('',(3.2,12.,0.));
#10317=AXIS2_PLACEMENT_3D('',#10318,#10319,#10320);
#10318=CARTESIAN_POINT('',(0.,12.,0.));
#10319=DIRECTION('',(0.,1.,0.));
#10320=DIRECTION('',(-1.,0.,-1.22464679914735E-16));
#10321=CARTESIAN_POINT('',(3.2,12.,-3.9));
#10322=CARTESIAN_POINT('',(3.2,12.,0.));
#10323=VECTOR('',#10324,1.);
#10324=DIRECTION('',(0.,0.,-1.));
#10325=CARTESIAN_POINT('',(12.8,12.,-3.9));
#10326=CARTESIAN_POINT('',(12.8,12.,-3.9));
#10327=VECTOR('',#10328,1.);
#10328=DIRECTION('',(-1.,0.,0.));
#10329=CARTESIAN_POINT('',(12.8,12.,0.));
#10330=CARTESIAN_POINT('',(12.8,12.,-3.9));
#10331=VECTOR('',#10332,1.);
#10332=DIRECTION('',(0.,0.,1.));
#10333=CARTESIAN_POINT('',(19.2,12.,0.));
#10334=AXIS2_PLACEMENT_3D('',#10335,#10336,#10337);
#10335=CARTESIAN_POINT('',(16.,12.,0.));
#10336=DIRECTION('',(0.,1.,0.));
#10337=DIRECTION('',(-1.,0.,-1.22464679914735E-16));
#10338=CARTESIAN_POINT('',(19.2,12.,-3.9));
#10339=CARTESIAN_POINT('',(19.2,12.,0.));
#10340=VECTOR('',#10341,1.);
#10341=DIRECTION('',(0.,0.,-1.));
#10342=CARTESIAN_POINT('',(24.,12.,-3.9));
#10343=CARTESIAN_POINT('',(24.,12.,-3.9));
#10344=VECTOR('',#10345,1.);
#10345=DIRECTION('',(-1.,0.,0.));
#10346=CARTESIAN_POINT('',(24.,12.,-3.9));
#10347=VECTOR('',#10348,1.);
#10348=DIRECTION('',(0.,0.,1.));
#10349=CARTESIAN_POINT('',(21.1,12.,0.800000000000001));
#10350=CARTESIAN_POINT('',(21.1,12.,0.800000000000001));
#10351=VECTOR('',#10352,1.);
#10352=DIRECTION('',(0.,0.,1.));
#10353=CARTESIAN_POINT('',(26.9,12.,0.800000000000001));
#10354=CARTESIAN_POINT('',(26.9,12.,0.800000000000001));
#10355=VECTOR('',#10356,1.);
#10356=DIRECTION('',(-1.,0.,0.));
#10357=CARTESIAN_POINT('',(26.9,12.,3.8));
#10358=VECTOR('',#10359,1.);
#10359=DIRECTION('',(0.,0.,-1.));
#10360=CARTESIAN_POINT('',(24.,12.,3.9));
#10361=CARTESIAN_POINT('',(24.,12.,3.8));
#10362=VECTOR('',#10363,1.);
#10363=DIRECTION('',(0.,0.,1.));
#10364=CARTESIAN_POINT('',(-24.,12.,3.9));
#10365=CARTESIAN_POINT('',(-24.,12.,3.9));
#10366=VECTOR('',#10367,1.);
#10367=DIRECTION('',(1.,0.,0.));
#10368=CARTESIAN_POINT('',(-24.,12.,3.8));
#10369=VECTOR('',#10370,1.);
#10370=DIRECTION('',(0.,0.,1.));
#10371=CARTESIAN_POINT('',(-26.9,12.,0.800000000000001));
#10372=CARTESIAN_POINT('',(-26.9,12.,3.8));
#10373=VECTOR('',#10374,1.);
#10374=DIRECTION('',(0.,0.,-1.));
#10375=CARTESIAN_POINT('',(-21.1,12.,0.800000000000001));
#10376=CARTESIAN_POINT('',(-26.9,12.,0.800000000000001));
#10377=VECTOR('',#10378,1.);
#10378=DIRECTION('',(1.,0.,0.));
#10379=CARTESIAN_POINT('',(-21.1,12.,0.800000000000001));
#10380=VECTOR('',#10381,1.);
#10381=DIRECTION('',(0.,0.,1.));
#10382=CARTESIAN_POINT('',(-24.,12.,-3.9));
#10383=CARTESIAN_POINT('',(-24.,12.,-3.9));
#10384=VECTOR('',#10385,1.);
#10385=DIRECTION('',(0.,0.,1.));
#10386=CARTESIAN_POINT('',(-19.2,12.,-3.9));
#10387=CARTESIAN_POINT('',(-19.2,12.,-3.9));
#10388=VECTOR('',#10389,1.);
#10389=DIRECTION('',(-1.,0.,0.));
#10390=CARTESIAN_POINT('',(-19.2,12.,0.));
#10391=CARTESIAN_POINT('',(-19.2,12.,-3.9));
#10392=VECTOR('',#10393,1.);
#10393=DIRECTION('',(0.,0.,1.));
#10394=AXIS2_PLACEMENT_3D('',#10395,#10396,#10397);
#10395=CARTESIAN_POINT('',(-16.,12.,0.));
#10396=DIRECTION('',(0.,1.,0.));
#10397=DIRECTION('',(-1.,0.,-1.22464679914735E-16));
#10398=CARTESIAN_POINT('',(12.8,12.1,-4.));
#10399=AXIS2_PLACEMENT_3D('',#10400,#10401,#10402);
#10400=CARTESIAN_POINT('',(12.8,12.1,-3.9));
#10401=DIRECTION('',(-1.,0.,0.));
#10402=DIRECTION('',(0.,0.,-1.));
#10403=CARTESIAN_POINT('',(3.2,12.1,-4.));
#10404=AXIS2_PLACEMENT_3D('',#10405,#10406,#10407);
#10405=CARTESIAN_POINT('',(3.2,12.1,-3.9));
#10406=DIRECTION('',(1.,0.,0.));
#10407=DIRECTION('',(0.,-1.,0.));
#10408=CARTESIAN_POINT('',(3.2,12.1,-4.));
#10409=VECTOR('',#10410,1.);
#10410=DIRECTION('',(1.,0.,0.));
#10411=CARTESIAN_POINT('',(3.2,12.8,0.));
#10412=CARTESIAN_POINT('',(3.2,12.8,0.));
#10413=VECTOR('',#10414,1.);
#10414=DIRECTION('',(0.,-1.,0.));
#10415=CARTESIAN_POINT('',(3.2,12.8,-4.));
#10416=CARTESIAN_POINT('',(3.2,12.8,-4.));
#10417=VECTOR('',#10418,1.);
#10418=DIRECTION('',(0.,0.,1.));
#10419=CARTESIAN_POINT('',(3.2,12.1,-4.));
#10420=VECTOR('',#10421,1.);
#10421=DIRECTION('',(0.,1.,0.));
#10422=CARTESIAN_POINT('',(3.2,-12.1,-4.));
#10423=CARTESIAN_POINT('',(3.2,-12.,-3.9));
#10424=AXIS2_PLACEMENT_3D('',#10425,#10426,#10427);
#10425=CARTESIAN_POINT('',(3.2,-12.1,-3.9));
#10426=DIRECTION('',(1.,0.,0.));
#10427=DIRECTION('',(0.,0.,-1.));
#10428=CARTESIAN_POINT('',(12.8,-12.,-3.9));
#10429=CARTESIAN_POINT('',(3.2,-12.,-3.9));
#10430=VECTOR('',#10431,1.);
#10431=DIRECTION('',(1.,-1.85037170770859E-16,0.));
#10432=CARTESIAN_POINT('',(12.8,-12.1,-4.));
#10433=AXIS2_PLACEMENT_3D('',#10434,#10435,#10436);
#10434=CARTESIAN_POINT('',(12.8,-12.1,-3.9));
#10435=DIRECTION('',(-1.,0.,0.));
#10436=DIRECTION('',(0.,1.,0.));
#10437=CARTESIAN_POINT('',(12.8,-12.1,-4.));
#10438=VECTOR('',#10439,1.);
#10439=DIRECTION('',(-1.,0.,0.));
#10440=CARTESIAN_POINT('',(3.2,-12.8,-4.));
#10441=CARTESIAN_POINT('',(3.2,-12.8,-4.));
#10442=VECTOR('',#10443,1.);
#10443=DIRECTION('',(0.,1.,0.));
#10444=CARTESIAN_POINT('',(3.2,-12.8,0.));
#10445=CARTESIAN_POINT('',(3.2,-12.8,0.));
#10446=VECTOR('',#10447,1.);
#10447=DIRECTION('',(0.,0.,-1.));
#10448=CARTESIAN_POINT('',(3.2,-12.,0.));
#10449=CARTESIAN_POINT('',(3.2,-12.,1.95943487863577E-16));
#10450=VECTOR('',#10451,1.);
#10451=DIRECTION('',(0.,-1.,0.));
#10452=CARTESIAN_POINT('',(3.2,-12.,-3.9));
#10453=VECTOR('',#10454,1.);
#10454=DIRECTION('',(0.,0.,1.));
#10455=CARTESIAN_POINT('',(12.8,-12.8,-4.));
#10456=CARTESIAN_POINT('',(12.8,-12.1,-4.));
#10457=VECTOR('',#10458,1.);
#10458=DIRECTION('',(0.,-1.,0.));
#10459=CARTESIAN_POINT('',(19.2,-12.8,-4.));
#10460=CARTESIAN_POINT('',(12.8,-12.8,-4.));
#10461=VECTOR('',#10462,1.);
#10462=DIRECTION('',(1.,0.,0.));
#10463=CARTESIAN_POINT('',(19.2,-12.1,-4.));
#10464=CARTESIAN_POINT('',(19.2,-12.8,-4.));
#10465=VECTOR('',#10466,1.);
#10466=DIRECTION('',(0.,1.,0.));
#10467=CARTESIAN_POINT('',(24.,-12.1,-4.));
#10468=CARTESIAN_POINT('',(24.,-12.1,-4.));
#10469=VECTOR('',#10470,1.);
#10470=DIRECTION('',(-1.,0.,0.));
#10471=CARTESIAN_POINT('',(24.,-19.9,-4.));
#10472=AXIS2_PLACEMENT_3D('',#10473,#10474,#10475);
#10473=CARTESIAN_POINT('',(24.,-16.,-4.));
#10474=DIRECTION('',(0.,0.,1.));
#10475=DIRECTION('',(0.,-1.,0.));
#10476=CARTESIAN_POINT('',(-24.,-19.9,-4.));
#10477=CARTESIAN_POINT('',(-24.,-19.9,-4.));
#10478=VECTOR('',#10479,1.);
#10479=DIRECTION('',(1.,0.,0.));
#10480=CARTESIAN_POINT('',(-24.,-12.1,-4.));
#10481=AXIS2_PLACEMENT_3D('',#10482,#10483,#10484);
#10482=CARTESIAN_POINT('',(-24.,-16.,-4.));
#10483=DIRECTION('',(0.,0.,1.));
#10484=DIRECTION('',(0.,1.,0.));
#10485=CARTESIAN_POINT('',(-19.2,-12.1,-4.));
#10486=CARTESIAN_POINT('',(-19.2,-12.1,-4.));
#10487=VECTOR('',#10488,1.);
#10488=DIRECTION('',(-1.,0.,0.));
#10489=CARTESIAN_POINT('',(-19.2,-12.8,-4.));
#10490=CARTESIAN_POINT('',(-19.2,-12.1,-4.));
#10491=VECTOR('',#10492,1.);
#10492=DIRECTION('',(0.,-1.,0.));
#10493=CARTESIAN_POINT('',(-12.8,-12.8,-4.));
#10494=CARTESIAN_POINT('',(-19.2,-12.8,-4.));
#10495=VECTOR('',#10496,1.);
#10496=DIRECTION('',(1.,0.,0.));
#10497=CARTESIAN_POINT('',(-12.8,-12.1,-4.));
#10498=CARTESIAN_POINT('',(-12.8,-12.8,-4.));
#10499=VECTOR('',#10500,1.);
#10500=DIRECTION('',(0.,1.,0.));
#10501=CARTESIAN_POINT('',(-3.2,-12.1,-4.));
#10502=CARTESIAN_POINT('',(-3.2,-12.1,-4.));
#10503=VECTOR('',#10504,1.);
#10504=DIRECTION('',(-1.,0.,0.));
#10505=CARTESIAN_POINT('',(-3.2,-12.8,-4.));
#10506=CARTESIAN_POINT('',(-3.2,-12.1,-4.));
#10507=VECTOR('',#10508,1.);
#10508=DIRECTION('',(0.,-1.,0.));
#10509=CARTESIAN_POINT('',(-3.2,-12.8,-4.));
#10510=VECTOR('',#10511,1.);
#10511=DIRECTION('',(1.,0.,0.));
#10512=CARTESIAN_POINT('',(-21.2450045372088,-18.9,-4.));
#10513=CARTESIAN_POINT('',(-10.7549954627912,-18.9,-4.));
#10514=CARTESIAN_POINT('',(-21.2450045372088,-18.9,-4.));
#10515=VECTOR('',#10516,1.);
#10516=DIRECTION('',(1.,0.,0.));
#10517=CARTESIAN_POINT('',(-10.7549954627912,-13.1,-4.));
#10518=AXIS2_PLACEMENT_3D('',#10519,#10520,#10521);
#10519=CARTESIAN_POINT('',(-8.,-16.,-4.));
#10520=DIRECTION('',(0.,0.,-1.));
#10521=DIRECTION('',(-0.688748865697796,-0.725,0.));
#10522=CARTESIAN_POINT('',(-21.2450045372088,-13.1,-4.));
#10523=CARTESIAN_POINT('',(-10.7549954627912,-13.1,-4.));
#10524=VECTOR('',#10525,1.);
#10525=DIRECTION('',(-1.,0.,0.));
#10526=AXIS2_PLACEMENT_3D('',#10527,#10528,#10529);
#10527=CARTESIAN_POINT('',(-24.,-16.,-4.));
#10528=DIRECTION('',(0.,0.,-1.));
#10529=DIRECTION('',(0.688748865697796,0.725,0.));
#10530=CARTESIAN_POINT('',(-5.24500453720882,-18.9,-4.));
#10531=CARTESIAN_POINT('',(5.24500453720881,-18.9,-4.));
#10532=CARTESIAN_POINT('',(-5.24500453720882,-18.9,-4.));
#10533=VECTOR('',#10534,1.);
#10534=DIRECTION('',(1.,0.,0.));
#10535=CARTESIAN_POINT('',(5.24500453720881,-13.1,-4.));
#10536=AXIS2_PLACEMENT_3D('',#10537,#10538,#10539);
#10537=CARTESIAN_POINT('',(8.,-16.,-4.));
#10538=DIRECTION('',(0.,0.,-1.));
#10539=DIRECTION('',(-0.688748865697796,-0.724999999999999,0.));
#10540=CARTESIAN_POINT('',(-5.24500453720881,-13.1,-4.));
#10541=CARTESIAN_POINT('',(5.24500453720881,-13.1,-4.));
#10542=VECTOR('',#10543,1.);
#10543=DIRECTION('',(-1.,0.,0.));
#10544=AXIS2_PLACEMENT_3D('',#10545,#10546,#10547);
#10545=CARTESIAN_POINT('',(-8.,-16.,-4.));
#10546=DIRECTION('',(0.,0.,-1.));
#10547=DIRECTION('',(0.688748865697796,0.724999999999999,0.));
#10548=CARTESIAN_POINT('',(21.2450045372088,-18.9,-4.));
#10549=CARTESIAN_POINT('',(21.2450045372088,-13.1,-4.));
#10550=AXIS2_PLACEMENT_3D('',#10551,#10552,#10553);
#10551=CARTESIAN_POINT('',(24.,-16.,-4.));
#10552=DIRECTION('',(0.,0.,-1.));
#10553=DIRECTION('',(-0.688748865697797,-0.724999999999999,0.));
#10554=CARTESIAN_POINT('',(10.7549954627912,-13.1,-4.));
#10555=CARTESIAN_POINT('',(21.2450045372088,-13.1,-4.));
#10556=VECTOR('',#10557,1.);
#10557=DIRECTION('',(-1.,0.,0.));
#10558=CARTESIAN_POINT('',(10.7549954627912,-18.9,-4.));
#10559=AXIS2_PLACEMENT_3D('',#10560,#10561,#10562);
#10560=CARTESIAN_POINT('',(8.,-16.,-4.));
#10561=DIRECTION('',(0.,0.,-1.));
#10562=DIRECTION('',(0.688748865697797,0.724999999999999,0.));
#10563=CARTESIAN_POINT('',(10.7549954627912,-18.9,-4.));
#10564=VECTOR('',#10565,1.);
#10565=DIRECTION('',(1.,0.,0.));
#10566=CARTESIAN_POINT('',(-27.2,-16.,-4.));
#10567=AXIS2_PLACEMENT_3D('',#10568,#10569,#10570);
#10568=CARTESIAN_POINT('',(-24.,-16.,-4.));
#10569=DIRECTION('',(0.,0.,1.));
#10570=DIRECTION('',(-1.,0.,0.));
#10571=CARTESIAN_POINT('',(-11.2,-16.,-4.));
#10572=AXIS2_PLACEMENT_3D('',#10573,#10574,#10575);
#10573=CARTESIAN_POINT('',(-8.,-16.,-4.));
#10574=DIRECTION('',(0.,0.,1.));
#10575=DIRECTION('',(-1.,0.,0.));
#10576=CARTESIAN_POINT('',(4.8,-16.,-4.));
#10577=AXIS2_PLACEMENT_3D('',#10578,#10579,#10580);
#10578=CARTESIAN_POINT('',(8.,-16.,-4.));
#10579=DIRECTION('',(0.,0.,1.));
#10580=DIRECTION('',(-1.,0.,0.));
#10581=CARTESIAN_POINT('',(27.2,-16.,-4.));
#10582=AXIS2_PLACEMENT_3D('',#10583,#10584,#10585);
#10583=CARTESIAN_POINT('',(24.,-16.,-4.));
#10584=DIRECTION('',(0.,0.,1.));
#10585=DIRECTION('',(1.,0.,0.));
#10586=CARTESIAN_POINT('',(-12.8,-12.,-3.9));
#10587=AXIS2_PLACEMENT_3D('',#10588,#10589,#10590);
#10588=CARTESIAN_POINT('',(-12.8,-12.1,-3.9));
#10589=DIRECTION('',(1.,0.,0.));
#10590=DIRECTION('',(0.,1.77635683940025E-14,-1.));
#10591=CARTESIAN_POINT('',(-3.2,-12.,-3.9));
#10592=CARTESIAN_POINT('',(-12.8,-12.,-3.9));
#10593=VECTOR('',#10594,1.);
#10594=DIRECTION('',(1.,-1.85037170770859E-16,0.));
#10595=AXIS2_PLACEMENT_3D('',#10596,#10597,#10598);
#10596=CARTESIAN_POINT('',(-3.2,-12.1,-3.9));
#10597=DIRECTION('',(-1.,0.,0.));
#10598=DIRECTION('',(0.,1.,0.));
#10599=CARTESIAN_POINT('',(-3.2,-12.,0.));
#10600=CARTESIAN_POINT('',(-3.2,-12.,0.));
#10601=VECTOR('',#10602,1.);
#10602=DIRECTION('',(0.,0.,-1.));
#10603=CARTESIAN_POINT('',(-3.2,-12.8,0.));
#10604=CARTESIAN_POINT('',(-3.2,-12.8,0.));
#10605=VECTOR('',#10606,1.);
#10606=DIRECTION('',(0.,1.,0.));
#10607=CARTESIAN_POINT('',(-3.2,-12.8,-4.));
#10608=VECTOR('',#10609,1.);
#10609=DIRECTION('',(0.,0.,1.));
#10610=AXIS2_PLACEMENT_3D('',#10611,#10612,#10613);
#10611=CARTESIAN_POINT('',(0.,-12.,0.));
#10612=DIRECTION('',(0.,-1.,0.));
#10613=DIRECTION('',(1.,0.,-1.22464679914735E-16));
#10614=CARTESIAN_POINT('',(-12.8,-12.,0.));
#10615=CARTESIAN_POINT('',(-12.8,-12.,-3.9));
#10616=VECTOR('',#10617,1.);
#10617=DIRECTION('',(0.,0.,1.));
#10618=CARTESIAN_POINT('',(-19.2,-12.,0.));
#10619=AXIS2_PLACEMENT_3D('',#10620,#10621,#10622);
#10620=CARTESIAN_POINT('',(-16.,-12.,0.));
#10621=DIRECTION('',(0.,-1.,0.));
#10622=DIRECTION('',(1.,0.,-1.22464679914735E-16));
#10623=CARTESIAN_POINT('',(-19.2,-12.,-3.9));
#10624=CARTESIAN_POINT('',(-19.2,-12.,0.));
#10625=VECTOR('',#10626,1.);
#10626=DIRECTION('',(0.,0.,-1.));
#10627=CARTESIAN_POINT('',(-24.,-12.,-3.9));
#10628=CARTESIAN_POINT('',(-24.,-12.,-3.9));
#10629=VECTOR('',#10630,1.);
#10630=DIRECTION('',(1.,0.,0.));
#10631=CARTESIAN_POINT('',(-24.,-12.,-3.9));
#10632=VECTOR('',#10633,1.);
#10633=DIRECTION('',(0.,0.,1.));
#10634=CARTESIAN_POINT('',(-21.1,-12.,0.800000000000001));
#10635=CARTESIAN_POINT('',(-21.1,-12.,0.800000000000001));
#10636=VECTOR('',#10637,1.);
#10637=DIRECTION('',(0.,0.,1.));
#10638=CARTESIAN_POINT('',(-26.9,-12.,0.800000000000001));
#10639=CARTESIAN_POINT('',(-26.9,-12.,0.800000000000001));
#10640=VECTOR('',#10641,1.);
#10641=DIRECTION('',(1.,0.,0.));
#10642=CARTESIAN_POINT('',(-26.9,-12.,3.8));
#10643=VECTOR('',#10644,1.);
#10644=DIRECTION('',(0.,0.,-1.));
#10645=CARTESIAN_POINT('',(-24.,-12.,3.9));
#10646=CARTESIAN_POINT('',(-24.,-12.,3.8));
#10647=VECTOR('',#10648,1.);
#10648=DIRECTION('',(0.,0.,1.));
#10649=CARTESIAN_POINT('',(24.,-12.,3.9));
#10650=CARTESIAN_POINT('',(24.,-12.,3.9));
#10651=VECTOR('',#10652,1.);
#10652=DIRECTION('',(-1.,7.40148683083438E-17,0.));
#10653=CARTESIAN_POINT('',(24.,-12.,3.8));
#10654=VECTOR('',#10655,1.);
#10655=DIRECTION('',(0.,0.,1.));
#10656=CARTESIAN_POINT('',(26.9,-12.,0.800000000000001));
#10657=CARTESIAN_POINT('',(26.9,-12.,3.8));
#10658=VECTOR('',#10659,1.);
#10659=DIRECTION('',(0.,0.,-1.));
#10660=CARTESIAN_POINT('',(21.1,-12.,0.800000000000001));
#10661=CARTESIAN_POINT('',(26.9,-12.,0.800000000000001));
#10662=VECTOR('',#10663,1.);
#10663=DIRECTION('',(-1.,0.,0.));
#10664=CARTESIAN_POINT('',(21.1,-12.,0.800000000000001));
#10665=VECTOR('',#10666,1.);
#10666=DIRECTION('',(0.,0.,1.));
#10667=CARTESIAN_POINT('',(24.,-12.,-3.9));
#10668=CARTESIAN_POINT('',(24.,-12.,-3.9));
#10669=VECTOR('',#10670,1.);
#10670=DIRECTION('',(0.,0.,1.));
#10671=CARTESIAN_POINT('',(19.2,-12.,-3.9));
#10672=CARTESIAN_POINT('',(19.2,-12.,-3.9));
#10673=VECTOR('',#10674,1.);
#10674=DIRECTION('',(1.,0.,0.));
#10675=CARTESIAN_POINT('',(19.2,-12.,-1.776357E-15));
#10676=CARTESIAN_POINT('',(19.2,-12.,-3.9));
#10677=VECTOR('',#10678,1.);
#10678=DIRECTION('',(0.,0.,1.));
#10679=CARTESIAN_POINT('',(12.8,-12.,0.));
#10680=AXIS2_PLACEMENT_3D('',#10681,#10682,#10683);
#10681=CARTESIAN_POINT('',(16.,-12.,0.));
#10682=DIRECTION('',(0.,-1.,0.));
#10683=DIRECTION('',(1.,0.,-5.66553889764797E-16));
#10684=CARTESIAN_POINT('',(12.8,-12.,0.));
#10685=VECTOR('',#10686,1.);
#10686=DIRECTION('',(0.,0.,-1.));
#10687=AXIS2_PLACEMENT_3D('',#10688,#10689,#10690);
#10688=CARTESIAN_POINT('',(-19.2,-12.1,-3.9));
#10689=DIRECTION('',(-1.,0.,0.));
#10690=DIRECTION('',(0.,1.,0.));
#10691=AXIS2_PLACEMENT_3D('',#10692,#10693,#10694);
#10692=CARTESIAN_POINT('',(-24.,-12.1,-3.9));
#10693=DIRECTION('',(1.,-9.251859E-17,0.));
#10694=DIRECTION('',(-2.40853915421995E-31,-2.60330291914301E-15,-1.));
#10695=AXIS2_PLACEMENT_3D('',#10696,#10697,#10698);
#10696=CARTESIAN_POINT('',(-24.,-19.9,-3.9));
#10697=DIRECTION('',(-1.,1.83697019872103E-16,0.));
#10698=DIRECTION('',(-6.52622915254507E-30,-3.5527136788005E-14,-1.));
#10699=AXIS2_PLACEMENT_3D('',#10700,#10701,#10702);
#10700=CARTESIAN_POINT('',(-24.,-16.,-3.9));
#10701=DIRECTION('',(0.,0.,-1.));
#10702=DIRECTION('',(-1.22464679914735E-16,-1.,0.));
#10703=AXIS2_PLACEMENT_3D('',#10704,#10705,#10706);
#10704=CARTESIAN_POINT('',(24.,-19.9,-3.9));
#10705=DIRECTION('',(-1.,-9.251859E-17,0.));
#10706=DIRECTION('',(-1.226930096131E-30,1.32614439555445E-14,-1.));
#10707=AXIS2_PLACEMENT_3D('',#10708,#10709,#10710);
#10708=CARTESIAN_POINT('',(24.,-12.1,-3.9));
#10709=DIRECTION('',(1.,-6.12323399573677E-17,0.));
#10710=DIRECTION('',(-1.08770485875751E-30,-1.77635683940025E-14,-1.));
#10711=AXIS2_PLACEMENT_3D('',#10712,#10713,#10714);
#10712=CARTESIAN_POINT('',(24.,-16.,-3.9));
#10713=DIRECTION('',(0.,0.,-1.));
#10714=DIRECTION('',(1.22464679914735E-16,1.,0.));
#10715=AXIS2_PLACEMENT_3D('',#10716,#10717,#10718);
#10716=CARTESIAN_POINT('',(19.2,-12.1,-3.9));
#10717=DIRECTION('',(1.,0.,0.));
#10718=DIRECTION('',(0.,0.,-1.));
#10719=CARTESIAN_POINT('',(-19.2,-12.8,0.));
#10720=CARTESIAN_POINT('',(-19.2,-12.,0.));
#10721=VECTOR('',#10722,1.);
#10722=DIRECTION('',(0.,-1.,0.));
#10723=CARTESIAN_POINT('',(-19.2,-12.8,-4.));
#10724=VECTOR('',#10725,1.);
#10725=DIRECTION('',(0.,0.,1.));
#10726=CARTESIAN_POINT('',(19.2,12.1,-4.));
#10727=AXIS2_PLACEMENT_3D('',#10728,#10729,#10730);
#10728=CARTESIAN_POINT('',(19.2,12.1,-3.9));
#10729=DIRECTION('',(1.,0.,0.));
#10730=DIRECTION('',(0.,-1.,0.));
#10731=CARTESIAN_POINT('',(24.,12.1,-4.));
#10732=CARTESIAN_POINT('',(19.2,12.1,-4.));
#10733=VECTOR('',#10734,1.);
#10734=DIRECTION('',(1.,0.,0.));
#10735=AXIS2_PLACEMENT_3D('',#10736,#10737,#10738);
#10736=CARTESIAN_POINT('',(24.,12.1,-3.9));
#10737=DIRECTION('',(-1.,0.,0.));
#10738=DIRECTION('',(0.,-6.12323399573677E-17,-1.));
#10739=CARTESIAN_POINT('',(24.,19.9,-4.));
#10740=AXIS2_PLACEMENT_3D('',#10741,#10742,#10743);
#10741=CARTESIAN_POINT('',(24.,19.9,-3.9));
#10742=DIRECTION('',(1.,-6.12323399573677E-17,0.));
#10743=DIRECTION('',(0.,0.,-1.));
#10744=AXIS2_PLACEMENT_3D('',#10745,#10746,#10747);
#10745=CARTESIAN_POINT('',(24.,16.,-3.9));
#10746=DIRECTION('',(0.,0.,-1.));
#10747=DIRECTION('',(1.22464679914735E-16,1.,0.));
#10748=AXIS2_PLACEMENT_3D('',#10749,#10750,#10751);
#10749=CARTESIAN_POINT('',(24.,16.,-4.));
#10750=DIRECTION('',(0.,0.,1.));
#10751=DIRECTION('',(-1.82190445066692E-15,-1.,0.));
#10752=CARTESIAN_POINT('',(-24.,19.9,-4.));
#10753=AXIS2_PLACEMENT_3D('',#10754,#10755,#10756);
#10754=CARTESIAN_POINT('',(-24.,19.9,-3.9));
#10755=DIRECTION('',(1.,0.,0.));
#10756=DIRECTION('',(0.,6.12323399573677E-17,-1.));
#10757=CARTESIAN_POINT('',(24.,19.9,-4.));
#10758=VECTOR('',#10759,1.);
#10759=DIRECTION('',(-1.,0.,0.));
#10760=CARTESIAN_POINT('',(-24.,12.1,-4.));
#10761=AXIS2_PLACEMENT_3D('',#10762,#10763,#10764);
#10762=CARTESIAN_POINT('',(-24.,12.1,-3.9));
#10763=DIRECTION('',(-1.,1.83697019872103E-16,0.));
#10764=DIRECTION('',(0.,0.,-1.));
#10765=AXIS2_PLACEMENT_3D('',#10766,#10767,#10768);
#10766=CARTESIAN_POINT('',(-24.,16.,-3.9));
#10767=DIRECTION('',(0.,0.,-1.));
#10768=DIRECTION('',(-1.22464679914735E-16,-1.,0.));
#10769=AXIS2_PLACEMENT_3D('',#10770,#10771,#10772);
#10770=CARTESIAN_POINT('',(-24.,16.,-4.));
#10771=DIRECTION('',(0.,0.,1.));
#10772=DIRECTION('',(0.,1.,0.));
#10773=CARTESIAN_POINT('',(-19.2,12.1,-4.));
#10774=AXIS2_PLACEMENT_3D('',#10775,#10776,#10777);
#10775=CARTESIAN_POINT('',(-19.2,12.1,-3.9));
#10776=DIRECTION('',(-1.,0.,0.));
#10777=DIRECTION('',(0.,0.,-1.));
#10778=CARTESIAN_POINT('',(-24.,12.1,-4.));
#10779=VECTOR('',#10780,1.);
#10780=DIRECTION('',(1.,0.,0.));
#10781=CARTESIAN_POINT('',(-19.2,12.8,-4.));
#10782=CARTESIAN_POINT('',(-19.2,12.8,-4.));
#10783=VECTOR('',#10784,1.);
#10784=DIRECTION('',(0.,-1.,0.));
#10785=CARTESIAN_POINT('',(-19.2,12.8,0.));
#10786=CARTESIAN_POINT('',(-19.2,12.8,0.));
#10787=VECTOR('',#10788,1.);
#10788=DIRECTION('',(0.,0.,-1.));
#10789=CARTESIAN_POINT('',(-19.2,12.,1.95943487863577E-16));
#10790=VECTOR('',#10791,1.);
#10791=DIRECTION('',(0.,1.,0.));
#10792=CARTESIAN_POINT('',(24.,19.9,4.));
#10793=AXIS2_PLACEMENT_3D('',#10794,#10795,#10796);
#10794=CARTESIAN_POINT('',(24.,19.9,3.9));
#10795=DIRECTION('',(1.,6.12323399573677E-17,0.));
#10796=DIRECTION('',(-6.12323399573677E-17,1.,-4.37965975854326E-15));
#10797=CARTESIAN_POINT('',(24.,12.1,4.));
#10798=AXIS2_PLACEMENT_3D('',#10799,#10800,#10801);
#10799=CARTESIAN_POINT('',(24.,16.,4.));
#10800=DIRECTION('',(0.,0.,-1.));
#10801=DIRECTION('',(0.,1.,0.));
#10802=AXIS2_PLACEMENT_3D('',#10803,#10804,#10805);
#10803=CARTESIAN_POINT('',(24.,12.1,3.9));
#10804=DIRECTION('',(1.,1.83697019872103E-16,0.));
#10805=DIRECTION('',(0.,0.,1.));
#10806=AXIS2_PLACEMENT_3D('',#10807,#10808,#10809);
#10807=CARTESIAN_POINT('',(24.,16.,3.9));
#10808=DIRECTION('',(0.,0.,1.));
#10809=DIRECTION('',(1.22464679914735E-16,-1.,0.));
#10810=CARTESIAN_POINT('',(-24.,12.1,4.));
#10811=AXIS2_PLACEMENT_3D('',#10812,#10813,#10814);
#10812=CARTESIAN_POINT('',(-24.,12.1,3.9));
#10813=DIRECTION('',(1.,0.,0.));
#10814=DIRECTION('',(0.,-6.12323399573677E-17,1.));
#10815=CARTESIAN_POINT('',(24.,12.1,4.));
#10816=VECTOR('',#10817,1.);
#10817=DIRECTION('',(-1.,3.70074341541719E-17,0.));
#10818=CARTESIAN_POINT('',(-24.,19.9,4.));
#10819=AXIS2_PLACEMENT_3D('',#10820,#10821,#10822);
#10820=CARTESIAN_POINT('',(-24.,19.9,3.9));
#10821=DIRECTION('',(-1.,-6.12323399573677E-17,0.));
#10822=DIRECTION('',(-2.17540971751502E-30,3.5527136788005E-14,1.));
#10823=AXIS2_PLACEMENT_3D('',#10824,#10825,#10826);
#10824=CARTESIAN_POINT('',(-24.,16.,3.9));
#10825=DIRECTION('',(0.,0.,1.));
#10826=DIRECTION('',(-1.22464679914735E-16,1.,0.));
#10827=AXIS2_PLACEMENT_3D('',#10828,#10829,#10830);
#10828=CARTESIAN_POINT('',(-24.,16.,4.));
#10829=DIRECTION('',(0.,0.,-1.));
#10830=DIRECTION('',(0.,-1.,0.));
#10831=CARTESIAN_POINT('',(-24.,19.9,4.));
#10832=VECTOR('',#10833,1.);
#10833=DIRECTION('',(1.,7.40148683083438E-17,0.));
#10834=CARTESIAN_POINT('',(-10.7549954627912,13.1,4.));
#10835=CARTESIAN_POINT('',(-21.2450045372088,13.1,4.));
#10836=CARTESIAN_POINT('',(-10.7549954627912,13.1,4.));
#10837=VECTOR('',#10838,1.);
#10838=DIRECTION('',(-1.,0.,0.));
#10839=CARTESIAN_POINT('',(-21.2450045372088,18.9,4.));
#10840=AXIS2_PLACEMENT_3D('',#10841,#10842,#10843);
#10841=CARTESIAN_POINT('',(-24.,16.,4.));
#10842=DIRECTION('',(0.,0.,-1.));
#10843=DIRECTION('',(0.688748865697797,0.724999999999999,0.));
#10844=CARTESIAN_POINT('',(-10.7549954627912,18.9,4.));
#10845=CARTESIAN_POINT('',(-21.2450045372088,18.9,4.));
#10846=VECTOR('',#10847,1.);
#10847=DIRECTION('',(1.,0.,0.));
#10848=AXIS2_PLACEMENT_3D('',#10849,#10850,#10851);
#10849=CARTESIAN_POINT('',(-8.,16.,4.));
#10850=DIRECTION('',(0.,0.,-1.));
#10851=DIRECTION('',(-0.688748865697795,-0.725000000000001,0.));
#10852=CARTESIAN_POINT('',(5.24500453720882,13.1,4.));
#10853=CARTESIAN_POINT('',(-5.24500453720882,13.1,4.));
#10854=CARTESIAN_POINT('',(5.24500453720882,13.1,4.));
#10855=VECTOR('',#10856,1.);
#10856=DIRECTION('',(-1.,0.,0.));
#10857=CARTESIAN_POINT('',(-5.24500453720882,18.9,4.));
#10858=AXIS2_PLACEMENT_3D('',#10859,#10860,#10861);
#10859=CARTESIAN_POINT('',(-8.,16.,4.));
#10860=DIRECTION('',(0.,0.,-1.));
#10861=DIRECTION('',(0.688748865697796,0.725,0.));
#10862=CARTESIAN_POINT('',(5.24500453720881,18.9,4.));
#10863=CARTESIAN_POINT('',(-5.24500453720882,18.9,4.));
#10864=VECTOR('',#10865,1.);
#10865=DIRECTION('',(1.,0.,0.));
#10866=AXIS2_PLACEMENT_3D('',#10867,#10868,#10869);
#10867=CARTESIAN_POINT('',(8.,16.,4.));
#10868=DIRECTION('',(0.,0.,-1.));
#10869=DIRECTION('',(-0.688748865697795,-0.725000000000001,0.));
#10870=CARTESIAN_POINT('',(10.7549954627912,18.9,4.));
#10871=CARTESIAN_POINT('',(10.7549954627912,13.1,4.));
#10872=AXIS2_PLACEMENT_3D('',#10873,#10874,#10875);
#10873=CARTESIAN_POINT('',(8.,16.,4.));
#10874=DIRECTION('',(0.,0.,-1.));
#10875=DIRECTION('',(0.688748865697796,0.725,0.));
#10876=CARTESIAN_POINT('',(21.2450045372088,18.9,4.));
#10877=CARTESIAN_POINT('',(10.7549954627912,18.9,4.));
#10878=VECTOR('',#10879,1.);
#10879=DIRECTION('',(1.,0.,0.));
#10880=CARTESIAN_POINT('',(21.2450045372088,13.1,4.));
#10881=AXIS2_PLACEMENT_3D('',#10882,#10883,#10884);
#10882=CARTESIAN_POINT('',(24.,16.,4.));
#10883=DIRECTION('',(0.,0.,-1.));
#10884=DIRECTION('',(-0.688748865697795,-0.725000000000001,0.));
#10885=CARTESIAN_POINT('',(21.2450045372088,13.1,4.));
#10886=VECTOR('',#10887,1.);
#10887=DIRECTION('',(-1.,0.,0.));
#10888=CARTESIAN_POINT('',(-20.8,16.,4.));
#10889=CARTESIAN_POINT('',(-21.7372583002031,18.262741699797,4.));
#10890=AXIS2_PLACEMENT_3D('',#10891,#10892,#10893);
#10891=CARTESIAN_POINT('',(-24.,16.,4.));
#10892=DIRECTION('',(0.,0.,-1.));
#10893=DIRECTION('',(1.,0.,0.));
#10894=AXIS2_PLACEMENT_3D('',#10895,#10896,#10897);
#10895=CARTESIAN_POINT('',(-24.,16.,4.));
#10896=DIRECTION('',(0.,0.,-1.));
#10897=DIRECTION('',(0.707106781186546,0.707106781186549,0.));
#10898=CARTESIAN_POINT('',(-4.8,16.,4.));
#10899=AXIS2_PLACEMENT_3D('',#10900,#10901,#10902);
#10900=CARTESIAN_POINT('',(-8.,16.,4.));
#10901=DIRECTION('',(0.,0.,-1.));
#10902=DIRECTION('',(1.,0.,0.));
#10903=CARTESIAN_POINT('',(11.2,16.,4.));
#10904=AXIS2_PLACEMENT_3D('',#10905,#10906,#10907);
#10905=CARTESIAN_POINT('',(8.,16.,4.));
#10906=DIRECTION('',(0.,0.,-1.));
#10907=DIRECTION('',(1.,0.,0.));
#10908=CARTESIAN_POINT('',(20.8,16.,4.));
#10909=CARTESIAN_POINT('',(21.7372583002031,13.737258300203,4.));
#10910=AXIS2_PLACEMENT_3D('',#10911,#10912,#10913);
#10911=CARTESIAN_POINT('',(24.,16.,4.));
#10912=DIRECTION('',(0.,0.,-1.));
#10913=DIRECTION('',(-1.,0.,0.));
#10914=AXIS2_PLACEMENT_3D('',#10915,#10916,#10917);
#10915=CARTESIAN_POINT('',(24.,16.,4.));
#10916=DIRECTION('',(0.,0.,-1.));
#10917=DIRECTION('',(-0.707106781186547,-0.707106781186548,0.));
#10918=CARTESIAN_POINT('',(24.,-12.1,4.));
#10919=AXIS2_PLACEMENT_3D('',#10920,#10921,#10922);
#10920=CARTESIAN_POINT('',(24.,-12.1,3.9));
#10921=DIRECTION('',(1.,6.12323399573677E-17,0.));
#10922=DIRECTION('',(-6.12323399573677E-17,1.,6.12323399573518E-17));
#10923=CARTESIAN_POINT('',(24.,-19.9,4.));
#10924=AXIS2_PLACEMENT_3D('',#10925,#10926,#10927);
#10925=CARTESIAN_POINT('',(24.,-16.,4.));
#10926=DIRECTION('',(0.,0.,-1.));
#10927=DIRECTION('',(0.,1.,0.));
#10928=AXIS2_PLACEMENT_3D('',#10929,#10930,#10931);
#10929=CARTESIAN_POINT('',(24.,-19.9,3.9));
#10930=DIRECTION('',(1.,1.83697019872103E-16,0.));
#10931=DIRECTION('',(6.52622915254507E-30,-3.5527136788005E-14,1.));
#10932=AXIS2_PLACEMENT_3D('',#10933,#10934,#10935);
#10933=CARTESIAN_POINT('',(24.,-16.,3.9));
#10934=DIRECTION('',(0.,0.,1.));
#10935=DIRECTION('',(1.22464679914735E-16,-1.,0.));
#10936=CARTESIAN_POINT('',(-24.,-19.9,4.));
#10937=AXIS2_PLACEMENT_3D('',#10938,#10939,#10940);
#10938=CARTESIAN_POINT('',(-24.,-19.9,3.9));
#10939=DIRECTION('',(1.,9.251859E-17,0.));
#10940=DIRECTION('',(1.23826035564151E-30,-1.33839086354592E-14,1.));
#10941=CARTESIAN_POINT('',(24.,-19.9,4.));
#10942=VECTOR('',#10943,1.);
#10943=DIRECTION('',(-1.,0.,0.));
#10944=CARTESIAN_POINT('',(-24.,-12.1,4.));
#10945=AXIS2_PLACEMENT_3D('',#10946,#10947,#10948);
#10946=CARTESIAN_POINT('',(-24.,-12.1,3.9));
#10947=DIRECTION('',(-1.,-6.12323399573677E-17,0.));
#10948=DIRECTION('',(0.,0.,1.));
#10949=AXIS2_PLACEMENT_3D('',#10950,#10951,#10952);
#10950=CARTESIAN_POINT('',(-24.,-16.,3.9));
#10951=DIRECTION('',(0.,0.,1.));
#10952=DIRECTION('',(-1.22464679914735E-16,1.,0.));
#10953=AXIS2_PLACEMENT_3D('',#10954,#10955,#10956);
#10954=CARTESIAN_POINT('',(-24.,-16.,4.));
#10955=DIRECTION('',(0.,0.,-1.));
#10956=DIRECTION('',(0.,-1.,0.));
#10957=CARTESIAN_POINT('',(-24.,-12.1,4.));
#10958=VECTOR('',#10959,1.);
#10959=DIRECTION('',(1.,-3.70074341541719E-17,0.));
#10960=CARTESIAN_POINT('',(-10.7549954627912,-18.9,4.));
#10961=CARTESIAN_POINT('',(-21.2450045372088,-18.9,4.));
#10962=CARTESIAN_POINT('',(-10.7549954627912,-18.9,4.));
#10963=VECTOR('',#10964,1.);
#10964=DIRECTION('',(-1.,0.,0.));
#10965=CARTESIAN_POINT('',(-21.2450045372088,-13.1,4.));
#10966=AXIS2_PLACEMENT_3D('',#10967,#10968,#10969);
#10967=CARTESIAN_POINT('',(-24.,-16.,4.));
#10968=DIRECTION('',(0.,0.,1.));
#10969=DIRECTION('',(0.688748865697795,-0.725,0.));
#10970=CARTESIAN_POINT('',(-10.7549954627912,-13.1,4.));
#10971=CARTESIAN_POINT('',(-21.2450045372088,-13.1,4.));
#10972=VECTOR('',#10973,1.);
#10973=DIRECTION('',(1.,0.,0.));
#10974=AXIS2_PLACEMENT_3D('',#10975,#10976,#10977);
#10975=CARTESIAN_POINT('',(-8.,-16.,4.));
#10976=DIRECTION('',(0.,0.,1.));
#10977=DIRECTION('',(-0.688748865697796,0.725,0.));
#10978=CARTESIAN_POINT('',(5.24500453720881,-18.9,4.));
#10979=CARTESIAN_POINT('',(-5.24500453720882,-18.9,4.));
#10980=CARTESIAN_POINT('',(5.24500453720881,-18.9,4.));
#10981=VECTOR('',#10982,1.);
#10982=DIRECTION('',(-1.,0.,0.));
#10983=CARTESIAN_POINT('',(-5.24500453720881,-13.1,4.));
#10984=AXIS2_PLACEMENT_3D('',#10985,#10986,#10987);
#10985=CARTESIAN_POINT('',(-8.,-16.,4.));
#10986=DIRECTION('',(0.,0.,1.));
#10987=DIRECTION('',(0.688748865697795,-0.725000000000001,0.));
#10988=CARTESIAN_POINT('',(5.24500453720881,-13.1,4.));
#10989=CARTESIAN_POINT('',(-5.24500453720881,-13.1,4.));
#10990=VECTOR('',#10991,1.);
#10991=DIRECTION('',(1.,0.,0.));
#10992=AXIS2_PLACEMENT_3D('',#10993,#10994,#10995);
#10993=CARTESIAN_POINT('',(8.,-16.,4.));
#10994=DIRECTION('',(0.,0.,1.));
#10995=DIRECTION('',(-0.688748865697796,0.724999999999999,0.));
#10996=CARTESIAN_POINT('',(21.2450045372088,-13.1,4.));
#10997=CARTESIAN_POINT('',(21.2450045372088,-18.9,4.));
#10998=AXIS2_PLACEMENT_3D('',#10999,#11000,#11001);
#10999=CARTESIAN_POINT('',(24.,-16.,4.));
#11000=DIRECTION('',(0.,0.,1.));
#11001=DIRECTION('',(-0.688748865697797,0.724999999999999,0.));
#11002=CARTESIAN_POINT('',(10.7549954627912,-18.9,4.));
#11003=CARTESIAN_POINT('',(21.2450045372088,-18.9,4.));
#11004=VECTOR('',#11005,1.);
#11005=DIRECTION('',(-1.,0.,0.));
#11006=CARTESIAN_POINT('',(10.7549954627912,-13.1,4.));
#11007=AXIS2_PLACEMENT_3D('',#11008,#11009,#11010);
#11008=CARTESIAN_POINT('',(8.,-16.,4.));
#11009=DIRECTION('',(0.,0.,1.));
#11010=DIRECTION('',(0.688748865697794,-0.725000000000001,0.));
#11011=CARTESIAN_POINT('',(10.7549954627912,-13.1,4.));
#11012=VECTOR('',#11013,1.);
#11013=DIRECTION('',(1.,0.,0.));
#11014=CARTESIAN_POINT('',(-20.8,-16.,4.));
#11015=CARTESIAN_POINT('',(-21.7372583002031,-13.737258300203,4.));
#11016=AXIS2_PLACEMENT_3D('',#11017,#11018,#11019);
#11017=CARTESIAN_POINT('',(-24.,-16.,4.));
#11018=DIRECTION('',(0.,0.,-1.));
#11019=DIRECTION('',(1.,0.,0.));
#11020=AXIS2_PLACEMENT_3D('',#11021,#11022,#11023);
#11021=CARTESIAN_POINT('',(-24.,-16.,4.));
#11022=DIRECTION('',(0.,0.,-1.));
#11023=DIRECTION('',(0.707106781186547,0.707106781186548,0.));
#11024=CARTESIAN_POINT('',(-4.8,-16.,4.));
#11025=AXIS2_PLACEMENT_3D('',#11026,#11027,#11028);
#11026=CARTESIAN_POINT('',(-8.,-16.,4.));
#11027=DIRECTION('',(0.,0.,-1.));
#11028=DIRECTION('',(1.,0.,0.));
#11029=CARTESIAN_POINT('',(11.2,-16.,4.));
#11030=AXIS2_PLACEMENT_3D('',#11031,#11032,#11033);
#11031=CARTESIAN_POINT('',(8.,-16.,4.));
#11032=DIRECTION('',(0.,0.,-1.));
#11033=DIRECTION('',(1.,0.,0.));
#11034=CARTESIAN_POINT('',(20.8,-16.,4.));
#11035=CARTESIAN_POINT('',(21.737258300203,-18.262741699797,4.));
#11036=AXIS2_PLACEMENT_3D('',#11037,#11038,#11039);
#11037=CARTESIAN_POINT('',(24.,-16.,4.));
#11038=DIRECTION('',(0.,0.,-1.));
#11039=DIRECTION('',(-1.,0.,0.));
#11040=AXIS2_PLACEMENT_3D('',#11041,#11042,#11043);
#11041=CARTESIAN_POINT('',(24.,-16.,4.));
#11042=DIRECTION('',(0.,0.,-1.));
#11043=DIRECTION('',(-0.707106781186547,-0.707106781186548,0.));
#11044=CARTESIAN_POINT('',(36.8,19.2,-2.61233297572715E-15));
#11045=AXIS2_PLACEMENT_3D('',#11046,#11047,#11048);
#11046=CARTESIAN_POINT('',(40.,19.2,-2.220446E-15));
#11047=DIRECTION('',(0.,1.,0.));
#11048=DIRECTION('',(-1.,0.,0.));
#11049=CARTESIAN_POINT('',(40.,19.2,-2.4));
#11050=CARTESIAN_POINT('',(42.4,19.2,-2.514361E-15));
#11051=AXIS2_PLACEMENT_3D('',#11052,#11053,#11054);
#11052=CARTESIAN_POINT('',(40.,19.2,-2.220446E-15));
#11053=DIRECTION('',(0.,1.,0.));
#11054=DIRECTION('',(0.,0.,-1.));
#11055=AXIS2_PLACEMENT_3D('',#11056,#11057,#11058);
#11056=CARTESIAN_POINT('',(40.,19.2,-2.220446E-15));
#11057=DIRECTION('',(0.,1.,0.));
#11058=DIRECTION('',(1.,0.,0.));
#11059=CARTESIAN_POINT('',(28.8,19.2,-2.61233297572715E-15));
#11060=AXIS2_PLACEMENT_3D('',#11061,#11062,#11063);
#11061=CARTESIAN_POINT('',(32.,19.2,-2.220446E-15));
#11062=DIRECTION('',(0.,1.,0.));
#11063=DIRECTION('',(-1.,0.,0.));
#11064=CARTESIAN_POINT('',(32.,19.2,-2.4));
#11065=CARTESIAN_POINT('',(34.4,19.2,-2.514361E-15));
#11066=AXIS2_PLACEMENT_3D('',#11067,#11068,#11069);
#11067=CARTESIAN_POINT('',(32.,19.2,-2.220446E-15));
#11068=DIRECTION('',(0.,1.,0.));
#11069=DIRECTION('',(0.,0.,-1.));
#11070=AXIS2_PLACEMENT_3D('',#11071,#11072,#11073);
#11071=CARTESIAN_POINT('',(32.,19.2,-2.220446E-15));
#11072=DIRECTION('',(0.,1.,0.));
#11073=DIRECTION('',(1.,0.,0.));
#11074=CARTESIAN_POINT('',(28.2851648757987,13.1,0.8));
#11075=AXIS2_PLACEMENT_3D('',#11076,#11077,#11078);
#11076=CARTESIAN_POINT('',(32.,13.1,-2.220446E-15));
#11077=DIRECTION('',(0.,-1.,0.));
#11078=DIRECTION('',(0.,0.,1.));
#11079=CARTESIAN_POINT('',(28.,13.1,0.799999999999999));
#11080=CARTESIAN_POINT('',(28.2851648757987,13.1,0.8));
#11081=VECTOR('',#11082,1.);
#11082=DIRECTION('',(-1.,0.,0.));
#11083=CARTESIAN_POINT('',(28.,13.1,0.799999999999999));
#11084=VECTOR('',#11085,1.);
#11085=DIRECTION('',(0.,0.,1.));
#11086=CARTESIAN_POINT('',(28.2851648757987,18.9,0.8));
#11087=AXIS2_PLACEMENT_3D('',#11088,#11089,#11090);
#11088=CARTESIAN_POINT('',(32.,18.9,-2.220446E-15));
#11089=DIRECTION('',(0.,1.,0.));
#11090=DIRECTION('',(-0.9775881905793,0.,0.210526315789474));
#11091=CARTESIAN_POINT('',(28.,18.9,0.799999999999999));
#11092=CARTESIAN_POINT('',(28.,18.9,3.8));
#11093=VECTOR('',#11094,1.);
#11094=DIRECTION('',(0.,0.,-1.));
#11095=CARTESIAN_POINT('',(28.,18.9,0.8));
#11096=VECTOR('',#11097,1.);
#11097=DIRECTION('',(1.,0.,0.));
#11098=CARTESIAN_POINT('',(28.2851648757987,18.9,0.8));
#11099=VECTOR('',#11100,1.);
#11100=DIRECTION('',(0.,-1.,0.));
#11101=CARTESIAN_POINT('',(28.,18.9,0.8));
#11102=VECTOR('',#11103,1.);
#11103=DIRECTION('',(0.,-1.,0.));
#11104=CARTESIAN_POINT('',(28.,13.1,-0.800000000000001));
#11105=CARTESIAN_POINT('',(28.,13.1,-3.8));
#11106=VECTOR('',#11107,1.);
#11107=DIRECTION('',(0.,0.,1.));
#11108=CARTESIAN_POINT('',(28.,18.9,-0.800000000000001));
#11109=CARTESIAN_POINT('',(28.,18.9,-0.800000000000001));
#11110=VECTOR('',#11111,1.);
#11111=DIRECTION('',(0.,0.,-1.));
#11112=CARTESIAN_POINT('',(28.,18.9,-0.800000000000001));
#11113=VECTOR('',#11114,1.);
#11114=DIRECTION('',(0.,-1.,0.));
#11115=CARTESIAN_POINT('',(28.2851648757987,13.1,-0.800000000000002));
#11116=CARTESIAN_POINT('',(28.,13.1,-0.800000000000001));
#11117=VECTOR('',#11118,1.);
#11118=DIRECTION('',(1.,0.,0.));
#11119=CARTESIAN_POINT('',(28.2851648757987,18.9,-0.800000000000002));
#11120=CARTESIAN_POINT('',(28.2851648757987,18.9,-0.800000000000002));
#11121=VECTOR('',#11122,1.);
#11122=DIRECTION('',(-1.,0.,0.));
#11123=CARTESIAN_POINT('',(28.2851648757987,18.9,-0.800000000000001));
#11124=VECTOR('',#11125,1.);
#11125=DIRECTION('',(0.,-1.,0.));
#11126=AXIS2_PLACEMENT_3D('',#11127,#11128,#11129);
#11127=CARTESIAN_POINT('',(32.,13.1,-2.220446E-15));
#11128=DIRECTION('',(0.,-1.,0.));
#11129=DIRECTION('',(-0.977588190579301,0.,-0.210526315789473));
#11130=AXIS2_PLACEMENT_3D('',#11131,#11132,#11133);
#11131=CARTESIAN_POINT('',(32.,18.9,-2.220446E-15));
#11132=DIRECTION('',(0.,1.,0.));
#11133=DIRECTION('',(0.,0.,-1.));
#11134=CARTESIAN_POINT('',(21.1,11.7148351242013,0.800000000000001));
#11135=AXIS2_PLACEMENT_3D('',#11136,#11137,#11138);
#11136=CARTESIAN_POINT('',(21.1,8.,0.));
#11137=DIRECTION('',(-1.,0.,0.));
#11138=DIRECTION('',(0.,-9.34924652315921E-16,1.));
#11139=CARTESIAN_POINT('',(26.9,11.7148351242013,0.800000000000001));
#11140=AXIS2_PLACEMENT_3D('',#11141,#11142,#11143);
#11141=CARTESIAN_POINT('',(26.9,8.,0.));
#11142=DIRECTION('',(1.,0.,0.));
#11143=DIRECTION('',(0.,0.9775881905793,0.210526315789474));
#11144=CARTESIAN_POINT('',(26.9,11.7148351242013,0.8));
#11145=VECTOR('',#11146,1.);
#11146=DIRECTION('',(-1.,0.,0.));
#11147=CARTESIAN_POINT('',(21.1,11.7148351242013,0.800000000000001));
#11148=VECTOR('',#11149,1.);
#11149=DIRECTION('',(0.,1.,0.));
#11150=CARTESIAN_POINT('',(26.9,12.,0.800000000000001));
#11151=VECTOR('',#11152,1.);
#11152=DIRECTION('',(0.,-1.,0.));
#11153=CARTESIAN_POINT('',(40.,12.8,3.2));
#11154=CARTESIAN_POINT('',(40.,12.8,3.8));
#11155=VECTOR('',#11156,1.);
#11156=DIRECTION('',(0.,0.,-1.));
#11157=CARTESIAN_POINT('',(40.,12.,3.2));
#11158=CARTESIAN_POINT('',(40.,12.,3.2));
#11159=VECTOR('',#11160,1.);
#11160=DIRECTION('',(0.,0.,1.));
#11161=CARTESIAN_POINT('',(40.,12.,3.2));
#11162=VECTOR('',#11163,1.);
#11163=DIRECTION('',(0.,1.,0.));
#11164=CARTESIAN_POINT('',(32.,12.8,3.2));
#11165=CARTESIAN_POINT('',(40.,12.8,3.2));
#11166=VECTOR('',#11167,1.);
#11167=DIRECTION('',(-1.,0.,0.));
#11168=CARTESIAN_POINT('',(32.,12.,3.2));
#11169=CARTESIAN_POINT('',(32.,12.,3.2));
#11170=VECTOR('',#11171,1.);
#11171=DIRECTION('',(1.,0.,0.));
#11172=CARTESIAN_POINT('',(32.,12.,3.2));
#11173=VECTOR('',#11174,1.);
#11174=DIRECTION('',(0.,1.,0.));
#11175=CARTESIAN_POINT('',(32.,12.8,-3.2));
#11176=AXIS2_PLACEMENT_3D('',#11177,#11178,#11179);
#11177=CARTESIAN_POINT('',(32.,12.8,-2.220446E-15));
#11178=DIRECTION('',(0.,-1.,0.));
#11179=DIRECTION('',(0.,0.,1.));
#11180=CARTESIAN_POINT('',(32.,12.,-3.2));
#11181=AXIS2_PLACEMENT_3D('',#11182,#11183,#11184);
#11182=CARTESIAN_POINT('',(32.,12.,-2.220446E-15));
#11183=DIRECTION('',(0.,1.,0.));
#11184=DIRECTION('',(0.,0.,-1.));
#11185=CARTESIAN_POINT('',(32.,12.,-3.2));
#11186=VECTOR('',#11187,1.);
#11187=DIRECTION('',(0.,1.,0.));
#11188=CARTESIAN_POINT('',(40.,12.8,-3.2));
#11189=CARTESIAN_POINT('',(32.,12.8,-3.2));
#11190=VECTOR('',#11191,1.);
#11191=DIRECTION('',(1.,0.,0.));
#11192=CARTESIAN_POINT('',(40.,12.,-3.2));
#11193=CARTESIAN_POINT('',(40.,12.,-3.2));
#11194=VECTOR('',#11195,1.);
#11195=DIRECTION('',(-1.,0.,0.));
#11196=CARTESIAN_POINT('',(40.,12.,-3.2));
#11197=VECTOR('',#11198,1.);
#11198=DIRECTION('',(0.,1.,0.));
#11199=CARTESIAN_POINT('',(40.,12.8,-3.2));
#11200=VECTOR('',#11201,1.);
#11201=DIRECTION('',(0.,0.,-1.));
#11202=CARTESIAN_POINT('',(40.,12.,-3.8));
#11203=VECTOR('',#11204,1.);
#11204=DIRECTION('',(0.,0.,1.));
#11205=CARTESIAN_POINT('',(32.,12.8,-2.4));
#11206=CARTESIAN_POINT('',(29.6,12.8,-2.514361E-15));
#11207=AXIS2_PLACEMENT_3D('',#11208,#11209,#11210);
#11208=CARTESIAN_POINT('',(32.,12.8,-2.220446E-15));
#11209=DIRECTION('',(0.,-1.,0.));
#11210=DIRECTION('',(0.,0.,-1.));
#11211=AXIS2_PLACEMENT_3D('',#11212,#11213,#11214);
#11212=CARTESIAN_POINT('',(32.,12.8,-2.220446E-15));
#11213=DIRECTION('',(0.,-1.,0.));
#11214=DIRECTION('',(-1.,0.,1.22464679914735E-16));
#11215=CARTESIAN_POINT('',(40.,12.8,-2.4));
#11216=CARTESIAN_POINT('',(37.6,12.8,-2.514361E-15));
#11217=AXIS2_PLACEMENT_3D('',#11218,#11219,#11220);
#11218=CARTESIAN_POINT('',(40.,12.8,-2.220446E-15));
#11219=DIRECTION('',(0.,-1.,0.));
#11220=DIRECTION('',(0.,0.,-1.));
#11221=AXIS2_PLACEMENT_3D('',#11222,#11223,#11224);
#11222=CARTESIAN_POINT('',(40.,12.8,-2.220446E-15));
#11223=DIRECTION('',(0.,-1.,0.));
#11224=DIRECTION('',(-1.,0.,1.22464679914735E-16));
#11225=CARTESIAN_POINT('',(28.,12.,-3.7));
#11226=VECTOR('',#11227,1.);
#11227=DIRECTION('',(0.,0.,1.));
#11228=CARTESIAN_POINT('',(34.3811761799581,14.4,-2.7));
#11229=CARTESIAN_POINT('',(37.6188238200419,14.4,-2.7));
#11230=CARTESIAN_POINT('',(34.3811761799581,14.4,-2.7));
#11231=VECTOR('',#11232,1.);
#11232=DIRECTION('',(1.,0.,0.));
#11233=CARTESIAN_POINT('',(34.3811761799581,14.4,2.7));
#11234=AXIS2_PLACEMENT_3D('',#11235,#11236,#11237);
#11235=CARTESIAN_POINT('',(32.,14.4,-2.220446E-15));
#11236=DIRECTION('',(0.,1.,0.));
#11237=DIRECTION('',(0.661437827766148,0.,0.75));
#11238=CARTESIAN_POINT('',(37.6188238200419,14.4,2.7));
#11239=CARTESIAN_POINT('',(37.6188238200419,14.4,2.7));
#11240=VECTOR('',#11241,1.);
#11241=DIRECTION('',(-1.,0.,0.));
#11242=AXIS2_PLACEMENT_3D('',#11243,#11244,#11245);
#11243=CARTESIAN_POINT('',(40.,14.4,-2.220446E-15));
#11244=DIRECTION('',(0.,1.,0.));
#11245=DIRECTION('',(-0.661437827766148,0.,-0.75));
#11246=CARTESIAN_POINT('',(37.6188238200419,14.4,2.7));
#11247=VECTOR('',#11248,1.);
#11248=DIRECTION('',(0.,1.,0.));
#11249=CARTESIAN_POINT('',(37.6188238200419,20.,-2.7));
#11250=VECTOR('',#11251,1.);
#11251=DIRECTION('',(0.,-1.,0.));
#11252=CARTESIAN_POINT('',(34.3811761799581,20.,2.7));
#11253=VECTOR('',#11254,1.);
#11254=DIRECTION('',(0.,-1.,0.));
#11255=CARTESIAN_POINT('',(34.3811761799581,14.4,-2.7));
#11256=VECTOR('',#11257,1.);
#11257=DIRECTION('',(0.,1.,0.));
#11258=CARTESIAN_POINT('',(28.,-12.,-3.7));
#11259=VECTOR('',#11260,1.);
#11260=DIRECTION('',(0.,0.,1.));
#11261=CARTESIAN_POINT('',(28.,-2.38117617995813,-2.7));
#11262=CARTESIAN_POINT('',(28.,-2.38117617995813,2.7));
#11263=AXIS2_PLACEMENT_3D('',#11264,#11265,#11266);
#11264=CARTESIAN_POINT('',(28.,0.,0.));
#11265=DIRECTION('',(-1.,0.,0.));
#11266=DIRECTION('',(0.,-0.661437827766147,-0.75));
#11267=CARTESIAN_POINT('',(28.,-5.61882382004187,-2.7));
#11268=CARTESIAN_POINT('',(28.,-2.38117617995813,-2.7));
#11269=VECTOR('',#11270,1.);
#11270=DIRECTION('',(0.,-1.,0.));
#11271=CARTESIAN_POINT('',(28.,-5.61882382004187,2.7));
#11272=AXIS2_PLACEMENT_3D('',#11273,#11274,#11275);
#11273=CARTESIAN_POINT('',(28.,-8.,0.));
#11274=DIRECTION('',(-1.,0.,0.));
#11275=DIRECTION('',(0.,0.661437827766148,0.75));
#11276=CARTESIAN_POINT('',(28.,-5.61882382004187,2.7));
#11277=VECTOR('',#11278,1.);
#11278=DIRECTION('',(0.,1.,0.));
#11279=CARTESIAN_POINT('',(28.,2.38117617995813,2.7));
#11280=CARTESIAN_POINT('',(28.,5.61882382004187,2.7));
#11281=CARTESIAN_POINT('',(28.,2.38117617995813,2.7));
#11282=VECTOR('',#11283,1.);
#11283=DIRECTION('',(0.,1.,0.));
#11284=CARTESIAN_POINT('',(28.,5.61882382004187,-2.7));
#11285=AXIS2_PLACEMENT_3D('',#11286,#11287,#11288);
#11286=CARTESIAN_POINT('',(28.,8.,0.));
#11287=DIRECTION('',(-1.,0.,0.));
#11288=DIRECTION('',(0.,-0.661437827766147,-0.75));
#11289=CARTESIAN_POINT('',(28.,2.38117617995813,-2.7));
#11290=CARTESIAN_POINT('',(28.,5.61882382004187,-2.7));
#11291=VECTOR('',#11292,1.);
#11292=DIRECTION('',(0.,-1.,0.));
#11293=AXIS2_PLACEMENT_3D('',#11294,#11295,#11296);
#11294=CARTESIAN_POINT('',(28.,0.,0.));
#11295=DIRECTION('',(-1.,0.,0.));
#11296=DIRECTION('',(0.,0.661437827766148,0.75));
#11297=CARTESIAN_POINT('',(28.,11.2,-1.30628991909051E-16));
#11298=AXIS2_PLACEMENT_3D('',#11299,#11300,#11301);
#11299=CARTESIAN_POINT('',(28.,8.,0.));
#11300=DIRECTION('',(-1.,0.,0.));
#11301=DIRECTION('',(0.,1.,0.));
#11302=CARTESIAN_POINT('',(28.,3.2,-1.30628991909051E-16));
#11303=AXIS2_PLACEMENT_3D('',#11304,#11305,#11306);
#11304=CARTESIAN_POINT('',(28.,0.,0.));
#11305=DIRECTION('',(-1.,0.,0.));
#11306=DIRECTION('',(0.,1.,0.));
#11307=CARTESIAN_POINT('',(28.,-4.8,-1.30628991909051E-16));
#11308=AXIS2_PLACEMENT_3D('',#11309,#11310,#11311);
#11309=CARTESIAN_POINT('',(28.,-8.,0.));
#11310=DIRECTION('',(-1.,0.,0.));
#11311=DIRECTION('',(0.,1.,0.));
#11312=CARTESIAN_POINT('',(27.2,16.,-3.2));
#11313=AXIS2_PLACEMENT_3D('',#11314,#11315,#11316);
#11314=CARTESIAN_POINT('',(24.,16.,-3.2));
#11315=DIRECTION('',(0.,0.,-1.));
#11316=DIRECTION('',(1.,0.,0.));
#11317=CARTESIAN_POINT('',(27.2,16.,-4.));
#11318=AXIS2_PLACEMENT_3D('',#11319,#11320,#11321);
#11319=CARTESIAN_POINT('',(24.,16.,-4.));
#11320=DIRECTION('',(0.,0.,1.));
#11321=DIRECTION('',(1.,0.,0.));
#11322=CARTESIAN_POINT('',(22.3029437251523,17.6970562748477,-3.2));
#11323=CARTESIAN_POINT('',(24.,13.6,-3.2));
#11324=AXIS2_PLACEMENT_3D('',#11325,#11326,#11327);
#11325=CARTESIAN_POINT('',(24.,16.,-3.2));
#11326=DIRECTION('',(0.,0.,-1.));
#11327=DIRECTION('',(-0.707106781186548,0.707106781186548,0.));
#11328=AXIS2_PLACEMENT_3D('',#11329,#11330,#11331);
#11329=CARTESIAN_POINT('',(24.,16.,-3.2));
#11330=DIRECTION('',(0.,0.,-1.));
#11331=DIRECTION('',(0.,-1.,0.));
#11332=CARTESIAN_POINT('',(36.8,-19.2,-2.61233297572715E-15));
#11333=AXIS2_PLACEMENT_3D('',#11334,#11335,#11336);
#11334=CARTESIAN_POINT('',(40.,-19.2,-2.220446E-15));
#11335=DIRECTION('',(0.,1.,0.));
#11336=DIRECTION('',(-1.,0.,0.));
#11337=CARTESIAN_POINT('',(40.,-19.2,-2.4));
#11338=CARTESIAN_POINT('',(42.4,-19.2,-2.514361E-15));
#11339=AXIS2_PLACEMENT_3D('',#11340,#11341,#11342);
#11340=CARTESIAN_POINT('',(40.,-19.2,-2.220446E-15));
#11341=DIRECTION('',(0.,-1.,0.));
#11342=DIRECTION('',(0.,0.,-1.));
#11343=AXIS2_PLACEMENT_3D('',#11344,#11345,#11346);
#11344=CARTESIAN_POINT('',(40.,-19.2,-2.220446E-15));
#11345=DIRECTION('',(0.,-1.,0.));
#11346=DIRECTION('',(1.,0.,0.));
#11347=CARTESIAN_POINT('',(28.8,-19.2,-2.61233297572715E-15));
#11348=AXIS2_PLACEMENT_3D('',#11349,#11350,#11351);
#11349=CARTESIAN_POINT('',(32.,-19.2,-2.220446E-15));
#11350=DIRECTION('',(0.,1.,0.));
#11351=DIRECTION('',(-1.,0.,0.));
#11352=CARTESIAN_POINT('',(32.,-19.2,-2.4));
#11353=CARTESIAN_POINT('',(34.4,-19.2,-2.514361E-15));
#11354=AXIS2_PLACEMENT_3D('',#11355,#11356,#11357);
#11355=CARTESIAN_POINT('',(32.,-19.2,-2.220446E-15));
#11356=DIRECTION('',(0.,-1.,0.));
#11357=DIRECTION('',(0.,0.,-1.));
#11358=AXIS2_PLACEMENT_3D('',#11359,#11360,#11361);
#11359=CARTESIAN_POINT('',(32.,-19.2,-2.220446E-15));
#11360=DIRECTION('',(0.,-1.,0.));
#11361=DIRECTION('',(1.,0.,0.));
#11362=CARTESIAN_POINT('',(28.2851648757987,-13.1,0.8));
#11363=AXIS2_PLACEMENT_3D('',#11364,#11365,#11366);
#11364=CARTESIAN_POINT('',(32.,-13.1,-2.220446E-15));
#11365=DIRECTION('',(0.,-1.,0.));
#11366=DIRECTION('',(0.,0.,1.));
#11367=CARTESIAN_POINT('',(28.,-13.1,0.799999999999999));
#11368=CARTESIAN_POINT('',(28.,-13.1,0.799999999999999));
#11369=VECTOR('',#11370,1.);
#11370=DIRECTION('',(0.,0.,1.));
#11371=CARTESIAN_POINT('',(28.2851648757987,-13.1,0.8));
#11372=VECTOR('',#11373,1.);
#11373=DIRECTION('',(-1.,0.,0.));
#11374=CARTESIAN_POINT('',(28.2851648757987,-18.9,0.8));
#11375=AXIS2_PLACEMENT_3D('',#11376,#11377,#11378);
#11376=CARTESIAN_POINT('',(32.,-18.9,-2.220446E-15));
#11377=DIRECTION('',(0.,1.,0.));
#11378=DIRECTION('',(-0.9775881905793,0.,0.210526315789474));
#11379=CARTESIAN_POINT('',(28.,-18.9,0.799999999999999));
#11380=CARTESIAN_POINT('',(28.,-18.9,0.8));
#11381=VECTOR('',#11382,1.);
#11382=DIRECTION('',(1.,0.,0.));
#11383=CARTESIAN_POINT('',(28.,-18.9,3.8));
#11384=VECTOR('',#11385,1.);
#11385=DIRECTION('',(0.,0.,-1.));
#11386=CARTESIAN_POINT('',(28.,-18.9,0.8));
#11387=VECTOR('',#11388,1.);
#11388=DIRECTION('',(0.,1.,0.));
#11389=CARTESIAN_POINT('',(28.2851648757987,-18.9,0.8));
#11390=VECTOR('',#11391,1.);
#11391=DIRECTION('',(0.,1.,0.));
#11392=CARTESIAN_POINT('',(28.,-13.1,-0.800000000000001));
#11393=CARTESIAN_POINT('',(28.,-13.1,-3.8));
#11394=VECTOR('',#11395,1.);
#11395=DIRECTION('',(0.,0.,1.));
#11396=CARTESIAN_POINT('',(28.,-18.9,-0.800000000000001));
#11397=CARTESIAN_POINT('',(28.,-18.9,-0.800000000000001));
#11398=VECTOR('',#11399,1.);
#11399=DIRECTION('',(0.,1.,0.));
#11400=CARTESIAN_POINT('',(28.,-18.9,-0.800000000000001));
#11401=VECTOR('',#11402,1.);
#11402=DIRECTION('',(0.,0.,-1.));
#11403=CARTESIAN_POINT('',(28.2851648757987,-13.1,-0.800000000000002));
#11404=CARTESIAN_POINT('',(28.,-13.1,-0.800000000000001));
#11405=VECTOR('',#11406,1.);
#11406=DIRECTION('',(1.,0.,0.));
#11407=CARTESIAN_POINT('',(28.2851648757987,-18.9,-0.800000000000002));
#11408=CARTESIAN_POINT('',(28.2851648757987,-18.9,-0.800000000000001));
#11409=VECTOR('',#11410,1.);
#11410=DIRECTION('',(0.,1.,0.));
#11411=CARTESIAN_POINT('',(28.2851648757987,-18.9,-0.800000000000002));
#11412=VECTOR('',#11413,1.);
#11413=DIRECTION('',(-1.,0.,0.));
#11414=AXIS2_PLACEMENT_3D('',#11415,#11416,#11417);
#11415=CARTESIAN_POINT('',(32.,-13.1,-2.220446E-15));
#11416=DIRECTION('',(0.,-1.,0.));
#11417=DIRECTION('',(-0.977588190579301,0.,-0.210526315789473));
#11418=AXIS2_PLACEMENT_3D('',#11419,#11420,#11421);
#11419=CARTESIAN_POINT('',(32.,-18.9,-2.220446E-15));
#11420=DIRECTION('',(0.,1.,0.));
#11421=DIRECTION('',(0.,0.,-1.));
#11422=CARTESIAN_POINT('',(21.1,-11.7148351242013,0.800000000000001));
#11423=AXIS2_PLACEMENT_3D('',#11424,#11425,#11426);
#11424=CARTESIAN_POINT('',(21.1,-8.,0.));
#11425=DIRECTION('',(1.,0.,0.));
#11426=DIRECTION('',(0.,9.34924652315921E-16,1.));
#11427=CARTESIAN_POINT('',(26.9,-11.7148351242013,0.800000000000001));
#11428=CARTESIAN_POINT('',(26.9,-11.7148351242013,0.8));
#11429=VECTOR('',#11430,1.);
#11430=DIRECTION('',(-1.,0.,0.));
#11431=AXIS2_PLACEMENT_3D('',#11432,#11433,#11434);
#11432=CARTESIAN_POINT('',(26.9,-8.,0.));
#11433=DIRECTION('',(-1.,0.,0.));
#11434=DIRECTION('',(0.,-0.9775881905793,0.210526315789474));
#11435=CARTESIAN_POINT('',(21.1,-11.7148351242013,0.800000000000001));
#11436=VECTOR('',#11437,1.);
#11437=DIRECTION('',(0.,-1.,0.));
#11438=CARTESIAN_POINT('',(26.9,-12.,0.800000000000001));
#11439=VECTOR('',#11440,1.);
#11440=DIRECTION('',(0.,1.,0.));
#11441=CARTESIAN_POINT('',(40.,-12.8,3.2));
#11442=CARTESIAN_POINT('',(40.,-12.8,3.8));
#11443=VECTOR('',#11444,1.);
#11444=DIRECTION('',(0.,0.,-1.));
#11445=CARTESIAN_POINT('',(40.,-12.,3.2));
#11446=CARTESIAN_POINT('',(40.,-12.,3.2));
#11447=VECTOR('',#11448,1.);
#11448=DIRECTION('',(0.,-1.,0.));
#11449=CARTESIAN_POINT('',(40.,-12.,3.8));
#11450=VECTOR('',#11451,1.);
#11451=DIRECTION('',(0.,0.,-1.));
#11452=CARTESIAN_POINT('',(32.,-12.8,3.2));
#11453=CARTESIAN_POINT('',(40.,-12.8,3.2));
#11454=VECTOR('',#11455,1.);
#11455=DIRECTION('',(-1.,0.,0.));
#11456=CARTESIAN_POINT('',(32.,-12.,3.2));
#11457=CARTESIAN_POINT('',(32.,-12.,3.2));
#11458=VECTOR('',#11459,1.);
#11459=DIRECTION('',(0.,-1.,0.));
#11460=CARTESIAN_POINT('',(40.,-12.,3.2));
#11461=VECTOR('',#11462,1.);
#11462=DIRECTION('',(-1.,0.,0.));
#11463=CARTESIAN_POINT('',(32.,-12.8,-3.2));
#11464=AXIS2_PLACEMENT_3D('',#11465,#11466,#11467);
#11465=CARTESIAN_POINT('',(32.,-12.8,-2.220446E-15));
#11466=DIRECTION('',(0.,-1.,0.));
#11467=DIRECTION('',(0.,0.,1.));
#11468=CARTESIAN_POINT('',(32.,-12.,-3.2));
#11469=CARTESIAN_POINT('',(32.,-12.,-3.2));
#11470=VECTOR('',#11471,1.);
#11471=DIRECTION('',(0.,-1.,0.));
#11472=AXIS2_PLACEMENT_3D('',#11473,#11474,#11475);
#11473=CARTESIAN_POINT('',(32.,-12.,-2.220446E-15));
#11474=DIRECTION('',(0.,-1.,0.));
#11475=DIRECTION('',(0.,0.,1.));
#11476=CARTESIAN_POINT('',(40.,-12.8,-3.2));
#11477=CARTESIAN_POINT('',(32.,-12.8,-3.2));
#11478=VECTOR('',#11479,1.);
#11479=DIRECTION('',(1.,0.,0.));
#11480=CARTESIAN_POINT('',(40.,-12.,-3.2));
#11481=CARTESIAN_POINT('',(40.,-12.,-3.2));
#11482=VECTOR('',#11483,1.);
#11483=DIRECTION('',(0.,-1.,0.));
#11484=CARTESIAN_POINT('',(32.,-12.,-3.2));
#11485=VECTOR('',#11486,1.);
#11486=DIRECTION('',(1.,0.,0.));
#11487=CARTESIAN_POINT('',(40.,-12.8,-3.2));
#11488=VECTOR('',#11489,1.);
#11489=DIRECTION('',(0.,0.,-1.));
#11490=CARTESIAN_POINT('',(40.,-12.,-3.2));
#11491=VECTOR('',#11492,1.);
#11492=DIRECTION('',(0.,0.,-1.));
#11493=AXIS2_PLACEMENT_3D('',#11494,#11495,#11496);
#11494=CARTESIAN_POINT('',(40.,-12.8,-2.220446E-15));
#11495=DIRECTION('',(0.,-1.,0.));
#11496=DIRECTION('',(0.,0.,-1.));
#11497=CARTESIAN_POINT('',(32.,-12.8,-2.4));
#11498=CARTESIAN_POINT('',(29.6,-12.8,-1.926531E-15));
#11499=AXIS2_PLACEMENT_3D('',#11500,#11501,#11502);
#11500=CARTESIAN_POINT('',(32.,-12.8,-2.220446E-15));
#11501=DIRECTION('',(0.,1.,0.));
#11502=DIRECTION('',(0.,0.,-1.));
#11503=AXIS2_PLACEMENT_3D('',#11504,#11505,#11506);
#11504=CARTESIAN_POINT('',(32.,-12.8,-2.220446E-15));
#11505=DIRECTION('',(0.,1.,0.));
#11506=DIRECTION('',(-1.,0.,-1.22464679914735E-16));
#11507=CARTESIAN_POINT('',(40.,-12.8,-2.4));
#11508=CARTESIAN_POINT('',(37.6,-12.8,-1.926531E-15));
#11509=AXIS2_PLACEMENT_3D('',#11510,#11511,#11512);
#11510=CARTESIAN_POINT('',(40.,-12.8,-2.220446E-15));
#11511=DIRECTION('',(0.,1.,0.));
#11512=DIRECTION('',(0.,0.,-1.));
#11513=AXIS2_PLACEMENT_3D('',#11514,#11515,#11516);
#11514=CARTESIAN_POINT('',(40.,-12.8,-2.220446E-15));
#11515=DIRECTION('',(0.,1.,0.));
#11516=DIRECTION('',(-1.,0.,-1.22464679914735E-16));
#11517=CARTESIAN_POINT('',(34.3811761799581,-14.4,-2.7));
#11518=CARTESIAN_POINT('',(37.6188238200419,-14.4,-2.7));
#11519=CARTESIAN_POINT('',(34.3811761799581,-14.4,-2.7));
#11520=VECTOR('',#11521,1.);
#11521=DIRECTION('',(1.,0.,0.));
#11522=CARTESIAN_POINT('',(37.6188238200419,-14.4,2.7));
#11523=AXIS2_PLACEMENT_3D('',#11524,#11525,#11526);
#11524=CARTESIAN_POINT('',(40.,-14.4,-2.220446E-15));
#11525=DIRECTION('',(0.,1.,0.));
#11526=DIRECTION('',(-0.661437827766148,0.,-0.75));
#11527=CARTESIAN_POINT('',(34.3811761799581,-14.4,2.7));
#11528=CARTESIAN_POINT('',(37.6188238200419,-14.4,2.7));
#11529=VECTOR('',#11530,1.);
#11530=DIRECTION('',(-1.,0.,0.));
#11531=AXIS2_PLACEMENT_3D('',#11532,#11533,#11534);
#11532=CARTESIAN_POINT('',(32.,-14.4,-2.220446E-15));
#11533=DIRECTION('',(0.,1.,0.));
#11534=DIRECTION('',(0.661437827766148,0.,0.75));
#11535=CARTESIAN_POINT('',(37.6188238200419,-20.,-2.7));
#11536=VECTOR('',#11537,1.);
#11537=DIRECTION('',(0.,1.,0.));
#11538=CARTESIAN_POINT('',(37.6188238200419,-14.4,2.7));
#11539=VECTOR('',#11540,1.);
#11540=DIRECTION('',(0.,-1.,0.));
#11541=CARTESIAN_POINT('',(34.3811761799581,-20.,2.7));
#11542=VECTOR('',#11543,1.);
#11543=DIRECTION('',(0.,1.,0.));
#11544=CARTESIAN_POINT('',(34.3811761799581,-14.4,-2.7));
#11545=VECTOR('',#11546,1.);
#11546=DIRECTION('',(0.,-1.,0.));
#11547=CARTESIAN_POINT('',(27.2,-16.,-3.2));
#11548=AXIS2_PLACEMENT_3D('',#11549,#11550,#11551);
#11549=CARTESIAN_POINT('',(24.,-16.,-3.2));
#11550=DIRECTION('',(0.,0.,1.));
#11551=DIRECTION('',(1.,0.,0.));
#11552=CARTESIAN_POINT('',(24.,-18.4,-3.2));
#11553=CARTESIAN_POINT('',(22.3029437251523,-14.3029437251523,-3.2));
#11554=AXIS2_PLACEMENT_3D('',#11555,#11556,#11557);
#11555=CARTESIAN_POINT('',(24.,-16.,-3.2));
#11556=DIRECTION('',(0.,0.,1.));
#11557=DIRECTION('',(0.,-1.,0.));
#11558=AXIS2_PLACEMENT_3D('',#11559,#11560,#11561);
#11559=CARTESIAN_POINT('',(24.,-16.,-3.2));
#11560=DIRECTION('',(0.,0.,1.));
#11561=DIRECTION('',(-0.707106781186548,0.707106781186548,0.));
#11562=CARTESIAN_POINT('',(-36.8,19.2,-2.61233297572715E-15));
#11563=AXIS2_PLACEMENT_3D('',#11564,#11565,#11566);
#11564=CARTESIAN_POINT('',(-40.,19.2,-2.220446E-15));
#11565=DIRECTION('',(0.,-1.,0.));
#11566=DIRECTION('',(1.,0.,0.));
#11567=CARTESIAN_POINT('',(-40.,19.2,-2.4));
#11568=CARTESIAN_POINT('',(-42.4,19.2,-2.514361E-15));
#11569=AXIS2_PLACEMENT_3D('',#11570,#11571,#11572);
#11570=CARTESIAN_POINT('',(-40.,19.2,-2.220446E-15));
#11571=DIRECTION('',(0.,1.,0.));
#11572=DIRECTION('',(0.,0.,-1.));
#11573=AXIS2_PLACEMENT_3D('',#11574,#11575,#11576);
#11574=CARTESIAN_POINT('',(-40.,19.2,-2.220446E-15));
#11575=DIRECTION('',(0.,1.,0.));
#11576=DIRECTION('',(-1.,0.,0.));
#11577=CARTESIAN_POINT('',(-28.8,19.2,-2.61233297572715E-15));
#11578=AXIS2_PLACEMENT_3D('',#11579,#11580,#11581);
#11579=CARTESIAN_POINT('',(-32.,19.2,-2.220446E-15));
#11580=DIRECTION('',(0.,-1.,0.));
#11581=DIRECTION('',(1.,0.,0.));
#11582=CARTESIAN_POINT('',(-32.,19.2,-2.4));
#11583=CARTESIAN_POINT('',(-34.4,19.2,-2.514361E-15));
#11584=AXIS2_PLACEMENT_3D('',#11585,#11586,#11587);
#11585=CARTESIAN_POINT('',(-32.,19.2,-2.220446E-15));
#11586=DIRECTION('',(0.,1.,0.));
#11587=DIRECTION('',(0.,0.,-1.));
#11588=AXIS2_PLACEMENT_3D('',#11589,#11590,#11591);
#11589=CARTESIAN_POINT('',(-32.,19.2,-2.220446E-15));
#11590=DIRECTION('',(0.,1.,0.));
#11591=DIRECTION('',(-1.,0.,0.));
#11592=CARTESIAN_POINT('',(-28.2851648757987,13.1,0.8));
#11593=AXIS2_PLACEMENT_3D('',#11594,#11595,#11596);
#11594=CARTESIAN_POINT('',(-32.,13.1,-2.220446E-15));
#11595=DIRECTION('',(0.,1.,0.));
#11596=DIRECTION('',(0.,0.,1.));
#11597=CARTESIAN_POINT('',(-28.,13.1,0.799999999999999));
#11598=CARTESIAN_POINT('',(-28.,13.1,0.799999999999999));
#11599=VECTOR('',#11600,1.);
#11600=DIRECTION('',(0.,0.,1.));
#11601=CARTESIAN_POINT('',(-28.2851648757987,13.1,0.8));
#11602=VECTOR('',#11603,1.);
#11603=DIRECTION('',(1.,0.,0.));
#11604=CARTESIAN_POINT('',(-28.2851648757987,18.9,0.8));
#11605=AXIS2_PLACEMENT_3D('',#11606,#11607,#11608);
#11606=CARTESIAN_POINT('',(-32.,18.9,-2.220446E-15));
#11607=DIRECTION('',(0.,-1.,0.));
#11608=DIRECTION('',(0.9775881905793,0.,0.210526315789474));
#11609=CARTESIAN_POINT('',(-28.,18.9,0.799999999999999));
#11610=CARTESIAN_POINT('',(-28.,18.9,0.8));
#11611=VECTOR('',#11612,1.);
#11612=DIRECTION('',(-1.,0.,0.));
#11613=CARTESIAN_POINT('',(-28.,18.9,3.8));
#11614=VECTOR('',#11615,1.);
#11615=DIRECTION('',(0.,0.,-1.));
#11616=CARTESIAN_POINT('',(-28.,18.9,0.8));
#11617=VECTOR('',#11618,1.);
#11618=DIRECTION('',(0.,-1.,0.));
#11619=CARTESIAN_POINT('',(-28.2851648757987,18.9,0.8));
#11620=VECTOR('',#11621,1.);
#11621=DIRECTION('',(0.,-1.,0.));
#11622=CARTESIAN_POINT('',(-28.,13.1,-0.800000000000001));
#11623=CARTESIAN_POINT('',(-28.,13.1,-3.8));
#11624=VECTOR('',#11625,1.);
#11625=DIRECTION('',(0.,0.,1.));
#11626=CARTESIAN_POINT('',(-28.,18.9,-0.800000000000001));
#11627=CARTESIAN_POINT('',(-28.,18.9,-0.800000000000001));
#11628=VECTOR('',#11629,1.);
#11629=DIRECTION('',(0.,-1.,0.));
#11630=CARTESIAN_POINT('',(-28.,18.9,-0.800000000000001));
#11631=VECTOR('',#11632,1.);
#11632=DIRECTION('',(0.,0.,-1.));
#11633=CARTESIAN_POINT('',(-28.2851648757987,13.1,-0.800000000000002));
#11634=CARTESIAN_POINT('',(-28.,13.1,-0.800000000000001));
#11635=VECTOR('',#11636,1.);
#11636=DIRECTION('',(-1.,0.,0.));
#11637=CARTESIAN_POINT('',(-28.2851648757987,18.9,-0.800000000000002));
#11638=CARTESIAN_POINT('',(-28.2851648757987,18.9,-0.800000000000001));
#11639=VECTOR('',#11640,1.);
#11640=DIRECTION('',(0.,-1.,0.));
#11641=CARTESIAN_POINT('',(-28.2851648757987,18.9,-0.800000000000002));
#11642=VECTOR('',#11643,1.);
#11643=DIRECTION('',(1.,0.,0.));
#11644=AXIS2_PLACEMENT_3D('',#11645,#11646,#11647);
#11645=CARTESIAN_POINT('',(-32.,13.1,-2.220446E-15));
#11646=DIRECTION('',(0.,1.,0.));
#11647=DIRECTION('',(0.977588190579301,0.,-0.210526315789473));
#11648=AXIS2_PLACEMENT_3D('',#11649,#11650,#11651);
#11649=CARTESIAN_POINT('',(-32.,18.9,-2.220446E-15));
#11650=DIRECTION('',(0.,-1.,0.));
#11651=DIRECTION('',(0.,0.,-1.));
#11652=CARTESIAN_POINT('',(-21.1,11.7148351242013,0.800000000000001));
#11653=AXIS2_PLACEMENT_3D('',#11654,#11655,#11656);
#11654=CARTESIAN_POINT('',(-21.1,8.,0.));
#11655=DIRECTION('',(-1.,0.,0.));
#11656=DIRECTION('',(0.,-9.34924652315921E-16,1.));
#11657=CARTESIAN_POINT('',(-26.9,11.7148351242013,0.800000000000001));
#11658=CARTESIAN_POINT('',(-26.9,11.7148351242013,0.8));
#11659=VECTOR('',#11660,1.);
#11660=DIRECTION('',(1.,0.,0.));
#11661=AXIS2_PLACEMENT_3D('',#11662,#11663,#11664);
#11662=CARTESIAN_POINT('',(-26.9,8.,0.));
#11663=DIRECTION('',(1.,0.,0.));
#11664=DIRECTION('',(0.,0.9775881905793,0.210526315789474));
#11665=CARTESIAN_POINT('',(-21.1,11.7148351242013,0.800000000000001));
#11666=VECTOR('',#11667,1.);
#11667=DIRECTION('',(0.,1.,0.));
#11668=CARTESIAN_POINT('',(-26.9,12.,0.800000000000001));
#11669=VECTOR('',#11670,1.);
#11670=DIRECTION('',(0.,-1.,0.));
#11671=CARTESIAN_POINT('',(-40.,12.8,3.2));
#11672=CARTESIAN_POINT('',(-40.,12.8,3.8));
#11673=VECTOR('',#11674,1.);
#11674=DIRECTION('',(0.,0.,-1.));
#11675=CARTESIAN_POINT('',(-40.,12.,3.2));
#11676=CARTESIAN_POINT('',(-40.,12.,3.2));
#11677=VECTOR('',#11678,1.);
#11678=DIRECTION('',(0.,1.,0.));
#11679=CARTESIAN_POINT('',(-40.,12.,3.8));
#11680=VECTOR('',#11681,1.);
#11681=DIRECTION('',(0.,0.,-1.));
#11682=CARTESIAN_POINT('',(-32.,12.8,3.2));
#11683=CARTESIAN_POINT('',(-40.,12.8,3.2));
#11684=VECTOR('',#11685,1.);
#11685=DIRECTION('',(1.,0.,0.));
#11686=CARTESIAN_POINT('',(-32.,12.,3.2));
#11687=CARTESIAN_POINT('',(-32.,12.,3.2));
#11688=VECTOR('',#11689,1.);
#11689=DIRECTION('',(0.,1.,0.));
#11690=CARTESIAN_POINT('',(-40.,12.,3.2));
#11691=VECTOR('',#11692,1.);
#11692=DIRECTION('',(1.,0.,0.));
#11693=CARTESIAN_POINT('',(-32.,12.8,-3.2));
#11694=AXIS2_PLACEMENT_3D('',#11695,#11696,#11697);
#11695=CARTESIAN_POINT('',(-32.,12.8,-2.220446E-15));
#11696=DIRECTION('',(0.,1.,0.));
#11697=DIRECTION('',(0.,0.,1.));
#11698=CARTESIAN_POINT('',(-32.,12.,-3.2));
#11699=CARTESIAN_POINT('',(-32.,12.,-3.2));
#11700=VECTOR('',#11701,1.);
#11701=DIRECTION('',(0.,1.,0.));
#11702=AXIS2_PLACEMENT_3D('',#11703,#11704,#11705);
#11703=CARTESIAN_POINT('',(-32.,12.,-2.220446E-15));
#11704=DIRECTION('',(0.,1.,0.));
#11705=DIRECTION('',(0.,0.,1.));
#11706=CARTESIAN_POINT('',(-40.,12.8,-3.2));
#11707=CARTESIAN_POINT('',(-32.,12.8,-3.2));
#11708=VECTOR('',#11709,1.);
#11709=DIRECTION('',(-1.,0.,0.));
#11710=CARTESIAN_POINT('',(-40.,12.,-3.2));
#11711=CARTESIAN_POINT('',(-40.,12.,-3.2));
#11712=VECTOR('',#11713,1.);
#11713=DIRECTION('',(0.,1.,0.));
#11714=CARTESIAN_POINT('',(-32.,12.,-3.2));
#11715=VECTOR('',#11716,1.);
#11716=DIRECTION('',(-1.,0.,0.));
#11717=CARTESIAN_POINT('',(-40.,12.8,-3.2));
#11718=VECTOR('',#11719,1.);
#11719=DIRECTION('',(0.,0.,-1.));
#11720=CARTESIAN_POINT('',(-40.,12.,-3.2));
#11721=VECTOR('',#11722,1.);
#11722=DIRECTION('',(0.,0.,-1.));
#11723=AXIS2_PLACEMENT_3D('',#11724,#11725,#11726);
#11724=CARTESIAN_POINT('',(-40.,12.8,-2.220446E-15));
#11725=DIRECTION('',(0.,1.,0.));
#11726=DIRECTION('',(0.,0.,-1.));
#11727=CARTESIAN_POINT('',(-32.,12.8,-2.4));
#11728=CARTESIAN_POINT('',(-29.6,12.8,-1.926531E-15));
#11729=AXIS2_PLACEMENT_3D('',#11730,#11731,#11732);
#11730=CARTESIAN_POINT('',(-32.,12.8,-2.220446E-15));
#11731=DIRECTION('',(0.,-1.,0.));
#11732=DIRECTION('',(0.,0.,-1.));
#11733=AXIS2_PLACEMENT_3D('',#11734,#11735,#11736);
#11734=CARTESIAN_POINT('',(-32.,12.8,-2.220446E-15));
#11735=DIRECTION('',(0.,-1.,0.));
#11736=DIRECTION('',(1.,0.,-1.22464679914735E-16));
#11737=CARTESIAN_POINT('',(-40.,12.8,-2.4));
#11738=CARTESIAN_POINT('',(-37.6,12.8,-1.926531E-15));
#11739=AXIS2_PLACEMENT_3D('',#11740,#11741,#11742);
#11740=CARTESIAN_POINT('',(-40.,12.8,-2.220446E-15));
#11741=DIRECTION('',(0.,-1.,0.));
#11742=DIRECTION('',(0.,0.,-1.));
#11743=AXIS2_PLACEMENT_3D('',#11744,#11745,#11746);
#11744=CARTESIAN_POINT('',(-40.,12.8,-2.220446E-15));
#11745=DIRECTION('',(0.,-1.,0.));
#11746=DIRECTION('',(1.,0.,-1.22464679914735E-16));
#11747=CARTESIAN_POINT('',(-28.,12.,3.7));
#11748=VECTOR('',#11749,1.);
#11749=DIRECTION('',(0.,0.,-1.));
#11750=CARTESIAN_POINT('',(-34.3811761799581,14.4,-2.7));
#11751=CARTESIAN_POINT('',(-37.6188238200419,14.4,-2.7));
#11752=CARTESIAN_POINT('',(-34.3811761799581,14.4,-2.7));
#11753=VECTOR('',#11754,1.);
#11754=DIRECTION('',(-1.,0.,0.));
#11755=CARTESIAN_POINT('',(-37.6188238200419,14.4,2.7));
#11756=AXIS2_PLACEMENT_3D('',#11757,#11758,#11759);
#11757=CARTESIAN_POINT('',(-40.,14.4,-2.220446E-15));
#11758=DIRECTION('',(0.,-1.,0.));
#11759=DIRECTION('',(0.661437827766148,0.,-0.75));
#11760=CARTESIAN_POINT('',(-34.3811761799581,14.4,2.7));
#11761=CARTESIAN_POINT('',(-37.6188238200419,14.4,2.7));
#11762=VECTOR('',#11763,1.);
#11763=DIRECTION('',(1.,0.,0.));
#11764=AXIS2_PLACEMENT_3D('',#11765,#11766,#11767);
#11765=CARTESIAN_POINT('',(-32.,14.4,-2.220446E-15));
#11766=DIRECTION('',(0.,-1.,0.));
#11767=DIRECTION('',(-0.661437827766148,0.,0.75));
#11768=CARTESIAN_POINT('',(-37.6188238200419,20.,-2.7));
#11769=VECTOR('',#11770,1.);
#11770=DIRECTION('',(0.,-1.,0.));
#11771=CARTESIAN_POINT('',(-37.6188238200419,14.4,2.7));
#11772=VECTOR('',#11773,1.);
#11773=DIRECTION('',(0.,1.,0.));
#11774=CARTESIAN_POINT('',(-34.3811761799581,20.,2.7));
#11775=VECTOR('',#11776,1.);
#11776=DIRECTION('',(0.,-1.,0.));
#11777=CARTESIAN_POINT('',(-34.3811761799581,14.4,-2.7));
#11778=VECTOR('',#11779,1.);
#11779=DIRECTION('',(0.,1.,0.));
#11780=CARTESIAN_POINT('',(-28.,-12.,-3.7));
#11781=VECTOR('',#11782,1.);
#11782=DIRECTION('',(0.,0.,1.));
#11783=CARTESIAN_POINT('',(-28.,-11.2,-1.30628991909051E-16));
#11784=AXIS2_PLACEMENT_3D('',#11785,#11786,#11787);
#11785=CARTESIAN_POINT('',(-28.,-8.,0.));
#11786=DIRECTION('',(1.,0.,0.));
#11787=DIRECTION('',(0.,-1.,0.));
#11788=CARTESIAN_POINT('',(-28.,-3.2,-1.30628991909051E-16));
#11789=AXIS2_PLACEMENT_3D('',#11790,#11791,#11792);
#11790=CARTESIAN_POINT('',(-28.,0.,0.));
#11791=DIRECTION('',(1.,0.,0.));
#11792=DIRECTION('',(0.,-1.,0.));
#11793=CARTESIAN_POINT('',(-28.,4.8,-1.30628991909051E-16));
#11794=AXIS2_PLACEMENT_3D('',#11795,#11796,#11797);
#11795=CARTESIAN_POINT('',(-28.,8.,0.));
#11796=DIRECTION('',(1.,0.,0.));
#11797=DIRECTION('',(0.,-1.,0.));
#11798=CARTESIAN_POINT('',(-28.,2.38117617995813,-2.7));
#11799=CARTESIAN_POINT('',(-28.,5.61882382004187,-2.7));
#11800=CARTESIAN_POINT('',(-28.,2.38117617995813,-2.7));
#11801=VECTOR('',#11802,1.);
#11802=DIRECTION('',(0.,1.,0.));
#11803=CARTESIAN_POINT('',(-28.,5.61882382004187,2.7));
#11804=AXIS2_PLACEMENT_3D('',#11805,#11806,#11807);
#11805=CARTESIAN_POINT('',(-28.,8.,0.));
#11806=DIRECTION('',(1.,0.,0.));
#11807=DIRECTION('',(0.,-0.661437827766147,0.75));
#11808=CARTESIAN_POINT('',(-28.,2.38117617995813,2.7));
#11809=CARTESIAN_POINT('',(-28.,5.61882382004187,2.7));
#11810=VECTOR('',#11811,1.);
#11811=DIRECTION('',(0.,-1.,0.));
#11812=AXIS2_PLACEMENT_3D('',#11813,#11814,#11815);
#11813=CARTESIAN_POINT('',(-28.,0.,0.));
#11814=DIRECTION('',(1.,0.,0.));
#11815=DIRECTION('',(0.,0.661437827766148,-0.75));
#11816=CARTESIAN_POINT('',(-28.,-2.38117617995813,2.7));
#11817=CARTESIAN_POINT('',(-28.,-2.38117617995813,-2.7));
#11818=AXIS2_PLACEMENT_3D('',#11819,#11820,#11821);
#11819=CARTESIAN_POINT('',(-28.,0.,0.));
#11820=DIRECTION('',(1.,0.,0.));
#11821=DIRECTION('',(0.,-0.661437827766147,0.75));
#11822=CARTESIAN_POINT('',(-28.,-5.61882382004187,2.7));
#11823=CARTESIAN_POINT('',(-28.,-2.38117617995813,2.7));
#11824=VECTOR('',#11825,1.);
#11825=DIRECTION('',(0.,-1.,0.));
#11826=CARTESIAN_POINT('',(-28.,-5.61882382004187,-2.7));
#11827=AXIS2_PLACEMENT_3D('',#11828,#11829,#11830);
#11828=CARTESIAN_POINT('',(-28.,-8.,0.));
#11829=DIRECTION('',(1.,0.,0.));
#11830=DIRECTION('',(0.,0.661437827766148,-0.75));
#11831=CARTESIAN_POINT('',(-28.,-5.61882382004187,-2.7));
#11832=VECTOR('',#11833,1.);
#11833=DIRECTION('',(0.,1.,0.));
#11834=CARTESIAN_POINT('',(-27.2,16.,-3.2));
#11835=AXIS2_PLACEMENT_3D('',#11836,#11837,#11838);
#11836=CARTESIAN_POINT('',(-24.,16.,-3.2));
#11837=DIRECTION('',(0.,0.,1.));
#11838=DIRECTION('',(-1.,0.,0.));
#11839=CARTESIAN_POINT('',(-27.2,16.,-4.));
#11840=AXIS2_PLACEMENT_3D('',#11841,#11842,#11843);
#11841=CARTESIAN_POINT('',(-24.,16.,-4.));
#11842=DIRECTION('',(0.,0.,1.));
#11843=DIRECTION('',(-1.,0.,0.));
#11844=CARTESIAN_POINT('',(-24.,18.4,-3.2));
#11845=CARTESIAN_POINT('',(-22.3029437251523,14.3029437251523,-3.2));
#11846=AXIS2_PLACEMENT_3D('',#11847,#11848,#11849);
#11847=CARTESIAN_POINT('',(-24.,16.,-3.2));
#11848=DIRECTION('',(0.,0.,1.));
#11849=DIRECTION('',(0.,1.,0.));
#11850=AXIS2_PLACEMENT_3D('',#11851,#11852,#11853);
#11851=CARTESIAN_POINT('',(-24.,16.,-3.2));
#11852=DIRECTION('',(0.,0.,1.));
#11853=DIRECTION('',(0.707106781186546,-0.707106781186549,0.));
#11854=CARTESIAN_POINT('',(-36.8,-19.2,-2.61233297572715E-15));
#11855=AXIS2_PLACEMENT_3D('',#11856,#11857,#11858);
#11856=CARTESIAN_POINT('',(-40.,-19.2,-2.220446E-15));
#11857=DIRECTION('',(0.,-1.,0.));
#11858=DIRECTION('',(1.,0.,0.));
#11859=CARTESIAN_POINT('',(-40.,-19.2,-2.4));
#11860=CARTESIAN_POINT('',(-42.4,-19.2,-2.514361E-15));
#11861=AXIS2_PLACEMENT_3D('',#11862,#11863,#11864);
#11862=CARTESIAN_POINT('',(-40.,-19.2,-2.220446E-15));
#11863=DIRECTION('',(0.,-1.,0.));
#11864=DIRECTION('',(0.,0.,-1.));
#11865=AXIS2_PLACEMENT_3D('',#11866,#11867,#11868);
#11866=CARTESIAN_POINT('',(-40.,-19.2,-2.220446E-15));
#11867=DIRECTION('',(0.,-1.,0.));
#11868=DIRECTION('',(-1.,0.,0.));
#11869=CARTESIAN_POINT('',(-28.8,-19.2,-2.61233297572715E-15));
#11870=AXIS2_PLACEMENT_3D('',#11871,#11872,#11873);
#11871=CARTESIAN_POINT('',(-32.,-19.2,-2.220446E-15));
#11872=DIRECTION('',(0.,-1.,0.));
#11873=DIRECTION('',(1.,0.,0.));
#11874=CARTESIAN_POINT('',(-32.,-19.2,-2.4));
#11875=CARTESIAN_POINT('',(-34.4,-19.2,-2.514361E-15));
#11876=AXIS2_PLACEMENT_3D('',#11877,#11878,#11879);
#11877=CARTESIAN_POINT('',(-32.,-19.2,-2.220446E-15));
#11878=DIRECTION('',(0.,-1.,0.));
#11879=DIRECTION('',(0.,0.,-1.));
#11880=AXIS2_PLACEMENT_3D('',#11881,#11882,#11883);
#11881=CARTESIAN_POINT('',(-32.,-19.2,-2.220446E-15));
#11882=DIRECTION('',(0.,-1.,0.));
#11883=DIRECTION('',(-1.,0.,0.));
#11884=CARTESIAN_POINT('',(-21.6,-16.,-3.2));
#11885=CARTESIAN_POINT('',(-24.,-13.6,-3.2));
#11886=AXIS2_PLACEMENT_3D('',#11887,#11888,#11889);
#11887=CARTESIAN_POINT('',(-24.,-16.,-3.2));
#11888=DIRECTION('',(0.,0.,-1.));
#11889=DIRECTION('',(1.,0.,0.));
#11890=AXIS2_PLACEMENT_3D('',#11891,#11892,#11893);
#11891=CARTESIAN_POINT('',(-24.,-16.,-3.2));
#11892=DIRECTION('',(0.,0.,-1.));
#11893=DIRECTION('',(0.,1.,0.));
#11894=CARTESIAN_POINT('',(-24.,-13.6,3.2));
#11895=CARTESIAN_POINT('',(-26.4,-16.,3.2));
#11896=AXIS2_PLACEMENT_3D('',#11897,#11898,#11899);
#11897=CARTESIAN_POINT('',(-24.,-16.,3.2));
#11898=DIRECTION('',(0.,0.,1.));
#11899=DIRECTION('',(0.,1.,0.));
#11900=AXIS2_PLACEMENT_3D('',#11901,#11902,#11903);
#11901=CARTESIAN_POINT('',(-24.,-16.,3.2));
#11902=DIRECTION('',(0.,0.,1.));
#11903=DIRECTION('',(-1.,0.,0.));
#11904=CARTESIAN_POINT('',(-21.1,-11.7148351242013,0.800000000000001));
#11905=AXIS2_PLACEMENT_3D('',#11906,#11907,#11908);
#11906=CARTESIAN_POINT('',(-21.1,-8.,0.));
#11907=DIRECTION('',(1.,0.,0.));
#11908=DIRECTION('',(0.,9.34924652315921E-16,1.));
#11909=CARTESIAN_POINT('',(-26.9,-11.7148351242013,0.800000000000001));
#11910=AXIS2_PLACEMENT_3D('',#11911,#11912,#11913);
#11911=CARTESIAN_POINT('',(-26.9,-8.,0.));
#11912=DIRECTION('',(-1.,0.,0.));
#11913=DIRECTION('',(0.,-0.9775881905793,0.210526315789474));
#11914=CARTESIAN_POINT('',(-26.9,-11.7148351242013,0.8));
#11915=VECTOR('',#11916,1.);
#11916=DIRECTION('',(1.,0.,0.));
#11917=CARTESIAN_POINT('',(-21.1,-11.7148351242013,0.800000000000001));
#11918=VECTOR('',#11919,1.);
#11919=DIRECTION('',(0.,-1.,0.));
#11920=CARTESIAN_POINT('',(-26.9,-12.,0.800000000000001));
#11921=VECTOR('',#11922,1.);
#11922=DIRECTION('',(0.,1.,0.));
#11923=CARTESIAN_POINT('',(-28.,-13.1,-0.800000000000001));
#11924=CARTESIAN_POINT('',(-28.,-13.1,-3.8));
#11925=VECTOR('',#11926,1.);
#11926=DIRECTION('',(0.,0.,1.));
#11927=CARTESIAN_POINT('',(-28.,-18.9,-0.800000000000001));
#11928=CARTESIAN_POINT('',(-28.,-18.9,-0.800000000000001));
#11929=VECTOR('',#11930,1.);
#11930=DIRECTION('',(0.,0.,-1.));
#11931=CARTESIAN_POINT('',(-28.,-18.9,-0.800000000000001));
#11932=VECTOR('',#11933,1.);
#11933=DIRECTION('',(0.,1.,0.));
#11934=CARTESIAN_POINT('',(-28.2851648757987,-13.1,-0.800000000000002));
#11935=CARTESIAN_POINT('',(-28.,-13.1,-0.800000000000001));
#11936=VECTOR('',#11937,1.);
#11937=DIRECTION('',(-1.,0.,0.));
#11938=CARTESIAN_POINT('',(-28.2851648757987,-18.9,-0.800000000000002));
#11939=CARTESIAN_POINT('',(-28.2851648757987,-18.9,-0.800000000000002));
#11940=VECTOR('',#11941,1.);
#11941=DIRECTION('',(1.,0.,0.));
#11942=CARTESIAN_POINT('',(-28.2851648757987,-18.9,-0.800000000000001));
#11943=VECTOR('',#11944,1.);
#11944=DIRECTION('',(0.,1.,0.));
#11945=AXIS2_PLACEMENT_3D('',#11946,#11947,#11948);
#11946=CARTESIAN_POINT('',(-32.,-13.1,-2.220446E-15));
#11947=DIRECTION('',(0.,1.,0.));
#11948=DIRECTION('',(0.977588190579301,0.,-0.210526315789473));
#11949=AXIS2_PLACEMENT_3D('',#11950,#11951,#11952);
#11950=CARTESIAN_POINT('',(-32.,-18.9,-2.220446E-15));
#11951=DIRECTION('',(0.,-1.,0.));
#11952=DIRECTION('',(0.,0.,-1.));
#11953=CARTESIAN_POINT('',(-28.2851648757987,-13.1,0.8));
#11954=AXIS2_PLACEMENT_3D('',#11955,#11956,#11957);
#11955=CARTESIAN_POINT('',(-32.,-13.1,-2.220446E-15));
#11956=DIRECTION('',(0.,1.,0.));
#11957=DIRECTION('',(0.,0.,1.));
#11958=CARTESIAN_POINT('',(-28.,-13.1,0.799999999999999));
#11959=CARTESIAN_POINT('',(-28.2851648757987,-13.1,0.8));
#11960=VECTOR('',#11961,1.);
#11961=DIRECTION('',(1.,0.,0.));
#11962=CARTESIAN_POINT('',(-28.,-13.1,0.799999999999999));
#11963=VECTOR('',#11964,1.);
#11964=DIRECTION('',(0.,0.,1.));
#11965=CARTESIAN_POINT('',(-28.2851648757987,-18.9,0.8));
#11966=AXIS2_PLACEMENT_3D('',#11967,#11968,#11969);
#11967=CARTESIAN_POINT('',(-32.,-18.9,-2.220446E-15));
#11968=DIRECTION('',(0.,-1.,0.));
#11969=DIRECTION('',(0.9775881905793,0.,0.210526315789474));
#11970=CARTESIAN_POINT('',(-28.,-18.9,0.799999999999999));
#11971=CARTESIAN_POINT('',(-28.,-18.9,3.8));
#11972=VECTOR('',#11973,1.);
#11973=DIRECTION('',(0.,0.,-1.));
#11974=CARTESIAN_POINT('',(-28.,-18.9,0.8));
#11975=VECTOR('',#11976,1.);
#11976=DIRECTION('',(-1.,0.,0.));
#11977=CARTESIAN_POINT('',(-28.2851648757987,-18.9,0.8));
#11978=VECTOR('',#11979,1.);
#11979=DIRECTION('',(0.,1.,0.));
#11980=CARTESIAN_POINT('',(-28.,-18.9,0.8));
#11981=VECTOR('',#11982,1.);
#11982=DIRECTION('',(0.,1.,0.));
#11983=CARTESIAN_POINT('',(-40.,-12.,-3.2));
#11984=CARTESIAN_POINT('',(-40.,-12.,-3.8));
#11985=VECTOR('',#11986,1.);
#11986=DIRECTION('',(0.,0.,1.));
#11987=CARTESIAN_POINT('',(-32.,-12.,-3.2));
#11988=CARTESIAN_POINT('',(-40.,-12.,-3.2));
#11989=VECTOR('',#11990,1.);
#11990=DIRECTION('',(1.,0.,0.));
#11991=CARTESIAN_POINT('',(-32.,-12.,3.2));
#11992=AXIS2_PLACEMENT_3D('',#11993,#11994,#11995);
#11993=CARTESIAN_POINT('',(-32.,-12.,-2.220446E-15));
#11994=DIRECTION('',(0.,-1.,0.));
#11995=DIRECTION('',(0.,0.,-1.));
#11996=CARTESIAN_POINT('',(-40.,-12.,3.2));
#11997=CARTESIAN_POINT('',(-32.,-12.,3.2));
#11998=VECTOR('',#11999,1.);
#11999=DIRECTION('',(-1.,0.,0.));
#12000=CARTESIAN_POINT('',(-40.,-12.,3.2));
#12001=VECTOR('',#12002,1.);
#12002=DIRECTION('',(0.,0.,1.));
#12003=CARTESIAN_POINT('',(20.8,-11.2,0.));
#12004=CARTESIAN_POINT('',(20.8,-11.2,-3.8));
#12005=VECTOR('',#12006,1.);
#12006=DIRECTION('',(0.,0.,1.));
#12007=AXIS2_PLACEMENT_3D('',#12008,#12009,#12010);
#12008=CARTESIAN_POINT('',(20.8,-8.,0.));
#12009=DIRECTION('',(-1.,0.,0.));
#12010=DIRECTION('',(0.,-1.,0.));
#12011=CARTESIAN_POINT('',(20.8,-10.4,9.79717439317882E-17));
#12012=AXIS2_PLACEMENT_3D('',#12013,#12014,#12015);
#12013=CARTESIAN_POINT('',(20.8,-8.,0.));
#12014=DIRECTION('',(-1.,0.,0.));
#12015=DIRECTION('',(0.,-1.,0.));
#12016=CARTESIAN_POINT('',(20.,-11.2,0.));
#12017=VECTOR('',#12018,1.);
#12018=DIRECTION('',(1.,0.,0.));
#12019=CARTESIAN_POINT('',(-40.,-12.8,3.2));
#12020=CARTESIAN_POINT('',(-40.,-12.8,3.8));
#12021=VECTOR('',#12022,1.);
#12022=DIRECTION('',(0.,0.,-1.));
#12023=CARTESIAN_POINT('',(-40.,-12.,3.2));
#12024=VECTOR('',#12025,1.);
#12025=DIRECTION('',(0.,-1.,0.));
#12026=CARTESIAN_POINT('',(-32.,-12.8,3.2));
#12027=CARTESIAN_POINT('',(-40.,-12.8,3.2));
#12028=VECTOR('',#12029,1.);
#12029=DIRECTION('',(1.,0.,0.));
#12030=CARTESIAN_POINT('',(-32.,-12.,3.2));
#12031=VECTOR('',#12032,1.);
#12032=DIRECTION('',(0.,-1.,0.));
#12033=CARTESIAN_POINT('',(-32.,-12.8,-3.2));
#12034=AXIS2_PLACEMENT_3D('',#12035,#12036,#12037);
#12035=CARTESIAN_POINT('',(-32.,-12.8,-2.220446E-15));
#12036=DIRECTION('',(0.,1.,0.));
#12037=DIRECTION('',(0.,0.,1.));
#12038=CARTESIAN_POINT('',(-32.,-12.,-3.2));
#12039=VECTOR('',#12040,1.);
#12040=DIRECTION('',(0.,-1.,0.));
#12041=CARTESIAN_POINT('',(-40.,-12.8,-3.2));
#12042=CARTESIAN_POINT('',(-32.,-12.8,-3.2));
#12043=VECTOR('',#12044,1.);
#12044=DIRECTION('',(-1.,0.,0.));
#12045=CARTESIAN_POINT('',(-40.,-12.,-3.2));
#12046=VECTOR('',#12047,1.);
#12047=DIRECTION('',(0.,-1.,0.));
#12048=CARTESIAN_POINT('',(-40.,-12.8,-3.2));
#12049=VECTOR('',#12050,1.);
#12050=DIRECTION('',(0.,0.,-1.));
#12051=CARTESIAN_POINT('',(-32.,-12.8,-2.4));
#12052=CARTESIAN_POINT('',(-29.6,-12.8,-2.514361E-15));
#12053=AXIS2_PLACEMENT_3D('',#12054,#12055,#12056);
#12054=CARTESIAN_POINT('',(-32.,-12.8,-2.220446E-15));
#12055=DIRECTION('',(0.,1.,0.));
#12056=DIRECTION('',(0.,0.,-1.));
#12057=AXIS2_PLACEMENT_3D('',#12058,#12059,#12060);
#12058=CARTESIAN_POINT('',(-32.,-12.8,-2.220446E-15));
#12059=DIRECTION('',(0.,1.,0.));
#12060=DIRECTION('',(1.,0.,1.22464679914735E-16));
#12061=CARTESIAN_POINT('',(-40.,-12.8,-2.4));
#12062=CARTESIAN_POINT('',(-37.6,-12.8,-2.514361E-15));
#12063=AXIS2_PLACEMENT_3D('',#12064,#12065,#12066);
#12064=CARTESIAN_POINT('',(-40.,-12.8,-2.220446E-15));
#12065=DIRECTION('',(0.,1.,0.));
#12066=DIRECTION('',(0.,0.,-1.));
#12067=AXIS2_PLACEMENT_3D('',#12068,#12069,#12070);
#12068=CARTESIAN_POINT('',(-40.,-12.8,-2.220446E-15));
#12069=DIRECTION('',(0.,1.,0.));
#12070=DIRECTION('',(1.,0.,1.22464679914735E-16));
#12071=CARTESIAN_POINT('',(-34.3811761799581,-14.4,-2.7));
#12072=CARTESIAN_POINT('',(-37.6188238200419,-14.4,-2.7));
#12073=CARTESIAN_POINT('',(-34.3811761799581,-14.4,-2.7));
#12074=VECTOR('',#12075,1.);
#12075=DIRECTION('',(-1.,0.,0.));
#12076=CARTESIAN_POINT('',(-34.3811761799581,-14.4,2.7));
#12077=AXIS2_PLACEMENT_3D('',#12078,#12079,#12080);
#12078=CARTESIAN_POINT('',(-32.,-14.4,-2.220446E-15));
#12079=DIRECTION('',(0.,-1.,0.));
#12080=DIRECTION('',(-0.661437827766148,0.,0.75));
#12081=CARTESIAN_POINT('',(-37.6188238200419,-14.4,2.7));
#12082=CARTESIAN_POINT('',(-37.6188238200419,-14.4,2.7));
#12083=VECTOR('',#12084,1.);
#12084=DIRECTION('',(1.,0.,0.));
#12085=AXIS2_PLACEMENT_3D('',#12086,#12087,#12088);
#12086=CARTESIAN_POINT('',(-40.,-14.4,-2.220446E-15));
#12087=DIRECTION('',(0.,-1.,0.));
#12088=DIRECTION('',(0.661437827766148,0.,-0.75));
#12089=CARTESIAN_POINT('',(-37.6188238200419,-14.4,2.7));
#12090=VECTOR('',#12091,1.);
#12091=DIRECTION('',(0.,-1.,0.));
#12092=CARTESIAN_POINT('',(-37.6188238200419,-20.,-2.7));
#12093=VECTOR('',#12094,1.);
#12094=DIRECTION('',(0.,1.,0.));
#12095=CARTESIAN_POINT('',(-34.3811761799581,-20.,2.7));
#12096=VECTOR('',#12097,1.);
#12097=DIRECTION('',(0.,1.,0.));
#12098=CARTESIAN_POINT('',(-34.3811761799581,-14.4,-2.7));
#12099=VECTOR('',#12100,1.);
#12100=DIRECTION('',(0.,-1.,0.));
#12101=CARTESIAN_POINT('',(-27.2,-16.,-3.2));
#12102=AXIS2_PLACEMENT_3D('',#12103,#12104,#12105);
#12103=CARTESIAN_POINT('',(-24.,-16.,-3.2));
#12104=DIRECTION('',(0.,0.,-1.));
#12105=DIRECTION('',(-1.,0.,0.));
#12106=CARTESIAN_POINT('',(12.8,-12.8,0.));
#12107=CARTESIAN_POINT('',(12.8,-12.,0.));
#12108=VECTOR('',#12109,1.);
#12109=DIRECTION('',(0.,-1.,0.));
#12110=CARTESIAN_POINT('',(12.8,-12.8,-4.));
#12111=VECTOR('',#12112,1.);
#12112=DIRECTION('',(0.,0.,1.));
#12113=CARTESIAN_POINT('',(19.2,-12.8,0.));
#12114=CARTESIAN_POINT('',(19.2,-12.8,0.));
#12115=VECTOR('',#12116,1.);
#12116=DIRECTION('',(0.,0.,-1.));
#12117=CARTESIAN_POINT('',(19.2,-12.,-1.40277774789652E-15));
#12118=VECTOR('',#12119,1.);
#12119=DIRECTION('',(0.,-1.,0.));
#12120=CARTESIAN_POINT('',(12.8,12.8,-4.));
#12121=CARTESIAN_POINT('',(12.8,12.8,-4.));
#12122=VECTOR('',#12123,1.);
#12123=DIRECTION('',(0.,-1.,0.));
#12124=CARTESIAN_POINT('',(12.8,12.8,0.));
#12125=CARTESIAN_POINT('',(12.8,12.8,0.));
#12126=VECTOR('',#12127,1.);
#12127=DIRECTION('',(0.,0.,-1.));
#12128=CARTESIAN_POINT('',(12.8,12.,1.95943487863577E-16));
#12129=VECTOR('',#12130,1.);
#12130=DIRECTION('',(0.,1.,0.));
#12131=CARTESIAN_POINT('',(19.2,12.8,0.));
#12132=CARTESIAN_POINT('',(19.2,12.,-8.881785E-16));
#12133=VECTOR('',#12134,1.);
#12134=DIRECTION('',(0.,1.,0.));
#12135=CARTESIAN_POINT('',(19.2,12.8,-4.));
#12136=CARTESIAN_POINT('',(19.2,12.8,-4.));
#12137=VECTOR('',#12138,1.);
#12138=DIRECTION('',(0.,0.,1.));
#12139=CARTESIAN_POINT('',(19.2,12.1,-4.));
#12140=VECTOR('',#12141,1.);
#12141=DIRECTION('',(0.,1.,0.));
#12142=CARTESIAN_POINT('',(-12.8,-12.8,0.));
#12143=CARTESIAN_POINT('',(-12.8,-12.8,0.));
#12144=VECTOR('',#12145,1.);
#12145=DIRECTION('',(0.,0.,-1.));
#12146=CARTESIAN_POINT('',(-12.8,-12.,1.95943487863577E-16));
#12147=VECTOR('',#12148,1.);
#12148=DIRECTION('',(0.,-1.,0.));
#12149=CARTESIAN_POINT('',(-3.2,12.8,-4.));
#12150=CARTESIAN_POINT('',(-3.2,12.8,-4.));
#12151=VECTOR('',#12152,1.);
#12152=DIRECTION('',(0.,-1.,0.));
#12153=CARTESIAN_POINT('',(-3.2,12.8,0.));
#12154=CARTESIAN_POINT('',(-3.2,12.8,0.));
#12155=VECTOR('',#12156,1.);
#12156=DIRECTION('',(0.,0.,-1.));
#12157=CARTESIAN_POINT('',(-3.2,12.,1.95943487863577E-16));
#12158=VECTOR('',#12159,1.);
#12159=DIRECTION('',(0.,1.,0.));
#12160=AXIS2_PLACEMENT_3D('',#12161,#12162,#12163);
#12161=CARTESIAN_POINT('',(16.,12.8,0.));
#12162=DIRECTION('',(0.,-1.,0.));
#12163=DIRECTION('',(1.,0.,0.));
#12164=AXIS2_PLACEMENT_3D('',#12165,#12166,#12167);
#12165=CARTESIAN_POINT('',(16.,-12.8,0.));
#12166=DIRECTION('',(0.,1.,0.));
#12167=DIRECTION('',(-1.,0.,0.));
#12168=CARTESIAN_POINT('',(13.6,-12.8,-3.73579171803602E-16));
#12169=AXIS2_PLACEMENT_3D('',#12170,#12171,#12172);
#12170=CARTESIAN_POINT('',(16.,-12.8,0.));
#12171=DIRECTION('',(0.,1.,0.));
#12172=DIRECTION('',(-1.,0.,-1.22464679914735E-16));
#12173=AXIS2_PLACEMENT_3D('',#12174,#12175,#12176);
#12174=CARTESIAN_POINT('',(-16.,12.8,0.));
#12175=DIRECTION('',(0.,-1.,0.));
#12176=DIRECTION('',(1.,0.,0.));
#12177=AXIS2_PLACEMENT_3D('',#12178,#12179,#12180);
#12178=CARTESIAN_POINT('',(-16.,-12.8,0.));
#12179=DIRECTION('',(0.,1.,0.));
#12180=DIRECTION('',(-1.,0.,0.));
#12181=CARTESIAN_POINT('',(-18.4,-12.8,-3.73579171803602E-16));
#12182=AXIS2_PLACEMENT_3D('',#12183,#12184,#12185);
#12183=CARTESIAN_POINT('',(-16.,-12.8,0.));
#12184=DIRECTION('',(0.,1.,0.));
#12185=DIRECTION('',(-1.,0.,-1.22464679914735E-16));
#12186=CARTESIAN_POINT('',(-20.8,-11.2,0.));
#12187=CARTESIAN_POINT('',(-20.8,-11.2,0.));
#12188=VECTOR('',#12189,1.);
#12189=DIRECTION('',(0.,0.,-1.));
#12190=CARTESIAN_POINT('',(-20.,-11.2,1.95943487863577E-16));
#12191=VECTOR('',#12192,1.);
#12192=DIRECTION('',(-1.,0.,0.));
#12193=CARTESIAN_POINT('',(-20.8,11.2,0.));
#12194=CARTESIAN_POINT('',(-20.,11.2,0.));
#12195=VECTOR('',#12196,1.);
#12196=DIRECTION('',(-1.,0.,0.));
#12197=CARTESIAN_POINT('',(-20.8,11.2,-3.8));
#12198=VECTOR('',#12199,1.);
#12199=DIRECTION('',(0.,0.,1.));
#12200=CARTESIAN_POINT('',(20.8,11.2,0.));
#12201=CARTESIAN_POINT('',(20.8,11.2,0.));
#12202=VECTOR('',#12203,1.);
#12203=DIRECTION('',(0.,0.,-1.));
#12204=CARTESIAN_POINT('',(20.,11.2,1.95943487863577E-16));
#12205=VECTOR('',#12206,1.);
#12206=DIRECTION('',(1.,0.,0.));
#12207=CARTESIAN_POINT('',(20.8,3.2,0.));
#12208=CARTESIAN_POINT('',(20.8,3.2,0.));
#12209=VECTOR('',#12210,1.);
#12210=DIRECTION('',(0.,0.,-1.));
#12211=CARTESIAN_POINT('',(20.,3.2,1.95943487863577E-16));
#12212=VECTOR('',#12213,1.);
#12213=DIRECTION('',(1.,0.,0.));
#12214=CARTESIAN_POINT('',(-20.8,3.2,0.));
#12215=CARTESIAN_POINT('',(-20.8,3.2,0.));
#12216=VECTOR('',#12217,1.);
#12217=DIRECTION('',(1.,0.,0.));
#12218=CARTESIAN_POINT('',(-20.8,3.2,-3.8));
#12219=VECTOR('',#12220,1.);
#12220=DIRECTION('',(0.,0.,1.));
#12221=CARTESIAN_POINT('',(20.8,-3.2,0.));
#12222=CARTESIAN_POINT('',(20.8,-3.2,0.));
#12223=VECTOR('',#12224,1.);
#12224=DIRECTION('',(-1.,0.,0.));
#12225=CARTESIAN_POINT('',(20.8,-3.2,-3.8));
#12226=VECTOR('',#12227,1.);
#12227=DIRECTION('',(0.,0.,1.));
#12228=CARTESIAN_POINT('',(-20.8,-3.2,0.));
#12229=CARTESIAN_POINT('',(-20.8,-3.2,0.));
#12230=VECTOR('',#12231,1.);
#12231=DIRECTION('',(0.,0.,-1.));
#12232=CARTESIAN_POINT('',(-20.,-3.2,1.95943487863577E-16));
#12233=VECTOR('',#12234,1.);
#12234=DIRECTION('',(-1.,0.,0.));
#12235=AXIS2_PLACEMENT_3D('',#12236,#12237,#12238);
#12236=CARTESIAN_POINT('',(-20.8,-8.,0.));
#12237=DIRECTION('',(1.,0.,0.));
#12238=DIRECTION('',(0.,1.,0.));
#12239=AXIS2_PLACEMENT_3D('',#12240,#12241,#12242);
#12240=CARTESIAN_POINT('',(20.8,8.,0.));
#12241=DIRECTION('',(-1.,0.,0.));
#12242=DIRECTION('',(0.,-1.,0.));
#12243=CARTESIAN_POINT('',(20.8,5.6,9.79717439317882E-17));
#12244=AXIS2_PLACEMENT_3D('',#12245,#12246,#12247);
#12245=CARTESIAN_POINT('',(20.8,8.,0.));
#12246=DIRECTION('',(-1.,0.,0.));
#12247=DIRECTION('',(0.,-1.,0.));
#12248=AXIS2_PLACEMENT_3D('',#12249,#12250,#12251);
#12249=CARTESIAN_POINT('',(-20.8,8.,0.));
#12250=DIRECTION('',(1.,0.,0.));
#12251=DIRECTION('',(0.,1.,0.));
#12252=CARTESIAN_POINT('',(27.2,-4.8,-3.91886975727153E-16));
#12253=AXIS2_PLACEMENT_3D('',#12254,#12255,#12256);
#12254=CARTESIAN_POINT('',(27.2,-8.,0.));
#12255=DIRECTION('',(1.,0.,0.));
#12256=DIRECTION('',(0.,1.,0.));
#12257=CARTESIAN_POINT('',(27.2,-10.4,2.93915231795365E-16));
#12258=AXIS2_PLACEMENT_3D('',#12259,#12260,#12261);
#12259=CARTESIAN_POINT('',(27.2,-8.,0.));
#12260=DIRECTION('',(1.,0.,0.));
#12261=DIRECTION('',(0.,-1.,0.));
#12262=CARTESIAN_POINT('',(27.2,3.2,-3.91886975727153E-16));
#12263=AXIS2_PLACEMENT_3D('',#12264,#12265,#12266);
#12264=CARTESIAN_POINT('',(27.2,0.,0.));
#12265=DIRECTION('',(1.,0.,0.));
#12266=DIRECTION('',(0.,1.,0.));
#12267=CARTESIAN_POINT('',(27.2,-1.46957615897682E-16,-2.4));
#12268=CARTESIAN_POINT('',(27.2,-2.4,-2.939152E-16));
#12269=AXIS2_PLACEMENT_3D('',#12270,#12271,#12272);
#12270=CARTESIAN_POINT('',(27.2,0.,0.));
#12271=DIRECTION('',(1.,0.,0.));
#12272=DIRECTION('',(0.,-6.12323399573677E-17,-1.));
#12273=AXIS2_PLACEMENT_3D('',#12274,#12275,#12276);
#12274=CARTESIAN_POINT('',(27.2,0.,0.));
#12275=DIRECTION('',(1.,0.,0.));
#12276=DIRECTION('',(0.,-1.,0.));
#12277=AXIS2_PLACEMENT_3D('',#12278,#12279,#12280);
#12278=CARTESIAN_POINT('',(20.8,0.,0.));
#12279=DIRECTION('',(-1.,0.,0.));
#12280=DIRECTION('',(0.,-1.,0.));
#12281=CARTESIAN_POINT('',(20.8,1.21277171953783E-15,-2.4));
#12282=CARTESIAN_POINT('',(20.8,2.4,-2.939152E-16));
#12283=AXIS2_PLACEMENT_3D('',#12284,#12285,#12286);
#12284=CARTESIAN_POINT('',(20.8,0.,0.));
#12285=DIRECTION('',(-1.,0.,0.));
#12286=DIRECTION('',(0.,6.27786229722166E-16,-1.));
#12287=AXIS2_PLACEMENT_3D('',#12288,#12289,#12290);
#12288=CARTESIAN_POINT('',(20.8,0.,0.));
#12289=DIRECTION('',(-1.,0.,0.));
#12290=DIRECTION('',(0.,1.,1.22464679914735E-16));
#12291=CARTESIAN_POINT('',(27.2,11.2,-3.91886975727153E-16));
#12292=AXIS2_PLACEMENT_3D('',#12293,#12294,#12295);
#12293=CARTESIAN_POINT('',(27.2,8.,0.));
#12294=DIRECTION('',(1.,0.,0.));
#12295=DIRECTION('',(0.,1.,0.));
#12296=CARTESIAN_POINT('',(27.2,5.6,2.93915231795365E-16));
#12297=AXIS2_PLACEMENT_3D('',#12298,#12299,#12300);
#12298=CARTESIAN_POINT('',(27.2,8.,0.));
#12299=DIRECTION('',(1.,0.,0.));
#12300=DIRECTION('',(0.,-1.,0.));
#12301=CARTESIAN_POINT('',(-20.8,-8.,-2.4));
#12302=CARTESIAN_POINT('',(-20.8,-10.4,-2.939152E-16));
#12303=AXIS2_PLACEMENT_3D('',#12304,#12305,#12306);
#12304=CARTESIAN_POINT('',(-20.8,-8.,0.));
#12305=DIRECTION('',(1.,0.,0.));
#12306=DIRECTION('',(0.,0.,-1.));
#12307=AXIS2_PLACEMENT_3D('',#12308,#12309,#12310);
#12308=CARTESIAN_POINT('',(-20.8,-8.,0.));
#12309=DIRECTION('',(1.,0.,0.));
#12310=DIRECTION('',(0.,-1.,1.22464679914735E-16));
#12311=CARTESIAN_POINT('',(-27.2,-11.2,-3.91886975727153E-16));
#12312=AXIS2_PLACEMENT_3D('',#12313,#12314,#12315);
#12313=CARTESIAN_POINT('',(-27.2,-8.,0.));
#12314=DIRECTION('',(-1.,0.,0.));
#12315=DIRECTION('',(0.,-1.,0.));
#12316=CARTESIAN_POINT('',(-27.2,-8.,-2.4));
#12317=CARTESIAN_POINT('',(-27.2,-5.6,-2.939152E-16));
#12318=AXIS2_PLACEMENT_3D('',#12319,#12320,#12321);
#12319=CARTESIAN_POINT('',(-27.2,-8.,0.));
#12320=DIRECTION('',(-1.,0.,0.));
#12321=DIRECTION('',(0.,0.,-1.));
#12322=AXIS2_PLACEMENT_3D('',#12323,#12324,#12325);
#12323=CARTESIAN_POINT('',(-27.2,-8.,0.));
#12324=DIRECTION('',(-1.,0.,0.));
#12325=DIRECTION('',(0.,1.,1.22464679914735E-16));
#12326=AXIS2_PLACEMENT_3D('',#12327,#12328,#12329);
#12327=CARTESIAN_POINT('',(-20.8,0.,0.));
#12328=DIRECTION('',(1.,0.,0.));
#12329=DIRECTION('',(0.,1.,0.));
#12330=CARTESIAN_POINT('',(-20.8,-2.46519032881566E-32,-2.4));
#12331=CARTESIAN_POINT('',(-20.8,-2.4,-2.939152E-16));
#12332=AXIS2_PLACEMENT_3D('',#12333,#12334,#12335);
#12333=CARTESIAN_POINT('',(-20.8,0.,0.));
#12334=DIRECTION('',(1.,0.,0.));
#12335=DIRECTION('',(0.,-1.83697019872103E-16,-1.));
#12336=AXIS2_PLACEMENT_3D('',#12337,#12338,#12339);
#12337=CARTESIAN_POINT('',(-20.8,0.,0.));
#12338=DIRECTION('',(1.,0.,0.));
#12339=DIRECTION('',(0.,-1.,1.22464679914735E-16));
#12340=CARTESIAN_POINT('',(-27.2,-3.2,-3.91886975727153E-16));
#12341=AXIS2_PLACEMENT_3D('',#12342,#12343,#12344);
#12342=CARTESIAN_POINT('',(-27.2,0.,0.));
#12343=DIRECTION('',(-1.,0.,0.));
#12344=DIRECTION('',(0.,-1.,0.));
#12345=CARTESIAN_POINT('',(-27.2,4.40872847693047E-16,-2.4));
#12346=CARTESIAN_POINT('',(-27.2,2.4,-2.939152E-16));
#12347=AXIS2_PLACEMENT_3D('',#12348,#12349,#12350);
#12348=CARTESIAN_POINT('',(-27.2,0.,0.));
#12349=DIRECTION('',(-1.,0.,0.));
#12350=DIRECTION('',(0.,1.83697019872103E-16,-1.));
#12351=AXIS2_PLACEMENT_3D('',#12352,#12353,#12354);
#12352=CARTESIAN_POINT('',(-27.2,0.,0.));
#12353=DIRECTION('',(-1.,0.,0.));
#12354=DIRECTION('',(0.,1.,1.22464679914735E-16));
#12355=CARTESIAN_POINT('',(12.8,19.2,-3.91886975727153E-16));
#12356=AXIS2_PLACEMENT_3D('',#12357,#12358,#12359);
#12357=CARTESIAN_POINT('',(16.,19.2,0.));
#12358=DIRECTION('',(0.,1.,0.));
#12359=DIRECTION('',(-1.,0.,0.));
#12360=CARTESIAN_POINT('',(16.,19.2,2.4));
#12361=CARTESIAN_POINT('',(18.4,19.2,-2.939152E-16));
#12362=AXIS2_PLACEMENT_3D('',#12363,#12364,#12365);
#12363=CARTESIAN_POINT('',(16.,19.2,0.));
#12364=DIRECTION('',(0.,1.,0.));
#12365=DIRECTION('',(0.,0.,1.));
#12366=AXIS2_PLACEMENT_3D('',#12367,#12368,#12369);
#12367=CARTESIAN_POINT('',(16.,19.2,0.));
#12368=DIRECTION('',(0.,1.,0.));
#12369=DIRECTION('',(1.,0.,0.));
#12370=CARTESIAN_POINT('',(19.2,12.8,-4.));
#12371=VECTOR('',#12372,1.);
#12372=DIRECTION('',(-1.,0.,0.));
#12373=CARTESIAN_POINT('',(16.,12.8,2.4));
#12374=CARTESIAN_POINT('',(13.6,12.8,-2.939152E-16));
#12375=AXIS2_PLACEMENT_3D('',#12376,#12377,#12378);
#12376=CARTESIAN_POINT('',(16.,12.8,0.));
#12377=DIRECTION('',(0.,-1.,0.));
#12378=DIRECTION('',(0.,0.,1.));
#12379=AXIS2_PLACEMENT_3D('',#12380,#12381,#12382);
#12380=CARTESIAN_POINT('',(16.,12.8,0.));
#12381=DIRECTION('',(0.,-1.,0.));
#12382=DIRECTION('',(-1.,0.,1.22464679914735E-16));
#12383=CARTESIAN_POINT('',(-3.2,19.2,-3.91886975727153E-16));
#12384=AXIS2_PLACEMENT_3D('',#12385,#12386,#12387);
#12385=CARTESIAN_POINT('',(0.,19.2,0.));
#12386=DIRECTION('',(0.,1.,0.));
#12387=DIRECTION('',(-1.,0.,0.));
#12388=CARTESIAN_POINT('',(-4.40872847693047E-16,19.2,2.4));
#12389=CARTESIAN_POINT('',(2.4,19.2,-2.939152E-16));
#12390=AXIS2_PLACEMENT_3D('',#12391,#12392,#12393);
#12391=CARTESIAN_POINT('',(0.,19.2,0.));
#12392=DIRECTION('',(0.,1.,0.));
#12393=DIRECTION('',(-1.83697019872103E-16,0.,1.));
#12394=AXIS2_PLACEMENT_3D('',#12395,#12396,#12397);
#12395=CARTESIAN_POINT('',(0.,19.2,0.));
#12396=DIRECTION('',(0.,1.,0.));
#12397=DIRECTION('',(1.,0.,0.));
#12398=AXIS2_PLACEMENT_3D('',#12399,#12400,#12401);
#12399=CARTESIAN_POINT('',(0.,12.8,0.));
#12400=DIRECTION('',(0.,-1.,0.));
#12401=DIRECTION('',(1.,0.,0.));
#12402=CARTESIAN_POINT('',(3.2,12.8,-4.));
#12403=VECTOR('',#12404,1.);
#12404=DIRECTION('',(-1.,0.,0.));
#12405=CARTESIAN_POINT('',(1.46957615897682E-16,12.8,2.4));
#12406=CARTESIAN_POINT('',(-2.4,12.8,-2.939152E-16));
#12407=AXIS2_PLACEMENT_3D('',#12408,#12409,#12410);
#12408=CARTESIAN_POINT('',(0.,12.8,0.));
#12409=DIRECTION('',(0.,-1.,0.));
#12410=DIRECTION('',(3.06161699786838E-16,0.,1.));
#12411=AXIS2_PLACEMENT_3D('',#12412,#12413,#12414);
#12412=CARTESIAN_POINT('',(0.,12.8,0.));
#12413=DIRECTION('',(0.,-1.,0.));
#12414=DIRECTION('',(-1.,0.,1.22464679914735E-16));
#12415=CARTESIAN_POINT('',(-19.2,19.2,-3.91886975727153E-16));
#12416=AXIS2_PLACEMENT_3D('',#12417,#12418,#12419);
#12417=CARTESIAN_POINT('',(-16.,19.2,0.));
#12418=DIRECTION('',(0.,1.,0.));
#12419=DIRECTION('',(-1.,0.,0.));
#12420=CARTESIAN_POINT('',(-16.,19.2,2.4));
#12421=CARTESIAN_POINT('',(-13.6,19.2,-2.939152E-16));
#12422=AXIS2_PLACEMENT_3D('',#12423,#12424,#12425);
#12423=CARTESIAN_POINT('',(-16.,19.2,0.));
#12424=DIRECTION('',(0.,1.,0.));
#12425=DIRECTION('',(0.,0.,1.));
#12426=AXIS2_PLACEMENT_3D('',#12427,#12428,#12429);
#12427=CARTESIAN_POINT('',(-16.,19.2,0.));
#12428=DIRECTION('',(0.,1.,0.));
#12429=DIRECTION('',(1.,0.,0.));
#12430=CARTESIAN_POINT('',(-12.8,12.8,-4.));
#12431=VECTOR('',#12432,1.);
#12432=DIRECTION('',(-1.,0.,0.));
#12433=CARTESIAN_POINT('',(-16.,12.8,2.4));
#12434=CARTESIAN_POINT('',(-18.4,12.8,-2.939152E-16));
#12435=AXIS2_PLACEMENT_3D('',#12436,#12437,#12438);
#12436=CARTESIAN_POINT('',(-16.,12.8,0.));
#12437=DIRECTION('',(0.,-1.,0.));
#12438=DIRECTION('',(0.,0.,1.));
#12439=AXIS2_PLACEMENT_3D('',#12440,#12441,#12442);
#12440=CARTESIAN_POINT('',(-16.,12.8,0.));
#12441=DIRECTION('',(0.,-1.,0.));
#12442=DIRECTION('',(-1.,0.,1.22464679914735E-16));
#12443=CARTESIAN_POINT('',(19.2,-19.2,-3.91886975727153E-16));
#12444=AXIS2_PLACEMENT_3D('',#12445,#12446,#12447);
#12445=CARTESIAN_POINT('',(16.,-19.2,0.));
#12446=DIRECTION('',(0.,-1.,0.));
#12447=DIRECTION('',(1.,0.,0.));
#12448=CARTESIAN_POINT('',(13.6,-19.2,1.95943487863576E-16));
#12449=AXIS2_PLACEMENT_3D('',#12450,#12451,#12452);
#12450=CARTESIAN_POINT('',(16.,-19.2,0.));
#12451=DIRECTION('',(0.,-1.,0.));
#12452=DIRECTION('',(-1.,0.,1.22464679914735E-16));
#12453=AXIS2_PLACEMENT_3D('',#12454,#12455,#12456);
#12454=CARTESIAN_POINT('',(0.,-12.8,0.));
#12455=DIRECTION('',(0.,1.,0.));
#12456=DIRECTION('',(-1.,0.,0.));
#12457=CARTESIAN_POINT('',(-2.4,-12.8,-3.73579171803602E-16));
#12458=AXIS2_PLACEMENT_3D('',#12459,#12460,#12461);
#12459=CARTESIAN_POINT('',(0.,-12.8,0.));
#12460=DIRECTION('',(0.,1.,0.));
#12461=DIRECTION('',(-1.,0.,-1.22464679914735E-16));
#12462=CARTESIAN_POINT('',(3.2,-19.2,-3.91886975727153E-16));
#12463=AXIS2_PLACEMENT_3D('',#12464,#12465,#12466);
#12464=CARTESIAN_POINT('',(0.,-19.2,0.));
#12465=DIRECTION('',(0.,-1.,0.));
#12466=DIRECTION('',(1.,0.,0.));
#12467=CARTESIAN_POINT('',(-2.4,-19.2,1.95943487863576E-16));
#12468=AXIS2_PLACEMENT_3D('',#12469,#12470,#12471);
#12469=CARTESIAN_POINT('',(0.,-19.2,0.));
#12470=DIRECTION('',(0.,-1.,0.));
#12471=DIRECTION('',(-1.,0.,1.22464679914735E-16));
#12472=CARTESIAN_POINT('',(24.,12.8,3.2));
#12473=CARTESIAN_POINT('',(21.737258300203,13.737258300203,3.2));
#12474=AXIS2_PLACEMENT_3D('',#12475,#12476,#12477);
#12475=CARTESIAN_POINT('',(24.,16.,3.2));
#12476=DIRECTION('',(0.,0.,1.));
#12477=DIRECTION('',(0.,-1.,0.));
#12478=AXIS2_PLACEMENT_3D('',#12479,#12480,#12481);
#12479=CARTESIAN_POINT('',(24.,16.,3.2));
#12480=DIRECTION('',(0.,0.,1.));
#12481=DIRECTION('',(-0.707106781186548,-0.707106781186547,0.));
#12482=CARTESIAN_POINT('',(22.3029437251523,17.6970562748477,3.2));
#12483=CARTESIAN_POINT('',(26.4,16.,3.2));
#12484=AXIS2_PLACEMENT_3D('',#12485,#12486,#12487);
#12485=CARTESIAN_POINT('',(24.,16.,3.2));
#12486=DIRECTION('',(0.,0.,1.));
#12487=DIRECTION('',(-0.707106781186548,0.707106781186548,0.));
#12488=AXIS2_PLACEMENT_3D('',#12489,#12490,#12491);
#12489=CARTESIAN_POINT('',(24.,16.,3.2));
#12490=DIRECTION('',(0.,0.,1.));
#12491=DIRECTION('',(1.,0.,0.));
#12492=CARTESIAN_POINT('',(4.8,16.,-3.2));
#12493=AXIS2_PLACEMENT_3D('',#12494,#12495,#12496);
#12494=CARTESIAN_POINT('',(8.,16.,-3.2));
#12495=DIRECTION('',(0.,0.,-1.));
#12496=DIRECTION('',(-1.,0.,0.));
#12497=CARTESIAN_POINT('',(8.,13.6,-3.2));
#12498=CARTESIAN_POINT('',(10.4,16.,-3.2));
#12499=AXIS2_PLACEMENT_3D('',#12500,#12501,#12502);
#12500=CARTESIAN_POINT('',(8.,16.,-3.2));
#12501=DIRECTION('',(0.,0.,-1.));
#12502=DIRECTION('',(0.,-1.,0.));
#12503=AXIS2_PLACEMENT_3D('',#12504,#12505,#12506);
#12504=CARTESIAN_POINT('',(8.,16.,-3.2));
#12505=DIRECTION('',(0.,0.,-1.));
#12506=DIRECTION('',(1.,0.,0.));
#12507=CARTESIAN_POINT('',(4.8,16.,-4.));
#12508=AXIS2_PLACEMENT_3D('',#12509,#12510,#12511);
#12509=CARTESIAN_POINT('',(8.,16.,-4.));
#12510=DIRECTION('',(0.,0.,1.));
#12511=DIRECTION('',(-1.,0.,0.));
#12512=CARTESIAN_POINT('',(11.2,16.,3.2));
#12513=AXIS2_PLACEMENT_3D('',#12514,#12515,#12516);
#12514=CARTESIAN_POINT('',(8.,16.,3.2));
#12515=DIRECTION('',(0.,0.,1.));
#12516=DIRECTION('',(1.,0.,0.));
#12517=CARTESIAN_POINT('',(8.,13.6,3.2));
#12518=CARTESIAN_POINT('',(5.6,16.,3.2));
#12519=AXIS2_PLACEMENT_3D('',#12520,#12521,#12522);
#12520=CARTESIAN_POINT('',(8.,16.,3.2));
#12521=DIRECTION('',(0.,0.,1.));
#12522=DIRECTION('',(0.,-1.,0.));
#12523=AXIS2_PLACEMENT_3D('',#12524,#12525,#12526);
#12524=CARTESIAN_POINT('',(8.,16.,3.2));
#12525=DIRECTION('',(0.,0.,1.));
#12526=DIRECTION('',(-1.,0.,0.));
#12527=CARTESIAN_POINT('',(-11.2,16.,-3.2));
#12528=AXIS2_PLACEMENT_3D('',#12529,#12530,#12531);
#12529=CARTESIAN_POINT('',(-8.,16.,-3.2));
#12530=DIRECTION('',(0.,0.,-1.));
#12531=DIRECTION('',(-1.,0.,0.));
#12532=CARTESIAN_POINT('',(-8.,13.6,-3.2));
#12533=CARTESIAN_POINT('',(-5.6,16.,-3.2));
#12534=AXIS2_PLACEMENT_3D('',#12535,#12536,#12537);
#12535=CARTESIAN_POINT('',(-8.,16.,-3.2));
#12536=DIRECTION('',(0.,0.,-1.));
#12537=DIRECTION('',(0.,-1.,0.));
#12538=AXIS2_PLACEMENT_3D('',#12539,#12540,#12541);
#12539=CARTESIAN_POINT('',(-8.,16.,-3.2));
#12540=DIRECTION('',(0.,0.,-1.));
#12541=DIRECTION('',(1.,0.,0.));
#12542=CARTESIAN_POINT('',(-11.2,16.,-4.));
#12543=AXIS2_PLACEMENT_3D('',#12544,#12545,#12546);
#12544=CARTESIAN_POINT('',(-8.,16.,-4.));
#12545=DIRECTION('',(0.,0.,1.));
#12546=DIRECTION('',(-1.,0.,0.));
#12547=CARTESIAN_POINT('',(-4.8,16.,3.2));
#12548=AXIS2_PLACEMENT_3D('',#12549,#12550,#12551);
#12549=CARTESIAN_POINT('',(-8.,16.,3.2));
#12550=DIRECTION('',(0.,0.,1.));
#12551=DIRECTION('',(1.,0.,0.));
#12552=CARTESIAN_POINT('',(-8.,13.6,3.2));
#12553=CARTESIAN_POINT('',(-10.4,16.,3.2));
#12554=AXIS2_PLACEMENT_3D('',#12555,#12556,#12557);
#12555=CARTESIAN_POINT('',(-8.,16.,3.2));
#12556=DIRECTION('',(0.,0.,1.));
#12557=DIRECTION('',(0.,-1.,0.));
#12558=AXIS2_PLACEMENT_3D('',#12559,#12560,#12561);
#12559=CARTESIAN_POINT('',(-8.,16.,3.2));
#12560=DIRECTION('',(0.,0.,1.));
#12561=DIRECTION('',(-1.,0.,0.));
#12562=CARTESIAN_POINT('',(-24.,19.2,3.2));
#12563=CARTESIAN_POINT('',(-21.737258300203,18.262741699797,3.2));
#12564=AXIS2_PLACEMENT_3D('',#12565,#12566,#12567);
#12565=CARTESIAN_POINT('',(-24.,16.,3.2));
#12566=DIRECTION('',(0.,0.,1.));
#12567=DIRECTION('',(-1.11022302462516E-15,1.,0.));
#12568=AXIS2_PLACEMENT_3D('',#12569,#12570,#12571);
#12569=CARTESIAN_POINT('',(-24.,16.,3.2));
#12570=DIRECTION('',(0.,0.,1.));
#12571=DIRECTION('',(0.707106781186548,0.707106781186547,0.));
#12572=CARTESIAN_POINT('',(-22.3029437251523,14.3029437251523,3.2));
#12573=CARTESIAN_POINT('',(-26.4,16.,3.2));
#12574=AXIS2_PLACEMENT_3D('',#12575,#12576,#12577);
#12575=CARTESIAN_POINT('',(-24.,16.,3.2));
#12576=DIRECTION('',(0.,0.,1.));
#12577=DIRECTION('',(0.707106781186548,-0.707106781186547,0.));
#12578=AXIS2_PLACEMENT_3D('',#12579,#12580,#12581);
#12579=CARTESIAN_POINT('',(-24.,16.,3.2));
#12580=DIRECTION('',(0.,0.,1.));
#12581=DIRECTION('',(-1.,0.,0.));
#12582=CARTESIAN_POINT('',(24.,-19.2,3.2));
#12583=CARTESIAN_POINT('',(21.737258300203,-18.262741699797,3.2));
#12584=AXIS2_PLACEMENT_3D('',#12585,#12586,#12587);
#12585=CARTESIAN_POINT('',(24.,-16.,3.2));
#12586=DIRECTION('',(0.,0.,1.));
#12587=DIRECTION('',(0.,-1.,0.));
#12588=AXIS2_PLACEMENT_3D('',#12589,#12590,#12591);
#12589=CARTESIAN_POINT('',(24.,-16.,3.2));
#12590=DIRECTION('',(0.,0.,1.));
#12591=DIRECTION('',(-0.707106781186548,-0.707106781186547,0.));
#12592=CARTESIAN_POINT('',(22.3029437251523,-14.3029437251523,3.2));
#12593=CARTESIAN_POINT('',(26.4,-16.,3.2));
#12594=AXIS2_PLACEMENT_3D('',#12595,#12596,#12597);
#12595=CARTESIAN_POINT('',(24.,-16.,3.2));
#12596=DIRECTION('',(0.,0.,1.));
#12597=DIRECTION('',(-0.707106781186548,0.707106781186548,0.));
#12598=AXIS2_PLACEMENT_3D('',#12599,#12600,#12601);
#12599=CARTESIAN_POINT('',(24.,-16.,3.2));
#12600=DIRECTION('',(0.,0.,1.));
#12601=DIRECTION('',(1.,0.,0.));
#12602=CARTESIAN_POINT('',(4.8,-16.,-3.2));
#12603=AXIS2_PLACEMENT_3D('',#12604,#12605,#12606);
#12604=CARTESIAN_POINT('',(8.,-16.,-3.2));
#12605=DIRECTION('',(0.,0.,-1.));
#12606=DIRECTION('',(-1.,0.,0.));
#12607=CARTESIAN_POINT('',(8.,-18.4,-3.2));
#12608=CARTESIAN_POINT('',(10.4,-16.,-3.2));
#12609=AXIS2_PLACEMENT_3D('',#12610,#12611,#12612);
#12610=CARTESIAN_POINT('',(8.,-16.,-3.2));
#12611=DIRECTION('',(0.,0.,-1.));
#12612=DIRECTION('',(0.,-1.,0.));
#12613=AXIS2_PLACEMENT_3D('',#12614,#12615,#12616);
#12614=CARTESIAN_POINT('',(8.,-16.,-3.2));
#12615=DIRECTION('',(0.,0.,-1.));
#12616=DIRECTION('',(1.,0.,0.));
#12617=CARTESIAN_POINT('',(11.2,-16.,3.2));
#12618=AXIS2_PLACEMENT_3D('',#12619,#12620,#12621);
#12619=CARTESIAN_POINT('',(8.,-16.,3.2));
#12620=DIRECTION('',(0.,0.,1.));
#12621=DIRECTION('',(1.,0.,0.));
#12622=CARTESIAN_POINT('',(8.,-18.4,3.2));
#12623=CARTESIAN_POINT('',(5.6,-16.,3.2));
#12624=AXIS2_PLACEMENT_3D('',#12625,#12626,#12627);
#12625=CARTESIAN_POINT('',(8.,-16.,3.2));
#12626=DIRECTION('',(0.,0.,1.));
#12627=DIRECTION('',(0.,-1.,0.));
#12628=AXIS2_PLACEMENT_3D('',#12629,#12630,#12631);
#12629=CARTESIAN_POINT('',(8.,-16.,3.2));
#12630=DIRECTION('',(0.,0.,1.));
#12631=DIRECTION('',(-1.,0.,0.));
#12632=CARTESIAN_POINT('',(-11.2,-16.,-3.2));
#12633=AXIS2_PLACEMENT_3D('',#12634,#12635,#12636);
#12634=CARTESIAN_POINT('',(-8.,-16.,-3.2));
#12635=DIRECTION('',(0.,0.,-1.));
#12636=DIRECTION('',(-1.,0.,0.));
#12637=CARTESIAN_POINT('',(-8.,-18.4,-3.2));
#12638=CARTESIAN_POINT('',(-5.6,-16.,-3.2));
#12639=AXIS2_PLACEMENT_3D('',#12640,#12641,#12642);
#12640=CARTESIAN_POINT('',(-8.,-16.,-3.2));
#12641=DIRECTION('',(0.,0.,-1.));
#12642=DIRECTION('',(0.,-1.,0.));
#12643=AXIS2_PLACEMENT_3D('',#12644,#12645,#12646);
#12644=CARTESIAN_POINT('',(-8.,-16.,-3.2));
#12645=DIRECTION('',(0.,0.,-1.));
#12646=DIRECTION('',(1.,0.,0.));
#12647=CARTESIAN_POINT('',(-4.8,-16.,3.2));
#12648=AXIS2_PLACEMENT_3D('',#12649,#12650,#12651);
#12649=CARTESIAN_POINT('',(-8.,-16.,3.2));
#12650=DIRECTION('',(0.,0.,1.));
#12651=DIRECTION('',(1.,0.,0.));
#12652=CARTESIAN_POINT('',(-8.,-18.4,3.2));
#12653=CARTESIAN_POINT('',(-10.4,-16.,3.2));
#12654=AXIS2_PLACEMENT_3D('',#12655,#12656,#12657);
#12655=CARTESIAN_POINT('',(-8.,-16.,3.2));
#12656=DIRECTION('',(0.,0.,1.));
#12657=DIRECTION('',(0.,-1.,0.));
#12658=AXIS2_PLACEMENT_3D('',#12659,#12660,#12661);
#12659=CARTESIAN_POINT('',(-8.,-16.,3.2));
#12660=DIRECTION('',(0.,0.,1.));
#12661=DIRECTION('',(-1.,0.,0.));
#12662=CARTESIAN_POINT('',(-20.8,8.,-2.4));
#12663=CARTESIAN_POINT('',(-20.8,5.6,-2.939152E-16));
#12664=AXIS2_PLACEMENT_3D('',#12665,#12666,#12667);
#12665=CARTESIAN_POINT('',(-20.8,8.,0.));
#12666=DIRECTION('',(1.,0.,0.));
#12667=DIRECTION('',(0.,0.,-1.));
#12668=AXIS2_PLACEMENT_3D('',#12669,#12670,#12671);
#12669=CARTESIAN_POINT('',(-20.8,8.,0.));
#12670=DIRECTION('',(1.,0.,0.));
#12671=DIRECTION('',(0.,-1.,1.22464679914735E-16));
#12672=CARTESIAN_POINT('',(-27.2,4.8,-3.91886975727153E-16));
#12673=AXIS2_PLACEMENT_3D('',#12674,#12675,#12676);
#12674=CARTESIAN_POINT('',(-27.2,8.,0.));
#12675=DIRECTION('',(-1.,0.,0.));
#12676=DIRECTION('',(0.,-1.,0.));
#12677=CARTESIAN_POINT('',(-27.2,8.,-2.4));
#12678=CARTESIAN_POINT('',(-27.2,10.4,-2.939152E-16));
#12679=AXIS2_PLACEMENT_3D('',#12680,#12681,#12682);
#12680=CARTESIAN_POINT('',(-27.2,8.,0.));
#12681=DIRECTION('',(-1.,0.,0.));
#12682=DIRECTION('',(0.,0.,-1.));
#12683=AXIS2_PLACEMENT_3D('',#12684,#12685,#12686);
#12684=CARTESIAN_POINT('',(-27.2,8.,0.));
#12685=DIRECTION('',(-1.,0.,0.));
#12686=DIRECTION('',(0.,1.,1.22464679914735E-16));
#12687=CARTESIAN_POINT('',(-12.8,-19.2,-3.91886975727153E-16));
#12688=AXIS2_PLACEMENT_3D('',#12689,#12690,#12691);
#12689=CARTESIAN_POINT('',(-16.,-19.2,0.));
#12690=DIRECTION('',(0.,-1.,0.));
#12691=DIRECTION('',(1.,0.,0.));
#12692=CARTESIAN_POINT('',(-18.4,-19.2,1.95943487863577E-16));
#12693=AXIS2_PLACEMENT_3D('',#12694,#12695,#12696);
#12694=CARTESIAN_POINT('',(-16.,-19.2,0.));
#12695=DIRECTION('',(0.,-1.,0.));
#12696=DIRECTION('',(-1.,0.,1.22464679914735E-16));
#12697=CARTESIAN_POINT('',(-24.,-12.8,3.2));
#12698=CARTESIAN_POINT('',(-21.7372583002031,-13.737258300203,3.2));
#12699=AXIS2_PLACEMENT_3D('',#12700,#12701,#12702);
#12700=CARTESIAN_POINT('',(-24.,-16.,3.2));
#12701=DIRECTION('',(0.,0.,1.));
#12702=DIRECTION('',(0.,1.,0.));
#12703=AXIS2_PLACEMENT_3D('',#12704,#12705,#12706);
#12704=CARTESIAN_POINT('',(-24.,-16.,3.2));
#12705=DIRECTION('',(0.,0.,1.));
#12706=DIRECTION('',(0.707106781186548,0.707106781186547,0.));
#12707=CARTESIAN_POINT('',(26.4,2.38117617995813,2.7));
#12708=CARTESIAN_POINT('',(28.,2.38117617995813,2.7));
#12709=VECTOR('',#12710,1.);
#12710=DIRECTION('',(-1.,0.,0.));
#12711=CARTESIAN_POINT('',(26.4,2.38117617995813,-2.7));
#12712=CARTESIAN_POINT('',(26.4,2.38117617995813,-2.7));
#12713=VECTOR('',#12714,1.);
#12714=DIRECTION('',(1.,0.,0.));
#12715=AXIS2_PLACEMENT_3D('',#12716,#12717,#12718);
#12716=CARTESIAN_POINT('',(26.4,0.,0.));
#12717=DIRECTION('',(-1.,0.,0.));
#12718=DIRECTION('',(0.,0.661437827766148,0.75));
#12719=CARTESIAN_POINT('',(26.4,-2.38117617995813,2.7));
#12720=CARTESIAN_POINT('',(26.4,-2.38117617995813,2.7));
#12721=VECTOR('',#12722,1.);
#12722=DIRECTION('',(1.,0.,0.));
#12723=CARTESIAN_POINT('',(26.4,-2.38117617995813,-2.7));
#12724=AXIS2_PLACEMENT_3D('',#12725,#12726,#12727);
#12725=CARTESIAN_POINT('',(26.4,0.,0.));
#12726=DIRECTION('',(-1.,0.,0.));
#12727=DIRECTION('',(0.,-0.661437827766147,-0.75));
#12728=CARTESIAN_POINT('',(28.,-2.38117617995813,-2.7));
#12729=VECTOR('',#12730,1.);
#12730=DIRECTION('',(-1.,0.,0.));
#12731=CARTESIAN_POINT('',(26.4,5.61882382004187,2.7));
#12732=CARTESIAN_POINT('',(26.4,5.61882382004187,2.7));
#12733=VECTOR('',#12734,1.);
#12734=DIRECTION('',(1.,0.,0.));
#12735=CARTESIAN_POINT('',(26.4,5.61882382004187,-2.7));
#12736=AXIS2_PLACEMENT_3D('',#12737,#12738,#12739);
#12737=CARTESIAN_POINT('',(26.4,8.,0.));
#12738=DIRECTION('',(-1.,0.,0.));
#12739=DIRECTION('',(0.,-0.661437827766147,-0.75));
#12740=CARTESIAN_POINT('',(28.,5.61882382004187,-2.7));
#12741=VECTOR('',#12742,1.);
#12742=DIRECTION('',(-1.,0.,0.));
#12743=CARTESIAN_POINT('',(26.4,-5.61882382004187,-2.7));
#12744=CARTESIAN_POINT('',(26.4,-5.61882382004187,-2.7));
#12745=VECTOR('',#12746,1.);
#12746=DIRECTION('',(1.,0.,0.));
#12747=CARTESIAN_POINT('',(26.4,-5.61882382004187,2.7));
#12748=AXIS2_PLACEMENT_3D('',#12749,#12750,#12751);
#12749=CARTESIAN_POINT('',(26.4,-8.,0.));
#12750=DIRECTION('',(-1.,0.,0.));
#12751=DIRECTION('',(0.,0.661437827766148,0.75));
#12752=CARTESIAN_POINT('',(28.,-5.61882382004187,2.7));
#12753=VECTOR('',#12754,1.);
#12754=DIRECTION('',(-1.,0.,0.));
#12755=CARTESIAN_POINT('',(26.4,5.61882382004187,-2.7));
#12756=VECTOR('',#12757,1.);
#12757=DIRECTION('',(0.,-1.,0.));
#12758=CARTESIAN_POINT('',(26.4,2.38117617995813,2.7));
#12759=VECTOR('',#12760,1.);
#12760=DIRECTION('',(0.,1.,0.));
#12761=CARTESIAN_POINT('',(-26.4,2.38117617995813,-2.7));
#12762=CARTESIAN_POINT('',(-28.,2.38117617995813,-2.7));
#12763=VECTOR('',#12764,1.);
#12764=DIRECTION('',(1.,0.,0.));
#12765=CARTESIAN_POINT('',(-26.4,2.38117617995813,2.7));
#12766=CARTESIAN_POINT('',(-26.4,2.38117617995813,2.7));
#12767=VECTOR('',#12768,1.);
#12768=DIRECTION('',(-1.,0.,0.));
#12769=AXIS2_PLACEMENT_3D('',#12770,#12771,#12772);
#12770=CARTESIAN_POINT('',(-26.4,0.,0.));
#12771=DIRECTION('',(1.,0.,0.));
#12772=DIRECTION('',(0.,0.661437827766148,-0.75));
#12773=CARTESIAN_POINT('',(-26.4,-2.38117617995813,-2.7));
#12774=CARTESIAN_POINT('',(-26.4,-2.38117617995813,-2.7));
#12775=VECTOR('',#12776,1.);
#12776=DIRECTION('',(-1.,0.,0.));
#12777=CARTESIAN_POINT('',(-26.4,-2.38117617995813,2.7));
#12778=AXIS2_PLACEMENT_3D('',#12779,#12780,#12781);
#12779=CARTESIAN_POINT('',(-26.4,0.,0.));
#12780=DIRECTION('',(1.,0.,0.));
#12781=DIRECTION('',(0.,-0.661437827766147,0.75));
#12782=CARTESIAN_POINT('',(-28.,-2.38117617995813,2.7));
#12783=VECTOR('',#12784,1.);
#12784=DIRECTION('',(1.,0.,0.));
#12785=CARTESIAN_POINT('',(-26.4,5.61882382004187,-2.7));
#12786=CARTESIAN_POINT('',(-26.4,5.61882382004187,-2.7));
#12787=VECTOR('',#12788,1.);
#12788=DIRECTION('',(-1.,0.,0.));
#12789=CARTESIAN_POINT('',(-26.4,5.61882382004187,2.7));
#12790=AXIS2_PLACEMENT_3D('',#12791,#12792,#12793);
#12791=CARTESIAN_POINT('',(-26.4,8.,0.));
#12792=DIRECTION('',(1.,0.,0.));
#12793=DIRECTION('',(0.,-0.661437827766147,0.75));
#12794=CARTESIAN_POINT('',(-28.,5.61882382004187,2.7));
#12795=VECTOR('',#12796,1.);
#12796=DIRECTION('',(1.,0.,0.));
#12797=CARTESIAN_POINT('',(-26.4,-5.61882382004187,2.7));
#12798=CARTESIAN_POINT('',(-26.4,-5.61882382004187,2.7));
#12799=VECTOR('',#12800,1.);
#12800=DIRECTION('',(-1.,0.,0.));
#12801=CARTESIAN_POINT('',(-26.4,-5.61882382004187,-2.7));
#12802=AXIS2_PLACEMENT_3D('',#12803,#12804,#12805);
#12803=CARTESIAN_POINT('',(-26.4,-8.,0.));
#12804=DIRECTION('',(1.,0.,0.));
#12805=DIRECTION('',(0.,0.661437827766148,-0.75));
#12806=CARTESIAN_POINT('',(-28.,-5.61882382004187,-2.7));
#12807=VECTOR('',#12808,1.);
#12808=DIRECTION('',(1.,0.,0.));
#12809=CARTESIAN_POINT('',(-26.4,5.61882382004187,2.7));
#12810=VECTOR('',#12811,1.);
#12811=DIRECTION('',(0.,-1.,0.));
#12812=CARTESIAN_POINT('',(-26.4,2.38117617995813,-2.7));
#12813=VECTOR('',#12814,1.);
#12814=DIRECTION('',(0.,1.,0.));
#12815=CARTESIAN_POINT('',(26.4,-5.61882382004187,2.7));
#12816=VECTOR('',#12817,1.);
#12817=DIRECTION('',(0.,1.,0.));
#12818=CARTESIAN_POINT('',(26.4,-2.38117617995813,-2.7));
#12819=VECTOR('',#12820,1.);
#12820=DIRECTION('',(0.,-1.,0.));
#12821=CARTESIAN_POINT('',(-26.4,-5.61882382004187,-2.7));
#12822=VECTOR('',#12823,1.);
#12823=DIRECTION('',(0.,1.,0.));
#12824=CARTESIAN_POINT('',(-26.4,-2.38117617995813,2.7));
#12825=VECTOR('',#12826,1.);
#12826=DIRECTION('',(0.,-1.,0.));
#12827=CARTESIAN_POINT('',(-19.5099857549569,13.1,-0.8));
#12828=CARTESIAN_POINT('',(-12.4900142450432,13.1,-0.8));
#12829=AXIS2_PLACEMENT_3D('',#12830,#12831,#12832);
#12830=CARTESIAN_POINT('',(-16.,13.1,0.));
#12831=DIRECTION('',(0.,-1.,0.));
#12832=DIRECTION('',(-0.974996043043569,0.,-0.222222222222222));
#12833=CARTESIAN_POINT('',(-19.5099857549569,18.9,-0.8));
#12834=CARTESIAN_POINT('',(-19.5099857549569,18.9,-0.8));
#12835=VECTOR('',#12836,1.);
#12836=DIRECTION('',(0.,-1.,0.));
#12837=CARTESIAN_POINT('',(-12.4900142450432,18.9,-0.8));
#12838=AXIS2_PLACEMENT_3D('',#12839,#12840,#12841);
#12839=CARTESIAN_POINT('',(-16.,18.9,0.));
#12840=DIRECTION('',(0.,1.,0.));
#12841=DIRECTION('',(0.974996043043569,0.,-0.222222222222222));
#12842=CARTESIAN_POINT('',(-12.4900142450432,13.1,-0.8));
#12843=VECTOR('',#12844,1.);
#12844=DIRECTION('',(0.,1.,0.));
#12845=CARTESIAN_POINT('',(-12.4900142450432,13.1,0.8));
#12846=CARTESIAN_POINT('',(-19.5099857549569,13.1,0.8));
#12847=AXIS2_PLACEMENT_3D('',#12848,#12849,#12850);
#12848=CARTESIAN_POINT('',(-16.,13.1,0.));
#12849=DIRECTION('',(0.,-1.,0.));
#12850=DIRECTION('',(0.974996043043569,0.,0.222222222222222));
#12851=CARTESIAN_POINT('',(-12.4900142450432,18.9,0.8));
#12852=CARTESIAN_POINT('',(-12.4900142450432,18.9,0.800000000000001));
#12853=VECTOR('',#12854,1.);
#12854=DIRECTION('',(0.,-1.,0.));
#12855=CARTESIAN_POINT('',(-19.5099857549569,18.9,0.8));
#12856=AXIS2_PLACEMENT_3D('',#12857,#12858,#12859);
#12857=CARTESIAN_POINT('',(-16.,18.9,0.));
#12858=DIRECTION('',(0.,1.,0.));
#12859=DIRECTION('',(-0.974996043043569,0.,0.222222222222222));
#12860=CARTESIAN_POINT('',(-19.5099857549569,13.1,0.799999999999999));
#12861=VECTOR('',#12862,1.);
#12862=DIRECTION('',(0.,1.,0.));
#12863=CARTESIAN_POINT('',(12.4900142450432,13.1,-0.8));
#12864=CARTESIAN_POINT('',(19.5099857549569,13.1,-0.8));
#12865=AXIS2_PLACEMENT_3D('',#12866,#12867,#12868);
#12866=CARTESIAN_POINT('',(16.,13.1,0.));
#12867=DIRECTION('',(0.,-1.,0.));
#12868=DIRECTION('',(-0.974996043043569,0.,-0.222222222222222));
#12869=CARTESIAN_POINT('',(12.4900142450432,18.9,-0.8));
#12870=CARTESIAN_POINT('',(12.4900142450432,18.9,-0.8));
#12871=VECTOR('',#12872,1.);
#12872=DIRECTION('',(0.,-1.,0.));
#12873=CARTESIAN_POINT('',(19.5099857549569,18.9,-0.8));
#12874=AXIS2_PLACEMENT_3D('',#12875,#12876,#12877);
#12875=CARTESIAN_POINT('',(16.,18.9,0.));
#12876=DIRECTION('',(0.,1.,0.));
#12877=DIRECTION('',(0.974996043043569,0.,-0.222222222222222));
#12878=CARTESIAN_POINT('',(19.5099857549569,13.1,-0.8));
#12879=VECTOR('',#12880,1.);
#12880=DIRECTION('',(0.,1.,0.));
#12881=CARTESIAN_POINT('',(19.5099857549569,13.1,0.8));
#12882=CARTESIAN_POINT('',(12.4900142450432,13.1,0.8));
#12883=AXIS2_PLACEMENT_3D('',#12884,#12885,#12886);
#12884=CARTESIAN_POINT('',(16.,13.1,0.));
#12885=DIRECTION('',(0.,-1.,0.));
#12886=DIRECTION('',(0.974996043043569,0.,0.222222222222222));
#12887=CARTESIAN_POINT('',(19.5099857549569,18.9,0.8));
#12888=CARTESIAN_POINT('',(19.5099857549569,18.9,0.800000000000001));
#12889=VECTOR('',#12890,1.);
#12890=DIRECTION('',(0.,-1.,0.));
#12891=CARTESIAN_POINT('',(12.4900142450432,18.9,0.8));
#12892=AXIS2_PLACEMENT_3D('',#12893,#12894,#12895);
#12893=CARTESIAN_POINT('',(16.,18.9,0.));
#12894=DIRECTION('',(0.,1.,0.));
#12895=DIRECTION('',(-0.974996043043569,0.,0.222222222222222));
#12896=CARTESIAN_POINT('',(12.4900142450432,13.1,0.8));
#12897=VECTOR('',#12898,1.);
#12898=DIRECTION('',(0.,1.,0.));
#12899=CARTESIAN_POINT('',(-3.50998575495685,13.1,-0.8));
#12900=CARTESIAN_POINT('',(3.50998575495685,13.1,-0.8));
#12901=AXIS2_PLACEMENT_3D('',#12902,#12903,#12904);
#12902=CARTESIAN_POINT('',(0.,13.1,0.));
#12903=DIRECTION('',(0.,-1.,0.));
#12904=DIRECTION('',(-0.974996043043569,0.,-0.222222222222222));
#12905=CARTESIAN_POINT('',(-3.50998575495685,18.9,-0.8));
#12906=CARTESIAN_POINT('',(-3.50998575495685,18.9,-0.8));
#12907=VECTOR('',#12908,1.);
#12908=DIRECTION('',(0.,-1.,0.));
#12909=CARTESIAN_POINT('',(3.50998575495685,18.9,-0.8));
#12910=AXIS2_PLACEMENT_3D('',#12911,#12912,#12913);
#12911=CARTESIAN_POINT('',(0.,18.9,0.));
#12912=DIRECTION('',(0.,1.,0.));
#12913=DIRECTION('',(0.974996043043569,0.,-0.222222222222222));
#12914=CARTESIAN_POINT('',(3.50998575495685,13.1,-0.8));
#12915=VECTOR('',#12916,1.);
#12916=DIRECTION('',(0.,1.,0.));
#12917=CARTESIAN_POINT('',(3.50998575495685,13.1,0.8));
#12918=CARTESIAN_POINT('',(-3.50998575495685,13.1,0.8));
#12919=AXIS2_PLACEMENT_3D('',#12920,#12921,#12922);
#12920=CARTESIAN_POINT('',(0.,13.1,0.));
#12921=DIRECTION('',(0.,-1.,0.));
#12922=DIRECTION('',(0.974996043043569,0.,0.222222222222222));
#12923=CARTESIAN_POINT('',(3.50998575495685,18.9,0.8));
#12924=CARTESIAN_POINT('',(3.50998575495685,18.9,0.800000000000001));
#12925=VECTOR('',#12926,1.);
#12926=DIRECTION('',(0.,-1.,0.));
#12927=CARTESIAN_POINT('',(-3.50998575495685,18.9,0.8));
#12928=AXIS2_PLACEMENT_3D('',#12929,#12930,#12931);
#12929=CARTESIAN_POINT('',(0.,18.9,0.));
#12930=DIRECTION('',(0.,1.,0.));
#12931=DIRECTION('',(-0.974996043043569,0.,0.222222222222222));
#12932=CARTESIAN_POINT('',(-3.50998575495685,13.1,0.8));
#12933=VECTOR('',#12934,1.);
#12934=DIRECTION('',(0.,1.,0.));
#12935=CARTESIAN_POINT('',(-10.7549954627912,18.9,0.8));
#12936=CARTESIAN_POINT('',(-12.4900142450432,18.9,0.8));
#12937=VECTOR('',#12938,1.);
#12938=DIRECTION('',(1.,0.,0.));
#12939=CARTESIAN_POINT('',(-10.7549954627912,18.9,4.));
#12940=VECTOR('',#12941,1.);
#12941=DIRECTION('',(0.,0.,-1.));
#12942=CARTESIAN_POINT('',(-21.2450045372088,18.9,0.8));
#12943=CARTESIAN_POINT('',(-21.2450045372088,18.9,0.8));
#12944=VECTOR('',#12945,1.);
#12945=DIRECTION('',(0.,0.,1.));
#12946=CARTESIAN_POINT('',(-21.2450045372088,18.9,0.8));
#12947=VECTOR('',#12948,1.);
#12948=DIRECTION('',(1.,0.,0.));
#12949=CARTESIAN_POINT('',(-10.7549954627912,13.1,0.8));
#12950=CARTESIAN_POINT('',(-10.7549954627912,13.1,0.8));
#12951=VECTOR('',#12952,1.);
#12952=DIRECTION('',(-1.,0.,0.));
#12953=AXIS2_PLACEMENT_3D('',#12954,#12955,#12956);
#12954=CARTESIAN_POINT('',(-8.,16.,0.8));
#12955=DIRECTION('',(0.,0.,1.));
#12956=DIRECTION('',(-0.688748865697796,0.725,0.));
#12957=CARTESIAN_POINT('',(-21.2450045372088,18.9,-0.8));
#12958=CARTESIAN_POINT('',(-19.5099857549569,18.9,-0.8));
#12959=VECTOR('',#12960,1.);
#12960=DIRECTION('',(-1.,0.,0.));
#12961=CARTESIAN_POINT('',(-21.2450045372088,18.9,-4.));
#12962=CARTESIAN_POINT('',(-21.2450045372088,18.9,-4.));
#12963=VECTOR('',#12964,1.);
#12964=DIRECTION('',(0.,0.,1.));
#12965=CARTESIAN_POINT('',(-10.7549954627912,18.9,-4.));
#12966=CARTESIAN_POINT('',(-10.7549954627912,18.9,-4.));
#12967=VECTOR('',#12968,1.);
#12968=DIRECTION('',(-1.,0.,0.));
#12969=CARTESIAN_POINT('',(-10.7549954627912,18.9,-0.8));
#12970=CARTESIAN_POINT('',(-10.7549954627912,18.9,-0.8));
#12971=VECTOR('',#12972,1.);
#12972=DIRECTION('',(0.,0.,-1.));
#12973=CARTESIAN_POINT('',(-10.7549954627912,18.9,-0.8));
#12974=VECTOR('',#12975,1.);
#12975=DIRECTION('',(-1.,0.,0.));
#12976=CARTESIAN_POINT('',(-21.2450045372088,13.1,-0.8));
#12977=CARTESIAN_POINT('',(-21.2450045372088,13.1,-0.8));
#12978=VECTOR('',#12979,1.);
#12979=DIRECTION('',(1.,0.,0.));
#12980=AXIS2_PLACEMENT_3D('',#12981,#12982,#12983);
#12981=CARTESIAN_POINT('',(-24.,16.,-0.8));
#12982=DIRECTION('',(0.,0.,-1.));
#12983=DIRECTION('',(0.688748865697797,0.724999999999999,0.));
#12984=CARTESIAN_POINT('',(21.2450045372088,18.9,0.8));
#12985=CARTESIAN_POINT('',(19.5099857549569,18.9,0.8));
#12986=VECTOR('',#12987,1.);
#12987=DIRECTION('',(1.,0.,0.));
#12988=CARTESIAN_POINT('',(21.2450045372088,18.9,4.));
#12989=VECTOR('',#12990,1.);
#12990=DIRECTION('',(0.,0.,-1.));
#12991=CARTESIAN_POINT('',(10.7549954627912,18.9,0.8));
#12992=CARTESIAN_POINT('',(10.7549954627912,18.9,0.8));
#12993=VECTOR('',#12994,1.);
#12994=DIRECTION('',(0.,0.,1.));
#12995=CARTESIAN_POINT('',(10.7549954627912,18.9,0.8));
#12996=VECTOR('',#12997,1.);
#12997=DIRECTION('',(1.,0.,0.));
#12998=CARTESIAN_POINT('',(21.2450045372088,13.1,0.8));
#12999=CARTESIAN_POINT('',(21.2450045372088,13.1,0.8));
#13000=VECTOR('',#13001,1.);
#13001=DIRECTION('',(-1.,0.,0.));
#13002=AXIS2_PLACEMENT_3D('',#13003,#13004,#13005);
#13003=CARTESIAN_POINT('',(24.,16.,0.8));
#13004=DIRECTION('',(0.,0.,1.));
#13005=DIRECTION('',(-0.688748865697796,0.725,0.));
#13006=CARTESIAN_POINT('',(10.7549954627912,18.9,-0.8));
#13007=CARTESIAN_POINT('',(12.4900142450432,18.9,-0.8));
#13008=VECTOR('',#13009,1.);
#13009=DIRECTION('',(-1.,0.,0.));
#13010=CARTESIAN_POINT('',(10.7549954627912,18.9,-4.));
#13011=CARTESIAN_POINT('',(10.7549954627912,18.9,-4.));
#13012=VECTOR('',#13013,1.);
#13013=DIRECTION('',(0.,0.,1.));
#13014=CARTESIAN_POINT('',(21.2450045372088,18.9,-4.));
#13015=CARTESIAN_POINT('',(21.2450045372088,18.9,-4.));
#13016=VECTOR('',#13017,1.);
#13017=DIRECTION('',(-1.,0.,0.));
#13018=CARTESIAN_POINT('',(21.2450045372088,18.9,-0.8));
#13019=CARTESIAN_POINT('',(21.2450045372088,18.9,-0.8));
#13020=VECTOR('',#13021,1.);
#13021=DIRECTION('',(0.,0.,-1.));
#13022=CARTESIAN_POINT('',(21.2450045372088,18.9,-0.8));
#13023=VECTOR('',#13024,1.);
#13024=DIRECTION('',(-1.,0.,0.));
#13025=CARTESIAN_POINT('',(10.7549954627912,13.1,-0.8));
#13026=CARTESIAN_POINT('',(10.7549954627912,13.1,-0.8));
#13027=VECTOR('',#13028,1.);
#13028=DIRECTION('',(1.,0.,0.));
#13029=AXIS2_PLACEMENT_3D('',#13030,#13031,#13032);
#13030=CARTESIAN_POINT('',(8.,16.,-0.8));
#13031=DIRECTION('',(0.,0.,-1.));
#13032=DIRECTION('',(0.688748865697796,0.725,0.));
#13033=CARTESIAN_POINT('',(5.24500453720881,18.9,0.8));
#13034=CARTESIAN_POINT('',(3.50998575495685,18.9,0.8));
#13035=VECTOR('',#13036,1.);
#13036=DIRECTION('',(1.,0.,0.));
#13037=CARTESIAN_POINT('',(5.24500453720882,18.9,4.));
#13038=VECTOR('',#13039,1.);
#13039=DIRECTION('',(0.,0.,-1.));
#13040=CARTESIAN_POINT('',(-5.24500453720882,18.9,0.8));
#13041=CARTESIAN_POINT('',(-5.24500453720882,18.9,0.8));
#13042=VECTOR('',#13043,1.);
#13043=DIRECTION('',(0.,0.,1.));
#13044=CARTESIAN_POINT('',(-5.24500453720882,18.9,0.8));
#13045=VECTOR('',#13046,1.);
#13046=DIRECTION('',(1.,0.,0.));
#13047=CARTESIAN_POINT('',(5.24500453720882,13.1,0.8));
#13048=CARTESIAN_POINT('',(5.24500453720882,13.1,0.8));
#13049=VECTOR('',#13050,1.);
#13050=DIRECTION('',(-1.,0.,0.));
#13051=AXIS2_PLACEMENT_3D('',#13052,#13053,#13054);
#13052=CARTESIAN_POINT('',(8.,16.,0.8));
#13053=DIRECTION('',(0.,0.,1.));
#13054=DIRECTION('',(-0.688748865697796,0.725,0.));
#13055=CARTESIAN_POINT('',(-5.24500453720882,18.9,-0.8));
#13056=CARTESIAN_POINT('',(-3.50998575495685,18.9,-0.8));
#13057=VECTOR('',#13058,1.);
#13058=DIRECTION('',(-1.,0.,0.));
#13059=CARTESIAN_POINT('',(-5.24500453720882,18.9,-4.));
#13060=CARTESIAN_POINT('',(-5.24500453720882,18.9,-4.));
#13061=VECTOR('',#13062,1.);
#13062=DIRECTION('',(0.,0.,1.));
#13063=CARTESIAN_POINT('',(5.24500453720881,18.9,-4.));
#13064=CARTESIAN_POINT('',(5.24500453720881,18.9,-4.));
#13065=VECTOR('',#13066,1.);
#13066=DIRECTION('',(-1.,0.,0.));
#13067=CARTESIAN_POINT('',(5.24500453720881,18.9,-0.8));
#13068=CARTESIAN_POINT('',(5.24500453720881,18.9,-0.8));
#13069=VECTOR('',#13070,1.);
#13070=DIRECTION('',(0.,0.,-1.));
#13071=CARTESIAN_POINT('',(5.24500453720881,18.9,-0.8));
#13072=VECTOR('',#13073,1.);
#13073=DIRECTION('',(-1.,0.,0.));
#13074=CARTESIAN_POINT('',(-5.24500453720882,13.1,-0.8));
#13075=CARTESIAN_POINT('',(-5.24500453720882,13.1,-0.8));
#13076=VECTOR('',#13077,1.);
#13077=DIRECTION('',(1.,0.,0.));
#13078=AXIS2_PLACEMENT_3D('',#13079,#13080,#13081);
#13079=CARTESIAN_POINT('',(-8.,16.,-0.8));
#13080=DIRECTION('',(0.,0.,-1.));
#13081=DIRECTION('',(0.688748865697796,0.725,0.));
#13082=CARTESIAN_POINT('',(10.7549954627912,-18.9,0.8));
#13083=CARTESIAN_POINT('',(10.7549954627912,-13.1,0.8));
#13084=AXIS2_PLACEMENT_3D('',#13085,#13086,#13087);
#13085=CARTESIAN_POINT('',(8.,-16.,0.8));
#13086=DIRECTION('',(0.,0.,1.));
#13087=DIRECTION('',(0.688748865697794,-0.725000000000001,0.));
#13088=CARTESIAN_POINT('',(10.7549954627912,-13.1,0.8));
#13089=VECTOR('',#13090,1.);
#13090=DIRECTION('',(0.,0.,1.));
#13091=CARTESIAN_POINT('',(10.7549954627912,-18.9,0.8));
#13092=VECTOR('',#13093,1.);
#13093=DIRECTION('',(0.,0.,1.));
#13094=CARTESIAN_POINT('',(5.24500453720881,-13.1,0.8));
#13095=CARTESIAN_POINT('',(5.24500453720881,-18.9,0.8));
#13096=AXIS2_PLACEMENT_3D('',#13097,#13098,#13099);
#13097=CARTESIAN_POINT('',(8.,-16.,0.8));
#13098=DIRECTION('',(0.,0.,1.));
#13099=DIRECTION('',(-0.688748865697796,0.724999999999999,0.));
#13100=CARTESIAN_POINT('',(5.24500453720881,-18.9,0.8));
#13101=VECTOR('',#13102,1.);
#13102=DIRECTION('',(0.,0.,1.));
#13103=CARTESIAN_POINT('',(5.24500453720881,-13.1,0.8));
#13104=VECTOR('',#13105,1.);
#13105=DIRECTION('',(0.,0.,1.));
#13106=CARTESIAN_POINT('',(-5.24500453720882,-18.9,0.8));
#13107=CARTESIAN_POINT('',(-5.24500453720881,-13.1,0.8));
#13108=AXIS2_PLACEMENT_3D('',#13109,#13110,#13111);
#13109=CARTESIAN_POINT('',(-8.,-16.,0.8));
#13110=DIRECTION('',(0.,0.,1.));
#13111=DIRECTION('',(0.688748865697795,-0.725000000000001,0.));
#13112=CARTESIAN_POINT('',(-5.24500453720881,-13.1,0.8));
#13113=VECTOR('',#13114,1.);
#13114=DIRECTION('',(0.,0.,1.));
#13115=CARTESIAN_POINT('',(-5.24500453720882,-18.9,4.));
#13116=VECTOR('',#13117,1.);
#13117=DIRECTION('',(0.,0.,-1.));
#13118=CARTESIAN_POINT('',(-10.7549954627912,-13.1,0.8));
#13119=CARTESIAN_POINT('',(-10.7549954627912,-18.9,0.8));
#13120=AXIS2_PLACEMENT_3D('',#13121,#13122,#13123);
#13121=CARTESIAN_POINT('',(-8.,-16.,0.8));
#13122=DIRECTION('',(0.,0.,1.));
#13123=DIRECTION('',(-0.688748865697796,0.725,0.));
#13124=CARTESIAN_POINT('',(-10.7549954627912,-18.9,0.8));
#13125=VECTOR('',#13126,1.);
#13126=DIRECTION('',(0.,0.,1.));
#13127=CARTESIAN_POINT('',(-10.7549954627912,-13.1,0.8));
#13128=VECTOR('',#13129,1.);
#13129=DIRECTION('',(0.,0.,1.));
#13130=CARTESIAN_POINT('',(5.24500453720882,13.1,0.8));
#13131=VECTOR('',#13132,1.);
#13132=DIRECTION('',(0.,0.,1.));
#13133=CARTESIAN_POINT('',(5.24500453720882,13.1,-4.));
#13134=AXIS2_PLACEMENT_3D('',#13135,#13136,#13137);
#13135=CARTESIAN_POINT('',(8.,16.,-4.));
#13136=DIRECTION('',(0.,0.,1.));
#13137=DIRECTION('',(-0.688748865697796,0.725,0.));
#13138=CARTESIAN_POINT('',(-5.24500453720882,13.1,-4.));
#13139=AXIS2_PLACEMENT_3D('',#13140,#13141,#13142);
#13140=CARTESIAN_POINT('',(-8.,16.,-4.));
#13141=DIRECTION('',(0.,0.,1.));
#13142=DIRECTION('',(0.688748865697795,-0.725000000000001,0.));
#13143=CARTESIAN_POINT('',(-5.24500453720882,13.1,-4.));
#13144=VECTOR('',#13145,1.);
#13145=DIRECTION('',(1.,0.,0.));
#13146=CARTESIAN_POINT('',(-10.7549954627912,13.1,-4.));
#13147=AXIS2_PLACEMENT_3D('',#13148,#13149,#13150);
#13148=CARTESIAN_POINT('',(-8.,16.,-4.));
#13149=DIRECTION('',(0.,0.,1.));
#13150=DIRECTION('',(-0.688748865697796,0.725,0.));
#13151=CARTESIAN_POINT('',(-21.2450045372088,13.1,-4.));
#13152=AXIS2_PLACEMENT_3D('',#13153,#13154,#13155);
#13153=CARTESIAN_POINT('',(-24.,16.,-4.));
#13154=DIRECTION('',(0.,0.,1.));
#13155=DIRECTION('',(0.688748865697795,-0.725000000000001,0.));
#13156=CARTESIAN_POINT('',(-21.2450045372088,13.1,-4.));
#13157=VECTOR('',#13158,1.);
#13158=DIRECTION('',(1.,0.,0.));
#13159=CARTESIAN_POINT('',(10.7549954627912,13.1,-4.));
#13160=CARTESIAN_POINT('',(21.2450045372088,13.1,-4.));
#13161=CARTESIAN_POINT('',(10.7549954627912,13.1,-4.));
#13162=VECTOR('',#13163,1.);
#13163=DIRECTION('',(1.,0.,0.));
#13164=AXIS2_PLACEMENT_3D('',#13165,#13166,#13167);
#13165=CARTESIAN_POINT('',(24.,16.,-4.));
#13166=DIRECTION('',(0.,0.,1.));
#13167=DIRECTION('',(-0.688748865697796,0.725,0.));
#13168=AXIS2_PLACEMENT_3D('',#13169,#13170,#13171);
#13169=CARTESIAN_POINT('',(8.,16.,-4.));
#13170=DIRECTION('',(0.,0.,1.));
#13171=DIRECTION('',(0.688748865697795,-0.725000000000001,0.));
#13172=CARTESIAN_POINT('',(21.2450045372088,13.1,0.8));
#13173=VECTOR('',#13174,1.);
#13174=DIRECTION('',(0.,0.,1.));
#13175=CARTESIAN_POINT('',(-10.7549954627912,13.1,0.8));
#13176=VECTOR('',#13177,1.);
#13177=DIRECTION('',(0.,0.,1.));
#13178=CARTESIAN_POINT('',(10.7549954627912,13.1,0.8));
#13179=AXIS2_PLACEMENT_3D('',#13180,#13181,#13182);
#13180=CARTESIAN_POINT('',(8.,16.,0.8));
#13181=DIRECTION('',(0.,0.,1.));
#13182=DIRECTION('',(0.688748865697795,-0.725000000000001,0.));
#13183=CARTESIAN_POINT('',(10.7549954627912,13.1,4.));
#13184=VECTOR('',#13185,1.);
#13185=DIRECTION('',(0.,0.,-1.));
#13186=CARTESIAN_POINT('',(-5.24500453720882,13.1,0.8));
#13187=AXIS2_PLACEMENT_3D('',#13188,#13189,#13190);
#13188=CARTESIAN_POINT('',(-8.,16.,0.8));
#13189=DIRECTION('',(0.,0.,1.));
#13190=DIRECTION('',(0.688748865697795,-0.725000000000001,0.));
#13191=CARTESIAN_POINT('',(-5.24500453720882,13.1,4.));
#13192=VECTOR('',#13193,1.);
#13193=DIRECTION('',(0.,0.,-1.));
#13194=CARTESIAN_POINT('',(-21.2450045372088,13.1,0.8));
#13195=AXIS2_PLACEMENT_3D('',#13196,#13197,#13198);
#13196=CARTESIAN_POINT('',(-24.,16.,0.8));
#13197=DIRECTION('',(0.,0.,1.));
#13198=DIRECTION('',(0.688748865697795,-0.725000000000001,0.));
#13199=CARTESIAN_POINT('',(-21.2450045372088,13.1,4.));
#13200=VECTOR('',#13201,1.);
#13201=DIRECTION('',(0.,0.,-1.));
#13202=CARTESIAN_POINT('',(-10.7549954627912,-18.9,-0.8));
#13203=CARTESIAN_POINT('',(-10.7549954627912,-13.1,-0.8));
#13204=AXIS2_PLACEMENT_3D('',#13205,#13206,#13207);
#13205=CARTESIAN_POINT('',(-8.,-16.,-0.8));
#13206=DIRECTION('',(0.,0.,-1.));
#13207=DIRECTION('',(-0.688748865697796,-0.725,0.));
#13208=CARTESIAN_POINT('',(-10.7549954627912,-13.1,-4.));
#13209=VECTOR('',#13210,1.);
#13210=DIRECTION('',(0.,0.,1.));
#13211=CARTESIAN_POINT('',(-10.7549954627912,-18.9,-4.));
#13212=VECTOR('',#13213,1.);
#13213=DIRECTION('',(0.,0.,1.));
#13214=CARTESIAN_POINT('',(-21.2450045372088,-18.9,0.8));
#13215=CARTESIAN_POINT('',(-21.2450045372088,-13.1,0.8));
#13216=AXIS2_PLACEMENT_3D('',#13217,#13218,#13219);
#13217=CARTESIAN_POINT('',(-24.,-16.,0.8));
#13218=DIRECTION('',(0.,0.,1.));
#13219=DIRECTION('',(0.688748865697795,-0.725,0.));
#13220=CARTESIAN_POINT('',(-21.2450045372088,-13.1,4.));
#13221=VECTOR('',#13222,1.);
#13222=DIRECTION('',(0.,0.,-1.));
#13223=CARTESIAN_POINT('',(-21.2450045372088,-18.9,0.8));
#13224=VECTOR('',#13225,1.);
#13225=DIRECTION('',(0.,0.,1.));
#13226=CARTESIAN_POINT('',(-21.2450045372088,-13.1,-0.8));
#13227=CARTESIAN_POINT('',(-21.2450045372088,-18.9,-0.8));
#13228=AXIS2_PLACEMENT_3D('',#13229,#13230,#13231);
#13229=CARTESIAN_POINT('',(-24.,-16.,-0.8));
#13230=DIRECTION('',(0.,0.,-1.));
#13231=DIRECTION('',(0.688748865697796,0.725,0.));
#13232=CARTESIAN_POINT('',(-21.2450045372088,-18.9,-4.));
#13233=VECTOR('',#13234,1.);
#13234=DIRECTION('',(0.,0.,1.));
#13235=CARTESIAN_POINT('',(-21.2450045372088,-13.1,-0.8));
#13236=VECTOR('',#13237,1.);
#13237=DIRECTION('',(0.,0.,-1.));
#13238=CARTESIAN_POINT('',(-5.24500453720881,-13.1,-0.8));
#13239=CARTESIAN_POINT('',(-5.24500453720882,-18.9,-0.8));
#13240=AXIS2_PLACEMENT_3D('',#13241,#13242,#13243);
#13241=CARTESIAN_POINT('',(-8.,-16.,-0.8));
#13242=DIRECTION('',(0.,0.,-1.));
#13243=DIRECTION('',(0.688748865697796,0.724999999999999,0.));
#13244=CARTESIAN_POINT('',(-5.24500453720882,-18.9,-0.8));
#13245=VECTOR('',#13246,1.);
#13246=DIRECTION('',(0.,0.,-1.));
#13247=CARTESIAN_POINT('',(-5.24500453720881,-13.1,-4.));
#13248=VECTOR('',#13249,1.);
#13249=DIRECTION('',(0.,0.,1.));
#13250=CARTESIAN_POINT('',(5.24500453720881,-18.9,-0.8));
#13251=CARTESIAN_POINT('',(5.24500453720881,-13.1,-0.8));
#13252=AXIS2_PLACEMENT_3D('',#13253,#13254,#13255);
#13253=CARTESIAN_POINT('',(8.,-16.,-0.8));
#13254=DIRECTION('',(0.,0.,-1.));
#13255=DIRECTION('',(-0.688748865697796,-0.724999999999999,0.));
#13256=CARTESIAN_POINT('',(5.24500453720881,-13.1,-4.));
#13257=VECTOR('',#13258,1.);
#13258=DIRECTION('',(0.,0.,1.));
#13259=CARTESIAN_POINT('',(5.24500453720881,-18.9,-4.));
#13260=VECTOR('',#13261,1.);
#13261=DIRECTION('',(0.,0.,1.));
#13262=CARTESIAN_POINT('',(3.50998575495685,-18.9,0.8));
#13263=CARTESIAN_POINT('',(-3.50998575495685,-18.9,0.8));
#13264=AXIS2_PLACEMENT_3D('',#13265,#13266,#13267);
#13265=CARTESIAN_POINT('',(0.,-18.9,0.));
#13266=DIRECTION('',(0.,-1.,0.));
#13267=DIRECTION('',(0.974996043043569,0.,0.222222222222222));
#13268=CARTESIAN_POINT('',(-3.50998575495685,-18.9,0.8));
#13269=VECTOR('',#13270,1.);
#13270=DIRECTION('',(-1.,0.,0.));
#13271=CARTESIAN_POINT('',(5.24500453720881,-18.9,0.8));
#13272=VECTOR('',#13273,1.);
#13273=DIRECTION('',(-1.,0.,0.));
#13274=CARTESIAN_POINT('',(-3.50998575495685,-18.9,-0.8));
#13275=CARTESIAN_POINT('',(3.50998575495685,-18.9,-0.8));
#13276=AXIS2_PLACEMENT_3D('',#13277,#13278,#13279);
#13277=CARTESIAN_POINT('',(0.,-18.9,0.));
#13278=DIRECTION('',(0.,-1.,0.));
#13279=DIRECTION('',(-0.974996043043569,0.,-0.222222222222222));
#13280=CARTESIAN_POINT('',(3.50998575495685,-18.9,-0.8));
#13281=VECTOR('',#13282,1.);
#13282=DIRECTION('',(1.,0.,0.));
#13283=CARTESIAN_POINT('',(-5.24500453720882,-18.9,-0.8));
#13284=VECTOR('',#13285,1.);
#13285=DIRECTION('',(1.,0.,0.));
#13286=CARTESIAN_POINT('',(10.7549954627912,-13.1,-0.8));
#13287=CARTESIAN_POINT('',(10.7549954627912,-18.9,-0.8));
#13288=AXIS2_PLACEMENT_3D('',#13289,#13290,#13291);
#13289=CARTESIAN_POINT('',(8.,-16.,-0.8));
#13290=DIRECTION('',(0.,0.,-1.));
#13291=DIRECTION('',(0.688748865697796,0.724999999999999,0.));
#13292=CARTESIAN_POINT('',(10.7549954627912,-18.9,-4.));
#13293=VECTOR('',#13294,1.);
#13294=DIRECTION('',(0.,0.,1.));
#13295=CARTESIAN_POINT('',(10.7549954627912,-13.1,-4.));
#13296=VECTOR('',#13297,1.);
#13297=DIRECTION('',(0.,0.,1.));
#13298=CARTESIAN_POINT('',(21.2450045372088,-13.1,0.8));
#13299=CARTESIAN_POINT('',(21.2450045372088,-18.9,0.8));
#13300=AXIS2_PLACEMENT_3D('',#13301,#13302,#13303);
#13301=CARTESIAN_POINT('',(24.,-16.,0.8));
#13302=DIRECTION('',(0.,0.,1.));
#13303=DIRECTION('',(-0.688748865697797,0.724999999999999,0.));
#13304=CARTESIAN_POINT('',(21.2450045372088,-18.9,4.));
#13305=VECTOR('',#13306,1.);
#13306=DIRECTION('',(0.,0.,-1.));
#13307=CARTESIAN_POINT('',(21.2450045372088,-13.1,0.8));
#13308=VECTOR('',#13309,1.);
#13309=DIRECTION('',(0.,0.,1.));
#13310=CARTESIAN_POINT('',(21.2450045372088,-18.9,-0.8));
#13311=CARTESIAN_POINT('',(21.2450045372088,-13.1,-0.8));
#13312=AXIS2_PLACEMENT_3D('',#13313,#13314,#13315);
#13313=CARTESIAN_POINT('',(24.,-16.,-0.8));
#13314=DIRECTION('',(0.,0.,-1.));
#13315=DIRECTION('',(-0.688748865697797,-0.724999999999999,0.));
#13316=CARTESIAN_POINT('',(21.2450045372088,-13.1,-4.));
#13317=VECTOR('',#13318,1.);
#13318=DIRECTION('',(0.,0.,1.));
#13319=CARTESIAN_POINT('',(21.2450045372088,-18.9,-0.8));
#13320=VECTOR('',#13321,1.);
#13321=DIRECTION('',(0.,0.,-1.));
#13322=CARTESIAN_POINT('',(-21.2450045372088,13.1,-0.8));
#13323=VECTOR('',#13324,1.);
#13324=DIRECTION('',(0.,0.,-1.));
#13325=CARTESIAN_POINT('',(-19.5099857549569,13.1,0.8));
#13326=VECTOR('',#13327,1.);
#13327=DIRECTION('',(-1.,0.,0.));
#13328=CARTESIAN_POINT('',(-10.7549954627912,13.1,-0.8));
#13329=CARTESIAN_POINT('',(-12.4900142450432,13.1,-0.8));
#13330=VECTOR('',#13331,1.);
#13331=DIRECTION('',(1.,0.,0.));
#13332=CARTESIAN_POINT('',(-10.7549954627912,13.1,-4.));
#13333=VECTOR('',#13334,1.);
#13334=DIRECTION('',(0.,0.,1.));
#13335=AXIS2_PLACEMENT_3D('',#13336,#13337,#13338);
#13336=CARTESIAN_POINT('',(-8.,16.,-0.8));
#13337=DIRECTION('',(0.,0.,-1.));
#13338=DIRECTION('',(-0.688748865697795,-0.725000000000001,0.));
#13339=CARTESIAN_POINT('',(-5.24500453720882,13.1,-0.8));
#13340=VECTOR('',#13341,1.);
#13341=DIRECTION('',(0.,0.,-1.));
#13342=CARTESIAN_POINT('',(-3.50998575495685,13.1,0.8));
#13343=VECTOR('',#13344,1.);
#13344=DIRECTION('',(-1.,0.,0.));
#13345=CARTESIAN_POINT('',(5.24500453720882,13.1,-0.8));
#13346=CARTESIAN_POINT('',(3.50998575495685,13.1,-0.8));
#13347=VECTOR('',#13348,1.);
#13348=DIRECTION('',(1.,0.,0.));
#13349=CARTESIAN_POINT('',(5.24500453720882,13.1,-4.));
#13350=VECTOR('',#13351,1.);
#13351=DIRECTION('',(0.,0.,1.));
#13352=AXIS2_PLACEMENT_3D('',#13353,#13354,#13355);
#13353=CARTESIAN_POINT('',(8.,16.,-0.8));
#13354=DIRECTION('',(0.,0.,-1.));
#13355=DIRECTION('',(-0.688748865697795,-0.725000000000001,0.));
#13356=CARTESIAN_POINT('',(10.7549954627912,13.1,-0.8));
#13357=VECTOR('',#13358,1.);
#13358=DIRECTION('',(0.,0.,-1.));
#13359=CARTESIAN_POINT('',(12.4900142450432,13.1,0.8));
#13360=VECTOR('',#13361,1.);
#13361=DIRECTION('',(-1.,0.,0.));
#13362=CARTESIAN_POINT('',(21.2450045372088,13.1,-0.8));
#13363=CARTESIAN_POINT('',(19.5099857549569,13.1,-0.8));
#13364=VECTOR('',#13365,1.);
#13365=DIRECTION('',(1.,0.,0.));
#13366=CARTESIAN_POINT('',(21.2450045372088,13.1,-4.));
#13367=VECTOR('',#13368,1.);
#13368=DIRECTION('',(0.,0.,1.));
#13369=AXIS2_PLACEMENT_3D('',#13370,#13371,#13372);
#13370=CARTESIAN_POINT('',(24.,16.,-0.8));
#13371=DIRECTION('',(0.,0.,-1.));
#13372=DIRECTION('',(-0.688748865697795,-0.725000000000001,0.));
#13373=CARTESIAN_POINT('',(-3.50998575495685,-13.1,0.8));
#13374=CARTESIAN_POINT('',(-3.50998575495685,-18.9,0.8));
#13375=VECTOR('',#13376,1.);
#13376=DIRECTION('',(0.,1.,0.));
#13377=CARTESIAN_POINT('',(-5.24500453720881,-13.1,0.8));
#13378=VECTOR('',#13379,1.);
#13379=DIRECTION('',(1.,0.,0.));
#13380=CARTESIAN_POINT('',(3.50998575495685,-13.1,0.8));
#13381=CARTESIAN_POINT('',(3.50998575495685,-13.1,0.8));
#13382=VECTOR('',#13383,1.);
#13383=DIRECTION('',(0.,-1.,0.));
#13384=CARTESIAN_POINT('',(3.50998575495685,-13.1,0.8));
#13385=VECTOR('',#13386,1.);
#13386=DIRECTION('',(1.,0.,0.));
#13387=AXIS2_PLACEMENT_3D('',#13388,#13389,#13390);
#13388=CARTESIAN_POINT('',(0.,-13.1,0.));
#13389=DIRECTION('',(0.,1.,0.));
#13390=DIRECTION('',(-0.974996043043569,0.,0.222222222222222));
#13391=CARTESIAN_POINT('',(3.50998575495685,-13.1,-0.8));
#13392=CARTESIAN_POINT('',(3.50998575495685,-18.9,-0.800000000000001));
#13393=VECTOR('',#13394,1.);
#13394=DIRECTION('',(0.,1.,0.));
#13395=CARTESIAN_POINT('',(5.24500453720881,-13.1,-0.8));
#13396=VECTOR('',#13397,1.);
#13397=DIRECTION('',(-1.,0.,0.));
#13398=CARTESIAN_POINT('',(-3.50998575495685,-13.1,-0.8));
#13399=CARTESIAN_POINT('',(-3.50998575495685,-13.1,-0.8));
#13400=VECTOR('',#13401,1.);
#13401=DIRECTION('',(0.,-1.,0.));
#13402=CARTESIAN_POINT('',(-3.50998575495685,-13.1,-0.8));
#13403=VECTOR('',#13404,1.);
#13404=DIRECTION('',(-1.,0.,0.));
#13405=AXIS2_PLACEMENT_3D('',#13406,#13407,#13408);
#13406=CARTESIAN_POINT('',(0.,-13.1,0.));
#13407=DIRECTION('',(0.,1.,0.));
#13408=DIRECTION('',(0.974996043043569,0.,-0.222222222222222));
#13409=CARTESIAN_POINT('',(-19.5099857549569,-18.9,0.8));
#13410=CARTESIAN_POINT('',(-19.5099857549569,-13.1,0.8));
#13411=CARTESIAN_POINT('',(-19.5099857549569,-18.9,0.8));
#13412=VECTOR('',#13413,1.);
#13413=DIRECTION('',(0.,1.,0.));
#13414=CARTESIAN_POINT('',(-21.2450045372088,-13.1,0.8));
#13415=VECTOR('',#13416,1.);
#13416=DIRECTION('',(1.,0.,0.));
#13417=CARTESIAN_POINT('',(-19.5099857549569,-18.9,0.8));
#13418=VECTOR('',#13419,1.);
#13419=DIRECTION('',(-1.,0.,0.));
#13420=CARTESIAN_POINT('',(-12.4900142450432,-13.1,0.8));
#13421=CARTESIAN_POINT('',(-12.4900142450432,-18.9,0.8));
#13422=CARTESIAN_POINT('',(-12.4900142450432,-13.1,0.8));
#13423=VECTOR('',#13424,1.);
#13424=DIRECTION('',(0.,-1.,0.));
#13425=CARTESIAN_POINT('',(-10.7549954627912,-18.9,0.8));
#13426=VECTOR('',#13427,1.);
#13427=DIRECTION('',(-1.,0.,0.));
#13428=CARTESIAN_POINT('',(-12.4900142450432,-13.1,0.8));
#13429=VECTOR('',#13430,1.);
#13430=DIRECTION('',(1.,0.,0.));
#13431=AXIS2_PLACEMENT_3D('',#13432,#13433,#13434);
#13432=CARTESIAN_POINT('',(-16.,-13.1,0.));
#13433=DIRECTION('',(0.,1.,0.));
#13434=DIRECTION('',(-0.974996043043569,0.,0.222222222222222));
#13435=AXIS2_PLACEMENT_3D('',#13436,#13437,#13438);
#13436=CARTESIAN_POINT('',(-16.,-18.9,0.));
#13437=DIRECTION('',(0.,-1.,0.));
#13438=DIRECTION('',(0.974996043043569,0.,0.222222222222222));
#13439=CARTESIAN_POINT('',(-12.4900142450432,-18.9,-0.8));
#13440=CARTESIAN_POINT('',(-12.4900142450432,-13.1,-0.8));
#13441=CARTESIAN_POINT('',(-12.4900142450432,-18.9,-0.800000000000001));
#13442=VECTOR('',#13443,1.);
#13443=DIRECTION('',(0.,1.,0.));
#13444=CARTESIAN_POINT('',(-10.7549954627912,-13.1,-0.8));
#13445=VECTOR('',#13446,1.);
#13446=DIRECTION('',(-1.,0.,0.));
#13447=CARTESIAN_POINT('',(-12.4900142450432,-18.9,-0.8));
#13448=VECTOR('',#13449,1.);
#13449=DIRECTION('',(1.,0.,0.));
#13450=CARTESIAN_POINT('',(-19.5099857549569,-13.1,-0.8));
#13451=CARTESIAN_POINT('',(-19.5099857549569,-18.9,-0.8));
#13452=CARTESIAN_POINT('',(-19.5099857549569,-13.1,-0.799999999999999));
#13453=VECTOR('',#13454,1.);
#13454=DIRECTION('',(0.,-1.,0.));
#13455=CARTESIAN_POINT('',(-21.2450045372088,-18.9,-0.8));
#13456=VECTOR('',#13457,1.);
#13457=DIRECTION('',(1.,0.,0.));
#13458=CARTESIAN_POINT('',(-19.5099857549569,-13.1,-0.8));
#13459=VECTOR('',#13460,1.);
#13460=DIRECTION('',(-1.,0.,0.));
#13461=AXIS2_PLACEMENT_3D('',#13462,#13463,#13464);
#13462=CARTESIAN_POINT('',(-16.,-13.1,0.));
#13463=DIRECTION('',(0.,1.,0.));
#13464=DIRECTION('',(0.974996043043569,0.,-0.222222222222222));
#13465=AXIS2_PLACEMENT_3D('',#13466,#13467,#13468);
#13466=CARTESIAN_POINT('',(-16.,-18.9,0.));
#13467=DIRECTION('',(0.,-1.,0.));
#13468=DIRECTION('',(-0.974996043043569,0.,-0.222222222222222));
#13469=CARTESIAN_POINT('',(12.4900142450432,-18.9,0.8));
#13470=CARTESIAN_POINT('',(12.4900142450432,-13.1,0.8));
#13471=CARTESIAN_POINT('',(12.4900142450432,-18.9,0.8));
#13472=VECTOR('',#13473,1.);
#13473=DIRECTION('',(0.,1.,0.));
#13474=CARTESIAN_POINT('',(10.7549954627912,-13.1,0.8));
#13475=VECTOR('',#13476,1.);
#13476=DIRECTION('',(1.,0.,0.));
#13477=CARTESIAN_POINT('',(12.4900142450432,-18.9,0.8));
#13478=VECTOR('',#13479,1.);
#13479=DIRECTION('',(-1.,2.04765142322507E-15,0.));
#13480=CARTESIAN_POINT('',(19.5099857549569,-13.1,0.8));
#13481=CARTESIAN_POINT('',(19.5099857549569,-18.9,0.8));
#13482=CARTESIAN_POINT('',(19.5099857549569,-13.1,0.8));
#13483=VECTOR('',#13484,1.);
#13484=DIRECTION('',(0.,-1.,0.));
#13485=CARTESIAN_POINT('',(21.2450045372088,-18.9,0.8));
#13486=VECTOR('',#13487,1.);
#13487=DIRECTION('',(-1.,0.,0.));
#13488=CARTESIAN_POINT('',(19.5099857549569,-13.1,0.8));
#13489=VECTOR('',#13490,1.);
#13490=DIRECTION('',(1.,0.,0.));
#13491=AXIS2_PLACEMENT_3D('',#13492,#13493,#13494);
#13492=CARTESIAN_POINT('',(16.,-13.1,0.));
#13493=DIRECTION('',(0.,1.,0.));
#13494=DIRECTION('',(-0.974996043043569,0.,0.222222222222222));
#13495=AXIS2_PLACEMENT_3D('',#13496,#13497,#13498);
#13496=CARTESIAN_POINT('',(16.,-18.9,0.));
#13497=DIRECTION('',(0.,-1.,0.));
#13498=DIRECTION('',(0.974996043043569,0.,0.222222222222222));
#13499=CARTESIAN_POINT('',(19.5099857549569,-18.9,-0.8));
#13500=CARTESIAN_POINT('',(19.5099857549569,-13.1,-0.8));
#13501=CARTESIAN_POINT('',(19.5099857549569,-18.9,-0.800000000000001));
#13502=VECTOR('',#13503,1.);
#13503=DIRECTION('',(0.,1.,0.));
#13504=CARTESIAN_POINT('',(21.2450045372088,-13.1,-0.8));
#13505=VECTOR('',#13506,1.);
#13506=DIRECTION('',(-1.,0.,0.));
#13507=CARTESIAN_POINT('',(19.5099857549569,-18.9,-0.8));
#13508=VECTOR('',#13509,1.);
#13509=DIRECTION('',(1.,0.,0.));
#13510=CARTESIAN_POINT('',(12.4900142450432,-13.1,-0.8));
#13511=CARTESIAN_POINT('',(12.4900142450432,-18.9,-0.8));
#13512=CARTESIAN_POINT('',(12.4900142450432,-13.1,-0.8));
#13513=VECTOR('',#13514,1.);
#13514=DIRECTION('',(0.,-1.,0.));
#13515=CARTESIAN_POINT('',(10.7549954627912,-18.9,-0.8));
#13516=VECTOR('',#13517,1.);
#13517=DIRECTION('',(1.,0.,0.));
#13518=CARTESIAN_POINT('',(12.4900142450432,-13.1,-0.8));
#13519=VECTOR('',#13520,1.);
#13520=DIRECTION('',(-1.,0.,0.));
#13521=AXIS2_PLACEMENT_3D('',#13522,#13523,#13524);
#13522=CARTESIAN_POINT('',(16.,-13.1,0.));
#13523=DIRECTION('',(0.,1.,0.));
#13524=DIRECTION('',(0.974996043043569,0.,-0.222222222222222));
#13525=AXIS2_PLACEMENT_3D('',#13526,#13527,#13528);
#13526=CARTESIAN_POINT('',(16.,-18.9,0.));
#13527=DIRECTION('',(0.,-1.,0.));
#13528=DIRECTION('',(-0.974996043043569,0.,-0.222222222222222));
ENDSEC;
END-ISO-10303-21;
