ISO-10303-21;
HEADER;
FILE_DESCRIPTION(('STEP AP242'),
    '1');
FILE_NAME('Ронити МС - Движитель',
    '',
    ('UNSPECIFIED'),
    ('UNSPECIFIED'),
    'C3D Converter',
    'C3D Toolkit',
    '');
FILE_SCHEMA(('AP242_MANAGED_MODEL_BASED_3D_ENGINEERING_MIM_LF { 1 0 10303 442 1 1 4 }'));
ENDSEC;

DATA;
#1=PRODUCT_DEFINITION('','UNSPECIFIED',#15,#18);
#2=SHAPE_DEFINITION_REPRESENTATION(#13,#3);
#3=SHAPE_REPRESENTATION('NONE',(#4,#40,#109),#8);
#4=AXIS2_PLACEMENT_3D('',#5,#6,#7);
#5=CARTESIAN_POINT('',(0.,0.,0.));
#6=DIRECTION('',(0.,0.,1.));
#7=DIRECTION('',(1.,0.,0.));
#8=(GEOMETRIC_REPRESENTATION_CONTEXT(3)GLOBAL_UNCERTAINTY_ASSIGNED_CONTEXT((#10))
GLOBAL_UNIT_ASSIGNED_CONTEXT((#9,#11,#12))REPRESENTATION_CONTEXT('NONE','NONE'));
#9=(LENGTH_UNIT()NAMED_UNIT(*)SI_UNIT(.MILLI.,.METRE.));
#10=UNCERTAINTY_MEASURE_WITH_UNIT(LENGTH_MEASURE(1.E-5),#9,'NONE','NONE');
#11=(NAMED_UNIT(*)PLANE_ANGLE_UNIT()SI_UNIT($,.RADIAN.));
#12=(NAMED_UNIT(*)SI_UNIT($,.STERADIAN.)SOLID_ANGLE_UNIT());
#13=PRODUCT_DEFINITION_SHAPE('NONE','NONE',#1);
#14=MECHANICAL_CONTEXT('NONE',#19,'mechanical');
#15=PRODUCT_DEFINITION_FORMATION_WITH_SPECIFIED_SOURCE('ANY','UNSPECIFIED',#16,.NOT_KNOWN.);
#16=PRODUCT('\X2\0420043E043D043804420438\X0\ \X2\041C0421\X0\','\X2\0414043204380436043804420435043B044C\X0\',
'NONE',(#14));
#17=PRODUCT_RELATED_PRODUCT_CATEGORY('assembly','',(#16));
#18=DESIGN_CONTEXT('detailed design',#19,'design');
#19=APPLICATION_CONTEXT('configuration controlled 3d designs of mechanical parts and assemblies');
#20=APPLICATION_PROTOCOL_DEFINITION('international standard','config_control_design',
1994,#19);
#21=CC_DESIGN_DATE_AND_TIME_ASSIGNMENT(#22,#26,(#1));
#22=DATE_AND_TIME(#23,#24);
#23=CALENDAR_DATE(0,1,1);
#24=LOCAL_TIME(0,0,0.,#25);
#25=COORDINATED_UNIVERSAL_TIME_OFFSET(0,0,.AHEAD.);
#26=DATE_TIME_ROLE('creation_date');
#27=CC_DESIGN_APPROVAL(#28,(#1));
#28=APPROVAL(#29,'UNSPECIFIED');
#29=APPROVAL_STATUS('not_yet_approved');
#30=APPROVAL_DATE_TIME(#31,#28);
#31=DATE_AND_TIME(#32,#33);
#32=CALENDAR_DATE(0,1,1);
#33=LOCAL_TIME(0,0,0.,#34);
#34=COORDINATED_UNIVERSAL_TIME_OFFSET(0,0,.AHEAD.);
#35=PERSON('UNSPECIFIED','io','UNSPECIFIED',('UNSPECIFIED'),('UNSPECIFIED'),('UNSPECIFIED'));
#36=ORGANIZATION('UNSPECIFIED','UNSPECIFIED','UNSPECIFIED');
#37=PERSON_AND_ORGANIZATION(#35,#36);
#38=PERSON_AND_ORGANIZATION_ROLE('creator');
#39=CC_DESIGN_PERSON_AND_ORGANIZATION_ASSIGNMENT(#37,#38,(#15,#1));
#40=AXIS2_PLACEMENT_3D('',#41,#42,#43);
#41=CARTESIAN_POINT('',(1.,0.,-3.));
#42=DIRECTION('',(0.,0.,1.));
#43=DIRECTION('',(1.,0.,0.));
#44=PRODUCT_DEFINITION('','UNSPECIFIED',#62,#65);
#45=SHAPE_DEFINITION_REPRESENTATION(#60,#46);
#46=SHAPE_REPRESENTATION('NONE',(#4),#8);
#47=MANIFOLD_SOLID_BREP('',#48);
#48=CLOSED_SHELL('',(#177,#186,#187,#196,#205,#214,#223,#232,#241,#250,#259,#268,
#277,#286,#295,#304,#313,#322,#331,#332,#333,#334,#335,#336,#345,#354,#355,#356,
#357,#358,#359,#360,#361,#362,#363,#364,#365));
#49=COLOUR_RGB('',0.745098039215686,0.737254901960784,0.729411764705882);
#50=FILL_AREA_STYLE_COLOUR('',#49);
#51=FILL_AREA_STYLE($,(#50));
#52=SURFACE_STYLE_FILL_AREA(#51);
#53=SURFACE_SIDE_STYLE('',(#52));
#54=SURFACE_STYLE_USAGE(.BOTH.,#53);
#55=PRESENTATION_STYLE_ASSIGNMENT((#54));
#56=MECHANICAL_DESIGN_GEOMETRIC_PRESENTATION_REPRESENTATION('NONE',(#57,#125,#185,
#195,#204,#213,#222,#231,#240,#249,#258,#267,#276,#285,#294,#303,#312,#321,#330,
#344,#353,#373),#8);
#57=STYLED_ITEM('',(#55),#47);
#58=ADVANCED_BREP_SHAPE_REPRESENTATION('NONE',(#47),#8);
#59=SHAPE_REPRESENTATION_RELATIONSHIP('','',#46,#58);
#60=PRODUCT_DEFINITION_SHAPE('NONE','NONE',#44);
#61=MECHANICAL_CONTEXT('NONE',#66,'mechanical');
#62=PRODUCT_DEFINITION_FORMATION_WITH_SPECIFIED_SOURCE('ANY','UNSPECIFIED',#63,.NOT_KNOWN.);
#63=PRODUCT('JGA25-370 DC12V350RPM','JGA25-370 DC12V350RPM','NONE',(#61));
#64=PRODUCT_RELATED_PRODUCT_CATEGORY('detail','',(#63));
#65=DESIGN_CONTEXT('detailed design',#66,'design');
#66=APPLICATION_CONTEXT('configuration controlled 3d designs of mechanical parts and assemblies');
#67=APPLICATION_PROTOCOL_DEFINITION('international standard','config_control_design',
1994,#66);
#68=CC_DESIGN_DATE_AND_TIME_ASSIGNMENT(#69,#73,(#44));
#69=DATE_AND_TIME(#70,#71);
#70=CALENDAR_DATE(0,1,1);
#71=LOCAL_TIME(0,0,0.,#72);
#72=COORDINATED_UNIVERSAL_TIME_OFFSET(0,0,.AHEAD.);
#73=DATE_TIME_ROLE('creation_date');
#74=CC_DESIGN_APPROVAL(#75,(#44));
#75=APPROVAL(#76,'UNSPECIFIED');
#76=APPROVAL_STATUS('not_yet_approved');
#77=APPROVAL_DATE_TIME(#78,#75);
#78=DATE_AND_TIME(#79,#80);
#79=CALENDAR_DATE(0,1,1);
#80=LOCAL_TIME(0,0,0.,#81);
#81=COORDINATED_UNIVERSAL_TIME_OFFSET(0,0,.AHEAD.);
#82=PERSON('UNSPECIFIED','io','UNSPECIFIED',('UNSPECIFIED'),('UNSPECIFIED'),('UNSPECIFIED'));
#83=ORGANIZATION('UNSPECIFIED','UNSPECIFIED','UNSPECIFIED');
#84=PERSON_AND_ORGANIZATION(#82,#83);
#85=PERSON_AND_ORGANIZATION_ROLE('creator');
#86=CC_DESIGN_PERSON_AND_ORGANIZATION_ASSIGNMENT(#84,#85,(#62,#44));
#87=ITEM_DEFINED_TRANSFORMATION('','',#4,#40);
#88=(REPRESENTATION_RELATIONSHIP('','',#46,#3)REPRESENTATION_RELATIONSHIP_WITH_TRANSFORMATION(
#87)SHAPE_REPRESENTATION_RELATIONSHIP());
#89=NEXT_ASSEMBLY_USAGE_OCCURRENCE('JGA25-370 DC12V350RPM','JGA25-370 DC12V350RPM',
'',#1,#44,'');
#90=CC_DESIGN_SECURITY_CLASSIFICATION(#91,(#89));
#91=SECURITY_CLASSIFICATION('','',#92);
#92=SECURITY_CLASSIFICATION_LEVEL('unclassified');
#93=CC_DESIGN_DATE_AND_TIME_ASSIGNMENT(#94,#98,(#91));
#94=DATE_AND_TIME(#95,#96);
#95=CALENDAR_DATE(0,1,1);
#96=LOCAL_TIME(0,0,0.,#97);
#97=COORDINATED_UNIVERSAL_TIME_OFFSET(0,0,.AHEAD.);
#98=DATE_TIME_ROLE('classification_date');
#99=CC_DESIGN_APPROVAL(#100,(#91));
#100=APPROVAL(#101,'UNSPECIFIED');
#101=APPROVAL_STATUS('not_yet_approved');
#102=APPROVAL_DATE_TIME(#103,#100);
#103=DATE_AND_TIME(#104,#105);
#104=CALENDAR_DATE(0,1,1);
#105=LOCAL_TIME(0,0,0.,#106);
#106=COORDINATED_UNIVERSAL_TIME_OFFSET(0,0,.AHEAD.);
#107=PRODUCT_DEFINITION_SHAPE('NONE','NONE',#89);
#108=CONTEXT_DEPENDENT_SHAPE_REPRESENTATION(#88,#107);
#109=AXIS2_PLACEMENT_3D('',#110,#111,#112);
#110=CARTESIAN_POINT('',(0.999999999999993,-1.24344978758018E-14,22.575));
#111=DIRECTION('',(0.,1.,9.49410759657493E-16));
#112=DIRECTION('',(1.,0.,0.));
#113=PRODUCT_DEFINITION('','UNSPECIFIED',#130,#133);
#114=SHAPE_DEFINITION_REPRESENTATION(#128,#115);
#115=SHAPE_REPRESENTATION('NONE',(#4),#8);
#116=MANIFOLD_SOLID_BREP('',#117);
#117=CLOSED_SHELL('',(#374,#375,#376,#377,#378,#379,#380,#381,#382,#383,#384,#385,
#386,#387,#388,#389,#390,#391,#392,#393,#394,#395,#396,#397,#398,#399,#400,#401,
#402,#403,#404,#405,#406,#407,#408,#409,#410,#411,#412,#413,#414,#415));
#118=COLOUR_RGB('',0.792156862745098,0.819607843137255,0.933333333333333);
#119=FILL_AREA_STYLE_COLOUR('',#118);
#120=FILL_AREA_STYLE($,(#119));
#121=SURFACE_STYLE_FILL_AREA(#120);
#122=SURFACE_SIDE_STYLE('',(#121));
#123=SURFACE_STYLE_USAGE(.BOTH.,#122);
#124=PRESENTATION_STYLE_ASSIGNMENT((#123));
#125=STYLED_ITEM('',(#124),#116);
#126=ADVANCED_BREP_SHAPE_REPRESENTATION('NONE',(#116),#8);
#127=SHAPE_REPRESENTATION_RELATIONSHIP('','',#115,#126);
#128=PRODUCT_DEFINITION_SHAPE('NONE','NONE',#113);
#129=MECHANICAL_CONTEXT('NONE',#134,'mechanical');
#130=PRODUCT_DEFINITION_FORMATION_WITH_SPECIFIED_SOURCE('ANY','UNSPECIFIED',#131,
.NOT_KNOWN.);
#131=PRODUCT('mounting_motor','mounting_motor','NONE',(#129));
#132=PRODUCT_RELATED_PRODUCT_CATEGORY('detail','',(#131));
#133=DESIGN_CONTEXT('detailed design',#134,'design');
#134=APPLICATION_CONTEXT('configuration controlled 3d designs of mechanical parts and assemblies');
#135=APPLICATION_PROTOCOL_DEFINITION('international standard','config_control_design',
1994,#134);
#136=CC_DESIGN_DATE_AND_TIME_ASSIGNMENT(#137,#141,(#113));
#137=DATE_AND_TIME(#138,#139);
#138=CALENDAR_DATE(0,1,1);
#139=LOCAL_TIME(0,0,0.,#140);
#140=COORDINATED_UNIVERSAL_TIME_OFFSET(0,0,.AHEAD.);
#141=DATE_TIME_ROLE('creation_date');
#142=CC_DESIGN_APPROVAL(#143,(#113));
#143=APPROVAL(#144,'UNSPECIFIED');
#144=APPROVAL_STATUS('not_yet_approved');
#145=APPROVAL_DATE_TIME(#146,#143);
#146=DATE_AND_TIME(#147,#148);
#147=CALENDAR_DATE(0,1,1);
#148=LOCAL_TIME(0,0,0.,#149);
#149=COORDINATED_UNIVERSAL_TIME_OFFSET(0,0,.AHEAD.);
#150=PERSON('UNSPECIFIED','io','UNSPECIFIED',('UNSPECIFIED'),('UNSPECIFIED'),('UNSPECIFIED'));
#151=ORGANIZATION('UNSPECIFIED','UNSPECIFIED','UNSPECIFIED');
#152=PERSON_AND_ORGANIZATION(#150,#151);
#153=PERSON_AND_ORGANIZATION_ROLE('creator');
#154=CC_DESIGN_PERSON_AND_ORGANIZATION_ASSIGNMENT(#152,#153,(#130,#113));
#155=ITEM_DEFINED_TRANSFORMATION('','',#4,#109);
#156=(REPRESENTATION_RELATIONSHIP('','',#115,#3)REPRESENTATION_RELATIONSHIP_WITH_TRANSFORMATION(
#155)SHAPE_REPRESENTATION_RELATIONSHIP());
#157=NEXT_ASSEMBLY_USAGE_OCCURRENCE('mounting_motor','mounting_motor','',#1,#113,
'');
#158=CC_DESIGN_SECURITY_CLASSIFICATION(#159,(#157));
#159=SECURITY_CLASSIFICATION('','',#160);
#160=SECURITY_CLASSIFICATION_LEVEL('unclassified');
#161=CC_DESIGN_DATE_AND_TIME_ASSIGNMENT(#162,#166,(#159));
#162=DATE_AND_TIME(#163,#164);
#163=CALENDAR_DATE(0,1,1);
#164=LOCAL_TIME(0,0,0.,#165);
#165=COORDINATED_UNIVERSAL_TIME_OFFSET(0,0,.AHEAD.);
#166=DATE_TIME_ROLE('classification_date');
#167=CC_DESIGN_APPROVAL(#168,(#159));
#168=APPROVAL(#169,'UNSPECIFIED');
#169=APPROVAL_STATUS('not_yet_approved');
#170=APPROVAL_DATE_TIME(#171,#168);
#171=DATE_AND_TIME(#172,#173);
#172=CALENDAR_DATE(0,1,1);
#173=LOCAL_TIME(0,0,0.,#174);
#174=COORDINATED_UNIVERSAL_TIME_OFFSET(0,0,.AHEAD.);
#175=PRODUCT_DEFINITION_SHAPE('NONE','NONE',#157);
#176=CONTEXT_DEPENDENT_SHAPE_REPRESENTATION(#156,#175);
#177=ADVANCED_FACE('',(#416,#418),#420,.F.);
#178=COLOUR_RGB('',0.282352941176471,0.27843137254902,0.23921568627451);
#179=FILL_AREA_STYLE_COLOUR('',#178);
#180=FILL_AREA_STYLE($,(#179));
#181=SURFACE_STYLE_FILL_AREA(#180);
#182=SURFACE_SIDE_STYLE('',(#181));
#183=SURFACE_STYLE_USAGE(.BOTH.,#182);
#184=PRESENTATION_STYLE_ASSIGNMENT((#183));
#185=STYLED_ITEM('',(#184),#177);
#186=ADVANCED_FACE('',(#425,#427),#429,.T.);
#187=ADVANCED_FACE('',(#434),#436,.T.);
#188=COLOUR_RGB('',0.96078431372549,0.96078431372549,0.96078431372549);
#189=FILL_AREA_STYLE_COLOUR('',#188);
#190=FILL_AREA_STYLE($,(#189));
#191=SURFACE_STYLE_FILL_AREA(#190);
#192=SURFACE_SIDE_STYLE('',(#191));
#193=SURFACE_STYLE_USAGE(.BOTH.,#192);
#194=PRESENTATION_STYLE_ASSIGNMENT((#193));
#195=STYLED_ITEM('',(#194),#187);
#196=ADVANCED_FACE('',(#441),#443,.T.);
#197=COLOUR_RGB('',0.949019607843137,0.949019607843137,1.);
#198=FILL_AREA_STYLE_COLOUR('',#197);
#199=FILL_AREA_STYLE($,(#198));
#200=SURFACE_STYLE_FILL_AREA(#199);
#201=SURFACE_SIDE_STYLE('',(#200));
#202=SURFACE_STYLE_USAGE(.BOTH.,#201);
#203=PRESENTATION_STYLE_ASSIGNMENT((#202));
#204=STYLED_ITEM('',(#203),#196);
#205=ADVANCED_FACE('',(#448),#450,.T.);
#206=COLOUR_RGB('',0.96078431372549,0.96078431372549,0.96078431372549);
#207=FILL_AREA_STYLE_COLOUR('',#206);
#208=FILL_AREA_STYLE($,(#207));
#209=SURFACE_STYLE_FILL_AREA(#208);
#210=SURFACE_SIDE_STYLE('',(#209));
#211=SURFACE_STYLE_USAGE(.BOTH.,#210);
#212=PRESENTATION_STYLE_ASSIGNMENT((#211));
#213=STYLED_ITEM('',(#212),#205);
#214=ADVANCED_FACE('',(#455),#457,.T.);
#215=COLOUR_RGB('',0.96078431372549,0.96078431372549,0.96078431372549);
#216=FILL_AREA_STYLE_COLOUR('',#215);
#217=FILL_AREA_STYLE($,(#216));
#218=SURFACE_STYLE_FILL_AREA(#217);
#219=SURFACE_SIDE_STYLE('',(#218));
#220=SURFACE_STYLE_USAGE(.BOTH.,#219);
#221=PRESENTATION_STYLE_ASSIGNMENT((#220));
#222=STYLED_ITEM('',(#221),#214);
#223=ADVANCED_FACE('',(#462),#464,.T.);
#224=COLOUR_RGB('',0.96078431372549,0.96078431372549,0.96078431372549);
#225=FILL_AREA_STYLE_COLOUR('',#224);
#226=FILL_AREA_STYLE($,(#225));
#227=SURFACE_STYLE_FILL_AREA(#226);
#228=SURFACE_SIDE_STYLE('',(#227));
#229=SURFACE_STYLE_USAGE(.BOTH.,#228);
#230=PRESENTATION_STYLE_ASSIGNMENT((#229));
#231=STYLED_ITEM('',(#230),#223);
#232=ADVANCED_FACE('',(#469),#471,.F.);
#233=COLOUR_RGB('',0.96078431372549,0.96078431372549,0.96078431372549);
#234=FILL_AREA_STYLE_COLOUR('',#233);
#235=FILL_AREA_STYLE($,(#234));
#236=SURFACE_STYLE_FILL_AREA(#235);
#237=SURFACE_SIDE_STYLE('',(#236));
#238=SURFACE_STYLE_USAGE(.BOTH.,#237);
#239=PRESENTATION_STYLE_ASSIGNMENT((#238));
#240=STYLED_ITEM('',(#239),#232);
#241=ADVANCED_FACE('',(#476),#478,.F.);
#242=COLOUR_RGB('',0.96078431372549,0.96078431372549,0.96078431372549);
#243=FILL_AREA_STYLE_COLOUR('',#242);
#244=FILL_AREA_STYLE($,(#243));
#245=SURFACE_STYLE_FILL_AREA(#244);
#246=SURFACE_SIDE_STYLE('',(#245));
#247=SURFACE_STYLE_USAGE(.BOTH.,#246);
#248=PRESENTATION_STYLE_ASSIGNMENT((#247));
#249=STYLED_ITEM('',(#248),#241);
#250=ADVANCED_FACE('',(#483),#485,.F.);
#251=COLOUR_RGB('',0.96078431372549,0.96078431372549,0.96078431372549);
#252=FILL_AREA_STYLE_COLOUR('',#251);
#253=FILL_AREA_STYLE($,(#252));
#254=SURFACE_STYLE_FILL_AREA(#253);
#255=SURFACE_SIDE_STYLE('',(#254));
#256=SURFACE_STYLE_USAGE(.BOTH.,#255);
#257=PRESENTATION_STYLE_ASSIGNMENT((#256));
#258=STYLED_ITEM('',(#257),#250);
#259=ADVANCED_FACE('',(#490),#492,.F.);
#260=COLOUR_RGB('',0.96078431372549,0.96078431372549,0.96078431372549);
#261=FILL_AREA_STYLE_COLOUR('',#260);
#262=FILL_AREA_STYLE($,(#261));
#263=SURFACE_STYLE_FILL_AREA(#262);
#264=SURFACE_SIDE_STYLE('',(#263));
#265=SURFACE_STYLE_USAGE(.BOTH.,#264);
#266=PRESENTATION_STYLE_ASSIGNMENT((#265));
#267=STYLED_ITEM('',(#266),#259);
#268=ADVANCED_FACE('',(#497),#499,.F.);
#269=COLOUR_RGB('',0.96078431372549,0.96078431372549,0.96078431372549);
#270=FILL_AREA_STYLE_COLOUR('',#269);
#271=FILL_AREA_STYLE($,(#270));
#272=SURFACE_STYLE_FILL_AREA(#271);
#273=SURFACE_SIDE_STYLE('',(#272));
#274=SURFACE_STYLE_USAGE(.BOTH.,#273);
#275=PRESENTATION_STYLE_ASSIGNMENT((#274));
#276=STYLED_ITEM('',(#275),#268);
#277=ADVANCED_FACE('',(#504),#506,.F.);
#278=COLOUR_RGB('',0.96078431372549,0.96078431372549,0.96078431372549);
#279=FILL_AREA_STYLE_COLOUR('',#278);
#280=FILL_AREA_STYLE($,(#279));
#281=SURFACE_STYLE_FILL_AREA(#280);
#282=SURFACE_SIDE_STYLE('',(#281));
#283=SURFACE_STYLE_USAGE(.BOTH.,#282);
#284=PRESENTATION_STYLE_ASSIGNMENT((#283));
#285=STYLED_ITEM('',(#284),#277);
#286=ADVANCED_FACE('',(#511),#513,.T.);
#287=COLOUR_RGB('',0.96078431372549,0.96078431372549,0.96078431372549);
#288=FILL_AREA_STYLE_COLOUR('',#287);
#289=FILL_AREA_STYLE($,(#288));
#290=SURFACE_STYLE_FILL_AREA(#289);
#291=SURFACE_SIDE_STYLE('',(#290));
#292=SURFACE_STYLE_USAGE(.BOTH.,#291);
#293=PRESENTATION_STYLE_ASSIGNMENT((#292));
#294=STYLED_ITEM('',(#293),#286);
#295=ADVANCED_FACE('',(#518),#520,.T.);
#296=COLOUR_RGB('',0.96078431372549,0.96078431372549,0.96078431372549);
#297=FILL_AREA_STYLE_COLOUR('',#296);
#298=FILL_AREA_STYLE($,(#297));
#299=SURFACE_STYLE_FILL_AREA(#298);
#300=SURFACE_SIDE_STYLE('',(#299));
#301=SURFACE_STYLE_USAGE(.BOTH.,#300);
#302=PRESENTATION_STYLE_ASSIGNMENT((#301));
#303=STYLED_ITEM('',(#302),#295);
#304=ADVANCED_FACE('',(#525),#527,.T.);
#305=COLOUR_RGB('',0.96078431372549,0.96078431372549,0.96078431372549);
#306=FILL_AREA_STYLE_COLOUR('',#305);
#307=FILL_AREA_STYLE($,(#306));
#308=SURFACE_STYLE_FILL_AREA(#307);
#309=SURFACE_SIDE_STYLE('',(#308));
#310=SURFACE_STYLE_USAGE(.BOTH.,#309);
#311=PRESENTATION_STYLE_ASSIGNMENT((#310));
#312=STYLED_ITEM('',(#311),#304);
#313=ADVANCED_FACE('',(#532),#534,.T.);
#314=COLOUR_RGB('',0.96078431372549,0.96078431372549,0.96078431372549);
#315=FILL_AREA_STYLE_COLOUR('',#314);
#316=FILL_AREA_STYLE($,(#315));
#317=SURFACE_STYLE_FILL_AREA(#316);
#318=SURFACE_SIDE_STYLE('',(#317));
#319=SURFACE_STYLE_USAGE(.BOTH.,#318);
#320=PRESENTATION_STYLE_ASSIGNMENT((#319));
#321=STYLED_ITEM('',(#320),#313);
#322=ADVANCED_FACE('',(#539),#541,.T.);
#323=COLOUR_RGB('',0.96078431372549,0.96078431372549,0.96078431372549);
#324=FILL_AREA_STYLE_COLOUR('',#323);
#325=FILL_AREA_STYLE($,(#324));
#326=SURFACE_STYLE_FILL_AREA(#325);
#327=SURFACE_SIDE_STYLE('',(#326));
#328=SURFACE_STYLE_USAGE(.BOTH.,#327);
#329=PRESENTATION_STYLE_ASSIGNMENT((#328));
#330=STYLED_ITEM('',(#329),#322);
#331=ADVANCED_FACE('',(#546),#548,.F.);
#332=ADVANCED_FACE('',(#553),#555,.T.);
#333=ADVANCED_FACE('',(#560,#562),#564,.T.);
#334=ADVANCED_FACE('',(#569,#571),#573,.T.);
#335=ADVANCED_FACE('',(#578),#580,.T.);
#336=ADVANCED_FACE('',(#585,#587),#589,.T.);
#337=COLOUR_RGB('',0.282352941176471,0.27843137254902,0.23921568627451);
#338=FILL_AREA_STYLE_COLOUR('',#337);
#339=FILL_AREA_STYLE($,(#338));
#340=SURFACE_STYLE_FILL_AREA(#339);
#341=SURFACE_SIDE_STYLE('',(#340));
#342=SURFACE_STYLE_USAGE(.BOTH.,#341);
#343=PRESENTATION_STYLE_ASSIGNMENT((#342));
#344=STYLED_ITEM('',(#343),#336);
#345=ADVANCED_FACE('',(#594,#596),#598,.T.);
#346=COLOUR_RGB('',0.282352941176471,0.27843137254902,0.23921568627451);
#347=FILL_AREA_STYLE_COLOUR('',#346);
#348=FILL_AREA_STYLE($,(#347));
#349=SURFACE_STYLE_FILL_AREA(#348);
#350=SURFACE_SIDE_STYLE('',(#349));
#351=SURFACE_STYLE_USAGE(.BOTH.,#350);
#352=PRESENTATION_STYLE_ASSIGNMENT((#351));
#353=STYLED_ITEM('',(#352),#345);
#354=ADVANCED_FACE('',(#603),#605,.F.);
#355=ADVANCED_FACE('',(#610,#612),#614,.F.);
#356=ADVANCED_FACE('',(#619),#621,.F.);
#357=ADVANCED_FACE('',(#626,#628),#630,.F.);
#358=ADVANCED_FACE('',(#635),#637,.T.);
#359=ADVANCED_FACE('',(#642,#644),#646,.T.);
#360=ADVANCED_FACE('',(#651,#653),#655,.T.);
#361=ADVANCED_FACE('',(#660,#662),#664,.T.);
#362=ADVANCED_FACE('',(#669,#671),#673,.T.);
#363=ADVANCED_FACE('',(#678,#680),#682,.T.);
#364=ADVANCED_FACE('',(#687,#689,#691,#693),#695,.T.);
#365=ADVANCED_FACE('',(#700,#702,#704,#706),#708,.T.);
#366=COLOUR_RGB('',0.8,0.,0.);
#367=FILL_AREA_STYLE_COLOUR('',#366);
#368=FILL_AREA_STYLE($,(#367));
#369=SURFACE_STYLE_FILL_AREA(#368);
#370=SURFACE_SIDE_STYLE('',(#369));
#371=SURFACE_STYLE_USAGE(.BOTH.,#370);
#372=PRESENTATION_STYLE_ASSIGNMENT((#371));
#373=STYLED_ITEM('',(#372),#365);
#374=ADVANCED_FACE('',(#713),#715,.F.);
#375=ADVANCED_FACE('',(#720,#722),#724,.F.);
#376=ADVANCED_FACE('',(#729,#731),#733,.F.);
#377=ADVANCED_FACE('',(#738,#740),#742,.F.);
#378=ADVANCED_FACE('',(#747,#749),#751,.F.);
#379=ADVANCED_FACE('',(#756,#758),#760,.F.);
#380=ADVANCED_FACE('',(#765,#767),#769,.F.);
#381=ADVANCED_FACE('',(#774,#776),#778,.F.);
#382=ADVANCED_FACE('',(#783,#785),#787,.F.);
#383=ADVANCED_FACE('',(#792,#794),#796,.F.);
#384=ADVANCED_FACE('',(#801,#803),#805,.F.);
#385=ADVANCED_FACE('',(#810,#812),#814,.F.);
#386=ADVANCED_FACE('',(#819,#821),#823,.F.);
#387=ADVANCED_FACE('',(#828,#830),#832,.F.);
#388=ADVANCED_FACE('',(#837,#839),#841,.F.);
#389=ADVANCED_FACE('',(#846),#848,.T.);
#390=ADVANCED_FACE('',(#853),#855,.T.);
#391=ADVANCED_FACE('',(#860,#862,#864,#866,#868,#870),#872,.T.);
#392=ADVANCED_FACE('',(#877,#879,#881,#883,#885,#887),#889,.F.);
#393=ADVANCED_FACE('',(#894),#896,.T.);
#394=ADVANCED_FACE('',(#901),#903,.T.);
#395=ADVANCED_FACE('',(#908),#910,.T.);
#396=ADVANCED_FACE('',(#915),#917,.F.);
#397=ADVANCED_FACE('',(#922),#924,.T.);
#398=ADVANCED_FACE('',(#929),#931,.F.);
#399=ADVANCED_FACE('',(#936,#938,#940),#942,.F.);
#400=ADVANCED_FACE('',(#947),#949,.T.);
#401=ADVANCED_FACE('',(#954),#956,.T.);
#402=ADVANCED_FACE('',(#961),#963,.T.);
#403=ADVANCED_FACE('',(#968),#970,.F.);
#404=ADVANCED_FACE('',(#975),#977,.F.);
#405=ADVANCED_FACE('',(#982),#984,.T.);
#406=ADVANCED_FACE('',(#989),#991,.T.);
#407=ADVANCED_FACE('',(#996),#998,.F.);
#408=ADVANCED_FACE('',(#1003),#1005,.F.);
#409=ADVANCED_FACE('',(#1010),#1012,.F.);
#410=ADVANCED_FACE('',(#1017),#1019,.T.);
#411=ADVANCED_FACE('',(#1140),#1142,.T.);
#412=ADVANCED_FACE('',(#1259),#1261,.T.);
#413=ADVANCED_FACE('',(#1266),#1268,.T.);
#414=ADVANCED_FACE('',(#1273),#1275,.T.);
#415=ADVANCED_FACE('',(#1280),#1282,.T.);
#416=FACE_BOUND('',#417,.T.);
#417=EDGE_LOOP('',(#1287));
#418=FACE_BOUND('',#419,.T.);
#419=EDGE_LOOP('',(#1288));
#420=PLANE('',#421);
#421=AXIS2_PLACEMENT_3D('',#422,#423,#424);
#422=CARTESIAN_POINT('',(0.,-0.999999999999981,-27.075));
#423=DIRECTION('',(0.,6.33841270068449E-16,-1.));
#424=DIRECTION('',(-1.,0.,0.));
#425=FACE_OUTER_BOUND('',#426,.T.);
#426=EDGE_LOOP('',(#1289));
#427=FACE_OUTER_BOUND('',#428,.T.);
#428=EDGE_LOOP('',(#1290));
#429=CYLINDRICAL_SURFACE('',#430,0.999999999999997);
#430=AXIS2_PLACEMENT_3D('',#431,#432,#433);
#431=CARTESIAN_POINT('',(0.,1.60185032973035E-14,-26.325));
#432=DIRECTION('',(0.,6.33841270068449E-16,-1.));
#433=DIRECTION('',(0.,-1.,-6.33841270068449E-16));
#434=FACE_BOUND('',#435,.T.);
#435=EDGE_LOOP('',(#1291,#1292,#1293,#1294,#1295));
#436=PLANE('',#437);
#437=AXIS2_PLACEMENT_3D('',#438,#439,#440);
#438=CARTESIAN_POINT('',(7.,-9.20999999999999,-25.575));
#439=DIRECTION('',(1.,-2.67523620391604E-16,-1.2638760978291E-31));
#440=DIRECTION('',(-2.67523620391604E-16,-1.,-6.12323399573677E-16));
#441=FACE_BOUND('',#442,.T.);
#442=EDGE_LOOP('',(#1296,#1297,#1298,#1299));
#443=PLANE('',#444);
#444=AXIS2_PLACEMENT_3D('',#445,#446,#447);
#445=CARTESIAN_POINT('',(-7.,-9.20999999999999,-25.575));
#446=DIRECTION('',(0.,1.,4.72435329627726E-16));
#447=DIRECTION('',(1.,0.,0.));
#448=FACE_BOUND('',#449,.T.);
#449=EDGE_LOOP('',(#1300,#1301,#1302,#1303,#1304));
#450=PLANE('',#451);
#451=AXIS2_PLACEMENT_3D('',#452,#453,#454);
#452=CARTESIAN_POINT('',(-7.,-17.51,-25.575));
#453=DIRECTION('',(-1.,-2.67523620391604E-16,-1.2638760978291E-31));
#454=DIRECTION('',(-2.67523620391604E-16,1.,6.12323399573677E-16));
#455=FACE_BOUND('',#456,.T.);
#456=EDGE_LOOP('',(#1305,#1306,#1307,#1308));
#457=PLANE('',#458);
#458=AXIS2_PLACEMENT_3D('',#459,#460,#461);
#459=CARTESIAN_POINT('',(7.,-17.51,-25.575));
#460=DIRECTION('',(0.,-1.,-4.72435329627726E-16));
#461=DIRECTION('',(-1.,0.,0.));
#462=FACE_BOUND('',#463,.T.);
#463=EDGE_LOOP('',(#1309,#1310,#1311,#1312));
#464=PLANE('',#465);
#465=AXIS2_PLACEMENT_3D('',#466,#467,#468);
#466=CARTESIAN_POINT('',(0.,-13.36,-30.275));
#467=DIRECTION('',(0.,4.72435329627726E-16,-1.));
#468=DIRECTION('',(-1.,0.,0.));
#469=FACE_BOUND('',#470,.T.);
#470=EDGE_LOOP('',(#1313,#1314,#1315,#1316,#1317));
#471=PLANE('',#472);
#472=AXIS2_PLACEMENT_3D('',#473,#474,#475);
#473=CARTESIAN_POINT('',(0.,-13.36,-25.575));
#474=DIRECTION('',(0.,6.12323399573677E-16,-1.));
#475=DIRECTION('',(-1.,0.,0.));
#476=FACE_BOUND('',#477,.T.);
#477=EDGE_LOOP('',(#1318,#1319,#1320,#1321));
#478=PLANE('',#479);
#479=AXIS2_PLACEMENT_3D('',#480,#481,#482);
#480=CARTESIAN_POINT('',(6.40831372302207,7.72955465905555,-25.575));
#481=DIRECTION('',(0.521797888765834,-0.853069143316952,-5.11944326760939E-16));
#482=DIRECTION('',(-0.853069143316952,-0.521797888765834,-3.19509057139463E-16));
#483=FACE_BOUND('',#484,.T.);
#484=EDGE_LOOP('',(#1322,#1323,#1324,#1325));
#485=PLANE('',#486);
#486=AXIS2_PLACEMENT_3D('',#487,#488,#489);
#487=CARTESIAN_POINT('',(9.8,2.18460522749536,-25.575));
#488=DIRECTION('',(-0.853069143316951,-0.521797888765835,-3.13141638004663E-16));
#489=DIRECTION('',(-0.521797888765835,0.853069143316951,5.2235419790724E-16));
#490=FACE_BOUND('',#491,.T.);
#491=EDGE_LOOP('',(#1326,#1327,#1328,#1329));
#492=PLANE('',#493);
#493=AXIS2_PLACEMENT_3D('',#494,#495,#496);
#494=CARTESIAN_POINT('',(8.0938617133661,1.14100944996369,-25.575));
#495=DIRECTION('',(-0.521797888765837,0.85306914331695,5.11944326760938E-16));
#496=DIRECTION('',(0.85306914331695,0.521797888765837,3.19509057139464E-16));
#497=FACE_BOUND('',#498,.T.);
#498=EDGE_LOOP('',(#1330,#1331,#1332,#1333));
#499=PLANE('',#500);
#500=AXIS2_PLACEMENT_3D('',#501,#502,#503);
#501=CARTESIAN_POINT('',(4.70217543638817,6.68595888152388,-25.575));
#502=DIRECTION('',(0.853069143316951,0.521797888765835,3.13141638004663E-16));
#503=DIRECTION('',(0.521797888765835,-0.853069143316951,-5.2235419790724E-16));
#504=FACE_BOUND('',#505,.T.);
#505=EDGE_LOOP('',(#1334,#1335,#1336,#1337));
#506=PLANE('',#507);
#507=AXIS2_PLACEMENT_3D('',#508,#509,#510);
#508=CARTESIAN_POINT('',(7.25108771819408,4.43528205450962,-29.275));
#509=DIRECTION('',(0.,-6.00120553851436E-16,1.));
#510=DIRECTION('',(1.,0.,0.));
#511=FACE_BOUND('',#512,.T.);
#512=EDGE_LOOP('',(#1338,#1339,#1340,#1341));
#513=PLANE('',#514);
#514=AXIS2_PLACEMENT_3D('',#515,#516,#517);
#515=CARTESIAN_POINT('',(-6.40831372302207,7.72955465905555,-25.575));
#516=DIRECTION('',(0.521797888765834,0.853069143316952,5.11944326760939E-16));
#517=DIRECTION('',(0.853069143316952,-0.521797888765834,-3.19509057139463E-16));
#518=FACE_BOUND('',#519,.T.);
#519=EDGE_LOOP('',(#1342,#1343,#1344,#1345));
#520=PLANE('',#521);
#521=AXIS2_PLACEMENT_3D('',#522,#523,#524);
#522=CARTESIAN_POINT('',(-9.8,2.18460522749536,-25.575));
#523=DIRECTION('',(-0.853069143316951,0.521797888765835,3.13141638004663E-16));
#524=DIRECTION('',(0.521797888765835,0.853069143316951,5.2235419790724E-16));
#525=FACE_BOUND('',#526,.T.);
#526=EDGE_LOOP('',(#1346,#1347,#1348,#1349));
#527=PLANE('',#528);
#528=AXIS2_PLACEMENT_3D('',#529,#530,#531);
#529=CARTESIAN_POINT('',(-8.0938617133661,1.14100944996369,-25.575));
#530=DIRECTION('',(-0.521797888765837,-0.85306914331695,-5.11944326760938E-16));
#531=DIRECTION('',(-0.85306914331695,0.521797888765837,3.19509057139464E-16));
#532=FACE_BOUND('',#533,.T.);
#533=EDGE_LOOP('',(#1350,#1351,#1352,#1353));
#534=PLANE('',#535);
#535=AXIS2_PLACEMENT_3D('',#536,#537,#538);
#536=CARTESIAN_POINT('',(-4.70217543638817,6.68595888152388,-25.575));
#537=DIRECTION('',(0.853069143316951,-0.521797888765835,-3.13141638004663E-16));
#538=DIRECTION('',(-0.521797888765835,-0.853069143316951,-5.2235419790724E-16));
#539=FACE_BOUND('',#540,.T.);
#540=EDGE_LOOP('',(#1354,#1355,#1356,#1357));
#541=PLANE('',#542);
#542=AXIS2_PLACEMENT_3D('',#543,#544,#545);
#543=CARTESIAN_POINT('',(-7.25108771819408,4.43528205450962,-29.275));
#544=DIRECTION('',(0.,6.00120553851436E-16,-1.));
#545=DIRECTION('',(-1.,0.,0.));
#546=FACE_BOUND('',#547,.T.);
#547=EDGE_LOOP('',(#1358,#1359,#1360,#1361));
#548=PLANE('',#549);
#549=AXIS2_PLACEMENT_3D('',#550,#551,#552);
#550=CARTESIAN_POINT('',(-1.37349918092439,-1.44000000000003,38.075));
#551=DIRECTION('',(-4.04158604549714E-16,1.,9.0205620750794E-16));
#552=DIRECTION('',(1.,4.04158604549714E-16,3.63730594676912E-31));
#553=FACE_BOUND('',#554,.T.);
#554=EDGE_LOOP('',(#1362,#1363,#1364));
#555=PLANE('',#556);
#556=AXIS2_PLACEMENT_3D('',#557,#558,#559);
#557=CARTESIAN_POINT('',(0.,-1.71500000000002,30.075));
#558=DIRECTION('',(0.,-8.99969938985106E-16,1.));
#559=DIRECTION('',(1.,0.,0.));
#560=FACE_BOUND('',#561,.T.);
#561=EDGE_LOOP('',(#1365,#1366,#1367,#1368,#1369));
#562=FACE_OUTER_BOUND('',#563,.T.);
#563=EDGE_LOOP('',(#1370));
#564=CYLINDRICAL_SURFACE('',#565,1.99);
#565=AXIS2_PLACEMENT_3D('',#566,#567,#568);
#566=CARTESIAN_POINT('',(0.,-2.67967868813701E-14,33.145));
#567=DIRECTION('',(0.,8.99969938985106E-16,-1.));
#568=DIRECTION('',(0.,1.,8.99969938985106E-16));
#569=FACE_OUTER_BOUND('',#570,.T.);
#570=EDGE_LOOP('',(#1371));
#571=FACE_OUTER_BOUND('',#572,.T.);
#572=EDGE_LOOP('',(#1372));
#573=CYLINDRICAL_SURFACE('',#574,1.);
#574=AXIS2_PLACEMENT_3D('',#575,#576,#577);
#575=CARTESIAN_POINT('',(0.,1.93341113415388E-14,-31.575));
#576=DIRECTION('',(0.,6.12323399573677E-16,-1.));
#577=DIRECTION('',(-1.,0.,0.));
#578=FACE_BOUND('',#579,.T.);
#579=EDGE_LOOP('',(#1373));
#580=PLANE('',#581);
#581=AXIS2_PLACEMENT_3D('',#582,#583,#584);
#582=CARTESIAN_POINT('',(0.,0.,-33.895));
#583=DIRECTION('',(0.,6.12323399573677E-16,-1.));
#584=DIRECTION('',(-1.,0.,0.));
#585=FACE_OUTER_BOUND('',#586,.T.);
#586=EDGE_LOOP('',(#1374));
#587=FACE_OUTER_BOUND('',#588,.T.);
#588=EDGE_LOOP('',(#1375));
#589=CYLINDRICAL_SURFACE('',#590,6.74);
#590=AXIS2_PLACEMENT_3D('',#591,#592,#593);
#591=CARTESIAN_POINT('',(0.,1.56601709440968E-14,-25.575));
#592=DIRECTION('',(0.,6.12323399573676E-16,-1.));
#593=DIRECTION('',(-1.,0.,0.));
#594=FACE_BOUND('',#595,.T.);
#595=EDGE_LOOP('',(#1376));
#596=FACE_BOUND('',#597,.T.);
#597=EDGE_LOOP('',(#1377));
#598=PLANE('',#599);
#599=AXIS2_PLACEMENT_3D('',#600,#601,#602);
#600=CARTESIAN_POINT('',(0.,0.,-31.575));
#601=DIRECTION('',(0.,6.12323399573677E-16,-1.));
#602=DIRECTION('',(-1.,0.,0.));
#603=FACE_OUTER_BOUND('',#604,.T.);
#604=EDGE_LOOP('',(#1378));
#605=CONICAL_SURFACE('',#606,0.614750000000001,1.02974425867665);
#606=AXIS2_PLACEMENT_3D('',#607,#608,#609);
#607=CARTESIAN_POINT('',(-4.163799117101E-15,8.49999999999999,15.2056209344528));
#608=DIRECTION('',(0.,-6.12323399573677E-16,1.));
#609=DIRECTION('',(1.,0.,0.));
#610=FACE_OUTER_BOUND('',#611,.T.);
#611=EDGE_LOOP('',(#1379));
#612=FACE_OUTER_BOUND('',#613,.T.);
#613=EDGE_LOOP('',(#1380));
#614=CYLINDRICAL_SURFACE('',#615,1.2295);
#615=AXIS2_PLACEMENT_3D('',#616,#617,#618);
#616=CARTESIAN_POINT('',(-4.163799117101E-15,8.49999999999999,20.575));
#617=DIRECTION('',(0.,-6.12323399573677E-16,1.));
#618=DIRECTION('',(1.,0.,0.));
#619=FACE_OUTER_BOUND('',#620,.T.);
#620=EDGE_LOOP('',(#1381));
#621=CONICAL_SURFACE('',#622,0.614750000000001,1.02974425867665);
#622=AXIS2_PLACEMENT_3D('',#623,#624,#625);
#623=CARTESIAN_POINT('',(1.04094977927525E-15,-8.50000000000001,15.2056209344528));
#624=DIRECTION('',(0.,-6.12323399573677E-16,1.));
#625=DIRECTION('',(1.,0.,0.));
#626=FACE_OUTER_BOUND('',#627,.T.);
#627=EDGE_LOOP('',(#1382));
#628=FACE_OUTER_BOUND('',#629,.T.);
#629=EDGE_LOOP('',(#1383));
#630=CYLINDRICAL_SURFACE('',#631,1.2295);
#631=AXIS2_PLACEMENT_3D('',#632,#633,#634);
#632=CARTESIAN_POINT('',(1.04094977927525E-15,-8.50000000000001,20.575));
#633=DIRECTION('',(0.,-6.12323399573677E-16,1.));
#634=DIRECTION('',(1.,0.,0.));
#635=FACE_BOUND('',#636,.T.);
#636=EDGE_LOOP('',(#1384,#1385));
#637=PLANE('',#638);
#638=AXIS2_PLACEMENT_3D('',#639,#640,#641);
#639=CARTESIAN_POINT('',(0.,1.98999999999997,38.075));
#640=DIRECTION('',(0.,-8.99969938985106E-16,1.));
#641=DIRECTION('',(1.,0.,0.));
#642=FACE_BOUND('',#643,.T.);
#643=EDGE_LOOP('',(#1386));
#644=FACE_BOUND('',#645,.T.);
#645=EDGE_LOOP('',(#1387));
#646=PLANE('',#647);
#647=AXIS2_PLACEMENT_3D('',#648,#649,#650);
#648=CARTESIAN_POINT('',(0.,3.49999999999998,28.215));
#649=DIRECTION('',(0.,-8.99969938985106E-16,1.));
#650=DIRECTION('',(1.,0.,0.));
#651=FACE_OUTER_BOUND('',#652,.T.);
#652=EDGE_LOOP('',(#1388));
#653=FACE_OUTER_BOUND('',#654,.T.);
#654=EDGE_LOOP('',(#1389));
#655=CYLINDRICAL_SURFACE('',#656,3.5);
#656=AXIS2_PLACEMENT_3D('',#657,#658,#659);
#657=CARTESIAN_POINT('',(0.,-2.11719747627132E-14,26.895));
#658=DIRECTION('',(0.,8.99969938985106E-16,-1.));
#659=DIRECTION('',(0.,1.,8.99969938985106E-16));
#660=FACE_BOUND('',#661,.T.);
#661=EDGE_LOOP('',(#1390,#1391,#1392));
#662=FACE_OUTER_BOUND('',#663,.T.);
#663=EDGE_LOOP('',(#1393));
#664=CYLINDRICAL_SURFACE('',#665,12.15);
#665=AXIS2_PLACEMENT_3D('',#666,#667,#668);
#666=CARTESIAN_POINT('',(0.,1.070035140755E-15,-9.42000000000001));
#667=DIRECTION('',(0.,-6.12323399573677E-16,1.));
#668=DIRECTION('',(0.,1.,6.12323399573677E-16));
#669=FACE_BOUND('',#670,.T.);
#670=EDGE_LOOP('',(#1394));
#671=FACE_BOUND('',#672,.T.);
#672=EDGE_LOOP('',(#1395));
#673=PLANE('',#674);
#674=AXIS2_PLACEMENT_3D('',#675,#676,#677);
#675=CARTESIAN_POINT('',(0.,12.4,6.735));
#676=DIRECTION('',(0.,6.12323399573677E-16,-1.));
#677=DIRECTION('',(-1.,0.,0.));
#678=FACE_OUTER_BOUND('',#679,.T.);
#679=EDGE_LOOP('',(#1396));
#680=FACE_OUTER_BOUND('',#681,.T.);
#681=EDGE_LOOP('',(#1397));
#682=CYLINDRICAL_SURFACE('',#683,12.4);
#683=AXIS2_PLACEMENT_3D('',#684,#685,#686);
#684=CARTESIAN_POINT('',(0.,-1.45901358033418E-14,16.155));
#685=DIRECTION('',(0.,-6.12323399573677E-16,1.));
#686=DIRECTION('',(0.,1.,6.12323399573677E-16));
#687=FACE_BOUND('',#688,.T.);
#688=EDGE_LOOP('',(#1398));
#689=FACE_BOUND('',#690,.T.);
#690=EDGE_LOOP('',(#1399));
#691=FACE_BOUND('',#692,.T.);
#692=EDGE_LOOP('',(#1400));
#693=FACE_BOUND('',#694,.T.);
#694=EDGE_LOOP('',(#1401));
#695=PLANE('',#696);
#696=AXIS2_PLACEMENT_3D('',#697,#698,#699);
#697=CARTESIAN_POINT('',(0.,0.,25.575));
#698=DIRECTION('',(0.,-6.12323399573677E-16,1.));
#699=DIRECTION('',(1.,0.,0.));
#700=FACE_BOUND('',#701,.T.);
#701=EDGE_LOOP('',(#1402,#1403,#1404,#1405));
#702=FACE_BOUND('',#703,.T.);
#703=EDGE_LOOP('',(#1406));
#704=FACE_BOUND('',#705,.T.);
#705=EDGE_LOOP('',(#1407,#1408,#1409,#1410));
#706=FACE_BOUND('',#707,.T.);
#707=EDGE_LOOP('',(#1411,#1412,#1413,#1414));
#708=PLANE('',#709);
#709=AXIS2_PLACEMENT_3D('',#710,#711,#712);
#710=CARTESIAN_POINT('',(0.,12.15,-25.575));
#711=DIRECTION('',(0.,6.12323399573677E-16,-1.));
#712=DIRECTION('',(-1.,0.,0.));
#713=FACE_BOUND('',#714,.T.);
#714=EDGE_LOOP('',(#1415,#1416,#1417,#1418));
#715=CONICAL_SURFACE('',#716,13.,0.785398163397446);
#716=AXIS2_PLACEMENT_3D('',#717,#718,#719);
#717=CARTESIAN_POINT('',(0.,12.5,0.));
#718=DIRECTION('',(0.,1.,0.));
#719=DIRECTION('',(0.,0.,1.));
#720=FACE_OUTER_BOUND('',#721,.T.);
#721=EDGE_LOOP('',(#1419));
#722=FACE_OUTER_BOUND('',#723,.T.);
#723=EDGE_LOOP('',(#1420));
#724=CONICAL_SURFACE('',#725,2.,0.78539816339745);
#725=AXIS2_PLACEMENT_3D('',#726,#727,#728);
#726=CARTESIAN_POINT('',(19.5,5.,13.));
#727=DIRECTION('',(0.,0.,-1.));
#728=DIRECTION('',(-1.,0.,0.));
#729=FACE_BOUND('',#730,.T.);
#730=EDGE_LOOP('',(#1421,#1422));
#731=FACE_OUTER_BOUND('',#732,.T.);
#732=EDGE_LOOP('',(#1423));
#733=CONICAL_SURFACE('',#734,2.,0.78539816339745);
#734=AXIS2_PLACEMENT_3D('',#735,#736,#737);
#735=CARTESIAN_POINT('',(-19.5,5.,13.));
#736=DIRECTION('',(0.,0.,-1.));
#737=DIRECTION('',(-1.,0.,0.));
#738=FACE_OUTER_BOUND('',#739,.T.);
#739=EDGE_LOOP('',(#1424));
#740=FACE_OUTER_BOUND('',#741,.T.);
#741=EDGE_LOOP('',(#1425));
#742=CYLINDRICAL_SURFACE('',#743,1.5);
#743=AXIS2_PLACEMENT_3D('',#744,#745,#746);
#744=CARTESIAN_POINT('',(-19.5,5.,21.7426406871193));
#745=DIRECTION('',(0.,0.,-1.));
#746=DIRECTION('',(-1.,0.,0.));
#747=FACE_OUTER_BOUND('',#748,.T.);
#748=EDGE_LOOP('',(#1426));
#749=FACE_OUTER_BOUND('',#750,.T.);
#750=EDGE_LOOP('',(#1427));
#751=CYLINDRICAL_SURFACE('',#752,1.5);
#752=AXIS2_PLACEMENT_3D('',#753,#754,#755);
#753=CARTESIAN_POINT('',(19.5,5.,21.7426406871193));
#754=DIRECTION('',(0.,0.,-1.));
#755=DIRECTION('',(-1.,0.,0.));
#756=FACE_BOUND('',#757,.T.);
#757=EDGE_LOOP('',(#1428,#1429));
#758=FACE_OUTER_BOUND('',#759,.T.);
#759=EDGE_LOOP('',(#1430));
#760=CONICAL_SURFACE('',#761,2.,0.785398163397448);
#761=AXIS2_PLACEMENT_3D('',#762,#763,#764);
#762=CARTESIAN_POINT('',(-8.5,-2.5,0.));
#763=DIRECTION('',(0.,-1.,0.));
#764=DIRECTION('',(0.,0.,-1.));
#765=FACE_BOUND('',#766,.T.);
#766=EDGE_LOOP('',(#1431,#1432));
#767=FACE_OUTER_BOUND('',#768,.T.);
#768=EDGE_LOOP('',(#1433));
#769=CONICAL_SURFACE('',#770,2.,0.785398163397448);
#770=AXIS2_PLACEMENT_3D('',#771,#772,#773);
#771=CARTESIAN_POINT('',(2.57175827820944E-15,-2.5,-8.5));
#772=DIRECTION('',(0.,-1.,0.));
#773=DIRECTION('',(0.,0.,-1.));
#774=FACE_BOUND('',#775,.T.);
#775=EDGE_LOOP('',(#1434,#1435));
#776=FACE_OUTER_BOUND('',#777,.T.);
#777=EDGE_LOOP('',(#1436));
#778=CONICAL_SURFACE('',#779,2.,0.785398163397448);
#779=AXIS2_PLACEMENT_3D('',#780,#781,#782);
#780=CARTESIAN_POINT('',(8.5,-2.5,0.));
#781=DIRECTION('',(0.,-1.,0.));
#782=DIRECTION('',(0.,0.,-1.));
#783=FACE_BOUND('',#784,.T.);
#784=EDGE_LOOP('',(#1437,#1438));
#785=FACE_OUTER_BOUND('',#786,.T.);
#786=EDGE_LOOP('',(#1439));
#787=CONICAL_SURFACE('',#788,2.,0.785398163397444);
#788=AXIS2_PLACEMENT_3D('',#789,#790,#791);
#789=CARTESIAN_POINT('',(2.57175827820944E-15,-2.5,8.5));
#790=DIRECTION('',(0.,-1.,0.));
#791=DIRECTION('',(0.,0.,-1.));
#792=FACE_OUTER_BOUND('',#793,.T.);
#793=EDGE_LOOP('',(#1440));
#794=FACE_OUTER_BOUND('',#795,.T.);
#795=EDGE_LOOP('',(#1441));
#796=CYLINDRICAL_SURFACE('',#797,3.55);
#797=AXIS2_PLACEMENT_3D('',#798,#799,#800);
#798=CARTESIAN_POINT('',(0.,-3.,0.));
#799=DIRECTION('',(0.,1.,0.));
#800=DIRECTION('',(0.,0.,1.));
#801=FACE_OUTER_BOUND('',#802,.T.);
#802=EDGE_LOOP('',(#1442));
#803=FACE_BOUND('',#804,.T.);
#804=EDGE_LOOP('',(#1443,#1444));
#805=CYLINDRICAL_SURFACE('',#806,1.5);
#806=AXIS2_PLACEMENT_3D('',#807,#808,#809);
#807=CARTESIAN_POINT('',(8.5,-3.,0.));
#808=DIRECTION('',(0.,1.,0.));
#809=DIRECTION('',(0.,0.,1.));
#810=FACE_OUTER_BOUND('',#811,.T.);
#811=EDGE_LOOP('',(#1445));
#812=FACE_BOUND('',#813,.T.);
#813=EDGE_LOOP('',(#1446,#1447));
#814=CYLINDRICAL_SURFACE('',#815,1.5);
#815=AXIS2_PLACEMENT_3D('',#816,#817,#818);
#816=CARTESIAN_POINT('',(-8.5,-3.,0.));
#817=DIRECTION('',(0.,1.,0.));
#818=DIRECTION('',(0.,0.,1.));
#819=FACE_OUTER_BOUND('',#820,.T.);
#820=EDGE_LOOP('',(#1448));
#821=FACE_BOUND('',#822,.T.);
#822=EDGE_LOOP('',(#1449,#1450));
#823=CYLINDRICAL_SURFACE('',#824,1.5);
#824=AXIS2_PLACEMENT_3D('',#825,#826,#827);
#825=CARTESIAN_POINT('',(2.57175827820944E-15,-3.,-8.5));
#826=DIRECTION('',(0.,1.,0.));
#827=DIRECTION('',(0.,0.,1.));
#828=FACE_OUTER_BOUND('',#829,.T.);
#829=EDGE_LOOP('',(#1451));
#830=FACE_BOUND('',#831,.T.);
#831=EDGE_LOOP('',(#1452,#1453));
#832=CYLINDRICAL_SURFACE('',#833,1.5);
#833=AXIS2_PLACEMENT_3D('',#834,#835,#836);
#834=CARTESIAN_POINT('',(2.57175827820944E-15,-3.,8.5));
#835=DIRECTION('',(0.,1.,0.));
#836=DIRECTION('',(0.,0.,1.));
#837=FACE_BOUND('',#838,.T.);
#838=EDGE_LOOP('',(#1454,#1455,#1456,#1457,#1458,#1459,#1460));
#839=FACE_OUTER_BOUND('',#840,.T.);
#840=EDGE_LOOP('',(#1461));
#841=CYLINDRICAL_SURFACE('',#842,12.5);
#842=AXIS2_PLACEMENT_3D('',#843,#844,#845);
#843=CARTESIAN_POINT('',(0.,5.,0.));
#844=DIRECTION('',(0.,-1.,0.));
#845=DIRECTION('',(1.22464679914735E-16,0.,1.));
#846=FACE_BOUND('',#847,.T.);
#847=EDGE_LOOP('',(#1462,#1463,#1464,#1465));
#848=CYLINDRICAL_SURFACE('',#849,15.);
#849=AXIS2_PLACEMENT_3D('',#850,#851,#852);
#850=CARTESIAN_POINT('',(0.,5.,0.));
#851=DIRECTION('',(0.,-1.,0.));
#852=DIRECTION('',(1.22464679914735E-16,0.,1.));
#853=FACE_BOUND('',#854,.T.);
#854=EDGE_LOOP('',(#1466,#1467,#1468,#1469));
#855=PLANE('',#856);
#856=AXIS2_PLACEMENT_3D('',#857,#858,#859);
#857=CARTESIAN_POINT('',(0.,5.,0.));
#858=DIRECTION('',(0.,1.,0.));
#859=DIRECTION('',(0.,0.,1.));
#860=FACE_BOUND('',#861,.T.);
#861=EDGE_LOOP('',(#1470));
#862=FACE_BOUND('',#863,.T.);
#863=EDGE_LOOP('',(#1471));
#864=FACE_BOUND('',#865,.T.);
#865=EDGE_LOOP('',(#1472));
#866=FACE_BOUND('',#867,.T.);
#867=EDGE_LOOP('',(#1473));
#868=FACE_BOUND('',#869,.T.);
#869=EDGE_LOOP('',(#1474));
#870=FACE_BOUND('',#871,.T.);
#871=EDGE_LOOP('',(#1475));
#872=PLANE('',#873);
#873=AXIS2_PLACEMENT_3D('',#874,#875,#876);
#874=CARTESIAN_POINT('',(0.,0.,0.));
#875=DIRECTION('',(0.,1.,0.));
#876=DIRECTION('',(0.,0.,1.));
#877=FACE_BOUND('',#878,.T.);
#878=EDGE_LOOP('',(#1476,#1477,#1478,#1479,#1480,#1481,#1482,#1483,#1484,#1485));
#879=FACE_BOUND('',#880,.T.);
#880=EDGE_LOOP('',(#1486));
#881=FACE_BOUND('',#882,.T.);
#882=EDGE_LOOP('',(#1487));
#883=FACE_BOUND('',#884,.T.);
#884=EDGE_LOOP('',(#1488));
#885=FACE_BOUND('',#886,.T.);
#886=EDGE_LOOP('',(#1489));
#887=FACE_BOUND('',#888,.T.);
#888=EDGE_LOOP('',(#1490));
#889=PLANE('',#890);
#890=AXIS2_PLACEMENT_3D('',#891,#892,#893);
#891=CARTESIAN_POINT('',(0.,-3.,0.));
#892=DIRECTION('',(0.,1.,0.));
#893=DIRECTION('',(0.,0.,1.));
#894=FACE_BOUND('',#895,.T.);
#895=EDGE_LOOP('',(#1491,#1492,#1493,#1494,#1495,#1496));
#896=PLANE('',#897);
#897=AXIS2_PLACEMENT_3D('',#898,#899,#900);
#898=CARTESIAN_POINT('',(15.,13.,0.));
#899=DIRECTION('',(1.,0.,9.91270557701033E-17));
#900=DIRECTION('',(9.91270557701033E-17,0.,-1.));
#901=FACE_BOUND('',#902,.T.);
#902=EDGE_LOOP('',(#1497,#1498,#1499,#1500,#1501));
#903=PLANE('',#904);
#904=AXIS2_PLACEMENT_3D('',#905,#906,#907);
#905=CARTESIAN_POINT('',(0.,13.,0.));
#906=DIRECTION('',(0.,0.,-1.));
#907=DIRECTION('',(-1.,0.,0.));
#908=FACE_BOUND('',#909,.T.);
#909=EDGE_LOOP('',(#1502,#1503,#1504,#1505,#1506));
#910=PLANE('',#911);
#911=AXIS2_PLACEMENT_3D('',#912,#913,#914);
#912=CARTESIAN_POINT('',(0.,13.,0.));
#913=DIRECTION('',(0.,0.,-1.));
#914=DIRECTION('',(-1.,0.,0.));
#915=FACE_BOUND('',#916,.T.);
#916=EDGE_LOOP('',(#1507,#1508,#1509,#1510,#1511,#1512));
#917=PLANE('',#918);
#918=AXIS2_PLACEMENT_3D('',#919,#920,#921);
#919=CARTESIAN_POINT('',(-15.,13.,0.));
#920=DIRECTION('',(1.,0.,-9.91270557701033E-17));
#921=DIRECTION('',(-9.91270557701033E-17,0.,-1.));
#922=FACE_BOUND('',#923,.T.);
#923=EDGE_LOOP('',(#1513,#1514,#1515,#1516,#1517,#1518,#1519,#1520,#1521));
#924=PLANE('',#925);
#925=AXIS2_PLACEMENT_3D('',#926,#927,#928);
#926=CARTESIAN_POINT('',(0.,13.,12.5));
#927=DIRECTION('',(0.,0.,-1.));
#928=DIRECTION('',(-1.,0.,0.));
#929=FACE_BOUND('',#930,.T.);
#930=EDGE_LOOP('',(#1522,#1523,#1524,#1525));
#931=PLANE('',#932);
#932=AXIS2_PLACEMENT_3D('',#933,#934,#935);
#933=CARTESIAN_POINT('',(-24.,13.,0.));
#934=DIRECTION('',(1.,0.,-6.93889390390723E-16));
#935=DIRECTION('',(-6.93889390390723E-16,0.,-1.));
#936=FACE_BOUND('',#937,.T.);
#937=EDGE_LOOP('',(#1526,#1527,#1528,#1529,#1530,#1531,#1532,#1533));
#938=FACE_BOUND('',#939,.T.);
#939=EDGE_LOOP('',(#1534));
#940=FACE_BOUND('',#941,.T.);
#941=EDGE_LOOP('',(#1535));
#942=PLANE('',#943);
#943=AXIS2_PLACEMENT_3D('',#944,#945,#946);
#944=CARTESIAN_POINT('',(0.,13.,17.5));
#945=DIRECTION('',(0.,0.,-1.));
#946=DIRECTION('',(-1.,0.,0.));
#947=FACE_BOUND('',#948,.T.);
#948=EDGE_LOOP('',(#1536,#1537,#1538,#1539));
#949=PLANE('',#950);
#950=AXIS2_PLACEMENT_3D('',#951,#952,#953);
#951=CARTESIAN_POINT('',(24.,13.,0.));
#952=DIRECTION('',(1.,0.,-6.93889390390723E-16));
#953=DIRECTION('',(-6.93889390390723E-16,0.,-1.));
#954=FACE_BOUND('',#955,.T.);
#955=EDGE_LOOP('',(#1540,#1541,#1542,#1543,#1544,#1545,#1546,#1547));
#956=PLANE('',#957);
#957=AXIS2_PLACEMENT_3D('',#958,#959,#960);
#958=CARTESIAN_POINT('',(0.,13.,12.5));
#959=DIRECTION('',(0.,0.,-1.));
#960=DIRECTION('',(-1.,0.,0.));
#961=FACE_BOUND('',#962,.T.);
#962=EDGE_LOOP('',(#1548,#1549,#1550,#1551,#1552,#1553,#1554,#1555,#1556,#1557,#1558,
#1559));
#963=PLANE('',#964);
#964=AXIS2_PLACEMENT_3D('',#965,#966,#967);
#965=CARTESIAN_POINT('',(0.,13.,0.));
#966=DIRECTION('',(0.,1.,0.));
#967=DIRECTION('',(0.,0.,1.));
#968=FACE_BOUND('',#969,.T.);
#969=EDGE_LOOP('',(#1560,#1561,#1562,#1563,#1564));
#970=CYLINDRICAL_SURFACE('',#971,2.);
#971=AXIS2_PLACEMENT_3D('',#972,#973,#974);
#972=CARTESIAN_POINT('',(17.,13.,10.5));
#973=DIRECTION('',(0.,1.,0.));
#974=DIRECTION('',(0.,0.,1.));
#975=FACE_BOUND('',#976,.T.);
#976=EDGE_LOOP('',(#1565,#1566,#1567,#1568,#1569));
#977=CYLINDRICAL_SURFACE('',#978,2.);
#978=AXIS2_PLACEMENT_3D('',#979,#980,#981);
#979=CARTESIAN_POINT('',(-17.,13.,10.5));
#980=DIRECTION('',(0.,-1.,0.));
#981=DIRECTION('',(0.,0.,-1.));
#982=FACE_BOUND('',#983,.T.);
#983=EDGE_LOOP('',(#1570,#1571,#1572,#1573));
#984=CYLINDRICAL_SURFACE('',#985,2.);
#985=AXIS2_PLACEMENT_3D('',#986,#987,#988);
#986=CARTESIAN_POINT('',(0.,11.,2.));
#987=DIRECTION('',(1.,0.,0.));
#988=DIRECTION('',(0.,0.,-1.));
#989=FACE_BOUND('',#990,.T.);
#990=EDGE_LOOP('',(#1574,#1575,#1576,#1577));
#991=CYLINDRICAL_SURFACE('',#992,2.);
#992=AXIS2_PLACEMENT_3D('',#993,#994,#995);
#993=CARTESIAN_POINT('',(0.,11.,2.));
#994=DIRECTION('',(1.,0.,0.));
#995=DIRECTION('',(0.,0.,-1.));
#996=FACE_BOUND('',#997,.T.);
#997=EDGE_LOOP('',(#1578,#1579,#1580,#1581,#1582,#1583,#1584));
#998=CONICAL_SURFACE('',#999,13.,0.785398163397448);
#999=AXIS2_PLACEMENT_3D('',#1000,#1001,#1002);
#1000=CARTESIAN_POINT('',(0.,4.49999999999999,0.));
#1001=DIRECTION('',(0.,1.,0.));
#1002=DIRECTION('',(0.,0.,1.));
#1003=FACE_BOUND('',#1004,.T.);
#1004=EDGE_LOOP('',(#1585,#1586,#1587,#1588));
#1005=PLANE('',#1006);
#1006=AXIS2_PLACEMENT_3D('',#1007,#1008,#1009);
#1007=CARTESIAN_POINT('',(12.4656592757743,5.,0.925925925925931));
#1008=DIRECTION('',(0.680413817439773,0.,0.732828108792939));
#1009=DIRECTION('',(0.,-1.,0.));
#1010=FACE_BOUND('',#1011,.T.);
#1011=EDGE_LOOP('',(#1589,#1590,#1591,#1592));
#1012=PLANE('',#1013);
#1013=AXIS2_PLACEMENT_3D('',#1014,#1015,#1016);
#1014=CARTESIAN_POINT('',(-13.4629120178363,5.,0.));
#1015=DIRECTION('',(-0.680413817439773,0.,0.732828108792939));
#1016=DIRECTION('',(0.,-1.,0.));
#1017=FACE_BOUND('',#1018,.T.);
#1018=EDGE_LOOP('',(#1593,#1594,#1595,#1596));
#1019=B_SPLINE_SURFACE_WITH_KNOTS('',3,3,(
(#1020,#1021,#1022,#1023),
(#1024,#1025,#1026,#1027),
(#1028,#1029,#1030,#1031),
(#1032,#1033,#1034,#1035),
(#1036,#1037,#1038,#1039),
(#1040,#1041,#1042,#1043),
(#1044,#1045,#1046,#1047),
(#1048,#1049,#1050,#1051),
(#1052,#1053,#1054,#1055),
(#1056,#1057,#1058,#1059),
(#1060,#1061,#1062,#1063),
(#1064,#1065,#1066,#1067),
(#1068,#1069,#1070,#1071),
(#1072,#1073,#1074,#1075),
(#1076,#1077,#1078,#1079),
(#1080,#1081,#1082,#1083),
(#1084,#1085,#1086,#1087),
(#1088,#1089,#1090,#1091),
(#1092,#1093,#1094,#1095),
(#1096,#1097,#1098,#1099),
(#1100,#1101,#1102,#1103),
(#1104,#1105,#1106,#1107),
(#1108,#1109,#1110,#1111),
(#1112,#1113,#1114,#1115),
(#1116,#1117,#1118,#1119),
(#1120,#1121,#1122,#1123),
(#1124,#1125,#1126,#1127),
(#1128,#1129,#1130,#1131),
(#1132,#1133,#1134,#1135),
(#1136,#1137,#1138,#1139)),
.UNSPECIFIED.,.F.,.F.,.F.,
(4,1,1,1,1,1,1,1,1,1,1,1,1,1,1,1,1,1,1,1,1,1,1,1,1,1,1,4),
(4,4),
(0.,0.000117952539525378,0.000208628324270087,0.000272027354234126,0.000325458129354693,
0.000371297369299275,0.000416922321461966,0.000469491678017439,0.000533106854332716,
0.000599412454731099,0.000660776980441629,0.000711361741614681,0.00075952213392695,
0.000811549066041114,0.000873660164447211,0.000940644732499634,0.000993295666914707,
0.00104087725454366,0.0010850122017636,0.00113403777388501,0.00119137188304667,0.00125388315359203,
0.00131344890628424,0.00136518129494687,0.00141221169523647,0.00146201137865643,
0.00152212269629434,0.00156772974236446),
(-4.12618728045218E-6,1.00000003335542),
.UNSPECIFIED.);
#1020=CARTESIAN_POINT('',(13.3510340034742,13.0000041261873,2.000000611287));
#1021=CARTESIAN_POINT('',(13.0213775724373,12.6666694063397,1.95061768982811));
#1022=CARTESIAN_POINT('',(12.6917211414003,12.3333346864922,1.90123476836921));
#1023=CARTESIAN_POINT('',(12.3620647103633,11.9999999666446,1.85185184691031));
#1024=CARTESIAN_POINT('',(13.3569418586349,13.0000020456745,1.92112440604621));
#1025=CARTESIAN_POINT('',(13.0271395540689,12.6666676725798,1.88586132654932));
#1026=CARTESIAN_POINT('',(12.6973372495028,12.3333332994851,1.85059824705243));
#1027=CARTESIAN_POINT('',(12.3675349449367,11.9999989263904,1.81533516755554));
#1028=CARTESIAN_POINT('',(13.3669789890003,12.9917846808021,1.78290060571704));
#1029=CARTESIAN_POINT('',(13.0369288530997,12.6598198713909,1.77238134103875));
#1030=CARTESIAN_POINT('',(12.706878717199,12.3278550619796,1.76186207636046));
#1031=CARTESIAN_POINT('',(12.3768285812983,11.9958902525684,1.75134281168217));
#1032=CARTESIAN_POINT('',(13.3791636928573,12.9627277399693,1.60555360876728));
#1033=CARTESIAN_POINT('',(13.0488126989121,12.6356057641822,1.62678170771481));
#1034=CARTESIAN_POINT('',(12.7184617049669,12.3084837883951,1.64800980666235));
#1035=CARTESIAN_POINT('',(12.3881107110216,11.981361812608,1.66923790560989));
#1036=CARTESIAN_POINT('',(13.3879666397706,12.9301952185534,1.47190168658611));
#1037=CARTESIAN_POINT('',(13.0573982882731,12.608495341038,1.51705517613548));
#1038=CARTESIAN_POINT('',(12.7268299367755,12.2867954635225,1.56220866568485));
#1039=CARTESIAN_POINT('',(12.396261585278,11.965095586007,1.60736215523422));
#1040=CARTESIAN_POINT('',(13.394583560795,12.8984242294639,1.36808273004308));
#1041=CARTESIAN_POINT('',(13.0638518279028,12.5820195278952,1.43182113064334));
#1042=CARTESIAN_POINT('',(12.7331200950105,12.2656148263265,1.4955595312436));
#1043=CARTESIAN_POINT('',(12.4023883621183,11.9492101247578,1.55929793184386));
#1044=CARTESIAN_POINT('',(13.4002546041137,12.8653202970545,1.27652634392132));
#1045=CARTESIAN_POINT('',(13.0693828449199,12.5544329291236,1.35665449982593));
#1046=CARTESIAN_POINT('',(12.7385110857262,12.2435455611927,1.43678265573054));
#1047=CARTESIAN_POINT('',(12.4076393265324,11.9326581932617,1.51691081163515));
#1048=CARTESIAN_POINT('',(13.4056013303744,12.8285648037054,1.18787439366187));
#1049=CARTESIAN_POINT('',(13.0745975527405,12.5238033641718,1.28387237396845));
#1050=CARTESIAN_POINT('',(12.7435937751065,12.2190419246383,1.37987035427502));
#1051=CARTESIAN_POINT('',(12.4125899974726,11.9142804851047,1.4758683345816));
#1052=CARTESIAN_POINT('',(13.4112995035443,12.7825847094568,1.09066888793614));
#1053=CARTESIAN_POINT('',(13.0801550297338,12.4854866350327,1.20406788766152));
#1054=CARTESIAN_POINT('',(12.7490105559232,12.1883885606086,1.3174668873869));
#1055=CARTESIAN_POINT('',(12.4178660821126,11.8912904861844,1.43086588711228));
#1056=CARTESIAN_POINT('',(13.4173192160533,12.7245885084176,0.984427387894328));
#1057=CARTESIAN_POINT('',(13.0860261067933,12.4371564877638,1.11684496471434));
#1058=CARTESIAN_POINT('',(12.7547329975332,12.1497244671099,1.24926254153435));
#1059=CARTESIAN_POINT('',(12.4234398882732,11.8622924464561,1.38168011835436));
#1060=CARTESIAN_POINT('',(13.4231807411743,12.6565891384078,0.876987743253553));
#1061=CARTESIAN_POINT('',(13.0917429023411,12.3804903698486,1.02863838026177));
#1062=CARTESIAN_POINT('',(12.7603050635079,12.1043916012893,1.18028901727));
#1063=CARTESIAN_POINT('',(12.4288672246747,11.8282928327301,1.33193965427822));
#1064=CARTESIAN_POINT('',(13.4282560147664,12.5865000097282,0.780446774172202));
#1065=CARTESIAN_POINT('',(13.0966928600529,12.3220827871053,0.949379470099522));
#1066=CARTESIAN_POINT('',(12.7651297053395,12.0576655644823,1.11831216602684));
#1067=CARTESIAN_POINT('',(12.433566550626,11.7932483418594,1.28724486195416));
#1068=CARTESIAN_POINT('',(13.4325158968621,12.5181727366613,0.696742225272023));
#1069=CARTESIAN_POINT('',(13.1008475594693,12.2651434167569,0.880659097965433));
#1070=CARTESIAN_POINT('',(12.7691792220765,12.0121140968524,1.06457597065885));
#1071=CARTESIAN_POINT('',(12.4375108846837,11.7590847769479,1.24849284335225));
#1072=CARTESIAN_POINT('',(13.4362165401065,12.450624101535,0.621937025304688));
#1073=CARTESIAN_POINT('',(13.1044568284543,12.2088529110869,0.819244978340456));
#1074=CARTESIAN_POINT('',(12.7726971168021,11.9670817206389,1.01655293137622));
#1075=CARTESIAN_POINT('',(12.4409374051498,11.7253105301909,1.21386088441199));
#1076=CARTESIAN_POINT('',(13.4398988295373,12.3742133730324,0.545387386118486));
#1077=CARTESIAN_POINT('',(13.108048196808,12.1451773306999,0.756398696259903));
#1078=CARTESIAN_POINT('',(12.7761975640787,11.9161412883673,0.967410006401321));
#1079=CARTESIAN_POINT('',(12.4443469313494,11.6871052460348,1.17842131654274));
#1080=CARTESIAN_POINT('',(13.4436423824023,12.2843673462636,0.465087744324582));
#1081=CARTESIAN_POINT('',(13.1116993159126,12.070305673119,0.690473709639727));
#1082=CARTESIAN_POINT('',(12.779756249423,11.8562439999744,0.915859674954874));
#1083=CARTESIAN_POINT('',(12.4478131829334,11.6421823268298,1.14124564027002));
#1084=CARTESIAN_POINT('',(13.4470122201626,12.1889931778875,0.390305150092206));
#1085=CARTESIAN_POINT('',(13.1149859474818,11.9908272327957,0.62907814903556));
#1086=CARTESIAN_POINT('',(12.7829596748009,11.7926612877039,0.867851147978915));
#1087=CARTESIAN_POINT('',(12.4509334021201,11.5944953426121,1.10662414692227));
#1088=CARTESIAN_POINT('',(13.4498021670407,12.0967920561814,0.326530694260383));
#1089=CARTESIAN_POINT('',(13.117707006517,11.9139929969245,0.576720130326636));
#1090=CARTESIAN_POINT('',(12.7856118459934,11.7311939376675,0.826909566392887));
#1091=CARTESIAN_POINT('',(12.4535166854697,11.5483948784106,1.07709900245914));
#1092=CARTESIAN_POINT('',(13.4519976580218,12.01375506632,0.275126853403141));
#1093=CARTESIAN_POINT('',(13.1198482876354,11.8447955343858,0.534518229482536));
#1094=CARTESIAN_POINT('',(12.787698917249,11.6758360024516,0.793909605561934));
#1095=CARTESIAN_POINT('',(12.4555495468627,11.5068764705173,1.05330098164133));
#1096=CARTESIAN_POINT('',(13.4539178207748,11.931279596348,0.229225635300681));
#1097=CARTESIAN_POINT('',(13.1217210387796,11.7760660048948,0.496833912073383));
#1098=CARTESIAN_POINT('',(12.7895242567845,11.6208524134416,0.764442188846084));
#1099=CARTESIAN_POINT('',(12.4573274747893,11.4656388219883,1.03205046561879));
#1100=CARTESIAN_POINT('',(13.4557531659102,11.8412349694144,0.184477974312963));
#1101=CARTESIAN_POINT('',(13.1235110665766,11.701028847246,0.460096650412033));
#1102=CARTESIAN_POINT('',(12.791268967243,11.5608227250775,0.735715326511103));
#1103=CARTESIAN_POINT('',(12.4590268679093,11.420616602909,1.01133400261017));
#1104=CARTESIAN_POINT('',(13.4575471040325,11.7379037928615,0.139811492161302));
#1105=CARTESIAN_POINT('',(13.1252607097597,11.6149195695553,0.423426035543843));
#1106=CARTESIAN_POINT('',(12.792974315487,11.4919353462492,0.707040578926385));
#1107=CARTESIAN_POINT('',(12.4606879212142,11.368951122943,0.990655122308926));
#1108=CARTESIAN_POINT('',(13.4591527050474,11.6254158974998,0.0989867551154123));
#1109=CARTESIAN_POINT('',(13.1268266661523,11.5211796960581,0.389909444642613));
#1110=CARTESIAN_POINT('',(12.7945006272573,11.4169434946164,0.680832134169814));
#1111=CARTESIAN_POINT('',(12.4621745883622,11.3127072931747,0.971754823697013));
#1112=CARTESIAN_POINT('',(13.4604260813277,11.5137439475078,0.0660163172219591));
#1113=CARTESIAN_POINT('',(13.1280686009218,11.4281197767507,0.362841133646077));
#1114=CARTESIAN_POINT('',(12.795711120516,11.3424956059936,0.659665950070196));
#1115=CARTESIAN_POINT('',(12.4633536401101,11.2568714352365,0.956490766494315));
#1116=CARTESIAN_POINT('',(13.4613583495931,11.4096300521751,0.0415402914007823));
#1117=CARTESIAN_POINT('',(13.128977850129,11.3413582336848,0.342746627136003));
#1118=CARTESIAN_POINT('',(12.7965973506649,11.2730864151945,0.643952962871225));
#1119=CARTESIAN_POINT('',(12.4642168512008,11.2048145967042,0.945159298606445));
#1120=CARTESIAN_POINT('',(13.4620382567482,11.3110084692198,0.023516507342005));
#1121=CARTESIAN_POINT('',(13.1296409693884,11.259173615681,0.327949329210648));
#1122=CARTESIAN_POINT('',(12.7972436820286,11.2073387621421,0.632382151079292));
#1123=CARTESIAN_POINT('',(12.4648463946689,11.1555039086033,0.936814972947935));
#1124=CARTESIAN_POINT('',(13.4625569588688,11.2064789557452,0.00965423366339898));
#1125=CARTESIAN_POINT('',(13.1301468639999,11.1720657243089,0.31656857848283));
#1126=CARTESIAN_POINT('',(12.797736769131,11.1376524928726,0.623482923302262));
#1127=CARTESIAN_POINT('',(12.4653266742621,11.1032392614363,0.930397268121692));
#1128=CARTESIAN_POINT('',(13.4628549446561,11.102157729484,0.00164655896682779));
#1129=CARTESIAN_POINT('',(13.1304374920851,11.0851314055423,0.309994379203304));
#1130=CARTESIAN_POINT('',(12.7980200395141,11.0681050816007,0.618342199439782));
#1131=CARTESIAN_POINT('',(12.465602586943,11.051078757659,0.926690019676258));
#1132=CARTESIAN_POINT('',(13.4629160729226,11.0308448576525,-3.00321541479802E-6));
#1133=CARTESIAN_POINT('',(13.1304971110059,11.0257040372664,0.308640109590553));
#1134=CARTESIAN_POINT('',(12.7980781490891,11.0205632168802,0.617283222396522));
#1135=CARTESIAN_POINT('',(12.4656591871724,11.015422396494,0.92592633520249));
#1136=CARTESIAN_POINT('',(13.4629161326878,11.,-3.82054377819649E-6));
#1137=CARTESIAN_POINT('',(13.1304971692954,11.,0.308639438574342));
#1138=CARTESIAN_POINT('',(12.798078205903,11.,0.617282697692463));
#1139=CARTESIAN_POINT('',(12.4656592425105,11.,0.925925956810583));
#1140=FACE_BOUND('',#1141,.T.);
#1141=EDGE_LOOP('',(#1597,#1598,#1599,#1600));
#1142=B_SPLINE_SURFACE_WITH_KNOTS('',3,3,(
(#1143,#1144,#1145,#1146),
(#1147,#1148,#1149,#1150),
(#1151,#1152,#1153,#1154),
(#1155,#1156,#1157,#1158),
(#1159,#1160,#1161,#1162),
(#1163,#1164,#1165,#1166),
(#1167,#1168,#1169,#1170),
(#1171,#1172,#1173,#1174),
(#1175,#1176,#1177,#1178),
(#1179,#1180,#1181,#1182),
(#1183,#1184,#1185,#1186),
(#1187,#1188,#1189,#1190),
(#1191,#1192,#1193,#1194),
(#1195,#1196,#1197,#1198),
(#1199,#1200,#1201,#1202),
(#1203,#1204,#1205,#1206),
(#1207,#1208,#1209,#1210),
(#1211,#1212,#1213,#1214),
(#1215,#1216,#1217,#1218),
(#1219,#1220,#1221,#1222),
(#1223,#1224,#1225,#1226),
(#1227,#1228,#1229,#1230),
(#1231,#1232,#1233,#1234),
(#1235,#1236,#1237,#1238),
(#1239,#1240,#1241,#1242),
(#1243,#1244,#1245,#1246),
(#1247,#1248,#1249,#1250),
(#1251,#1252,#1253,#1254),
(#1255,#1256,#1257,#1258)),
.UNSPECIFIED.,.F.,.F.,.F.,
(4,1,1,1,1,1,1,1,1,1,1,1,1,1,1,1,1,1,1,1,1,1,1,1,1,1,4),
(4,4),
(0.,0.000119058127817236,0.000210017013180887,0.000272876656090953,0.000325266713833445,
0.000374276969626588,0.000428710767573039,0.000490712056012251,0.000561878142220283,
0.000625390349021118,0.000679082314337979,0.000726131300247016,0.000771394106004092,
0.000839415879431333,0.000907977974963307,0.000966342129853161,0.00100791945530281,
0.00105308299146385,0.00111238527693984,0.00118233815475847,0.00124925939685786,
0.00131145461202372,0.00136532066958782,0.00141918672715191,0.00148510891784391,
0.00153955707461512,0.00156770706886332),
(-3.96986593421335E-6,1.00000004792863),
.UNSPECIFIED.);
#1143=CARTESIAN_POINT('',(-13.462915976796,11.,-3.67580179093833E-6));
#1144=CARTESIAN_POINT('',(-13.1304970605231,11.,0.308639539566905));
#1145=CARTESIAN_POINT('',(-12.7980781442502,11.,0.617282754935601));
#1146=CARTESIAN_POINT('',(-12.4656592279774,11.,0.925925970304296));
#1147=CARTESIAN_POINT('',(-13.4629158192136,11.0805148472232,-1.44810525976707E-6));
#1148=CARTESIAN_POINT('',(-13.1304969068317,11.0670956787401,0.308641368477503));
#1149=CARTESIAN_POINT('',(-12.7980779944497,11.053676510257,0.617284185060266));
#1150=CARTESIAN_POINT('',(-12.4656590820678,11.040257341774,0.925927001643028));
#1151=CARTESIAN_POINT('',(-13.4626001268721,11.2210814992662,0.0085346757022311));
#1152=CARTESIAN_POINT('',(-13.1301890093918,11.1842345078175,0.31564941785765));
#1153=CARTESIAN_POINT('',(-12.7977778919115,11.1473875163689,0.622764160013067));
#1154=CARTESIAN_POINT('',(-12.4653667744312,11.1105405249203,0.929878902168486));
#1155=CARTESIAN_POINT('',(-13.4614764687597,11.4005168038278,0.0384741694651362));
#1156=CARTESIAN_POINT('',(-13.1290930960275,11.3337638674897,0.340229362506021));
#1157=CARTESIAN_POINT('',(-12.7967097232954,11.2670109311516,0.641984555546908));
#1158=CARTESIAN_POINT('',(-12.4643263505632,11.2002579948135,0.943739748587792));
#1159=CARTESIAN_POINT('',(-13.4602148195775,11.5343004429099,0.0715241444200665));
#1160=CARTESIAN_POINT('',(-13.1278625987929,11.4452501880685,0.367362972763599));
#1161=CARTESIAN_POINT('',(-12.7955103780083,11.3561999332272,0.663201801107132));
#1162=CARTESIAN_POINT('',(-12.4631581572237,11.2671496783858,0.959040629450665));
#1163=CARTESIAN_POINT('',(-13.4589480764651,11.6398850450142,0.104197340794802));
#1164=CARTESIAN_POINT('',(-13.1266271334048,11.5332373207101,0.394187252582933));
#1165=CARTESIAN_POINT('',(-12.7943061903445,11.426589596406,0.684177164371068));
#1166=CARTESIAN_POINT('',(-12.4619852472842,11.3199418721018,0.974167076159199));
#1167=CARTESIAN_POINT('',(-13.4575192973399,11.7387842880978,0.140467450006086));
#1168=CARTESIAN_POINT('',(-13.1252336329077,11.6156533231112,0.423964552223965));
#1169=CARTESIAN_POINT('',(-12.7929479684756,11.4925223581246,0.707461654441845));
#1170=CARTESIAN_POINT('',(-12.4606623040434,11.3693913931379,0.990958756659724));
#1171=CARTESIAN_POINT('',(-13.4557747151898,11.8405651636267,0.183967277366127));
#1172=CARTESIAN_POINT('',(-13.1235321270207,11.7004706848932,0.459677358763802));
#1173=CARTESIAN_POINT('',(-12.7912895388516,11.5603762061596,0.735387440161477));
#1174=CARTESIAN_POINT('',(-12.4590469506825,11.4202817274261,1.01109752155915));
#1175=CARTESIAN_POINT('',(-13.4534868040941,11.9526189807297,0.239755796760659));
#1176=CARTESIAN_POINT('',(-13.1213007077672,11.793848827853,0.505479025608253));
#1177=CARTESIAN_POINT('',(-12.7891146114403,11.6350786749763,0.771202254455846));
#1178=CARTESIAN_POINT('',(-12.4569285151134,11.4763085220996,1.03692548330344));
#1179=CARTESIAN_POINT('',(-13.4506992099368,12.0657847238125,0.305845253231667));
#1180=CARTESIAN_POINT('',(-13.1185819433517,11.888153575412,0.559737631140226));
#1181=CARTESIAN_POINT('',(-12.7864646767665,11.7105224270115,0.813630009048786));
#1182=CARTESIAN_POINT('',(-12.4543474101813,11.532891278611,1.06752238695735));
#1183=CARTESIAN_POINT('',(-13.4476241858771,12.1699825097325,0.376479252339457));
#1184=CARTESIAN_POINT('',(-13.1155828460946,11.9749850283759,0.617727248538137));
#1185=CARTESIAN_POINT('',(-12.7835415063122,11.7799875470193,0.858975244736818));
#1186=CARTESIAN_POINT('',(-12.4515001665297,11.5849900656626,1.1002232409355));
#1187=CARTESIAN_POINT('',(-13.4445974769578,12.2578803652365,0.443972232080923));
#1188=CARTESIAN_POINT('',(-13.1126308710072,12.0482332115151,0.673138128874484));
#1189=CARTESIAN_POINT('',(-12.7806642650566,11.8385860577938,0.902304025668042));
#1190=CARTESIAN_POINT('',(-12.448697659106,11.6289389040724,1.1314699224616));
#1191=CARTESIAN_POINT('',(-13.4416625129154,12.3326371903347,0.507695903338578));
#1192=CARTESIAN_POINT('',(-13.1097683754826,12.1105305404353,0.725454454752806));
#1193=CARTESIAN_POINT('',(-12.7778742380498,11.888423890536,0.943213006167034));
#1194=CARTESIAN_POINT('',(-12.445980100617,11.6663172406366,1.16097155758126));
#1195=CARTESIAN_POINT('',(-13.4382099686658,12.4107590807843,0.580810814305428));
#1196=CARTESIAN_POINT('',(-13.1064010795566,12.1756320893415,0.785480869320811));
#1197=CARTESIAN_POINT('',(-12.7745921904474,11.9405050978988,0.990150924336193));
#1198=CARTESIAN_POINT('',(-12.4427833013382,11.705378106456,1.19482097935158));
#1199=CARTESIAN_POINT('',(-13.4339469221556,12.4943100683691,0.668366248272774));
#1200=CARTESIAN_POINT('',(-13.102243293846,12.245257884021,0.857362770119143));
#1201=CARTESIAN_POINT('',(-12.7705396655365,11.9962056996728,1.04635929196551));
#1202=CARTESIAN_POINT('',(-12.4388360372269,11.7471535153246,1.23535581381188));
#1203=CARTESIAN_POINT('',(-13.4289022798977,12.577243035692,0.76805715257314));
#1204=CARTESIAN_POINT('',(-13.09732321112,12.314368662025,0.939207738143717));
#1205=CARTESIAN_POINT('',(-12.7657441423423,12.051494288358,1.1103583237143));
#1206=CARTESIAN_POINT('',(-12.4341650735647,11.788619914691,1.28150890928487));
#1207=CARTESIAN_POINT('',(-13.4241359628377,12.6435339848011,0.858855394929534));
#1208=CARTESIAN_POINT('',(-13.0926745813393,12.3696110971558,1.01375194350002));
#1209=CARTESIAN_POINT('',(-12.7612131998408,12.0956882095104,1.1686484920705));
#1210=CARTESIAN_POINT('',(-12.4297518183424,11.8217653218652,1.32354504064098));
#1211=CARTESIAN_POINT('',(-13.4197209433234,12.6970763046765,0.940515800338229));
#1212=CARTESIAN_POINT('',(-13.0883685750584,12.4142296789114,1.0807941006201));
#1213=CARTESIAN_POINT('',(-12.7570162067935,12.1313830531463,1.22107240090197));
#1214=CARTESIAN_POINT('',(-12.4256638385285,11.8485364273812,1.36135070118385));
#1215=CARTESIAN_POINT('',(-13.4150477306314,12.7471745539651,1.02476698566436));
#1216=CARTESIAN_POINT('',(-13.0838107507638,12.4559782030112,1.14996325519228));
#1217=CARTESIAN_POINT('',(-12.7525737708963,12.1647818520573,1.27515952472021));
#1218=CARTESIAN_POINT('',(-12.4213367910287,11.8735855011034,1.40035579424813));
#1219=CARTESIAN_POINT('',(-13.4091715463206,12.8012017650808,1.12752325008555));
#1220=CARTESIAN_POINT('',(-13.0780796579638,12.5010008606367,1.23432484499829));
#1221=CARTESIAN_POINT('',(-12.7469877696071,12.2007999561926,1.34112643991102));
#1222=CARTESIAN_POINT('',(-12.4158958812503,11.9005990517485,1.44792803482376));
#1223=CARTESIAN_POINT('',(-13.4021182269659,12.854234269253,1.24633845460809));
#1224=CARTESIAN_POINT('',(-13.0712004952912,12.5451945961452,1.33187062094614));
#1225=CARTESIAN_POINT('',(-12.7402827636164,12.2361549230374,1.41740278728419));
#1226=CARTESIAN_POINT('',(-12.4093650319416,11.9271152499296,1.50293495362225));
#1227=CARTESIAN_POINT('',(-13.394466496685,12.8997147976432,1.37024113789459));
#1228=CARTESIAN_POINT('',(-13.0637376973259,12.5830950210605,1.43359315243176));
#1229=CARTESIAN_POINT('',(-12.7330088979668,12.2664752444779,1.49694516696892));
#1230=CARTESIAN_POINT('',(-12.4022800986077,11.9498554678952,1.56029718150609));
#1231=CARTESIAN_POINT('',(-13.3869838579699,12.9342680498909,1.48702851535642));
#1232=CARTESIAN_POINT('',(-13.0564398158099,12.6118893862277,1.52947410808585));
#1233=CARTESIAN_POINT('',(-12.7258957736499,12.2895107225645,1.57191970081529));
#1234=CARTESIAN_POINT('',(-12.3953517314898,11.9671320589013,1.61436529354472));
#1235=CARTESIAN_POINT('',(-13.379634574415,12.9601884815909,1.59802144816789));
#1236=CARTESIAN_POINT('',(-13.0492719967224,12.6334897371949,1.62059789816919));
#1237=CARTESIAN_POINT('',(-12.7189094190298,12.3067909927989,1.64317434817048));
#1238=CARTESIAN_POINT('',(-12.3885468413372,11.9800922484029,1.66575079817178));
#1239=CARTESIAN_POINT('',(-13.371848067778,12.9803866973241,1.71212868310589));
#1240=CARTESIAN_POINT('',(-13.0416777502243,12.6503215767962,1.71427849080198));
#1241=CARTESIAN_POINT('',(-12.7115074326707,12.3202564562683,1.71642829849808));
#1242=CARTESIAN_POINT('',(-12.381337115117,11.9901913357404,1.71857810619417));
#1243=CARTESIAN_POINT('',(-13.3637327487163,12.9937398617031,1.82725815583626));
#1244=CARTESIAN_POINT('',(-13.0337628101572,12.6614492092544,1.8087983276957));
#1245=CARTESIAN_POINT('',(-12.7037928715983,12.3291585568057,1.79033849955514));
#1246=CARTESIAN_POINT('',(-12.3738229330392,11.9968679043569,1.77187867141458));
#1247=CARTESIAN_POINT('',(-13.3565449029648,12.9992252264648,1.92602359485683));
#1248=CARTESIAN_POINT('',(-13.0267524427395,12.6660203446974,1.8898835004634));
#1249=CARTESIAN_POINT('',(-12.6969599825143,12.3328154629299,1.85374340606996));
#1250=CARTESIAN_POINT('',(-12.367167522289,11.9996105811624,1.81760331167653));
#1251=CARTESIAN_POINT('',(-13.3524437485342,13.0000034905799,1.98117693130393));
#1252=CARTESIAN_POINT('',(-13.0227525517584,12.6666688978629,1.93516369016192));
#1253=CARTESIAN_POINT('',(-12.6930613549826,12.3333343051459,1.88915044901992));
#1254=CARTESIAN_POINT('',(-12.3633701582067,11.9999997124289,1.84313720787792));
#1255=CARTESIAN_POINT('',(-13.3510338488779,13.0000039698659,2.00000058812829));
#1256=CARTESIAN_POINT('',(-13.0213774645689,12.6666692972677,1.95061767366929));
#1257=CARTESIAN_POINT('',(-12.6917210802599,12.3333346246696,1.9012347592103));
#1258=CARTESIAN_POINT('',(-12.3620646959509,11.9999999520714,1.85185184475131));
#1259=FACE_BOUND('',#1260,.T.);
#1260=EDGE_LOOP('',(#1601,#1602,#1603,#1604));
#1261=CYLINDRICAL_SURFACE('',#1262,2.);
#1262=AXIS2_PLACEMENT_3D('',#1263,#1264,#1265);
#1263=CARTESIAN_POINT('',(22.,11.,-1.52655665885959E-14));
#1264=DIRECTION('',(6.93889390390723E-16,0.,1.));
#1265=DIRECTION('',(1.,0.,-6.93889390390723E-16));
#1266=FACE_BOUND('',#1267,.T.);
#1267=EDGE_LOOP('',(#1605,#1606,#1607,#1608));
#1268=CYLINDRICAL_SURFACE('',#1269,2.);
#1269=AXIS2_PLACEMENT_3D('',#1270,#1271,#1272);
#1270=CARTESIAN_POINT('',(22.,-1.,-1.52655665885959E-14));
#1271=DIRECTION('',(6.93889390390723E-16,0.,1.));
#1272=DIRECTION('',(1.,0.,-6.93889390390723E-16));
#1273=FACE_BOUND('',#1274,.T.);
#1274=EDGE_LOOP('',(#1609,#1610,#1611,#1612));
#1275=CYLINDRICAL_SURFACE('',#1276,2.);
#1276=AXIS2_PLACEMENT_3D('',#1277,#1278,#1279);
#1277=CARTESIAN_POINT('',(-22.,11.,1.52655665885959E-14));
#1278=DIRECTION('',(-6.93889390390723E-16,0.,-1.));
#1279=DIRECTION('',(-1.,0.,6.93889390390723E-16));
#1280=FACE_BOUND('',#1281,.T.);
#1281=EDGE_LOOP('',(#1613,#1614,#1615,#1616));
#1282=CYLINDRICAL_SURFACE('',#1283,2.);
#1283=AXIS2_PLACEMENT_3D('',#1284,#1285,#1286);
#1284=CARTESIAN_POINT('',(-22.,-1.,1.52655665885959E-14));
#1285=DIRECTION('',(-6.93889390390723E-16,0.,-1.));
#1286=DIRECTION('',(-1.,0.,6.93889390390723E-16));
#1287=ORIENTED_EDGE('',*,*,#1617,.F.);
#1288=ORIENTED_EDGE('',*,*,#1618,.T.);
#1289=ORIENTED_EDGE('',*,*,#1619,.T.);
#1290=ORIENTED_EDGE('',*,*,#1618,.F.);
#1291=ORIENTED_EDGE('',*,*,#1620,.F.);
#1292=ORIENTED_EDGE('',*,*,#1621,.T.);
#1293=ORIENTED_EDGE('',*,*,#1622,.T.);
#1294=ORIENTED_EDGE('',*,*,#1623,.F.);
#1295=ORIENTED_EDGE('',*,*,#1624,.F.);
#1296=ORIENTED_EDGE('',*,*,#1625,.F.);
#1297=ORIENTED_EDGE('',*,*,#1624,.T.);
#1298=ORIENTED_EDGE('',*,*,#1626,.F.);
#1299=ORIENTED_EDGE('',*,*,#1627,.F.);
#1300=ORIENTED_EDGE('',*,*,#1628,.T.);
#1301=ORIENTED_EDGE('',*,*,#1629,.F.);
#1302=ORIENTED_EDGE('',*,*,#1627,.T.);
#1303=ORIENTED_EDGE('',*,*,#1630,.F.);
#1304=ORIENTED_EDGE('',*,*,#1631,.F.);
#1305=ORIENTED_EDGE('',*,*,#1632,.T.);
#1306=ORIENTED_EDGE('',*,*,#1631,.T.);
#1307=ORIENTED_EDGE('',*,*,#1633,.F.);
#1308=ORIENTED_EDGE('',*,*,#1622,.F.);
#1309=ORIENTED_EDGE('',*,*,#1633,.T.);
#1310=ORIENTED_EDGE('',*,*,#1630,.T.);
#1311=ORIENTED_EDGE('',*,*,#1626,.T.);
#1312=ORIENTED_EDGE('',*,*,#1623,.T.);
#1313=ORIENTED_EDGE('',*,*,#1634,.F.);
#1314=ORIENTED_EDGE('',*,*,#1628,.F.);
#1315=ORIENTED_EDGE('',*,*,#1632,.F.);
#1316=ORIENTED_EDGE('',*,*,#1621,.F.);
#1317=ORIENTED_EDGE('',*,*,#1635,.F.);
#1318=ORIENTED_EDGE('',*,*,#1636,.F.);
#1319=ORIENTED_EDGE('',*,*,#1637,.T.);
#1320=ORIENTED_EDGE('',*,*,#1638,.T.);
#1321=ORIENTED_EDGE('',*,*,#1639,.F.);
#1322=ORIENTED_EDGE('',*,*,#1640,.F.);
#1323=ORIENTED_EDGE('',*,*,#1641,.T.);
#1324=ORIENTED_EDGE('',*,*,#1642,.T.);
#1325=ORIENTED_EDGE('',*,*,#1637,.F.);
#1326=ORIENTED_EDGE('',*,*,#1643,.F.);
#1327=ORIENTED_EDGE('',*,*,#1644,.T.);
#1328=ORIENTED_EDGE('',*,*,#1645,.T.);
#1329=ORIENTED_EDGE('',*,*,#1641,.F.);
#1330=ORIENTED_EDGE('',*,*,#1646,.F.);
#1331=ORIENTED_EDGE('',*,*,#1639,.T.);
#1332=ORIENTED_EDGE('',*,*,#1647,.T.);
#1333=ORIENTED_EDGE('',*,*,#1644,.F.);
#1334=ORIENTED_EDGE('',*,*,#1647,.F.);
#1335=ORIENTED_EDGE('',*,*,#1638,.F.);
#1336=ORIENTED_EDGE('',*,*,#1642,.F.);
#1337=ORIENTED_EDGE('',*,*,#1645,.F.);
#1338=ORIENTED_EDGE('',*,*,#1648,.F.);
#1339=ORIENTED_EDGE('',*,*,#1649,.T.);
#1340=ORIENTED_EDGE('',*,*,#1650,.F.);
#1341=ORIENTED_EDGE('',*,*,#1651,.F.);
#1342=ORIENTED_EDGE('',*,*,#1652,.F.);
#1343=ORIENTED_EDGE('',*,*,#1651,.T.);
#1344=ORIENTED_EDGE('',*,*,#1653,.F.);
#1345=ORIENTED_EDGE('',*,*,#1654,.F.);
#1346=ORIENTED_EDGE('',*,*,#1655,.F.);
#1347=ORIENTED_EDGE('',*,*,#1654,.T.);
#1348=ORIENTED_EDGE('',*,*,#1656,.F.);
#1349=ORIENTED_EDGE('',*,*,#1657,.F.);
#1350=ORIENTED_EDGE('',*,*,#1658,.F.);
#1351=ORIENTED_EDGE('',*,*,#1657,.T.);
#1352=ORIENTED_EDGE('',*,*,#1659,.F.);
#1353=ORIENTED_EDGE('',*,*,#1649,.F.);
#1354=ORIENTED_EDGE('',*,*,#1659,.T.);
#1355=ORIENTED_EDGE('',*,*,#1656,.T.);
#1356=ORIENTED_EDGE('',*,*,#1653,.T.);
#1357=ORIENTED_EDGE('',*,*,#1650,.T.);
#1358=ORIENTED_EDGE('',*,*,#1660,.F.);
#1359=ORIENTED_EDGE('',*,*,#1661,.F.);
#1360=ORIENTED_EDGE('',*,*,#1662,.T.);
#1361=ORIENTED_EDGE('',*,*,#1663,.F.);
#1362=ORIENTED_EDGE('',*,*,#1664,.F.);
#1363=ORIENTED_EDGE('',*,*,#1662,.F.);
#1364=ORIENTED_EDGE('',*,*,#1665,.F.);
#1365=ORIENTED_EDGE('',*,*,#1663,.T.);
#1366=ORIENTED_EDGE('',*,*,#1664,.T.);
#1367=ORIENTED_EDGE('',*,*,#1665,.T.);
#1368=ORIENTED_EDGE('',*,*,#1661,.T.);
#1369=ORIENTED_EDGE('',*,*,#1666,.T.);
#1370=ORIENTED_EDGE('',*,*,#1667,.F.);
#1371=ORIENTED_EDGE('',*,*,#1668,.F.);
#1372=ORIENTED_EDGE('',*,*,#1669,.F.);
#1373=ORIENTED_EDGE('',*,*,#1669,.T.);
#1374=ORIENTED_EDGE('',*,*,#1617,.T.);
#1375=ORIENTED_EDGE('',*,*,#1670,.F.);
#1376=ORIENTED_EDGE('',*,*,#1670,.T.);
#1377=ORIENTED_EDGE('',*,*,#1668,.T.);
#1378=ORIENTED_EDGE('',*,*,#1671,.T.);
#1379=ORIENTED_EDGE('',*,*,#1672,.F.);
#1380=ORIENTED_EDGE('',*,*,#1671,.F.);
#1381=ORIENTED_EDGE('',*,*,#1673,.T.);
#1382=ORIENTED_EDGE('',*,*,#1674,.F.);
#1383=ORIENTED_EDGE('',*,*,#1673,.F.);
#1384=ORIENTED_EDGE('',*,*,#1660,.T.);
#1385=ORIENTED_EDGE('',*,*,#1666,.F.);
#1386=ORIENTED_EDGE('',*,*,#1675,.F.);
#1387=ORIENTED_EDGE('',*,*,#1667,.T.);
#1388=ORIENTED_EDGE('',*,*,#1675,.T.);
#1389=ORIENTED_EDGE('',*,*,#1676,.F.);
#1390=ORIENTED_EDGE('',*,*,#1677,.T.);
#1391=ORIENTED_EDGE('',*,*,#1634,.T.);
#1392=ORIENTED_EDGE('',*,*,#1635,.T.);
#1393=ORIENTED_EDGE('',*,*,#1678,.F.);
#1394=ORIENTED_EDGE('',*,*,#1679,.F.);
#1395=ORIENTED_EDGE('',*,*,#1678,.T.);
#1396=ORIENTED_EDGE('',*,*,#1680,.F.);
#1397=ORIENTED_EDGE('',*,*,#1679,.T.);
#1398=ORIENTED_EDGE('',*,*,#1680,.T.);
#1399=ORIENTED_EDGE('',*,*,#1672,.T.);
#1400=ORIENTED_EDGE('',*,*,#1674,.T.);
#1401=ORIENTED_EDGE('',*,*,#1676,.T.);
#1402=ORIENTED_EDGE('',*,*,#1629,.T.);
#1403=ORIENTED_EDGE('',*,*,#1677,.F.);
#1404=ORIENTED_EDGE('',*,*,#1620,.T.);
#1405=ORIENTED_EDGE('',*,*,#1625,.T.);
#1406=ORIENTED_EDGE('',*,*,#1619,.F.);
#1407=ORIENTED_EDGE('',*,*,#1636,.T.);
#1408=ORIENTED_EDGE('',*,*,#1646,.T.);
#1409=ORIENTED_EDGE('',*,*,#1643,.T.);
#1410=ORIENTED_EDGE('',*,*,#1640,.T.);
#1411=ORIENTED_EDGE('',*,*,#1648,.T.);
#1412=ORIENTED_EDGE('',*,*,#1652,.T.);
#1413=ORIENTED_EDGE('',*,*,#1655,.T.);
#1414=ORIENTED_EDGE('',*,*,#1658,.T.);
#1415=ORIENTED_EDGE('',*,*,#1681,.T.);
#1416=ORIENTED_EDGE('',*,*,#1682,.F.);
#1417=ORIENTED_EDGE('',*,*,#1683,.T.);
#1418=ORIENTED_EDGE('',*,*,#1684,.F.);
#1419=ORIENTED_EDGE('',*,*,#1685,.F.);
#1420=ORIENTED_EDGE('',*,*,#1686,.F.);
#1421=ORIENTED_EDGE('',*,*,#1687,.F.);
#1422=ORIENTED_EDGE('',*,*,#1688,.F.);
#1423=ORIENTED_EDGE('',*,*,#1689,.F.);
#1424=ORIENTED_EDGE('',*,*,#1690,.T.);
#1425=ORIENTED_EDGE('',*,*,#1689,.T.);
#1426=ORIENTED_EDGE('',*,*,#1691,.T.);
#1427=ORIENTED_EDGE('',*,*,#1685,.T.);
#1428=ORIENTED_EDGE('',*,*,#1692,.F.);
#1429=ORIENTED_EDGE('',*,*,#1693,.F.);
#1430=ORIENTED_EDGE('',*,*,#1694,.F.);
#1431=ORIENTED_EDGE('',*,*,#1695,.F.);
#1432=ORIENTED_EDGE('',*,*,#1696,.F.);
#1433=ORIENTED_EDGE('',*,*,#1697,.F.);
#1434=ORIENTED_EDGE('',*,*,#1698,.F.);
#1435=ORIENTED_EDGE('',*,*,#1699,.F.);
#1436=ORIENTED_EDGE('',*,*,#1700,.F.);
#1437=ORIENTED_EDGE('',*,*,#1701,.F.);
#1438=ORIENTED_EDGE('',*,*,#1702,.F.);
#1439=ORIENTED_EDGE('',*,*,#1703,.F.);
#1440=ORIENTED_EDGE('',*,*,#1704,.T.);
#1441=ORIENTED_EDGE('',*,*,#1705,.F.);
#1442=ORIENTED_EDGE('',*,*,#1706,.T.);
#1443=ORIENTED_EDGE('',*,*,#1699,.T.);
#1444=ORIENTED_EDGE('',*,*,#1698,.T.);
#1445=ORIENTED_EDGE('',*,*,#1707,.T.);
#1446=ORIENTED_EDGE('',*,*,#1693,.T.);
#1447=ORIENTED_EDGE('',*,*,#1692,.T.);
#1448=ORIENTED_EDGE('',*,*,#1708,.T.);
#1449=ORIENTED_EDGE('',*,*,#1696,.T.);
#1450=ORIENTED_EDGE('',*,*,#1695,.T.);
#1451=ORIENTED_EDGE('',*,*,#1709,.T.);
#1452=ORIENTED_EDGE('',*,*,#1702,.T.);
#1453=ORIENTED_EDGE('',*,*,#1701,.T.);
#1454=ORIENTED_EDGE('',*,*,#1710,.T.);
#1455=ORIENTED_EDGE('',*,*,#1711,.T.);
#1456=ORIENTED_EDGE('',*,*,#1712,.T.);
#1457=ORIENTED_EDGE('',*,*,#1713,.T.);
#1458=ORIENTED_EDGE('',*,*,#1714,.T.);
#1459=ORIENTED_EDGE('',*,*,#1684,.T.);
#1460=ORIENTED_EDGE('',*,*,#1715,.T.);
#1461=ORIENTED_EDGE('',*,*,#1716,.F.);
#1462=ORIENTED_EDGE('',*,*,#1717,.T.);
#1463=ORIENTED_EDGE('',*,*,#1718,.T.);
#1464=ORIENTED_EDGE('',*,*,#1719,.F.);
#1465=ORIENTED_EDGE('',*,*,#1720,.F.);
#1466=ORIENTED_EDGE('',*,*,#1721,.F.);
#1467=ORIENTED_EDGE('',*,*,#1722,.T.);
#1468=ORIENTED_EDGE('',*,*,#1723,.F.);
#1469=ORIENTED_EDGE('',*,*,#1720,.T.);
#1470=ORIENTED_EDGE('',*,*,#1716,.T.);
#1471=ORIENTED_EDGE('',*,*,#1704,.F.);
#1472=ORIENTED_EDGE('',*,*,#1706,.F.);
#1473=ORIENTED_EDGE('',*,*,#1707,.F.);
#1474=ORIENTED_EDGE('',*,*,#1708,.F.);
#1475=ORIENTED_EDGE('',*,*,#1709,.F.);
#1476=ORIENTED_EDGE('',*,*,#1724,.F.);
#1477=ORIENTED_EDGE('',*,*,#1725,.T.);
#1478=ORIENTED_EDGE('',*,*,#1726,.T.);
#1479=ORIENTED_EDGE('',*,*,#1727,.T.);
#1480=ORIENTED_EDGE('',*,*,#1728,.F.);
#1481=ORIENTED_EDGE('',*,*,#1729,.T.);
#1482=ORIENTED_EDGE('',*,*,#1730,.T.);
#1483=ORIENTED_EDGE('',*,*,#1718,.F.);
#1484=ORIENTED_EDGE('',*,*,#1731,.F.);
#1485=ORIENTED_EDGE('',*,*,#1732,.T.);
#1486=ORIENTED_EDGE('',*,*,#1703,.T.);
#1487=ORIENTED_EDGE('',*,*,#1700,.T.);
#1488=ORIENTED_EDGE('',*,*,#1697,.T.);
#1489=ORIENTED_EDGE('',*,*,#1694,.T.);
#1490=ORIENTED_EDGE('',*,*,#1705,.T.);
#1491=ORIENTED_EDGE('',*,*,#1733,.F.);
#1492=ORIENTED_EDGE('',*,*,#1734,.T.);
#1493=ORIENTED_EDGE('',*,*,#1735,.T.);
#1494=ORIENTED_EDGE('',*,*,#1736,.T.);
#1495=ORIENTED_EDGE('',*,*,#1731,.T.);
#1496=ORIENTED_EDGE('',*,*,#1717,.F.);
#1497=ORIENTED_EDGE('',*,*,#1723,.T.);
#1498=ORIENTED_EDGE('',*,*,#1737,.T.);
#1499=ORIENTED_EDGE('',*,*,#1738,.T.);
#1500=ORIENTED_EDGE('',*,*,#1739,.T.);
#1501=ORIENTED_EDGE('',*,*,#1733,.T.);
#1502=ORIENTED_EDGE('',*,*,#1740,.T.);
#1503=ORIENTED_EDGE('',*,*,#1741,.T.);
#1504=ORIENTED_EDGE('',*,*,#1742,.T.);
#1505=ORIENTED_EDGE('',*,*,#1721,.T.);
#1506=ORIENTED_EDGE('',*,*,#1743,.F.);
#1507=ORIENTED_EDGE('',*,*,#1744,.F.);
#1508=ORIENTED_EDGE('',*,*,#1745,.T.);
#1509=ORIENTED_EDGE('',*,*,#1743,.T.);
#1510=ORIENTED_EDGE('',*,*,#1719,.T.);
#1511=ORIENTED_EDGE('',*,*,#1730,.F.);
#1512=ORIENTED_EDGE('',*,*,#1746,.T.);
#1513=ORIENTED_EDGE('',*,*,#1747,.F.);
#1514=ORIENTED_EDGE('',*,*,#1748,.T.);
#1515=ORIENTED_EDGE('',*,*,#1749,.T.);
#1516=ORIENTED_EDGE('',*,*,#1750,.T.);
#1517=ORIENTED_EDGE('',*,*,#1688,.T.);
#1518=ORIENTED_EDGE('',*,*,#1687,.T.);
#1519=ORIENTED_EDGE('',*,*,#1751,.T.);
#1520=ORIENTED_EDGE('',*,*,#1728,.T.);
#1521=ORIENTED_EDGE('',*,*,#1752,.T.);
#1522=ORIENTED_EDGE('',*,*,#1753,.F.);
#1523=ORIENTED_EDGE('',*,*,#1754,.T.);
#1524=ORIENTED_EDGE('',*,*,#1747,.T.);
#1525=ORIENTED_EDGE('',*,*,#1755,.T.);
#1526=ORIENTED_EDGE('',*,*,#1756,.F.);
#1527=ORIENTED_EDGE('',*,*,#1757,.T.);
#1528=ORIENTED_EDGE('',*,*,#1758,.F.);
#1529=ORIENTED_EDGE('',*,*,#1759,.T.);
#1530=ORIENTED_EDGE('',*,*,#1753,.T.);
#1531=ORIENTED_EDGE('',*,*,#1760,.T.);
#1532=ORIENTED_EDGE('',*,*,#1726,.F.);
#1533=ORIENTED_EDGE('',*,*,#1761,.T.);
#1534=ORIENTED_EDGE('',*,*,#1690,.F.);
#1535=ORIENTED_EDGE('',*,*,#1691,.F.);
#1536=ORIENTED_EDGE('',*,*,#1762,.F.);
#1537=ORIENTED_EDGE('',*,*,#1763,.T.);
#1538=ORIENTED_EDGE('',*,*,#1756,.T.);
#1539=ORIENTED_EDGE('',*,*,#1764,.T.);
#1540=ORIENTED_EDGE('',*,*,#1765,.T.);
#1541=ORIENTED_EDGE('',*,*,#1766,.T.);
#1542=ORIENTED_EDGE('',*,*,#1762,.T.);
#1543=ORIENTED_EDGE('',*,*,#1767,.T.);
#1544=ORIENTED_EDGE('',*,*,#1724,.T.);
#1545=ORIENTED_EDGE('',*,*,#1768,.T.);
#1546=ORIENTED_EDGE('',*,*,#1686,.T.);
#1547=ORIENTED_EDGE('',*,*,#1769,.T.);
#1548=ORIENTED_EDGE('',*,*,#1758,.T.);
#1549=ORIENTED_EDGE('',*,*,#1770,.T.);
#1550=ORIENTED_EDGE('',*,*,#1765,.F.);
#1551=ORIENTED_EDGE('',*,*,#1771,.T.);
#1552=ORIENTED_EDGE('',*,*,#1735,.F.);
#1553=ORIENTED_EDGE('',*,*,#1772,.T.);
#1554=ORIENTED_EDGE('',*,*,#1682,.T.);
#1555=ORIENTED_EDGE('',*,*,#1773,.T.);
#1556=ORIENTED_EDGE('',*,*,#1744,.T.);
#1557=ORIENTED_EDGE('',*,*,#1774,.T.);
#1558=ORIENTED_EDGE('',*,*,#1749,.F.);
#1559=ORIENTED_EDGE('',*,*,#1775,.T.);
#1560=ORIENTED_EDGE('',*,*,#1769,.F.);
#1561=ORIENTED_EDGE('',*,*,#1768,.F.);
#1562=ORIENTED_EDGE('',*,*,#1732,.F.);
#1563=ORIENTED_EDGE('',*,*,#1736,.F.);
#1564=ORIENTED_EDGE('',*,*,#1771,.F.);
#1565=ORIENTED_EDGE('',*,*,#1774,.F.);
#1566=ORIENTED_EDGE('',*,*,#1746,.F.);
#1567=ORIENTED_EDGE('',*,*,#1729,.F.);
#1568=ORIENTED_EDGE('',*,*,#1751,.F.);
#1569=ORIENTED_EDGE('',*,*,#1750,.F.);
#1570=ORIENTED_EDGE('',*,*,#1739,.F.);
#1571=ORIENTED_EDGE('',*,*,#1776,.T.);
#1572=ORIENTED_EDGE('',*,*,#1772,.F.);
#1573=ORIENTED_EDGE('',*,*,#1734,.F.);
#1574=ORIENTED_EDGE('',*,*,#1773,.F.);
#1575=ORIENTED_EDGE('',*,*,#1777,.T.);
#1576=ORIENTED_EDGE('',*,*,#1740,.F.);
#1577=ORIENTED_EDGE('',*,*,#1745,.F.);
#1578=ORIENTED_EDGE('',*,*,#1778,.F.);
#1579=ORIENTED_EDGE('',*,*,#1712,.F.);
#1580=ORIENTED_EDGE('',*,*,#1711,.F.);
#1581=ORIENTED_EDGE('',*,*,#1779,.F.);
#1582=ORIENTED_EDGE('',*,*,#1737,.F.);
#1583=ORIENTED_EDGE('',*,*,#1722,.F.);
#1584=ORIENTED_EDGE('',*,*,#1742,.F.);
#1585=ORIENTED_EDGE('',*,*,#1779,.T.);
#1586=ORIENTED_EDGE('',*,*,#1710,.F.);
#1587=ORIENTED_EDGE('',*,*,#1780,.F.);
#1588=ORIENTED_EDGE('',*,*,#1738,.F.);
#1589=ORIENTED_EDGE('',*,*,#1778,.T.);
#1590=ORIENTED_EDGE('',*,*,#1741,.F.);
#1591=ORIENTED_EDGE('',*,*,#1781,.F.);
#1592=ORIENTED_EDGE('',*,*,#1713,.F.);
#1593=ORIENTED_EDGE('',*,*,#1780,.T.);
#1594=ORIENTED_EDGE('',*,*,#1715,.F.);
#1595=ORIENTED_EDGE('',*,*,#1683,.F.);
#1596=ORIENTED_EDGE('',*,*,#1776,.F.);
#1597=ORIENTED_EDGE('',*,*,#1781,.T.);
#1598=ORIENTED_EDGE('',*,*,#1777,.F.);
#1599=ORIENTED_EDGE('',*,*,#1681,.F.);
#1600=ORIENTED_EDGE('',*,*,#1714,.F.);
#1601=ORIENTED_EDGE('',*,*,#1766,.F.);
#1602=ORIENTED_EDGE('',*,*,#1770,.F.);
#1603=ORIENTED_EDGE('',*,*,#1757,.F.);
#1604=ORIENTED_EDGE('',*,*,#1763,.F.);
#1605=ORIENTED_EDGE('',*,*,#1761,.F.);
#1606=ORIENTED_EDGE('',*,*,#1725,.F.);
#1607=ORIENTED_EDGE('',*,*,#1767,.F.);
#1608=ORIENTED_EDGE('',*,*,#1764,.F.);
#1609=ORIENTED_EDGE('',*,*,#1748,.F.);
#1610=ORIENTED_EDGE('',*,*,#1754,.F.);
#1611=ORIENTED_EDGE('',*,*,#1759,.F.);
#1612=ORIENTED_EDGE('',*,*,#1775,.F.);
#1613=ORIENTED_EDGE('',*,*,#1760,.F.);
#1614=ORIENTED_EDGE('',*,*,#1755,.F.);
#1615=ORIENTED_EDGE('',*,*,#1752,.F.);
#1616=ORIENTED_EDGE('',*,*,#1727,.F.);
#1617=EDGE_CURVE('',#1782,#1782,#1783,.T.);
#1618=EDGE_CURVE('',#1784,#1784,#1785,.T.);
#1619=EDGE_CURVE('',#1786,#1786,#1787,.T.);
#1620=EDGE_CURVE('',#1788,#1789,#1790,.T.);
#1621=EDGE_CURVE('',#1788,#1791,#1792,.T.);
#1622=EDGE_CURVE('',#1791,#1793,#1794,.T.);
#1623=EDGE_CURVE('',#1795,#1793,#1796,.T.);
#1624=EDGE_CURVE('',#1789,#1795,#1797,.T.);
#1625=EDGE_CURVE('',#1789,#1798,#1799,.T.);
#1626=EDGE_CURVE('',#1800,#1795,#1801,.T.);
#1627=EDGE_CURVE('',#1798,#1800,#1802,.T.);
#1628=EDGE_CURVE('',#1803,#1804,#1805,.T.);
#1629=EDGE_CURVE('',#1798,#1804,#1806,.T.);
#1630=EDGE_CURVE('',#1807,#1800,#1808,.T.);
#1631=EDGE_CURVE('',#1803,#1807,#1809,.T.);
#1632=EDGE_CURVE('',#1791,#1803,#1810,.T.);
#1633=EDGE_CURVE('',#1793,#1807,#1811,.T.);
#1634=EDGE_CURVE('',#1804,#1812,#1813,.T.);
#1635=EDGE_CURVE('',#1812,#1788,#1814,.T.);
#1636=EDGE_CURVE('',#1815,#1816,#1817,.T.);
#1637=EDGE_CURVE('',#1815,#1818,#1819,.T.);
#1638=EDGE_CURVE('',#1818,#1820,#1821,.T.);
#1639=EDGE_CURVE('',#1816,#1820,#1822,.T.);
#1640=EDGE_CURVE('',#1823,#1815,#1824,.T.);
#1641=EDGE_CURVE('',#1823,#1825,#1826,.T.);
#1642=EDGE_CURVE('',#1825,#1818,#1827,.T.);
#1643=EDGE_CURVE('',#1828,#1823,#1829,.T.);
#1644=EDGE_CURVE('',#1828,#1830,#1831,.T.);
#1645=EDGE_CURVE('',#1830,#1825,#1832,.T.);
#1646=EDGE_CURVE('',#1816,#1828,#1833,.T.);
#1647=EDGE_CURVE('',#1820,#1830,#1834,.T.);
#1648=EDGE_CURVE('',#1835,#1836,#1837,.T.);
#1649=EDGE_CURVE('',#1835,#1838,#1839,.T.);
#1650=EDGE_CURVE('',#1840,#1838,#1841,.T.);
#1651=EDGE_CURVE('',#1836,#1840,#1842,.T.);
#1652=EDGE_CURVE('',#1836,#1843,#1844,.T.);
#1653=EDGE_CURVE('',#1845,#1840,#1846,.T.);
#1654=EDGE_CURVE('',#1843,#1845,#1847,.T.);
#1655=EDGE_CURVE('',#1843,#1848,#1849,.T.);
#1656=EDGE_CURVE('',#1850,#1845,#1851,.T.);
#1657=EDGE_CURVE('',#1848,#1850,#1852,.T.);
#1658=EDGE_CURVE('',#1848,#1835,#1853,.T.);
#1659=EDGE_CURVE('',#1838,#1850,#1854,.T.);
#1660=EDGE_CURVE('',#1855,#1856,#1857,.T.);
#1661=EDGE_CURVE('',#1858,#1855,#1859,.T.);
#1662=EDGE_CURVE('',#1858,#1860,#1861,.T.);
#1663=EDGE_CURVE('',#1856,#1860,#1862,.T.);
#1664=EDGE_CURVE('',#1860,#1863,#1864,.T.);
#1665=EDGE_CURVE('',#1863,#1858,#1865,.T.);
#1666=EDGE_CURVE('',#1855,#1856,#1866,.T.);
#1667=EDGE_CURVE('',#1867,#1867,#1868,.T.);
#1668=EDGE_CURVE('',#1869,#1869,#1870,.T.);
#1669=EDGE_CURVE('',#1871,#1871,#1872,.T.);
#1670=EDGE_CURVE('',#1873,#1873,#1874,.T.);
#1671=EDGE_CURVE('',#1875,#1875,#1876,.T.);
#1672=EDGE_CURVE('',#1877,#1877,#1878,.T.);
#1673=EDGE_CURVE('',#1879,#1879,#1880,.T.);
#1674=EDGE_CURVE('',#1881,#1881,#1882,.T.);
#1675=EDGE_CURVE('',#1883,#1883,#1884,.T.);
#1676=EDGE_CURVE('',#1885,#1885,#1886,.T.);
#1677=EDGE_CURVE('',#1788,#1804,#1887,.T.);
#1678=EDGE_CURVE('',#1888,#1888,#1889,.T.);
#1679=EDGE_CURVE('',#1890,#1890,#1891,.T.);
#1680=EDGE_CURVE('',#1892,#1892,#1893,.T.);
#1681=EDGE_CURVE('',#1894,#1895,#1896,.T.);
#1682=EDGE_CURVE('',#1897,#1895,#1898,.T.);
#1683=EDGE_CURVE('',#1897,#1899,#1900,.T.);
#1684=EDGE_CURVE('',#1894,#1899,#1901,.T.);
#1685=EDGE_CURVE('',#1902,#1902,#1903,.T.);
#1686=EDGE_CURVE('',#1904,#1904,#1905,.T.);
#1687=EDGE_CURVE('',#1906,#1907,#1908,.T.);
#1688=EDGE_CURVE('',#1907,#1906,#1909,.T.);
#1689=EDGE_CURVE('',#1910,#1910,#1911,.T.);
#1690=EDGE_CURVE('',#1912,#1912,#1913,.T.);
#1691=EDGE_CURVE('',#1914,#1914,#1915,.T.);
#1692=EDGE_CURVE('',#1916,#1917,#1918,.T.);
#1693=EDGE_CURVE('',#1917,#1916,#1919,.T.);
#1694=EDGE_CURVE('',#1920,#1920,#1921,.T.);
#1695=EDGE_CURVE('',#1922,#1923,#1924,.T.);
#1696=EDGE_CURVE('',#1923,#1922,#1925,.T.);
#1697=EDGE_CURVE('',#1926,#1926,#1927,.T.);
#1698=EDGE_CURVE('',#1928,#1929,#1930,.T.);
#1699=EDGE_CURVE('',#1929,#1928,#1931,.T.);
#1700=EDGE_CURVE('',#1932,#1932,#1933,.T.);
#1701=EDGE_CURVE('',#1934,#1935,#1936,.T.);
#1702=EDGE_CURVE('',#1935,#1934,#1937,.T.);
#1703=EDGE_CURVE('',#1938,#1938,#1939,.T.);
#1704=EDGE_CURVE('',#1940,#1940,#1941,.T.);
#1705=EDGE_CURVE('',#1942,#1942,#1943,.T.);
#1706=EDGE_CURVE('',#1944,#1944,#1945,.T.);
#1707=EDGE_CURVE('',#1946,#1946,#1947,.T.);
#1708=EDGE_CURVE('',#1948,#1948,#1949,.T.);
#1709=EDGE_CURVE('',#1950,#1950,#1951,.T.);
#1710=EDGE_CURVE('',#1952,#1953,#1954,.T.);
#1711=EDGE_CURVE('',#1953,#1955,#1956,.T.);
#1712=EDGE_CURVE('',#1955,#1957,#1958,.T.);
#1713=EDGE_CURVE('',#1957,#1959,#1960,.T.);
#1714=EDGE_CURVE('',#1959,#1894,#1961,.T.);
#1715=EDGE_CURVE('',#1899,#1952,#1962,.T.);
#1716=EDGE_CURVE('',#1963,#1963,#1964,.T.);
#1717=EDGE_CURVE('',#1965,#1966,#1967,.T.);
#1718=EDGE_CURVE('',#1966,#1968,#1969,.T.);
#1719=EDGE_CURVE('',#1970,#1968,#1971,.T.);
#1720=EDGE_CURVE('',#1965,#1970,#1972,.T.);
#1721=EDGE_CURVE('',#1973,#1970,#1974,.T.);
#1722=EDGE_CURVE('',#1973,#1975,#1976,.T.);
#1723=EDGE_CURVE('',#1965,#1975,#1977,.T.);
#1724=EDGE_CURVE('',#1978,#1979,#1980,.T.);
#1725=EDGE_CURVE('',#1978,#1981,#1982,.T.);
#1726=EDGE_CURVE('',#1981,#1983,#1984,.T.);
#1727=EDGE_CURVE('',#1983,#1985,#1986,.T.);
#1728=EDGE_CURVE('',#1987,#1985,#1988,.T.);
#1729=EDGE_CURVE('',#1987,#1989,#1990,.T.);
#1730=EDGE_CURVE('',#1989,#1968,#1991,.T.);
#1731=EDGE_CURVE('',#1992,#1966,#1993,.T.);
#1732=EDGE_CURVE('',#1992,#1979,#1994,.T.);
#1733=EDGE_CURVE('',#1995,#1965,#1996,.T.);
#1734=EDGE_CURVE('',#1995,#1997,#1998,.T.);
#1735=EDGE_CURVE('',#1997,#1999,#2000,.T.);
#1736=EDGE_CURVE('',#1999,#1992,#2001,.T.);
#1737=EDGE_CURVE('',#1975,#2002,#2003,.T.);
#1738=EDGE_CURVE('',#2002,#2004,#2005,.T.);
#1739=EDGE_CURVE('',#2004,#1995,#2006,.T.);
#1740=EDGE_CURVE('',#2007,#2008,#2009,.T.);
#1741=EDGE_CURVE('',#2008,#2010,#2011,.T.);
#1742=EDGE_CURVE('',#2010,#1973,#2012,.T.);
#1743=EDGE_CURVE('',#2007,#1970,#2013,.T.);
#1744=EDGE_CURVE('',#2014,#2015,#2016,.T.);
#1745=EDGE_CURVE('',#2014,#2007,#2017,.T.);
#1746=EDGE_CURVE('',#1989,#2015,#2018,.T.);
#1747=EDGE_CURVE('',#2019,#2020,#2021,.T.);
#1748=EDGE_CURVE('',#2019,#2022,#2023,.T.);
#1749=EDGE_CURVE('',#2022,#2024,#2025,.T.);
#1750=EDGE_CURVE('',#2024,#1907,#2026,.T.);
#1751=EDGE_CURVE('',#1907,#1987,#2027,.T.);
#1752=EDGE_CURVE('',#1985,#2020,#2028,.T.);
#1753=EDGE_CURVE('',#2029,#2030,#2031,.T.);
#1754=EDGE_CURVE('',#2029,#2019,#2032,.T.);
#1755=EDGE_CURVE('',#2020,#2030,#2033,.T.);
#1756=EDGE_CURVE('',#2034,#2035,#2036,.T.);
#1757=EDGE_CURVE('',#2034,#2037,#2038,.T.);
#1758=EDGE_CURVE('',#2039,#2037,#2040,.T.);
#1759=EDGE_CURVE('',#2039,#2029,#2041,.T.);
#1760=EDGE_CURVE('',#2030,#1983,#2042,.T.);
#1761=EDGE_CURVE('',#1981,#2035,#2043,.T.);
#1762=EDGE_CURVE('',#2044,#2045,#2046,.T.);
#1763=EDGE_CURVE('',#2044,#2034,#2047,.T.);
#1764=EDGE_CURVE('',#2035,#2045,#2048,.T.);
#1765=EDGE_CURVE('',#2049,#2050,#2051,.T.);
#1766=EDGE_CURVE('',#2050,#2044,#2052,.T.);
#1767=EDGE_CURVE('',#2045,#1978,#2053,.T.);
#1768=EDGE_CURVE('',#1979,#1904,#2054,.T.);
#1769=EDGE_CURVE('',#1904,#2049,#2055,.T.);
#1770=EDGE_CURVE('',#2037,#2050,#2056,.T.);
#1771=EDGE_CURVE('',#2049,#1999,#2057,.T.);
#1772=EDGE_CURVE('',#1997,#1897,#2058,.T.);
#1773=EDGE_CURVE('',#1895,#2014,#2059,.T.);
#1774=EDGE_CURVE('',#2015,#2024,#2060,.T.);
#1775=EDGE_CURVE('',#2022,#2039,#2061,.T.);
#1776=EDGE_CURVE('',#2004,#1897,#2062,.T.);
#1777=EDGE_CURVE('',#1895,#2008,#2063,.T.);
#1778=EDGE_CURVE('',#1957,#2010,#2064,.T.);
#1779=EDGE_CURVE('',#2002,#1953,#2065,.T.);
#1780=EDGE_CURVE('',#2004,#1952,#2066,.T.);
#1781=EDGE_CURVE('',#1959,#2008,#2067,.T.);
#1782=VERTEX_POINT('',#2068);
#1783=CIRCLE('',#2069,6.74);
#1784=VERTEX_POINT('',#2073);
#1785=CIRCLE('',#2074,0.999999999999997);
#1786=VERTEX_POINT('',#2078);
#1787=CIRCLE('',#2079,0.999999999999996);
#1788=VERTEX_POINT('',#2083);
#1789=VERTEX_POINT('',#2084);
#1790=LINE('',#2085,#2086);
#1791=VERTEX_POINT('',#2088);
#1792=LINE('',#2089,#2090);
#1793=VERTEX_POINT('',#2092);
#1794=LINE('',#2093,#2094);
#1795=VERTEX_POINT('',#2096);
#1796=LINE('',#2097,#2098);
#1797=LINE('',#2100,#2101);
#1798=VERTEX_POINT('',#2103);
#1799=LINE('',#2104,#2105);
#1800=VERTEX_POINT('',#2107);
#1801=LINE('',#2108,#2109);
#1802=LINE('',#2111,#2112);
#1803=VERTEX_POINT('',#2114);
#1804=VERTEX_POINT('',#2115);
#1805=LINE('',#2116,#2117);
#1806=LINE('',#2119,#2120);
#1807=VERTEX_POINT('',#2122);
#1808=LINE('',#2123,#2124);
#1809=LINE('',#2126,#2127);
#1810=LINE('',#2129,#2130);
#1811=LINE('',#2132,#2133);
#1812=VERTEX_POINT('',#2135);
#1813=CIRCLE('',#2136,12.15);
#1814=CIRCLE('',#2140,12.15);
#1815=VERTEX_POINT('',#2144);
#1816=VERTEX_POINT('',#2145);
#1817=LINE('',#2146,#2147);
#1818=VERTEX_POINT('',#2149);
#1819=LINE('',#2150,#2151);
#1820=VERTEX_POINT('',#2153);
#1821=LINE('',#2154,#2155);
#1822=LINE('',#2157,#2158);
#1823=VERTEX_POINT('',#2160);
#1824=LINE('',#2161,#2162);
#1825=VERTEX_POINT('',#2164);
#1826=LINE('',#2165,#2166);
#1827=LINE('',#2168,#2169);
#1828=VERTEX_POINT('',#2171);
#1829=LINE('',#2172,#2173);
#1830=VERTEX_POINT('',#2175);
#1831=LINE('',#2176,#2177);
#1832=LINE('',#2179,#2180);
#1833=LINE('',#2182,#2183);
#1834=LINE('',#2185,#2186);
#1835=VERTEX_POINT('',#2188);
#1836=VERTEX_POINT('',#2189);
#1837=LINE('',#2190,#2191);
#1838=VERTEX_POINT('',#2193);
#1839=LINE('',#2194,#2195);
#1840=VERTEX_POINT('',#2197);
#1841=LINE('',#2198,#2199);
#1842=LINE('',#2201,#2202);
#1843=VERTEX_POINT('',#2204);
#1844=LINE('',#2205,#2206);
#1845=VERTEX_POINT('',#2208);
#1846=LINE('',#2209,#2210);
#1847=LINE('',#2212,#2213);
#1848=VERTEX_POINT('',#2215);
#1849=LINE('',#2216,#2217);
#1850=VERTEX_POINT('',#2219);
#1851=LINE('',#2220,#2221);
#1852=LINE('',#2223,#2224);
#1853=LINE('',#2226,#2227);
#1854=LINE('',#2229,#2230);
#1855=VERTEX_POINT('',#2232);
#1856=VERTEX_POINT('',#2233);
#1857=LINE('',#2234,#2235);
#1858=VERTEX_POINT('',#2237);
#1859=LINE('',#2238,#2239);
#1860=VERTEX_POINT('',#2241);
#1861=LINE('',#2242,#2243);
#1862=LINE('',#2245,#2246);
#1863=VERTEX_POINT('',#2248);
#1864=CIRCLE('',#2249,1.99);
#1865=CIRCLE('',#2253,1.99);
#1866=CIRCLE('',#2257,1.99);
#1867=VERTEX_POINT('',#2261);
#1868=CIRCLE('',#2262,1.98999999999999);
#1869=VERTEX_POINT('',#2266);
#1870=CIRCLE('',#2267,1.);
#1871=VERTEX_POINT('',#2271);
#1872=CIRCLE('',#2272,1.);
#1873=VERTEX_POINT('',#2276);
#1874=CIRCLE('',#2277,6.74);
#1875=VERTEX_POINT('',#2281);
#1876=CIRCLE('',#2282,1.2295);
#1877=VERTEX_POINT('',#2286);
#1878=CIRCLE('',#2287,1.2295);
#1879=VERTEX_POINT('',#2291);
#1880=CIRCLE('',#2292,1.2295);
#1881=VERTEX_POINT('',#2296);
#1882=CIRCLE('',#2297,1.2295);
#1883=VERTEX_POINT('',#2301);
#1884=CIRCLE('',#2302,3.5);
#1885=VERTEX_POINT('',#2306);
#1886=CIRCLE('',#2307,3.5);
#1887=CIRCLE('',#2311,12.15);
#1888=VERTEX_POINT('',#2315);
#1889=CIRCLE('',#2316,12.15);
#1890=VERTEX_POINT('',#2320);
#1891=CIRCLE('',#2321,12.4);
#1892=VERTEX_POINT('',#2325);
#1893=CIRCLE('',#2326,12.4);
#1894=VERTEX_POINT('',#2330);
#1895=VERTEX_POINT('',#2331);
#1896=LINE('',#2332,#2333);
#1897=VERTEX_POINT('',#2335);
#1898=CIRCLE('',#2336,13.5);
#1899=VERTEX_POINT('',#2340);
#1900=LINE('',#2341,#2342);
#1901=B_SPLINE_CURVE_WITH_KNOTS('',3,
(#2344,#2345,#2346,#2347,#2348,#2349,#2350,#2351,#2352,#2353,#2354,#2355,#2356,#2357,
#2358,#2359,#2360,#2361,#2362,#2363,#2364,#2365,#2366,#2367,#2368,#2369,#2370,#2371,
#2372,#2373,#2374,#2375,#2376,#2377,#2378,#2379,#2380,#2381,#2382,#2383,#2384,#2385,
#2386,#2387,#2388,#2389,#2390,#2391,#2392,#2393,#2394),
.UNSPECIFIED.,.F.,.F.,
(4,1,1,1,1,1,1,1,1,1,1,1,1,1,1,1,1,1,1,1,1,1,1,3,1,1,1,1,1,1,1,1,1,1,1,1,1,1,1,1,
1,1,1,1,1,1,4),
(0.,0.0220947248023596,0.0441894496047192,0.0662841744070788,0.0883788992094384,
0.110473624011798,0.132568348814158,0.154663073616517,0.176757798418877,0.198852523221236,
0.220947248023596,0.243041972825956,0.265136697628315,0.287231422430675,0.309326147233034,
0.331420872035394,0.353515596837753,0.375610321640113,0.397705046442473,0.419799771244832,
0.441894496047192,0.463989220849551,0.486083945651911,0.5,0.52209472480236,0.544189449604719,
0.566284174407079,0.588378899209438,0.610473624011798,0.632568348814157,0.654663073616517,
0.676757798418877,0.698852523221236,0.720947248023596,0.743041972825956,0.765136697628315,
0.787231422430675,0.809326147233034,0.831420872035394,0.853515596837753,0.875610321640113,
0.897705046442473,0.919799771244832,0.941894496047192,0.963989220849551,0.986083945651911,
1.),
.UNSPECIFIED.);
#1902=VERTEX_POINT('',#2395);
#1903=B_SPLINE_CURVE_WITH_KNOTS('',3,
(#2396,#2397,#2398,#2399,#2400,#2401,#2402,#2403,#2404,#2405,#2406,#2407,#2408,#2409,
#2410,#2411,#2412,#2413,#2414,#2415,#2416,#2417,#2418,#2419,#2420,#2421,#2422,#2423,
#2424,#2425,#2426,#2427,#2428,#2429,#2430,#2431,#2432,#2433,#2434,#2435,#2436,#2437,
#2438,#2439,#2440,#2441,#2442,#2443,#2444,#2445,#2446,#2447,#2448,#2449,#2450,#2451,
#2452,#2453,#2454,#2455,#2456,#2457,#2458,#2459,#2460,#2461,#2462,#2463,#2464,#2465,
#2466,#2467,#2468,#2469,#2470,#2471,#2472,#2473,#2474,#2475,#2476,#2477,#2478,#2479,
#2480,#2481,#2482,#2483,#2484,#2485,#2486,#2487,#2488,#2489,#2490,#2491,#2492,#2493,
#2494,#2495,#2496,#2497,#2498,#2499,#2500),
.UNSPECIFIED.,.T.,.F.,
(4,1,1,1,1,1,1,1,1,1,1,1,1,1,1,1,1,1,1,1,1,1,1,1,1,1,1,1,1,1,1,1,1,1,1,1,1,1,1,1,
1,1,1,1,1,1,1,1,1,1,3,1,1,1,1,1,1,1,1,1,1,1,1,1,1,1,1,1,1,1,1,1,1,1,1,1,1,1,1,1,
1,1,1,1,1,1,1,1,1,1,1,1,1,1,1,1,1,1,1,1,4),
(0.,0.0100015915494371,0.0200031830988743,0.0300047746483114,0.0400063661977485,
0.0500079577471856,0.0600095492966228,0.0700111408460599,0.080012732395497,0.0900143239449341,
0.100015915494371,0.110017507043808,0.120019098593246,0.130020690142683,0.14002228169212,
0.150023873241557,0.160025464790994,0.170027056340431,0.180028647889868,0.190030239439305,
0.200031830988743,0.21003342253818,0.220035014087617,0.230036605637054,0.240038197186491,
0.250039788735928,0.260041380285365,0.270042971834802,0.28004456338424,0.290046154933677,
0.300047746483114,0.310049338032551,0.320050929581988,0.330052521131425,0.340054112680862,
0.350055704230299,0.360057295779737,0.370058887329174,0.380060478878611,0.390062070428048,
0.400063661977485,0.410065253526922,0.420066845076359,0.430068436625796,0.440070028175234,
0.450071619724671,0.460073211274108,0.470074802823545,0.480076394372982,0.490077985922419,
0.50000000000031,0.510001591549735,0.52000318309916,0.530004774648584,0.540006366198009,
0.550007957747434,0.560009549296859,0.570011140846283,0.580012732395708,0.590014323945133,
0.600015915494557,0.610017507043982,0.620019098593407,0.630020690142832,0.640022281692256,
0.650023873241681,0.660025464791106,0.670027056340531,0.680028647889955,0.69003023943938,
0.700031830988805,0.710033422538229,0.720035014087654,0.730036605637079,0.740038197186503,
0.750039788735928,0.760041380285353,0.770042971834777,0.780044563384202,0.790046154933627,
0.800047746483052,0.810049338032476,0.820050929581901,0.830052521131326,0.840054112680751,
0.850055704230175,0.8600572957796,0.870058887329025,0.880060478878449,0.890062070427874,
0.900063661977299,0.910065253526724,0.920066845076149,0.930068436625573,0.940070028174998,
0.950071619724423,0.960073211273848,0.970074802823272,0.980076394372697,0.990077985922122,
1.),
.UNSPECIFIED.);
#1904=VERTEX_POINT('',#2501);
#1905=CIRCLE('',#2502,2.49999999999999);
#1906=VERTEX_POINT('',#2506);
#1907=VERTEX_POINT('',#2507);
#1908=CIRCLE('',#2508,2.49999999999999);
#1909=CIRCLE('',#2512,2.49999999999999);
#1910=VERTEX_POINT('',#2516);
#1911=B_SPLINE_CURVE_WITH_KNOTS('',3,
(#2517,#2518,#2519,#2520,#2521,#2522,#2523,#2524,#2525,#2526,#2527,#2528,#2529,#2530,
#2531,#2532,#2533,#2534,#2535,#2536,#2537,#2538,#2539,#2540,#2541,#2542,#2543,#2544,
#2545,#2546,#2547,#2548,#2549,#2550,#2551,#2552,#2553,#2554,#2555,#2556,#2557,#2558,
#2559,#2560,#2561,#2562,#2563,#2564,#2565,#2566,#2567,#2568,#2569,#2570,#2571,#2572,
#2573,#2574,#2575,#2576,#2577,#2578,#2579,#2580,#2581,#2582,#2583,#2584,#2585,#2586,
#2587,#2588,#2589,#2590,#2591,#2592,#2593,#2594,#2595,#2596,#2597,#2598,#2599,#2600,
#2601,#2602,#2603,#2604,#2605,#2606,#2607,#2608,#2609,#2610,#2611,#2612,#2613,#2614,
#2615,#2616,#2617,#2618,#2619,#2620,#2621),
.UNSPECIFIED.,.T.,.F.,
(4,1,1,1,1,1,1,1,1,1,1,1,1,1,1,1,1,1,1,1,1,1,1,1,1,1,1,1,1,1,1,1,1,1,1,1,1,1,1,1,
1,1,1,1,1,1,1,1,1,1,3,1,1,1,1,1,1,1,1,1,1,1,1,1,1,1,1,1,1,1,1,1,1,1,1,1,1,1,1,1,
1,1,1,1,1,1,1,1,1,1,1,1,1,1,1,1,1,1,1,1,4),
(0.,0.0100015915494371,0.0200031830988742,0.0300047746483114,0.0400063661977485,
0.0500079577471856,0.0600095492966227,0.0700111408460599,0.080012732395497,0.0900143239449341,
0.100015915494371,0.110017507043808,0.120019098593245,0.130020690142683,0.14002228169212,
0.150023873241557,0.160025464790994,0.170027056340431,0.180028647889868,0.190030239439305,
0.200031830988743,0.21003342253818,0.220035014087617,0.230036605637054,0.240038197186491,
0.250039788735928,0.260041380285365,0.270042971834802,0.280044563384239,0.290046154933677,
0.300047746483114,0.310049338032551,0.320050929581988,0.330052521131425,0.340054112680862,
0.350055704230299,0.360057295779737,0.370058887329174,0.380060478878611,0.390062070428048,
0.400063661977485,0.410065253526922,0.420066845076359,0.430068436625796,0.440070028175234,
0.450071619724671,0.460073211274108,0.470074802823545,0.480076394372982,0.490077985922419,
0.50000000000031,0.510001591549735,0.52000318309916,0.530004774648584,0.540006366198009,
0.550007957747434,0.560009549296859,0.570011140846283,0.580012732395708,0.590014323945133,
0.600015915494557,0.610017507043982,0.620019098593407,0.630020690142831,0.640022281692256,
0.650023873241681,0.660025464791106,0.67002705634053,0.680028647889955,0.69003023943938,
0.700031830988805,0.710033422538229,0.720035014087654,0.730036605637079,0.740038197186503,
0.750039788735928,0.760041380285353,0.770042971834777,0.780044563384202,0.790046154933627,
0.800047746483052,0.810049338032476,0.820050929581901,0.830052521131326,0.840054112680751,
0.850055704230175,0.8600572957796,0.870058887329025,0.880060478878449,0.890062070427874,
0.900063661977299,0.910065253526724,0.920066845076148,0.930068436625573,0.940070028174998,
0.950071619724423,0.960073211273847,0.970074802823272,0.980076394372697,0.990077985922122,
1.),
.UNSPECIFIED.);
#1912=VERTEX_POINT('',#2622);
#1913=CIRCLE('',#2623,1.5);
#1914=VERTEX_POINT('',#2627);
#1915=CIRCLE('',#2628,1.5);
#1916=VERTEX_POINT('',#2632);
#1917=VERTEX_POINT('',#2633);
#1918=CIRCLE('',#2634,1.5);
#1919=CIRCLE('',#2638,1.5);
#1920=VERTEX_POINT('',#2642);
#1921=CIRCLE('',#2643,2.5);
#1922=VERTEX_POINT('',#2647);
#1923=VERTEX_POINT('',#2648);
#1924=CIRCLE('',#2649,1.5);
#1925=CIRCLE('',#2653,1.5);
#1926=VERTEX_POINT('',#2657);
#1927=CIRCLE('',#2658,2.49999999999999);
#1928=VERTEX_POINT('',#2662);
#1929=VERTEX_POINT('',#2663);
#1930=CIRCLE('',#2664,1.5);
#1931=CIRCLE('',#2668,1.5);
#1932=VERTEX_POINT('',#2672);
#1933=CIRCLE('',#2673,2.5);
#1934=VERTEX_POINT('',#2677);
#1935=VERTEX_POINT('',#2678);
#1936=CIRCLE('',#2679,1.5);
#1937=CIRCLE('',#2683,1.5);
#1938=VERTEX_POINT('',#2687);
#1939=CIRCLE('',#2688,2.49999999999999);
#1940=VERTEX_POINT('',#2692);
#1941=CIRCLE('',#2693,3.55);
#1942=VERTEX_POINT('',#2697);
#1943=CIRCLE('',#2698,3.55);
#1944=VERTEX_POINT('',#2702);
#1945=CIRCLE('',#2703,1.5);
#1946=VERTEX_POINT('',#2707);
#1947=CIRCLE('',#2708,1.5);
#1948=VERTEX_POINT('',#2712);
#1949=CIRCLE('',#2713,1.5);
#1950=VERTEX_POINT('',#2717);
#1951=CIRCLE('',#2718,1.5);
#1952=VERTEX_POINT('',#2722);
#1953=VERTEX_POINT('',#2723);
#1954=LINE('',#2724,#2725);
#1955=VERTEX_POINT('',#2727);
#1956=CIRCLE('',#2728,12.5);
#1957=VERTEX_POINT('',#2732);
#1958=CIRCLE('',#2733,12.5);
#1959=VERTEX_POINT('',#2737);
#1960=LINE('',#2738,#2739);
#1961=B_SPLINE_CURVE_WITH_KNOTS('',3,
(#2741,#2742,#2743,#2744,#2745,#2746,#2747,#2748,#2749,#2750,#2751,#2752,#2753,#2754,
#2755,#2756,#2757,#2758,#2759,#2760,#2761,#2762,#2763,#2764,#2765,#2766,#2767,#2768,
#2769,#2770,#2771,#2772,#2773,#2774,#2775,#2776,#2777,#2778,#2779,#2780,#2781,#2782,
#2783),
.UNSPECIFIED.,.F.,.F.,
(4,1,1,1,1,1,1,1,1,1,1,1,1,1,1,1,1,1,1,1,1,1,1,1,1,1,1,1,1,1,1,1,1,1,1,1,1,1,1,1,
4),
(0.,0.0221563794581282,0.0442682336665107,0.0663313832341598,0.0883955249694607,
0.110524131790178,0.140253979312477,0.177546457185391,0.217424586365349,0.252344226286133,
0.292084632151767,0.331794983606681,0.371280508744359,0.398186509957713,0.422565148652828,
0.444296770263074,0.46591960035355,0.48731613355852,0.508552752106345,0.529542093984606,
0.550461739913993,0.571275462836345,0.592023069605182,0.612660229899566,0.63328049780896,
0.656103669333334,0.681087913929653,0.717279983940307,0.753469883528958,0.789496592927378,
0.81398875266932,0.836087058826591,0.855591339953033,0.874918037679702,0.893734508198366,
0.912201898122093,0.930158490621957,0.947940194674664,0.96542220628388,0.98277788357164,
1.),
.UNSPECIFIED.);
#1962=B_SPLINE_CURVE_WITH_KNOTS('',3,
(#2784,#2785,#2786,#2787,#2788,#2789,#2790,#2791,#2792,#2793,#2794,#2795,#2796,#2797,
#2798,#2799,#2800,#2801,#2802,#2803,#2804,#2805,#2806,#2807),
.UNSPECIFIED.,.F.,.F.,
(4,1,1,1,1,1,1,1,1,1,1,1,1,1,1,1,1,1,1,1,1,4),
(0.,0.0448142448688409,0.0920380081101674,0.141918962688973,0.194925099514257,0.248711216074641,
0.301367766505156,0.352178383627065,0.399029144578517,0.443607143963672,0.499017126504452,
0.554017613633967,0.60838226635321,0.650215672430614,0.693098579182043,0.7373768467475,
0.782130666496233,0.827296341113149,0.872340183990022,0.916051489188864,0.958564453167227,
1.),
.UNSPECIFIED.);
#1963=VERTEX_POINT('',#2808);
#1964=CIRCLE('',#2809,12.5);
#1965=VERTEX_POINT('',#2813);
#1966=VERTEX_POINT('',#2814);
#1967=LINE('',#2815,#2816);
#1968=VERTEX_POINT('',#2818);
#1969=CIRCLE('',#2819,15.);
#1970=VERTEX_POINT('',#2823);
#1971=LINE('',#2824,#2825);
#1972=CIRCLE('',#2827,15.);
#1973=VERTEX_POINT('',#2831);
#1974=LINE('',#2832,#2833);
#1975=VERTEX_POINT('',#2835);
#1976=CIRCLE('',#2836,13.5);
#1977=LINE('',#2840,#2841);
#1978=VERTEX_POINT('',#2843);
#1979=VERTEX_POINT('',#2844);
#1980=LINE('',#2845,#2846);
#1981=VERTEX_POINT('',#2848);
#1982=LINE('',#2849,#2850);
#1983=VERTEX_POINT('',#2852);
#1984=LINE('',#2853,#2854);
#1985=VERTEX_POINT('',#2856);
#1986=LINE('',#2857,#2858);
#1987=VERTEX_POINT('',#2860);
#1988=LINE('',#2861,#2862);
#1989=VERTEX_POINT('',#2864);
#1990=CIRCLE('',#2865,2.);
#1991=LINE('',#2869,#2870);
#1992=VERTEX_POINT('',#2872);
#1993=LINE('',#2873,#2874);
#1994=CIRCLE('',#2876,2.);
#1995=VERTEX_POINT('',#2880);
#1996=LINE('',#2881,#2882);
#1997=VERTEX_POINT('',#2884);
#1998=CIRCLE('',#2885,2.);
#1999=VERTEX_POINT('',#2889);
#2000=LINE('',#2890,#2891);
#2001=LINE('',#2893,#2894);
#2002=VERTEX_POINT('',#2896);
#2003=LINE('',#2897,#2898);
#2004=VERTEX_POINT('',#2900);
#2005=LINE('',#2901,#2902);
#2006=LINE('',#2904,#2905);
#2007=VERTEX_POINT('',#2907);
#2008=VERTEX_POINT('',#2908);
#2009=LINE('',#2909,#2910);
#2010=VERTEX_POINT('',#2912);
#2011=LINE('',#2913,#2914);
#2012=LINE('',#2916,#2917);
#2013=LINE('',#2919,#2920);
#2014=VERTEX_POINT('',#2922);
#2015=VERTEX_POINT('',#2923);
#2016=LINE('',#2924,#2925);
#2017=CIRCLE('',#2927,2.);
#2018=LINE('',#2931,#2932);
#2019=VERTEX_POINT('',#2934);
#2020=VERTEX_POINT('',#2935);
#2021=LINE('',#2936,#2937);
#2022=VERTEX_POINT('',#2939);
#2023=CIRCLE('',#2940,2.);
#2024=VERTEX_POINT('',#2944);
#2025=LINE('',#2945,#2946);
#2026=LINE('',#2948,#2949);
#2027=LINE('',#2951,#2952);
#2028=CIRCLE('',#2954,2.);
#2029=VERTEX_POINT('',#2958);
#2030=VERTEX_POINT('',#2959);
#2031=LINE('',#2960,#2961);
#2032=LINE('',#2963,#2964);
#2033=LINE('',#2966,#2967);
#2034=VERTEX_POINT('',#2969);
#2035=VERTEX_POINT('',#2970);
#2036=LINE('',#2971,#2972);
#2037=VERTEX_POINT('',#2974);
#2038=CIRCLE('',#2975,2.);
#2039=VERTEX_POINT('',#2979);
#2040=LINE('',#2980,#2981);
#2041=CIRCLE('',#2983,2.);
#2042=CIRCLE('',#2987,2.);
#2043=CIRCLE('',#2991,2.);
#2044=VERTEX_POINT('',#2995);
#2045=VERTEX_POINT('',#2996);
#2046=LINE('',#2997,#2998);
#2047=LINE('',#3000,#3001);
#2048=LINE('',#3003,#3004);
#2049=VERTEX_POINT('',#3006);
#2050=VERTEX_POINT('',#3007);
#2051=LINE('',#3008,#3009);
#2052=CIRCLE('',#3011,2.);
#2053=CIRCLE('',#3015,2.);
#2054=LINE('',#3019,#3020);
#2055=LINE('',#3022,#3023);
#2056=LINE('',#3025,#3026);
#2057=CIRCLE('',#3028,2.);
#2058=LINE('',#3032,#3033);
#2059=LINE('',#3035,#3036);
#2060=CIRCLE('',#3038,2.);
#2061=LINE('',#3042,#3043);
#2062=B_SPLINE_CURVE_WITH_KNOTS('',3,
(#3045,#3046,#3047,#3048,#3049,#3050,#3051,#3052,#3053,#3054,#3055,#3056,#3057,#3058,
#3059,#3060,#3061,#3062,#3063,#3064,#3065,#3066,#3067,#3068,#3069,#3070,#3071,#3072,
#3073,#3074,#3075,#3076,#3077,#3078,#3079,#3080,#3081,#3082,#3083,#3084,#3085,#3086,
#3087,#3088,#3089,#3090,#3091,#3092,#3093,#3094,#3095,#3096,#3097,#3098,#3099,#3100,
#3101,#3102,#3103,#3104,#3105,#3106,#3107,#3108,#3109,#3110,#3111,#3112,#3113,#3114,
#3115,#3116,#3117,#3118,#3119,#3120,#3121,#3122,#3123,#3124,#3125,#3126,#3127,#3128,
#3129,#3130,#3131,#3132,#3133,#3134),
.UNSPECIFIED.,.F.,.F.,
(4,1,1,1,1,1,1,1,1,1,1,1,1,1,1,1,1,1,1,1,1,1,1,1,1,1,1,1,1,1,1,1,1,1,1,1,1,1,1,1,
1,1,1,1,1,1,1,1,1,1,1,1,1,1,1,1,1,1,1,1,1,1,1,1,1,1,1,1,1,1,1,1,1,1,1,1,1,1,1,1,
1,1,1,1,1,1,1,4),
(0.,0.0188969944143449,0.0378799934927091,0.0569201668692626,0.0760010362116416,
0.0950865337513943,0.114251710382727,0.133495738229025,0.152805704013473,0.172128790531904,
0.191261841600749,0.210197855030973,0.228744073307046,0.247089332067516,0.264873518665564,
0.282274955664513,0.299085939916614,0.315673819003703,0.33152000457751,0.346845698856988,
0.361300669084596,0.375423564388526,0.388735433365047,0.401596756893702,0.413868539232669,
0.426060480181021,0.437532190954101,0.448386868388582,0.458151601324528,0.467406485711113,
0.475523467963965,0.482918723086831,0.491356346638615,0.499681804271382,0.507894334529708,
0.513674056592648,0.519304663264434,0.524788245986269,0.530241003040922,0.535749523082348,
0.541344394969823,0.547323158578196,0.553608501163262,0.560419873718284,0.5674551817297,
0.575046498909251,0.582975617487616,0.591371082456899,0.599890231405964,0.608814631690809,
0.618016386602252,0.627644073647396,0.637416466521988,0.647490882051272,0.657716389448948,
0.668097773528594,0.67847472499248,0.68888503347341,0.699329003625263,0.709877951640154,
0.720604148029315,0.731488097506037,0.742283505505718,0.752555538675528,0.762626689203949,
0.772717588997056,0.782912166719469,0.793195797650034,0.803547929237981,0.813873238803971,
0.824132981976302,0.834241571468305,0.844249861003389,0.854125519448798,0.863945856868457,
0.873738492499117,0.883540281499561,0.893448661067266,0.90344812913924,0.913613309588474,
0.923854001556063,0.934312971040765,0.944933386123962,0.955788473396671,0.966721315682774,
0.977777707028831,0.988874523051874,1.),
.UNSPECIFIED.);
#2063=B_SPLINE_CURVE_WITH_KNOTS('',3,
(#3135,#3136,#3137,#3138,#3139,#3140,#3141,#3142,#3143,#3144,#3145,#3146,#3147,#3148,
#3149,#3150,#3151,#3152,#3153,#3154,#3155,#3156,#3157,#3158,#3159,#3160,#3161,#3162,
#3163,#3164,#3165,#3166,#3167,#3168,#3169,#3170,#3171,#3172,#3173,#3174,#3175,#3176,
#3177,#3178,#3179,#3180,#3181,#3182,#3183,#3184,#3185,#3186,#3187,#3188,#3189,#3190,
#3191,#3192,#3193,#3194,#3195,#3196,#3197,#3198,#3199,#3200,#3201,#3202,#3203,#3204,
#3205,#3206,#3207,#3208,#3209,#3210,#3211,#3212,#3213,#3214,#3215,#3216,#3217,#3218,
#3219,#3220),
.UNSPECIFIED.,.F.,.F.,
(4,1,1,1,1,1,1,1,1,1,1,1,1,1,1,1,1,1,1,1,1,1,1,1,1,1,1,1,1,1,1,1,1,1,1,1,1,1,1,1,
1,1,1,1,1,1,1,1,1,1,1,1,1,1,1,1,1,1,1,1,1,1,1,1,1,1,1,1,1,1,1,1,1,1,1,1,1,1,1,1,
1,1,1,4),
(0.,0.0159053663446446,0.0321023183621386,0.0485422049351271,0.065165907193537,0.0818601913876015,
0.0985085033914372,0.115107409769836,0.131544139810086,0.147911392028273,0.163772429612251,
0.179181435751115,0.193837072428176,0.208112639811784,0.221510968584365,0.234299825190008,
0.246983689314077,0.26014664128341,0.273202199115848,0.285989581349884,0.298348696646558,
0.310504282597734,0.322246272974976,0.333766661638463,0.345009050322198,0.356205353586239,
0.368322378407602,0.381410723287859,0.395392839405438,0.409297848003204,0.423058519471817,
0.436745055037215,0.449207234850472,0.460511376795408,0.470700865314409,0.48103011913593,
0.491385617578809,0.501150340458992,0.510303556362256,0.519421467465007,0.528621292823943,
0.53795605902489,0.547515680534477,0.557234519538254,0.567260769947278,0.577461052690936,
0.587875501857185,0.598314905441975,0.608952591998993,0.619737299860959,0.630761042216734,
0.641860488365986,0.653129103841271,0.66448506711669,0.675931418010021,0.687382470239009,
0.698842531169263,0.710312562797393,0.721808175748801,0.733321505374946,0.744873601758338,
0.756451889325243,0.771969928613421,0.787436805854778,0.802826558790591,0.814122585215646,
0.825300298355579,0.836174546174295,0.846853300082598,0.857247705065699,0.867553531872305,
0.877553977538129,0.887340000830118,0.899846558742749,0.912068672631325,0.924002396467016,
0.935547312987266,0.94980954818971,0.963963558267409,0.975160289519113,0.983477927961964,
0.991758533819697,0.999593202596614,1.),
.UNSPECIFIED.);
#2064=B_SPLINE_CURVE_WITH_KNOTS('',3,
(#3221,#3222,#3223,#3224,#3225,#3226,#3227,#3228,#3229,#3230,#3231,#3232),
.UNSPECIFIED.,.F.,.F.,
(4,1,1,1,1,1,1,1,1,4),
(0.,0.051574861862422,0.104374419141284,0.158392304453974,0.214805022186368,0.272411573765516,
0.368687410006781,0.519649802469923,0.742571915621669,1.),
.UNSPECIFIED.);
#2065=B_SPLINE_CURVE_WITH_KNOTS('',3,
(#3233,#3234,#3235,#3236,#3237,#3238,#3239,#3240),
.UNSPECIFIED.,.F.,.F.,
(4,1,1,1,1,4),
(0.,0.205942995658251,0.454261063503955,0.676482003732955,0.872562210325332,1.),
.UNSPECIFIED.);
#2066=LINE('',#3241,#3242);
#2067=LINE('',#3244,#3245);
#2068=CARTESIAN_POINT('',(6.74,1.5753244100832E-14,-27.075));
#2069=AXIS2_PLACEMENT_3D('',#2070,#2071,#2072);
#2070=CARTESIAN_POINT('',(0.,1.66533453693773E-14,-27.075));
#2071=DIRECTION('',(0.,6.33841270068449E-16,-1.));
#2072=DIRECTION('',(1.,1.22464679914735E-16,7.7623168255682E-32));
#2073=CARTESIAN_POINT('',(1.22464679914735E-16,1.00000000000001,-27.075));
#2074=AXIS2_PLACEMENT_3D('',#2075,#2076,#2077);
#2075=CARTESIAN_POINT('',(0.,1.65423230669148E-14,-27.075));
#2076=DIRECTION('',(0.,6.33841270068449E-16,-1.));
#2077=DIRECTION('',(-1.83697019872103E-16,1.,6.33841270068449E-16));
#2078=CARTESIAN_POINT('',(1.22464679914735E-16,1.00000000000001,-25.575));
#2079=AXIS2_PLACEMENT_3D('',#2080,#2081,#2082);
#2080=CARTESIAN_POINT('',(0.,1.59872115546023E-14,-25.575));
#2081=DIRECTION('',(0.,6.12323399573677E-16,-1.));
#2082=DIRECTION('',(-1.83697019872103E-16,1.,6.12323399573677E-16));
#2083=CARTESIAN_POINT('',(7.,-9.93088616388286,-25.575));
#2084=CARTESIAN_POINT('',(7.,-9.20999999999999,-25.575));
#2085=CARTESIAN_POINT('',(7.,-9.93088616388286,-25.575));
#2086=VECTOR('',#2087,1.);
#2087=DIRECTION('',(0.,1.,0.));
#2088=CARTESIAN_POINT('',(7.,-17.51,-25.575));
#2089=CARTESIAN_POINT('',(7.,-9.93088616388286,-25.575));
#2090=VECTOR('',#2091,1.);
#2091=DIRECTION('',(-3.51562902565592E-16,-1.,-4.68750536754122E-16));
#2092=CARTESIAN_POINT('',(7.,-17.51,-30.275));
#2093=CARTESIAN_POINT('',(7.,-17.51,-25.575));
#2094=VECTOR('',#2095,1.);
#2095=DIRECTION('',(0.,0.,-1.));
#2096=CARTESIAN_POINT('',(7.,-9.20999999999998,-30.275));
#2097=CARTESIAN_POINT('',(7.,-9.20999999999998,-30.275));
#2098=VECTOR('',#2099,1.);
#2099=DIRECTION('',(-2.14018896313283E-16,-1.,-4.28037792626565E-16));
#2100=CARTESIAN_POINT('',(7.,-9.20999999999999,-25.575));
#2101=VECTOR('',#2102,1.);
#2102=DIRECTION('',(0.,7.55896527404362E-16,-1.));
#2103=CARTESIAN_POINT('',(-7.,-9.20999999999999,-25.575));
#2104=CARTESIAN_POINT('',(7.,-9.20999999999999,-25.575));
#2105=VECTOR('',#2106,1.);
#2106=DIRECTION('',(-1.,-2.53765262771464E-16,-5.07530525542929E-16));
#2107=CARTESIAN_POINT('',(-7.,-9.20999999999998,-30.275));
#2108=CARTESIAN_POINT('',(-7.,-9.20999999999998,-30.275));
#2109=VECTOR('',#2110,1.);
#2110=DIRECTION('',(1.,0.,0.));
#2111=CARTESIAN_POINT('',(-7.,-9.20999999999999,-25.575));
#2112=VECTOR('',#2113,1.);
#2113=DIRECTION('',(0.,7.55896527404362E-16,-1.));
#2114=CARTESIAN_POINT('',(-7.,-17.51,-25.575));
#2115=CARTESIAN_POINT('',(-7.,-9.93088616388286,-25.575));
#2116=CARTESIAN_POINT('',(-7.,-17.51,-25.575));
#2117=VECTOR('',#2118,1.);
#2118=DIRECTION('',(-2.34375268377061E-16,1.,9.37501073508244E-16));
#2119=CARTESIAN_POINT('',(-7.,-9.20999999999999,-25.575));
#2120=VECTOR('',#2121,1.);
#2121=DIRECTION('',(0.,-1.,0.));
#2122=CARTESIAN_POINT('',(-7.,-17.51,-30.275));
#2123=CARTESIAN_POINT('',(-7.,-17.51,-30.275));
#2124=VECTOR('',#2125,1.);
#2125=DIRECTION('',(-2.14018896313283E-16,1.,8.5607558525313E-16));
#2126=CARTESIAN_POINT('',(-7.,-17.51,-25.575));
#2127=VECTOR('',#2128,1.);
#2128=DIRECTION('',(0.,7.55896527404362E-16,-1.));
#2129=CARTESIAN_POINT('',(7.,-17.51,-25.575));
#2130=VECTOR('',#2131,1.);
#2131=DIRECTION('',(-1.,0.,0.));
#2132=CARTESIAN_POINT('',(7.,-17.51,-30.275));
#2133=VECTOR('',#2134,1.);
#2134=DIRECTION('',(-1.,0.,-2.53765262771464E-16));
#2135=CARTESIAN_POINT('',(1.48794586096404E-15,-12.15,-25.575));
#2136=AXIS2_PLACEMENT_3D('',#2137,#2138,#2139);
#2137=CARTESIAN_POINT('',(0.,1.06581410364015E-14,-25.575));
#2138=DIRECTION('',(0.,-6.12323399573677E-16,1.));
#2139=DIRECTION('',(-0.576131687242798,-0.817356885916285,-5.00486747049214E-16));
#2140=AXIS2_PLACEMENT_3D('',#2141,#2142,#2143);
#2141=CARTESIAN_POINT('',(0.,1.06581410364015E-14,-25.575));
#2142=DIRECTION('',(0.,-6.12323399573677E-16,1.));
#2143=DIRECTION('',(-1.83697019872103E-16,-1.,-6.12323399573677E-16));
#2144=CARTESIAN_POINT('',(6.40831372302207,7.72955465905555,-25.575));
#2145=CARTESIAN_POINT('',(4.70217543638817,6.68595888152388,-25.575));
#2146=CARTESIAN_POINT('',(6.40831372302207,7.72955465905555,-25.575));
#2147=VECTOR('',#2148,1.);
#2148=DIRECTION('',(-0.853069143316952,-0.521797888765834,-1.77635683940025E-15));
#2149=CARTESIAN_POINT('',(6.40831372302207,7.72955465905555,-29.275));
#2150=CARTESIAN_POINT('',(6.40831372302207,7.72955465905555,-25.575));
#2151=VECTOR('',#2152,1.);
#2152=DIRECTION('',(2.40048221540574E-16,4.80096443081149E-16,-1.));
#2153=CARTESIAN_POINT('',(4.70217543638817,6.68595888152388,-29.275));
#2154=CARTESIAN_POINT('',(6.40831372302207,7.72955465905555,-29.275));
#2155=VECTOR('',#2156,1.);
#2156=DIRECTION('',(-0.853069143316952,-0.521797888765834,0.));
#2157=CARTESIAN_POINT('',(4.70217543638817,6.68595888152388,-25.575));
#2158=VECTOR('',#2159,1.);
#2159=DIRECTION('',(0.,7.20144664621723E-16,-1.));
#2160=CARTESIAN_POINT('',(9.8,2.18460522749536,-25.575));
#2161=CARTESIAN_POINT('',(9.8,2.18460522749536,-25.575));
#2162=VECTOR('',#2163,1.);
#2163=DIRECTION('',(-0.521797888765835,0.853069143316951,5.46571335200077E-16));
#2164=CARTESIAN_POINT('',(9.8,2.18460522749536,-29.275));
#2165=CARTESIAN_POINT('',(9.8,2.18460522749536,-25.575));
#2166=VECTOR('',#2167,1.);
#2167=DIRECTION('',(0.,4.80096443081148E-16,-1.));
#2168=CARTESIAN_POINT('',(9.8,2.18460522749536,-29.275));
#2169=VECTOR('',#2170,1.);
#2170=DIRECTION('',(-0.521797888765835,0.853069143316951,0.));
#2171=CARTESIAN_POINT('',(8.0938617133661,1.14100944996369,-25.575));
#2172=CARTESIAN_POINT('',(8.0938617133661,1.14100944996369,-25.575));
#2173=VECTOR('',#2174,1.);
#2174=DIRECTION('',(0.85306914331695,0.521797888765837,0.));
#2175=CARTESIAN_POINT('',(8.0938617133661,1.14100944996369,-29.275));
#2176=CARTESIAN_POINT('',(8.0938617133661,1.14100944996369,-25.575));
#2177=VECTOR('',#2178,1.);
#2178=DIRECTION('',(0.,6.00120553851436E-16,-1.));
#2179=CARTESIAN_POINT('',(8.0938617133661,1.14100944996369,-29.275));
#2180=VECTOR('',#2181,1.);
#2181=DIRECTION('',(0.85306914331695,0.521797888765837,1.77635683940025E-15));
#2182=CARTESIAN_POINT('',(4.70217543638817,6.68595888152388,-25.575));
#2183=VECTOR('',#2184,1.);
#2184=DIRECTION('',(0.521797888765835,-0.853069143316951,0.));
#2185=CARTESIAN_POINT('',(4.70217543638817,6.68595888152388,-29.275));
#2186=VECTOR('',#2187,1.);
#2187=DIRECTION('',(0.521797888765835,-0.853069143316951,0.));
#2188=CARTESIAN_POINT('',(-4.70217543638817,6.68595888152388,-25.575));
#2189=CARTESIAN_POINT('',(-6.40831372302207,7.72955465905555,-25.575));
#2190=CARTESIAN_POINT('',(-4.70217543638817,6.68595888152388,-25.575));
#2191=VECTOR('',#2192,1.);
#2192=DIRECTION('',(-0.853069143316952,0.521797888765834,1.77635683940025E-15));
#2193=CARTESIAN_POINT('',(-4.70217543638817,6.68595888152388,-29.275));
#2194=CARTESIAN_POINT('',(-4.70217543638817,6.68595888152388,-25.575));
#2195=VECTOR('',#2196,1.);
#2196=DIRECTION('',(0.,7.20144664621723E-16,-1.));
#2197=CARTESIAN_POINT('',(-6.40831372302207,7.72955465905555,-29.275));
#2198=CARTESIAN_POINT('',(-6.40831372302207,7.72955465905555,-29.275));
#2199=VECTOR('',#2200,1.);
#2200=DIRECTION('',(0.853069143316952,-0.521797888765834,0.));
#2201=CARTESIAN_POINT('',(-6.40831372302207,7.72955465905555,-25.575));
#2202=VECTOR('',#2203,1.);
#2203=DIRECTION('',(-2.40048221540574E-16,4.80096443081149E-16,-1.));
#2204=CARTESIAN_POINT('',(-9.8,2.18460522749536,-25.575));
#2205=CARTESIAN_POINT('',(-6.40831372302207,7.72955465905555,-25.575));
#2206=VECTOR('',#2207,1.);
#2207=DIRECTION('',(-0.521797888765835,-0.853069143316951,0.));
#2208=CARTESIAN_POINT('',(-9.8,2.18460522749536,-29.275));
#2209=CARTESIAN_POINT('',(-9.8,2.18460522749536,-29.275));
#2210=VECTOR('',#2211,1.);
#2211=DIRECTION('',(0.521797888765835,0.853069143316951,0.));
#2212=CARTESIAN_POINT('',(-9.8,2.18460522749536,-25.575));
#2213=VECTOR('',#2214,1.);
#2214=DIRECTION('',(0.,4.80096443081148E-16,-1.));
#2215=CARTESIAN_POINT('',(-8.0938617133661,1.14100944996369,-25.575));
#2216=CARTESIAN_POINT('',(-9.8,2.18460522749536,-25.575));
#2217=VECTOR('',#2218,1.);
#2218=DIRECTION('',(0.85306914331695,-0.521797888765837,0.));
#2219=CARTESIAN_POINT('',(-8.0938617133661,1.14100944996369,-29.275));
#2220=CARTESIAN_POINT('',(-8.0938617133661,1.14100944996369,-29.275));
#2221=VECTOR('',#2222,1.);
#2222=DIRECTION('',(-0.85306914331695,0.521797888765837,1.77635683940025E-15));
#2223=CARTESIAN_POINT('',(-8.0938617133661,1.14100944996369,-25.575));
#2224=VECTOR('',#2225,1.);
#2225=DIRECTION('',(0.,6.00120553851436E-16,-1.));
#2226=CARTESIAN_POINT('',(-8.0938617133661,1.14100944996369,-25.575));
#2227=VECTOR('',#2228,1.);
#2228=DIRECTION('',(0.521797888765835,0.853069143316951,5.46571335200077E-16));
#2229=CARTESIAN_POINT('',(-4.70217543638817,6.68595888152388,-29.275));
#2230=VECTOR('',#2231,1.);
#2231=DIRECTION('',(-0.521797888765835,-0.853069143316951,0.));
#2232=CARTESIAN_POINT('',(-1.37349918092439,-1.44000000000003,38.075));
#2233=CARTESIAN_POINT('',(1.37349918092439,-1.44000000000003,38.075));
#2234=CARTESIAN_POINT('',(-1.37349918092439,-1.44000000000003,38.075));
#2235=VECTOR('',#2236,1.);
#2236=DIRECTION('',(1.,4.04158604549715E-16,0.));
#2237=CARTESIAN_POINT('',(-1.37349918092439,-1.44000000000002,30.075));
#2238=CARTESIAN_POINT('',(-1.3734991809244,-1.44000000000002,30.075));
#2239=VECTOR('',#2240,1.);
#2240=DIRECTION('',(0.,-9.15933995315753E-16,1.));
#2241=CARTESIAN_POINT('',(1.37349918092439,-1.44000000000002,30.075));
#2242=CARTESIAN_POINT('',(-1.37349918092439,-1.44000000000002,30.075));
#2243=VECTOR('',#2244,1.);
#2244=DIRECTION('',(1.,3.23326883639772E-16,-1.29330753455909E-15));
#2245=CARTESIAN_POINT('',(1.3734991809244,-1.44000000000003,38.075));
#2246=VECTOR('',#2247,1.);
#2247=DIRECTION('',(0.,9.15933995315754E-16,-1.));
#2248=CARTESIAN_POINT('',(-2.43704713030323E-16,-1.99000000000002,30.075));
#2249=AXIS2_PLACEMENT_3D('',#2250,#2251,#2252);
#2250=CARTESIAN_POINT('',(0.,-2.39808173319034E-14,30.075));
#2251=DIRECTION('',(0.,8.99969938985106E-16,-1.));
#2252=DIRECTION('',(0.690200593429345,-0.723618090452263,-6.51234528712842E-16));
#2253=AXIS2_PLACEMENT_3D('',#2254,#2255,#2256);
#2254=CARTESIAN_POINT('',(0.,-2.39808173319034E-14,30.075));
#2255=DIRECTION('',(0.,8.99969938985106E-16,-1.));
#2256=DIRECTION('',(1.22464679914735E-16,-1.,-8.99969938985106E-16));
#2257=AXIS2_PLACEMENT_3D('',#2258,#2259,#2260);
#2258=CARTESIAN_POINT('',(0.,-3.13082892944294E-14,38.075));
#2259=DIRECTION('',(-9.86076131526265E-32,8.99969938985106E-16,-1.));
#2260=DIRECTION('',(-0.690200593429345,-0.723618090452264,-6.51234528712843E-16));
#2261=CARTESIAN_POINT('',(-2.43704713030323E-16,-1.99000000000002,28.215));
#2262=AXIS2_PLACEMENT_3D('',#2263,#2264,#2265);
#2263=CARTESIAN_POINT('',(0.,-2.22044604925031E-14,28.215));
#2264=DIRECTION('',(0.,8.99969938985106E-16,-1.));
#2265=DIRECTION('',(-1.60812264967664E-16,-1.,-8.99969938985106E-16));
#2266=CARTESIAN_POINT('',(1.,1.92116466616241E-14,-31.575));
#2267=AXIS2_PLACEMENT_3D('',#2268,#2269,#2270);
#2268=CARTESIAN_POINT('',(0.,1.93341113415388E-14,-31.575));
#2269=DIRECTION('',(0.,-6.12323399573677E-16,1.));
#2270=DIRECTION('',(1.,-1.22464679914735E-16,-7.49879891330928E-32));
#2271=CARTESIAN_POINT('',(1.,2.0632236948635E-14,-33.895));
#2272=AXIS2_PLACEMENT_3D('',#2273,#2274,#2275);
#2273=CARTESIAN_POINT('',(0.,2.07547016285498E-14,-33.895));
#2274=DIRECTION('',(0.,6.12323399573677E-16,-1.));
#2275=DIRECTION('',(1.,1.22464679914735E-16,7.49879891330928E-32));
#2276=CARTESIAN_POINT('',(6.74,1.85086993989135E-14,-31.575));
#2277=AXIS2_PLACEMENT_3D('',#2278,#2279,#2280);
#2278=CARTESIAN_POINT('',(0.,1.93341113415388E-14,-31.575));
#2279=DIRECTION('',(0.,6.12323399573677E-16,-1.));
#2280=DIRECTION('',(1.,1.22464679914735E-16,7.4987989133093E-32));
#2281=CARTESIAN_POINT('',(-1.2295,8.49999999999999,15.575));
#2282=AXIS2_PLACEMENT_3D('',#2283,#2284,#2285);
#2283=CARTESIAN_POINT('',(-4.163799117101E-15,8.49999999999999,15.575));
#2284=DIRECTION('',(0.,-6.12323399573677E-16,1.));
#2285=DIRECTION('',(-1.,0.,0.));
#2286=CARTESIAN_POINT('',(-1.2295,8.49999999999998,25.575));
#2287=AXIS2_PLACEMENT_3D('',#2288,#2289,#2290);
#2288=CARTESIAN_POINT('',(-4.163799117101E-15,8.49999999999998,25.575));
#2289=DIRECTION('',(0.,6.12323399573677E-16,-1.));
#2290=DIRECTION('',(-1.,0.,0.));
#2291=CARTESIAN_POINT('',(-1.2295,-8.50000000000001,15.575));
#2292=AXIS2_PLACEMENT_3D('',#2293,#2294,#2295);
#2293=CARTESIAN_POINT('',(1.04094977927525E-15,-8.50000000000001,15.575));
#2294=DIRECTION('',(0.,-6.12323399573677E-16,1.));
#2295=DIRECTION('',(-1.,0.,0.));
#2296=CARTESIAN_POINT('',(-1.2295,-8.50000000000002,25.575));
#2297=AXIS2_PLACEMENT_3D('',#2298,#2299,#2300);
#2298=CARTESIAN_POINT('',(1.04094977927525E-15,-8.50000000000002,25.575));
#2299=DIRECTION('',(0.,6.12323399573677E-16,-1.));
#2300=DIRECTION('',(-1.,0.,0.));
#2301=CARTESIAN_POINT('',(-4.28626379701573E-16,-3.50000000000002,28.215));
#2302=AXIS2_PLACEMENT_3D('',#2303,#2304,#2305);
#2303=CARTESIAN_POINT('',(0.,-2.22044604925031E-14,28.215));
#2304=DIRECTION('',(0.,8.99969938985106E-16,-1.));
#2305=DIRECTION('',(-1.60812264967664E-16,-1.,-8.99969938985106E-16));
#2306=CARTESIAN_POINT('',(-4.28626379701573E-16,-3.50000000000002,25.575));
#2307=AXIS2_PLACEMENT_3D('',#2308,#2309,#2310);
#2308=CARTESIAN_POINT('',(0.,-1.99840144432528E-14,25.575));
#2309=DIRECTION('',(0.,6.12323399573677E-16,-1.));
#2310=DIRECTION('',(1.22464679914735E-16,-1.,-6.12323399573677E-16));
#2311=AXIS2_PLACEMENT_3D('',#2312,#2313,#2314);
#2312=CARTESIAN_POINT('',(0.,1.06581410364015E-14,-25.575));
#2313=DIRECTION('',(0.,-6.12323399573677E-16,1.));
#2314=DIRECTION('',(0.576131687242797,-0.817356885916285,-5.00486747049214E-16));
#2315=CARTESIAN_POINT('',(1.48794586096404E-15,-12.15,6.73499999999999));
#2316=AXIS2_PLACEMENT_3D('',#2317,#2318,#2319);
#2317=CARTESIAN_POINT('',(0.,-8.88178419700125E-15,6.73499999999999));
#2318=DIRECTION('',(0.,-6.12323399573677E-16,1.));
#2319=DIRECTION('',(-1.83697019872103E-16,-1.,-6.12323399573677E-16));
#2320=CARTESIAN_POINT('',(1.51856203094272E-15,-12.4,6.73499999999999));
#2321=AXIS2_PLACEMENT_3D('',#2322,#2323,#2324);
#2322=CARTESIAN_POINT('',(0.,-8.88178419700125E-15,6.73499999999999));
#2323=DIRECTION('',(0.,-6.12323399573677E-16,1.));
#2324=DIRECTION('',(-1.83697019872103E-16,-1.,-6.12323399573677E-16));
#2325=CARTESIAN_POINT('',(1.51856203094272E-15,-12.4,25.575));
#2326=AXIS2_PLACEMENT_3D('',#2327,#2328,#2329);
#2327=CARTESIAN_POINT('',(0.,-2.03582222273258E-14,25.575));
#2328=DIRECTION('',(0.,-6.12323399573677E-16,1.));
#2329=DIRECTION('',(-1.83697019872103E-16,-1.,-6.12323399573677E-16));
#2330=CARTESIAN_POINT('',(-12.3620647433506,12.,1.85185185185185));
#2331=CARTESIAN_POINT('',(-13.3510299228187,13.,2.));
#2332=CARTESIAN_POINT('',(-12.3620647433506,12.,1.85185185185185));
#2333=VECTOR('',#2334,1.);
#2334=DIRECTION('',(-0.699303984759228,0.707106781186549,0.104756560175784));
#2335=CARTESIAN_POINT('',(13.3510299228187,13.,2.));
#2336=AXIS2_PLACEMENT_3D('',#2337,#2338,#2339);
#2337=CARTESIAN_POINT('',(-1.77635683940025E-15,13.,-3.5527136788005E-15));
#2338=DIRECTION('',(0.,-1.,0.));
#2339=DIRECTION('',(0.988965179468051,0.,0.148148148148148));
#2340=CARTESIAN_POINT('',(12.3620647433506,12.,1.85185185185185));
#2341=CARTESIAN_POINT('',(13.3510299228187,13.,2.));
#2342=VECTOR('',#2343,1.);
#2343=DIRECTION('',(-0.699303984759228,-0.707106781186549,-0.104756560175784));
#2344=CARTESIAN_POINT('',(-12.3620647433506,12.,1.85185185185185));
#2345=CARTESIAN_POINT('',(-12.3232887156178,12.,2.11080698762584));
#2346=CARTESIAN_POINT('',(-12.2294055205124,12.,2.62626671158808));
#2347=CARTESIAN_POINT('',(-12.0403438913602,12.,3.38909798831834));
#2348=CARTESIAN_POINT('',(-11.8037380431978,12.,4.13854719774974));
#2349=CARTESIAN_POINT('',(-11.5205364532735,12.,4.8716589483162));
#2350=CARTESIAN_POINT('',(-11.1918532847734,12.,5.58553818238137));
#2351=CARTESIAN_POINT('',(-10.8189871470247,12.,6.27736688391188));
#2352=CARTESIAN_POINT('',(-10.4034097634931,12.,6.94441378905057));
#2353=CARTESIAN_POINT('',(-9.94676182443425,12.,7.58404554758123));
#2354=CARTESIAN_POINT('',(-9.45084606425341,12.,8.19373701731824));
#2355=CARTESIAN_POINT('',(-8.91762026405049,12.,8.77108126006822));
#2356=CARTESIAN_POINT('',(-8.34918949070666,12.,9.31379903645504));
#2357=CARTESIAN_POINT('',(-7.74779779507284,12.,9.81974780582474));
#2358=CARTESIAN_POINT('',(-7.11581935061676,12.,10.2869301841452));
#2359=CARTESIAN_POINT('',(-6.45574908125822,12.,10.7135018290321));
#2360=CARTESIAN_POINT('',(-5.77019281182162,12.,11.0977787222419));
#2361=CARTESIAN_POINT('',(-5.0618569805252,12.,11.4382438124826));
#2362=CARTESIAN_POINT('',(-4.33353795554748,12.,11.7335530244478));
#2363=CARTESIAN_POINT('',(-3.58811099160337,12.,11.9825404902271));
#2364=CARTESIAN_POINT('',(-2.8285188936722,12.,12.1842234308162));
#2365=CARTESIAN_POINT('',(-2.05776034469591,12.,12.3378049950659));
#2366=CARTESIAN_POINT('',(-1.27887827152201,12.,12.4426812900537));
#2367=CARTESIAN_POINT('',(-0.591674758376006,12.,12.4915506373291));
#2368=CARTESIAN_POINT('',(-0.164917194923027,12.,12.5000043267489));
#2369=CARTESIAN_POINT('',(-7.65404249467096E-16,12.,12.5));
#2370=CARTESIAN_POINT('',(0.261842209026071,12.,12.5000155825925));
#2371=CARTESIAN_POINT('',(0.785522548940032,12.,12.4835327752461));
#2372=CARTESIAN_POINT('',(1.56794524968016,12.,12.4095694482381));
#2373=CARTESIAN_POINT('',(2.34417713983398,12.,12.2866040156553));
#2374=CARTESIAN_POINT('',(3.11115492490297,12.,12.1151366526823));
#2375=CARTESIAN_POINT('',(3.86585043247949,12.,11.8958403304866));
#2376=CARTESIAN_POINT('',(4.60528435626441,12.,11.6295818446178));
#2377=CARTESIAN_POINT('',(5.32653753830093,12.,11.317412046655));
#2378=CARTESIAN_POINT('',(6.02676262169693,12.,10.9605633961729));
#2379=CARTESIAN_POINT('',(6.70319525699379,12.,10.5604446395879));
#2380=CARTESIAN_POINT('',(7.35316502448474,12.,10.1186353708007));
#2381=CARTESIAN_POINT('',(7.97410597403095,12.,9.6368797625643));
#2382=CARTESIAN_POINT('',(8.56356675555211,12.,9.11707968960115));
#2383=CARTESIAN_POINT('',(9.11922029638785,12.,8.56128721805532));
#2384=CARTESIAN_POINT('',(9.63887298778251,12.,7.97169650490014));
#2385=CARTESIAN_POINT('',(10.1204733462096,12.,7.35063513596649));
#2386=CARTESIAN_POINT('',(10.5621201069555,12.,6.70055493607301));
#2387=CARTESIAN_POINT('',(10.9620697495769,12.,6.02402229370968));
#2388=CARTESIAN_POINT('',(11.3187433076446,12.,5.32370801449965));
#2389=CARTESIAN_POINT('',(11.6307328758364,12.,4.60237683320799));
#2390=CARTESIAN_POINT('',(11.8968061467878,12.,3.86287629082642));
#2391=CARTESIAN_POINT('',(12.1159150874488,12.,3.10812627043261));
#2392=CARTESIAN_POINT('',(12.266053098121,12.,2.43574582802316));
#2393=CARTESIAN_POINT('',(12.337636845329,12.,2.0149498561261));
#2394=CARTESIAN_POINT('',(12.3620647433506,12.,1.85185185185185));
#2395=CARTESIAN_POINT('',(18.,5.,13.5));
#2396=CARTESIAN_POINT('',(18.,5.,13.5));
#2397=CARTESIAN_POINT('',(17.9999981300889,5.03142106508313,13.5));
#2398=CARTESIAN_POINT('',(18.0019760669705,5.0942627058728,13.5));
#2399=CARTESIAN_POINT('',(18.0108516662114,5.18815342996162,13.5));
#2400=CARTESIAN_POINT('',(18.0256075181214,5.28130125678008,13.5));
#2401=CARTESIAN_POINT('',(18.0461836016781,5.37333859098836,13.5));
#2402=CARTESIAN_POINT('',(18.0724991603416,5.46390205189754,13.5));
#2403=CARTESIAN_POINT('',(18.1044501786459,5.55263412275173,13.5));
#2404=CARTESIAN_POINT('',(18.1419105544014,5.63918450459611,13.5));
#2405=CARTESIAN_POINT('',(18.1847323924592,5.72321151460364,13.5));
#2406=CARTESIAN_POINT('',(18.2327466432495,5.80438343083924,13.5));
#2407=CARTESIAN_POINT('',(18.2857637555039,5.88237980293824,13.5));
#2408=CARTESIAN_POINT('',(18.3435744284923,5.95689271688345,13.5));
#2409=CARTESIAN_POINT('',(18.4059504372477,6.02762801066725,13.5));
#2410=CARTESIAN_POINT('',(18.4726455338341,6.09430643556283,13.5));
#2411=CARTESIAN_POINT('',(18.5433964194092,6.15666475854775,13.5));
#2412=CARTESIAN_POINT('',(18.6179237836946,6.21445680149347,13.5));
#2413=CARTESIAN_POINT('',(18.6959334076319,6.26745441302756,13.5));
#2414=CARTESIAN_POINT('',(18.7771173249017,6.31544836922935,13.5));
#2415=CARTESIAN_POINT('',(18.8611550377121,6.35824919960397,13.5));
#2416=CARTESIAN_POINT('',(18.9477147820601,6.39568793507378,13.5));
#2417=CARTESIAN_POINT('',(19.0364548374687,6.42761677503431,13.5));
#2418=CARTESIAN_POINT('',(19.1270248760314,6.45390967084138,13.5));
#2419=CARTESIAN_POINT('',(19.2190673454355,6.47446282342581,13.5));
#2420=CARTESIAN_POINT('',(19.3122188805074,6.48919509307129,13.5));
#2421=CARTESIAN_POINT('',(19.4061117377052,6.49804831973764,13.5));
#2422=CARTESIAN_POINT('',(19.500375246896,6.50098755266499,13.5));
#2423=CARTESIAN_POINT('',(19.5946372746874,6.49800118835241,13.5));
#2424=CARTESIAN_POINT('',(19.6885256935354,6.48910101636607,13.5));
#2425=CARTESIAN_POINT('',(19.7816698508289,6.47432217279654,13.5));
#2426=CARTESIAN_POINT('',(19.8737020321518,6.45372300154846,13.5));
#2427=CARTESIAN_POINT('',(19.9642589129459,6.42738482401061,13.5));
#2428=CARTESIAN_POINT('',(20.0529829928428,6.39541161801532,13.5));
#2429=CARTESIAN_POINT('',(20.1395240070038,6.35792960735499,13.5));
#2430=CARTESIAN_POINT('',(20.2235403088952,6.31508676347581,13.5));
#2431=CARTESIAN_POINT('',(20.3047002190399,6.26705222131633,13.5));
#2432=CARTESIAN_POINT('',(20.3826833344214,6.2140156115966,13.5));
#2433=CARTESIAN_POINT('',(20.4571817933706,6.15618631219429,13.5));
#2434=CARTESIAN_POINT('',(20.5279014909416,6.09379262156285,13.5));
#2435=CARTESIAN_POINT('',(20.5945632399801,6.02708085745517,13.5));
#2436=CARTESIAN_POINT('',(20.656903873293,5.9563143845102,13.5));
#2437=CARTESIAN_POINT('',(20.7146772825996,5.88177257454381,13.5));
#2438=CARTESIAN_POINT('',(20.7676553900427,5.80374970363935,13.5));
#2439=CARTESIAN_POINT('',(20.8156290488738,5.72255379042578,13.5));
#2440=CARTESIAN_POINT('',(20.8584088680791,5.63850538000374,13.5));
#2441=CARTESIAN_POINT('',(20.8958259639501,5.55193627879015,13.5));
#2442=CARTESIAN_POINT('',(20.927732612275,5.46318824352236,13.5));
#2443=CARTESIAN_POINT('',(20.9540028857412,5.37261163614221,13.5));
#2444=CARTESIAN_POINT('',(20.9745329487297,5.28056402544434,13.5));
#2445=CARTESIAN_POINT('',(20.9892422223871,5.18740883216797,13.5));
#2446=CARTESIAN_POINT('',(20.9980474694488,5.09376270765794,13.5));
#2447=CARTESIAN_POINT('',(21.0000018275335,5.03117106137639,13.5));
#2448=CARTESIAN_POINT('',(21.,5.,13.5));
#2449=CARTESIAN_POINT('',(21.0000018699111,4.96857893491687,13.5));
#2450=CARTESIAN_POINT('',(20.9980239330295,4.9057372941272,13.5));
#2451=CARTESIAN_POINT('',(20.9891483337886,4.81184657003838,13.5));
#2452=CARTESIAN_POINT('',(20.9743924818786,4.71869874321992,13.5));
#2453=CARTESIAN_POINT('',(20.9538163983219,4.62666140901165,13.5));
#2454=CARTESIAN_POINT('',(20.9275008396584,4.53609794810246,13.5));
#2455=CARTESIAN_POINT('',(20.8955498213541,4.44736587724827,13.5));
#2456=CARTESIAN_POINT('',(20.8580894455986,4.36081549540389,13.5));
#2457=CARTESIAN_POINT('',(20.8152676075408,4.27678848539637,13.5));
#2458=CARTESIAN_POINT('',(20.7672533567506,4.19561656916076,13.5));
#2459=CARTESIAN_POINT('',(20.7142362444961,4.11762019706176,13.5));
#2460=CARTESIAN_POINT('',(20.6564255715077,4.04310728311655,13.5));
#2461=CARTESIAN_POINT('',(20.5940495627523,3.97237198933275,13.5));
#2462=CARTESIAN_POINT('',(20.5273544661659,3.90569356443717,13.5));
#2463=CARTESIAN_POINT('',(20.4566035805908,3.84333524145225,13.5));
#2464=CARTESIAN_POINT('',(20.3820762163054,3.78554319850653,13.5));
#2465=CARTESIAN_POINT('',(20.3040665923681,3.73254558697244,13.5));
#2466=CARTESIAN_POINT('',(20.2228826750983,3.68455163077065,13.5));
#2467=CARTESIAN_POINT('',(20.1388449622879,3.64175080039603,13.5));
#2468=CARTESIAN_POINT('',(20.05228521794,3.60431206492622,13.5));
#2469=CARTESIAN_POINT('',(19.9635451625313,3.5723832249657,13.5));
#2470=CARTESIAN_POINT('',(19.8729751239686,3.54609032915862,13.5));
#2471=CARTESIAN_POINT('',(19.7809326545645,3.52553717657419,13.5));
#2472=CARTESIAN_POINT('',(19.6877811194926,3.51080490692871,13.5));
#2473=CARTESIAN_POINT('',(19.5938882622948,3.50195168026237,13.5));
#2474=CARTESIAN_POINT('',(19.499624753104,3.49901244733501,13.5));
#2475=CARTESIAN_POINT('',(19.4053627253126,3.5019988116476,13.5));
#2476=CARTESIAN_POINT('',(19.3114743064646,3.51089898363393,13.5));
#2477=CARTESIAN_POINT('',(19.2183301491711,3.52567782720346,13.5));
#2478=CARTESIAN_POINT('',(19.1262979678482,3.54627699845154,13.5));
#2479=CARTESIAN_POINT('',(19.0357410870541,3.5726151759894,13.5));
#2480=CARTESIAN_POINT('',(18.9470170071572,3.60458838198468,13.5));
#2481=CARTESIAN_POINT('',(18.8604759929962,3.64207039264501,13.5));
#2482=CARTESIAN_POINT('',(18.7764596911048,3.68491323652418,13.5));
#2483=CARTESIAN_POINT('',(18.6952997809601,3.73294777868368,13.5));
#2484=CARTESIAN_POINT('',(18.6173166655786,3.78598438840341,13.5));
#2485=CARTESIAN_POINT('',(18.5428182066294,3.84381368780571,13.5));
#2486=CARTESIAN_POINT('',(18.4720985090584,3.90620737843715,13.5));
#2487=CARTESIAN_POINT('',(18.4054367600199,3.97291914254483,13.5));
#2488=CARTESIAN_POINT('',(18.343096126707,4.0436856154898,13.5));
#2489=CARTESIAN_POINT('',(18.2853227174004,4.11822742545619,13.5));
#2490=CARTESIAN_POINT('',(18.2323446099573,4.19625029636065,13.5));
#2491=CARTESIAN_POINT('',(18.1843709511262,4.27744620957422,13.5));
#2492=CARTESIAN_POINT('',(18.1415911319209,4.36149461999627,13.5));
#2493=CARTESIAN_POINT('',(18.1041740360499,4.44806372120985,13.5));
#2494=CARTESIAN_POINT('',(18.072267387725,4.53681175647764,13.5));
#2495=CARTESIAN_POINT('',(18.0459971142588,4.62738836385779,13.5));
#2496=CARTESIAN_POINT('',(18.0254670512703,4.71943597455567,13.5));
#2497=CARTESIAN_POINT('',(18.0107577776129,4.81259116783203,13.5));
#2498=CARTESIAN_POINT('',(18.0019525305512,4.90623729234206,13.5));
#2499=CARTESIAN_POINT('',(17.9999981724665,4.96882893862361,13.5));
#2500=CARTESIAN_POINT('',(18.,5.,13.5));
#2501=CARTESIAN_POINT('',(17.,5.,12.5));
#2502=AXIS2_PLACEMENT_3D('',#2503,#2504,#2505);
#2503=CARTESIAN_POINT('',(19.5,4.99999999999999,12.5));
#2504=DIRECTION('',(0.,0.,1.));
#2505=DIRECTION('',(-1.,2.44929359829471E-16,0.));
#2506=CARTESIAN_POINT('',(-22.,5.,12.5));
#2507=CARTESIAN_POINT('',(-17.,5.,12.5));
#2508=AXIS2_PLACEMENT_3D('',#2509,#2510,#2511);
#2509=CARTESIAN_POINT('',(-19.5,4.99999999999998,12.5));
#2510=DIRECTION('',(0.,0.,1.));
#2511=DIRECTION('',(-1.,0.,0.));
#2512=AXIS2_PLACEMENT_3D('',#2513,#2514,#2515);
#2513=CARTESIAN_POINT('',(-19.5,5.00000000000001,12.5));
#2514=DIRECTION('',(0.,0.,1.));
#2515=DIRECTION('',(1.,-4.61852778244067E-15,0.));
#2516=CARTESIAN_POINT('',(-21.,5.,13.5));
#2517=CARTESIAN_POINT('',(-21.,5.,13.5));
#2518=CARTESIAN_POINT('',(-21.0000018699111,5.03142106508312,13.5));
#2519=CARTESIAN_POINT('',(-20.9980239330295,5.0942627058728,13.5));
#2520=CARTESIAN_POINT('',(-20.9891483337886,5.18815342996162,13.5));
#2521=CARTESIAN_POINT('',(-20.9743924818786,5.28130125678007,13.5));
#2522=CARTESIAN_POINT('',(-20.9538163983219,5.37333859098835,13.5));
#2523=CARTESIAN_POINT('',(-20.9275008396584,5.46390205189754,13.5));
#2524=CARTESIAN_POINT('',(-20.8955498213541,5.55263412275172,13.5));
#2525=CARTESIAN_POINT('',(-20.8580894455986,5.63918450459611,13.5));
#2526=CARTESIAN_POINT('',(-20.8152676075408,5.72321151460363,13.5));
#2527=CARTESIAN_POINT('',(-20.7672533567505,5.80438343083923,13.5));
#2528=CARTESIAN_POINT('',(-20.7142362444961,5.88237980293824,13.5));
#2529=CARTESIAN_POINT('',(-20.6564255715077,5.95689271688345,13.5));
#2530=CARTESIAN_POINT('',(-20.5940495627523,6.02762801066724,13.5));
#2531=CARTESIAN_POINT('',(-20.5273544661659,6.09430643556283,13.5));
#2532=CARTESIAN_POINT('',(-20.4566035805908,6.15666475854775,13.5));
#2533=CARTESIAN_POINT('',(-20.3820762163054,6.21445680149347,13.5));
#2534=CARTESIAN_POINT('',(-20.3040665923681,6.26745441302755,13.5));
#2535=CARTESIAN_POINT('',(-20.2228826750983,6.31544836922935,13.5));
#2536=CARTESIAN_POINT('',(-20.1388449622879,6.35824919960397,13.5));
#2537=CARTESIAN_POINT('',(-20.05228521794,6.39568793507377,13.5));
#2538=CARTESIAN_POINT('',(-19.9635451625312,6.4276167750343,13.5));
#2539=CARTESIAN_POINT('',(-19.8729751239686,6.45390967084138,13.5));
#2540=CARTESIAN_POINT('',(-19.7809326545645,6.47446282342581,13.5));
#2541=CARTESIAN_POINT('',(-19.6877811194926,6.48919509307129,13.5));
#2542=CARTESIAN_POINT('',(-19.5938882622948,6.49804831973763,13.5));
#2543=CARTESIAN_POINT('',(-19.499624753104,6.50098755266499,13.5));
#2544=CARTESIAN_POINT('',(-19.4053627253126,6.4980011883524,13.5));
#2545=CARTESIAN_POINT('',(-19.3114743064646,6.48910101636607,13.5));
#2546=CARTESIAN_POINT('',(-19.2183301491711,6.47432217279653,13.5));
#2547=CARTESIAN_POINT('',(-19.1262979678482,6.45372300154846,13.5));
#2548=CARTESIAN_POINT('',(-19.0357410870541,6.4273848240106,13.5));
#2549=CARTESIAN_POINT('',(-18.9470170071572,6.39541161801532,13.5));
#2550=CARTESIAN_POINT('',(-18.8604759929962,6.35792960735499,13.5));
#2551=CARTESIAN_POINT('',(-18.7764596911048,6.31508676347581,13.5));
#2552=CARTESIAN_POINT('',(-18.6952997809601,6.26705222131632,13.5));
#2553=CARTESIAN_POINT('',(-18.6173166655786,6.21401561159659,13.5));
#2554=CARTESIAN_POINT('',(-18.5428182066294,6.15618631219429,13.5));
#2555=CARTESIAN_POINT('',(-18.4720985090584,6.09379262156285,13.5));
#2556=CARTESIAN_POINT('',(-18.4054367600199,6.02708085745517,13.5));
#2557=CARTESIAN_POINT('',(-18.343096126707,5.9563143845102,13.5));
#2558=CARTESIAN_POINT('',(-18.2853227174004,5.88177257454381,13.5));
#2559=CARTESIAN_POINT('',(-18.2323446099573,5.80374970363935,13.5));
#2560=CARTESIAN_POINT('',(-18.1843709511262,5.72255379042578,13.5));
#2561=CARTESIAN_POINT('',(-18.1415911319209,5.63850538000373,13.5));
#2562=CARTESIAN_POINT('',(-18.1041740360499,5.55193627879014,13.5));
#2563=CARTESIAN_POINT('',(-18.072267387725,5.46318824352236,13.5));
#2564=CARTESIAN_POINT('',(-18.0459971142588,5.37261163614221,13.5));
#2565=CARTESIAN_POINT('',(-18.0254670512703,5.28056402544433,13.5));
#2566=CARTESIAN_POINT('',(-18.0107577776129,5.18740883216797,13.5));
#2567=CARTESIAN_POINT('',(-18.0019525305512,5.09376270765794,13.5));
#2568=CARTESIAN_POINT('',(-17.9999981724665,5.03117106137639,13.5));
#2569=CARTESIAN_POINT('',(-18.,5.,13.5));
#2570=CARTESIAN_POINT('',(-17.9999981300889,4.96857893491687,13.5));
#2571=CARTESIAN_POINT('',(-18.0019760669705,4.90573729412719,13.5));
#2572=CARTESIAN_POINT('',(-18.0108516662114,4.81184657003838,13.5));
#2573=CARTESIAN_POINT('',(-18.0256075181214,4.71869874321992,13.5));
#2574=CARTESIAN_POINT('',(-18.0461836016781,4.62666140901164,13.5));
#2575=CARTESIAN_POINT('',(-18.0724991603416,4.53609794810246,13.5));
#2576=CARTESIAN_POINT('',(-18.1044501786459,4.44736587724827,13.5));
#2577=CARTESIAN_POINT('',(-18.1419105544014,4.36081549540389,13.5));
#2578=CARTESIAN_POINT('',(-18.1847323924592,4.27678848539636,13.5));
#2579=CARTESIAN_POINT('',(-18.2327466432495,4.19561656916076,13.5));
#2580=CARTESIAN_POINT('',(-18.2857637555039,4.11762019706176,13.5));
#2581=CARTESIAN_POINT('',(-18.3435744284923,4.04310728311655,13.5));
#2582=CARTESIAN_POINT('',(-18.4059504372477,3.97237198933275,13.5));
#2583=CARTESIAN_POINT('',(-18.4726455338341,3.90569356443717,13.5));
#2584=CARTESIAN_POINT('',(-18.5433964194092,3.84333524145225,13.5));
#2585=CARTESIAN_POINT('',(-18.6179237836946,3.78554319850653,13.5));
#2586=CARTESIAN_POINT('',(-18.6959334076319,3.73254558697244,13.5));
#2587=CARTESIAN_POINT('',(-18.7771173249017,3.68455163077065,13.5));
#2588=CARTESIAN_POINT('',(-18.8611550377121,3.64175080039603,13.5));
#2589=CARTESIAN_POINT('',(-18.9477147820601,3.60431206492622,13.5));
#2590=CARTESIAN_POINT('',(-19.0364548374687,3.57238322496569,13.5));
#2591=CARTESIAN_POINT('',(-19.1270248760314,3.54609032915862,13.5));
#2592=CARTESIAN_POINT('',(-19.2190673454355,3.52553717657418,13.5));
#2593=CARTESIAN_POINT('',(-19.3122188805074,3.51080490692871,13.5));
#2594=CARTESIAN_POINT('',(-19.4061117377052,3.50195168026237,13.5));
#2595=CARTESIAN_POINT('',(-19.500375246896,3.499012447335,13.5));
#2596=CARTESIAN_POINT('',(-19.5946372746874,3.50199881164759,13.5));
#2597=CARTESIAN_POINT('',(-19.6885256935354,3.51089898363393,13.5));
#2598=CARTESIAN_POINT('',(-19.7816698508289,3.52567782720346,13.5));
#2599=CARTESIAN_POINT('',(-19.8737020321518,3.54627699845154,13.5));
#2600=CARTESIAN_POINT('',(-19.9642589129459,3.57261517598939,13.5));
#2601=CARTESIAN_POINT('',(-20.0529829928428,3.60458838198467,13.5));
#2602=CARTESIAN_POINT('',(-20.1395240070038,3.64207039264501,13.5));
#2603=CARTESIAN_POINT('',(-20.2235403088952,3.68491323652418,13.5));
#2604=CARTESIAN_POINT('',(-20.3047002190399,3.73294777868367,13.5));
#2605=CARTESIAN_POINT('',(-20.3826833344214,3.7859843884034,13.5));
#2606=CARTESIAN_POINT('',(-20.4571817933706,3.84381368780571,13.5));
#2607=CARTESIAN_POINT('',(-20.5279014909416,3.90620737843715,13.5));
#2608=CARTESIAN_POINT('',(-20.5945632399801,3.97291914254483,13.5));
#2609=CARTESIAN_POINT('',(-20.656903873293,4.0436856154898,13.5));
#2610=CARTESIAN_POINT('',(-20.7146772825996,4.11822742545619,13.5));
#2611=CARTESIAN_POINT('',(-20.7676553900427,4.19625029636065,13.5));
#2612=CARTESIAN_POINT('',(-20.8156290488738,4.27744620957422,13.5));
#2613=CARTESIAN_POINT('',(-20.8584088680791,4.36149461999626,13.5));
#2614=CARTESIAN_POINT('',(-20.8958259639501,4.44806372120985,13.5));
#2615=CARTESIAN_POINT('',(-20.927732612275,4.53681175647764,13.5));
#2616=CARTESIAN_POINT('',(-20.9540028857412,4.62738836385779,13.5));
#2617=CARTESIAN_POINT('',(-20.9745329487297,4.71943597455567,13.5));
#2618=CARTESIAN_POINT('',(-20.9892422223871,4.81259116783203,13.5));
#2619=CARTESIAN_POINT('',(-20.9980474694488,4.90623729234206,13.5));
#2620=CARTESIAN_POINT('',(-21.0000018275335,4.96882893862361,13.5));
#2621=CARTESIAN_POINT('',(-21.,5.,13.5));
#2622=CARTESIAN_POINT('',(-21.,5.,17.5));
#2623=AXIS2_PLACEMENT_3D('',#2624,#2625,#2626);
#2624=CARTESIAN_POINT('',(-19.5,5.,17.5));
#2625=DIRECTION('',(0.,0.,1.));
#2626=DIRECTION('',(-1.,0.,0.));
#2627=CARTESIAN_POINT('',(18.,5.,17.5));
#2628=AXIS2_PLACEMENT_3D('',#2629,#2630,#2631);
#2629=CARTESIAN_POINT('',(19.5,5.,17.5));
#2630=DIRECTION('',(0.,0.,1.));
#2631=DIRECTION('',(-1.,0.,0.));
#2632=CARTESIAN_POINT('',(-8.5,-2.,-1.5));
#2633=CARTESIAN_POINT('',(-8.5,-2.,1.5));
#2634=AXIS2_PLACEMENT_3D('',#2635,#2636,#2637);
#2635=CARTESIAN_POINT('',(-8.5,-2.,0.));
#2636=DIRECTION('',(0.,-1.,0.));
#2637=DIRECTION('',(1.22464679914735E-16,0.,-1.));
#2638=AXIS2_PLACEMENT_3D('',#2639,#2640,#2641);
#2639=CARTESIAN_POINT('',(-8.5,-2.,0.));
#2640=DIRECTION('',(0.,-1.,0.));
#2641=DIRECTION('',(-1.22464679914735E-16,0.,1.));
#2642=CARTESIAN_POINT('',(-8.5,-3.,-2.5));
#2643=AXIS2_PLACEMENT_3D('',#2644,#2645,#2646);
#2644=CARTESIAN_POINT('',(-8.5,-3.,0.));
#2645=DIRECTION('',(0.,1.,0.));
#2646=DIRECTION('',(0.,0.,1.));
#2647=CARTESIAN_POINT('',(2.51052593825207E-15,-2.,-10.));
#2648=CARTESIAN_POINT('',(2.51052593825207E-15,-2.,-7.));
#2649=AXIS2_PLACEMENT_3D('',#2650,#2651,#2652);
#2650=CARTESIAN_POINT('',(2.57175827820944E-15,-2.,-8.5));
#2651=DIRECTION('',(0.,-1.,0.));
#2652=DIRECTION('',(1.22464679914735E-16,0.,-1.));
#2653=AXIS2_PLACEMENT_3D('',#2654,#2655,#2656);
#2654=CARTESIAN_POINT('',(2.57175827820944E-15,-2.,-8.5));
#2655=DIRECTION('',(0.,-1.,0.));
#2656=DIRECTION('',(-2.44929359829471E-16,0.,1.));
#2657=CARTESIAN_POINT('',(2.64865977519416E-15,-3.,-11.));
#2658=AXIS2_PLACEMENT_3D('',#2659,#2660,#2661);
#2659=CARTESIAN_POINT('',(1.55431223447522E-15,-3.,-8.5));
#2660=DIRECTION('',(0.,1.,0.));
#2661=DIRECTION('',(0.,0.,1.));
#2662=CARTESIAN_POINT('',(8.5,-2.,-1.5));
#2663=CARTESIAN_POINT('',(8.5,-2.,1.5));
#2664=AXIS2_PLACEMENT_3D('',#2665,#2666,#2667);
#2665=CARTESIAN_POINT('',(8.5,-2.,0.));
#2666=DIRECTION('',(0.,-1.,0.));
#2667=DIRECTION('',(1.22464679914735E-16,0.,-1.));
#2668=AXIS2_PLACEMENT_3D('',#2669,#2670,#2671);
#2669=CARTESIAN_POINT('',(8.5,-2.,0.));
#2670=DIRECTION('',(0.,-1.,0.));
#2671=DIRECTION('',(-1.22464679914735E-16,0.,1.));
#2672=CARTESIAN_POINT('',(8.5,-3.,-2.5));
#2673=AXIS2_PLACEMENT_3D('',#2674,#2675,#2676);
#2674=CARTESIAN_POINT('',(8.5,-3.,0.));
#2675=DIRECTION('',(0.,1.,0.));
#2676=DIRECTION('',(0.,0.,1.));
#2677=CARTESIAN_POINT('',(2.51052593825207E-15,-2.,7.));
#2678=CARTESIAN_POINT('',(2.51052593825207E-15,-2.,10.));
#2679=AXIS2_PLACEMENT_3D('',#2680,#2681,#2682);
#2680=CARTESIAN_POINT('',(2.57175827820944E-15,-2.,8.5));
#2681=DIRECTION('',(0.,-1.,0.));
#2682=DIRECTION('',(1.22464679914735E-16,0.,-1.));
#2683=AXIS2_PLACEMENT_3D('',#2684,#2685,#2686);
#2684=CARTESIAN_POINT('',(2.57175827820944E-15,-2.,8.5));
#2685=DIRECTION('',(0.,-1.,0.));
#2686=DIRECTION('',(-2.44929359829471E-16,0.,1.));
#2687=CARTESIAN_POINT('',(2.64865977519416E-15,-3.,6.));
#2688=AXIS2_PLACEMENT_3D('',#2689,#2690,#2691);
#2689=CARTESIAN_POINT('',(1.55431223447522E-15,-3.,8.5));
#2690=DIRECTION('',(0.,1.,0.));
#2691=DIRECTION('',(0.,0.,1.));
#2692=CARTESIAN_POINT('',(-4.3474961369731E-16,0.,3.55));
#2693=AXIS2_PLACEMENT_3D('',#2694,#2695,#2696);
#2694=CARTESIAN_POINT('',(0.,0.,0.));
#2695=DIRECTION('',(0.,1.,0.));
#2696=DIRECTION('',(1.22464679914735E-16,0.,-1.));
#2697=CARTESIAN_POINT('',(-4.3474961369731E-16,-3.,3.55));
#2698=AXIS2_PLACEMENT_3D('',#2699,#2700,#2701);
#2699=CARTESIAN_POINT('',(0.,-3.,0.));
#2700=DIRECTION('',(0.,1.,0.));
#2701=DIRECTION('',(1.22464679914735E-16,0.,-1.));
#2702=CARTESIAN_POINT('',(8.5,0.,1.5));
#2703=AXIS2_PLACEMENT_3D('',#2704,#2705,#2706);
#2704=CARTESIAN_POINT('',(8.5,0.,0.));
#2705=DIRECTION('',(0.,1.,0.));
#2706=DIRECTION('',(0.,0.,-1.));
#2707=CARTESIAN_POINT('',(-8.5,0.,1.5));
#2708=AXIS2_PLACEMENT_3D('',#2709,#2710,#2711);
#2709=CARTESIAN_POINT('',(-8.5,0.,0.));
#2710=DIRECTION('',(0.,1.,0.));
#2711=DIRECTION('',(0.,0.,-1.));
#2712=CARTESIAN_POINT('',(2.38806125833734E-15,0.,-7.));
#2713=AXIS2_PLACEMENT_3D('',#2714,#2715,#2716);
#2714=CARTESIAN_POINT('',(2.57175827820944E-15,0.,-8.5));
#2715=DIRECTION('',(0.,1.,0.));
#2716=DIRECTION('',(1.22464679914735E-16,0.,-1.));
#2717=CARTESIAN_POINT('',(2.38806125833734E-15,0.,10.));
#2718=AXIS2_PLACEMENT_3D('',#2719,#2720,#2721);
#2719=CARTESIAN_POINT('',(2.57175827820944E-15,0.,8.5));
#2720=DIRECTION('',(0.,1.,0.));
#2721=DIRECTION('',(1.22464679914735E-16,0.,-1.));
#2722=CARTESIAN_POINT('',(12.4656592757743,11.,0.925925925925933));
#2723=CARTESIAN_POINT('',(12.4656592757743,3.99999999999999,0.925925925925933));
#2724=CARTESIAN_POINT('',(12.4656592757743,11.,0.925925925925935));
#2725=VECTOR('',#2726,1.);
#2726=DIRECTION('',(0.,-1.,0.));
#2727=CARTESIAN_POINT('',(-2.55134749822365E-15,3.99999999999999,-12.5));
#2728=AXIS2_PLACEMENT_3D('',#2729,#2730,#2731);
#2729=CARTESIAN_POINT('',(0.,3.99999999999999,0.));
#2730=DIRECTION('',(0.,1.,0.));
#2731=DIRECTION('',(0.997252742061945,0.,0.0740740740740748));
#2732=CARTESIAN_POINT('',(-12.4656592757743,3.99999999999999,0.925925925925933));
#2733=AXIS2_PLACEMENT_3D('',#2734,#2735,#2736);
#2734=CARTESIAN_POINT('',(0.,3.99999999999999,0.));
#2735=DIRECTION('',(0.,1.,0.));
#2736=DIRECTION('',(-2.35922392732846E-16,0.,-1.));
#2737=CARTESIAN_POINT('',(-12.4656592757743,11.,0.925925925925933));
#2738=CARTESIAN_POINT('',(-12.4656592757743,3.99999999999999,0.925925925925935));
#2739=VECTOR('',#2740,1.);
#2740=DIRECTION('',(0.,1.,9.5161973539299E-17));
#2741=CARTESIAN_POINT('',(-12.4656592757743,11.,0.925925925925938));
#2742=CARTESIAN_POINT('',(-12.4656592605029,11.0116869764603,0.92592579858229));
#2743=CARTESIAN_POINT('',(-12.4656311539275,11.0350261712272,0.926304798690864));
#2744=CARTESIAN_POINT('',(-12.4655048457572,11.0699249512975,0.928003506649851));
#2745=CARTESIAN_POINT('',(-12.4652946776878,11.1046641381243,0.930823487946919));
#2746=CARTESIAN_POINT('',(-12.4650003439487,11.1392628730108,0.934758325324537));
#2747=CARTESIAN_POINT('',(-12.4645770010541,11.1776550866947,0.940390536616733));
#2748=CARTESIAN_POINT('',(-12.4639310752361,11.2235984206715,0.948925700624983));
#2749=CARTESIAN_POINT('',(-12.4629433145694,11.2780086567695,0.961833813532309));
#2750=CARTESIAN_POINT('',(-12.4616432536824,11.3340515574802,0.978550368423889));
#2751=CARTESIAN_POINT('',(-12.4600453763711,11.3901088764597,0.998707874537271));
#2752=CARTESIAN_POINT('',(-12.4581723062735,11.4446928000452,1.02184368811691));
#2753=CARTESIAN_POINT('',(-12.4559070578828,11.4996961482239,1.04912231238325));
#2754=CARTESIAN_POINT('',(-12.4535936904646,11.5469963922973,1.0762194306942));
#2755=CARTESIAN_POINT('',(-12.4513971182871,11.5860741423363,1.10130435526088));
#2756=CARTESIAN_POINT('',(-12.4494914990419,11.6165983662539,1.12263349088418));
#2757=CARTESIAN_POINT('',(-12.4476052990854,11.6441202507926,1.14335513736793));
#2758=CARTESIAN_POINT('',(-12.4456935868817,11.6696920169705,1.16398402916353));
#2759=CARTESIAN_POINT('',(-12.4436878530606,11.6943027228691,1.185237740409));
#2760=CARTESIAN_POINT('',(-12.4415943985701,11.7178888702657,1.20701790584792));
#2761=CARTESIAN_POINT('',(-12.439410139201,11.7404998188257,1.22932762859632));
#2762=CARTESIAN_POINT('',(-12.4371346736464,11.76214150166,1.25214239703285));
#2763=CARTESIAN_POINT('',(-12.434761798394,11.782872838106,1.27549467733005));
#2764=CARTESIAN_POINT('',(-12.4322931093976,11.8026737322201,1.2993396750962));
#2765=CARTESIAN_POINT('',(-12.429724998866,11.8215635558617,1.32368426392286));
#2766=CARTESIAN_POINT('',(-12.4269597763929,11.8401971041451,1.34940969130408));
#2767=CARTESIAN_POINT('',(-12.4238810358871,11.8590719784452,1.37748997473674));
#2768=CARTESIAN_POINT('',(-12.4199310346017,11.8808337765162,1.41273812889376));
#2769=CARTESIAN_POINT('',(-12.415098643673,11.9039209590883,1.45467720806337));
#2770=CARTESIAN_POINT('',(-12.4093851062095,11.9267334038942,1.50265020363689));
#2771=CARTESIAN_POINT('',(-12.403995171792,11.9444369695557,1.54644619500869));
#2772=CARTESIAN_POINT('',(-12.3991852856455,11.9576321806131,1.58447451848752));
#2773=CARTESIAN_POINT('',(-12.3952129020188,11.9669788959359,1.61523567349129));
#2774=CARTESIAN_POINT('',(-12.391450861093,11.9745954070091,1.6438372844003));
#2775=CARTESIAN_POINT('',(-12.3878048685141,11.980910895522,1.67108960704243));
#2776=CARTESIAN_POINT('',(-12.3841424698612,11.9862454198814,1.69801557980528));
#2777=CARTESIAN_POINT('',(-12.3804922633572,11.9906228836736,1.72442577867971));
#2778=CARTESIAN_POINT('',(-12.3768388100552,11.9941172494687,1.75045342741622));
#2779=CARTESIAN_POINT('',(-12.3731846194774,11.9967756299443,1.77609798510294));
#2780=CARTESIAN_POINT('',(-12.3695080802171,11.9986470791143,1.80152363981099));
#2781=CARTESIAN_POINT('',(-12.3658104368179,11.9997548696122,1.82673131583559));
#2782=CARTESIAN_POINT('',(-12.3633162020746,11.9999999224244,1.84349779150915));
#2783=CARTESIAN_POINT('',(-12.3620647433507,12.,1.85185185185135));
#2784=CARTESIAN_POINT('',(12.3620647433506,12.,1.85185185185185));
#2785=CARTESIAN_POINT('',(12.3653032079901,12.0000014574788,1.83023699286576));
#2786=CARTESIAN_POINT('',(12.3718314181715,11.9983203208094,1.78585672367562));
#2787=CARTESIAN_POINT('',(12.3814734738995,11.9904320221017,1.7177780722891));
#2788=CARTESIAN_POINT('',(12.3911533411236,11.9762124854436,1.64654548599688));
#2789=CARTESIAN_POINT('',(12.4006471176419,11.9549550306229,1.57346803759557));
#2790=CARTESIAN_POINT('',(12.4096359382022,11.9266349308911,1.50088885003201));
#2791=CARTESIAN_POINT('',(12.4178017451939,11.8923407653439,1.4316816707503));
#2792=CARTESIAN_POINT('',(12.4249388127325,11.8539167130434,1.3682559171615));
#2793=CARTESIAN_POINT('',(12.4311014257277,11.8127130673744,1.31098962682016));
#2794=CARTESIAN_POINT('',(12.4369022181705,11.7656835394755,1.2547995160567));
#2795=CARTESIAN_POINT('',(12.442388420186,11.7111015844248,1.19919345320956));
#2796=CARTESIAN_POINT('',(12.4474946341041,11.6476870288464,1.14488722614589));
#2797=CARTESIAN_POINT('',(12.4515371641489,11.5851360181139,1.09989602169137));
#2798=CARTESIAN_POINT('',(12.4547624830811,11.5244162348242,1.06265809416993));
#2799=CARTESIAN_POINT('',(12.4573677288805,11.4656960029287,1.03164071747617));
#2800=CARTESIAN_POINT('',(12.4596413454034,11.4033906146364,1.00377616403676));
#2801=CARTESIAN_POINT('',(12.4615640673314,11.3379578291142,0.979584061082961));
#2802=CARTESIAN_POINT('',(12.4631162921079,11.2703814782227,0.959602691861903));
#2803=CARTESIAN_POINT('',(12.4642894180632,11.2018828387353,0.944216860813845));
#2804=CARTESIAN_POINT('',(12.4650949240773,11.1336353465564,0.933504195048887));
#2805=CARTESIAN_POINT('',(12.4655583719688,11.0664859628325,0.927287842065297));
#2806=CARTESIAN_POINT('',(12.4656590045277,11.021998765003,0.925925385439181));
#2807=CARTESIAN_POINT('',(12.4656592757745,10.9999999999424,0.925925925925756));
#2808=CARTESIAN_POINT('',(-2.55134749822365E-15,-2.96059473233375E-16,-12.5));
#2809=AXIS2_PLACEMENT_3D('',#2810,#2811,#2812);
#2810=CARTESIAN_POINT('',(0.,0.,0.));
#2811=DIRECTION('',(0.,1.,0.));
#2812=DIRECTION('',(1.22464679914735E-16,0.,-1.));
#2813=CARTESIAN_POINT('',(15.,5.,0.));
#2814=CARTESIAN_POINT('',(15.,-3.,0.));
#2815=CARTESIAN_POINT('',(15.,5.,-2.29621274840129E-15));
#2816=VECTOR('',#2817,1.);
#2817=DIRECTION('',(0.,-1.,0.));
#2818=CARTESIAN_POINT('',(-15.,-3.,1.48690583655155E-15));
#2819=AXIS2_PLACEMENT_3D('',#2820,#2821,#2822);
#2820=CARTESIAN_POINT('',(0.,-3.,0.));
#2821=DIRECTION('',(0.,1.,0.));
#2822=DIRECTION('',(1.,0.,3.06161699786838E-16));
#2823=CARTESIAN_POINT('',(-15.,5.,1.48690583655155E-15));
#2824=CARTESIAN_POINT('',(-15.,5.,1.37772764904077E-15));
#2825=VECTOR('',#2826,1.);
#2826=DIRECTION('',(0.,-1.,0.));
#2827=AXIS2_PLACEMENT_3D('',#2828,#2829,#2830);
#2828=CARTESIAN_POINT('',(0.,5.,0.));
#2829=DIRECTION('',(0.,1.,0.));
#2830=DIRECTION('',(1.,0.,3.06161699786838E-16));
#2831=CARTESIAN_POINT('',(-13.5,5.,0.));
#2832=CARTESIAN_POINT('',(-13.5,5.,0.));
#2833=VECTOR('',#2834,1.);
#2834=DIRECTION('',(-1.,0.,0.));
#2835=CARTESIAN_POINT('',(13.5,5.,0.));
#2836=AXIS2_PLACEMENT_3D('',#2837,#2838,#2839);
#2837=CARTESIAN_POINT('',(8.88178419700125E-16,5.,7.105427357601E-15));
#2838=DIRECTION('',(0.,-1.,0.));
#2839=DIRECTION('',(-1.,0.,3.83475850529283E-17));
#2840=CARTESIAN_POINT('',(15.,5.,0.));
#2841=VECTOR('',#2842,1.);
#2842=DIRECTION('',(-1.,1.1842378929335E-15,0.));
#2843=CARTESIAN_POINT('',(22.,-3.,12.5));
#2844=CARTESIAN_POINT('',(17.,-3.,12.5));
#2845=CARTESIAN_POINT('',(22.,-3.,12.5));
#2846=VECTOR('',#2847,1.);
#2847=DIRECTION('',(-1.,0.,0.));
#2848=CARTESIAN_POINT('',(22.,-3.,17.5));
#2849=CARTESIAN_POINT('',(22.,-3.,12.5));
#2850=VECTOR('',#2851,1.);
#2851=DIRECTION('',(7.105427357601E-16,0.,1.));
#2852=CARTESIAN_POINT('',(-22.,-3.,17.5));
#2853=CARTESIAN_POINT('',(22.,-3.,17.5));
#2854=VECTOR('',#2855,1.);
#2855=DIRECTION('',(-1.,0.,0.));
#2856=CARTESIAN_POINT('',(-22.,-3.,12.5));
#2857=CARTESIAN_POINT('',(-22.,-3.,17.5));
#2858=VECTOR('',#2859,1.);
#2859=DIRECTION('',(-7.105427357601E-16,0.,-1.));
#2860=CARTESIAN_POINT('',(-17.,-3.,12.5));
#2861=CARTESIAN_POINT('',(-17.,-3.,12.5));
#2862=VECTOR('',#2863,1.);
#2863=DIRECTION('',(-1.,0.,0.));
#2864=CARTESIAN_POINT('',(-15.,-3.,10.5));
#2865=AXIS2_PLACEMENT_3D('',#2866,#2867,#2868);
#2866=CARTESIAN_POINT('',(-17.,-3.,10.5));
#2867=DIRECTION('',(0.,1.,0.));
#2868=DIRECTION('',(0.,0.,1.));
#2869=CARTESIAN_POINT('',(-15.,-3.,10.5));
#2870=VECTOR('',#2871,1.);
#2871=DIRECTION('',(-1.69176841847643E-16,0.,-1.));
#2872=CARTESIAN_POINT('',(15.,-3.,10.5));
#2873=CARTESIAN_POINT('',(15.,-3.,10.5));
#2874=VECTOR('',#2875,1.);
#2875=DIRECTION('',(1.69176841847643E-16,0.,-1.));
#2876=AXIS2_PLACEMENT_3D('',#2877,#2878,#2879);
#2877=CARTESIAN_POINT('',(17.,-3.,10.5));
#2878=DIRECTION('',(0.,1.,0.));
#2879=DIRECTION('',(-1.,0.,0.));
#2880=CARTESIAN_POINT('',(15.,11.,0.));
#2881=CARTESIAN_POINT('',(15.,11.,0.));
#2882=VECTOR('',#2883,1.);
#2883=DIRECTION('',(-2.96059473233375E-16,-1.,1.64346021921044E-32));
#2884=CARTESIAN_POINT('',(15.,13.,2.));
#2885=AXIS2_PLACEMENT_3D('',#2886,#2887,#2888);
#2886=CARTESIAN_POINT('',(15.,11.,2.));
#2887=DIRECTION('',(1.,0.,9.91270557701033E-17));
#2888=DIRECTION('',(9.91270557701033E-17,0.,-1.));
#2889=CARTESIAN_POINT('',(15.,13.,10.5));
#2890=CARTESIAN_POINT('',(15.,13.,2.));
#2891=VECTOR('',#2892,1.);
#2892=DIRECTION('',(-2.089831575765E-16,0.,1.));
#2893=CARTESIAN_POINT('',(15.,13.,10.5));
#2894=VECTOR('',#2895,1.);
#2895=DIRECTION('',(0.,-1.,0.));
#2896=CARTESIAN_POINT('',(13.4629120178363,4.96291201783626,0.));
#2897=CARTESIAN_POINT('',(13.5,5.,4.13318294712232E-16));
#2898=VECTOR('',#2899,1.);
#2899=DIRECTION('',(-0.707106781186564,-0.707106781186531,-2.16489014058862E-17));
#2900=CARTESIAN_POINT('',(13.4629120178363,11.,0.));
#2901=CARTESIAN_POINT('',(13.4629120178363,4.96291201783626,-5.55111512312578E-17));
#2902=VECTOR('',#2903,1.);
#2903=DIRECTION('',(-2.94240674419257E-16,1.,1.0114523183162E-16));
#2904=CARTESIAN_POINT('',(13.4629120178363,11.,0.));
#2905=VECTOR('',#2906,1.);
#2906=DIRECTION('',(1.,-2.31132747118313E-15,0.));
#2907=CARTESIAN_POINT('',(-15.,11.,0.));
#2908=CARTESIAN_POINT('',(-13.4629120178363,11.,0.));
#2909=CARTESIAN_POINT('',(-15.,11.,0.));
#2910=VECTOR('',#2911,1.);
#2911=DIRECTION('',(1.,0.,0.));
#2912=CARTESIAN_POINT('',(-13.4629120178363,4.96291201783626,0.));
#2913=CARTESIAN_POINT('',(-13.4629120178363,11.,0.));
#2914=VECTOR('',#2915,1.);
#2915=DIRECTION('',(0.,-1.,0.));
#2916=CARTESIAN_POINT('',(-13.4629120178363,4.96291201783626,-1.23654840823842E-15));
#2917=VECTOR('',#2918,1.);
#2918=DIRECTION('',(-0.707106781186556,0.707106781186539,-6.49467042176579E-17));
#2919=CARTESIAN_POINT('',(-15.,11.,0.));
#2920=VECTOR('',#2921,1.);
#2921=DIRECTION('',(2.96059473233375E-16,-1.,1.64346021921044E-32));
#2922=CARTESIAN_POINT('',(-15.,13.,2.));
#2923=CARTESIAN_POINT('',(-15.,13.,10.5));
#2924=CARTESIAN_POINT('',(-15.,13.,2.));
#2925=VECTOR('',#2926,1.);
#2926=DIRECTION('',(2.089831575765E-16,0.,1.));
#2927=AXIS2_PLACEMENT_3D('',#2928,#2929,#2930);
#2928=CARTESIAN_POINT('',(-15.,11.,2.));
#2929=DIRECTION('',(-1.,0.,9.91270557701033E-17));
#2930=DIRECTION('',(2.20106279358541E-32,1.,2.22044604925031E-16));
#2931=CARTESIAN_POINT('',(-15.,-3.00000000000001,10.5));
#2932=VECTOR('',#2933,1.);
#2933=DIRECTION('',(0.,1.,0.));
#2934=CARTESIAN_POINT('',(-24.,11.,12.5));
#2935=CARTESIAN_POINT('',(-24.,-1.,12.5));
#2936=CARTESIAN_POINT('',(-24.,11.,12.5));
#2937=VECTOR('',#2938,1.);
#2938=DIRECTION('',(0.,-1.,0.));
#2939=CARTESIAN_POINT('',(-22.,13.,12.5));
#2940=AXIS2_PLACEMENT_3D('',#2941,#2942,#2943);
#2941=CARTESIAN_POINT('',(-22.,11.,12.5));
#2942=DIRECTION('',(0.,0.,-1.));
#2943=DIRECTION('',(-1.,0.,0.));
#2944=CARTESIAN_POINT('',(-17.,13.,12.5));
#2945=CARTESIAN_POINT('',(-22.,13.,12.5));
#2946=VECTOR('',#2947,1.);
#2947=DIRECTION('',(1.,-3.5527136788005E-16,0.));
#2948=CARTESIAN_POINT('',(-17.,13.,12.5));
#2949=VECTOR('',#2950,1.);
#2950=DIRECTION('',(0.,-1.,0.));
#2951=CARTESIAN_POINT('',(-17.,5.,12.5));
#2952=VECTOR('',#2953,1.);
#2953=DIRECTION('',(0.,-1.,0.));
#2954=AXIS2_PLACEMENT_3D('',#2955,#2956,#2957);
#2955=CARTESIAN_POINT('',(-22.,-1.,12.5));
#2956=DIRECTION('',(0.,0.,-1.));
#2957=DIRECTION('',(0.,-1.,0.));
#2958=CARTESIAN_POINT('',(-24.,11.,17.5));
#2959=CARTESIAN_POINT('',(-24.,-1.,17.5));
#2960=CARTESIAN_POINT('',(-24.,11.,17.5));
#2961=VECTOR('',#2962,1.);
#2962=DIRECTION('',(0.,-1.,0.));
#2963=CARTESIAN_POINT('',(-24.,11.,17.5));
#2964=VECTOR('',#2965,1.);
#2965=DIRECTION('',(-7.105427357601E-16,0.,-1.));
#2966=CARTESIAN_POINT('',(-24.,-1.,12.5));
#2967=VECTOR('',#2968,1.);
#2968=DIRECTION('',(7.105427357601E-16,0.,1.));
#2969=CARTESIAN_POINT('',(24.,11.,17.5));
#2970=CARTESIAN_POINT('',(24.,-1.,17.5));
#2971=CARTESIAN_POINT('',(24.,11.,17.5));
#2972=VECTOR('',#2973,1.);
#2973=DIRECTION('',(0.,-1.,0.));
#2974=CARTESIAN_POINT('',(22.,13.,17.5));
#2975=AXIS2_PLACEMENT_3D('',#2976,#2977,#2978);
#2976=CARTESIAN_POINT('',(22.,11.,17.5));
#2977=DIRECTION('',(0.,0.,1.));
#2978=DIRECTION('',(1.,0.,0.));
#2979=CARTESIAN_POINT('',(-22.,13.,17.5));
#2980=CARTESIAN_POINT('',(-22.,13.,17.5));
#2981=VECTOR('',#2982,1.);
#2982=DIRECTION('',(1.,0.,0.));
#2983=AXIS2_PLACEMENT_3D('',#2984,#2985,#2986);
#2984=CARTESIAN_POINT('',(-22.,11.,17.5));
#2985=DIRECTION('',(0.,0.,1.));
#2986=DIRECTION('',(0.,1.,0.));
#2987=AXIS2_PLACEMENT_3D('',#2988,#2989,#2990);
#2988=CARTESIAN_POINT('',(-22.,-1.,17.5));
#2989=DIRECTION('',(0.,0.,1.));
#2990=DIRECTION('',(-1.,0.,0.));
#2991=AXIS2_PLACEMENT_3D('',#2992,#2993,#2994);
#2992=CARTESIAN_POINT('',(22.,-1.,17.5));
#2993=DIRECTION('',(0.,0.,1.));
#2994=DIRECTION('',(0.,-1.,0.));
#2995=CARTESIAN_POINT('',(24.,11.,12.5));
#2996=CARTESIAN_POINT('',(24.,-1.,12.5));
#2997=CARTESIAN_POINT('',(24.,11.,12.5));
#2998=VECTOR('',#2999,1.);
#2999=DIRECTION('',(0.,-1.,0.));
#3000=CARTESIAN_POINT('',(24.,11.,12.5));
#3001=VECTOR('',#3002,1.);
#3002=DIRECTION('',(1.4210854715202E-15,0.,1.));
#3003=CARTESIAN_POINT('',(24.,-1.,17.5));
#3004=VECTOR('',#3005,1.);
#3005=DIRECTION('',(-1.4210854715202E-15,0.,-1.));
#3006=CARTESIAN_POINT('',(17.,13.,12.5));
#3007=CARTESIAN_POINT('',(22.,13.,12.5));
#3008=CARTESIAN_POINT('',(17.,13.,12.5));
#3009=VECTOR('',#3010,1.);
#3010=DIRECTION('',(1.,0.,0.));
#3011=AXIS2_PLACEMENT_3D('',#3012,#3013,#3014);
#3012=CARTESIAN_POINT('',(22.,11.,12.5));
#3013=DIRECTION('',(0.,0.,-1.));
#3014=DIRECTION('',(0.,1.,0.));
#3015=AXIS2_PLACEMENT_3D('',#3016,#3017,#3018);
#3016=CARTESIAN_POINT('',(22.,-1.,12.5));
#3017=DIRECTION('',(0.,0.,-1.));
#3018=DIRECTION('',(1.,1.11022302462516E-16,0.));
#3019=CARTESIAN_POINT('',(17.,-3.00000000000001,12.5));
#3020=VECTOR('',#3021,1.);
#3021=DIRECTION('',(0.,1.,0.));
#3022=CARTESIAN_POINT('',(17.,5.,12.5));
#3023=VECTOR('',#3024,1.);
#3024=DIRECTION('',(0.,1.,0.));
#3025=CARTESIAN_POINT('',(22.,13.,17.5));
#3026=VECTOR('',#3027,1.);
#3027=DIRECTION('',(-1.4210854715202E-15,0.,-1.));
#3028=AXIS2_PLACEMENT_3D('',#3029,#3030,#3031);
#3029=CARTESIAN_POINT('',(17.,13.,10.5));
#3030=DIRECTION('',(0.,-1.,0.));
#3031=DIRECTION('',(0.,0.,1.));
#3032=CARTESIAN_POINT('',(15.,13.,2.));
#3033=VECTOR('',#3034,1.);
#3034=DIRECTION('',(-1.,0.,1.34656539859466E-16));
#3035=CARTESIAN_POINT('',(-13.3510299228187,13.,2.));
#3036=VECTOR('',#3037,1.);
#3037=DIRECTION('',(-1.,0.,0.));
#3038=AXIS2_PLACEMENT_3D('',#3039,#3040,#3041);
#3039=CARTESIAN_POINT('',(-17.,13.,10.5));
#3040=DIRECTION('',(0.,-1.,0.));
#3041=DIRECTION('',(1.,0.,0.));
#3042=CARTESIAN_POINT('',(-22.,13.,12.5));
#3043=VECTOR('',#3044,1.);
#3044=DIRECTION('',(7.105427357601E-16,0.,1.));
#3045=CARTESIAN_POINT('',(13.4629120178363,11.,0.));
#3046=CARTESIAN_POINT('',(13.4629120704399,11.0212264032333,4.14544517003061E-8));
#3047=CARTESIAN_POINT('',(13.4628865961561,11.0636447810453,0.000677336950072526));
#3048=CARTESIAN_POINT('',(13.462773183573,11.1269459748345,0.00369816724321496));
#3049=CARTESIAN_POINT('',(13.4625887625037,11.1899654518683,0.00870859442096898));
#3050=CARTESIAN_POINT('',(13.462325757978,11.252565641183,0.0156794853216261));
#3051=CARTESIAN_POINT('',(13.4619911210831,11.3147241278492,0.0245865743420729));
#3052=CARTESIAN_POINT('',(13.4615863616977,11.376430208305,0.0354116951719066));
#3053=CARTESIAN_POINT('',(13.461102836006,11.437694434427,0.0481477698718167));
#3054=CARTESIAN_POINT('',(13.4605479110883,11.4983907181303,0.0627590591919652));
#3055=CARTESIAN_POINT('',(13.4599138488566,11.5581866016243,0.0791410647978221));
#3056=CARTESIAN_POINT('',(13.4592181449659,11.6167830062144,0.0971566055850401));
#3057=CARTESIAN_POINT('',(13.4584564405554,11.6737569606145,0.116588899186316));
#3058=CARTESIAN_POINT('',(13.4576370138456,11.7290984540585,0.137326024592909));
#3059=CARTESIAN_POINT('',(13.4567675171984,11.7824562651094,0.159118243892393));
#3060=CARTESIAN_POINT('',(13.4558518016502,11.8338644034089,0.181844355468977));
#3061=CARTESIAN_POINT('',(13.4549011345863,11.8829883573472,0.205205061876066));
#3062=CARTESIAN_POINT('',(13.4539115301589,11.9301918838128,0.229223457560263));
#3063=CARTESIAN_POINT('',(13.4528919316691,11.9751844136827,0.25361390175944));
#3064=CARTESIAN_POINT('',(13.4518563253654,12.0180403703029,0.278265028684219));
#3065=CARTESIAN_POINT('',(13.4508165045764,12.05821727657,0.302684764967149));
#3066=CARTESIAN_POINT('',(13.4497714289016,12.0961317258593,0.326938287946398));
#3067=CARTESIAN_POINT('',(13.448739746432,12.1315911241957,0.35073213713085));
#3068=CARTESIAN_POINT('',(13.4477100081264,12.1649936721523,0.374173189304336));
#3069=CARTESIAN_POINT('',(13.4466969479443,12.1961795090536,0.396993621873623));
#3070=CARTESIAN_POINT('',(13.4456875306359,12.2257818433045,0.419525298196347));
#3071=CARTESIAN_POINT('',(13.4446934234464,12.2536152281066,0.441521463875975));
#3072=CARTESIAN_POINT('',(13.4437141933429,12.2798369467644,0.462997417908346));
#3073=CARTESIAN_POINT('',(13.4427781688726,12.303846886989,0.483329187818555));
#3074=CARTESIAN_POINT('',(13.4418826358349,12.325947378795,0.502626904252527));
#3075=CARTESIAN_POINT('',(13.4410467752523,12.3458594842088,0.52051215541322));
#3076=CARTESIAN_POINT('',(13.4402623564297,12.3639515169562,0.537188977209284));
#3077=CARTESIAN_POINT('',(13.4394828309677,12.3814133341633,0.553663864465585));
#3078=CARTESIAN_POINT('',(13.4386718481855,12.3990375872834,0.570694582431177));
#3079=CARTESIAN_POINT('',(13.4378037702053,12.4172914716691,0.588793115748576));
#3080=CARTESIAN_POINT('',(13.437002728096,12.4335723132605,0.605355739289649));
#3081=CARTESIAN_POINT('',(13.4362808978549,12.4478288134361,0.62018132893046));
#3082=CARTESIAN_POINT('',(13.4356481192081,12.4600429184088,0.633113849769526));
#3083=CARTESIAN_POINT('',(13.4350178408365,12.4719412579117,0.645936081936224));
#3084=CARTESIAN_POINT('',(13.4343837362485,12.4836537461237,0.658779566861816));
#3085=CARTESIAN_POINT('',(13.433737803924,12.4953268298431,0.671805480661063));
#3086=CARTESIAN_POINT('',(13.4330645223735,12.5072270794222,0.685322088433297));
#3087=CARTESIAN_POINT('',(13.4323528413891,12.5195164205575,0.699540620204427));
#3088=CARTESIAN_POINT('',(13.4315833795297,12.5324755713718,0.714830542883289));
#3089=CARTESIAN_POINT('',(13.4307601496728,12.5459681860924,0.731086853976606));
#3090=CARTESIAN_POINT('',(13.4298701114278,12.560133389854,0.748536813681303));
#3091=CARTESIAN_POINT('',(13.4289197325995,12.5748130308896,0.767051480337675));
#3092=CARTESIAN_POINT('',(13.4278958846398,12.5901270600813,0.786857429743489));
#3093=CARTESIAN_POINT('',(13.4268144628268,12.6057626170889,0.807623692692534));
#3094=CARTESIAN_POINT('',(13.4256701404961,12.6217322001256,0.829429898753265));
#3095=CARTESIAN_POINT('',(13.4244691780076,12.6378877116178,0.852135311675252));
#3096=CARTESIAN_POINT('',(13.4231953918151,12.6543755631298,0.87601943901349));
#3097=CARTESIAN_POINT('',(13.4218583102288,12.671001645401,0.900881182531132));
#3098=CARTESIAN_POINT('',(13.4204532155224,12.6877447968747,0.926761596101073));
#3099=CARTESIAN_POINT('',(13.4189916990652,12.7044182384444,0.953435738636616));
#3100=CARTESIAN_POINT('',(13.417471738346,12.7209998821551,0.980927734205758));
#3101=CARTESIAN_POINT('',(13.4159070611559,12.7373022595296,1.00897255773911));
#3102=CARTESIAN_POINT('',(13.4143025167243,12.7532503466812,1.0374674393579));
#3103=CARTESIAN_POINT('',(13.4126647032885,12.7687555971686,1.06626505942353));
#3104=CARTESIAN_POINT('',(13.4109903966494,12.7838474853696,1.09542896735241));
#3105=CARTESIAN_POINT('',(13.4092737604981,12.7985662691797,1.12505576859358));
#3106=CARTESIAN_POINT('',(13.4075088128373,12.812933686348,1.15522320489412));
#3107=CARTESIAN_POINT('',(13.4057071386682,12.8268276982184,1.18570582930684));
#3108=CARTESIAN_POINT('',(13.4039105095057,12.8399374845242,1.21579415762838));
#3109=CARTESIAN_POINT('',(13.4021401006799,12.8521459046675,1.24509910109015));
#3110=CARTESIAN_POINT('',(13.4004039740566,12.8635361100695,1.27367881178974));
#3111=CARTESIAN_POINT('',(13.3986595767069,12.8743917351073,1.30217094731119));
#3112=CARTESIAN_POINT('',(13.3968833364852,12.8848380653864,1.33089690875682));
#3113=CARTESIAN_POINT('',(13.3950676736525,12.8949039828148,1.35995598358593));
#3114=CARTESIAN_POINT('',(13.3932170591882,12.9045584306861,1.38928203394372));
#3115=CARTESIAN_POINT('',(13.3913408667686,12.9137690926403,1.41878898970768));
#3116=CARTESIAN_POINT('',(13.3894513375212,12.9224903739618,1.44832460713295));
#3117=CARTESIAN_POINT('',(13.3875407525303,12.9307234021581,1.47787058457461));
#3118=CARTESIAN_POINT('',(13.3856134979809,12.9384698756005,1.50741046435964));
#3119=CARTESIAN_POINT('',(13.3836655675176,12.9457503793832,1.53700545927095));
#3120=CARTESIAN_POINT('',(13.3816946764391,12.9525776357512,1.56669807079538));
#3121=CARTESIAN_POINT('',(13.3796929495767,12.9589757261916,1.5966053437944));
#3122=CARTESIAN_POINT('',(13.3776504949113,12.9649667721261,1.62687011451201));
#3123=CARTESIAN_POINT('',(13.375558269347,12.9705556122615,1.65759585984046));
#3124=CARTESIAN_POINT('',(13.3734064174703,12.9757469455289,1.68892829978882));
#3125=CARTESIAN_POINT('',(13.3711975732231,12.9805076398474,1.72081907404401));
#3126=CARTESIAN_POINT('',(13.3689226707123,12.9848289667499,1.75338417296334));
#3127=CARTESIAN_POINT('',(13.3665799956912,12.9886813712445,1.78662617390088));
#3128=CARTESIAN_POINT('',(13.3641543624865,12.9920490761501,1.82072271012053));
#3129=CARTESIAN_POINT('',(13.3616542717951,12.9948795709364,1.85553245984594));
#3130=CARTESIAN_POINT('',(13.3590819448404,12.997135648921,1.89102153141479));
#3131=CARTESIAN_POINT('',(13.3564519374242,12.9987759455489,1.92697691644204));
#3132=CARTESIAN_POINT('',(13.3537673979709,12.9997751683479,1.9633398001269));
#3133=CARTESIAN_POINT('',(13.3519477901547,12.9999999924391,1.98774907513316));
#3134=CARTESIAN_POINT('',(13.3510299228187,13.,2.));
#3135=CARTESIAN_POINT('',(-13.3510299228187,13.,2.));
#3136=CARTESIAN_POINT('',(-13.3523928740987,12.9999992089071,1.98180545140658));
#3137=CARTESIAN_POINT('',(-13.3550977230161,12.9994995503363,1.94543350174166));
#3138=CARTESIAN_POINT('',(-13.359055524104,12.9972955893794,1.89145243534199));
#3139=CARTESIAN_POINT('',(-13.3629456300731,12.993643527366,1.83766734809921));
#3140=CARTESIAN_POINT('',(-13.3667504673202,12.9885734361255,1.78429639692323));
#3141=CARTESIAN_POINT('',(-13.3704514941164,12.9821440393528,1.73160971866164));
#3142=CARTESIAN_POINT('',(-13.3740411780675,12.9744307957958,1.67980644841144));
#3143=CARTESIAN_POINT('',(-13.3775075057578,12.9655234077663,1.62907106919582));
#3144=CARTESIAN_POINT('',(-13.3808522053702,12.9554828527828,1.57937085966858));
#3145=CARTESIAN_POINT('',(-13.3840616278008,12.9444636252596,1.53110603887116));
#3146=CARTESIAN_POINT('',(-13.3871176399843,12.9325981928508,1.48443206796521));
#3147=CARTESIAN_POINT('',(-13.3899927328198,12.9201455563208,1.43988639376154));
#3148=CARTESIAN_POINT('',(-13.3927188264779,12.9071695559092,1.39722373816946));
#3149=CARTESIAN_POINT('',(-13.3952694518724,12.893887925145,1.35674923282872));
#3150=CARTESIAN_POINT('',(-13.3976666781461,12.8803529279816,1.31823883888563));
#3151=CARTESIAN_POINT('',(-13.3999359651782,12.8665642610229,1.28136277542087));
#3152=CARTESIAN_POINT('',(-13.4021622881773,12.8520730050671,1.24478566760965));
#3153=CARTESIAN_POINT('',(-13.4043763906813,12.8366476580135,1.20799554924517));
#3154=CARTESIAN_POINT('',(-13.4065644961581,12.8203405265585,1.17120794174611));
#3155=CARTESIAN_POINT('',(-13.4086741393438,12.8035684702584,1.13533089281346));
#3156=CARTESIAN_POINT('',(-13.4106994640181,12.7864432331701,1.10049445259549));
#3157=CARTESIAN_POINT('',(-13.4126317150316,12.7691031013231,1.06686455926396));
#3158=CARTESIAN_POINT('',(-13.4144830501845,12.7515196749972,1.03427592146827));
#3159=CARTESIAN_POINT('',(-13.4162539534132,12.7337966617695,1.00281652915913));
#3160=CARTESIAN_POINT('',(-13.4179588235283,12.7158024644393,0.972169674351523));
#3161=CARTESIAN_POINT('',(-13.4196583615572,12.6969606300438,0.941335591214026));
#3162=CARTESIAN_POINT('',(-13.4214067803699,12.6765307617563,0.909236345870397));
#3163=CARTESIAN_POINT('',(-13.4232465387047,12.6538600359759,0.875123232618659));
#3164=CARTESIAN_POINT('',(-13.4251173267532,12.6293940471178,0.839951238410483));
#3165=CARTESIAN_POINT('',(-13.4269674041763,12.6037288477623,0.804724608301602));
#3166=CARTESIAN_POINT('',(-13.4287567264214,12.5774459687335,0.77024923443242));
#3167=CARTESIAN_POINT('',(-13.4304390163736,12.5512974454524,0.737445436480395));
#3168=CARTESIAN_POINT('',(-13.4319724923008,12.5261125165401,0.707154542149114));
#3169=CARTESIAN_POINT('',(-13.433324843731,12.5027906372101,0.680150645613683));
#3170=CARTESIAN_POINT('',(-13.4345588261114,12.4805697248247,0.655284883239397));
#3171=CARTESIAN_POINT('',(-13.4357236185882,12.4587201384262,0.631612991195349));
#3172=CARTESIAN_POINT('',(-13.4368385506911,12.4369291255194,0.60875633480071));
#3173=CARTESIAN_POINT('',(-13.4378772033473,12.4158003336265,0.587275169081942));
#3174=CARTESIAN_POINT('',(-13.438839903346,12.3954471942391,0.567175816824271));
#3175=CARTESIAN_POINT('',(-13.4397532247468,12.3754338289003,0.547954456045879));
#3176=CARTESIAN_POINT('',(-13.4406455938443,12.3551902999439,0.529042472640637));
#3177=CARTESIAN_POINT('',(-13.4415271373938,12.3344925076226,0.510237038266553));
#3178=CARTESIAN_POINT('',(-13.4424010625458,12.3132416898714,0.491467900321734));
#3179=CARTESIAN_POINT('',(-13.4432731218309,12.2912593581456,0.472605273998268));
#3180=CARTESIAN_POINT('',(-13.4441400875534,12.2685256276968,0.453668008432784));
#3181=CARTESIAN_POINT('',(-13.4450068769666,12.2449313418064,0.434605699853294));
#3182=CARTESIAN_POINT('',(-13.4458650371188,12.2206230956126,0.415574664671406));
#3183=CARTESIAN_POINT('',(-13.4467161435147,12.1955091742672,0.396537014698343));
#3184=CARTESIAN_POINT('',(-13.4475587417141,12.1696459255185,0.377570021199044));
#3185=CARTESIAN_POINT('',(-13.4483937395982,12.142859323928,0.358586112776076));
#3186=CARTESIAN_POINT('',(-13.449218504299,12.1152487859811,0.33969850779263));
#3187=CARTESIAN_POINT('',(-13.4500318121891,12.0867993723815,0.320934956484372));
#3188=CARTESIAN_POINT('',(-13.4508268541041,12.0576432922084,0.302415045496397));
#3189=CARTESIAN_POINT('',(-13.4516043316253,12.027774384925,0.284164183843811));
#3190=CARTESIAN_POINT('',(-13.4523596709642,11.9973483502552,0.266300381714929));
#3191=CARTESIAN_POINT('',(-13.4530906474086,11.9664520788957,0.248888706987756));
#3192=CARTESIAN_POINT('',(-13.4537945987628,11.9351590282116,0.231978317555365));
#3193=CARTESIAN_POINT('',(-13.4544735763279,11.9034518390181,0.215566953667021));
#3194=CARTESIAN_POINT('',(-13.4551274974479,11.8713234809635,0.199659525571274));
#3195=CARTESIAN_POINT('',(-13.4557559629047,11.8387475030805,0.184252868506803));
#3196=CARTESIAN_POINT('',(-13.4563586950051,11.8057230908926,0.169357918641895));
#3197=CARTESIAN_POINT('',(-13.4569969760266,11.7684695438472,0.153363460522641));
#3198=CARTESIAN_POINT('',(-13.4576669234376,11.7269136614203,0.136562642612045));
#3199=CARTESIAN_POINT('',(-13.4583556627507,11.6809883081541,0.119293262981303));
#3200=CARTESIAN_POINT('',(-13.4589303432108,11.6386868647504,0.104560820508502));
#3201=CARTESIAN_POINT('',(-13.4594108004147,11.6002780831547,0.0920958199102506));
#3202=CARTESIAN_POINT('',(-13.4598177237893,11.5661566565019,0.0816973204832069));
#3203=CARTESIAN_POINT('',(-13.4601900336493,11.5323955676629,0.0720588796105937));
#3204=CARTESIAN_POINT('',(-13.4605294487844,11.4991942347461,0.063200712170658));
#3205=CARTESIAN_POINT('',(-13.4608407169422,11.4663553180637,0.0550353758003296));
#3206=CARTESIAN_POINT('',(-13.4611245530318,11.4340163258019,0.0475676204318078));
#3207=CARTESIAN_POINT('',(-13.461383053591,11.4021240578712,0.0407547525603619));
#3208=CARTESIAN_POINT('',(-13.4616393127695,11.3677043054475,0.0339795257385264));
#3209=CARTESIAN_POINT('',(-13.4618866708767,11.3306908877146,0.0273902163841261));
#3210=CARTESIAN_POINT('',(-13.4621200841181,11.2911224178789,0.0211691160442839));
#3211=CARTESIAN_POINT('',(-13.4623196003716,11.2523654597426,0.0158604982619256));
#3212=CARTESIAN_POINT('',(-13.4625015400523,11.2111743971099,0.0110273034493236));
#3213=CARTESIAN_POINT('',(-13.4626579284021,11.1673198638144,0.00682596683907018));
#3214=CARTESIAN_POINT('',(-13.4627743911755,11.1236061392409,0.00367426645835614));
#3215=CARTESIAN_POINT('',(-13.4628453113137,11.0862851797973,0.0017731965006992));
#3216=CARTESIAN_POINT('',(-13.4628856970867,11.055376394494,0.000702666936594668));
#3217=CARTESIAN_POINT('',(-13.4629072164416,11.0281370722691,0.000137231033583364));
#3218=CARTESIAN_POINT('',(-13.4629121586935,11.0096746334943,3.14705154851917E-6));
#3219=CARTESIAN_POINT('',(-13.4629120304957,11.0004550993934,-3.30764151384489E-12));
#3220=CARTESIAN_POINT('',(-13.4629120178402,10.9999999999974,-3.6688284366481E-12));
#3221=CARTESIAN_POINT('',(-12.4656592757743,3.99999999999999,0.925925925925933));
#3222=CARTESIAN_POINT('',(-12.4830262262008,4.01612481441306,0.909801117263178));
#3223=CARTESIAN_POINT('',(-12.5181468946576,4.04880677209539,0.877192395232727));
#3224=CARTESIAN_POINT('',(-12.571366407034,4.09855238472058,0.827779318490958));
#3225=CARTESIAN_POINT('',(-12.626131026171,4.14997246445607,0.776931646137037));
#3226=CARTESIAN_POINT('',(-12.6824242477509,4.20306914285156,0.724664702045308));
#3227=CARTESIAN_POINT('',(-12.7527671665818,4.26972472745527,0.659352941542051));
#3228=CARTESIAN_POINT('',(-12.8545310723004,4.36674529991331,0.564867527108954));
#3229=CARTESIAN_POINT('',(-13.0109861956757,4.51733364043162,0.419602591885515));
#3230=CARTESIAN_POINT('',(-13.220108200373,4.72138833338333,0.22543768497317));
#3231=CARTESIAN_POINT('',(-13.3783439009189,4.87834591417445,0.0785195253507265));
#3232=CARTESIAN_POINT('',(-13.4629120178368,4.96291201783628,5.75650638268144E-13));
#3233=CARTESIAN_POINT('',(13.4629120178363,4.96291201783626,6.34227407671172E-16));
#3234=CARTESIAN_POINT('',(13.3952574919369,4.89525876813086,0.0628156503304223));
#3235=CARTESIAN_POINT('',(13.2456983875668,4.74666707603445,0.201677792647778));
#3236=CARTESIAN_POINT('',(13.0218215735631,4.52761212865022,0.409542196079862));
#3237=CARTESIAN_POINT('',(12.7999434470334,4.31419139092035,0.615550864779963));
#3238=CARTESIAN_POINT('',(12.6173147131202,4.14136922004701,0.785117387304263));
#3239=CARTESIAN_POINT('',(12.5085716632929,4.0398434969454,0.886082774364678));
#3240=CARTESIAN_POINT('',(12.4656592757743,3.99999999999998,0.925925925925926));
#3241=CARTESIAN_POINT('',(13.4629120178363,11.,2.22044604925031E-16));
#3242=VECTOR('',#3243,1.);
#3243=DIRECTION('',(-0.732828108792939,-1.30535035729009E-15,0.680413817439773));
#3244=CARTESIAN_POINT('',(-12.4656592757743,11.,0.925925925925936));
#3245=VECTOR('',#3246,1.);
#3246=DIRECTION('',(-0.732828108792938,3.82467654685993E-13,-0.680413817439774));
ENDSEC;
END-ISO-10303-21;
