ISO-10303-21;
HEADER;
FILE_DESCRIPTION(('STEP AP242'),
    '1');
FILE_NAME('Ронити МС - Питание',
    '',
    ('UNSPECIFIED'),
    ('UNSPECIFIED'),
    'C3D Converter',
    'C3D Toolkit',
    '');
FILE_SCHEMA(('AP242_MANAGED_MODEL_BASED_3D_ENGINEERING_MIM_LF { 1 0 10303 442 1 1 4 }'));
ENDSEC;

DATA;
#1=PRODUCT_DEFINITION('','UNSPECIFIED',#15,#18);
#2=SHAPE_DEFINITION_REPRESENTATION(#13,#3);
#3=SHAPE_REPRESENTATION('NONE',(#4,#40,#111,#181),#8);
#4=AXIS2_PLACEMENT_3D('',#5,#6,#7);
#5=CARTESIAN_POINT('',(0.,0.,0.));
#6=DIRECTION('',(0.,0.,1.));
#7=DIRECTION('',(1.,0.,0.));
#8=(GEOMETRIC_REPRESENTATION_CONTEXT(3)GLOBAL_UNCERTAINTY_ASSIGNED_CONTEXT((#10))
GLOBAL_UNIT_ASSIGNED_CONTEXT((#9,#11,#12))REPRESENTATION_CONTEXT('NONE','NONE'));
#9=(LENGTH_UNIT()NAMED_UNIT(*)SI_UNIT(.MILLI.,.METRE.));
#10=UNCERTAINTY_MEASURE_WITH_UNIT(LENGTH_MEASURE(1.E-5),#9,'NONE','NONE');
#11=(NAMED_UNIT(*)PLANE_ANGLE_UNIT()SI_UNIT($,.RADIAN.));
#12=(NAMED_UNIT(*)SI_UNIT($,.STERADIAN.)SOLID_ANGLE_UNIT());
#13=PRODUCT_DEFINITION_SHAPE('NONE','NONE',#1);
#14=MECHANICAL_CONTEXT('NONE',#19,'mechanical');
#15=PRODUCT_DEFINITION_FORMATION_WITH_SPECIFIED_SOURCE('ANY','UNSPECIFIED',#16,.NOT_KNOWN.);
#16=PRODUCT('\X2\0420043E043D043804420438\X0\ \X2\041C0421\X0\','\X2\041F043804420430043D04380435\X0\',
'NONE',(#14));
#17=PRODUCT_RELATED_PRODUCT_CATEGORY('assembly','',(#16));
#18=DESIGN_CONTEXT('detailed design',#19,'design');
#19=APPLICATION_CONTEXT('configuration controlled 3d designs of mechanical parts and assemblies');
#20=APPLICATION_PROTOCOL_DEFINITION('international standard','config_control_design',
1994,#19);
#21=CC_DESIGN_DATE_AND_TIME_ASSIGNMENT(#22,#26,(#1));
#22=DATE_AND_TIME(#23,#24);
#23=CALENDAR_DATE(0,1,1);
#24=LOCAL_TIME(0,0,0.,#25);
#25=COORDINATED_UNIVERSAL_TIME_OFFSET(0,0,.AHEAD.);
#26=DATE_TIME_ROLE('creation_date');
#27=CC_DESIGN_APPROVAL(#28,(#1));
#28=APPROVAL(#29,'UNSPECIFIED');
#29=APPROVAL_STATUS('not_yet_approved');
#30=APPROVAL_DATE_TIME(#31,#28);
#31=DATE_AND_TIME(#32,#33);
#32=CALENDAR_DATE(0,1,1);
#33=LOCAL_TIME(0,0,0.,#34);
#34=COORDINATED_UNIVERSAL_TIME_OFFSET(0,0,.AHEAD.);
#35=PERSON('UNSPECIFIED','io','UNSPECIFIED',('UNSPECIFIED'),('UNSPECIFIED'),('UNSPECIFIED'));
#36=ORGANIZATION('UNSPECIFIED','UNSPECIFIED','UNSPECIFIED');
#37=PERSON_AND_ORGANIZATION(#35,#36);
#38=PERSON_AND_ORGANIZATION_ROLE('creator');
#39=CC_DESIGN_PERSON_AND_ORGANIZATION_ASSIGNMENT(#37,#38,(#15,#1));
#40=AXIS2_PLACEMENT_3D('',#41,#42,#43);
#41=CARTESIAN_POINT('',(-1.,0.,2.));
#42=DIRECTION('',(0.,0.,1.));
#43=DIRECTION('',(1.,0.,0.));
#44=PRODUCT_DEFINITION('','UNSPECIFIED',#64,#67);
#45=SHAPE_DEFINITION_REPRESENTATION(#62,#46);
#46=SHAPE_REPRESENTATION('NONE',(#4),#8);
#47=MANIFOLD_SOLID_BREP('',#48);
#48=CLOSED_SHELL('',(#207,#216,#225,#234,#243,#252,#261,#270,#279,#288,#297,#306,
#315,#324,#333,#342,#351,#360,#369,#378,#387,#396,#405,#414,#423,#432,#441,#450,
#459,#468,#477,#486,#495,#504,#513,#522,#531,#540,#549,#558,#567,#576,#585,#594));
#49=COLOUR_RGB('',1.,1.,1.);
#50=FILL_AREA_STYLE_COLOUR('',#49);
#51=FILL_AREA_STYLE($,(#50));
#52=SURFACE_STYLE_FILL_AREA(#51);
#53=SURFACE_SIDE_STYLE('',(#52,#57));
#54=SURFACE_STYLE_USAGE(.BOTH.,#53);
#55=PRESENTATION_STYLE_ASSIGNMENT((#54));
#56=SURFACE_STYLE_TRANSPARENT(0.541000008583069);
#57=SURFACE_STYLE_RENDERING_WITH_PROPERTIES(.UNSPECIFIED.,$,(#56));
#58=MECHANICAL_DESIGN_GEOMETRIC_PRESENTATION_REPRESENTATION('NONE',(#59,#129,#215,
#224,#233,#242,#251,#260,#269,#278,#287,#296,#305,#314,#323,#332,#341,#350,#359,
#368,#377,#386,#395,#404,#413,#422,#431,#440,#449,#458,#467,#476,#485,#494,#503,
#512,#521,#530,#539,#548,#557,#566,#575,#584,#593,#602,#611,#620,#629,#638,#647,
#656,#665,#674,#683,#692,#701,#710),#8);
#59=STYLED_ITEM('',(#55),#47);
#60=ADVANCED_BREP_SHAPE_REPRESENTATION('NONE',(#47),#8);
#61=SHAPE_REPRESENTATION_RELATIONSHIP('','',#46,#60);
#62=PRODUCT_DEFINITION_SHAPE('NONE','NONE',#44);
#63=MECHANICAL_CONTEXT('NONE',#68,'mechanical');
#64=PRODUCT_DEFINITION_FORMATION_WITH_SPECIFIED_SOURCE('ANY','UNSPECIFIED',#65,.NOT_KNOWN.);
#65=PRODUCT('\X2\041F0413\X0\20 \X2\041C0414\X0\','\X2\0425043E043B043404350440\X0\ 2S 18650',
'NONE',(#63));
#66=PRODUCT_RELATED_PRODUCT_CATEGORY('detail','',(#65));
#67=DESIGN_CONTEXT('detailed design',#68,'design');
#68=APPLICATION_CONTEXT('configuration controlled 3d designs of mechanical parts and assemblies');
#69=APPLICATION_PROTOCOL_DEFINITION('international standard','config_control_design',
1994,#68);
#70=CC_DESIGN_DATE_AND_TIME_ASSIGNMENT(#71,#75,(#44));
#71=DATE_AND_TIME(#72,#73);
#72=CALENDAR_DATE(0,1,1);
#73=LOCAL_TIME(0,0,0.,#74);
#74=COORDINATED_UNIVERSAL_TIME_OFFSET(0,0,.AHEAD.);
#75=DATE_TIME_ROLE('creation_date');
#76=CC_DESIGN_APPROVAL(#77,(#44));
#77=APPROVAL(#78,'UNSPECIFIED');
#78=APPROVAL_STATUS('not_yet_approved');
#79=APPROVAL_DATE_TIME(#80,#77);
#80=DATE_AND_TIME(#81,#82);
#81=CALENDAR_DATE(0,1,1);
#82=LOCAL_TIME(0,0,0.,#83);
#83=COORDINATED_UNIVERSAL_TIME_OFFSET(0,0,.AHEAD.);
#84=PERSON('UNSPECIFIED','io','UNSPECIFIED',('UNSPECIFIED'),('UNSPECIFIED'),('UNSPECIFIED'));
#85=ORGANIZATION('UNSPECIFIED','UNSPECIFIED','UNSPECIFIED');
#86=PERSON_AND_ORGANIZATION(#84,#85);
#87=PERSON_AND_ORGANIZATION_ROLE('creator');
#88=CC_DESIGN_PERSON_AND_ORGANIZATION_ASSIGNMENT(#86,#87,(#64,#44));
#89=ITEM_DEFINED_TRANSFORMATION('','',#4,#40);
#90=(REPRESENTATION_RELATIONSHIP('','',#46,#3)REPRESENTATION_RELATIONSHIP_WITH_TRANSFORMATION(
#89)SHAPE_REPRESENTATION_RELATIONSHIP());
#91=NEXT_ASSEMBLY_USAGE_OCCURRENCE('\X2\041F0413\X0\20 \X2\041C0414\X0\','\X2\0425043E043B043404350440\X0\ 2S 18650',
'',#1,#44,'');
#92=CC_DESIGN_SECURITY_CLASSIFICATION(#93,(#91));
#93=SECURITY_CLASSIFICATION('','',#94);
#94=SECURITY_CLASSIFICATION_LEVEL('unclassified');
#95=CC_DESIGN_DATE_AND_TIME_ASSIGNMENT(#96,#100,(#93));
#96=DATE_AND_TIME(#97,#98);
#97=CALENDAR_DATE(0,1,1);
#98=LOCAL_TIME(0,0,0.,#99);
#99=COORDINATED_UNIVERSAL_TIME_OFFSET(0,0,.AHEAD.);
#100=DATE_TIME_ROLE('classification_date');
#101=CC_DESIGN_APPROVAL(#102,(#93));
#102=APPROVAL(#103,'UNSPECIFIED');
#103=APPROVAL_STATUS('not_yet_approved');
#104=APPROVAL_DATE_TIME(#105,#102);
#105=DATE_AND_TIME(#106,#107);
#106=CALENDAR_DATE(0,1,1);
#107=LOCAL_TIME(0,0,0.,#108);
#108=COORDINATED_UNIVERSAL_TIME_OFFSET(0,0,.AHEAD.);
#109=PRODUCT_DEFINITION_SHAPE('NONE','NONE',#91);
#110=CONTEXT_DEPENDENT_SHAPE_REPRESENTATION(#90,#109);
#111=AXIS2_PLACEMENT_3D('',#112,#113,#114);
#112=CARTESIAN_POINT('',(7.605,32.15,12.));
#113=DIRECTION('',(0.,-1.,9.71445146547012E-17));
#114=DIRECTION('',(1.,0.,0.));
#115=PRODUCT_DEFINITION('','UNSPECIFIED',#134,#137);
#116=SHAPE_DEFINITION_REPRESENTATION(#132,#117);
#117=SHAPE_REPRESENTATION('NONE',(#4),#8);
#118=MANIFOLD_SOLID_BREP('',#119);
#119=CLOSED_SHELL('',(#603,#612,#621,#630,#639,#648,#657,#666,#675,#684,#693,#702));
#120=COLOUR_RGB('',1.,1.,1.);
#121=FILL_AREA_STYLE_COLOUR('',#120);
#122=FILL_AREA_STYLE($,(#121));
#123=SURFACE_STYLE_FILL_AREA(#122);
#124=SURFACE_SIDE_STYLE('',(#123,#128));
#125=SURFACE_STYLE_USAGE(.BOTH.,#124);
#126=PRESENTATION_STYLE_ASSIGNMENT((#125));
#127=SURFACE_STYLE_TRANSPARENT(0.541000008583069);
#128=SURFACE_STYLE_RENDERING_WITH_PROPERTIES(.UNSPECIFIED.,$,(#127));
#129=STYLED_ITEM('',(#126),#118);
#130=ADVANCED_BREP_SHAPE_REPRESENTATION('NONE',(#118),#8);
#131=SHAPE_REPRESENTATION_RELATIONSHIP('','',#117,#130);
#132=PRODUCT_DEFINITION_SHAPE('NONE','NONE',#115);
#133=MECHANICAL_CONTEXT('NONE',#138,'mechanical');
#134=PRODUCT_DEFINITION_FORMATION_WITH_SPECIFIED_SOURCE('ANY','UNSPECIFIED',#135,
.NOT_KNOWN.);
#135=PRODUCT('\X2\041A04430431044104300442\X0\ \X2\041C0414\X0\','18650','NONE',
(#133));
#136=PRODUCT_RELATED_PRODUCT_CATEGORY('detail','',(#135));
#137=DESIGN_CONTEXT('detailed design',#138,'design');
#138=APPLICATION_CONTEXT('configuration controlled 3d designs of mechanical parts and assemblies');
#139=APPLICATION_PROTOCOL_DEFINITION('international standard','config_control_design',
1994,#138);
#140=CC_DESIGN_DATE_AND_TIME_ASSIGNMENT(#141,#145,(#115));
#141=DATE_AND_TIME(#142,#143);
#142=CALENDAR_DATE(0,1,1);
#143=LOCAL_TIME(0,0,0.,#144);
#144=COORDINATED_UNIVERSAL_TIME_OFFSET(0,0,.AHEAD.);
#145=DATE_TIME_ROLE('creation_date');
#146=CC_DESIGN_APPROVAL(#147,(#115));
#147=APPROVAL(#148,'UNSPECIFIED');
#148=APPROVAL_STATUS('not_yet_approved');
#149=APPROVAL_DATE_TIME(#150,#147);
#150=DATE_AND_TIME(#151,#152);
#151=CALENDAR_DATE(0,1,1);
#152=LOCAL_TIME(0,0,0.,#153);
#153=COORDINATED_UNIVERSAL_TIME_OFFSET(0,0,.AHEAD.);
#154=PERSON('UNSPECIFIED','io','UNSPECIFIED',('UNSPECIFIED'),('UNSPECIFIED'),('UNSPECIFIED'));
#155=ORGANIZATION('UNSPECIFIED','UNSPECIFIED','UNSPECIFIED');
#156=PERSON_AND_ORGANIZATION(#154,#155);
#157=PERSON_AND_ORGANIZATION_ROLE('creator');
#158=CC_DESIGN_PERSON_AND_ORGANIZATION_ASSIGNMENT(#156,#157,(#134,#115));
#159=ITEM_DEFINED_TRANSFORMATION('','',#4,#111);
#160=(REPRESENTATION_RELATIONSHIP('','',#117,#3)REPRESENTATION_RELATIONSHIP_WITH_TRANSFORMATION(
#159)SHAPE_REPRESENTATION_RELATIONSHIP());
#161=NEXT_ASSEMBLY_USAGE_OCCURRENCE('\X2\041A04430431044104300442\X0\ \X2\041C0414\X0\',
'18650','',#1,#115,'');
#162=CC_DESIGN_SECURITY_CLASSIFICATION(#163,(#161));
#163=SECURITY_CLASSIFICATION('','',#164);
#164=SECURITY_CLASSIFICATION_LEVEL('unclassified');
#165=CC_DESIGN_DATE_AND_TIME_ASSIGNMENT(#166,#170,(#163));
#166=DATE_AND_TIME(#167,#168);
#167=CALENDAR_DATE(0,1,1);
#168=LOCAL_TIME(0,0,0.,#169);
#169=COORDINATED_UNIVERSAL_TIME_OFFSET(0,0,.AHEAD.);
#170=DATE_TIME_ROLE('classification_date');
#171=CC_DESIGN_APPROVAL(#172,(#163));
#172=APPROVAL(#173,'UNSPECIFIED');
#173=APPROVAL_STATUS('not_yet_approved');
#174=APPROVAL_DATE_TIME(#175,#172);
#175=DATE_AND_TIME(#176,#177);
#176=CALENDAR_DATE(0,1,1);
#177=LOCAL_TIME(0,0,0.,#178);
#178=COORDINATED_UNIVERSAL_TIME_OFFSET(0,0,.AHEAD.);
#179=PRODUCT_DEFINITION_SHAPE('NONE','NONE',#161);
#180=CONTEXT_DEPENDENT_SHAPE_REPRESENTATION(#160,#179);
#181=AXIS2_PLACEMENT_3D('',#182,#183,#184);
#182=CARTESIAN_POINT('',(-9.605,-32.75,12.));
#183=DIRECTION('',(0.,1.,-9.0205620750794E-17));
#184=DIRECTION('',(1.,0.,0.));
#185=ITEM_DEFINED_TRANSFORMATION('','',#4,#181);
#186=(REPRESENTATION_RELATIONSHIP('','',#117,#3)REPRESENTATION_RELATIONSHIP_WITH_TRANSFORMATION(
#185)SHAPE_REPRESENTATION_RELATIONSHIP());
#187=NEXT_ASSEMBLY_USAGE_OCCURRENCE('\X2\041A04430431044104300442\X0\ \X2\041C0414\X0\',
'18650','',#1,#115,'');
#188=CC_DESIGN_SECURITY_CLASSIFICATION(#189,(#187));
#189=SECURITY_CLASSIFICATION('','',#190);
#190=SECURITY_CLASSIFICATION_LEVEL('unclassified');
#191=CC_DESIGN_DATE_AND_TIME_ASSIGNMENT(#192,#196,(#189));
#192=DATE_AND_TIME(#193,#194);
#193=CALENDAR_DATE(0,1,1);
#194=LOCAL_TIME(0,0,0.,#195);
#195=COORDINATED_UNIVERSAL_TIME_OFFSET(0,0,.AHEAD.);
#196=DATE_TIME_ROLE('classification_date');
#197=CC_DESIGN_APPROVAL(#198,(#189));
#198=APPROVAL(#199,'UNSPECIFIED');
#199=APPROVAL_STATUS('not_yet_approved');
#200=APPROVAL_DATE_TIME(#201,#198);
#201=DATE_AND_TIME(#202,#203);
#202=CALENDAR_DATE(0,1,1);
#203=LOCAL_TIME(0,0,0.,#204);
#204=COORDINATED_UNIVERSAL_TIME_OFFSET(0,0,.AHEAD.);
#205=PRODUCT_DEFINITION_SHAPE('NONE','NONE',#187);
#206=CONTEXT_DEPENDENT_SHAPE_REPRESENTATION(#186,#205);
#207=ADVANCED_FACE('',(#711),#713,.T.);
#208=COLOUR_RGB('',0.282352941176471,0.282352941176471,0.282352941176471);
#209=FILL_AREA_STYLE_COLOUR('',#208);
#210=FILL_AREA_STYLE($,(#209));
#211=SURFACE_STYLE_FILL_AREA(#210);
#212=SURFACE_SIDE_STYLE('',(#211));
#213=SURFACE_STYLE_USAGE(.BOTH.,#212);
#214=PRESENTATION_STYLE_ASSIGNMENT((#213));
#215=STYLED_ITEM('',(#214),#207);
#216=ADVANCED_FACE('',(#718),#720,.T.);
#217=COLOUR_RGB('',0.282352941176471,0.282352941176471,0.282352941176471);
#218=FILL_AREA_STYLE_COLOUR('',#217);
#219=FILL_AREA_STYLE($,(#218));
#220=SURFACE_STYLE_FILL_AREA(#219);
#221=SURFACE_SIDE_STYLE('',(#220));
#222=SURFACE_STYLE_USAGE(.BOTH.,#221);
#223=PRESENTATION_STYLE_ASSIGNMENT((#222));
#224=STYLED_ITEM('',(#223),#216);
#225=ADVANCED_FACE('',(#725),#727,.T.);
#226=COLOUR_RGB('',0.282352941176471,0.282352941176471,0.282352941176471);
#227=FILL_AREA_STYLE_COLOUR('',#226);
#228=FILL_AREA_STYLE($,(#227));
#229=SURFACE_STYLE_FILL_AREA(#228);
#230=SURFACE_SIDE_STYLE('',(#229));
#231=SURFACE_STYLE_USAGE(.BOTH.,#230);
#232=PRESENTATION_STYLE_ASSIGNMENT((#231));
#233=STYLED_ITEM('',(#232),#225);
#234=ADVANCED_FACE('',(#732),#734,.T.);
#235=COLOUR_RGB('',0.282352941176471,0.282352941176471,0.282352941176471);
#236=FILL_AREA_STYLE_COLOUR('',#235);
#237=FILL_AREA_STYLE($,(#236));
#238=SURFACE_STYLE_FILL_AREA(#237);
#239=SURFACE_SIDE_STYLE('',(#238));
#240=SURFACE_STYLE_USAGE(.BOTH.,#239);
#241=PRESENTATION_STYLE_ASSIGNMENT((#240));
#242=STYLED_ITEM('',(#241),#234);
#243=ADVANCED_FACE('',(#739),#741,.T.);
#244=COLOUR_RGB('',0.282352941176471,0.282352941176471,0.282352941176471);
#245=FILL_AREA_STYLE_COLOUR('',#244);
#246=FILL_AREA_STYLE($,(#245));
#247=SURFACE_STYLE_FILL_AREA(#246);
#248=SURFACE_SIDE_STYLE('',(#247));
#249=SURFACE_STYLE_USAGE(.BOTH.,#248);
#250=PRESENTATION_STYLE_ASSIGNMENT((#249));
#251=STYLED_ITEM('',(#250),#243);
#252=ADVANCED_FACE('',(#746),#748,.T.);
#253=COLOUR_RGB('',0.282352941176471,0.282352941176471,0.282352941176471);
#254=FILL_AREA_STYLE_COLOUR('',#253);
#255=FILL_AREA_STYLE($,(#254));
#256=SURFACE_STYLE_FILL_AREA(#255);
#257=SURFACE_SIDE_STYLE('',(#256));
#258=SURFACE_STYLE_USAGE(.BOTH.,#257);
#259=PRESENTATION_STYLE_ASSIGNMENT((#258));
#260=STYLED_ITEM('',(#259),#252);
#261=ADVANCED_FACE('',(#753),#755,.T.);
#262=COLOUR_RGB('',0.282352941176471,0.282352941176471,0.282352941176471);
#263=FILL_AREA_STYLE_COLOUR('',#262);
#264=FILL_AREA_STYLE($,(#263));
#265=SURFACE_STYLE_FILL_AREA(#264);
#266=SURFACE_SIDE_STYLE('',(#265));
#267=SURFACE_STYLE_USAGE(.BOTH.,#266);
#268=PRESENTATION_STYLE_ASSIGNMENT((#267));
#269=STYLED_ITEM('',(#268),#261);
#270=ADVANCED_FACE('',(#760),#762,.T.);
#271=COLOUR_RGB('',0.282352941176471,0.282352941176471,0.282352941176471);
#272=FILL_AREA_STYLE_COLOUR('',#271);
#273=FILL_AREA_STYLE($,(#272));
#274=SURFACE_STYLE_FILL_AREA(#273);
#275=SURFACE_SIDE_STYLE('',(#274));
#276=SURFACE_STYLE_USAGE(.BOTH.,#275);
#277=PRESENTATION_STYLE_ASSIGNMENT((#276));
#278=STYLED_ITEM('',(#277),#270);
#279=ADVANCED_FACE('',(#767),#769,.F.);
#280=COLOUR_RGB('',0.282352941176471,0.282352941176471,0.282352941176471);
#281=FILL_AREA_STYLE_COLOUR('',#280);
#282=FILL_AREA_STYLE($,(#281));
#283=SURFACE_STYLE_FILL_AREA(#282);
#284=SURFACE_SIDE_STYLE('',(#283));
#285=SURFACE_STYLE_USAGE(.BOTH.,#284);
#286=PRESENTATION_STYLE_ASSIGNMENT((#285));
#287=STYLED_ITEM('',(#286),#279);
#288=ADVANCED_FACE('',(#774),#776,.F.);
#289=COLOUR_RGB('',0.282352941176471,0.282352941176471,0.282352941176471);
#290=FILL_AREA_STYLE_COLOUR('',#289);
#291=FILL_AREA_STYLE($,(#290));
#292=SURFACE_STYLE_FILL_AREA(#291);
#293=SURFACE_SIDE_STYLE('',(#292));
#294=SURFACE_STYLE_USAGE(.BOTH.,#293);
#295=PRESENTATION_STYLE_ASSIGNMENT((#294));
#296=STYLED_ITEM('',(#295),#288);
#297=ADVANCED_FACE('',(#781),#783,.F.);
#298=COLOUR_RGB('',0.282352941176471,0.282352941176471,0.282352941176471);
#299=FILL_AREA_STYLE_COLOUR('',#298);
#300=FILL_AREA_STYLE($,(#299));
#301=SURFACE_STYLE_FILL_AREA(#300);
#302=SURFACE_SIDE_STYLE('',(#301));
#303=SURFACE_STYLE_USAGE(.BOTH.,#302);
#304=PRESENTATION_STYLE_ASSIGNMENT((#303));
#305=STYLED_ITEM('',(#304),#297);
#306=ADVANCED_FACE('',(#787),#789,.F.);
#307=COLOUR_RGB('',0.282352941176471,0.282352941176471,0.282352941176471);
#308=FILL_AREA_STYLE_COLOUR('',#307);
#309=FILL_AREA_STYLE($,(#308));
#310=SURFACE_STYLE_FILL_AREA(#309);
#311=SURFACE_SIDE_STYLE('',(#310));
#312=SURFACE_STYLE_USAGE(.BOTH.,#311);
#313=PRESENTATION_STYLE_ASSIGNMENT((#312));
#314=STYLED_ITEM('',(#313),#306);
#315=ADVANCED_FACE('',(#793),#795,.T.);
#316=COLOUR_RGB('',0.282352941176471,0.282352941176471,0.282352941176471);
#317=FILL_AREA_STYLE_COLOUR('',#316);
#318=FILL_AREA_STYLE($,(#317));
#319=SURFACE_STYLE_FILL_AREA(#318);
#320=SURFACE_SIDE_STYLE('',(#319));
#321=SURFACE_STYLE_USAGE(.BOTH.,#320);
#322=PRESENTATION_STYLE_ASSIGNMENT((#321));
#323=STYLED_ITEM('',(#322),#315);
#324=ADVANCED_FACE('',(#800),#802,.T.);
#325=COLOUR_RGB('',0.282352941176471,0.282352941176471,0.282352941176471);
#326=FILL_AREA_STYLE_COLOUR('',#325);
#327=FILL_AREA_STYLE($,(#326));
#328=SURFACE_STYLE_FILL_AREA(#327);
#329=SURFACE_SIDE_STYLE('',(#328));
#330=SURFACE_STYLE_USAGE(.BOTH.,#329);
#331=PRESENTATION_STYLE_ASSIGNMENT((#330));
#332=STYLED_ITEM('',(#331),#324);
#333=ADVANCED_FACE('',(#807,#809,#811,#813,#815,#817,#819,#821,#823),#825,.F.);
#334=COLOUR_RGB('',0.282352941176471,0.282352941176471,0.282352941176471);
#335=FILL_AREA_STYLE_COLOUR('',#334);
#336=FILL_AREA_STYLE($,(#335));
#337=SURFACE_STYLE_FILL_AREA(#336);
#338=SURFACE_SIDE_STYLE('',(#337));
#339=SURFACE_STYLE_USAGE(.BOTH.,#338);
#340=PRESENTATION_STYLE_ASSIGNMENT((#339));
#341=STYLED_ITEM('',(#340),#333);
#342=ADVANCED_FACE('',(#830,#832,#834),#836,.T.);
#343=COLOUR_RGB('',0.282352941176471,0.282352941176471,0.282352941176471);
#344=FILL_AREA_STYLE_COLOUR('',#343);
#345=FILL_AREA_STYLE($,(#344));
#346=SURFACE_STYLE_FILL_AREA(#345);
#347=SURFACE_SIDE_STYLE('',(#346));
#348=SURFACE_STYLE_USAGE(.BOTH.,#347);
#349=PRESENTATION_STYLE_ASSIGNMENT((#348));
#350=STYLED_ITEM('',(#349),#342);
#351=ADVANCED_FACE('',(#841),#843,.T.);
#352=COLOUR_RGB('',0.282352941176471,0.282352941176471,0.282352941176471);
#353=FILL_AREA_STYLE_COLOUR('',#352);
#354=FILL_AREA_STYLE($,(#353));
#355=SURFACE_STYLE_FILL_AREA(#354);
#356=SURFACE_SIDE_STYLE('',(#355));
#357=SURFACE_STYLE_USAGE(.BOTH.,#356);
#358=PRESENTATION_STYLE_ASSIGNMENT((#357));
#359=STYLED_ITEM('',(#358),#351);
#360=ADVANCED_FACE('',(#848),#850,.T.);
#361=COLOUR_RGB('',0.282352941176471,0.282352941176471,0.282352941176471);
#362=FILL_AREA_STYLE_COLOUR('',#361);
#363=FILL_AREA_STYLE($,(#362));
#364=SURFACE_STYLE_FILL_AREA(#363);
#365=SURFACE_SIDE_STYLE('',(#364));
#366=SURFACE_STYLE_USAGE(.BOTH.,#365);
#367=PRESENTATION_STYLE_ASSIGNMENT((#366));
#368=STYLED_ITEM('',(#367),#360);
#369=ADVANCED_FACE('',(#855),#857,.T.);
#370=COLOUR_RGB('',0.282352941176471,0.282352941176471,0.282352941176471);
#371=FILL_AREA_STYLE_COLOUR('',#370);
#372=FILL_AREA_STYLE($,(#371));
#373=SURFACE_STYLE_FILL_AREA(#372);
#374=SURFACE_SIDE_STYLE('',(#373));
#375=SURFACE_STYLE_USAGE(.BOTH.,#374);
#376=PRESENTATION_STYLE_ASSIGNMENT((#375));
#377=STYLED_ITEM('',(#376),#369);
#378=ADVANCED_FACE('',(#862,#864,#866),#868,.T.);
#379=COLOUR_RGB('',0.282352941176471,0.282352941176471,0.282352941176471);
#380=FILL_AREA_STYLE_COLOUR('',#379);
#381=FILL_AREA_STYLE($,(#380));
#382=SURFACE_STYLE_FILL_AREA(#381);
#383=SURFACE_SIDE_STYLE('',(#382));
#384=SURFACE_STYLE_USAGE(.BOTH.,#383);
#385=PRESENTATION_STYLE_ASSIGNMENT((#384));
#386=STYLED_ITEM('',(#385),#378);
#387=ADVANCED_FACE('',(#873),#875,.T.);
#388=COLOUR_RGB('',1.,1.,1.);
#389=FILL_AREA_STYLE_COLOUR('',#388);
#390=FILL_AREA_STYLE($,(#389));
#391=SURFACE_STYLE_FILL_AREA(#390);
#392=SURFACE_SIDE_STYLE('',(#391));
#393=SURFACE_STYLE_USAGE(.BOTH.,#392);
#394=PRESENTATION_STYLE_ASSIGNMENT((#393));
#395=STYLED_ITEM('',(#394),#387);
#396=ADVANCED_FACE('',(#880),#882,.T.);
#397=COLOUR_RGB('',1.,1.,1.);
#398=FILL_AREA_STYLE_COLOUR('',#397);
#399=FILL_AREA_STYLE($,(#398));
#400=SURFACE_STYLE_FILL_AREA(#399);
#401=SURFACE_SIDE_STYLE('',(#400));
#402=SURFACE_STYLE_USAGE(.BOTH.,#401);
#403=PRESENTATION_STYLE_ASSIGNMENT((#402));
#404=STYLED_ITEM('',(#403),#396);
#405=ADVANCED_FACE('',(#887),#889,.T.);
#406=COLOUR_RGB('',1.,1.,1.);
#407=FILL_AREA_STYLE_COLOUR('',#406);
#408=FILL_AREA_STYLE($,(#407));
#409=SURFACE_STYLE_FILL_AREA(#408);
#410=SURFACE_SIDE_STYLE('',(#409));
#411=SURFACE_STYLE_USAGE(.BOTH.,#410);
#412=PRESENTATION_STYLE_ASSIGNMENT((#411));
#413=STYLED_ITEM('',(#412),#405);
#414=ADVANCED_FACE('',(#894),#896,.T.);
#415=COLOUR_RGB('',1.,1.,1.);
#416=FILL_AREA_STYLE_COLOUR('',#415);
#417=FILL_AREA_STYLE($,(#416));
#418=SURFACE_STYLE_FILL_AREA(#417);
#419=SURFACE_SIDE_STYLE('',(#418));
#420=SURFACE_STYLE_USAGE(.BOTH.,#419);
#421=PRESENTATION_STYLE_ASSIGNMENT((#420));
#422=STYLED_ITEM('',(#421),#414);
#423=ADVANCED_FACE('',(#901),#903,.T.);
#424=COLOUR_RGB('',1.,1.,1.);
#425=FILL_AREA_STYLE_COLOUR('',#424);
#426=FILL_AREA_STYLE($,(#425));
#427=SURFACE_STYLE_FILL_AREA(#426);
#428=SURFACE_SIDE_STYLE('',(#427));
#429=SURFACE_STYLE_USAGE(.BOTH.,#428);
#430=PRESENTATION_STYLE_ASSIGNMENT((#429));
#431=STYLED_ITEM('',(#430),#423);
#432=ADVANCED_FACE('',(#908),#910,.T.);
#433=COLOUR_RGB('',1.,1.,1.);
#434=FILL_AREA_STYLE_COLOUR('',#433);
#435=FILL_AREA_STYLE($,(#434));
#436=SURFACE_STYLE_FILL_AREA(#435);
#437=SURFACE_SIDE_STYLE('',(#436));
#438=SURFACE_STYLE_USAGE(.BOTH.,#437);
#439=PRESENTATION_STYLE_ASSIGNMENT((#438));
#440=STYLED_ITEM('',(#439),#432);
#441=ADVANCED_FACE('',(#915),#917,.T.);
#442=COLOUR_RGB('',1.,1.,1.);
#443=FILL_AREA_STYLE_COLOUR('',#442);
#444=FILL_AREA_STYLE($,(#443));
#445=SURFACE_STYLE_FILL_AREA(#444);
#446=SURFACE_SIDE_STYLE('',(#445));
#447=SURFACE_STYLE_USAGE(.BOTH.,#446);
#448=PRESENTATION_STYLE_ASSIGNMENT((#447));
#449=STYLED_ITEM('',(#448),#441);
#450=ADVANCED_FACE('',(#922),#924,.T.);
#451=COLOUR_RGB('',1.,1.,1.);
#452=FILL_AREA_STYLE_COLOUR('',#451);
#453=FILL_AREA_STYLE($,(#452));
#454=SURFACE_STYLE_FILL_AREA(#453);
#455=SURFACE_SIDE_STYLE('',(#454));
#456=SURFACE_STYLE_USAGE(.BOTH.,#455);
#457=PRESENTATION_STYLE_ASSIGNMENT((#456));
#458=STYLED_ITEM('',(#457),#450);
#459=ADVANCED_FACE('',(#929),#931,.T.);
#460=COLOUR_RGB('',1.,1.,1.);
#461=FILL_AREA_STYLE_COLOUR('',#460);
#462=FILL_AREA_STYLE($,(#461));
#463=SURFACE_STYLE_FILL_AREA(#462);
#464=SURFACE_SIDE_STYLE('',(#463));
#465=SURFACE_STYLE_USAGE(.BOTH.,#464);
#466=PRESENTATION_STYLE_ASSIGNMENT((#465));
#467=STYLED_ITEM('',(#466),#459);
#468=ADVANCED_FACE('',(#936),#938,.T.);
#469=COLOUR_RGB('',1.,1.,1.);
#470=FILL_AREA_STYLE_COLOUR('',#469);
#471=FILL_AREA_STYLE($,(#470));
#472=SURFACE_STYLE_FILL_AREA(#471);
#473=SURFACE_SIDE_STYLE('',(#472));
#474=SURFACE_STYLE_USAGE(.BOTH.,#473);
#475=PRESENTATION_STYLE_ASSIGNMENT((#474));
#476=STYLED_ITEM('',(#475),#468);
#477=ADVANCED_FACE('',(#943),#945,.T.);
#478=COLOUR_RGB('',1.,1.,1.);
#479=FILL_AREA_STYLE_COLOUR('',#478);
#480=FILL_AREA_STYLE($,(#479));
#481=SURFACE_STYLE_FILL_AREA(#480);
#482=SURFACE_SIDE_STYLE('',(#481));
#483=SURFACE_STYLE_USAGE(.BOTH.,#482);
#484=PRESENTATION_STYLE_ASSIGNMENT((#483));
#485=STYLED_ITEM('',(#484),#477);
#486=ADVANCED_FACE('',(#950),#952,.T.);
#487=COLOUR_RGB('',1.,1.,1.);
#488=FILL_AREA_STYLE_COLOUR('',#487);
#489=FILL_AREA_STYLE($,(#488));
#490=SURFACE_STYLE_FILL_AREA(#489);
#491=SURFACE_SIDE_STYLE('',(#490));
#492=SURFACE_STYLE_USAGE(.BOTH.,#491);
#493=PRESENTATION_STYLE_ASSIGNMENT((#492));
#494=STYLED_ITEM('',(#493),#486);
#495=ADVANCED_FACE('',(#957),#959,.T.);
#496=COLOUR_RGB('',1.,1.,1.);
#497=FILL_AREA_STYLE_COLOUR('',#496);
#498=FILL_AREA_STYLE($,(#497));
#499=SURFACE_STYLE_FILL_AREA(#498);
#500=SURFACE_SIDE_STYLE('',(#499));
#501=SURFACE_STYLE_USAGE(.BOTH.,#500);
#502=PRESENTATION_STYLE_ASSIGNMENT((#501));
#503=STYLED_ITEM('',(#502),#495);
#504=ADVANCED_FACE('',(#964),#966,.T.);
#505=COLOUR_RGB('',1.,1.,1.);
#506=FILL_AREA_STYLE_COLOUR('',#505);
#507=FILL_AREA_STYLE($,(#506));
#508=SURFACE_STYLE_FILL_AREA(#507);
#509=SURFACE_SIDE_STYLE('',(#508));
#510=SURFACE_STYLE_USAGE(.BOTH.,#509);
#511=PRESENTATION_STYLE_ASSIGNMENT((#510));
#512=STYLED_ITEM('',(#511),#504);
#513=ADVANCED_FACE('',(#971),#973,.T.);
#514=COLOUR_RGB('',1.,1.,1.);
#515=FILL_AREA_STYLE_COLOUR('',#514);
#516=FILL_AREA_STYLE($,(#515));
#517=SURFACE_STYLE_FILL_AREA(#516);
#518=SURFACE_SIDE_STYLE('',(#517));
#519=SURFACE_STYLE_USAGE(.BOTH.,#518);
#520=PRESENTATION_STYLE_ASSIGNMENT((#519));
#521=STYLED_ITEM('',(#520),#513);
#522=ADVANCED_FACE('',(#978),#980,.T.);
#523=COLOUR_RGB('',1.,1.,1.);
#524=FILL_AREA_STYLE_COLOUR('',#523);
#525=FILL_AREA_STYLE($,(#524));
#526=SURFACE_STYLE_FILL_AREA(#525);
#527=SURFACE_SIDE_STYLE('',(#526));
#528=SURFACE_STYLE_USAGE(.BOTH.,#527);
#529=PRESENTATION_STYLE_ASSIGNMENT((#528));
#530=STYLED_ITEM('',(#529),#522);
#531=ADVANCED_FACE('',(#985,#987),#989,.F.);
#532=COLOUR_RGB('',0.282352941176471,0.282352941176471,0.282352941176471);
#533=FILL_AREA_STYLE_COLOUR('',#532);
#534=FILL_AREA_STYLE($,(#533));
#535=SURFACE_STYLE_FILL_AREA(#534);
#536=SURFACE_SIDE_STYLE('',(#535));
#537=SURFACE_STYLE_USAGE(.BOTH.,#536);
#538=PRESENTATION_STYLE_ASSIGNMENT((#537));
#539=STYLED_ITEM('',(#538),#531);
#540=ADVANCED_FACE('',(#994,#996),#998,.F.);
#541=COLOUR_RGB('',0.282352941176471,0.282352941176471,0.282352941176471);
#542=FILL_AREA_STYLE_COLOUR('',#541);
#543=FILL_AREA_STYLE($,(#542));
#544=SURFACE_STYLE_FILL_AREA(#543);
#545=SURFACE_SIDE_STYLE('',(#544));
#546=SURFACE_STYLE_USAGE(.BOTH.,#545);
#547=PRESENTATION_STYLE_ASSIGNMENT((#546));
#548=STYLED_ITEM('',(#547),#540);
#549=ADVANCED_FACE('',(#1003,#1005),#1007,.F.);
#550=COLOUR_RGB('',0.282352941176471,0.282352941176471,0.282352941176471);
#551=FILL_AREA_STYLE_COLOUR('',#550);
#552=FILL_AREA_STYLE($,(#551));
#553=SURFACE_STYLE_FILL_AREA(#552);
#554=SURFACE_SIDE_STYLE('',(#553));
#555=SURFACE_STYLE_USAGE(.BOTH.,#554);
#556=PRESENTATION_STYLE_ASSIGNMENT((#555));
#557=STYLED_ITEM('',(#556),#549);
#558=ADVANCED_FACE('',(#1012,#1014),#1016,.F.);
#559=COLOUR_RGB('',0.282352941176471,0.282352941176471,0.282352941176471);
#560=FILL_AREA_STYLE_COLOUR('',#559);
#561=FILL_AREA_STYLE($,(#560));
#562=SURFACE_STYLE_FILL_AREA(#561);
#563=SURFACE_SIDE_STYLE('',(#562));
#564=SURFACE_STYLE_USAGE(.BOTH.,#563);
#565=PRESENTATION_STYLE_ASSIGNMENT((#564));
#566=STYLED_ITEM('',(#565),#558);
#567=ADVANCED_FACE('',(#1021),#1023,.F.);
#568=COLOUR_RGB('',1.,1.,1.);
#569=FILL_AREA_STYLE_COLOUR('',#568);
#570=FILL_AREA_STYLE($,(#569));
#571=SURFACE_STYLE_FILL_AREA(#570);
#572=SURFACE_SIDE_STYLE('',(#571));
#573=SURFACE_STYLE_USAGE(.BOTH.,#572);
#574=PRESENTATION_STYLE_ASSIGNMENT((#573));
#575=STYLED_ITEM('',(#574),#567);
#576=ADVANCED_FACE('',(#1028),#1030,.F.);
#577=COLOUR_RGB('',1.,1.,1.);
#578=FILL_AREA_STYLE_COLOUR('',#577);
#579=FILL_AREA_STYLE($,(#578));
#580=SURFACE_STYLE_FILL_AREA(#579);
#581=SURFACE_SIDE_STYLE('',(#580));
#582=SURFACE_STYLE_USAGE(.BOTH.,#581);
#583=PRESENTATION_STYLE_ASSIGNMENT((#582));
#584=STYLED_ITEM('',(#583),#576);
#585=ADVANCED_FACE('',(#1035),#1037,.F.);
#586=COLOUR_RGB('',1.,1.,1.);
#587=FILL_AREA_STYLE_COLOUR('',#586);
#588=FILL_AREA_STYLE($,(#587));
#589=SURFACE_STYLE_FILL_AREA(#588);
#590=SURFACE_SIDE_STYLE('',(#589));
#591=SURFACE_STYLE_USAGE(.BOTH.,#590);
#592=PRESENTATION_STYLE_ASSIGNMENT((#591));
#593=STYLED_ITEM('',(#592),#585);
#594=ADVANCED_FACE('',(#1042),#1044,.F.);
#595=COLOUR_RGB('',1.,1.,1.);
#596=FILL_AREA_STYLE_COLOUR('',#595);
#597=FILL_AREA_STYLE($,(#596));
#598=SURFACE_STYLE_FILL_AREA(#597);
#599=SURFACE_SIDE_STYLE('',(#598));
#600=SURFACE_STYLE_USAGE(.BOTH.,#599);
#601=PRESENTATION_STYLE_ASSIGNMENT((#600));
#602=STYLED_ITEM('',(#601),#594);
#603=ADVANCED_FACE('',(#1049,#1051),#1053,.T.);
#604=COLOUR_RGB('',0.2,0.6,1.);
#605=FILL_AREA_STYLE_COLOUR('',#604);
#606=FILL_AREA_STYLE($,(#605));
#607=SURFACE_STYLE_FILL_AREA(#606);
#608=SURFACE_SIDE_STYLE('',(#607));
#609=SURFACE_STYLE_USAGE(.BOTH.,#608);
#610=PRESENTATION_STYLE_ASSIGNMENT((#609));
#611=STYLED_ITEM('',(#610),#603);
#612=ADVANCED_FACE('',(#1058,#1060),#1062,.T.);
#613=COLOUR_RGB('',0.2,0.6,1.);
#614=FILL_AREA_STYLE_COLOUR('',#613);
#615=FILL_AREA_STYLE($,(#614));
#616=SURFACE_STYLE_FILL_AREA(#615);
#617=SURFACE_SIDE_STYLE('',(#616));
#618=SURFACE_STYLE_USAGE(.BOTH.,#617);
#619=PRESENTATION_STYLE_ASSIGNMENT((#618));
#620=STYLED_ITEM('',(#619),#612);
#621=ADVANCED_FACE('',(#1067,#1069),#1071,.F.);
#622=COLOUR_RGB('',0.2,0.6,1.);
#623=FILL_AREA_STYLE_COLOUR('',#622);
#624=FILL_AREA_STYLE($,(#623));
#625=SURFACE_STYLE_FILL_AREA(#624);
#626=SURFACE_SIDE_STYLE('',(#625));
#627=SURFACE_STYLE_USAGE(.BOTH.,#626);
#628=PRESENTATION_STYLE_ASSIGNMENT((#627));
#629=STYLED_ITEM('',(#628),#621);
#630=ADVANCED_FACE('',(#1076,#1078),#1080,.F.);
#631=COLOUR_RGB('',0.2,0.6,1.);
#632=FILL_AREA_STYLE_COLOUR('',#631);
#633=FILL_AREA_STYLE($,(#632));
#634=SURFACE_STYLE_FILL_AREA(#633);
#635=SURFACE_SIDE_STYLE('',(#634));
#636=SURFACE_STYLE_USAGE(.BOTH.,#635);
#637=PRESENTATION_STYLE_ASSIGNMENT((#636));
#638=STYLED_ITEM('',(#637),#630);
#639=ADVANCED_FACE('',(#1085,#1087),#1089,.T.);
#640=COLOUR_RGB('',0.847058823529412,0.847058823529412,0.847058823529412);
#641=FILL_AREA_STYLE_COLOUR('',#640);
#642=FILL_AREA_STYLE($,(#641));
#643=SURFACE_STYLE_FILL_AREA(#642);
#644=SURFACE_SIDE_STYLE('',(#643));
#645=SURFACE_STYLE_USAGE(.BOTH.,#644);
#646=PRESENTATION_STYLE_ASSIGNMENT((#645));
#647=STYLED_ITEM('',(#646),#639);
#648=ADVANCED_FACE('',(#1094,#1096),#1098,.T.);
#649=COLOUR_RGB('',0.847058823529412,0.847058823529412,0.847058823529412);
#650=FILL_AREA_STYLE_COLOUR('',#649);
#651=FILL_AREA_STYLE($,(#650));
#652=SURFACE_STYLE_FILL_AREA(#651);
#653=SURFACE_SIDE_STYLE('',(#652));
#654=SURFACE_STYLE_USAGE(.BOTH.,#653);
#655=PRESENTATION_STYLE_ASSIGNMENT((#654));
#656=STYLED_ITEM('',(#655),#648);
#657=ADVANCED_FACE('',(#1103),#1105,.T.);
#658=COLOUR_RGB('',0.847058823529412,0.847058823529412,0.847058823529412);
#659=FILL_AREA_STYLE_COLOUR('',#658);
#660=FILL_AREA_STYLE($,(#659));
#661=SURFACE_STYLE_FILL_AREA(#660);
#662=SURFACE_SIDE_STYLE('',(#661));
#663=SURFACE_STYLE_USAGE(.BOTH.,#662);
#664=PRESENTATION_STYLE_ASSIGNMENT((#663));
#665=STYLED_ITEM('',(#664),#657);
#666=ADVANCED_FACE('',(#1110),#1112,.T.);
#667=COLOUR_RGB('',0.847058823529412,0.847058823529412,0.847058823529412);
#668=FILL_AREA_STYLE_COLOUR('',#667);
#669=FILL_AREA_STYLE($,(#668));
#670=SURFACE_STYLE_FILL_AREA(#669);
#671=SURFACE_SIDE_STYLE('',(#670));
#672=SURFACE_STYLE_USAGE(.BOTH.,#671);
#673=PRESENTATION_STYLE_ASSIGNMENT((#672));
#674=STYLED_ITEM('',(#673),#666);
#675=ADVANCED_FACE('',(#1117,#1119),#1121,.T.);
#676=COLOUR_RGB('',0.2,0.6,1.);
#677=FILL_AREA_STYLE_COLOUR('',#676);
#678=FILL_AREA_STYLE($,(#677));
#679=SURFACE_STYLE_FILL_AREA(#678);
#680=SURFACE_SIDE_STYLE('',(#679));
#681=SURFACE_STYLE_USAGE(.BOTH.,#680);
#682=PRESENTATION_STYLE_ASSIGNMENT((#681));
#683=STYLED_ITEM('',(#682),#675);
#684=ADVANCED_FACE('',(#1126,#1128),#1130,.T.);
#685=COLOUR_RGB('',0.2,0.6,1.);
#686=FILL_AREA_STYLE_COLOUR('',#685);
#687=FILL_AREA_STYLE($,(#686));
#688=SURFACE_STYLE_FILL_AREA(#687);
#689=SURFACE_SIDE_STYLE('',(#688));
#690=SURFACE_STYLE_USAGE(.BOTH.,#689);
#691=PRESENTATION_STYLE_ASSIGNMENT((#690));
#692=STYLED_ITEM('',(#691),#684);
#693=ADVANCED_FACE('',(#1135,#1137),#1139,.T.);
#694=COLOUR_RGB('',0.2,0.6,1.);
#695=FILL_AREA_STYLE_COLOUR('',#694);
#696=FILL_AREA_STYLE($,(#695));
#697=SURFACE_STYLE_FILL_AREA(#696);
#698=SURFACE_SIDE_STYLE('',(#697));
#699=SURFACE_STYLE_USAGE(.BOTH.,#698);
#700=PRESENTATION_STYLE_ASSIGNMENT((#699));
#701=STYLED_ITEM('',(#700),#693);
#702=ADVANCED_FACE('',(#1144,#1146),#1148,.T.);
#703=COLOUR_RGB('',0.2,0.6,1.);
#704=FILL_AREA_STYLE_COLOUR('',#703);
#705=FILL_AREA_STYLE($,(#704));
#706=SURFACE_STYLE_FILL_AREA(#705);
#707=SURFACE_SIDE_STYLE('',(#706));
#708=SURFACE_STYLE_USAGE(.BOTH.,#707);
#709=PRESENTATION_STYLE_ASSIGNMENT((#708));
#710=STYLED_ITEM('',(#709),#702);
#711=FACE_BOUND('',#712,.T.);
#712=EDGE_LOOP('',(#1153,#1154,#1155,#1156));
#713=PLANE('',#714);
#714=AXIS2_PLACEMENT_3D('',#715,#716,#717);
#715=CARTESIAN_POINT('',(0.,0.,21.54));
#716=DIRECTION('',(0.,0.,1.));
#717=DIRECTION('',(-1.,1.22464679914735E-16,0.));
#718=FACE_BOUND('',#719,.T.);
#719=EDGE_LOOP('',(#1157,#1158,#1159,#1160));
#720=PLANE('',#721);
#721=AXIS2_PLACEMENT_3D('',#722,#723,#724);
#722=CARTESIAN_POINT('',(0.,0.,21.54));
#723=DIRECTION('',(0.,0.,1.));
#724=DIRECTION('',(-1.,1.22464679914735E-16,0.));
#725=FACE_BOUND('',#726,.T.);
#726=EDGE_LOOP('',(#1161,#1162,#1163,#1164,#1165,#1166,#1167,#1168));
#727=PLANE('',#728);
#728=AXIS2_PLACEMENT_3D('',#729,#730,#731);
#729=CARTESIAN_POINT('',(-20.105,38.85,0.));
#730=DIRECTION('',(-1.,9.14469415392664E-17,0.));
#731=DIRECTION('',(-9.14469415392664E-17,-1.,0.));
#732=FACE_BOUND('',#733,.T.);
#733=EDGE_LOOP('',(#1169,#1170,#1171,#1172,#1173,#1174,#1175,#1176));
#734=PLANE('',#735);
#735=AXIS2_PLACEMENT_3D('',#736,#737,#738);
#736=CARTESIAN_POINT('',(20.105,-38.85,0.));
#737=DIRECTION('',(1.,-9.14469415392664E-17,0.));
#738=DIRECTION('',(9.14469415392664E-17,1.,0.));
#739=FACE_BOUND('',#740,.T.);
#740=EDGE_LOOP('',(#1177,#1178,#1179,#1180,#1181,#1182));
#741=PLANE('',#742);
#742=AXIS2_PLACEMENT_3D('',#743,#744,#745);
#743=CARTESIAN_POINT('',(17.605,36.35,0.));
#744=DIRECTION('',(-1.,9.77362772709904E-17,0.));
#745=DIRECTION('',(-9.77362772709904E-17,-1.,0.));
#746=FACE_BOUND('',#747,.T.);
#747=EDGE_LOOP('',(#1183,#1184,#1185,#1186,#1187,#1188,#1189,#1190));
#748=PLANE('',#749);
#749=AXIS2_PLACEMENT_3D('',#750,#751,#752);
#750=CARTESIAN_POINT('',(17.605,-36.35,0.));
#751=DIRECTION('',(0.,1.,0.));
#752=DIRECTION('',(-1.,0.,0.));
#753=FACE_BOUND('',#754,.T.);
#754=EDGE_LOOP('',(#1191,#1192,#1193,#1194,#1195,#1196));
#755=PLANE('',#756);
#756=AXIS2_PLACEMENT_3D('',#757,#758,#759);
#757=CARTESIAN_POINT('',(-17.605,-36.35,0.));
#758=DIRECTION('',(1.,-9.77362772709904E-17,0.));
#759=DIRECTION('',(9.77362772709904E-17,1.,0.));
#760=FACE_BOUND('',#761,.T.);
#761=EDGE_LOOP('',(#1197,#1198,#1199,#1200,#1201,#1202,#1203,#1204));
#762=PLANE('',#763);
#763=AXIS2_PLACEMENT_3D('',#764,#765,#766);
#764=CARTESIAN_POINT('',(-17.605,36.35,0.));
#765=DIRECTION('',(0.,-1.,0.));
#766=DIRECTION('',(1.,0.,0.));
#767=FACE_BOUND('',#768,.T.);
#768=EDGE_LOOP('',(#1205,#1206,#1207,#1208));
#769=PLANE('',#770);
#770=AXIS2_PLACEMENT_3D('',#771,#772,#773);
#771=CARTESIAN_POINT('',(-20.105,-13.3312227524144,6.2423729063142));
#772=DIRECTION('',(0.,0.,-1.));
#773=DIRECTION('',(0.,1.,0.));
#774=FACE_BOUND('',#775,.T.);
#775=EDGE_LOOP('',(#1209,#1210,#1211,#1212));
#776=PLANE('',#777);
#777=AXIS2_PLACEMENT_3D('',#778,#779,#780);
#778=CARTESIAN_POINT('',(-20.105,-13.3312227524144,6.2423729063142));
#779=DIRECTION('',(0.,0.,-1.));
#780=DIRECTION('',(0.,1.,0.));
#781=FACE_BOUND('',#782,.T.);
#782=EDGE_LOOP('',(#1213,#1214,#1215,#1216,#1217,#1218,#1219,#1220));
#783=SURFACE_OF_LINEAR_EXTRUSION('',#784,#785);
#784=B_SPLINE_CURVE_WITH_KNOTS('',3,
(#1221,#1222,#1223,#1224,#1225,#1226,#1227,#1228,#1229,#1230,#1231,#1232,#1233),
.UNSPECIFIED.,.F.,.F.,
(4,1,1,1,1,1,1,1,1,1,4),
(0.,0.188074888016733,0.272408297177445,0.349278132817681,0.429616279885842,0.511325915626458,
0.614872320464303,0.716783933521913,0.813131990996886,0.892827855389666,1.),
.UNSPECIFIED.);
#785=VECTOR('',#786,40.21);
#786=DIRECTION('',(1.,-9.14469415392664E-17,0.));
#787=FACE_BOUND('',#788,.T.);
#788=EDGE_LOOP('',(#1234,#1235,#1236,#1237,#1238,#1239,#1240,#1241));
#789=SURFACE_OF_LINEAR_EXTRUSION('',#790,#791);
#790=B_SPLINE_CURVE_WITH_KNOTS('',3,
(#1242,#1243,#1244,#1245,#1246,#1247,#1248,#1249,#1250,#1251,#1252,#1253,#1254),
.UNSPECIFIED.,.F.,.F.,
(4,1,1,1,1,1,1,1,1,1,4),
(0.,0.107172144610334,0.186868009003114,0.283216066478087,0.385127679535697,0.488674084373542,
0.570383720114158,0.650721867182319,0.727591702822555,0.811925111983267,1.),
.UNSPECIFIED.);
#791=VECTOR('',#792,40.21);
#792=DIRECTION('',(1.,-9.14469415392664E-17,0.));
#793=FACE_BOUND('',#794,.T.);
#794=EDGE_LOOP('',(#1255,#1256,#1257,#1258));
#795=PLANE('',#796);
#796=AXIS2_PLACEMENT_3D('',#797,#798,#799);
#797=CARTESIAN_POINT('',(20.105,38.85,0.));
#798=DIRECTION('',(0.,1.,0.));
#799=DIRECTION('',(-1.,0.,0.));
#800=FACE_BOUND('',#801,.T.);
#801=EDGE_LOOP('',(#1259,#1260,#1261,#1262));
#802=PLANE('',#803);
#803=AXIS2_PLACEMENT_3D('',#804,#805,#806);
#804=CARTESIAN_POINT('',(-20.105,-38.85,0.));
#805=DIRECTION('',(0.,-1.,0.));
#806=DIRECTION('',(1.,0.,0.));
#807=FACE_BOUND('',#808,.T.);
#808=EDGE_LOOP('',(#1263,#1264,#1265,#1266));
#809=FACE_BOUND('',#810,.T.);
#810=EDGE_LOOP('',(#1267,#1268,#1269,#1270));
#811=FACE_BOUND('',#812,.T.);
#812=EDGE_LOOP('',(#1271,#1272,#1273,#1274));
#813=FACE_BOUND('',#814,.T.);
#814=EDGE_LOOP('',(#1275,#1276,#1277,#1278));
#815=FACE_BOUND('',#816,.T.);
#816=EDGE_LOOP('',(#1279,#1280,#1281,#1282));
#817=FACE_BOUND('',#818,.T.);
#818=EDGE_LOOP('',(#1283));
#819=FACE_BOUND('',#820,.T.);
#820=EDGE_LOOP('',(#1284));
#821=FACE_BOUND('',#822,.T.);
#822=EDGE_LOOP('',(#1285));
#823=FACE_BOUND('',#824,.T.);
#824=EDGE_LOOP('',(#1286));
#825=PLANE('',#826);
#826=AXIS2_PLACEMENT_3D('',#827,#828,#829);
#827=CARTESIAN_POINT('',(0.,0.,0.));
#828=DIRECTION('',(0.,0.,1.));
#829=DIRECTION('',(-1.,1.22464679914735E-16,0.));
#830=FACE_BOUND('',#831,.T.);
#831=EDGE_LOOP('',(#1287,#1288,#1289,#1290));
#832=FACE_BOUND('',#833,.T.);
#833=EDGE_LOOP('',(#1291));
#834=FACE_BOUND('',#835,.T.);
#835=EDGE_LOOP('',(#1292));
#836=PLANE('',#837);
#837=AXIS2_PLACEMENT_3D('',#838,#839,#840);
#838=CARTESIAN_POINT('',(0.,0.,1.));
#839=DIRECTION('',(0.,0.,1.));
#840=DIRECTION('',(-1.,1.22464679914735E-16,0.));
#841=FACE_BOUND('',#842,.T.);
#842=EDGE_LOOP('',(#1293,#1294,#1295,#1296));
#843=PLANE('',#844);
#844=AXIS2_PLACEMENT_3D('',#845,#846,#847);
#845=CARTESIAN_POINT('',(0.499999999999996,-36.35,1.));
#846=DIRECTION('',(1.,-1.22170346588738E-16,0.));
#847=DIRECTION('',(1.22170346588738E-16,1.,0.));
#848=FACE_BOUND('',#849,.T.);
#849=EDGE_LOOP('',(#1297,#1298,#1299,#1300));
#850=PLANE('',#851);
#851=AXIS2_PLACEMENT_3D('',#852,#853,#854);
#852=CARTESIAN_POINT('',(0.,0.,6.));
#853=DIRECTION('',(0.,0.,1.));
#854=DIRECTION('',(-1.,1.22464679914735E-16,0.));
#855=FACE_BOUND('',#856,.T.);
#856=EDGE_LOOP('',(#1301,#1302,#1303,#1304));
#857=PLANE('',#858);
#858=AXIS2_PLACEMENT_3D('',#859,#860,#861);
#859=CARTESIAN_POINT('',(-0.499999999999996,36.35,1.));
#860=DIRECTION('',(-1.,1.22170346588738E-16,0.));
#861=DIRECTION('',(-1.22170346588738E-16,-1.,0.));
#862=FACE_BOUND('',#863,.T.);
#863=EDGE_LOOP('',(#1305,#1306,#1307,#1308));
#864=FACE_BOUND('',#865,.T.);
#865=EDGE_LOOP('',(#1309));
#866=FACE_BOUND('',#867,.T.);
#867=EDGE_LOOP('',(#1310));
#868=PLANE('',#869);
#869=AXIS2_PLACEMENT_3D('',#870,#871,#872);
#870=CARTESIAN_POINT('',(0.,0.,1.));
#871=DIRECTION('',(0.,0.,1.));
#872=DIRECTION('',(-1.,1.22464679914735E-16,0.));
#873=FACE_BOUND('',#874,.T.);
#874=EDGE_LOOP('',(#1311,#1312,#1313,#1314));
#875=PLANE('',#876);
#876=AXIS2_PLACEMENT_3D('',#877,#878,#879);
#877=CARTESIAN_POINT('',(-10.05,-36.15,-3.2));
#878=DIRECTION('',(-1.,8.88178419700113E-15,0.));
#879=DIRECTION('',(-8.88178419700113E-15,-1.,0.));
#880=FACE_BOUND('',#881,.T.);
#881=EDGE_LOOP('',(#1315,#1316,#1317,#1318));
#882=PLANE('',#883);
#883=AXIS2_PLACEMENT_3D('',#884,#885,#886);
#884=CARTESIAN_POINT('',(-10.05,-36.35,-3.2));
#885=DIRECTION('',(0.,-1.,0.));
#886=DIRECTION('',(1.,0.,0.));
#887=FACE_BOUND('',#888,.T.);
#888=EDGE_LOOP('',(#1319,#1320,#1321,#1322));
#889=PLANE('',#890);
#890=AXIS2_PLACEMENT_3D('',#891,#892,#893);
#891=CARTESIAN_POINT('',(-9.25,-36.35,-3.2));
#892=DIRECTION('',(1.,-8.88178419700113E-15,0.));
#893=DIRECTION('',(8.88178419700113E-15,1.,0.));
#894=FACE_BOUND('',#895,.T.);
#895=EDGE_LOOP('',(#1323,#1324,#1325,#1326));
#896=PLANE('',#897);
#897=AXIS2_PLACEMENT_3D('',#898,#899,#900);
#898=CARTESIAN_POINT('',(-9.25,-36.15,-3.2));
#899=DIRECTION('',(0.,1.,0.));
#900=DIRECTION('',(-1.,0.,0.));
#901=FACE_BOUND('',#902,.T.);
#902=EDGE_LOOP('',(#1327,#1328,#1329,#1330));
#903=PLANE('',#904);
#904=AXIS2_PLACEMENT_3D('',#905,#906,#907);
#905=CARTESIAN_POINT('',(9.25,-36.15,-3.2));
#906=DIRECTION('',(-1.,8.88178419700113E-15,0.));
#907=DIRECTION('',(-8.88178419700113E-15,-1.,0.));
#908=FACE_BOUND('',#909,.T.);
#909=EDGE_LOOP('',(#1331,#1332,#1333,#1334));
#910=PLANE('',#911);
#911=AXIS2_PLACEMENT_3D('',#912,#913,#914);
#912=CARTESIAN_POINT('',(9.25,-36.35,-3.2));
#913=DIRECTION('',(0.,-1.,0.));
#914=DIRECTION('',(1.,0.,0.));
#915=FACE_BOUND('',#916,.T.);
#916=EDGE_LOOP('',(#1335,#1336,#1337,#1338));
#917=PLANE('',#918);
#918=AXIS2_PLACEMENT_3D('',#919,#920,#921);
#919=CARTESIAN_POINT('',(10.05,-36.35,-3.2));
#920=DIRECTION('',(1.,-8.88178419700113E-15,0.));
#921=DIRECTION('',(8.88178419700113E-15,1.,0.));
#922=FACE_BOUND('',#923,.T.);
#923=EDGE_LOOP('',(#1339,#1340,#1341,#1342));
#924=PLANE('',#925);
#925=AXIS2_PLACEMENT_3D('',#926,#927,#928);
#926=CARTESIAN_POINT('',(10.05,-36.15,-3.2));
#927=DIRECTION('',(0.,1.,0.));
#928=DIRECTION('',(-1.,0.,0.));
#929=FACE_BOUND('',#930,.T.);
#930=EDGE_LOOP('',(#1343,#1344,#1345,#1346));
#931=PLANE('',#932);
#932=AXIS2_PLACEMENT_3D('',#933,#934,#935);
#933=CARTESIAN_POINT('',(9.25000000000001,36.35,-3.2));
#934=DIRECTION('',(-1.,8.88178419700113E-15,0.));
#935=DIRECTION('',(-8.88178419700113E-15,-1.,0.));
#936=FACE_BOUND('',#937,.T.);
#937=EDGE_LOOP('',(#1347,#1348,#1349,#1350));
#938=PLANE('',#939);
#939=AXIS2_PLACEMENT_3D('',#940,#941,#942);
#940=CARTESIAN_POINT('',(9.25000000000001,36.15,-3.2));
#941=DIRECTION('',(0.,-1.,0.));
#942=DIRECTION('',(1.,0.,0.));
#943=FACE_BOUND('',#944,.T.);
#944=EDGE_LOOP('',(#1351,#1352,#1353,#1354));
#945=PLANE('',#946);
#946=AXIS2_PLACEMENT_3D('',#947,#948,#949);
#947=CARTESIAN_POINT('',(10.05,36.15,-3.2));
#948=DIRECTION('',(1.,-8.88178419700113E-15,0.));
#949=DIRECTION('',(8.88178419700113E-15,1.,0.));
#950=FACE_BOUND('',#951,.T.);
#951=EDGE_LOOP('',(#1355,#1356,#1357,#1358));
#952=PLANE('',#953);
#953=AXIS2_PLACEMENT_3D('',#954,#955,#956);
#954=CARTESIAN_POINT('',(10.05,36.35,-3.2));
#955=DIRECTION('',(0.,1.,0.));
#956=DIRECTION('',(-1.,0.,0.));
#957=FACE_BOUND('',#958,.T.);
#958=EDGE_LOOP('',(#1359,#1360,#1361,#1362));
#959=PLANE('',#960);
#960=AXIS2_PLACEMENT_3D('',#961,#962,#963);
#961=CARTESIAN_POINT('',(-10.05,36.35,-3.2));
#962=DIRECTION('',(-1.,8.88178419700113E-15,0.));
#963=DIRECTION('',(-8.88178419700113E-15,-1.,0.));
#964=FACE_BOUND('',#965,.T.);
#965=EDGE_LOOP('',(#1363,#1364,#1365,#1366));
#966=PLANE('',#967);
#967=AXIS2_PLACEMENT_3D('',#968,#969,#970);
#968=CARTESIAN_POINT('',(-10.05,36.15,-3.2));
#969=DIRECTION('',(0.,-1.,0.));
#970=DIRECTION('',(1.,0.,0.));
#971=FACE_BOUND('',#972,.T.);
#972=EDGE_LOOP('',(#1367,#1368,#1369,#1370));
#973=PLANE('',#974);
#974=AXIS2_PLACEMENT_3D('',#975,#976,#977);
#975=CARTESIAN_POINT('',(-9.24999999999999,36.15,-3.2));
#976=DIRECTION('',(1.,-8.88178419700113E-15,0.));
#977=DIRECTION('',(8.88178419700113E-15,1.,0.));
#978=FACE_BOUND('',#979,.T.);
#979=EDGE_LOOP('',(#1371,#1372,#1373,#1374));
#980=PLANE('',#981);
#981=AXIS2_PLACEMENT_3D('',#982,#983,#984);
#982=CARTESIAN_POINT('',(-9.24999999999998,36.35,-3.2));
#983=DIRECTION('',(0.,1.,0.));
#984=DIRECTION('',(-1.,0.,0.));
#985=FACE_OUTER_BOUND('',#986,.T.);
#986=EDGE_LOOP('',(#1375));
#987=FACE_OUTER_BOUND('',#988,.T.);
#988=EDGE_LOOP('',(#1376));
#989=CYLINDRICAL_SURFACE('',#990,1.6);
#990=AXIS2_PLACEMENT_3D('',#991,#992,#993);
#991=CARTESIAN_POINT('',(9.65000000000002,27.81,-9.));
#992=DIRECTION('',(0.,0.,1.));
#993=DIRECTION('',(-1.,1.22464679914735E-16,0.));
#994=FACE_OUTER_BOUND('',#995,.T.);
#995=EDGE_LOOP('',(#1377));
#996=FACE_OUTER_BOUND('',#997,.T.);
#997=EDGE_LOOP('',(#1378));
#998=CYLINDRICAL_SURFACE('',#999,1.6);
#999=AXIS2_PLACEMENT_3D('',#1000,#1001,#1002);
#1000=CARTESIAN_POINT('',(-9.64999999999998,27.81,-9.));
#1001=DIRECTION('',(0.,0.,1.));
#1002=DIRECTION('',(-1.,1.22464679914735E-16,0.));
#1003=FACE_OUTER_BOUND('',#1004,.T.);
#1004=EDGE_LOOP('',(#1379));
#1005=FACE_OUTER_BOUND('',#1006,.T.);
#1006=EDGE_LOOP('',(#1380));
#1007=CYLINDRICAL_SURFACE('',#1008,1.6);
#1008=AXIS2_PLACEMENT_3D('',#1009,#1010,#1011);
#1009=CARTESIAN_POINT('',(-9.65,-27.81,-9.));
#1010=DIRECTION('',(0.,0.,1.));
#1011=DIRECTION('',(-1.,1.22464679914735E-16,0.));
#1012=FACE_OUTER_BOUND('',#1013,.T.);
#1013=EDGE_LOOP('',(#1381));
#1014=FACE_OUTER_BOUND('',#1015,.T.);
#1015=EDGE_LOOP('',(#1382));
#1016=CYLINDRICAL_SURFACE('',#1017,1.6);
#1017=AXIS2_PLACEMENT_3D('',#1018,#1019,#1020);
#1018=CARTESIAN_POINT('',(9.65,-27.81,-9.));
#1019=DIRECTION('',(0.,0.,1.));
#1020=DIRECTION('',(-1.,1.22464679914735E-16,0.));
#1021=FACE_BOUND('',#1022,.T.);
#1022=EDGE_LOOP('',(#1383,#1384,#1385,#1386));
#1023=PLANE('',#1024);
#1024=AXIS2_PLACEMENT_3D('',#1025,#1026,#1027);
#1025=CARTESIAN_POINT('',(0.,0.,-3.2));
#1026=DIRECTION('',(0.,0.,1.));
#1027=DIRECTION('',(-1.,1.22464679914735E-16,0.));
#1028=FACE_BOUND('',#1029,.T.);
#1029=EDGE_LOOP('',(#1387,#1388,#1389,#1390));
#1030=PLANE('',#1031);
#1031=AXIS2_PLACEMENT_3D('',#1032,#1033,#1034);
#1032=CARTESIAN_POINT('',(0.,0.,-3.2));
#1033=DIRECTION('',(0.,0.,1.));
#1034=DIRECTION('',(-1.,1.22464679914735E-16,0.));
#1035=FACE_BOUND('',#1036,.T.);
#1036=EDGE_LOOP('',(#1391,#1392,#1393,#1394));
#1037=PLANE('',#1038);
#1038=AXIS2_PLACEMENT_3D('',#1039,#1040,#1041);
#1039=CARTESIAN_POINT('',(0.,0.,-3.2));
#1040=DIRECTION('',(0.,0.,1.));
#1041=DIRECTION('',(-1.,1.22464679914735E-16,0.));
#1042=FACE_BOUND('',#1043,.T.);
#1043=EDGE_LOOP('',(#1395,#1396,#1397,#1398));
#1044=PLANE('',#1045);
#1045=AXIS2_PLACEMENT_3D('',#1046,#1047,#1048);
#1046=CARTESIAN_POINT('',(0.,0.,-3.2));
#1047=DIRECTION('',(0.,0.,1.));
#1048=DIRECTION('',(-1.,1.22464679914735E-16,0.));
#1049=FACE_OUTER_BOUND('',#1050,.T.);
#1050=EDGE_LOOP('',(#1399));
#1051=FACE_OUTER_BOUND('',#1052,.T.);
#1052=EDGE_LOOP('',(#1400));
#1053=CYLINDRICAL_SURFACE('',#1054,9.);
#1054=AXIS2_PLACEMENT_3D('',#1055,#1056,#1057);
#1055=CARTESIAN_POINT('',(0.,0.,0.));
#1056=DIRECTION('',(0.,0.,1.));
#1057=DIRECTION('',(-1.,1.22464679914735E-16,0.));
#1058=FACE_OUTER_BOUND('',#1059,.T.);
#1059=EDGE_LOOP('',(#1401));
#1060=FACE_OUTER_BOUND('',#1061,.T.);
#1061=EDGE_LOOP('',(#1402));
#1062=CYLINDRICAL_SURFACE('',#1063,9.);
#1063=AXIS2_PLACEMENT_3D('',#1064,#1065,#1066);
#1064=CARTESIAN_POINT('',(0.,0.,0.));
#1065=DIRECTION('',(0.,0.,1.));
#1066=DIRECTION('',(-1.,1.22464679914735E-16,0.));
#1067=FACE_OUTER_BOUND('',#1068,.T.);
#1068=EDGE_LOOP('',(#1403));
#1069=FACE_OUTER_BOUND('',#1070,.T.);
#1070=EDGE_LOOP('',(#1404));
#1071=TOROIDAL_SURFACE('',#1072,10.7496606202455,2.);
#1072=AXIS2_PLACEMENT_3D('',#1073,#1074,#1075);
#1073=CARTESIAN_POINT('',(0.,0.,3.09487460897934));
#1074=DIRECTION('',(0.,0.,1.));
#1075=DIRECTION('',(-1.,-1.40093740112742E-16,0.));
#1076=FACE_BOUND('',#1077,.T.);
#1077=EDGE_LOOP('',(#1405));
#1078=FACE_BOUND('',#1079,.T.);
#1079=EDGE_LOOP('',(#1406));
#1080=PLANE('',#1081);
#1081=AXIS2_PLACEMENT_3D('',#1082,#1083,#1084);
#1082=CARTESIAN_POINT('',(0.,0.,0.));
#1083=DIRECTION('',(0.,0.,1.));
#1084=DIRECTION('',(-1.,1.22464679914735E-16,0.));
#1085=FACE_OUTER_BOUND('',#1086,.T.);
#1086=EDGE_LOOP('',(#1407));
#1087=FACE_OUTER_BOUND('',#1088,.T.);
#1088=EDGE_LOOP('',(#1408));
#1089=CYLINDRICAL_SURFACE('',#1090,8.);
#1090=AXIS2_PLACEMENT_3D('',#1091,#1092,#1093);
#1091=CARTESIAN_POINT('',(0.,0.,65.));
#1092=DIRECTION('',(0.,0.,1.));
#1093=DIRECTION('',(-1.,1.22464679914735E-16,0.));
#1094=FACE_OUTER_BOUND('',#1095,.T.);
#1095=EDGE_LOOP('',(#1409));
#1096=FACE_OUTER_BOUND('',#1097,.T.);
#1097=EDGE_LOOP('',(#1410));
#1098=CYLINDRICAL_SURFACE('',#1099,5.);
#1099=AXIS2_PLACEMENT_3D('',#1100,#1101,#1102);
#1100=CARTESIAN_POINT('',(0.,0.,0.));
#1101=DIRECTION('',(0.,0.,-1.));
#1102=DIRECTION('',(-1.,0.,0.));
#1103=FACE_BOUND('',#1104,.T.);
#1104=EDGE_LOOP('',(#1411));
#1105=PLANE('',#1106);
#1106=AXIS2_PLACEMENT_3D('',#1107,#1108,#1109);
#1107=CARTESIAN_POINT('',(0.,0.,65.1));
#1108=DIRECTION('',(0.,0.,1.));
#1109=DIRECTION('',(-1.,1.22464679914735E-16,0.));
#1110=FACE_BOUND('',#1111,.T.);
#1111=EDGE_LOOP('',(#1412));
#1112=PLANE('',#1113);
#1113=AXIS2_PLACEMENT_3D('',#1114,#1115,#1116);
#1114=CARTESIAN_POINT('',(0.,0.,-0.1));
#1115=DIRECTION('',(0.,0.,-1.));
#1116=DIRECTION('',(-1.,0.,0.));
#1117=FACE_OUTER_BOUND('',#1118,.T.);
#1118=EDGE_LOOP('',(#1413));
#1119=FACE_OUTER_BOUND('',#1120,.T.);
#1120=EDGE_LOOP('',(#1414));
#1121=TOROIDAL_SURFACE('',#1122,5.,4.);
#1122=AXIS2_PLACEMENT_3D('',#1123,#1124,#1125);
#1123=CARTESIAN_POINT('',(0.,0.,4.80992643093631));
#1124=DIRECTION('',(0.,0.,1.));
#1125=DIRECTION('',(-1.,-7.57139798474476E-18,0.));
#1126=FACE_OUTER_BOUND('',#1127,.T.);
#1127=EDGE_LOOP('',(#1415));
#1128=FACE_OUTER_BOUND('',#1129,.T.);
#1129=EDGE_LOOP('',(#1416));
#1130=TOROIDAL_SURFACE('',#1131,5.,4.);
#1131=AXIS2_PLACEMENT_3D('',#1132,#1133,#1134);
#1132=CARTESIAN_POINT('',(0.,0.,1.37982278702237));
#1133=DIRECTION('',(0.,0.,1.));
#1134=DIRECTION('',(-1.,-7.57139798474477E-18,0.));
#1135=FACE_OUTER_BOUND('',#1136,.T.);
#1136=EDGE_LOOP('',(#1417));
#1137=FACE_OUTER_BOUND('',#1138,.T.);
#1138=EDGE_LOOP('',(#1418));
#1139=TOROIDAL_SURFACE('',#1140,8.,1.);
#1140=AXIS2_PLACEMENT_3D('',#1141,#1142,#1143);
#1141=CARTESIAN_POINT('',(0.,0.,64.));
#1142=DIRECTION('',(0.,0.,1.));
#1143=DIRECTION('',(-1.,1.22464679914735E-16,0.));
#1144=FACE_OUTER_BOUND('',#1145,.T.);
#1145=EDGE_LOOP('',(#1419));
#1146=FACE_OUTER_BOUND('',#1147,.T.);
#1147=EDGE_LOOP('',(#1420));
#1148=TOROIDAL_SURFACE('',#1149,8.,1.);
#1149=AXIS2_PLACEMENT_3D('',#1150,#1151,#1152);
#1150=CARTESIAN_POINT('',(0.,0.,1.));
#1151=DIRECTION('',(0.,0.,1.));
#1152=DIRECTION('',(-1.,1.22464679914735E-16,0.));
#1153=ORIENTED_EDGE('',*,*,#1421,.T.);
#1154=ORIENTED_EDGE('',*,*,#1422,.T.);
#1155=ORIENTED_EDGE('',*,*,#1423,.T.);
#1156=ORIENTED_EDGE('',*,*,#1424,.T.);
#1157=ORIENTED_EDGE('',*,*,#1425,.T.);
#1158=ORIENTED_EDGE('',*,*,#1426,.T.);
#1159=ORIENTED_EDGE('',*,*,#1427,.T.);
#1160=ORIENTED_EDGE('',*,*,#1428,.T.);
#1161=ORIENTED_EDGE('',*,*,#1429,.T.);
#1162=ORIENTED_EDGE('',*,*,#1424,.F.);
#1163=ORIENTED_EDGE('',*,*,#1430,.F.);
#1164=ORIENTED_EDGE('',*,*,#1431,.T.);
#1165=ORIENTED_EDGE('',*,*,#1432,.T.);
#1166=ORIENTED_EDGE('',*,*,#1426,.F.);
#1167=ORIENTED_EDGE('',*,*,#1433,.T.);
#1168=ORIENTED_EDGE('',*,*,#1434,.T.);
#1169=ORIENTED_EDGE('',*,*,#1435,.T.);
#1170=ORIENTED_EDGE('',*,*,#1436,.T.);
#1171=ORIENTED_EDGE('',*,*,#1437,.T.);
#1172=ORIENTED_EDGE('',*,*,#1428,.F.);
#1173=ORIENTED_EDGE('',*,*,#1438,.F.);
#1174=ORIENTED_EDGE('',*,*,#1439,.T.);
#1175=ORIENTED_EDGE('',*,*,#1440,.T.);
#1176=ORIENTED_EDGE('',*,*,#1422,.F.);
#1177=ORIENTED_EDGE('',*,*,#1441,.T.);
#1178=ORIENTED_EDGE('',*,*,#1442,.F.);
#1179=ORIENTED_EDGE('',*,*,#1443,.F.);
#1180=ORIENTED_EDGE('',*,*,#1444,.T.);
#1181=ORIENTED_EDGE('',*,*,#1445,.T.);
#1182=ORIENTED_EDGE('',*,*,#1446,.T.);
#1183=ORIENTED_EDGE('',*,*,#1447,.T.);
#1184=ORIENTED_EDGE('',*,*,#1444,.F.);
#1185=ORIENTED_EDGE('',*,*,#1448,.F.);
#1186=ORIENTED_EDGE('',*,*,#1449,.F.);
#1187=ORIENTED_EDGE('',*,*,#1450,.F.);
#1188=ORIENTED_EDGE('',*,*,#1451,.F.);
#1189=ORIENTED_EDGE('',*,*,#1452,.F.);
#1190=ORIENTED_EDGE('',*,*,#1453,.T.);
#1191=ORIENTED_EDGE('',*,*,#1454,.T.);
#1192=ORIENTED_EDGE('',*,*,#1455,.T.);
#1193=ORIENTED_EDGE('',*,*,#1456,.T.);
#1194=ORIENTED_EDGE('',*,*,#1453,.F.);
#1195=ORIENTED_EDGE('',*,*,#1457,.F.);
#1196=ORIENTED_EDGE('',*,*,#1458,.T.);
#1197=ORIENTED_EDGE('',*,*,#1459,.T.);
#1198=ORIENTED_EDGE('',*,*,#1458,.F.);
#1199=ORIENTED_EDGE('',*,*,#1460,.F.);
#1200=ORIENTED_EDGE('',*,*,#1461,.F.);
#1201=ORIENTED_EDGE('',*,*,#1462,.F.);
#1202=ORIENTED_EDGE('',*,*,#1463,.F.);
#1203=ORIENTED_EDGE('',*,*,#1464,.F.);
#1204=ORIENTED_EDGE('',*,*,#1442,.T.);
#1205=ORIENTED_EDGE('',*,*,#1455,.F.);
#1206=ORIENTED_EDGE('',*,*,#1465,.F.);
#1207=ORIENTED_EDGE('',*,*,#1434,.F.);
#1208=ORIENTED_EDGE('',*,*,#1466,.T.);
#1209=ORIENTED_EDGE('',*,*,#1446,.F.);
#1210=ORIENTED_EDGE('',*,*,#1467,.T.);
#1211=ORIENTED_EDGE('',*,*,#1436,.F.);
#1212=ORIENTED_EDGE('',*,*,#1468,.F.);
#1213=ORIENTED_EDGE('',*,*,#1456,.F.);
#1214=ORIENTED_EDGE('',*,*,#1466,.F.);
#1215=ORIENTED_EDGE('',*,*,#1433,.F.);
#1216=ORIENTED_EDGE('',*,*,#1425,.F.);
#1217=ORIENTED_EDGE('',*,*,#1437,.F.);
#1218=ORIENTED_EDGE('',*,*,#1467,.F.);
#1219=ORIENTED_EDGE('',*,*,#1445,.F.);
#1220=ORIENTED_EDGE('',*,*,#1447,.F.);
#1221=CARTESIAN_POINT('',(-20.105,-36.7647723493092,21.54));
#1222=CARTESIAN_POINT('',(-20.105,-36.451799534755,20.3137660397501));
#1223=CARTESIAN_POINT('',(-20.105,-37.7951359845509,14.9844829140571));
#1224=CARTESIAN_POINT('',(-20.105,-33.0928870493837,14.826774785277));
#1225=CARTESIAN_POINT('',(-20.105,-30.6114703459124,14.6670066037857));
#1226=CARTESIAN_POINT('',(-20.105,-27.6848970973593,15.2070431769274));
#1227=CARTESIAN_POINT('',(-20.105,-26.0772442257579,12.1166921624485));
#1228=CARTESIAN_POINT('',(-20.105,-24.1851735597519,9.27923555091932));
#1229=CARTESIAN_POINT('',(-20.105,-20.3789806420412,10.1522096548172));
#1230=CARTESIAN_POINT('',(-20.105,-17.4624497121514,10.0710176034533));
#1231=CARTESIAN_POINT('',(-20.105,-14.0227507354955,9.83848986158516));
#1232=CARTESIAN_POINT('',(-20.105,-13.0667896711394,7.38502946662947));
#1233=CARTESIAN_POINT('',(-20.105,-13.3312227524144,6.2423729063142));
#1234=ORIENTED_EDGE('',*,*,#1459,.F.);
#1235=ORIENTED_EDGE('',*,*,#1441,.F.);
#1236=ORIENTED_EDGE('',*,*,#1468,.T.);
#1237=ORIENTED_EDGE('',*,*,#1435,.F.);
#1238=ORIENTED_EDGE('',*,*,#1421,.F.);
#1239=ORIENTED_EDGE('',*,*,#1429,.F.);
#1240=ORIENTED_EDGE('',*,*,#1465,.T.);
#1241=ORIENTED_EDGE('',*,*,#1454,.F.);
#1242=CARTESIAN_POINT('',(-20.105,13.3312227524144,6.2423729063142));
#1243=CARTESIAN_POINT('',(-20.105,13.0667896711394,7.38502946662947));
#1244=CARTESIAN_POINT('',(-20.105,14.0227507354955,9.83848986158516));
#1245=CARTESIAN_POINT('',(-20.105,17.4624497121514,10.0710176034533));
#1246=CARTESIAN_POINT('',(-20.105,20.3789806420412,10.1522096548172));
#1247=CARTESIAN_POINT('',(-20.105,24.1851735597519,9.27923555091932));
#1248=CARTESIAN_POINT('',(-20.105,26.0772442257579,12.1166921624485));
#1249=CARTESIAN_POINT('',(-20.105,27.6848970973593,15.2070431769274));
#1250=CARTESIAN_POINT('',(-20.105,30.6114703459124,14.6670066037857));
#1251=CARTESIAN_POINT('',(-20.105,33.0928870493837,14.826774785277));
#1252=CARTESIAN_POINT('',(-20.105,37.7951359845509,14.9844829140571));
#1253=CARTESIAN_POINT('',(-20.105,36.451799534755,20.3137660397501));
#1254=CARTESIAN_POINT('',(-20.105,36.7647723493092,21.54));
#1255=ORIENTED_EDGE('',*,*,#1430,.T.);
#1256=ORIENTED_EDGE('',*,*,#1423,.F.);
#1257=ORIENTED_EDGE('',*,*,#1440,.F.);
#1258=ORIENTED_EDGE('',*,*,#1469,.T.);
#1259=ORIENTED_EDGE('',*,*,#1438,.T.);
#1260=ORIENTED_EDGE('',*,*,#1427,.F.);
#1261=ORIENTED_EDGE('',*,*,#1432,.F.);
#1262=ORIENTED_EDGE('',*,*,#1470,.T.);
#1263=ORIENTED_EDGE('',*,*,#1469,.F.);
#1264=ORIENTED_EDGE('',*,*,#1439,.F.);
#1265=ORIENTED_EDGE('',*,*,#1470,.F.);
#1266=ORIENTED_EDGE('',*,*,#1431,.F.);
#1267=ORIENTED_EDGE('',*,*,#1471,.F.);
#1268=ORIENTED_EDGE('',*,*,#1472,.F.);
#1269=ORIENTED_EDGE('',*,*,#1473,.F.);
#1270=ORIENTED_EDGE('',*,*,#1474,.F.);
#1271=ORIENTED_EDGE('',*,*,#1475,.F.);
#1272=ORIENTED_EDGE('',*,*,#1476,.F.);
#1273=ORIENTED_EDGE('',*,*,#1477,.F.);
#1274=ORIENTED_EDGE('',*,*,#1478,.F.);
#1275=ORIENTED_EDGE('',*,*,#1479,.F.);
#1276=ORIENTED_EDGE('',*,*,#1480,.F.);
#1277=ORIENTED_EDGE('',*,*,#1481,.F.);
#1278=ORIENTED_EDGE('',*,*,#1482,.F.);
#1279=ORIENTED_EDGE('',*,*,#1483,.F.);
#1280=ORIENTED_EDGE('',*,*,#1484,.F.);
#1281=ORIENTED_EDGE('',*,*,#1485,.F.);
#1282=ORIENTED_EDGE('',*,*,#1486,.F.);
#1283=ORIENTED_EDGE('',*,*,#1487,.T.);
#1284=ORIENTED_EDGE('',*,*,#1488,.T.);
#1285=ORIENTED_EDGE('',*,*,#1489,.T.);
#1286=ORIENTED_EDGE('',*,*,#1490,.T.);
#1287=ORIENTED_EDGE('',*,*,#1491,.F.);
#1288=ORIENTED_EDGE('',*,*,#1448,.T.);
#1289=ORIENTED_EDGE('',*,*,#1443,.T.);
#1290=ORIENTED_EDGE('',*,*,#1464,.T.);
#1291=ORIENTED_EDGE('',*,*,#1492,.T.);
#1292=ORIENTED_EDGE('',*,*,#1493,.T.);
#1293=ORIENTED_EDGE('',*,*,#1449,.T.);
#1294=ORIENTED_EDGE('',*,*,#1491,.T.);
#1295=ORIENTED_EDGE('',*,*,#1463,.T.);
#1296=ORIENTED_EDGE('',*,*,#1494,.F.);
#1297=ORIENTED_EDGE('',*,*,#1450,.T.);
#1298=ORIENTED_EDGE('',*,*,#1494,.T.);
#1299=ORIENTED_EDGE('',*,*,#1462,.T.);
#1300=ORIENTED_EDGE('',*,*,#1495,.T.);
#1301=ORIENTED_EDGE('',*,*,#1451,.T.);
#1302=ORIENTED_EDGE('',*,*,#1495,.F.);
#1303=ORIENTED_EDGE('',*,*,#1461,.T.);
#1304=ORIENTED_EDGE('',*,*,#1496,.T.);
#1305=ORIENTED_EDGE('',*,*,#1496,.F.);
#1306=ORIENTED_EDGE('',*,*,#1460,.T.);
#1307=ORIENTED_EDGE('',*,*,#1457,.T.);
#1308=ORIENTED_EDGE('',*,*,#1452,.T.);
#1309=ORIENTED_EDGE('',*,*,#1497,.T.);
#1310=ORIENTED_EDGE('',*,*,#1498,.T.);
#1311=ORIENTED_EDGE('',*,*,#1471,.T.);
#1312=ORIENTED_EDGE('',*,*,#1499,.F.);
#1313=ORIENTED_EDGE('',*,*,#1500,.T.);
#1314=ORIENTED_EDGE('',*,*,#1501,.T.);
#1315=ORIENTED_EDGE('',*,*,#1472,.T.);
#1316=ORIENTED_EDGE('',*,*,#1501,.F.);
#1317=ORIENTED_EDGE('',*,*,#1502,.T.);
#1318=ORIENTED_EDGE('',*,*,#1503,.T.);
#1319=ORIENTED_EDGE('',*,*,#1473,.T.);
#1320=ORIENTED_EDGE('',*,*,#1503,.F.);
#1321=ORIENTED_EDGE('',*,*,#1504,.T.);
#1322=ORIENTED_EDGE('',*,*,#1505,.T.);
#1323=ORIENTED_EDGE('',*,*,#1474,.T.);
#1324=ORIENTED_EDGE('',*,*,#1505,.F.);
#1325=ORIENTED_EDGE('',*,*,#1506,.T.);
#1326=ORIENTED_EDGE('',*,*,#1499,.T.);
#1327=ORIENTED_EDGE('',*,*,#1475,.T.);
#1328=ORIENTED_EDGE('',*,*,#1507,.F.);
#1329=ORIENTED_EDGE('',*,*,#1508,.T.);
#1330=ORIENTED_EDGE('',*,*,#1509,.T.);
#1331=ORIENTED_EDGE('',*,*,#1476,.T.);
#1332=ORIENTED_EDGE('',*,*,#1509,.F.);
#1333=ORIENTED_EDGE('',*,*,#1510,.T.);
#1334=ORIENTED_EDGE('',*,*,#1511,.T.);
#1335=ORIENTED_EDGE('',*,*,#1477,.T.);
#1336=ORIENTED_EDGE('',*,*,#1511,.F.);
#1337=ORIENTED_EDGE('',*,*,#1512,.T.);
#1338=ORIENTED_EDGE('',*,*,#1513,.T.);
#1339=ORIENTED_EDGE('',*,*,#1478,.T.);
#1340=ORIENTED_EDGE('',*,*,#1513,.F.);
#1341=ORIENTED_EDGE('',*,*,#1514,.T.);
#1342=ORIENTED_EDGE('',*,*,#1507,.T.);
#1343=ORIENTED_EDGE('',*,*,#1479,.T.);
#1344=ORIENTED_EDGE('',*,*,#1515,.F.);
#1345=ORIENTED_EDGE('',*,*,#1516,.T.);
#1346=ORIENTED_EDGE('',*,*,#1517,.T.);
#1347=ORIENTED_EDGE('',*,*,#1480,.T.);
#1348=ORIENTED_EDGE('',*,*,#1517,.F.);
#1349=ORIENTED_EDGE('',*,*,#1518,.T.);
#1350=ORIENTED_EDGE('',*,*,#1519,.T.);
#1351=ORIENTED_EDGE('',*,*,#1481,.T.);
#1352=ORIENTED_EDGE('',*,*,#1519,.F.);
#1353=ORIENTED_EDGE('',*,*,#1520,.T.);
#1354=ORIENTED_EDGE('',*,*,#1521,.T.);
#1355=ORIENTED_EDGE('',*,*,#1482,.T.);
#1356=ORIENTED_EDGE('',*,*,#1521,.F.);
#1357=ORIENTED_EDGE('',*,*,#1522,.T.);
#1358=ORIENTED_EDGE('',*,*,#1515,.T.);
#1359=ORIENTED_EDGE('',*,*,#1483,.T.);
#1360=ORIENTED_EDGE('',*,*,#1523,.F.);
#1361=ORIENTED_EDGE('',*,*,#1524,.T.);
#1362=ORIENTED_EDGE('',*,*,#1525,.T.);
#1363=ORIENTED_EDGE('',*,*,#1484,.T.);
#1364=ORIENTED_EDGE('',*,*,#1525,.F.);
#1365=ORIENTED_EDGE('',*,*,#1526,.T.);
#1366=ORIENTED_EDGE('',*,*,#1527,.T.);
#1367=ORIENTED_EDGE('',*,*,#1485,.T.);
#1368=ORIENTED_EDGE('',*,*,#1527,.F.);
#1369=ORIENTED_EDGE('',*,*,#1528,.T.);
#1370=ORIENTED_EDGE('',*,*,#1529,.T.);
#1371=ORIENTED_EDGE('',*,*,#1486,.T.);
#1372=ORIENTED_EDGE('',*,*,#1529,.F.);
#1373=ORIENTED_EDGE('',*,*,#1530,.T.);
#1374=ORIENTED_EDGE('',*,*,#1523,.T.);
#1375=ORIENTED_EDGE('',*,*,#1493,.F.);
#1376=ORIENTED_EDGE('',*,*,#1487,.F.);
#1377=ORIENTED_EDGE('',*,*,#1498,.F.);
#1378=ORIENTED_EDGE('',*,*,#1488,.F.);
#1379=ORIENTED_EDGE('',*,*,#1497,.F.);
#1380=ORIENTED_EDGE('',*,*,#1489,.F.);
#1381=ORIENTED_EDGE('',*,*,#1492,.F.);
#1382=ORIENTED_EDGE('',*,*,#1490,.F.);
#1383=ORIENTED_EDGE('',*,*,#1506,.F.);
#1384=ORIENTED_EDGE('',*,*,#1504,.F.);
#1385=ORIENTED_EDGE('',*,*,#1502,.F.);
#1386=ORIENTED_EDGE('',*,*,#1500,.F.);
#1387=ORIENTED_EDGE('',*,*,#1514,.F.);
#1388=ORIENTED_EDGE('',*,*,#1512,.F.);
#1389=ORIENTED_EDGE('',*,*,#1510,.F.);
#1390=ORIENTED_EDGE('',*,*,#1508,.F.);
#1391=ORIENTED_EDGE('',*,*,#1522,.F.);
#1392=ORIENTED_EDGE('',*,*,#1520,.F.);
#1393=ORIENTED_EDGE('',*,*,#1518,.F.);
#1394=ORIENTED_EDGE('',*,*,#1516,.F.);
#1395=ORIENTED_EDGE('',*,*,#1530,.F.);
#1396=ORIENTED_EDGE('',*,*,#1528,.F.);
#1397=ORIENTED_EDGE('',*,*,#1526,.F.);
#1398=ORIENTED_EDGE('',*,*,#1524,.F.);
#1399=ORIENTED_EDGE('',*,*,#1531,.F.);
#1400=ORIENTED_EDGE('',*,*,#1532,.T.);
#1401=ORIENTED_EDGE('',*,*,#1533,.T.);
#1402=ORIENTED_EDGE('',*,*,#1534,.T.);
#1403=ORIENTED_EDGE('',*,*,#1535,.F.);
#1404=ORIENTED_EDGE('',*,*,#1536,.F.);
#1405=ORIENTED_EDGE('',*,*,#1537,.F.);
#1406=ORIENTED_EDGE('',*,*,#1538,.F.);
#1407=ORIENTED_EDGE('',*,*,#1539,.F.);
#1408=ORIENTED_EDGE('',*,*,#1540,.T.);
#1409=ORIENTED_EDGE('',*,*,#1538,.T.);
#1410=ORIENTED_EDGE('',*,*,#1541,.F.);
#1411=ORIENTED_EDGE('',*,*,#1539,.T.);
#1412=ORIENTED_EDGE('',*,*,#1541,.T.);
#1413=ORIENTED_EDGE('',*,*,#1535,.T.);
#1414=ORIENTED_EDGE('',*,*,#1532,.F.);
#1415=ORIENTED_EDGE('',*,*,#1536,.T.);
#1416=ORIENTED_EDGE('',*,*,#1533,.F.);
#1417=ORIENTED_EDGE('',*,*,#1540,.F.);
#1418=ORIENTED_EDGE('',*,*,#1531,.T.);
#1419=ORIENTED_EDGE('',*,*,#1537,.T.);
#1420=ORIENTED_EDGE('',*,*,#1534,.F.);
#1421=EDGE_CURVE('',#1542,#1543,#1544,.T.);
#1422=EDGE_CURVE('',#1543,#1545,#1546,.T.);
#1423=EDGE_CURVE('',#1545,#1547,#1548,.T.);
#1424=EDGE_CURVE('',#1547,#1542,#1549,.T.);
#1425=EDGE_CURVE('',#1550,#1551,#1552,.F.);
#1426=EDGE_CURVE('',#1551,#1553,#1554,.T.);
#1427=EDGE_CURVE('',#1553,#1555,#1556,.T.);
#1428=EDGE_CURVE('',#1555,#1550,#1557,.T.);
#1429=EDGE_CURVE('',#1558,#1542,#1559,.T.);
#1430=EDGE_CURVE('',#1560,#1547,#1561,.T.);
#1431=EDGE_CURVE('',#1560,#1562,#1563,.T.);
#1432=EDGE_CURVE('',#1562,#1553,#1564,.T.);
#1433=EDGE_CURVE('',#1551,#1565,#1566,.T.);
#1434=EDGE_CURVE('',#1565,#1558,#1567,.F.);
#1435=EDGE_CURVE('',#1543,#1568,#1569,.F.);
#1436=EDGE_CURVE('',#1568,#1570,#1571,.F.);
#1437=EDGE_CURVE('',#1570,#1550,#1572,.F.);
#1438=EDGE_CURVE('',#1573,#1555,#1574,.T.);
#1439=EDGE_CURVE('',#1573,#1575,#1576,.T.);
#1440=EDGE_CURVE('',#1575,#1545,#1577,.T.);
#1441=EDGE_CURVE('',#1578,#1579,#1580,.T.);
#1442=EDGE_CURVE('',#1581,#1579,#1582,.T.);
#1443=EDGE_CURVE('',#1583,#1581,#1584,.T.);
#1444=EDGE_CURVE('',#1583,#1585,#1586,.T.);
#1445=EDGE_CURVE('',#1585,#1587,#1588,.T.);
#1446=EDGE_CURVE('',#1587,#1578,#1589,.F.);
#1447=EDGE_CURVE('',#1590,#1585,#1591,.T.);
#1448=EDGE_CURVE('',#1592,#1583,#1593,.T.);
#1449=EDGE_CURVE('',#1594,#1592,#1595,.T.);
#1450=EDGE_CURVE('',#1596,#1594,#1597,.T.);
#1451=EDGE_CURVE('',#1598,#1596,#1599,.T.);
#1452=EDGE_CURVE('',#1600,#1598,#1601,.T.);
#1453=EDGE_CURVE('',#1600,#1590,#1602,.T.);
#1454=EDGE_CURVE('',#1603,#1604,#1605,.F.);
#1455=EDGE_CURVE('',#1604,#1606,#1607,.F.);
#1456=EDGE_CURVE('',#1606,#1590,#1608,.F.);
#1457=EDGE_CURVE('',#1609,#1600,#1610,.T.);
#1458=EDGE_CURVE('',#1609,#1603,#1611,.T.);
#1459=EDGE_CURVE('',#1579,#1603,#1612,.F.);
#1460=EDGE_CURVE('',#1613,#1609,#1614,.T.);
#1461=EDGE_CURVE('',#1615,#1613,#1616,.T.);
#1462=EDGE_CURVE('',#1617,#1615,#1618,.T.);
#1463=EDGE_CURVE('',#1619,#1617,#1620,.T.);
#1464=EDGE_CURVE('',#1581,#1619,#1621,.T.);
#1465=EDGE_CURVE('',#1558,#1604,#1622,.T.);
#1466=EDGE_CURVE('',#1565,#1606,#1623,.T.);
#1467=EDGE_CURVE('',#1587,#1570,#1624,.T.);
#1468=EDGE_CURVE('',#1578,#1568,#1625,.T.);
#1469=EDGE_CURVE('',#1575,#1560,#1626,.T.);
#1470=EDGE_CURVE('',#1562,#1573,#1627,.T.);
#1471=EDGE_CURVE('',#1628,#1629,#1630,.F.);
#1472=EDGE_CURVE('',#1631,#1628,#1632,.F.);
#1473=EDGE_CURVE('',#1633,#1631,#1634,.F.);
#1474=EDGE_CURVE('',#1629,#1633,#1635,.F.);
#1475=EDGE_CURVE('',#1636,#1637,#1638,.F.);
#1476=EDGE_CURVE('',#1639,#1636,#1640,.F.);
#1477=EDGE_CURVE('',#1641,#1639,#1642,.F.);
#1478=EDGE_CURVE('',#1637,#1641,#1643,.F.);
#1479=EDGE_CURVE('',#1644,#1645,#1646,.F.);
#1480=EDGE_CURVE('',#1647,#1644,#1648,.F.);
#1481=EDGE_CURVE('',#1649,#1647,#1650,.F.);
#1482=EDGE_CURVE('',#1645,#1649,#1651,.F.);
#1483=EDGE_CURVE('',#1652,#1653,#1654,.F.);
#1484=EDGE_CURVE('',#1655,#1652,#1656,.F.);
#1485=EDGE_CURVE('',#1657,#1655,#1658,.F.);
#1486=EDGE_CURVE('',#1653,#1657,#1659,.F.);
#1487=EDGE_CURVE('',#1660,#1660,#1661,.T.);
#1488=EDGE_CURVE('',#1662,#1662,#1663,.T.);
#1489=EDGE_CURVE('',#1664,#1664,#1665,.T.);
#1490=EDGE_CURVE('',#1666,#1666,#1667,.T.);
#1491=EDGE_CURVE('',#1592,#1619,#1668,.T.);
#1492=EDGE_CURVE('',#1669,#1669,#1670,.F.);
#1493=EDGE_CURVE('',#1671,#1671,#1672,.F.);
#1494=EDGE_CURVE('',#1594,#1617,#1673,.T.);
#1495=EDGE_CURVE('',#1615,#1596,#1674,.T.);
#1496=EDGE_CURVE('',#1613,#1598,#1675,.T.);
#1497=EDGE_CURVE('',#1676,#1676,#1677,.F.);
#1498=EDGE_CURVE('',#1678,#1678,#1679,.F.);
#1499=EDGE_CURVE('',#1680,#1629,#1681,.T.);
#1500=EDGE_CURVE('',#1680,#1682,#1683,.T.);
#1501=EDGE_CURVE('',#1682,#1628,#1684,.T.);
#1502=EDGE_CURVE('',#1682,#1685,#1686,.T.);
#1503=EDGE_CURVE('',#1685,#1631,#1687,.T.);
#1504=EDGE_CURVE('',#1685,#1688,#1689,.T.);
#1505=EDGE_CURVE('',#1688,#1633,#1690,.T.);
#1506=EDGE_CURVE('',#1688,#1680,#1691,.T.);
#1507=EDGE_CURVE('',#1692,#1637,#1693,.T.);
#1508=EDGE_CURVE('',#1692,#1694,#1695,.T.);
#1509=EDGE_CURVE('',#1694,#1636,#1696,.T.);
#1510=EDGE_CURVE('',#1694,#1697,#1698,.T.);
#1511=EDGE_CURVE('',#1697,#1639,#1699,.T.);
#1512=EDGE_CURVE('',#1697,#1700,#1701,.T.);
#1513=EDGE_CURVE('',#1700,#1641,#1702,.T.);
#1514=EDGE_CURVE('',#1700,#1692,#1703,.T.);
#1515=EDGE_CURVE('',#1704,#1645,#1705,.T.);
#1516=EDGE_CURVE('',#1704,#1706,#1707,.T.);
#1517=EDGE_CURVE('',#1706,#1644,#1708,.T.);
#1518=EDGE_CURVE('',#1706,#1709,#1710,.T.);
#1519=EDGE_CURVE('',#1709,#1647,#1711,.T.);
#1520=EDGE_CURVE('',#1709,#1712,#1713,.T.);
#1521=EDGE_CURVE('',#1712,#1649,#1714,.T.);
#1522=EDGE_CURVE('',#1712,#1704,#1715,.T.);
#1523=EDGE_CURVE('',#1716,#1653,#1717,.T.);
#1524=EDGE_CURVE('',#1716,#1718,#1719,.T.);
#1525=EDGE_CURVE('',#1718,#1652,#1720,.T.);
#1526=EDGE_CURVE('',#1718,#1721,#1722,.T.);
#1527=EDGE_CURVE('',#1721,#1655,#1723,.T.);
#1528=EDGE_CURVE('',#1721,#1724,#1725,.T.);
#1529=EDGE_CURVE('',#1724,#1657,#1726,.T.);
#1530=EDGE_CURVE('',#1724,#1716,#1727,.T.);
#1531=EDGE_CURVE('',#1728,#1728,#1729,.T.);
#1532=EDGE_CURVE('',#1730,#1730,#1731,.T.);
#1533=EDGE_CURVE('',#1732,#1732,#1733,.F.);
#1534=EDGE_CURVE('',#1734,#1734,#1735,.T.);
#1535=EDGE_CURVE('',#1736,#1736,#1737,.T.);
#1536=EDGE_CURVE('',#1738,#1738,#1739,.F.);
#1537=EDGE_CURVE('',#1740,#1740,#1741,.T.);
#1538=EDGE_CURVE('',#1742,#1742,#1743,.T.);
#1539=EDGE_CURVE('',#1744,#1744,#1745,.T.);
#1540=EDGE_CURVE('',#1746,#1746,#1747,.T.);
#1541=EDGE_CURVE('',#1748,#1748,#1749,.T.);
#1542=VERTEX_POINT('',#1750);
#1543=VERTEX_POINT('',#1751);
#1544=LINE('',#1752,#1753);
#1545=VERTEX_POINT('',#1755);
#1546=LINE('',#1756,#1757);
#1547=VERTEX_POINT('',#1759);
#1548=LINE('',#1760,#1761);
#1549=LINE('',#1763,#1764);
#1550=VERTEX_POINT('',#1766);
#1551=VERTEX_POINT('',#1767);
#1552=LINE('',#1768,#1769);
#1553=VERTEX_POINT('',#1771);
#1554=LINE('',#1772,#1773);
#1555=VERTEX_POINT('',#1775);
#1556=LINE('',#1776,#1777);
#1557=LINE('',#1779,#1780);
#1558=VERTEX_POINT('',#1782);
#1559=B_SPLINE_CURVE_WITH_KNOTS('',3,
(#1783,#1784,#1785,#1786,#1787,#1788,#1789,#1790,#1791,#1792,#1793,#1794,#1795),
.UNSPECIFIED.,.F.,.F.,
(4,1,1,1,1,1,1,1,1,1,4),
(0.,0.107172144610334,0.186868009003114,0.283216066478087,0.385127679535697,0.488674084373542,
0.570383720114158,0.650721867182319,0.727591702822555,0.811925111983267,1.),
.UNSPECIFIED.);
#1560=VERTEX_POINT('',#1796);
#1561=LINE('',#1797,#1798);
#1562=VERTEX_POINT('',#1800);
#1563=LINE('',#1801,#1802);
#1564=LINE('',#1804,#1805);
#1565=VERTEX_POINT('',#1807);
#1566=B_SPLINE_CURVE_WITH_KNOTS('',3,
(#1808,#1809,#1810,#1811,#1812,#1813,#1814,#1815,#1816,#1817,#1818,#1819,#1820),
.UNSPECIFIED.,.F.,.F.,
(4,1,1,1,1,1,1,1,1,1,4),
(0.,0.188074888016733,0.272408297177445,0.349278132817681,0.429616279885842,0.511325915626458,
0.614872320464303,0.716783933521913,0.813131990996886,0.892827855389666,1.),
.UNSPECIFIED.);
#1567=LINE('',#1821,#1822);
#1568=VERTEX_POINT('',#1824);
#1569=B_SPLINE_CURVE_WITH_KNOTS('',3,
(#1825,#1826,#1827,#1828,#1829,#1830,#1831,#1832,#1833,#1834,#1835,#1836,#1837),
.UNSPECIFIED.,.F.,.F.,
(4,1,1,1,1,1,1,1,1,1,4),
(0.,0.107172144610334,0.186868009003114,0.283216066478087,0.385127679535697,0.488674084373542,
0.570383720114158,0.650721867182319,0.727591702822555,0.811925111983267,1.),
.UNSPECIFIED.);
#1570=VERTEX_POINT('',#1838);
#1571=LINE('',#1839,#1840);
#1572=B_SPLINE_CURVE_WITH_KNOTS('',3,
(#1842,#1843,#1844,#1845,#1846,#1847,#1848,#1849,#1850,#1851,#1852,#1853,#1854),
.UNSPECIFIED.,.F.,.F.,
(4,1,1,1,1,1,1,1,1,1,4),
(0.,0.188074888016733,0.272408297177445,0.349278132817681,0.429616279885842,0.511325915626458,
0.614872320464303,0.716783933521913,0.813131990996886,0.892827855389666,1.),
.UNSPECIFIED.);
#1573=VERTEX_POINT('',#1855);
#1574=LINE('',#1856,#1857);
#1575=VERTEX_POINT('',#1859);
#1576=LINE('',#1860,#1861);
#1577=LINE('',#1863,#1864);
#1578=VERTEX_POINT('',#1866);
#1579=VERTEX_POINT('',#1867);
#1580=B_SPLINE_CURVE_WITH_KNOTS('',3,
(#1868,#1869,#1870,#1871,#1872,#1873,#1874,#1875,#1876,#1877,#1878,#1879,#1880),
.UNSPECIFIED.,.F.,.F.,
(4,1,1,1,1,1,1,1,1,1,4),
(0.,0.128399946688567,0.223881331114885,0.339313241974871,0.461410693053416,0.585466742405722,
0.683360769918032,0.779611655240108,0.871707253719095,0.972744750726096,1.),
.UNSPECIFIED.);
#1581=VERTEX_POINT('',#1881);
#1582=LINE('',#1882,#1883);
#1583=VERTEX_POINT('',#1885);
#1584=LINE('',#1886,#1887);
#1585=VERTEX_POINT('',#1889);
#1586=LINE('',#1890,#1891);
#1587=VERTEX_POINT('',#1893);
#1588=B_SPLINE_CURVE_WITH_KNOTS('',3,
(#1894,#1895,#1896,#1897,#1898,#1899,#1900,#1901,#1902,#1903,#1904,#1905,#1906),
.UNSPECIFIED.,.F.,.F.,
(4,1,1,1,1,1,1,1,1,1,4),
(0.,0.0272552492202441,0.128292746232819,0.220388344716886,0.316639230044271,0.414533257561982,
0.538589306921131,0.660686758006412,0.776118668872765,0.87160005330435,1.),
.UNSPECIFIED.);
#1589=LINE('',#1907,#1908);
#1590=VERTEX_POINT('',#1910);
#1591=LINE('',#1911,#1912);
#1592=VERTEX_POINT('',#1914);
#1593=LINE('',#1915,#1916);
#1594=VERTEX_POINT('',#1918);
#1595=LINE('',#1919,#1920);
#1596=VERTEX_POINT('',#1922);
#1597=LINE('',#1923,#1924);
#1598=VERTEX_POINT('',#1926);
#1599=LINE('',#1927,#1928);
#1600=VERTEX_POINT('',#1930);
#1601=LINE('',#1931,#1932);
#1602=LINE('',#1934,#1935);
#1603=VERTEX_POINT('',#1937);
#1604=VERTEX_POINT('',#1938);
#1605=B_SPLINE_CURVE_WITH_KNOTS('',3,
(#1939,#1940,#1941,#1942,#1943,#1944,#1945,#1946,#1947,#1948,#1949,#1950,#1951),
.UNSPECIFIED.,.F.,.F.,
(4,1,1,1,1,1,1,1,1,1,4),
(0.,0.128399946688567,0.223881331114885,0.339313241974871,0.461410693053417,0.585466742405723,
0.683360769918034,0.779611655240109,0.871707253719096,0.972744750726098,1.),
.UNSPECIFIED.);
#1606=VERTEX_POINT('',#1952);
#1607=LINE('',#1953,#1954);
#1608=B_SPLINE_CURVE_WITH_KNOTS('',3,
(#1956,#1957,#1958,#1959,#1960,#1961,#1962,#1963,#1964,#1965,#1966,#1967,#1968),
.UNSPECIFIED.,.F.,.F.,
(4,1,1,1,1,1,1,1,1,1,4),
(0.,0.0272552492202453,0.12829274623282,0.220388344716887,0.316639230044272,0.414533257561983,
0.538589306921132,0.660686758006412,0.776118668872765,0.87160005330435,1.),
.UNSPECIFIED.);
#1609=VERTEX_POINT('',#1969);
#1610=LINE('',#1970,#1971);
#1611=LINE('',#1973,#1974);
#1612=LINE('',#1976,#1977);
#1613=VERTEX_POINT('',#1979);
#1614=LINE('',#1980,#1981);
#1615=VERTEX_POINT('',#1983);
#1616=LINE('',#1984,#1985);
#1617=VERTEX_POINT('',#1987);
#1618=LINE('',#1988,#1989);
#1619=VERTEX_POINT('',#1991);
#1620=LINE('',#1992,#1993);
#1621=LINE('',#1995,#1996);
#1622=LINE('',#1998,#1999);
#1623=LINE('',#2001,#2002);
#1624=LINE('',#2004,#2005);
#1625=LINE('',#2007,#2008);
#1626=LINE('',#2010,#2011);
#1627=LINE('',#2013,#2014);
#1628=VERTEX_POINT('',#2016);
#1629=VERTEX_POINT('',#2017);
#1630=LINE('',#2018,#2019);
#1631=VERTEX_POINT('',#2021);
#1632=LINE('',#2022,#2023);
#1633=VERTEX_POINT('',#2025);
#1634=LINE('',#2026,#2027);
#1635=LINE('',#2029,#2030);
#1636=VERTEX_POINT('',#2032);
#1637=VERTEX_POINT('',#2033);
#1638=LINE('',#2034,#2035);
#1639=VERTEX_POINT('',#2037);
#1640=LINE('',#2038,#2039);
#1641=VERTEX_POINT('',#2041);
#1642=LINE('',#2042,#2043);
#1643=LINE('',#2045,#2046);
#1644=VERTEX_POINT('',#2048);
#1645=VERTEX_POINT('',#2049);
#1646=LINE('',#2050,#2051);
#1647=VERTEX_POINT('',#2053);
#1648=LINE('',#2054,#2055);
#1649=VERTEX_POINT('',#2057);
#1650=LINE('',#2058,#2059);
#1651=LINE('',#2061,#2062);
#1652=VERTEX_POINT('',#2064);
#1653=VERTEX_POINT('',#2065);
#1654=LINE('',#2066,#2067);
#1655=VERTEX_POINT('',#2069);
#1656=LINE('',#2070,#2071);
#1657=VERTEX_POINT('',#2073);
#1658=LINE('',#2074,#2075);
#1659=LINE('',#2077,#2078);
#1660=VERTEX_POINT('',#2080);
#1661=CIRCLE('',#2081,1.6);
#1662=VERTEX_POINT('',#2085);
#1663=CIRCLE('',#2086,1.6);
#1664=VERTEX_POINT('',#2090);
#1665=CIRCLE('',#2091,1.6);
#1666=VERTEX_POINT('',#2095);
#1667=CIRCLE('',#2096,1.6);
#1668=LINE('',#2100,#2101);
#1669=VERTEX_POINT('',#2103);
#1670=CIRCLE('',#2104,1.6);
#1671=VERTEX_POINT('',#2108);
#1672=CIRCLE('',#2109,1.6);
#1673=LINE('',#2113,#2114);
#1674=LINE('',#2116,#2117);
#1675=LINE('',#2119,#2120);
#1676=VERTEX_POINT('',#2122);
#1677=CIRCLE('',#2123,1.6);
#1678=VERTEX_POINT('',#2127);
#1679=CIRCLE('',#2128,1.6);
#1680=VERTEX_POINT('',#2132);
#1681=LINE('',#2133,#2134);
#1682=VERTEX_POINT('',#2136);
#1683=LINE('',#2137,#2138);
#1684=LINE('',#2140,#2141);
#1685=VERTEX_POINT('',#2143);
#1686=LINE('',#2144,#2145);
#1687=LINE('',#2147,#2148);
#1688=VERTEX_POINT('',#2150);
#1689=LINE('',#2151,#2152);
#1690=LINE('',#2154,#2155);
#1691=LINE('',#2157,#2158);
#1692=VERTEX_POINT('',#2160);
#1693=LINE('',#2161,#2162);
#1694=VERTEX_POINT('',#2164);
#1695=LINE('',#2165,#2166);
#1696=LINE('',#2168,#2169);
#1697=VERTEX_POINT('',#2171);
#1698=LINE('',#2172,#2173);
#1699=LINE('',#2175,#2176);
#1700=VERTEX_POINT('',#2178);
#1701=LINE('',#2179,#2180);
#1702=LINE('',#2182,#2183);
#1703=LINE('',#2185,#2186);
#1704=VERTEX_POINT('',#2188);
#1705=LINE('',#2189,#2190);
#1706=VERTEX_POINT('',#2192);
#1707=LINE('',#2193,#2194);
#1708=LINE('',#2196,#2197);
#1709=VERTEX_POINT('',#2199);
#1710=LINE('',#2200,#2201);
#1711=LINE('',#2203,#2204);
#1712=VERTEX_POINT('',#2206);
#1713=LINE('',#2207,#2208);
#1714=LINE('',#2210,#2211);
#1715=LINE('',#2213,#2214);
#1716=VERTEX_POINT('',#2216);
#1717=LINE('',#2217,#2218);
#1718=VERTEX_POINT('',#2220);
#1719=LINE('',#2221,#2222);
#1720=LINE('',#2224,#2225);
#1721=VERTEX_POINT('',#2227);
#1722=LINE('',#2228,#2229);
#1723=LINE('',#2231,#2232);
#1724=VERTEX_POINT('',#2234);
#1725=LINE('',#2235,#2236);
#1726=LINE('',#2238,#2239);
#1727=LINE('',#2241,#2242);
#1728=VERTEX_POINT('',#2244);
#1729=CIRCLE('',#2245,9.);
#1730=VERTEX_POINT('',#2249);
#1731=CIRCLE('',#2250,9.);
#1732=VERTEX_POINT('',#2254);
#1733=CIRCLE('',#2255,9.);
#1734=VERTEX_POINT('',#2259);
#1735=CIRCLE('',#2260,9.);
#1736=VERTEX_POINT('',#2264);
#1737=CIRCLE('',#2265,8.83310708016368);
#1738=VERTEX_POINT('',#2269);
#1739=CIRCLE('',#2270,8.83310708016368);
#1740=VERTEX_POINT('',#2274);
#1741=CIRCLE('',#2275,8.);
#1742=VERTEX_POINT('',#2279);
#1743=CIRCLE('',#2280,5.);
#1744=VERTEX_POINT('',#2284);
#1745=CIRCLE('',#2285,8.);
#1746=VERTEX_POINT('',#2289);
#1747=CIRCLE('',#2290,8.);
#1748=VERTEX_POINT('',#2294);
#1749=CIRCLE('',#2295,5.);
#1750=CARTESIAN_POINT('',(-20.105,36.7647723493092,21.54));
#1751=CARTESIAN_POINT('',(20.105,36.7647723493092,21.54));
#1752=CARTESIAN_POINT('',(-20.105,36.7647723493092,21.54));
#1753=VECTOR('',#1754,1.);
#1754=DIRECTION('',(1.,-1.76707967112683E-16,0.));
#1755=CARTESIAN_POINT('',(20.105,38.85,21.54));
#1756=CARTESIAN_POINT('',(20.105,36.7647723493092,21.54));
#1757=VECTOR('',#1758,1.);
#1758=DIRECTION('',(0.,1.,0.));
#1759=CARTESIAN_POINT('',(-20.105,38.85,21.54));
#1760=CARTESIAN_POINT('',(20.105,38.85,21.54));
#1761=VECTOR('',#1762,1.);
#1762=DIRECTION('',(-1.,0.,0.));
#1763=CARTESIAN_POINT('',(-20.105,38.85,21.54));
#1764=VECTOR('',#1765,1.);
#1765=DIRECTION('',(0.,-1.,0.));
#1766=CARTESIAN_POINT('',(20.105,-36.7647723493092,21.54));
#1767=CARTESIAN_POINT('',(-20.105,-36.7647723493092,21.54));
#1768=CARTESIAN_POINT('',(-20.105,-36.7647723493092,21.54));
#1769=VECTOR('',#1770,1.);
#1770=DIRECTION('',(1.,-1.76707967112683E-16,0.));
#1771=CARTESIAN_POINT('',(-20.105,-38.85,21.54));
#1772=CARTESIAN_POINT('',(-20.105,-36.7647723493092,21.54));
#1773=VECTOR('',#1774,1.);
#1774=DIRECTION('',(0.,-1.,0.));
#1775=CARTESIAN_POINT('',(20.105,-38.85,21.54));
#1776=CARTESIAN_POINT('',(-20.105,-38.85,21.54));
#1777=VECTOR('',#1778,1.);
#1778=DIRECTION('',(1.,0.,0.));
#1779=CARTESIAN_POINT('',(20.105,-38.85,21.54));
#1780=VECTOR('',#1781,1.);
#1781=DIRECTION('',(0.,1.,0.));
#1782=CARTESIAN_POINT('',(-20.105,13.3312227524144,6.2423729063142));
#1783=CARTESIAN_POINT('',(-20.105,13.3312227524144,6.2423729063142));
#1784=CARTESIAN_POINT('',(-20.105,13.0667896711394,7.38502946662947));
#1785=CARTESIAN_POINT('',(-20.105,14.0227507354955,9.83848986158516));
#1786=CARTESIAN_POINT('',(-20.105,17.4624497121514,10.0710176034533));
#1787=CARTESIAN_POINT('',(-20.105,20.3789806420412,10.1522096548172));
#1788=CARTESIAN_POINT('',(-20.105,24.1851735597519,9.27923555091932));
#1789=CARTESIAN_POINT('',(-20.105,26.0772442257579,12.1166921624485));
#1790=CARTESIAN_POINT('',(-20.105,27.6848970973593,15.2070431769274));
#1791=CARTESIAN_POINT('',(-20.105,30.6114703459124,14.6670066037857));
#1792=CARTESIAN_POINT('',(-20.105,33.0928870493837,14.826774785277));
#1793=CARTESIAN_POINT('',(-20.105,37.7951359845509,14.9844829140571));
#1794=CARTESIAN_POINT('',(-20.105,36.451799534755,20.3137660397501));
#1795=CARTESIAN_POINT('',(-20.105,36.7647723493092,21.54));
#1796=CARTESIAN_POINT('',(-20.105,38.85,0.));
#1797=CARTESIAN_POINT('',(-20.105,38.85,0.));
#1798=VECTOR('',#1799,1.);
#1799=DIRECTION('',(0.,0.,1.));
#1800=CARTESIAN_POINT('',(-20.105,-38.85,0.));
#1801=CARTESIAN_POINT('',(-20.105,38.85,0.));
#1802=VECTOR('',#1803,1.);
#1803=DIRECTION('',(-9.14469415392664E-17,-1.,0.));
#1804=CARTESIAN_POINT('',(-20.105,-38.85,0.));
#1805=VECTOR('',#1806,1.);
#1806=DIRECTION('',(0.,0.,1.));
#1807=CARTESIAN_POINT('',(-20.105,-13.3312227524144,6.2423729063142));
#1808=CARTESIAN_POINT('',(-20.105,-36.7647723493092,21.54));
#1809=CARTESIAN_POINT('',(-20.105,-36.451799534755,20.3137660397501));
#1810=CARTESIAN_POINT('',(-20.105,-37.7951359845509,14.9844829140571));
#1811=CARTESIAN_POINT('',(-20.105,-33.0928870493837,14.826774785277));
#1812=CARTESIAN_POINT('',(-20.105,-30.6114703459124,14.6670066037857));
#1813=CARTESIAN_POINT('',(-20.105,-27.6848970973593,15.2070431769274));
#1814=CARTESIAN_POINT('',(-20.105,-26.0772442257579,12.1166921624485));
#1815=CARTESIAN_POINT('',(-20.105,-24.1851735597519,9.27923555091932));
#1816=CARTESIAN_POINT('',(-20.105,-20.3789806420412,10.1522096548172));
#1817=CARTESIAN_POINT('',(-20.105,-17.4624497121514,10.0710176034533));
#1818=CARTESIAN_POINT('',(-20.105,-14.0227507354955,9.83848986158516));
#1819=CARTESIAN_POINT('',(-20.105,-13.0667896711394,7.38502946662947));
#1820=CARTESIAN_POINT('',(-20.105,-13.3312227524144,6.2423729063142));
#1821=CARTESIAN_POINT('',(-20.105,13.3312227524144,6.2423729063142));
#1822=VECTOR('',#1823,1.);
#1823=DIRECTION('',(0.,-1.,0.));
#1824=CARTESIAN_POINT('',(20.105,13.3312227524144,6.2423729063142));
#1825=CARTESIAN_POINT('',(20.105,13.3312227524144,6.2423729063142));
#1826=CARTESIAN_POINT('',(20.105,13.0667896711394,7.38502946662947));
#1827=CARTESIAN_POINT('',(20.105,14.0227507354955,9.83848986158516));
#1828=CARTESIAN_POINT('',(20.105,17.4624497121514,10.0710176034533));
#1829=CARTESIAN_POINT('',(20.105,20.3789806420412,10.1522096548172));
#1830=CARTESIAN_POINT('',(20.105,24.1851735597519,9.27923555091932));
#1831=CARTESIAN_POINT('',(20.105,26.0772442257579,12.1166921624485));
#1832=CARTESIAN_POINT('',(20.105,27.6848970973593,15.2070431769274));
#1833=CARTESIAN_POINT('',(20.105,30.6114703459124,14.6670066037857));
#1834=CARTESIAN_POINT('',(20.105,33.0928870493837,14.826774785277));
#1835=CARTESIAN_POINT('',(20.105,37.7951359845509,14.9844829140571));
#1836=CARTESIAN_POINT('',(20.105,36.451799534755,20.3137660397501));
#1837=CARTESIAN_POINT('',(20.105,36.7647723493092,21.54));
#1838=CARTESIAN_POINT('',(20.105,-13.3312227524144,6.2423729063142));
#1839=CARTESIAN_POINT('',(20.105,-13.3312227524144,6.2423729063142));
#1840=VECTOR('',#1841,1.);
#1841=DIRECTION('',(0.,1.,0.));
#1842=CARTESIAN_POINT('',(20.105,-36.7647723493092,21.54));
#1843=CARTESIAN_POINT('',(20.105,-36.451799534755,20.3137660397501));
#1844=CARTESIAN_POINT('',(20.105,-37.7951359845509,14.9844829140571));
#1845=CARTESIAN_POINT('',(20.105,-33.0928870493837,14.826774785277));
#1846=CARTESIAN_POINT('',(20.105,-30.6114703459124,14.6670066037857));
#1847=CARTESIAN_POINT('',(20.105,-27.6848970973593,15.2070431769274));
#1848=CARTESIAN_POINT('',(20.105,-26.0772442257579,12.1166921624485));
#1849=CARTESIAN_POINT('',(20.105,-24.1851735597519,9.27923555091932));
#1850=CARTESIAN_POINT('',(20.105,-20.3789806420412,10.1522096548172));
#1851=CARTESIAN_POINT('',(20.105,-17.4624497121514,10.0710176034533));
#1852=CARTESIAN_POINT('',(20.105,-14.0227507354955,9.83848986158516));
#1853=CARTESIAN_POINT('',(20.105,-13.0667896711394,7.38502946662947));
#1854=CARTESIAN_POINT('',(20.105,-13.3312227524144,6.2423729063142));
#1855=CARTESIAN_POINT('',(20.105,-38.85,0.));
#1856=CARTESIAN_POINT('',(20.105,-38.85,0.));
#1857=VECTOR('',#1858,1.);
#1858=DIRECTION('',(0.,0.,1.));
#1859=CARTESIAN_POINT('',(20.105,38.85,0.));
#1860=CARTESIAN_POINT('',(20.105,-38.85,0.));
#1861=VECTOR('',#1862,1.);
#1862=DIRECTION('',(9.14469415392664E-17,1.,0.));
#1863=CARTESIAN_POINT('',(20.105,38.85,0.));
#1864=VECTOR('',#1865,1.);
#1865=DIRECTION('',(0.,0.,1.));
#1866=CARTESIAN_POINT('',(17.605,13.3312227524144,6.2423729063142));
#1867=CARTESIAN_POINT('',(17.605,36.35,15.9714441878272));
#1868=CARTESIAN_POINT('',(17.605,13.3312227524144,6.2423729063142));
#1869=CARTESIAN_POINT('',(17.605,13.0667896711394,7.38502946662947));
#1870=CARTESIAN_POINT('',(17.605,14.0227507354955,9.83848986158516));
#1871=CARTESIAN_POINT('',(17.605,17.4624497121514,10.0710176034533));
#1872=CARTESIAN_POINT('',(17.605,20.3789806420412,10.1522096548172));
#1873=CARTESIAN_POINT('',(17.605,24.1851735597519,9.27923555091932));
#1874=CARTESIAN_POINT('',(17.605,26.0772442257579,12.1166921624485));
#1875=CARTESIAN_POINT('',(17.605,27.6848970973593,15.2070431769274));
#1876=CARTESIAN_POINT('',(17.605,30.6114703459124,14.6670066037857));
#1877=CARTESIAN_POINT('',(17.605,33.0928870493837,14.826774785277));
#1878=CARTESIAN_POINT('',(17.605,35.5693961097091,14.9098341075707));
#1879=CARTESIAN_POINT('',(17.605,36.2367474420067,15.7626837437798));
#1880=CARTESIAN_POINT('',(17.605,36.35,15.9714441879364));
#1881=CARTESIAN_POINT('',(17.605,36.35,1.));
#1882=CARTESIAN_POINT('',(17.605,36.35,1.));
#1883=VECTOR('',#1884,1.);
#1884=DIRECTION('',(2.37299330260276E-16,0.,1.));
#1885=CARTESIAN_POINT('',(17.605,-36.35,1.));
#1886=CARTESIAN_POINT('',(17.605,-36.35,1.));
#1887=VECTOR('',#1888,1.);
#1888=DIRECTION('',(9.77362772709904E-17,1.,0.));
#1889=CARTESIAN_POINT('',(17.605,-36.35,15.9714441872883));
#1890=CARTESIAN_POINT('',(17.605,-36.35,1.));
#1891=VECTOR('',#1892,1.);
#1892=DIRECTION('',(0.,0.,1.));
#1893=CARTESIAN_POINT('',(17.605,-13.3312227524144,6.2423729063142));
#1894=CARTESIAN_POINT('',(17.605,-36.3499999993124,15.9714441866688));
#1895=CARTESIAN_POINT('',(17.605,-36.2367474414328,15.7626837430464));
#1896=CARTESIAN_POINT('',(17.605,-35.5693961090893,14.9098341075499));
#1897=CARTESIAN_POINT('',(17.605,-33.0928870493837,14.826774785277));
#1898=CARTESIAN_POINT('',(17.605,-30.6114703459124,14.6670066037857));
#1899=CARTESIAN_POINT('',(17.605,-27.6848970973593,15.2070431769274));
#1900=CARTESIAN_POINT('',(17.605,-26.0772442257579,12.1166921624485));
#1901=CARTESIAN_POINT('',(17.605,-24.1851735597519,9.27923555091932));
#1902=CARTESIAN_POINT('',(17.605,-20.3789806420412,10.1522096548172));
#1903=CARTESIAN_POINT('',(17.605,-17.4624497121514,10.0710176034533));
#1904=CARTESIAN_POINT('',(17.605,-14.0227507354955,9.83848986158516));
#1905=CARTESIAN_POINT('',(17.605,-13.0667896711394,7.38502946662947));
#1906=CARTESIAN_POINT('',(17.605,-13.3312227524144,6.2423729063142));
#1907=CARTESIAN_POINT('',(17.605,13.3312227524144,6.2423729063142));
#1908=VECTOR('',#1909,1.);
#1909=DIRECTION('',(0.,-1.,0.));
#1910=CARTESIAN_POINT('',(-17.605,-36.35,15.9714441860041));
#1911=CARTESIAN_POINT('',(-17.605,-36.3499999998242,15.9714441872883));
#1912=VECTOR('',#1913,1.);
#1913=DIRECTION('',(1.,0.,-5.04503504515834E-17));
#1914=CARTESIAN_POINT('',(0.499999999999996,-36.35,1.));
#1915=CARTESIAN_POINT('',(0.499999999999996,-36.35,1.));
#1916=VECTOR('',#1917,1.);
#1917=DIRECTION('',(1.,0.,0.));
#1918=CARTESIAN_POINT('',(0.499999999999996,-36.35,6.));
#1919=CARTESIAN_POINT('',(0.499999999999996,-36.35,6.));
#1920=VECTOR('',#1921,1.);
#1921=DIRECTION('',(0.,0.,-1.));
#1922=CARTESIAN_POINT('',(-0.500000000000004,-36.35,6.));
#1923=CARTESIAN_POINT('',(-0.500000000000007,-36.35,6.));
#1924=VECTOR('',#1925,1.);
#1925=DIRECTION('',(1.,0.,0.));
#1926=CARTESIAN_POINT('',(-0.500000000000008,-36.35,1.));
#1927=CARTESIAN_POINT('',(-0.500000000000006,-36.35,1.));
#1928=VECTOR('',#1929,1.);
#1929=DIRECTION('',(0.,0.,1.));
#1930=CARTESIAN_POINT('',(-17.605,-36.35,1.));
#1931=CARTESIAN_POINT('',(-17.605,-36.35,1.));
#1932=VECTOR('',#1933,1.);
#1933=DIRECTION('',(1.,0.,0.));
#1934=CARTESIAN_POINT('',(-17.605,-36.35,1.));
#1935=VECTOR('',#1936,1.);
#1936=DIRECTION('',(-2.37299330289173E-16,0.,1.));
#1937=CARTESIAN_POINT('',(-17.605,36.35,15.9714441878272));
#1938=CARTESIAN_POINT('',(-17.605,13.3312227524144,6.2423729063142));
#1939=CARTESIAN_POINT('',(-17.605,13.3312227524144,6.2423729063142));
#1940=CARTESIAN_POINT('',(-17.605,13.0667896711394,7.38502946662947));
#1941=CARTESIAN_POINT('',(-17.605,14.0227507354955,9.83848986158516));
#1942=CARTESIAN_POINT('',(-17.605,17.4624497121514,10.0710176034533));
#1943=CARTESIAN_POINT('',(-17.605,20.3789806420412,10.1522096548172));
#1944=CARTESIAN_POINT('',(-17.605,24.1851735597519,9.27923555091932));
#1945=CARTESIAN_POINT('',(-17.605,26.0772442257579,12.1166921624485));
#1946=CARTESIAN_POINT('',(-17.605,27.6848970973593,15.2070431769274));
#1947=CARTESIAN_POINT('',(-17.605,30.6114703459124,14.6670066037857));
#1948=CARTESIAN_POINT('',(-17.605,33.0928870493837,14.826774785277));
#1949=CARTESIAN_POINT('',(-17.605,35.5693961097091,14.9098341075707));
#1950=CARTESIAN_POINT('',(-17.605,36.2367474420067,15.7626837437798));
#1951=CARTESIAN_POINT('',(-17.605,36.35,15.9714441879364));
#1952=CARTESIAN_POINT('',(-17.605,-13.3312227524144,6.2423729063142));
#1953=CARTESIAN_POINT('',(-17.605,-13.3312227524144,6.2423729063142));
#1954=VECTOR('',#1955,1.);
#1955=DIRECTION('',(0.,1.,0.));
#1956=CARTESIAN_POINT('',(-17.605,-36.3499999993124,15.9714441866689));
#1957=CARTESIAN_POINT('',(-17.605,-36.2367474414328,15.7626837430464));
#1958=CARTESIAN_POINT('',(-17.605,-35.5693961090893,14.9098341075499));
#1959=CARTESIAN_POINT('',(-17.605,-33.0928870493837,14.826774785277));
#1960=CARTESIAN_POINT('',(-17.605,-30.6114703459124,14.6670066037857));
#1961=CARTESIAN_POINT('',(-17.605,-27.6848970973593,15.2070431769274));
#1962=CARTESIAN_POINT('',(-17.605,-26.0772442257579,12.1166921624485));
#1963=CARTESIAN_POINT('',(-17.605,-24.1851735597519,9.27923555091932));
#1964=CARTESIAN_POINT('',(-17.605,-20.3789806420412,10.1522096548172));
#1965=CARTESIAN_POINT('',(-17.605,-17.4624497121514,10.0710176034533));
#1966=CARTESIAN_POINT('',(-17.605,-14.0227507354955,9.83848986158516));
#1967=CARTESIAN_POINT('',(-17.605,-13.0667896711394,7.38502946662947));
#1968=CARTESIAN_POINT('',(-17.605,-13.3312227524144,6.2423729063142));
#1969=CARTESIAN_POINT('',(-17.605,36.35,1.));
#1970=CARTESIAN_POINT('',(-17.605,36.35,1.));
#1971=VECTOR('',#1972,1.);
#1972=DIRECTION('',(-9.77362772709904E-17,-1.,0.));
#1973=CARTESIAN_POINT('',(-17.605,36.35,1.));
#1974=VECTOR('',#1975,1.);
#1975=DIRECTION('',(0.,0.,1.));
#1976=CARTESIAN_POINT('',(-17.605,36.3499999999704,15.9714441878272));
#1977=VECTOR('',#1978,1.);
#1978=DIRECTION('',(1.,0.,0.));
#1979=CARTESIAN_POINT('',(-0.499999999999996,36.35,1.));
#1980=CARTESIAN_POINT('',(-0.499999999999996,36.35,1.));
#1981=VECTOR('',#1982,1.);
#1982=DIRECTION('',(-1.,0.,0.));
#1983=CARTESIAN_POINT('',(-0.499999999999996,36.35,6.));
#1984=CARTESIAN_POINT('',(-0.499999999999996,36.35,6.));
#1985=VECTOR('',#1986,1.);
#1986=DIRECTION('',(0.,0.,-1.));
#1987=CARTESIAN_POINT('',(0.500000000000004,36.35,6.));
#1988=CARTESIAN_POINT('',(0.500000000000007,36.35,6.));
#1989=VECTOR('',#1990,1.);
#1990=DIRECTION('',(-1.,0.,0.));
#1991=CARTESIAN_POINT('',(0.500000000000011,36.35,1.));
#1992=CARTESIAN_POINT('',(0.500000000000006,36.35,1.));
#1993=VECTOR('',#1994,1.);
#1994=DIRECTION('',(0.,0.,1.));
#1995=CARTESIAN_POINT('',(17.605,36.35,1.));
#1996=VECTOR('',#1997,1.);
#1997=DIRECTION('',(-1.,0.,0.));
#1998=CARTESIAN_POINT('',(-20.105,13.3312227524144,6.2423729063142));
#1999=VECTOR('',#2000,1.);
#2000=DIRECTION('',(1.,0.,0.));
#2001=CARTESIAN_POINT('',(-20.105,-13.3312227524144,6.2423729063142));
#2002=VECTOR('',#2003,1.);
#2003=DIRECTION('',(1.,0.,0.));
#2004=CARTESIAN_POINT('',(17.605,-13.3312227524144,6.2423729063142));
#2005=VECTOR('',#2006,1.);
#2006=DIRECTION('',(1.,0.,0.));
#2007=CARTESIAN_POINT('',(17.605,13.3312227524144,6.2423729063142));
#2008=VECTOR('',#2009,1.);
#2009=DIRECTION('',(1.,0.,0.));
#2010=CARTESIAN_POINT('',(20.105,38.85,0.));
#2011=VECTOR('',#2012,1.);
#2012=DIRECTION('',(-1.,0.,0.));
#2013=CARTESIAN_POINT('',(-20.105,-38.85,0.));
#2014=VECTOR('',#2015,1.);
#2015=DIRECTION('',(1.,0.,0.));
#2016=CARTESIAN_POINT('',(-10.05,-36.35,0.));
#2017=CARTESIAN_POINT('',(-10.05,-36.15,0.));
#2018=CARTESIAN_POINT('',(-10.05,-36.15,0.));
#2019=VECTOR('',#2020,1.);
#2020=DIRECTION('',(-1.77635683940023E-14,-1.,0.));
#2021=CARTESIAN_POINT('',(-9.25,-36.35,0.));
#2022=CARTESIAN_POINT('',(-10.05,-36.35,0.));
#2023=VECTOR('',#2024,1.);
#2024=DIRECTION('',(1.,0.,0.));
#2025=CARTESIAN_POINT('',(-9.25,-36.15,0.));
#2026=CARTESIAN_POINT('',(-9.25,-36.35,0.));
#2027=VECTOR('',#2028,1.);
#2028=DIRECTION('',(8.88178419700113E-15,1.,0.));
#2029=CARTESIAN_POINT('',(-9.25,-36.15,0.));
#2030=VECTOR('',#2031,1.);
#2031=DIRECTION('',(-1.,0.,0.));
#2032=CARTESIAN_POINT('',(9.25,-36.35,0.));
#2033=CARTESIAN_POINT('',(9.25,-36.15,0.));
#2034=CARTESIAN_POINT('',(9.25,-36.15,0.));
#2035=VECTOR('',#2036,1.);
#2036=DIRECTION('',(-1.77635683940023E-14,-1.,0.));
#2037=CARTESIAN_POINT('',(10.05,-36.35,0.));
#2038=CARTESIAN_POINT('',(9.25,-36.35,0.));
#2039=VECTOR('',#2040,1.);
#2040=DIRECTION('',(1.,0.,0.));
#2041=CARTESIAN_POINT('',(10.05,-36.15,0.));
#2042=CARTESIAN_POINT('',(10.05,-36.35,0.));
#2043=VECTOR('',#2044,1.);
#2044=DIRECTION('',(8.88178419700113E-15,1.,0.));
#2045=CARTESIAN_POINT('',(10.05,-36.15,0.));
#2046=VECTOR('',#2047,1.);
#2047=DIRECTION('',(-1.,0.,0.));
#2048=CARTESIAN_POINT('',(9.25000000000001,36.15,0.));
#2049=CARTESIAN_POINT('',(9.25000000000001,36.35,0.));
#2050=CARTESIAN_POINT('',(9.25000000000001,36.35,0.));
#2051=VECTOR('',#2052,1.);
#2052=DIRECTION('',(-8.88178419700113E-15,-1.,0.));
#2053=CARTESIAN_POINT('',(10.05,36.15,0.));
#2054=CARTESIAN_POINT('',(9.25000000000001,36.15,0.));
#2055=VECTOR('',#2056,1.);
#2056=DIRECTION('',(1.,0.,0.));
#2057=CARTESIAN_POINT('',(10.05,36.35,0.));
#2058=CARTESIAN_POINT('',(10.05,36.15,0.));
#2059=VECTOR('',#2060,1.);
#2060=DIRECTION('',(1.77635683940023E-14,1.,0.));
#2061=CARTESIAN_POINT('',(10.05,36.35,0.));
#2062=VECTOR('',#2063,1.);
#2063=DIRECTION('',(-1.,0.,0.));
#2064=CARTESIAN_POINT('',(-10.05,36.15,0.));
#2065=CARTESIAN_POINT('',(-10.05,36.35,0.));
#2066=CARTESIAN_POINT('',(-10.05,36.35,0.));
#2067=VECTOR('',#2068,1.);
#2068=DIRECTION('',(-1.77635683940023E-14,-1.,0.));
#2069=CARTESIAN_POINT('',(-9.24999999999999,36.15,0.));
#2070=CARTESIAN_POINT('',(-10.05,36.15,0.));
#2071=VECTOR('',#2072,1.);
#2072=DIRECTION('',(1.,0.,0.));
#2073=CARTESIAN_POINT('',(-9.24999999999998,36.35,0.));
#2074=CARTESIAN_POINT('',(-9.24999999999999,36.15,0.));
#2075=VECTOR('',#2076,1.);
#2076=DIRECTION('',(1.77635683940023E-14,1.,0.));
#2077=CARTESIAN_POINT('',(-9.24999999999998,36.35,0.));
#2078=VECTOR('',#2079,1.);
#2079=DIRECTION('',(-1.,0.,0.));
#2080=CARTESIAN_POINT('',(8.05000000000002,27.81,0.));
#2081=AXIS2_PLACEMENT_3D('',#2082,#2083,#2084);
#2082=CARTESIAN_POINT('',(9.65000000000002,27.81,0.));
#2083=DIRECTION('',(0.,0.,1.));
#2084=DIRECTION('',(-1.,1.22464679914735E-16,0.));
#2085=CARTESIAN_POINT('',(-11.25,27.81,0.));
#2086=AXIS2_PLACEMENT_3D('',#2087,#2088,#2089);
#2087=CARTESIAN_POINT('',(-9.64999999999998,27.81,0.));
#2088=DIRECTION('',(0.,0.,1.));
#2089=DIRECTION('',(-1.,1.22464679914735E-16,0.));
#2090=CARTESIAN_POINT('',(-11.25,-27.81,0.));
#2091=AXIS2_PLACEMENT_3D('',#2092,#2093,#2094);
#2092=CARTESIAN_POINT('',(-9.65,-27.81,0.));
#2093=DIRECTION('',(0.,0.,1.));
#2094=DIRECTION('',(-1.,1.22464679914735E-16,0.));
#2095=CARTESIAN_POINT('',(8.05,-27.81,0.));
#2096=AXIS2_PLACEMENT_3D('',#2097,#2098,#2099);
#2097=CARTESIAN_POINT('',(9.65,-27.81,0.));
#2098=DIRECTION('',(0.,0.,1.));
#2099=DIRECTION('',(-1.,1.22464679914735E-16,0.));
#2100=CARTESIAN_POINT('',(0.499999999999996,-36.35,1.));
#2101=VECTOR('',#2102,1.);
#2102=DIRECTION('',(1.22170346588738E-16,1.,0.));
#2103=CARTESIAN_POINT('',(8.05,-27.81,1.));
#2104=AXIS2_PLACEMENT_3D('',#2105,#2106,#2107);
#2105=CARTESIAN_POINT('',(9.65,-27.81,1.));
#2106=DIRECTION('',(0.,0.,1.));
#2107=DIRECTION('',(-1.,1.22464679914735E-16,0.));
#2108=CARTESIAN_POINT('',(8.05000000000002,27.81,1.));
#2109=AXIS2_PLACEMENT_3D('',#2110,#2111,#2112);
#2110=CARTESIAN_POINT('',(9.65000000000002,27.81,1.));
#2111=DIRECTION('',(0.,0.,1.));
#2112=DIRECTION('',(-1.,1.22464679914735E-16,0.));
#2113=CARTESIAN_POINT('',(0.499999999999996,-36.35,6.));
#2114=VECTOR('',#2115,1.);
#2115=DIRECTION('',(1.22170346588738E-16,1.,0.));
#2116=CARTESIAN_POINT('',(-0.499999999999996,36.35,6.));
#2117=VECTOR('',#2118,1.);
#2118=DIRECTION('',(-1.22170346588738E-16,-1.,0.));
#2119=CARTESIAN_POINT('',(-0.499999999999996,36.35,1.));
#2120=VECTOR('',#2121,1.);
#2121=DIRECTION('',(-1.22170346588738E-16,-1.,0.));
#2122=CARTESIAN_POINT('',(-11.25,-27.81,1.));
#2123=AXIS2_PLACEMENT_3D('',#2124,#2125,#2126);
#2124=CARTESIAN_POINT('',(-9.65,-27.81,1.));
#2125=DIRECTION('',(0.,0.,1.));
#2126=DIRECTION('',(-1.,1.22464679914735E-16,0.));
#2127=CARTESIAN_POINT('',(-11.25,27.81,1.));
#2128=AXIS2_PLACEMENT_3D('',#2129,#2130,#2131);
#2129=CARTESIAN_POINT('',(-9.64999999999998,27.81,1.));
#2130=DIRECTION('',(0.,0.,1.));
#2131=DIRECTION('',(-1.,1.22464679914735E-16,0.));
#2132=CARTESIAN_POINT('',(-10.05,-36.15,-3.2));
#2133=CARTESIAN_POINT('',(-10.05,-36.15,-3.2));
#2134=VECTOR('',#2135,1.);
#2135=DIRECTION('',(0.,0.,1.));
#2136=CARTESIAN_POINT('',(-10.05,-36.35,-3.2));
#2137=CARTESIAN_POINT('',(-10.05,-36.15,-3.2));
#2138=VECTOR('',#2139,1.);
#2139=DIRECTION('',(-8.88178419700113E-15,-1.,0.));
#2140=CARTESIAN_POINT('',(-10.05,-36.35,-3.2));
#2141=VECTOR('',#2142,1.);
#2142=DIRECTION('',(0.,0.,1.));
#2143=CARTESIAN_POINT('',(-9.25,-36.35,-3.2));
#2144=CARTESIAN_POINT('',(-10.05,-36.35,-3.2));
#2145=VECTOR('',#2146,1.);
#2146=DIRECTION('',(1.,0.,0.));
#2147=CARTESIAN_POINT('',(-9.25,-36.35,-3.2));
#2148=VECTOR('',#2149,1.);
#2149=DIRECTION('',(0.,0.,1.));
#2150=CARTESIAN_POINT('',(-9.25,-36.15,-3.2));
#2151=CARTESIAN_POINT('',(-9.25,-36.35,-3.2));
#2152=VECTOR('',#2153,1.);
#2153=DIRECTION('',(8.88178419700113E-15,1.,0.));
#2154=CARTESIAN_POINT('',(-9.25,-36.15,-3.2));
#2155=VECTOR('',#2156,1.);
#2156=DIRECTION('',(0.,0.,1.));
#2157=CARTESIAN_POINT('',(-9.25,-36.15,-3.2));
#2158=VECTOR('',#2159,1.);
#2159=DIRECTION('',(-1.,0.,0.));
#2160=CARTESIAN_POINT('',(9.25,-36.15,-3.2));
#2161=CARTESIAN_POINT('',(9.25,-36.15,-3.2));
#2162=VECTOR('',#2163,1.);
#2163=DIRECTION('',(0.,0.,1.));
#2164=CARTESIAN_POINT('',(9.25,-36.35,-3.2));
#2165=CARTESIAN_POINT('',(9.25,-36.15,-3.2));
#2166=VECTOR('',#2167,1.);
#2167=DIRECTION('',(-8.88178419700113E-15,-1.,0.));
#2168=CARTESIAN_POINT('',(9.25,-36.35,-3.2));
#2169=VECTOR('',#2170,1.);
#2170=DIRECTION('',(0.,0.,1.));
#2171=CARTESIAN_POINT('',(10.05,-36.35,-3.2));
#2172=CARTESIAN_POINT('',(9.25,-36.35,-3.2));
#2173=VECTOR('',#2174,1.);
#2174=DIRECTION('',(1.,0.,0.));
#2175=CARTESIAN_POINT('',(10.05,-36.35,-3.2));
#2176=VECTOR('',#2177,1.);
#2177=DIRECTION('',(0.,0.,1.));
#2178=CARTESIAN_POINT('',(10.05,-36.15,-3.2));
#2179=CARTESIAN_POINT('',(10.05,-36.35,-3.2));
#2180=VECTOR('',#2181,1.);
#2181=DIRECTION('',(8.88178419700113E-15,1.,0.));
#2182=CARTESIAN_POINT('',(10.05,-36.15,-3.2));
#2183=VECTOR('',#2184,1.);
#2184=DIRECTION('',(0.,0.,1.));
#2185=CARTESIAN_POINT('',(10.05,-36.15,-3.2));
#2186=VECTOR('',#2187,1.);
#2187=DIRECTION('',(-1.,0.,0.));
#2188=CARTESIAN_POINT('',(9.25000000000001,36.35,-3.2));
#2189=CARTESIAN_POINT('',(9.25000000000001,36.35,-3.2));
#2190=VECTOR('',#2191,1.);
#2191=DIRECTION('',(0.,0.,1.));
#2192=CARTESIAN_POINT('',(9.25000000000001,36.15,-3.2));
#2193=CARTESIAN_POINT('',(9.25000000000001,36.35,-3.2));
#2194=VECTOR('',#2195,1.);
#2195=DIRECTION('',(-8.88178419700113E-15,-1.,0.));
#2196=CARTESIAN_POINT('',(9.25000000000001,36.15,-3.2));
#2197=VECTOR('',#2198,1.);
#2198=DIRECTION('',(0.,0.,1.));
#2199=CARTESIAN_POINT('',(10.05,36.15,-3.2));
#2200=CARTESIAN_POINT('',(9.25000000000001,36.15,-3.2));
#2201=VECTOR('',#2202,1.);
#2202=DIRECTION('',(1.,0.,0.));
#2203=CARTESIAN_POINT('',(10.05,36.15,-3.2));
#2204=VECTOR('',#2205,1.);
#2205=DIRECTION('',(0.,0.,1.));
#2206=CARTESIAN_POINT('',(10.05,36.35,-3.2));
#2207=CARTESIAN_POINT('',(10.05,36.15,-3.2));
#2208=VECTOR('',#2209,1.);
#2209=DIRECTION('',(8.88178419700113E-15,1.,0.));
#2210=CARTESIAN_POINT('',(10.05,36.35,-3.2));
#2211=VECTOR('',#2212,1.);
#2212=DIRECTION('',(0.,0.,1.));
#2213=CARTESIAN_POINT('',(10.05,36.35,-3.2));
#2214=VECTOR('',#2215,1.);
#2215=DIRECTION('',(-1.,0.,0.));
#2216=CARTESIAN_POINT('',(-10.05,36.35,-3.2));
#2217=CARTESIAN_POINT('',(-10.05,36.35,-3.2));
#2218=VECTOR('',#2219,1.);
#2219=DIRECTION('',(0.,0.,1.));
#2220=CARTESIAN_POINT('',(-10.05,36.15,-3.2));
#2221=CARTESIAN_POINT('',(-10.05,36.35,-3.2));
#2222=VECTOR('',#2223,1.);
#2223=DIRECTION('',(-8.88178419700113E-15,-1.,0.));
#2224=CARTESIAN_POINT('',(-10.05,36.15,-3.2));
#2225=VECTOR('',#2226,1.);
#2226=DIRECTION('',(0.,0.,1.));
#2227=CARTESIAN_POINT('',(-9.24999999999999,36.15,-3.2));
#2228=CARTESIAN_POINT('',(-10.05,36.15,-3.2));
#2229=VECTOR('',#2230,1.);
#2230=DIRECTION('',(1.,0.,0.));
#2231=CARTESIAN_POINT('',(-9.24999999999999,36.15,-3.2));
#2232=VECTOR('',#2233,1.);
#2233=DIRECTION('',(0.,0.,1.));
#2234=CARTESIAN_POINT('',(-9.24999999999998,36.35,-3.2));
#2235=CARTESIAN_POINT('',(-9.24999999999999,36.15,-3.2));
#2236=VECTOR('',#2237,1.);
#2237=DIRECTION('',(8.88178419700113E-15,1.,0.));
#2238=CARTESIAN_POINT('',(-9.24999999999998,36.35,-3.2));
#2239=VECTOR('',#2240,1.);
#2240=DIRECTION('',(0.,0.,1.));
#2241=CARTESIAN_POINT('',(-9.24999999999998,36.35,-3.2));
#2242=VECTOR('',#2243,1.);
#2243=DIRECTION('',(-1.,0.,0.));
#2244=CARTESIAN_POINT('',(-9.,2.20436423846524E-15,64.));
#2245=AXIS2_PLACEMENT_3D('',#2246,#2247,#2248);
#2246=CARTESIAN_POINT('',(0.,0.,64.));
#2247=DIRECTION('',(0.,0.,1.));
#2248=DIRECTION('',(-1.,1.22464679914735E-16,0.));
#2249=CARTESIAN_POINT('',(-9.,1.61920188791758E-15,4.80992643093631));
#2250=AXIS2_PLACEMENT_3D('',#2251,#2252,#2253);
#2251=CARTESIAN_POINT('',(0.,0.,4.80992643093631));
#2252=DIRECTION('',(0.,0.,1.));
#2253=DIRECTION('',(-1.,1.22464679914735E-16,0.));
#2254=CARTESIAN_POINT('',(-9.,1.61920188791758E-15,1.37982278702237));
#2255=AXIS2_PLACEMENT_3D('',#2256,#2257,#2258);
#2256=CARTESIAN_POINT('',(0.,0.,1.37982278702237));
#2257=DIRECTION('',(0.,0.,1.));
#2258=DIRECTION('',(-1.,1.22464679914735E-16,0.));
#2259=CARTESIAN_POINT('',(-9.,2.20436423846524E-15,1.));
#2260=AXIS2_PLACEMENT_3D('',#2261,#2262,#2263);
#2261=CARTESIAN_POINT('',(0.,0.,1.));
#2262=DIRECTION('',(0.,0.,1.));
#2263=DIRECTION('',(-1.,1.22464679914735E-16,0.));
#2264=CARTESIAN_POINT('',(-8.83310708016368,4.29572642813699E-16,3.66655854963166));
#2265=AXIS2_PLACEMENT_3D('',#2266,#2267,#2268);
#2266=CARTESIAN_POINT('',(0.,0.,3.66655854963166));
#2267=DIRECTION('',(0.,0.,1.));
#2268=DIRECTION('',(-1.,-1.40093740112742E-16,0.));
#2269=CARTESIAN_POINT('',(-8.83310708016368,4.29572642813699E-16,2.52319066832702));
#2270=AXIS2_PLACEMENT_3D('',#2271,#2272,#2273);
#2271=CARTESIAN_POINT('',(0.,0.,2.52319066832702));
#2272=DIRECTION('',(0.,0.,1.));
#2273=DIRECTION('',(-1.,-1.40093740112742E-16,0.));
#2274=CARTESIAN_POINT('',(-8.,1.95943487863576E-15,0.));
#2275=AXIS2_PLACEMENT_3D('',#2276,#2277,#2278);
#2276=CARTESIAN_POINT('',(0.,0.,0.));
#2277=DIRECTION('',(0.,0.,1.));
#2278=DIRECTION('',(-1.,1.22464679914735E-16,0.));
#2279=CARTESIAN_POINT('',(-5.,-6.12323399573677E-16,0.));
#2280=AXIS2_PLACEMENT_3D('',#2281,#2282,#2283);
#2281=CARTESIAN_POINT('',(0.,0.,0.));
#2282=DIRECTION('',(0.,0.,-1.));
#2283=DIRECTION('',(-1.,0.,0.));
#2284=CARTESIAN_POINT('',(-8.,1.95943487863576E-15,65.1));
#2285=AXIS2_PLACEMENT_3D('',#2286,#2287,#2288);
#2286=CARTESIAN_POINT('',(0.,0.,65.1));
#2287=DIRECTION('',(0.,0.,1.));
#2288=DIRECTION('',(-1.,1.22464679914735E-16,0.));
#2289=CARTESIAN_POINT('',(-8.,1.95943487863576E-15,65.));
#2290=AXIS2_PLACEMENT_3D('',#2291,#2292,#2293);
#2291=CARTESIAN_POINT('',(0.,0.,65.));
#2292=DIRECTION('',(0.,0.,1.));
#2293=DIRECTION('',(-1.,1.22464679914735E-16,0.));
#2294=CARTESIAN_POINT('',(-5.,-6.12323399573677E-16,-0.1));
#2295=AXIS2_PLACEMENT_3D('',#2296,#2297,#2298);
#2296=CARTESIAN_POINT('',(0.,0.,-0.1));
#2297=DIRECTION('',(0.,0.,-1.));
#2298=DIRECTION('',(-1.,0.,0.));
ENDSEC;
END-ISO-10303-21;
