ISO-10303-21;
HEADER;
FILE_DESCRIPTION(('STEP AP242'),
    '1');
FILE_NAME('трафарет',
    '',
    ('UNSPECIFIED'),
    ('UNSPECIFIED'),
    'C3D Converter',
    'C3D Toolkit',
    '');
FILE_SCHEMA(('AP242_MANAGED_MODEL_BASED_3D_ENGINEERING_MIM_LF { 1 0 10303 442 1 1 4 }'));
ENDSEC;

DATA;
#1=PRODUCT_DEFINITION('','UNSPECIFIED',#28,#31);
#2=SHAPE_DEFINITION_REPRESENTATION(#26,#3);
#3=SHAPE_REPRESENTATION('NONE',(#4),#8);
#4=AXIS2_PLACEMENT_3D('',#5,#6,#7);
#5=CARTESIAN_POINT('',(0.,0.,0.));
#6=DIRECTION('',(0.,0.,1.));
#7=DIRECTION('',(1.,0.,0.));
#8=(GEOMETRIC_REPRESENTATION_CONTEXT(3)GLOBAL_UNCERTAINTY_ASSIGNED_CONTEXT((#10))
GLOBAL_UNIT_ASSIGNED_CONTEXT((#9,#11,#12))REPRESENTATION_CONTEXT('NONE','NONE'));
#9=(LENGTH_UNIT()NAMED_UNIT(*)SI_UNIT(.MILLI.,.METRE.));
#10=UNCERTAINTY_MEASURE_WITH_UNIT(LENGTH_MEASURE(1.E-5),#9,'NONE','NONE');
#11=(NAMED_UNIT(*)PLANE_ANGLE_UNIT()SI_UNIT($,.RADIAN.));
#12=(NAMED_UNIT(*)SI_UNIT($,.STERADIAN.)SOLID_ANGLE_UNIT());
#13=MANIFOLD_SOLID_BREP('',#14);
#14=CLOSED_SHELL('',(#53,#54,#55,#56,#57,#58,#59,#60,#61,#62,#63,#64,#65,#66,#67,
#68,#69,#70,#71,#72,#73,#74,#75,#76,#77,#78,#79,#80,#81,#82,#83,#84,#85,#86,#87,
#88,#89,#90,#91,#92,#93,#94,#95,#96,#97,#98,#99,#100,#101,#102,#103,#104,#105,#106,
#107,#108,#109,#110,#111,#112,#113,#114,#115,#116,#117,#118,#119,#120,#121,#122,
#123,#124,#125,#126,#127,#128,#129,#130,#131,#132,#133,#134,#135,#136,#137,#138,
#139,#140,#141,#142,#143,#144,#145,#146,#147,#148,#149,#150,#151,#152,#153,#154,
#155,#156,#157,#158,#159,#160,#161,#162,#163,#164,#165,#166,#167,#168,#169,#170,
#171,#172,#173,#174,#175,#176,#177,#178,#179,#180,#181,#182,#183,#184,#185,#186,
#187,#188,#189,#190,#191,#192,#193,#194,#195,#196,#197,#198,#199,#200,#201,#202,
#203,#204,#205,#206,#207,#208,#209,#210,#211,#212,#213,#214,#215,#216,#217,#218,
#219,#220,#221,#222,#223,#224,#225,#226,#227,#228,#229,#230,#231,#232,#233,#234,
#235,#236,#237,#238,#239,#240,#241,#242,#243,#244,#245,#246,#247,#248,#249,#250,
#251,#252,#253,#254,#255,#256,#257,#258,#259,#260,#261,#262,#263,#264,#265,#266,
#267,#268,#269,#270,#271,#272,#273,#274,#275,#276,#277));
#15=COLOUR_RGB('',0.564705882352941,0.564705882352941,0.564705882352941);
#16=FILL_AREA_STYLE_COLOUR('',#15);
#17=FILL_AREA_STYLE($,(#16));
#18=SURFACE_STYLE_FILL_AREA(#17);
#19=SURFACE_SIDE_STYLE('',(#18));
#20=SURFACE_STYLE_USAGE(.BOTH.,#19);
#21=PRESENTATION_STYLE_ASSIGNMENT((#20));
#22=MECHANICAL_DESIGN_GEOMETRIC_PRESENTATION_REPRESENTATION('NONE',(#23),#8);
#23=STYLED_ITEM('',(#21),#13);
#24=ADVANCED_BREP_SHAPE_REPRESENTATION('NONE',(#13),#8);
#25=SHAPE_REPRESENTATION_RELATIONSHIP('','',#3,#24);
#26=PRODUCT_DEFINITION_SHAPE('NONE','NONE',#1);
#27=MECHANICAL_CONTEXT('NONE',#32,'mechanical');
#28=PRODUCT_DEFINITION_FORMATION_WITH_SPECIFIED_SOURCE('ANY','UNSPECIFIED',#29,.NOT_KNOWN.);
#29=PRODUCT('','\X2\0414043504420430043B044C\X0\','NONE',(#27));
#30=PRODUCT_RELATED_PRODUCT_CATEGORY('detail','',(#29));
#31=DESIGN_CONTEXT('detailed design',#32,'design');
#32=APPLICATION_CONTEXT('configuration controlled 3d designs of mechanical parts and assemblies');
#33=APPLICATION_PROTOCOL_DEFINITION('international standard','config_control_design',
1994,#32);
#34=CC_DESIGN_DATE_AND_TIME_ASSIGNMENT(#35,#39,(#1));
#35=DATE_AND_TIME(#36,#37);
#36=CALENDAR_DATE(0,1,1);
#37=LOCAL_TIME(0,0,0.,#38);
#38=COORDINATED_UNIVERSAL_TIME_OFFSET(0,0,.AHEAD.);
#39=DATE_TIME_ROLE('creation_date');
#40=CC_DESIGN_APPROVAL(#41,(#1));
#41=APPROVAL(#42,'UNSPECIFIED');
#42=APPROVAL_STATUS('not_yet_approved');
#43=APPROVAL_DATE_TIME(#44,#41);
#44=DATE_AND_TIME(#45,#46);
#45=CALENDAR_DATE(0,1,1);
#46=LOCAL_TIME(0,0,0.,#47);
#47=COORDINATED_UNIVERSAL_TIME_OFFSET(0,0,.AHEAD.);
#48=PERSON('UNSPECIFIED','io','UNSPECIFIED',('UNSPECIFIED'),('UNSPECIFIED'),('UNSPECIFIED'));
#49=ORGANIZATION('UNSPECIFIED','UNSPECIFIED','UNSPECIFIED');
#50=PERSON_AND_ORGANIZATION(#48,#49);
#51=PERSON_AND_ORGANIZATION_ROLE('creator');
#52=CC_DESIGN_PERSON_AND_ORGANIZATION_ASSIGNMENT(#50,#51,(#28,#1));
#53=ADVANCED_FACE('',(#278,#280,#282,#284,#286,#288,#290,#292,#294,#296,#298,#300,
#302,#304,#306,#308,#310,#312,#314,#316,#318,#320,#322,#324,#326,#328,#330,#332,
#334,#336,#338,#340,#342,#344,#346,#348,#350,#352,#354,#356,#358,#360,#362,#364,
#366,#368,#370,#372,#374),#376,.F.);
#54=ADVANCED_FACE('',(#381,#383,#385,#387,#389,#391,#393,#395,#397,#399,#401,#403,
#405,#407,#409,#411,#413,#415,#417,#419,#421,#423,#425,#427,#429,#431,#433,#435,
#437,#439,#441,#443,#445,#447,#449,#451,#453,#455,#457,#459,#461,#463,#465,#467,
#469,#471,#473,#475,#477),#479,.T.);
#55=ADVANCED_FACE('',(#484),#486,.F.);
#56=ADVANCED_FACE('',(#491),#493,.F.);
#57=ADVANCED_FACE('',(#498),#500,.F.);
#58=ADVANCED_FACE('',(#505),#507,.F.);
#59=ADVANCED_FACE('',(#512),#514,.F.);
#60=ADVANCED_FACE('',(#519),#521,.F.);
#61=ADVANCED_FACE('',(#526),#528,.F.);
#62=ADVANCED_FACE('',(#533),#535,.F.);
#63=ADVANCED_FACE('',(#540),#542,.F.);
#64=ADVANCED_FACE('',(#547),#549,.F.);
#65=ADVANCED_FACE('',(#554),#556,.F.);
#66=ADVANCED_FACE('',(#561),#563,.F.);
#67=ADVANCED_FACE('',(#568),#570,.F.);
#68=ADVANCED_FACE('',(#575),#577,.F.);
#69=ADVANCED_FACE('',(#582),#584,.F.);
#70=ADVANCED_FACE('',(#589),#591,.F.);
#71=ADVANCED_FACE('',(#596),#598,.F.);
#72=ADVANCED_FACE('',(#603),#605,.F.);
#73=ADVANCED_FACE('',(#610),#612,.F.);
#74=ADVANCED_FACE('',(#617),#619,.F.);
#75=ADVANCED_FACE('',(#624),#626,.F.);
#76=ADVANCED_FACE('',(#631),#633,.F.);
#77=ADVANCED_FACE('',(#638),#640,.F.);
#78=ADVANCED_FACE('',(#645),#647,.F.);
#79=ADVANCED_FACE('',(#652),#654,.F.);
#80=ADVANCED_FACE('',(#659),#661,.F.);
#81=ADVANCED_FACE('',(#666),#668,.F.);
#82=ADVANCED_FACE('',(#673),#675,.F.);
#83=ADVANCED_FACE('',(#680),#682,.F.);
#84=ADVANCED_FACE('',(#687),#689,.F.);
#85=ADVANCED_FACE('',(#694),#696,.F.);
#86=ADVANCED_FACE('',(#701),#703,.F.);
#87=ADVANCED_FACE('',(#708),#710,.F.);
#88=ADVANCED_FACE('',(#715),#717,.F.);
#89=ADVANCED_FACE('',(#722),#724,.F.);
#90=ADVANCED_FACE('',(#729),#731,.F.);
#91=ADVANCED_FACE('',(#736),#738,.F.);
#92=ADVANCED_FACE('',(#743),#745,.F.);
#93=ADVANCED_FACE('',(#750),#752,.F.);
#94=ADVANCED_FACE('',(#757),#759,.F.);
#95=ADVANCED_FACE('',(#764),#766,.F.);
#96=ADVANCED_FACE('',(#771),#773,.F.);
#97=ADVANCED_FACE('',(#778),#780,.F.);
#98=ADVANCED_FACE('',(#785),#787,.F.);
#99=ADVANCED_FACE('',(#792),#794,.F.);
#100=ADVANCED_FACE('',(#799),#801,.F.);
#101=ADVANCED_FACE('',(#806),#808,.F.);
#102=ADVANCED_FACE('',(#813),#815,.F.);
#103=ADVANCED_FACE('',(#820),#822,.F.);
#104=ADVANCED_FACE('',(#827),#829,.F.);
#105=ADVANCED_FACE('',(#834),#836,.F.);
#106=ADVANCED_FACE('',(#841),#843,.F.);
#107=ADVANCED_FACE('',(#848),#850,.F.);
#108=ADVANCED_FACE('',(#855),#857,.F.);
#109=ADVANCED_FACE('',(#862),#864,.F.);
#110=ADVANCED_FACE('',(#869),#871,.F.);
#111=ADVANCED_FACE('',(#876),#878,.F.);
#112=ADVANCED_FACE('',(#883),#885,.F.);
#113=ADVANCED_FACE('',(#890),#892,.F.);
#114=ADVANCED_FACE('',(#897),#899,.F.);
#115=ADVANCED_FACE('',(#904),#906,.F.);
#116=ADVANCED_FACE('',(#911),#913,.F.);
#117=ADVANCED_FACE('',(#918),#920,.F.);
#118=ADVANCED_FACE('',(#925),#927,.F.);
#119=ADVANCED_FACE('',(#932),#934,.F.);
#120=ADVANCED_FACE('',(#939),#941,.F.);
#121=ADVANCED_FACE('',(#946),#948,.F.);
#122=ADVANCED_FACE('',(#953),#955,.F.);
#123=ADVANCED_FACE('',(#960),#962,.F.);
#124=ADVANCED_FACE('',(#967),#969,.F.);
#125=ADVANCED_FACE('',(#974),#976,.F.);
#126=ADVANCED_FACE('',(#981),#983,.F.);
#127=ADVANCED_FACE('',(#988),#990,.F.);
#128=ADVANCED_FACE('',(#995),#997,.F.);
#129=ADVANCED_FACE('',(#1002),#1004,.F.);
#130=ADVANCED_FACE('',(#1009),#1011,.F.);
#131=ADVANCED_FACE('',(#1016),#1018,.F.);
#132=ADVANCED_FACE('',(#1023),#1025,.F.);
#133=ADVANCED_FACE('',(#1030),#1032,.F.);
#134=ADVANCED_FACE('',(#1037),#1039,.F.);
#135=ADVANCED_FACE('',(#1044),#1046,.F.);
#136=ADVANCED_FACE('',(#1051),#1053,.F.);
#137=ADVANCED_FACE('',(#1058),#1060,.F.);
#138=ADVANCED_FACE('',(#1065),#1067,.F.);
#139=ADVANCED_FACE('',(#1072),#1074,.F.);
#140=ADVANCED_FACE('',(#1079),#1081,.F.);
#141=ADVANCED_FACE('',(#1086),#1088,.F.);
#142=ADVANCED_FACE('',(#1093),#1095,.F.);
#143=ADVANCED_FACE('',(#1100),#1102,.F.);
#144=ADVANCED_FACE('',(#1107),#1109,.F.);
#145=ADVANCED_FACE('',(#1114),#1116,.F.);
#146=ADVANCED_FACE('',(#1121),#1123,.F.);
#147=ADVANCED_FACE('',(#1128),#1130,.F.);
#148=ADVANCED_FACE('',(#1135),#1137,.F.);
#149=ADVANCED_FACE('',(#1142),#1144,.F.);
#150=ADVANCED_FACE('',(#1149),#1151,.F.);
#151=ADVANCED_FACE('',(#1156),#1158,.F.);
#152=ADVANCED_FACE('',(#1163),#1165,.F.);
#153=ADVANCED_FACE('',(#1170),#1172,.F.);
#154=ADVANCED_FACE('',(#1177),#1179,.F.);
#155=ADVANCED_FACE('',(#1184),#1186,.F.);
#156=ADVANCED_FACE('',(#1191),#1193,.F.);
#157=ADVANCED_FACE('',(#1198),#1200,.F.);
#158=ADVANCED_FACE('',(#1205),#1207,.F.);
#159=ADVANCED_FACE('',(#1212),#1214,.F.);
#160=ADVANCED_FACE('',(#1219),#1221,.F.);
#161=ADVANCED_FACE('',(#1226),#1228,.F.);
#162=ADVANCED_FACE('',(#1233),#1235,.F.);
#163=ADVANCED_FACE('',(#1240),#1242,.F.);
#164=ADVANCED_FACE('',(#1247),#1249,.F.);
#165=ADVANCED_FACE('',(#1254),#1256,.F.);
#166=ADVANCED_FACE('',(#1261),#1263,.F.);
#167=ADVANCED_FACE('',(#1268),#1270,.F.);
#168=ADVANCED_FACE('',(#1275),#1277,.F.);
#169=ADVANCED_FACE('',(#1282),#1284,.F.);
#170=ADVANCED_FACE('',(#1289),#1291,.F.);
#171=ADVANCED_FACE('',(#1296),#1298,.F.);
#172=ADVANCED_FACE('',(#1303),#1305,.F.);
#173=ADVANCED_FACE('',(#1310),#1312,.F.);
#174=ADVANCED_FACE('',(#1317),#1319,.F.);
#175=ADVANCED_FACE('',(#1324),#1326,.F.);
#176=ADVANCED_FACE('',(#1331),#1333,.F.);
#177=ADVANCED_FACE('',(#1338),#1340,.F.);
#178=ADVANCED_FACE('',(#1345),#1347,.F.);
#179=ADVANCED_FACE('',(#1352),#1354,.F.);
#180=ADVANCED_FACE('',(#1359),#1361,.F.);
#181=ADVANCED_FACE('',(#1366),#1368,.F.);
#182=ADVANCED_FACE('',(#1373),#1375,.F.);
#183=ADVANCED_FACE('',(#1380),#1382,.F.);
#184=ADVANCED_FACE('',(#1387),#1389,.F.);
#185=ADVANCED_FACE('',(#1394),#1396,.F.);
#186=ADVANCED_FACE('',(#1401),#1403,.F.);
#187=ADVANCED_FACE('',(#1408),#1410,.F.);
#188=ADVANCED_FACE('',(#1415),#1417,.F.);
#189=ADVANCED_FACE('',(#1422),#1424,.F.);
#190=ADVANCED_FACE('',(#1429),#1431,.F.);
#191=ADVANCED_FACE('',(#1436),#1438,.F.);
#192=ADVANCED_FACE('',(#1443),#1445,.F.);
#193=ADVANCED_FACE('',(#1450),#1452,.F.);
#194=ADVANCED_FACE('',(#1457),#1459,.F.);
#195=ADVANCED_FACE('',(#1464),#1466,.F.);
#196=ADVANCED_FACE('',(#1471),#1473,.F.);
#197=ADVANCED_FACE('',(#1478),#1480,.F.);
#198=ADVANCED_FACE('',(#1485),#1487,.F.);
#199=ADVANCED_FACE('',(#1492),#1494,.F.);
#200=ADVANCED_FACE('',(#1499),#1501,.F.);
#201=ADVANCED_FACE('',(#1506),#1508,.F.);
#202=ADVANCED_FACE('',(#1513),#1515,.F.);
#203=ADVANCED_FACE('',(#1520),#1522,.F.);
#204=ADVANCED_FACE('',(#1527),#1529,.F.);
#205=ADVANCED_FACE('',(#1534),#1536,.F.);
#206=ADVANCED_FACE('',(#1541),#1543,.F.);
#207=ADVANCED_FACE('',(#1548),#1550,.F.);
#208=ADVANCED_FACE('',(#1555),#1557,.F.);
#209=ADVANCED_FACE('',(#1562),#1564,.F.);
#210=ADVANCED_FACE('',(#1569),#1571,.F.);
#211=ADVANCED_FACE('',(#1576),#1578,.F.);
#212=ADVANCED_FACE('',(#1583),#1585,.F.);
#213=ADVANCED_FACE('',(#1590),#1592,.F.);
#214=ADVANCED_FACE('',(#1597),#1599,.F.);
#215=ADVANCED_FACE('',(#1604),#1606,.F.);
#216=ADVANCED_FACE('',(#1611),#1613,.F.);
#217=ADVANCED_FACE('',(#1618),#1620,.F.);
#218=ADVANCED_FACE('',(#1625),#1627,.F.);
#219=ADVANCED_FACE('',(#1632),#1634,.F.);
#220=ADVANCED_FACE('',(#1639),#1641,.F.);
#221=ADVANCED_FACE('',(#1646),#1648,.F.);
#222=ADVANCED_FACE('',(#1653),#1655,.F.);
#223=ADVANCED_FACE('',(#1660),#1662,.F.);
#224=ADVANCED_FACE('',(#1667),#1669,.F.);
#225=ADVANCED_FACE('',(#1674),#1676,.F.);
#226=ADVANCED_FACE('',(#1681),#1683,.F.);
#227=ADVANCED_FACE('',(#1688),#1690,.F.);
#228=ADVANCED_FACE('',(#1695),#1697,.F.);
#229=ADVANCED_FACE('',(#1702),#1704,.F.);
#230=ADVANCED_FACE('',(#1709),#1711,.F.);
#231=ADVANCED_FACE('',(#1716),#1718,.F.);
#232=ADVANCED_FACE('',(#1723),#1725,.F.);
#233=ADVANCED_FACE('',(#1730),#1732,.F.);
#234=ADVANCED_FACE('',(#1737),#1739,.F.);
#235=ADVANCED_FACE('',(#1744),#1746,.F.);
#236=ADVANCED_FACE('',(#1751),#1753,.F.);
#237=ADVANCED_FACE('',(#1758),#1760,.F.);
#238=ADVANCED_FACE('',(#1765),#1767,.F.);
#239=ADVANCED_FACE('',(#1772),#1774,.F.);
#240=ADVANCED_FACE('',(#1779),#1781,.F.);
#241=ADVANCED_FACE('',(#1786),#1788,.F.);
#242=ADVANCED_FACE('',(#1793),#1795,.F.);
#243=ADVANCED_FACE('',(#1800),#1802,.F.);
#244=ADVANCED_FACE('',(#1807),#1809,.F.);
#245=ADVANCED_FACE('',(#1814),#1816,.F.);
#246=ADVANCED_FACE('',(#1821),#1823,.F.);
#247=ADVANCED_FACE('',(#1828),#1830,.F.);
#248=ADVANCED_FACE('',(#1835),#1837,.F.);
#249=ADVANCED_FACE('',(#1842),#1844,.F.);
#250=ADVANCED_FACE('',(#1849),#1851,.F.);
#251=ADVANCED_FACE('',(#1856),#1858,.F.);
#252=ADVANCED_FACE('',(#1863),#1865,.F.);
#253=ADVANCED_FACE('',(#1870),#1872,.F.);
#254=ADVANCED_FACE('',(#1877),#1879,.F.);
#255=ADVANCED_FACE('',(#1884),#1886,.F.);
#256=ADVANCED_FACE('',(#1891),#1893,.F.);
#257=ADVANCED_FACE('',(#1898),#1900,.F.);
#258=ADVANCED_FACE('',(#1905),#1907,.F.);
#259=ADVANCED_FACE('',(#1912),#1914,.F.);
#260=ADVANCED_FACE('',(#1919),#1921,.F.);
#261=ADVANCED_FACE('',(#1926),#1928,.F.);
#262=ADVANCED_FACE('',(#1933),#1935,.F.);
#263=ADVANCED_FACE('',(#1940),#1942,.F.);
#264=ADVANCED_FACE('',(#1947),#1949,.F.);
#265=ADVANCED_FACE('',(#1954),#1956,.F.);
#266=ADVANCED_FACE('',(#1961),#1963,.F.);
#267=ADVANCED_FACE('',(#1968),#1970,.F.);
#268=ADVANCED_FACE('',(#1975),#1977,.F.);
#269=ADVANCED_FACE('',(#1982),#1984,.F.);
#270=ADVANCED_FACE('',(#1989),#1991,.F.);
#271=ADVANCED_FACE('',(#1996),#1998,.F.);
#272=ADVANCED_FACE('',(#2003),#2005,.F.);
#273=ADVANCED_FACE('',(#2010),#2012,.F.);
#274=ADVANCED_FACE('',(#2017),#2019,.T.);
#275=ADVANCED_FACE('',(#2024),#2026,.T.);
#276=ADVANCED_FACE('',(#2031),#2033,.T.);
#277=ADVANCED_FACE('',(#2038),#2040,.T.);
#278=FACE_BOUND('',#279,.T.);
#279=EDGE_LOOP('',(#2045,#2046,#2047,#2048));
#280=FACE_BOUND('',#281,.T.);
#281=EDGE_LOOP('',(#2049,#2050,#2051,#2052));
#282=FACE_BOUND('',#283,.T.);
#283=EDGE_LOOP('',(#2053,#2054,#2055,#2056,#2057,#2058,#2059,#2060));
#284=FACE_BOUND('',#285,.T.);
#285=EDGE_LOOP('',(#2061,#2062,#2063,#2064));
#286=FACE_BOUND('',#287,.T.);
#287=EDGE_LOOP('',(#2065,#2066,#2067,#2068,#2069,#2070,#2071,#2072,#2073,#2074,#2075,
#2076));
#288=FACE_BOUND('',#289,.T.);
#289=EDGE_LOOP('',(#2077,#2078,#2079,#2080,#2081,#2082,#2083,#2084,#2085,#2086));
#290=FACE_BOUND('',#291,.T.);
#291=EDGE_LOOP('',(#2087,#2088,#2089,#2090,#2091,#2092,#2093,#2094,#2095,#2096));
#292=FACE_BOUND('',#293,.T.);
#293=EDGE_LOOP('',(#2097,#2098,#2099,#2100,#2101,#2102,#2103));
#294=FACE_BOUND('',#295,.T.);
#295=EDGE_LOOP('',(#2104,#2105,#2106,#2107));
#296=FACE_BOUND('',#297,.T.);
#297=EDGE_LOOP('',(#2108,#2109,#2110,#2111));
#298=FACE_BOUND('',#299,.T.);
#299=EDGE_LOOP('',(#2112,#2113,#2114,#2115));
#300=FACE_BOUND('',#301,.T.);
#301=EDGE_LOOP('',(#2116,#2117,#2118,#2119));
#302=FACE_BOUND('',#303,.T.);
#303=EDGE_LOOP('',(#2120,#2121,#2122,#2123));
#304=FACE_BOUND('',#305,.T.);
#305=EDGE_LOOP('',(#2124,#2125,#2126,#2127));
#306=FACE_BOUND('',#307,.T.);
#307=EDGE_LOOP('',(#2128,#2129,#2130,#2131));
#308=FACE_BOUND('',#309,.T.);
#309=EDGE_LOOP('',(#2132,#2133,#2134,#2135));
#310=FACE_BOUND('',#311,.T.);
#311=EDGE_LOOP('',(#2136,#2137,#2138,#2139));
#312=FACE_BOUND('',#313,.T.);
#313=EDGE_LOOP('',(#2140,#2141,#2142,#2143));
#314=FACE_BOUND('',#315,.T.);
#315=EDGE_LOOP('',(#2144,#2145,#2146,#2147));
#316=FACE_BOUND('',#317,.T.);
#317=EDGE_LOOP('',(#2148,#2149,#2150,#2151));
#318=FACE_BOUND('',#319,.T.);
#319=EDGE_LOOP('',(#2152,#2153,#2154,#2155));
#320=FACE_BOUND('',#321,.T.);
#321=EDGE_LOOP('',(#2156,#2157,#2158,#2159));
#322=FACE_BOUND('',#323,.T.);
#323=EDGE_LOOP('',(#2160,#2161,#2162,#2163));
#324=FACE_BOUND('',#325,.T.);
#325=EDGE_LOOP('',(#2164,#2165,#2166,#2167));
#326=FACE_BOUND('',#327,.T.);
#327=EDGE_LOOP('',(#2168,#2169,#2170,#2171));
#328=FACE_BOUND('',#329,.T.);
#329=EDGE_LOOP('',(#2172,#2173,#2174,#2175));
#330=FACE_BOUND('',#331,.T.);
#331=EDGE_LOOP('',(#2176,#2177,#2178,#2179));
#332=FACE_BOUND('',#333,.T.);
#333=EDGE_LOOP('',(#2180,#2181,#2182,#2183));
#334=FACE_BOUND('',#335,.T.);
#335=EDGE_LOOP('',(#2184,#2185,#2186,#2187));
#336=FACE_BOUND('',#337,.T.);
#337=EDGE_LOOP('',(#2188,#2189,#2190,#2191));
#338=FACE_BOUND('',#339,.T.);
#339=EDGE_LOOP('',(#2192,#2193,#2194,#2195));
#340=FACE_BOUND('',#341,.T.);
#341=EDGE_LOOP('',(#2196,#2197,#2198,#2199));
#342=FACE_BOUND('',#343,.T.);
#343=EDGE_LOOP('',(#2200,#2201,#2202,#2203));
#344=FACE_BOUND('',#345,.T.);
#345=EDGE_LOOP('',(#2204,#2205,#2206,#2207));
#346=FACE_BOUND('',#347,.T.);
#347=EDGE_LOOP('',(#2208,#2209,#2210,#2211));
#348=FACE_BOUND('',#349,.T.);
#349=EDGE_LOOP('',(#2212,#2213,#2214,#2215));
#350=FACE_BOUND('',#351,.T.);
#351=EDGE_LOOP('',(#2216,#2217,#2218,#2219));
#352=FACE_BOUND('',#353,.T.);
#353=EDGE_LOOP('',(#2220,#2221,#2222,#2223));
#354=FACE_BOUND('',#355,.T.);
#355=EDGE_LOOP('',(#2224,#2225,#2226,#2227));
#356=FACE_BOUND('',#357,.T.);
#357=EDGE_LOOP('',(#2228,#2229,#2230,#2231));
#358=FACE_BOUND('',#359,.T.);
#359=EDGE_LOOP('',(#2232,#2233,#2234,#2235));
#360=FACE_BOUND('',#361,.T.);
#361=EDGE_LOOP('',(#2236,#2237,#2238,#2239));
#362=FACE_BOUND('',#363,.T.);
#363=EDGE_LOOP('',(#2240,#2241,#2242,#2243));
#364=FACE_BOUND('',#365,.T.);
#365=EDGE_LOOP('',(#2244,#2245,#2246,#2247));
#366=FACE_BOUND('',#367,.T.);
#367=EDGE_LOOP('',(#2248,#2249,#2250,#2251));
#368=FACE_BOUND('',#369,.T.);
#369=EDGE_LOOP('',(#2252,#2253,#2254,#2255));
#370=FACE_BOUND('',#371,.T.);
#371=EDGE_LOOP('',(#2256,#2257,#2258,#2259));
#372=FACE_BOUND('',#373,.T.);
#373=EDGE_LOOP('',(#2260,#2261,#2262,#2263));
#374=FACE_BOUND('',#375,.T.);
#375=EDGE_LOOP('',(#2264,#2265,#2266,#2267));
#376=PLANE('',#377);
#377=AXIS2_PLACEMENT_3D('',#378,#379,#380);
#378=CARTESIAN_POINT('',(0.,0.,0.));
#379=DIRECTION('',(0.,1.,6.12323399573677E-17));
#380=DIRECTION('',(6.12323399573677E-17,6.12323399573677E-17,-1.));
#381=FACE_BOUND('',#382,.T.);
#382=EDGE_LOOP('',(#2268,#2269,#2270,#2271));
#383=FACE_BOUND('',#384,.T.);
#384=EDGE_LOOP('',(#2272,#2273,#2274,#2275));
#385=FACE_BOUND('',#386,.T.);
#386=EDGE_LOOP('',(#2276,#2277,#2278,#2279,#2280,#2281,#2282,#2283));
#387=FACE_BOUND('',#388,.T.);
#388=EDGE_LOOP('',(#2284,#2285,#2286,#2287));
#389=FACE_BOUND('',#390,.T.);
#390=EDGE_LOOP('',(#2288,#2289,#2290,#2291,#2292,#2293,#2294,#2295,#2296,#2297,#2298,
#2299));
#391=FACE_BOUND('',#392,.T.);
#392=EDGE_LOOP('',(#2300,#2301,#2302,#2303,#2304,#2305,#2306,#2307,#2308,#2309));
#393=FACE_BOUND('',#394,.T.);
#394=EDGE_LOOP('',(#2310,#2311,#2312,#2313,#2314,#2315,#2316,#2317,#2318,#2319));
#395=FACE_BOUND('',#396,.T.);
#396=EDGE_LOOP('',(#2320,#2321,#2322,#2323,#2324,#2325,#2326));
#397=FACE_BOUND('',#398,.T.);
#398=EDGE_LOOP('',(#2327,#2328,#2329,#2330));
#399=FACE_BOUND('',#400,.T.);
#400=EDGE_LOOP('',(#2331,#2332,#2333,#2334));
#401=FACE_BOUND('',#402,.T.);
#402=EDGE_LOOP('',(#2335,#2336,#2337,#2338));
#403=FACE_BOUND('',#404,.T.);
#404=EDGE_LOOP('',(#2339,#2340,#2341,#2342));
#405=FACE_BOUND('',#406,.T.);
#406=EDGE_LOOP('',(#2343,#2344,#2345,#2346));
#407=FACE_BOUND('',#408,.T.);
#408=EDGE_LOOP('',(#2347,#2348,#2349,#2350));
#409=FACE_BOUND('',#410,.T.);
#410=EDGE_LOOP('',(#2351,#2352,#2353,#2354));
#411=FACE_BOUND('',#412,.T.);
#412=EDGE_LOOP('',(#2355,#2356,#2357,#2358));
#413=FACE_BOUND('',#414,.T.);
#414=EDGE_LOOP('',(#2359,#2360,#2361,#2362));
#415=FACE_BOUND('',#416,.T.);
#416=EDGE_LOOP('',(#2363,#2364,#2365,#2366));
#417=FACE_BOUND('',#418,.T.);
#418=EDGE_LOOP('',(#2367,#2368,#2369,#2370));
#419=FACE_BOUND('',#420,.T.);
#420=EDGE_LOOP('',(#2371,#2372,#2373,#2374));
#421=FACE_BOUND('',#422,.T.);
#422=EDGE_LOOP('',(#2375,#2376,#2377,#2378));
#423=FACE_BOUND('',#424,.T.);
#424=EDGE_LOOP('',(#2379,#2380,#2381,#2382));
#425=FACE_BOUND('',#426,.T.);
#426=EDGE_LOOP('',(#2383,#2384,#2385,#2386));
#427=FACE_BOUND('',#428,.T.);
#428=EDGE_LOOP('',(#2387,#2388,#2389,#2390));
#429=FACE_BOUND('',#430,.T.);
#430=EDGE_LOOP('',(#2391,#2392,#2393,#2394));
#431=FACE_BOUND('',#432,.T.);
#432=EDGE_LOOP('',(#2395,#2396,#2397,#2398));
#433=FACE_BOUND('',#434,.T.);
#434=EDGE_LOOP('',(#2399,#2400,#2401,#2402));
#435=FACE_BOUND('',#436,.T.);
#436=EDGE_LOOP('',(#2403,#2404,#2405,#2406));
#437=FACE_BOUND('',#438,.T.);
#438=EDGE_LOOP('',(#2407,#2408,#2409,#2410));
#439=FACE_BOUND('',#440,.T.);
#440=EDGE_LOOP('',(#2411,#2412,#2413,#2414));
#441=FACE_BOUND('',#442,.T.);
#442=EDGE_LOOP('',(#2415,#2416,#2417,#2418));
#443=FACE_BOUND('',#444,.T.);
#444=EDGE_LOOP('',(#2419,#2420,#2421,#2422));
#445=FACE_BOUND('',#446,.T.);
#446=EDGE_LOOP('',(#2423,#2424,#2425,#2426));
#447=FACE_BOUND('',#448,.T.);
#448=EDGE_LOOP('',(#2427,#2428,#2429,#2430));
#449=FACE_BOUND('',#450,.T.);
#450=EDGE_LOOP('',(#2431,#2432,#2433,#2434));
#451=FACE_BOUND('',#452,.T.);
#452=EDGE_LOOP('',(#2435,#2436,#2437,#2438));
#453=FACE_BOUND('',#454,.T.);
#454=EDGE_LOOP('',(#2439,#2440,#2441,#2442));
#455=FACE_BOUND('',#456,.T.);
#456=EDGE_LOOP('',(#2443,#2444,#2445,#2446));
#457=FACE_BOUND('',#458,.T.);
#458=EDGE_LOOP('',(#2447,#2448,#2449,#2450));
#459=FACE_BOUND('',#460,.T.);
#460=EDGE_LOOP('',(#2451,#2452,#2453,#2454));
#461=FACE_BOUND('',#462,.T.);
#462=EDGE_LOOP('',(#2455,#2456,#2457,#2458));
#463=FACE_BOUND('',#464,.T.);
#464=EDGE_LOOP('',(#2459,#2460,#2461,#2462));
#465=FACE_BOUND('',#466,.T.);
#466=EDGE_LOOP('',(#2463,#2464,#2465,#2466));
#467=FACE_BOUND('',#468,.T.);
#468=EDGE_LOOP('',(#2467,#2468,#2469,#2470));
#469=FACE_BOUND('',#470,.T.);
#470=EDGE_LOOP('',(#2471,#2472,#2473,#2474));
#471=FACE_BOUND('',#472,.T.);
#472=EDGE_LOOP('',(#2475,#2476,#2477,#2478));
#473=FACE_BOUND('',#474,.T.);
#474=EDGE_LOOP('',(#2479,#2480,#2481,#2482));
#475=FACE_BOUND('',#476,.T.);
#476=EDGE_LOOP('',(#2483,#2484,#2485,#2486));
#477=FACE_BOUND('',#478,.T.);
#478=EDGE_LOOP('',(#2487,#2488,#2489,#2490));
#479=PLANE('',#480);
#480=AXIS2_PLACEMENT_3D('',#481,#482,#483);
#481=CARTESIAN_POINT('',(0.,0.8,4.89858719658941E-17));
#482=DIRECTION('',(0.,1.,6.12323399573677E-17));
#483=DIRECTION('',(6.12323399573677E-17,6.12323399573677E-17,-1.));
#484=FACE_BOUND('',#485,.T.);
#485=EDGE_LOOP('',(#2491,#2492,#2493,#2494));
#486=PLANE('',#487);
#487=AXIS2_PLACEMENT_3D('',#488,#489,#490);
#488=CARTESIAN_POINT('',(19.70613625184,1.4071359065244E-15,-22.9802732919255));
#489=DIRECTION('',(0.,0.,-1.));
#490=DIRECTION('',(-1.,0.,0.));
#491=FACE_BOUND('',#492,.T.);
#492=EDGE_LOOP('',(#2495,#2496,#2497,#2498));
#493=PLANE('',#494);
#494=AXIS2_PLACEMENT_3D('',#495,#496,#497);
#495=CARTESIAN_POINT('',(19.70613625184,1.33074228706355E-15,-21.7326708074534));
#496=DIRECTION('',(1.,0.,0.));
#497=DIRECTION('',(0.,6.12323399573676E-17,-1.));
#498=FACE_BOUND('',#499,.T.);
#499=EDGE_LOOP('',(#2499,#2500,#2501,#2502));
#500=PLANE('',#501);
#501=AXIS2_PLACEMENT_3D('',#502,#503,#504);
#502=CARTESIAN_POINT('',(18.56665801376,1.33074228706355E-15,-21.7326708074534));
#503=DIRECTION('',(0.,0.,1.));
#504=DIRECTION('',(1.,0.,0.));
#505=FACE_BOUND('',#506,.T.);
#506=EDGE_LOOP('',(#2503,#2504,#2505,#2506));
#507=PLANE('',#508);
#508=AXIS2_PLACEMENT_3D('',#509,#510,#511);
#509=CARTESIAN_POINT('',(18.56665801376,1.4071359065244E-15,-22.9802732919255));
#510=DIRECTION('',(-1.,0.,0.));
#511=DIRECTION('',(0.,-6.12323399573676E-17,1.));
#512=FACE_BOUND('',#513,.T.);
#513=EDGE_LOOP('',(#2507,#2508,#2509,#2510));
#514=PLANE('',#515);
#515=AXIS2_PLACEMENT_3D('',#516,#517,#518);
#516=CARTESIAN_POINT('',(21.79368900512,1.4071359065244E-15,-22.9802732919255));
#517=DIRECTION('',(0.,0.,-1.));
#518=DIRECTION('',(-1.,0.,0.));
#519=FACE_BOUND('',#520,.T.);
#520=EDGE_LOOP('',(#2511,#2512,#2513,#2514));
#521=PLANE('',#522);
#522=AXIS2_PLACEMENT_3D('',#523,#524,#525);
#523=CARTESIAN_POINT('',(21.79368900512,1.33074228706355E-15,-21.7326708074534));
#524=DIRECTION('',(1.,0.,0.));
#525=DIRECTION('',(0.,6.12323399573676E-17,-1.));
#526=FACE_BOUND('',#527,.T.);
#527=EDGE_LOOP('',(#2515,#2516,#2517,#2518));
#528=PLANE('',#529);
#529=AXIS2_PLACEMENT_3D('',#530,#531,#532);
#530=CARTESIAN_POINT('',(20.65421076704,1.33074228706355E-15,-21.7326708074534));
#531=DIRECTION('',(0.,0.,1.));
#532=DIRECTION('',(1.,0.,0.));
#533=FACE_BOUND('',#534,.T.);
#534=EDGE_LOOP('',(#2519,#2520,#2521,#2522));
#535=PLANE('',#536);
#536=AXIS2_PLACEMENT_3D('',#537,#538,#539);
#537=CARTESIAN_POINT('',(20.65421076704,1.4071359065244E-15,-22.9802732919255));
#538=DIRECTION('',(-1.,0.,0.));
#539=DIRECTION('',(0.,-6.12323399573676E-17,1.));
#540=FACE_BOUND('',#541,.T.);
#541=EDGE_LOOP('',(#2523,#2524,#2525,#2526));
#542=PLANE('',#543);
#543=AXIS2_PLACEMENT_3D('',#544,#545,#546);
#544=CARTESIAN_POINT('',(19.27264557728,-8.55883589068697E-17,1.39776397515528));
#545=DIRECTION('',(0.,0.,-1.));
#546=DIRECTION('',(-1.,0.,0.));
#547=FACE_BOUND('',#548,.T.);
#548=EDGE_LOOP('',(#2527,#2528,#2529,#2530));
#549=PLANE('',#550);
#550=AXIS2_PLACEMENT_3D('',#551,#552,#553);
#551=CARTESIAN_POINT('',(19.27264557728,-1.75077331966552E-16,2.8592298136646));
#552=DIRECTION('',(1.,0.,0.));
#553=DIRECTION('',(0.,6.12323399573676E-17,-1.));
#554=FACE_BOUND('',#555,.T.);
#555=EDGE_LOOP('',(#2531,#2532,#2533,#2534));
#556=PLANE('',#557);
#557=AXIS2_PLACEMENT_3D('',#558,#559,#560);
#558=CARTESIAN_POINT('',(18.24278224384,-1.75077331966552E-16,2.8592298136646));
#559=DIRECTION('',(0.,0.,1.));
#560=DIRECTION('',(1.,0.,0.));
#561=FACE_BOUND('',#562,.T.);
#562=EDGE_LOOP('',(#2535,#2536,#2537,#2538));
#563=PLANE('',#564);
#564=AXIS2_PLACEMENT_3D('',#565,#566,#567);
#565=CARTESIAN_POINT('',(18.24278224384,-8.55883589068697E-17,1.39776397515528));
#566=DIRECTION('',(-1.,0.,0.));
#567=DIRECTION('',(0.,-6.12323399573676E-17,1.));
#568=FACE_BOUND('',#569,.T.);
#569=EDGE_LOOP('',(#2539,#2540,#2541,#2542));
#570=PLANE('',#571);
#571=AXIS2_PLACEMENT_3D('',#572,#573,#574);
#572=CARTESIAN_POINT('',(21.36019833056,-8.55883589068697E-17,1.39776397515528));
#573=DIRECTION('',(0.,0.,-1.));
#574=DIRECTION('',(-1.,0.,0.));
#575=FACE_BOUND('',#576,.T.);
#576=EDGE_LOOP('',(#2543,#2544,#2545,#2546));
#577=PLANE('',#578);
#578=AXIS2_PLACEMENT_3D('',#579,#580,#581);
#579=CARTESIAN_POINT('',(21.36019833056,-1.75077331966552E-16,2.8592298136646));
#580=DIRECTION('',(1.,0.,0.));
#581=DIRECTION('',(0.,6.12323399573677E-17,-1.));
#582=FACE_BOUND('',#583,.T.);
#583=EDGE_LOOP('',(#2547,#2548,#2549,#2550));
#584=PLANE('',#585);
#585=AXIS2_PLACEMENT_3D('',#586,#587,#588);
#586=CARTESIAN_POINT('',(20.33033499712,-1.75077331966552E-16,2.8592298136646));
#587=DIRECTION('',(0.,0.,1.));
#588=DIRECTION('',(1.,0.,0.));
#589=FACE_BOUND('',#590,.T.);
#590=EDGE_LOOP('',(#2551,#2552,#2553,#2554));
#591=PLANE('',#592);
#592=AXIS2_PLACEMENT_3D('',#593,#594,#595);
#593=CARTESIAN_POINT('',(20.33033499712,-8.55883589068697E-17,1.39776397515528));
#594=DIRECTION('',(-1.,0.,0.));
#595=DIRECTION('',(0.,-6.12323399573677E-17,1.));
#596=FACE_BOUND('',#597,.T.);
#597=EDGE_LOOP('',(#2555,#2556,#2557,#2558));
#598=PLANE('',#599);
#599=AXIS2_PLACEMENT_3D('',#600,#601,#602);
#600=CARTESIAN_POINT('',(-2.5997515008,6.90785987539917E-16,-11.2813913043478));
#601=DIRECTION('',(0.,0.,1.));
#602=DIRECTION('',(1.,0.,0.));
#603=FACE_BOUND('',#604,.T.);
#604=EDGE_LOOP('',(#2559,#2560,#2561,#2562));
#605=PLANE('',#606);
#606=AXIS2_PLACEMENT_3D('',#607,#608,#609);
#607=CARTESIAN_POINT('',(-2.5997515008,7.65938225897531E-16,-12.5087204968944));
#608=DIRECTION('',(-1.,0.,0.));
#609=DIRECTION('',(0.,-6.12323399573677E-17,1.));
#610=FACE_BOUND('',#611,.T.);
#611=EDGE_LOOP('',(#2563,#2564,#2565,#2566));
#612=PLANE('',#613);
#613=AXIS2_PLACEMENT_3D('',#614,#615,#616);
#614=CARTESIAN_POINT('',(-1.9736645568,7.65938225897531E-16,-12.5087204968944));
#615=DIRECTION('',(0.,0.,-1.));
#616=DIRECTION('',(-1.,0.,0.));
#617=FACE_BOUND('',#618,.T.);
#618=EDGE_LOOP('',(#2567,#2568,#2569,#2570));
#619=PLANE('',#620);
#620=AXIS2_PLACEMENT_3D('',#621,#622,#623);
#621=CARTESIAN_POINT('',(-1.9736645568,6.90785987539917E-16,-11.2813913043478));
#622=DIRECTION('',(1.,0.,0.));
#623=DIRECTION('',(0.,6.12323399573677E-17,-1.));
#624=FACE_BOUND('',#625,.T.);
#625=EDGE_LOOP('',(#2571,#2572,#2573,#2574));
#626=PLANE('',#627);
#627=AXIS2_PLACEMENT_3D('',#628,#629,#630);
#628=CARTESIAN_POINT('',(-3.8872048912,6.87755557199667E-16,-11.231900621118));
#629=DIRECTION('',(0.,0.,1.));
#630=DIRECTION('',(1.,0.,0.));
#631=FACE_BOUND('',#632,.T.);
#632=EDGE_LOOP('',(#2575,#2576,#2577,#2578));
#633=PLANE('',#634);
#634=AXIS2_PLACEMENT_3D('',#635,#636,#637);
#635=CARTESIAN_POINT('',(-3.8872048912,7.68968656237782E-16,-12.5582111801242));
#636=DIRECTION('',(-1.,0.,0.));
#637=DIRECTION('',(0.,-6.12323399573676E-17,1.));
#638=FACE_BOUND('',#639,.T.);
#639=EDGE_LOOP('',(#2579,#2580,#2581,#2582));
#640=PLANE('',#641);
#641=AXIS2_PLACEMENT_3D('',#642,#643,#644);
#642=CARTESIAN_POINT('',(-3.21063347616,7.68968656237782E-16,-12.5582111801242));
#643=DIRECTION('',(0.,0.,-1.));
#644=DIRECTION('',(-1.,0.,0.));
#645=FACE_BOUND('',#646,.T.);
#646=EDGE_LOOP('',(#2583,#2584,#2585,#2586));
#647=PLANE('',#648);
#648=AXIS2_PLACEMENT_3D('',#649,#650,#651);
#649=CARTESIAN_POINT('',(-3.21063347616,6.87755557199667E-16,-11.231900621118));
#650=DIRECTION('',(1.,0.,0.));
#651=DIRECTION('',(0.,6.12323399573676E-17,-1.));
#652=FACE_BOUND('',#653,.T.);
#653=EDGE_LOOP('',(#2587,#2588,#2589,#2590));
#654=PLANE('',#655);
#655=AXIS2_PLACEMENT_3D('',#656,#657,#658);
#656=CARTESIAN_POINT('',(-5.1493166672,6.87755557199667E-16,-11.231900621118));
#657=DIRECTION('',(0.,0.,1.));
#658=DIRECTION('',(1.,0.,0.));
#659=FACE_BOUND('',#660,.T.);
#660=EDGE_LOOP('',(#2591,#2592,#2593,#2594));
#661=PLANE('',#662);
#662=AXIS2_PLACEMENT_3D('',#663,#664,#665);
#663=CARTESIAN_POINT('',(-5.1493166672,7.68968656237782E-16,-12.5582111801242));
#664=DIRECTION('',(-1.,0.,0.));
#665=DIRECTION('',(0.,-6.12323399573676E-17,1.));
#666=FACE_BOUND('',#667,.T.);
#667=EDGE_LOOP('',(#2595,#2596,#2597,#2598));
#668=PLANE('',#669);
#669=AXIS2_PLACEMENT_3D('',#670,#671,#672);
#670=CARTESIAN_POINT('',(-4.47274525216,7.68968656237782E-16,-12.5582111801242));
#671=DIRECTION('',(0.,0.,-1.));
#672=DIRECTION('',(-1.,0.,0.));
#673=FACE_BOUND('',#674,.T.);
#674=EDGE_LOOP('',(#2599,#2600,#2601,#2602));
#675=PLANE('',#676);
#676=AXIS2_PLACEMENT_3D('',#677,#678,#679);
#677=CARTESIAN_POINT('',(-4.47274525216,6.87755557199667E-16,-11.231900621118));
#678=DIRECTION('',(1.,0.,0.));
#679=DIRECTION('',(0.,6.12323399573676E-17,-1.));
#680=FACE_BOUND('',#681,.T.);
#681=EDGE_LOOP('',(#2603,#2604,#2605,#2606));
#682=PLANE('',#683);
#683=AXIS2_PLACEMENT_3D('',#684,#685,#686);
#684=CARTESIAN_POINT('',(-1.36288196032,3.61284497451814E-16,-5.90022360248447));
#685=DIRECTION('',(0.,0.,1.));
#686=DIRECTION('',(1.,0.,0.));
#687=FACE_BOUND('',#688,.T.);
#688=EDGE_LOOP('',(#2607,#2608,#2609,#2610));
#689=PLANE('',#690);
#690=AXIS2_PLACEMENT_3D('',#691,#692,#693);
#691=CARTESIAN_POINT('',(-1.36288196032,4.42497596489928E-16,-7.22653416149068));
#692=DIRECTION('',(-1.,0.,0.));
#693=DIRECTION('',(0.,-6.12323399573676E-17,1.));
#694=FACE_BOUND('',#695,.T.);
#695=EDGE_LOOP('',(#2611,#2612,#2613,#2614));
#696=PLANE('',#697);
#697=AXIS2_PLACEMENT_3D('',#698,#699,#700);
#698=CARTESIAN_POINT('',(-0.686310545279999,4.42497596489928E-16,-7.22653416149068));
#699=DIRECTION('',(0.,0.,-1.));
#700=DIRECTION('',(-1.,0.,0.));
#701=FACE_BOUND('',#702,.T.);
#702=EDGE_LOOP('',(#2615,#2616,#2617,#2618));
#703=PLANE('',#704);
#704=AXIS2_PLACEMENT_3D('',#705,#706,#707);
#705=CARTESIAN_POINT('',(-0.68631054528,3.61284497451814E-16,-5.90022360248447));
#706=DIRECTION('',(1.,-6.84227765783602E-49,8.37076216491131E-17));
#707=DIRECTION('',(8.37076216491131E-17,6.12323399573676E-17,-1.));
#708=FACE_BOUND('',#709,.T.);
#709=EDGE_LOOP('',(#2619,#2620,#2621,#2622));
#710=PLANE('',#711);
#711=AXIS2_PLACEMENT_3D('',#712,#713,#714);
#712=CARTESIAN_POINT('',(-2.62499373632,3.61284497451814E-16,-5.90022360248447));
#713=DIRECTION('',(0.,0.,1.));
#714=DIRECTION('',(1.,0.,0.));
#715=FACE_BOUND('',#716,.T.);
#716=EDGE_LOOP('',(#2623,#2624,#2625,#2626));
#717=PLANE('',#718);
#718=AXIS2_PLACEMENT_3D('',#719,#720,#721);
#719=CARTESIAN_POINT('',(-2.62499373632,4.42497596489928E-16,-7.22653416149068));
#720=DIRECTION('',(-1.,0.,0.));
#721=DIRECTION('',(0.,-6.12323399573676E-17,1.));
#722=FACE_BOUND('',#723,.T.);
#723=EDGE_LOOP('',(#2627,#2628,#2629,#2630));
#724=PLANE('',#725);
#725=AXIS2_PLACEMENT_3D('',#726,#727,#728);
#726=CARTESIAN_POINT('',(-1.94842232128,4.42497596489928E-16,-7.22653416149068));
#727=DIRECTION('',(0.,0.,-1.));
#728=DIRECTION('',(-1.,0.,0.));
#729=FACE_BOUND('',#730,.T.);
#730=EDGE_LOOP('',(#2631,#2632,#2633,#2634));
#731=PLANE('',#732);
#732=AXIS2_PLACEMENT_3D('',#733,#734,#735);
#733=CARTESIAN_POINT('',(-1.94842232128,3.61284497451814E-16,-5.90022360248447));
#734=DIRECTION('',(1.,0.,0.));
#735=DIRECTION('',(0.,6.12323399573676E-17,-1.));
#736=FACE_BOUND('',#737,.T.);
#737=EDGE_LOOP('',(#2635,#2636,#2637,#2638));
#738=PLANE('',#739);
#739=AXIS2_PLACEMENT_3D('',#740,#741,#742);
#740=CARTESIAN_POINT('',(-3.8872048912,3.61284497451814E-16,-5.90022360248447));
#741=DIRECTION('',(0.,0.,1.));
#742=DIRECTION('',(1.,0.,0.));
#743=FACE_BOUND('',#744,.T.);
#744=EDGE_LOOP('',(#2639,#2640,#2641,#2642));
#745=PLANE('',#746);
#746=AXIS2_PLACEMENT_3D('',#747,#748,#749);
#747=CARTESIAN_POINT('',(-3.8872048912,4.42497596489928E-16,-7.22653416149068));
#748=DIRECTION('',(-1.,0.,0.));
#749=DIRECTION('',(0.,-6.12323399573676E-17,1.));
#750=FACE_BOUND('',#751,.T.);
#751=EDGE_LOOP('',(#2643,#2644,#2645,#2646));
#752=PLANE('',#753);
#753=AXIS2_PLACEMENT_3D('',#754,#755,#756);
#754=CARTESIAN_POINT('',(-3.21063347616,4.42497596489928E-16,-7.22653416149068));
#755=DIRECTION('',(0.,0.,-1.));
#756=DIRECTION('',(-1.,0.,0.));
#757=FACE_BOUND('',#758,.T.);
#758=EDGE_LOOP('',(#2647,#2648,#2649,#2650));
#759=PLANE('',#760);
#760=AXIS2_PLACEMENT_3D('',#761,#762,#763);
#761=CARTESIAN_POINT('',(-3.21063347616,3.61284497451814E-16,-5.90022360248447));
#762=DIRECTION('',(1.,0.,0.));
#763=DIRECTION('',(0.,6.12323399573676E-17,-1.));
#764=FACE_BOUND('',#765,.T.);
#765=EDGE_LOOP('',(#2651,#2652,#2653,#2654));
#766=PLANE('',#767);
#767=AXIS2_PLACEMENT_3D('',#768,#769,#770);
#768=CARTESIAN_POINT('',(-18.36342820416,5.22365865999538E-16,-8.53088198757764));
#769=DIRECTION('',(1.,0.,0.));
#770=DIRECTION('',(0.,6.12323399573677E-17,-1.));
#771=FACE_BOUND('',#772,.T.);
#772=EDGE_LOOP('',(#2655,#2656,#2657,#2658));
#773=PLANE('',#774);
#774=AXIS2_PLACEMENT_3D('',#775,#776,#777);
#775=CARTESIAN_POINT('',(-19.7823598528,5.22365865999538E-16,-8.53088198757764));
#776=DIRECTION('',(0.,0.,1.));
#777=DIRECTION('',(1.,0.,0.));
#778=FACE_BOUND('',#779,.T.);
#779=EDGE_LOOP('',(#2659,#2660,#2661,#2662));
#780=PLANE('',#781);
#781=AXIS2_PLACEMENT_3D('',#782,#783,#784);
#782=CARTESIAN_POINT('',(-19.7823598528,5.94372055188659E-16,-9.70683229813665));
#783=DIRECTION('',(-1.,0.,0.));
#784=DIRECTION('',(0.,-6.12323399573677E-17,1.));
#785=FACE_BOUND('',#786,.T.);
#786=EDGE_LOOP('',(#2663,#2664,#2665,#2666));
#787=PLANE('',#788);
#788=AXIS2_PLACEMENT_3D('',#789,#790,#791);
#789=CARTESIAN_POINT('',(-18.36342820416,5.94372055188659E-16,-9.70683229813665));
#790=DIRECTION('',(0.,0.,-1.));
#791=DIRECTION('',(-1.,0.,0.));
#792=FACE_BOUND('',#793,.T.);
#793=EDGE_LOOP('',(#2667,#2668,#2669,#2670));
#794=PLANE('',#795);
#795=AXIS2_PLACEMENT_3D('',#796,#797,#798);
#796=CARTESIAN_POINT('',(-7.9980122624,2.97231666605478E-16,-4.85416149068323));
#797=DIRECTION('',(1.,0.,0.));
#798=DIRECTION('',(0.,6.12323399573677E-17,-1.));
#799=FACE_BOUND('',#800,.T.);
#800=EDGE_LOOP('',(#2671,#2672,#2673,#2674));
#801=PLANE('',#802);
#802=AXIS2_PLACEMENT_3D('',#803,#804,#805);
#803=CARTESIAN_POINT('',(-9.16501845024,2.97231666605478E-16,-4.85416149068323));
#804=DIRECTION('',(0.,0.,1.));
#805=DIRECTION('',(1.,0.,0.));
#806=FACE_BOUND('',#807,.T.);
#807=EDGE_LOOP('',(#2675,#2676,#2677,#2678));
#808=PLANE('',#809);
#809=AXIS2_PLACEMENT_3D('',#810,#811,#812);
#810=CARTESIAN_POINT('',(-9.16501845024,3.8478554559247E-16,-6.2840248447205));
#811=DIRECTION('',(-1.,0.,0.));
#812=DIRECTION('',(0.,-6.12323399573677E-17,1.));
#813=FACE_BOUND('',#814,.T.);
#814=EDGE_LOOP('',(#2679,#2680,#2681,#2682));
#815=PLANE('',#816);
#816=AXIS2_PLACEMENT_3D('',#817,#818,#819);
#817=CARTESIAN_POINT('',(-7.9980122624,3.8478554559247E-16,-6.2840248447205));
#818=DIRECTION('',(0.,0.,-1.));
#819=DIRECTION('',(-1.,0.,0.));
#820=FACE_BOUND('',#821,.T.);
#821=EDGE_LOOP('',(#2683,#2684,#2685,#2686));
#822=PLANE('',#823);
#823=AXIS2_PLACEMENT_3D('',#824,#825,#826);
#824=CARTESIAN_POINT('',(-6.01023590464,3.8478554559247E-16,-6.2840248447205));
#825=DIRECTION('',(0.,0.,-1.));
#826=DIRECTION('',(-1.,4.22445132490245E-32,0.));
#827=FACE_BOUND('',#828,.T.);
#828=EDGE_LOOP('',(#2687,#2688,#2689,#2690));
#829=PLANE('',#830);
#830=AXIS2_PLACEMENT_3D('',#831,#832,#833);
#831=CARTESIAN_POINT('',(-6.01023590464,2.97231666605478E-16,-4.85416149068323));
#832=DIRECTION('',(1.,0.,0.));
#833=DIRECTION('',(0.,6.12323399573677E-17,-1.));
#834=FACE_BOUND('',#835,.T.);
#835=EDGE_LOOP('',(#2691,#2692,#2693,#2694));
#836=PLANE('',#837);
#837=AXIS2_PLACEMENT_3D('',#838,#839,#840);
#838=CARTESIAN_POINT('',(-7.17734147136,2.97231666605478E-16,-4.85416149068323));
#839=DIRECTION('',(0.,0.,1.));
#840=DIRECTION('',(1.,-4.22445132490245E-32,0.));
#841=FACE_BOUND('',#842,.T.);
#842=EDGE_LOOP('',(#2695,#2696,#2697,#2698));
#843=PLANE('',#844);
#844=AXIS2_PLACEMENT_3D('',#845,#846,#847);
#845=CARTESIAN_POINT('',(-7.17734147136,3.8478554559247E-16,-6.2840248447205));
#846=DIRECTION('',(-1.,0.,0.));
#847=DIRECTION('',(0.,-6.12323399573677E-17,1.));
#848=FACE_BOUND('',#849,.T.);
#849=EDGE_LOOP('',(#2699,#2700,#2701,#2702));
#850=PLANE('',#851);
#851=AXIS2_PLACEMENT_3D('',#852,#853,#854);
#852=CARTESIAN_POINT('',(-7.9980122624,4.2088296081007E-16,-6.87354037267081));
#853=DIRECTION('',(1.,0.,6.21163146249132E-16));
#854=DIRECTION('',(6.21163146249132E-16,6.12323399573677E-17,-1.));
#855=FACE_BOUND('',#856,.T.);
#856=EDGE_LOOP('',(#2703,#2704,#2705,#2706));
#857=PLANE('',#858);
#858=AXIS2_PLACEMENT_3D('',#859,#860,#861);
#859=CARTESIAN_POINT('',(-9.16501845024,4.2088296081007E-16,-6.87354037267081));
#860=DIRECTION('',(0.,0.,1.));
#861=DIRECTION('',(1.,0.,0.));
#862=FACE_BOUND('',#863,.T.);
#863=EDGE_LOOP('',(#2707,#2708,#2709,#2710));
#864=PLANE('',#865);
#865=AXIS2_PLACEMENT_3D('',#866,#867,#868);
#866=CARTESIAN_POINT('',(-9.16501845024,5.08436839797062E-16,-8.30340372670807));
#867=DIRECTION('',(-1.,0.,0.));
#868=DIRECTION('',(0.,-6.12323399573677E-17,1.));
#869=FACE_BOUND('',#870,.T.);
#870=EDGE_LOOP('',(#2711,#2712,#2713,#2714));
#871=PLANE('',#872);
#872=AXIS2_PLACEMENT_3D('',#873,#874,#875);
#873=CARTESIAN_POINT('',(-7.9980122624,5.08436839797062E-16,-8.30340372670807));
#874=DIRECTION('',(0.,0.,-1.));
#875=DIRECTION('',(-1.,0.,0.));
#876=FACE_BOUND('',#877,.T.);
#877=EDGE_LOOP('',(#2715,#2716,#2717,#2718));
#878=PLANE('',#879);
#879=AXIS2_PLACEMENT_3D('',#880,#881,#882);
#880=CARTESIAN_POINT('',(-6.01023590464,5.08436839797062E-16,-8.30340372670807));
#881=DIRECTION('',(0.,0.,-1.));
#882=DIRECTION('',(-1.,0.,0.));
#883=FACE_BOUND('',#884,.T.);
#884=EDGE_LOOP('',(#2719,#2720,#2721,#2722));
#885=PLANE('',#886);
#886=AXIS2_PLACEMENT_3D('',#887,#888,#889);
#887=CARTESIAN_POINT('',(-6.01023590464,4.2088296081007E-16,-6.87354037267081));
#888=DIRECTION('',(1.,5.47382212626882E-48,6.21163146249132E-16));
#889=DIRECTION('',(6.21163146249132E-16,6.12323399573677E-17,-1.));
#890=FACE_BOUND('',#891,.T.);
#891=EDGE_LOOP('',(#2723,#2724,#2725,#2726));
#892=PLANE('',#893);
#893=AXIS2_PLACEMENT_3D('',#894,#895,#896);
#894=CARTESIAN_POINT('',(-7.17734147136,4.2088296081007E-16,-6.87354037267081));
#895=DIRECTION('',(0.,0.,1.));
#896=DIRECTION('',(1.,-4.22445132490245E-32,0.));
#897=FACE_BOUND('',#898,.T.);
#898=EDGE_LOOP('',(#2727,#2728,#2729,#2730));
#899=PLANE('',#900);
#900=AXIS2_PLACEMENT_3D('',#901,#902,#903);
#901=CARTESIAN_POINT('',(-7.17734147136,5.08436839797062E-16,-8.30340372670807));
#902=DIRECTION('',(-1.,5.47382212626882E-48,-6.21163146249132E-16));
#903=DIRECTION('',(-6.21163146249132E-16,-6.12323399573676E-17,1.));
#904=FACE_BOUND('',#905,.T.);
#905=EDGE_LOOP('',(#2731,#2732,#2733,#2734));
#906=PLANE('',#907);
#907=AXIS2_PLACEMENT_3D('',#908,#909,#910);
#908=CARTESIAN_POINT('',(-8.01411164096,-4.48935739662589E-16,7.33167701863354));
#909=DIRECTION('',(0.,0.,-1.));
#910=DIRECTION('',(-1.,0.,0.));
#911=FACE_BOUND('',#912,.T.);
#912=EDGE_LOOP('',(#2735,#2736,#2737,#2738));
#913=PLANE('',#914);
#914=AXIS2_PLACEMENT_3D('',#915,#916,#917);
#915=CARTESIAN_POINT('',(-8.01411164096,-5.2094192885171E-16,8.50762732919254));
#916=DIRECTION('',(1.,0.,0.));
#917=DIRECTION('',(0.,6.12323399573676E-17,-1.));
#918=FACE_BOUND('',#919,.T.);
#919=EDGE_LOOP('',(#2739,#2740,#2741,#2742));
#920=PLANE('',#921);
#921=AXIS2_PLACEMENT_3D('',#922,#923,#924);
#922=CARTESIAN_POINT('',(-9.4330432896,-5.2094192885171E-16,8.50762732919254));
#923=DIRECTION('',(0.,0.,1.));
#924=DIRECTION('',(1.,0.,0.));
#925=FACE_BOUND('',#926,.T.);
#926=EDGE_LOOP('',(#2743,#2744,#2745,#2746));
#927=PLANE('',#928);
#928=AXIS2_PLACEMENT_3D('',#929,#930,#931);
#929=CARTESIAN_POINT('',(-9.4330432896,-4.48935739662589E-16,7.33167701863354));
#930=DIRECTION('',(-1.,0.,0.));
#931=DIRECTION('',(0.,-6.12323399573676E-17,1.));
#932=FACE_BOUND('',#933,.T.);
#933=EDGE_LOOP('',(#2747,#2748,#2749,#2750));
#934=PLANE('',#935);
#935=AXIS2_PLACEMENT_3D('',#936,#937,#938);
#936=CARTESIAN_POINT('',(-9.4330432896,-3.27225624732173E-16,5.344));
#937=DIRECTION('',(-1.,0.,0.));
#938=DIRECTION('',(0.,-6.12323399573677E-17,1.));
#939=FACE_BOUND('',#940,.T.);
#940=EDGE_LOOP('',(#2751,#2752,#2753,#2754));
#941=PLANE('',#942);
#942=AXIS2_PLACEMENT_3D('',#943,#944,#945);
#943=CARTESIAN_POINT('',(-8.01411164096,-3.27225624732173E-16,5.344));
#944=DIRECTION('',(0.,0.,-1.));
#945=DIRECTION('',(-1.,0.,0.));
#946=FACE_BOUND('',#947,.T.);
#947=EDGE_LOOP('',(#2755,#2756,#2757,#2758));
#948=PLANE('',#949);
#949=AXIS2_PLACEMENT_3D('',#950,#951,#952);
#950=CARTESIAN_POINT('',(-8.01411164096,-3.99231813921294E-16,6.519950310559));
#951=DIRECTION('',(1.,0.,0.));
#952=DIRECTION('',(0.,6.12323399573677E-17,-1.));
#953=FACE_BOUND('',#954,.T.);
#954=EDGE_LOOP('',(#2759,#2760,#2761,#2762));
#955=PLANE('',#956);
#956=AXIS2_PLACEMENT_3D('',#957,#958,#959);
#957=CARTESIAN_POINT('',(-9.4330432896,-3.99231813921294E-16,6.519950310559));
#958=DIRECTION('',(0.,0.,1.));
#959=DIRECTION('',(1.,0.,0.));
#960=FACE_BOUND('',#961,.T.);
#961=EDGE_LOOP('',(#2763,#2764,#2765,#2766));
#962=PLANE('',#963);
#963=AXIS2_PLACEMENT_3D('',#964,#965,#966);
#964=CARTESIAN_POINT('',(-8.01411164096,-6.80781916296199E-16,11.1180124223602));
#965=DIRECTION('',(0.,0.,-1.));
#966=DIRECTION('',(-1.,0.,0.));
#967=FACE_BOUND('',#968,.T.);
#968=EDGE_LOOP('',(#2767,#2768,#2769,#2770));
#969=PLANE('',#970);
#970=AXIS2_PLACEMENT_3D('',#971,#972,#973);
#971=CARTESIAN_POINT('',(-8.01411164096,-7.52788105485321E-16,12.2939627329193));
#972=DIRECTION('',(1.,0.,0.));
#973=DIRECTION('',(0.,6.12323399573677E-17,-1.));
#974=FACE_BOUND('',#975,.T.);
#975=EDGE_LOOP('',(#2771,#2772,#2773,#2774));
#976=PLANE('',#977);
#977=AXIS2_PLACEMENT_3D('',#978,#979,#980);
#978=CARTESIAN_POINT('',(-9.4330432896,-7.52788105485321E-16,12.2939627329193));
#979=DIRECTION('',(0.,0.,1.));
#980=DIRECTION('',(1.,0.,0.));
#981=FACE_BOUND('',#982,.T.);
#982=EDGE_LOOP('',(#2775,#2776,#2777,#2778));
#983=PLANE('',#984);
#984=AXIS2_PLACEMENT_3D('',#985,#986,#987);
#985=CARTESIAN_POINT('',(-9.4330432896,-6.80781916296199E-16,11.1180124223602));
#986=DIRECTION('',(-1.,0.,0.));
#987=DIRECTION('',(0.,-6.12323399573677E-17,1.));
#988=FACE_BOUND('',#989,.T.);
#989=EDGE_LOOP('',(#2779,#2780,#2781,#2782));
#990=PLANE('',#991);
#991=AXIS2_PLACEMENT_3D('',#992,#993,#994);
#992=CARTESIAN_POINT('',(-9.40780105408,-5.60617442543341E-16,9.15557763975155));
#993=DIRECTION('',(-1.,0.,0.));
#994=DIRECTION('',(0.,-6.12323399573676E-17,1.));
#995=FACE_BOUND('',#996,.T.);
#996=EDGE_LOOP('',(#2783,#2784,#2785,#2786));
#997=PLANE('',#998);
#998=AXIS2_PLACEMENT_3D('',#999,#1000,#1001);
#999=CARTESIAN_POINT('',(-8.03935387648,-5.60617442543341E-16,9.15557763975155));
#1000=DIRECTION('',(0.,0.,-1.));
#1001=DIRECTION('',(-1.,0.,0.));
#1002=FACE_BOUND('',#1003,.T.);
#1003=EDGE_LOOP('',(#2787,#2788,#2789,#2790));
#1004=PLANE('',#1005);
#1005=AXIS2_PLACEMENT_3D('',#1006,#1007,#1008);
#1006=CARTESIAN_POINT('',(-8.03935387648,-6.29532349377347E-16,10.2810434782609));
#1007=DIRECTION('',(1.,0.,0.));
#1008=DIRECTION('',(0.,6.12323399573676E-17,-1.));
#1009=FACE_BOUND('',#1010,.T.);
#1010=EDGE_LOOP('',(#2791,#2792,#2793,#2794));
#1011=PLANE('',#1012);
#1012=AXIS2_PLACEMENT_3D('',#1013,#1014,#1015);
#1013=CARTESIAN_POINT('',(-9.40780105408,-6.29532349377347E-16,10.2810434782609));
#1014=DIRECTION('',(0.,0.,1.));
#1015=DIRECTION('',(1.,0.,0.));
#1016=FACE_BOUND('',#1017,.T.);
#1017=EDGE_LOOP('',(#2795,#2796,#2797,#2798));
#1018=PLANE('',#1019);
#1019=AXIS2_PLACEMENT_3D('',#1020,#1021,#1022);
#1020=CARTESIAN_POINT('',(-10.03349048256,-7.52788105485321E-16,12.2939627329193));
#1021=DIRECTION('',(1.,0.,0.));
#1022=DIRECTION('',(0.,6.12323399573677E-17,-1.));
#1023=FACE_BOUND('',#1024,.T.);
#1024=EDGE_LOOP('',(#2799,#2800,#2801,#2802));
#1025=PLANE('',#1026);
#1026=AXIS2_PLACEMENT_3D('',#1027,#1028,#1029);
#1027=CARTESIAN_POINT('',(-11.4524221312,-7.52788105485321E-16,12.2939627329193));
#1028=DIRECTION('',(0.,0.,1.));
#1029=DIRECTION('',(1.,0.,0.));
#1030=FACE_BOUND('',#1031,.T.);
#1031=EDGE_LOOP('',(#2803,#2804,#2805,#2806));
#1032=PLANE('',#1033);
#1033=AXIS2_PLACEMENT_3D('',#1034,#1035,#1036);
#1034=CARTESIAN_POINT('',(-11.4524221312,-6.80781916296199E-16,11.1180124223602));
#1035=DIRECTION('',(-1.,0.,0.));
#1036=DIRECTION('',(0.,-6.12323399573677E-17,1.));
#1037=FACE_BOUND('',#1038,.T.);
#1038=EDGE_LOOP('',(#2807,#2808,#2809,#2810));
#1039=PLANE('',#1040);
#1040=AXIS2_PLACEMENT_3D('',#1041,#1042,#1043);
#1041=CARTESIAN_POINT('',(-10.03349048256,-6.80781916296199E-16,11.1180124223602));
#1042=DIRECTION('',(0.,0.,-1.));
#1043=DIRECTION('',(-1.,0.,0.));
#1044=FACE_BOUND('',#1045,.T.);
#1045=EDGE_LOOP('',(#2811,#2812,#2813,#2814));
#1046=PLANE('',#1047);
#1047=AXIS2_PLACEMENT_3D('',#1048,#1049,#1050);
#1048=CARTESIAN_POINT('',(-8.17122965024,-8.40926163815011E-16,13.7333664596273));
#1049=DIRECTION('',(0.,0.,-1.));
#1050=DIRECTION('',(-1.,0.,0.));
#1051=FACE_BOUND('',#1052,.T.);
#1052=EDGE_LOOP('',(#2815,#2816,#2817,#2818));
#1053=PLANE('',#1054);
#1054=AXIS2_PLACEMENT_3D('',#1055,#1056,#1057);
#1055=CARTESIAN_POINT('',(-8.17122965024,-9.0618994975715E-16,14.7992049689441));
#1056=DIRECTION('',(1.,0.,1.6666285031669E-15));
#1057=DIRECTION('',(1.6666285031669E-15,6.12323399573676E-17,-1.));
#1058=FACE_BOUND('',#1059,.T.);
#1059=EDGE_LOOP('',(#2819,#2820,#2821,#2822));
#1060=PLANE('',#1061);
#1061=AXIS2_PLACEMENT_3D('',#1062,#1063,#1064);
#1062=CARTESIAN_POINT('',(-8.90226069152,-9.0618994975715E-16,14.7992049689441));
#1063=DIRECTION('',(0.,0.,1.));
#1064=DIRECTION('',(1.,0.,0.));
#1065=FACE_BOUND('',#1066,.T.);
#1066=EDGE_LOOP('',(#2823,#2824,#2825,#2826));
#1067=PLANE('',#1068);
#1068=AXIS2_PLACEMENT_3D('',#1069,#1070,#1071);
#1069=CARTESIAN_POINT('',(-8.90226069152,-8.40926163815011E-16,13.7333664596273));
#1070=DIRECTION('',(-1.,0.,-1.6666285031669E-15));
#1071=DIRECTION('',(-1.6666285031669E-15,-6.12323399573676E-17,1.));
#1072=FACE_BOUND('',#1073,.T.);
#1073=EDGE_LOOP('',(#2827,#2828,#2829,#2830));
#1074=PLANE('',#1075);
#1075=AXIS2_PLACEMENT_3D('',#1076,#1077,#1078);
#1076=CARTESIAN_POINT('',(-10.05932899136,-8.40926163815011E-16,13.7333664596273));
#1077=DIRECTION('',(0.,0.,-1.));
#1078=DIRECTION('',(-1.,0.,0.));
#1079=FACE_BOUND('',#1080,.T.);
#1080=EDGE_LOOP('',(#2831,#2832,#2833,#2834));
#1081=PLANE('',#1082);
#1082=AXIS2_PLACEMENT_3D('',#1083,#1084,#1085);
#1083=CARTESIAN_POINT('',(-10.05932899136,-9.0618994975715E-16,14.7992049689441));
#1084=DIRECTION('',(1.,0.,1.6666285031669E-15));
#1085=DIRECTION('',(1.6666285031669E-15,6.12323399573676E-17,-1.));
#1086=FACE_BOUND('',#1087,.T.);
#1087=EDGE_LOOP('',(#2835,#2836,#2837,#2838));
#1088=PLANE('',#1089);
#1089=AXIS2_PLACEMENT_3D('',#1090,#1091,#1092);
#1090=CARTESIAN_POINT('',(-10.79036003264,-9.0618994975715E-16,14.7992049689441));
#1091=DIRECTION('',(0.,0.,1.));
#1092=DIRECTION('',(1.,0.,0.));
#1093=FACE_BOUND('',#1094,.T.);
#1094=EDGE_LOOP('',(#2839,#2840,#2841,#2842));
#1095=PLANE('',#1096);
#1096=AXIS2_PLACEMENT_3D('',#1097,#1098,#1099);
#1097=CARTESIAN_POINT('',(-10.79036003264,-8.40926163815011E-16,13.7333664596273));
#1098=DIRECTION('',(-1.,0.,-1.6666285031669E-15));
#1099=DIRECTION('',(-1.6666285031669E-15,-6.12323399573676E-17,1.));
#1100=FACE_BOUND('',#1101,.T.);
#1101=EDGE_LOOP('',(#2843,#2844,#2845,#2846));
#1102=PLANE('',#1103);
#1103=AXIS2_PLACEMENT_3D('',#1104,#1105,#1106);
#1104=CARTESIAN_POINT('',(10.65182587392,-9.50551068593345E-16,15.5236770186335));
#1105=DIRECTION('',(0.,0.,-1.));
#1106=DIRECTION('',(-1.,0.,0.));
#1107=FACE_BOUND('',#1108,.T.);
#1108=EDGE_LOOP('',(#2847,#2848,#2849,#2850));
#1109=PLANE('',#1110);
#1110=AXIS2_PLACEMENT_3D('',#1111,#1112,#1113);
#1111=CARTESIAN_POINT('',(10.65182587392,-1.03944977710884E-15,16.9755031055901));
#1112=DIRECTION('',(1.,0.,0.));
#1113=DIRECTION('',(0.,6.12323399573676E-17,-1.));
#1114=FACE_BOUND('',#1115,.T.);
#1115=EDGE_LOOP('',(#2851,#2852,#2853,#2854));
#1116=PLANE('',#1117);
#1117=AXIS2_PLACEMENT_3D('',#1118,#1119,#1120);
#1118=CARTESIAN_POINT('',(9.25972652288,-1.03944977710884E-15,16.9755031055901));
#1119=DIRECTION('',(0.,0.,1.));
#1120=DIRECTION('',(1.,0.,0.));
#1121=FACE_BOUND('',#1122,.T.);
#1122=EDGE_LOOP('',(#2855,#2856,#2857,#2858));
#1123=PLANE('',#1124);
#1124=AXIS2_PLACEMENT_3D('',#1125,#1126,#1127);
#1125=CARTESIAN_POINT('',(9.25972652288,-9.50551068593345E-16,15.5236770186335));
#1126=DIRECTION('',(-1.,0.,0.));
#1127=DIRECTION('',(0.,-6.12323399573676E-17,1.));
#1128=FACE_BOUND('',#1129,.T.);
#1129=EDGE_LOOP('',(#2859,#2860,#2861,#2862));
#1130=PLANE('',#1131);
#1131=AXIS2_PLACEMENT_3D('',#1132,#1133,#1134);
#1132=CARTESIAN_POINT('',(9.25972652288,-8.28847038864415E-16,13.536099378882));
#1133=DIRECTION('',(-1.,-1.09476442525376E-47,-1.2236165591775E-15));
#1134=DIRECTION('',(-1.2236165591775E-15,-6.12323399573677E-17,1.));
#1135=FACE_BOUND('',#1136,.T.);
#1136=EDGE_LOOP('',(#2863,#2864,#2865,#2866));
#1137=PLANE('',#1138);
#1138=AXIS2_PLACEMENT_3D('',#1139,#1140,#1141);
#1139=CARTESIAN_POINT('',(10.65182587392,-8.28847038864415E-16,13.536099378882));
#1140=DIRECTION('',(0.,0.,-1.));
#1141=DIRECTION('',(-1.,0.,0.));
#1142=FACE_BOUND('',#1143,.T.);
#1143=EDGE_LOOP('',(#2867,#2868,#2869,#2870));
#1144=PLANE('',#1145);
#1145=AXIS2_PLACEMENT_3D('',#1146,#1147,#1148);
#1146=CARTESIAN_POINT('',(10.65182587392,-9.17739662178425E-16,14.9878260869565));
#1147=DIRECTION('',(1.,1.09476442525376E-47,1.2236165591775E-15));
#1148=DIRECTION('',(1.2236165591775E-15,6.12323399573677E-17,-1.));
#1149=FACE_BOUND('',#1150,.T.);
#1150=EDGE_LOOP('',(#2871,#2872,#2873,#2874));
#1151=PLANE('',#1152);
#1152=AXIS2_PLACEMENT_3D('',#1153,#1154,#1155);
#1153=CARTESIAN_POINT('',(9.25972652288,-9.17739662178425E-16,14.9878260869565));
#1154=DIRECTION('',(0.,0.,1.));
#1155=DIRECTION('',(1.,0.,0.));
#1156=FACE_BOUND('',#1157,.T.);
#1157=EDGE_LOOP('',(#2875,#2876,#2877,#2878));
#1158=PLANE('',#1159);
#1159=AXIS2_PLACEMENT_3D('',#1160,#1161,#1162);
#1160=CARTESIAN_POINT('',(17.90250895872,8.99563165338409E-16,-14.6909813664596));
#1161=DIRECTION('',(0.,0.,1.));
#1162=DIRECTION('',(1.,0.,0.));
#1163=FACE_BOUND('',#1164,.T.);
#1164=EDGE_LOOP('',(#2879,#2880,#2881,#2882));
#1165=PLANE('',#1166);
#1166=AXIS2_PLACEMENT_3D('',#1167,#1168,#1169);
#1167=CARTESIAN_POINT('',(17.90250895872,9.88054165354314E-16,-16.136149068323));
#1168=DIRECTION('',(-1.,0.,0.));
#1169=DIRECTION('',(0.,-6.12323399573676E-17,1.));
#1170=FACE_BOUND('',#1171,.T.);
#1171=EDGE_LOOP('',(#2883,#2884,#2885,#2886));
#1172=PLANE('',#1173);
#1173=AXIS2_PLACEMENT_3D('',#1174,#1175,#1176);
#1174=CARTESIAN_POINT('',(19.24183812448,9.88054165354314E-16,-16.136149068323));
#1175=DIRECTION('',(0.,0.,-1.));
#1176=DIRECTION('',(-1.,0.,0.));
#1177=FACE_BOUND('',#1178,.T.);
#1178=EDGE_LOOP('',(#2887,#2888,#2889,#2890));
#1179=PLANE('',#1180);
#1180=AXIS2_PLACEMENT_3D('',#1181,#1182,#1183);
#1181=CARTESIAN_POINT('',(19.24183812448,8.99563165338409E-16,-14.6909813664596));
#1182=DIRECTION('',(1.,0.,0.));
#1183=DIRECTION('',(0.,6.12323399573676E-17,-1.));
#1184=FACE_BOUND('',#1185,.T.);
#1185=EDGE_LOOP('',(#2891,#2892,#2893,#2894));
#1186=PLANE('',#1187);
#1187=AXIS2_PLACEMENT_3D('',#1188,#1189,#1190);
#1188=CARTESIAN_POINT('',(15.81505558432,8.99563165338409E-16,-14.6909813664596));
#1189=DIRECTION('',(0.,0.,1.));
#1190=DIRECTION('',(1.,0.,0.));
#1191=FACE_BOUND('',#1192,.T.);
#1192=EDGE_LOOP('',(#2895,#2896,#2897,#2898));
#1193=PLANE('',#1194);
#1194=AXIS2_PLACEMENT_3D('',#1195,#1196,#1197);
#1195=CARTESIAN_POINT('',(15.81505558432,9.88054165354314E-16,-16.136149068323));
#1196=DIRECTION('',(-1.,0.,0.));
#1197=DIRECTION('',(0.,-6.12323399573676E-17,1.));
#1198=FACE_BOUND('',#1199,.T.);
#1199=EDGE_LOOP('',(#2899,#2900,#2901,#2902));
#1200=PLANE('',#1201);
#1201=AXIS2_PLACEMENT_3D('',#1202,#1203,#1204);
#1202=CARTESIAN_POINT('',(17.1542853712,9.88054165354314E-16,-16.136149068323));
#1203=DIRECTION('',(0.,0.,-1.));
#1204=DIRECTION('',(-1.,0.,0.));
#1205=FACE_BOUND('',#1206,.T.);
#1206=EDGE_LOOP('',(#2903,#2904,#2905,#2906));
#1207=PLANE('',#1208);
#1208=AXIS2_PLACEMENT_3D('',#1209,#1210,#1211);
#1209=CARTESIAN_POINT('',(17.1542853712,8.99563165338409E-16,-14.6909813664596));
#1210=DIRECTION('',(1.,0.,0.));
#1211=DIRECTION('',(0.,6.12323399573676E-17,-1.));
#1212=FACE_BOUND('',#1213,.T.);
#1213=EDGE_LOOP('',(#2907,#2908,#2909,#2910));
#1214=PLANE('',#1215);
#1215=AXIS2_PLACEMENT_3D('',#1216,#1217,#1218);
#1216=CARTESIAN_POINT('',(12.57450906528,9.00037811054352E-16,-14.6987329192547));
#1217=DIRECTION('',(1.,0.,0.));
#1218=DIRECTION('',(0.,6.12323399573676E-17,-1.));
#1219=FACE_BOUND('',#1220,.T.);
#1220=EDGE_LOOP('',(#2911,#2912,#2913,#2914));
#1221=PLANE('',#1222);
#1222=AXIS2_PLACEMENT_3D('',#1223,#1224,#1225);
#1223=CARTESIAN_POINT('',(11.40750287744,9.00037811054352E-16,-14.6987329192547));
#1224=DIRECTION('',(0.,0.,1.));
#1225=DIRECTION('',(1.,0.,0.));
#1226=FACE_BOUND('',#1227,.T.);
#1227=EDGE_LOOP('',(#2915,#2916,#2917,#2918));
#1228=PLANE('',#1229);
#1229=AXIS2_PLACEMENT_3D('',#1230,#1231,#1232);
#1230=CARTESIAN_POINT('',(11.40750287744,9.87585604839858E-16,-16.1284968944099));
#1231=DIRECTION('',(-1.,0.,0.));
#1232=DIRECTION('',(0.,-6.12323399573676E-17,1.));
#1233=FACE_BOUND('',#1234,.T.);
#1234=EDGE_LOOP('',(#2919,#2920,#2921,#2922));
#1235=PLANE('',#1236);
#1236=AXIS2_PLACEMENT_3D('',#1237,#1238,#1239);
#1237=CARTESIAN_POINT('',(12.57450906528,9.87585604839858E-16,-16.1284968944099));
#1238=DIRECTION('',(0.,0.,-1.));
#1239=DIRECTION('',(-1.,0.,0.));
#1240=FACE_BOUND('',#1241,.T.);
#1241=EDGE_LOOP('',(#2923,#2924,#2925,#2926));
#1242=PLANE('',#1243);
#1243=AXIS2_PLACEMENT_3D('',#1244,#1245,#1246);
#1244=CARTESIAN_POINT('',(14.56218604416,9.87585604839858E-16,-16.1284968944099));
#1245=DIRECTION('',(0.,0.,-1.));
#1246=DIRECTION('',(-1.,0.,0.));
#1247=FACE_BOUND('',#1248,.T.);
#1248=EDGE_LOOP('',(#2927,#2928,#2929,#2930));
#1249=PLANE('',#1250);
#1250=AXIS2_PLACEMENT_3D('',#1251,#1252,#1253);
#1251=CARTESIAN_POINT('',(14.56218604416,9.00037811054352E-16,-14.6987329192547));
#1252=DIRECTION('',(1.,0.,0.));
#1253=DIRECTION('',(0.,6.12323399573676E-17,-1.));
#1254=FACE_BOUND('',#1255,.T.);
#1255=EDGE_LOOP('',(#2931,#2932,#2933,#2934));
#1256=PLANE('',#1257);
#1257=AXIS2_PLACEMENT_3D('',#1258,#1259,#1260);
#1258=CARTESIAN_POINT('',(13.39517985632,9.00037811054352E-16,-14.6987329192547));
#1259=DIRECTION('',(-1.52214860376027E-15,0.,1.));
#1260=DIRECTION('',(1.,0.,1.52214860376027E-15));
#1261=FACE_BOUND('',#1262,.T.);
#1262=EDGE_LOOP('',(#2935,#2936,#2937,#2938));
#1263=PLANE('',#1264);
#1264=AXIS2_PLACEMENT_3D('',#1265,#1266,#1267);
#1265=CARTESIAN_POINT('',(13.39517985632,9.87585604839858E-16,-16.1284968944099));
#1266=DIRECTION('',(-1.,0.,0.));
#1267=DIRECTION('',(0.,-6.12323399573676E-17,1.));
#1268=FACE_BOUND('',#1269,.T.);
#1269=EDGE_LOOP('',(#2939,#2940,#2941,#2942));
#1270=PLANE('',#1271);
#1271=AXIS2_PLACEMENT_3D('',#1272,#1273,#1274);
#1272=CARTESIAN_POINT('',(8.17669548864,-1.02000755835964E-15,16.6579875776398));
#1273=DIRECTION('',(0.,0.,-1.));
#1274=DIRECTION('',(-1.,0.,0.));
#1275=FACE_BOUND('',#1276,.T.);
#1276=EDGE_LOOP('',(#2943,#2944,#2945,#2946));
#1277=PLANE('',#1278);
#1278=AXIS2_PLACEMENT_3D('',#1279,#1280,#1281);
#1279=CARTESIAN_POINT('',(8.17669548864,-1.07392244352956E-15,17.5384844720497));
#1280=DIRECTION('',(1.,0.,0.));
#1281=DIRECTION('',(0.,6.12323399573677E-17,-1.));
#1282=FACE_BOUND('',#1283,.T.);
#1283=EDGE_LOOP('',(#2947,#2948,#2949,#2950));
#1284=PLANE('',#1285);
#1285=AXIS2_PLACEMENT_3D('',#1286,#1287,#1288);
#1286=CARTESIAN_POINT('',(6.91289427168,-1.07392244352956E-15,17.5384844720497));
#1287=DIRECTION('',(0.,0.,1.));
#1288=DIRECTION('',(1.,0.,0.));
#1289=FACE_BOUND('',#1290,.T.);
#1290=EDGE_LOOP('',(#2951,#2952,#2953,#2954));
#1291=PLANE('',#1292);
#1292=AXIS2_PLACEMENT_3D('',#1293,#1294,#1295);
#1293=CARTESIAN_POINT('',(6.91289427168,-1.02000755835964E-15,16.6579875776398));
#1294=DIRECTION('',(-1.,0.,0.));
#1295=DIRECTION('',(0.,-6.12323399573677E-17,1.));
#1296=FACE_BOUND('',#1297,.T.);
#1297=EDGE_LOOP('',(#2955,#2956,#2957,#2958));
#1298=PLANE('',#1299);
#1299=AXIS2_PLACEMENT_3D('',#1300,#1301,#1302);
#1300=CARTESIAN_POINT('',(8.17669548864,-8.25281110793357E-16,13.4778633540373));
#1301=DIRECTION('',(0.,0.,-1.));
#1302=DIRECTION('',(-1.,0.,0.));
#1303=FACE_BOUND('',#1304,.T.);
#1304=EDGE_LOOP('',(#2959,#2960,#2961,#2962));
#1305=PLANE('',#1306);
#1306=AXIS2_PLACEMENT_3D('',#1307,#1308,#1309);
#1307=CARTESIAN_POINT('',(8.17669548864,-8.79195995963273E-16,14.3583602484472));
#1308=DIRECTION('',(1.,0.,0.));
#1309=DIRECTION('',(0.,6.12323399573677E-17,-1.));
#1310=FACE_BOUND('',#1311,.T.);
#1311=EDGE_LOOP('',(#2963,#2964,#2965,#2966));
#1312=PLANE('',#1313);
#1313=AXIS2_PLACEMENT_3D('',#1314,#1315,#1316);
#1314=CARTESIAN_POINT('',(6.91289427168,-8.79195995963273E-16,14.3583602484472));
#1315=DIRECTION('',(0.,0.,1.));
#1316=DIRECTION('',(1.,0.,0.));
#1317=FACE_BOUND('',#1318,.T.);
#1318=EDGE_LOOP('',(#2967,#2968,#2969,#2970));
#1319=PLANE('',#1320);
#1320=AXIS2_PLACEMENT_3D('',#1321,#1322,#1323);
#1321=CARTESIAN_POINT('',(6.91289427168,-8.25281110793357E-16,13.4778633540373));
#1322=DIRECTION('',(-1.,0.,0.));
#1323=DIRECTION('',(0.,-6.12323399573677E-17,1.));
#1324=FACE_BOUND('',#1325,.T.);
#1325=EDGE_LOOP('',(#2971,#2972,#2973,#2974));
#1326=PLANE('',#1327);
#1327=AXIS2_PLACEMENT_3D('',#1328,#1329,#1330);
#1328=CARTESIAN_POINT('',(3.40650924864,-1.02000755835964E-15,16.6579875776398));
#1329=DIRECTION('',(0.,0.,-1.));
#1330=DIRECTION('',(-1.,0.,0.));
#1331=FACE_BOUND('',#1332,.T.);
#1332=EDGE_LOOP('',(#2975,#2976,#2977,#2978));
#1333=PLANE('',#1334);
#1334=AXIS2_PLACEMENT_3D('',#1335,#1336,#1337);
#1335=CARTESIAN_POINT('',(3.40650924864,-1.07392244352956E-15,17.5384844720497));
#1336=DIRECTION('',(1.,0.,0.));
#1337=DIRECTION('',(0.,6.12323399573677E-17,-1.));
#1338=FACE_BOUND('',#1339,.T.);
#1339=EDGE_LOOP('',(#2979,#2980,#2981,#2982));
#1340=PLANE('',#1341);
#1341=AXIS2_PLACEMENT_3D('',#1342,#1343,#1344);
#1342=CARTESIAN_POINT('',(2.14270803168,-1.07392244352956E-15,17.5384844720497));
#1343=DIRECTION('',(0.,0.,1.));
#1344=DIRECTION('',(1.,0.,0.));
#1345=FACE_BOUND('',#1346,.T.);
#1346=EDGE_LOOP('',(#2983,#2984,#2985,#2986));
#1347=PLANE('',#1348);
#1348=AXIS2_PLACEMENT_3D('',#1349,#1350,#1351);
#1349=CARTESIAN_POINT('',(2.14270803168,-1.02000755835964E-15,16.6579875776398));
#1350=DIRECTION('',(-1.,0.,0.));
#1351=DIRECTION('',(0.,-6.12323399573677E-17,1.));
#1352=FACE_BOUND('',#1353,.T.);
#1353=EDGE_LOOP('',(#2987,#2988,#2989,#2990));
#1354=PLANE('',#1355);
#1355=AXIS2_PLACEMENT_3D('',#1356,#1357,#1358);
#1356=CARTESIAN_POINT('',(-15.25038478816,9.2966665709186E-16,-15.1826086956522));
#1357=DIRECTION('',(1.,0.,0.));
#1358=DIRECTION('',(0.,6.12323399573678E-17,-1.));
#1359=FACE_BOUND('',#1360,.T.);
#1360=EDGE_LOOP('',(#2991,#2992,#2993,#2994));
#1361=PLANE('',#1362);
#1362=AXIS2_PLACEMENT_3D('',#1363,#1364,#1365);
#1363=CARTESIAN_POINT('',(-17.0896890992,9.2966665709186E-16,-15.1826086956522));
#1364=DIRECTION('',(0.,0.,1.));
#1365=DIRECTION('',(1.,0.,0.));
#1366=FACE_BOUND('',#1367,.T.);
#1367=EDGE_LOOP('',(#2995,#2996,#2997,#2998));
#1368=PLANE('',#1369);
#1369=AXIS2_PLACEMENT_3D('',#1370,#1371,#1372);
#1370=CARTESIAN_POINT('',(-17.0896890992,1.0544619691759E-15,-17.2206708074534));
#1371=DIRECTION('',(-1.,0.,0.));
#1372=DIRECTION('',(0.,-6.12323399573678E-17,1.));
#1373=FACE_BOUND('',#1374,.T.);
#1374=EDGE_LOOP('',(#2999,#3000,#3001,#3002));
#1375=PLANE('',#1376);
#1376=AXIS2_PLACEMENT_3D('',#1377,#1378,#1379);
#1377=CARTESIAN_POINT('',(-15.25038478816,1.0544619691759E-15,-17.2206708074534));
#1378=DIRECTION('',(0.,0.,-1.));
#1379=DIRECTION('',(-1.,0.,0.));
#1380=FACE_BOUND('',#1381,.T.);
#1381=EDGE_LOOP('',(#3003,#3004,#3005,#3006));
#1382=PLANE('',#1383);
#1383=AXIS2_PLACEMENT_3D('',#1384,#1385,#1386);
#1384=CARTESIAN_POINT('',(-15.25038478816,6.63134831985505E-16,-10.8298136645963));
#1385=DIRECTION('',(1.,0.,0.));
#1386=DIRECTION('',(0.,6.12323399573677E-17,-1.));
#1387=FACE_BOUND('',#1388,.T.);
#1388=EDGE_LOOP('',(#3007,#3008,#3009,#3010));
#1389=PLANE('',#1390);
#1390=AXIS2_PLACEMENT_3D('',#1391,#1392,#1393);
#1391=CARTESIAN_POINT('',(-17.0896890992,6.63134831985505E-16,-10.8298136645963));
#1392=DIRECTION('',(0.,0.,1.));
#1393=DIRECTION('',(1.,0.,0.));
#1394=FACE_BOUND('',#1395,.T.);
#1395=EDGE_LOOP('',(#3011,#3012,#3013,#3014));
#1396=PLANE('',#1397);
#1397=AXIS2_PLACEMENT_3D('',#1398,#1399,#1400);
#1398=CARTESIAN_POINT('',(-17.0896890992,7.87930144069549E-16,-12.8678757763975));
#1399=DIRECTION('',(-1.,0.,0.));
#1400=DIRECTION('',(0.,-6.12323399573677E-17,1.));
#1401=FACE_BOUND('',#1402,.T.);
#1402=EDGE_LOOP('',(#3015,#3016,#3017,#3018));
#1403=PLANE('',#1404);
#1404=AXIS2_PLACEMENT_3D('',#1405,#1406,#1407);
#1405=CARTESIAN_POINT('',(-15.25038478816,7.87930144069549E-16,-12.8678757763975));
#1406=DIRECTION('',(0.,0.,-1.));
#1407=DIRECTION('',(-1.,0.,0.));
#1408=FACE_BOUND('',#1409,.T.);
#1409=EDGE_LOOP('',(#3019,#3020,#3021,#3022));
#1410=PLANE('',#1411);
#1411=AXIS2_PLACEMENT_3D('',#1412,#1413,#1414);
#1412=CARTESIAN_POINT('',(-15.25038478816,5.12343539151361E-16,-8.3672049689441));
#1413=DIRECTION('',(1.,0.,0.));
#1414=DIRECTION('',(0.,6.12323399573677E-17,-1.));
#1415=FACE_BOUND('',#1416,.T.);
#1416=EDGE_LOOP('',(#3023,#3024,#3025,#3026));
#1417=PLANE('',#1418);
#1418=AXIS2_PLACEMENT_3D('',#1419,#1420,#1421);
#1419=CARTESIAN_POINT('',(-17.0896890992,5.12343539151361E-16,-8.3672049689441));
#1420=DIRECTION('',(0.,0.,1.));
#1421=DIRECTION('',(1.,0.,0.));
#1422=FACE_BOUND('',#1423,.T.);
#1423=EDGE_LOOP('',(#3027,#3028,#3029,#3030));
#1424=PLANE('',#1425);
#1425=AXIS2_PLACEMENT_3D('',#1426,#1427,#1428);
#1426=CARTESIAN_POINT('',(-17.0896890992,6.37138851235405E-16,-10.4052670807453));
#1427=DIRECTION('',(-1.,0.,0.));
#1428=DIRECTION('',(0.,-6.12323399573677E-17,1.));
#1429=FACE_BOUND('',#1430,.T.);
#1430=EDGE_LOOP('',(#3031,#3032,#3033,#3034));
#1431=PLANE('',#1432);
#1432=AXIS2_PLACEMENT_3D('',#1433,#1434,#1435);
#1433=CARTESIAN_POINT('',(-15.25038478816,6.37138851235405E-16,-10.4052670807453));
#1434=DIRECTION('',(0.,0.,-1.));
#1435=DIRECTION('',(-1.,0.,0.));
#1436=FACE_BOUND('',#1437,.T.);
#1437=EDGE_LOOP('',(#3035,#3036,#3037,#3038));
#1438=PLANE('',#1439);
#1439=AXIS2_PLACEMENT_3D('',#1440,#1441,#1442);
#1440=CARTESIAN_POINT('',(-15.25038478816,2.45811714045005E-16,-4.0144099378882));
#1441=DIRECTION('',(1.,0.,0.));
#1442=DIRECTION('',(0.,6.12323399573677E-17,-1.));
#1443=FACE_BOUND('',#1444,.T.);
#1444=EDGE_LOOP('',(#3039,#3040,#3041,#3042));
#1445=PLANE('',#1446);
#1446=AXIS2_PLACEMENT_3D('',#1447,#1448,#1449);
#1447=CARTESIAN_POINT('',(-17.0896890992,2.45811714045005E-16,-4.0144099378882));
#1448=DIRECTION('',(0.,0.,1.));
#1449=DIRECTION('',(1.,0.,0.));
#1450=FACE_BOUND('',#1451,.T.);
#1451=EDGE_LOOP('',(#3043,#3044,#3045,#3046));
#1452=PLANE('',#1453);
#1453=AXIS2_PLACEMENT_3D('',#1454,#1455,#1456);
#1454=CARTESIAN_POINT('',(-17.0896890992,3.7060702612905E-16,-6.05247204968944));
#1455=DIRECTION('',(-1.,0.,0.));
#1456=DIRECTION('',(0.,-6.12323399573677E-17,1.));
#1457=FACE_BOUND('',#1458,.T.);
#1458=EDGE_LOOP('',(#3047,#3048,#3049,#3050));
#1459=PLANE('',#1460);
#1460=AXIS2_PLACEMENT_3D('',#1461,#1462,#1463);
#1461=CARTESIAN_POINT('',(-15.25038478816,3.7060702612905E-16,-6.05247204968944));
#1462=DIRECTION('',(0.,0.,-1.));
#1463=DIRECTION('',(-1.,0.,0.));
#1464=FACE_BOUND('',#1465,.T.);
#1465=EDGE_LOOP('',(#3051,#3052,#3053,#3054));
#1466=PLANE('',#1467);
#1467=AXIS2_PLACEMENT_3D('',#1468,#1469,#1470);
#1468=CARTESIAN_POINT('',(-12.22121714688,9.2966665709186E-16,-15.1826086956522));
#1469=DIRECTION('',(1.,0.,0.));
#1470=DIRECTION('',(0.,6.12323399573677E-17,-1.));
#1471=FACE_BOUND('',#1472,.T.);
#1472=EDGE_LOOP('',(#3055,#3056,#3057,#3058));
#1473=PLANE('',#1474);
#1474=AXIS2_PLACEMENT_3D('',#1475,#1476,#1477);
#1475=CARTESIAN_POINT('',(-14.06052145792,9.2966665709186E-16,-15.1826086956522));
#1476=DIRECTION('',(0.,0.,1.));
#1477=DIRECTION('',(1.,0.,0.));
#1478=FACE_BOUND('',#1479,.T.);
#1479=EDGE_LOOP('',(#3059,#3060,#3061,#3062));
#1480=PLANE('',#1481);
#1481=AXIS2_PLACEMENT_3D('',#1482,#1483,#1484);
#1482=CARTESIAN_POINT('',(-14.06052145792,1.0544619691759E-15,-17.2206708074534));
#1483=DIRECTION('',(-1.,0.,0.));
#1484=DIRECTION('',(0.,-6.12323399573677E-17,1.));
#1485=FACE_BOUND('',#1486,.T.);
#1486=EDGE_LOOP('',(#3063,#3064,#3065,#3066));
#1487=PLANE('',#1488);
#1488=AXIS2_PLACEMENT_3D('',#1489,#1490,#1491);
#1489=CARTESIAN_POINT('',(-12.22121714688,1.0544619691759E-15,-17.2206708074534));
#1490=DIRECTION('',(0.,0.,-1.));
#1491=DIRECTION('',(-1.,0.,0.));
#1492=FACE_BOUND('',#1493,.T.);
#1493=EDGE_LOOP('',(#3067,#3068,#3069,#3070));
#1494=PLANE('',#1495);
#1495=AXIS2_PLACEMENT_3D('',#1496,#1497,#1498);
#1496=CARTESIAN_POINT('',(-12.22121714688,6.63134831985505E-16,-10.8298136645963));
#1497=DIRECTION('',(1.,0.,0.));
#1498=DIRECTION('',(0.,6.12323399573677E-17,-1.));
#1499=FACE_BOUND('',#1500,.T.);
#1500=EDGE_LOOP('',(#3071,#3072,#3073,#3074));
#1501=PLANE('',#1502);
#1502=AXIS2_PLACEMENT_3D('',#1503,#1504,#1505);
#1503=CARTESIAN_POINT('',(-14.06052145792,6.63134831985505E-16,-10.8298136645963));
#1504=DIRECTION('',(0.,0.,1.));
#1505=DIRECTION('',(1.,-5.36113641232486E-32,0.));
#1506=FACE_BOUND('',#1507,.T.);
#1507=EDGE_LOOP('',(#3075,#3076,#3077,#3078));
#1508=PLANE('',#1509);
#1509=AXIS2_PLACEMENT_3D('',#1510,#1511,#1512);
#1510=CARTESIAN_POINT('',(-14.06052145792,7.87930144069549E-16,-12.8678757763975));
#1511=DIRECTION('',(-1.,0.,0.));
#1512=DIRECTION('',(0.,-6.12323399573677E-17,1.));
#1513=FACE_BOUND('',#1514,.T.);
#1514=EDGE_LOOP('',(#3079,#3080,#3081,#3082));
#1515=PLANE('',#1516);
#1516=AXIS2_PLACEMENT_3D('',#1517,#1518,#1519);
#1517=CARTESIAN_POINT('',(-12.22121714688,7.87930144069549E-16,-12.8678757763975));
#1518=DIRECTION('',(0.,0.,-1.));
#1519=DIRECTION('',(-1.,5.36113641232486E-32,0.));
#1520=FACE_BOUND('',#1521,.T.);
#1521=EDGE_LOOP('',(#3083,#3084,#3085,#3086));
#1522=PLANE('',#1523);
#1523=AXIS2_PLACEMENT_3D('',#1524,#1525,#1526);
#1524=CARTESIAN_POINT('',(-12.22121714688,5.12343539151361E-16,-8.3672049689441));
#1525=DIRECTION('',(1.,0.,0.));
#1526=DIRECTION('',(0.,6.12323399573677E-17,-1.));
#1527=FACE_BOUND('',#1528,.T.);
#1528=EDGE_LOOP('',(#3087,#3088,#3089,#3090));
#1529=PLANE('',#1530);
#1530=AXIS2_PLACEMENT_3D('',#1531,#1532,#1533);
#1531=CARTESIAN_POINT('',(-14.06052145792,5.12343539151361E-16,-8.3672049689441));
#1532=DIRECTION('',(0.,0.,1.));
#1533=DIRECTION('',(1.,-5.36113641232486E-32,0.));
#1534=FACE_BOUND('',#1535,.T.);
#1535=EDGE_LOOP('',(#3091,#3092,#3093,#3094));
#1536=PLANE('',#1537);
#1537=AXIS2_PLACEMENT_3D('',#1538,#1539,#1540);
#1538=CARTESIAN_POINT('',(-14.06052145792,6.37138851235405E-16,-10.4052670807453));
#1539=DIRECTION('',(-1.,0.,0.));
#1540=DIRECTION('',(0.,-6.12323399573677E-17,1.));
#1541=FACE_BOUND('',#1542,.T.);
#1542=EDGE_LOOP('',(#3095,#3096,#3097,#3098));
#1543=PLANE('',#1544);
#1544=AXIS2_PLACEMENT_3D('',#1545,#1546,#1547);
#1545=CARTESIAN_POINT('',(-12.22121714688,6.37138851235405E-16,-10.4052670807453));
#1546=DIRECTION('',(0.,0.,-1.));
#1547=DIRECTION('',(-1.,5.36113641232486E-32,0.));
#1548=FACE_BOUND('',#1549,.T.);
#1549=EDGE_LOOP('',(#3099,#3100,#3101,#3102));
#1550=PLANE('',#1551);
#1551=AXIS2_PLACEMENT_3D('',#1552,#1553,#1554);
#1552=CARTESIAN_POINT('',(-12.22121714688,2.45811714045005E-16,-4.0144099378882));
#1553=DIRECTION('',(1.,0.,0.));
#1554=DIRECTION('',(0.,6.12323399573677E-17,-1.));
#1555=FACE_BOUND('',#1556,.T.);
#1556=EDGE_LOOP('',(#3103,#3104,#3105,#3106));
#1557=PLANE('',#1558);
#1558=AXIS2_PLACEMENT_3D('',#1559,#1560,#1561);
#1559=CARTESIAN_POINT('',(-14.06052145792,2.45811714045005E-16,-4.0144099378882));
#1560=DIRECTION('',(0.,0.,1.));
#1561=DIRECTION('',(1.,0.,0.));
#1562=FACE_BOUND('',#1563,.T.);
#1563=EDGE_LOOP('',(#3107,#3108,#3109,#3110));
#1564=PLANE('',#1565);
#1565=AXIS2_PLACEMENT_3D('',#1566,#1567,#1568);
#1566=CARTESIAN_POINT('',(-14.06052145792,3.7060702612905E-16,-6.05247204968944));
#1567=DIRECTION('',(-1.,0.,0.));
#1568=DIRECTION('',(0.,-6.12323399573677E-17,1.));
#1569=FACE_BOUND('',#1570,.T.);
#1570=EDGE_LOOP('',(#3111,#3112,#3113,#3114));
#1571=PLANE('',#1572);
#1572=AXIS2_PLACEMENT_3D('',#1573,#1574,#1575);
#1573=CARTESIAN_POINT('',(-12.22121714688,3.7060702612905E-16,-6.05247204968944));
#1574=DIRECTION('',(0.,0.,-1.));
#1575=DIRECTION('',(-1.,0.,0.));
#1576=FACE_BOUND('',#1577,.T.);
#1577=EDGE_LOOP('',(#3115,#3116,#3117,#3118));
#1578=PLANE('',#1579);
#1579=AXIS2_PLACEMENT_3D('',#1580,#1581,#1582);
#1580=CARTESIAN_POINT('',(21.77182565152,-3.4074085723357E-16,5.56472049689441));
#1581=DIRECTION('',(6.25948699186051E-16,0.,-1.));
#1582=DIRECTION('',(-1.,0.,-6.25948699186051E-16));
#1583=FACE_BOUND('',#1584,.T.);
#1584=EDGE_LOOP('',(#3119,#3120,#3121,#3122));
#1585=PLANE('',#1586);
#1586=AXIS2_PLACEMENT_3D('',#1587,#1588,#1589);
#1587=CARTESIAN_POINT('',(21.77182565152,-4.12747046422692E-16,6.74067080745342));
#1588=DIRECTION('',(1.,0.,0.));
#1589=DIRECTION('',(0.,6.12323399573677E-17,-1.));
#1590=FACE_BOUND('',#1591,.T.);
#1591=EDGE_LOOP('',(#3123,#3124,#3125,#3126));
#1592=PLANE('',#1593);
#1593=AXIS2_PLACEMENT_3D('',#1594,#1595,#1596);
#1594=CARTESIAN_POINT('',(20.35289400288,-4.12747046422692E-16,6.74067080745342));
#1595=DIRECTION('',(-6.25948699186051E-16,0.,1.));
#1596=DIRECTION('',(1.,0.,6.25948699186051E-16));
#1597=FACE_BOUND('',#1598,.T.);
#1598=EDGE_LOOP('',(#3127,#3128,#3129,#3130));
#1599=PLANE('',#1600);
#1600=AXIS2_PLACEMENT_3D('',#1601,#1602,#1603);
#1601=CARTESIAN_POINT('',(20.35289400288,-3.4074085723357E-16,5.56472049689441));
#1602=DIRECTION('',(-1.,0.,0.));
#1603=DIRECTION('',(0.,-6.12323399573677E-17,1.));
#1604=FACE_BOUND('',#1605,.T.);
#1605=EDGE_LOOP('',(#3131,#3132,#3133,#3134));
#1606=PLANE('',#1607);
#1607=AXIS2_PLACEMENT_3D('',#1608,#1609,#1610);
#1608=CARTESIAN_POINT('',(20.35289400288,-2.19030742303155E-16,3.57704347826087));
#1609=DIRECTION('',(-1.,0.,0.));
#1610=DIRECTION('',(0.,-6.12323399573677E-17,1.));
#1611=FACE_BOUND('',#1612,.T.);
#1612=EDGE_LOOP('',(#3135,#3136,#3137,#3138));
#1613=PLANE('',#1614);
#1614=AXIS2_PLACEMENT_3D('',#1615,#1616,#1617);
#1615=CARTESIAN_POINT('',(21.77182565152,-2.19030742303155E-16,3.57704347826087));
#1616=DIRECTION('',(0.,0.,-1.));
#1617=DIRECTION('',(-1.,0.,0.));
#1618=FACE_BOUND('',#1619,.T.);
#1619=EDGE_LOOP('',(#3139,#3140,#3141,#3142));
#1620=PLANE('',#1621);
#1621=AXIS2_PLACEMENT_3D('',#1622,#1623,#1624);
#1622=CARTESIAN_POINT('',(21.77182565152,-2.91036931492276E-16,4.75299378881988));
#1623=DIRECTION('',(1.,0.,0.));
#1624=DIRECTION('',(0.,6.12323399573677E-17,-1.));
#1625=FACE_BOUND('',#1626,.T.);
#1626=EDGE_LOOP('',(#3143,#3144,#3145,#3146));
#1627=PLANE('',#1628);
#1628=AXIS2_PLACEMENT_3D('',#1629,#1630,#1631);
#1629=CARTESIAN_POINT('',(20.35289400288,-2.91036931492276E-16,4.75299378881988));
#1630=DIRECTION('',(-6.25948699186051E-16,0.,1.));
#1631=DIRECTION('',(1.,0.,6.25948699186051E-16));
#1632=FACE_BOUND('',#1633,.T.);
#1633=EDGE_LOOP('',(#3147,#3148,#3149,#3150));
#1634=PLANE('',#1635);
#1635=AXIS2_PLACEMENT_3D('',#1636,#1637,#1638);
#1636=CARTESIAN_POINT('',(-5.16263343712,4.12491467960261E-16,-6.73649689440994));
#1637=DIRECTION('',(-0.976711618741948,0.,0.214556318514472));
#1638=DIRECTION('',(0.214556318514472,-5.98063378791178E-17,0.976711618741948));
#1639=FACE_BOUND('',#1640,.T.);
#1640=EDGE_LOOP('',(#3151,#3152,#3153,#3154));
#1641=PLANE('',#1642);
#1642=AXIS2_PLACEMENT_3D('',#1643,#1644,#1645);
#1643=CARTESIAN_POINT('',(-5.1493166672,4.14937718957812E-16,-6.77644720496894));
#1644=DIRECTION('',(-0.948683299947885,0.,-0.316227760324726));
#1645=DIRECTION('',(-0.316227760324726,-5.80900983342866E-17,0.948683299947885));
#1646=FACE_BOUND('',#1647,.T.);
#1647=EDGE_LOOP('',(#3155,#3156,#3157,#3158));
#1648=PLANE('',#1649);
#1649=AXIS2_PLACEMENT_3D('',#1650,#1651,#1652);
#1650=CARTESIAN_POINT('',(-5.1493166672,4.42497596489928E-16,-7.22653416149068));
#1651=DIRECTION('',(-1.,0.,0.));
#1652=DIRECTION('',(0.,-6.12323399573676E-17,1.));
#1653=FACE_BOUND('',#1654,.T.);
#1654=EDGE_LOOP('',(#3159,#3160,#3161,#3162));
#1655=PLANE('',#1656);
#1656=AXIS2_PLACEMENT_3D('',#1657,#1658,#1659);
#1657=CARTESIAN_POINT('',(-4.47274525216,4.42497596489928E-16,-7.22653416149068));
#1658=DIRECTION('',(0.,0.,-1.));
#1659=DIRECTION('',(-1.,0.,0.));
#1660=FACE_BOUND('',#1661,.T.);
#1661=EDGE_LOOP('',(#3163,#3164,#3165,#3166));
#1662=PLANE('',#1663);
#1663=AXIS2_PLACEMENT_3D('',#1664,#1665,#1666);
#1664=CARTESIAN_POINT('',(-4.47274525216,3.61284497451814E-16,-5.90022360248447));
#1665=DIRECTION('',(1.,0.,0.));
#1666=DIRECTION('',(0.,6.12323399573676E-17,-1.));
#1667=FACE_BOUND('',#1668,.T.);
#1668=EDGE_LOOP('',(#3167,#3168,#3169,#3170));
#1669=PLANE('',#1670);
#1670=AXIS2_PLACEMENT_3D('',#1671,#1672,#1673);
#1671=CARTESIAN_POINT('',(-5.1493166672,3.61284497451814E-16,-5.90022360248447));
#1672=DIRECTION('',(0.,0.,1.));
#1673=DIRECTION('',(1.,0.,0.));
#1674=FACE_BOUND('',#1675,.T.);
#1675=EDGE_LOOP('',(#3171,#3172,#3173,#3174));
#1676=PLANE('',#1677);
#1677=AXIS2_PLACEMENT_3D('',#1678,#1679,#1680);
#1678=CARTESIAN_POINT('',(-5.1493166672,4.08779495053528E-16,-6.67587577639752));
#1679=DIRECTION('',(-1.,0.,0.));
#1680=DIRECTION('',(0.,-6.12323399573677E-17,1.));
#1681=FACE_BOUND('',#1682,.T.);
#1682=EDGE_LOOP('',(#3175,#3176,#3177,#3178));
#1683=PLANE('',#1684);
#1684=AXIS2_PLACEMENT_3D('',#1685,#1686,#1687);
#1685=CARTESIAN_POINT('',(-19.75860830048,7.19629842585674E-16,-11.7524472049689));
#1686=DIRECTION('',(-1.,0.,0.));
#1687=DIRECTION('',(0.,-6.12323399573675E-17,1.));
#1688=FACE_BOUND('',#1689,.T.);
#1689=EDGE_LOOP('',(#3179,#3180,#3181,#3182));
#1690=PLANE('',#1691);
#1691=AXIS2_PLACEMENT_3D('',#1692,#1693,#1694);
#1692=CARTESIAN_POINT('',(-19.70891886048,7.22672443328897E-16,-11.8021366459627));
#1693=DIRECTION('',(-0.707106788257598,6.16297582203915E-33,-0.707106774115497));
#1694=DIRECTION('',(-0.707106774115497,-4.32978032447518E-17,0.707106788257598));
#1695=FACE_BOUND('',#1696,.T.);
#1696=EDGE_LOOP('',(#3183,#3184,#3185,#3186));
#1697=PLANE('',#1698);
#1698=AXIS2_PLACEMENT_3D('',#1699,#1700,#1701);
#1699=CARTESIAN_POINT('',(-18.43686919648,7.22672443328897E-16,-11.8021366459627));
#1700=DIRECTION('',(0.,0.,-1.));
#1701=DIRECTION('',(-1.,0.,0.));
#1702=FACE_BOUND('',#1703,.T.);
#1703=EDGE_LOOP('',(#3187,#3188,#3189,#3190));
#1704=PLANE('',#1705);
#1705=AXIS2_PLACEMENT_3D('',#1706,#1707,#1708);
#1706=CARTESIAN_POINT('',(-18.38717975648,7.19629842585674E-16,-11.7524472049689));
#1707=DIRECTION('',(0.707106788257598,6.16297582203915E-33,-0.707106774115497));
#1708=DIRECTION('',(-0.707106774115497,4.32978032447518E-17,-0.707106788257598));
#1709=FACE_BOUND('',#1710,.T.);
#1710=EDGE_LOOP('',(#3191,#3192,#3193,#3194));
#1711=PLANE('',#1712);
#1712=AXIS2_PLACEMENT_3D('',#1713,#1714,#1715);
#1713=CARTESIAN_POINT('',(-18.38717975648,7.16082170119075E-16,-11.6945093167702));
#1714=DIRECTION('',(1.,0.,0.));
#1715=DIRECTION('',(0.,6.12323399573675E-17,-1.));
#1716=FACE_BOUND('',#1717,.T.);
#1717=EDGE_LOOP('',(#3195,#3196,#3197,#3198));
#1718=PLANE('',#1719);
#1719=AXIS2_PLACEMENT_3D('',#1720,#1721,#1722);
#1720=CARTESIAN_POINT('',(-18.36342820416,7.16082170119075E-16,-11.6945093167702));
#1721=DIRECTION('',(0.,0.,-1.));
#1722=DIRECTION('',(-1.,0.,0.));
#1723=FACE_BOUND('',#1724,.T.);
#1724=EDGE_LOOP('',(#3199,#3200,#3201,#3202));
#1725=PLANE('',#1726);
#1726=AXIS2_PLACEMENT_3D('',#1727,#1728,#1729);
#1727=CARTESIAN_POINT('',(-18.36342820416,6.44075980929954E-16,-10.5185590062112));
#1728=DIRECTION('',(1.,0.,0.));
#1729=DIRECTION('',(0.,6.12323399573677E-17,-1.));
#1730=FACE_BOUND('',#1731,.T.);
#1731=EDGE_LOOP('',(#3203,#3204,#3205,#3206));
#1732=PLANE('',#1733);
#1733=AXIS2_PLACEMENT_3D('',#1734,#1735,#1736);
#1734=CARTESIAN_POINT('',(-19.7823598528,6.44075980929954E-16,-10.5185590062112));
#1735=DIRECTION('',(0.,0.,1.));
#1736=DIRECTION('',(1.,0.,0.));
#1737=FACE_BOUND('',#1738,.T.);
#1738=EDGE_LOOP('',(#3207,#3208,#3209,#3210));
#1739=PLANE('',#1740);
#1740=AXIS2_PLACEMENT_3D('',#1741,#1742,#1743);
#1741=CARTESIAN_POINT('',(-19.7823598528,7.16082170119075E-16,-11.6945093167702));
#1742=DIRECTION('',(-1.,0.,0.));
#1743=DIRECTION('',(0.,-6.12323399573677E-17,1.));
#1744=FACE_BOUND('',#1745,.T.);
#1745=EDGE_LOOP('',(#3211,#3212,#3213,#3214));
#1746=PLANE('',#1747);
#1747=AXIS2_PLACEMENT_3D('',#1748,#1749,#1750);
#1748=CARTESIAN_POINT('',(-19.75860830048,7.16082170119075E-16,-11.6945093167702));
#1749=DIRECTION('',(0.,0.,-1.));
#1750=DIRECTION('',(-1.,0.,0.));
#1751=FACE_BOUND('',#1752,.T.);
#1752=EDGE_LOOP('',(#3215,#3216,#3217,#3218));
#1753=PLANE('',#1754);
#1754=AXIS2_PLACEMENT_3D('',#1755,#1756,#1757);
#1755=CARTESIAN_POINT('',(-11.42867057888,-5.55524128899185E-16,9.07239751552795));
#1756=DIRECTION('',(-1.,0.,0.));
#1757=DIRECTION('',(0.,-6.12323399573675E-17,1.));
#1758=FACE_BOUND('',#1759,.T.);
#1759=EDGE_LOOP('',(#3219,#3220,#3221,#3222));
#1760=PLANE('',#1761);
#1761=AXIS2_PLACEMENT_3D('',#1762,#1763,#1764);
#1762=CARTESIAN_POINT('',(-11.37888176,-5.52481528155962E-16,9.02270807453416));
#1763=DIRECTION('',(-0.70640003538928,0.,-0.707812821303785));
#1764=DIRECTION('',(-0.707812821303785,-4.3254527112853E-17,0.70640003538928));
#1765=FACE_BOUND('',#1766,.T.);
#1766=EDGE_LOOP('',(#3223,#3224,#3225,#3226));
#1767=PLANE('',#1768);
#1768=AXIS2_PLACEMENT_3D('',#1769,#1770,#1771);
#1769=CARTESIAN_POINT('',(-10.10693147488,-5.52481528155962E-16,9.02270807453416));
#1770=DIRECTION('',(0.,0.,-1.));
#1771=DIRECTION('',(-1.,0.,0.));
#1772=FACE_BOUND('',#1773,.T.);
#1773=EDGE_LOOP('',(#3227,#3228,#3229,#3230));
#1774=PLANE('',#1775);
#1775=AXIS2_PLACEMENT_3D('',#1776,#1777,#1778);
#1776=CARTESIAN_POINT('',(-10.057142656,-5.55524128899185E-16,9.07239751552795));
#1777=DIRECTION('',(0.70640003538928,0.,-0.707812821303785));
#1778=DIRECTION('',(-0.707812821303785,4.3254527112853E-17,-0.70640003538928));
#1779=FACE_BOUND('',#1780,.T.);
#1780=EDGE_LOOP('',(#3231,#3232,#3233,#3234));
#1781=PLANE('',#1782);
#1782=AXIS2_PLACEMENT_3D('',#1783,#1784,#1785);
#1783=CARTESIAN_POINT('',(-10.057142656,-5.59071801365783E-16,9.13033540372671));
#1784=DIRECTION('',(1.,0.,0.));
#1785=DIRECTION('',(0.,6.12323399573675E-17,-1.));
#1786=FACE_BOUND('',#1787,.T.);
#1787=EDGE_LOOP('',(#3235,#3236,#3237,#3238));
#1788=PLANE('',#1789);
#1789=AXIS2_PLACEMENT_3D('',#1790,#1791,#1792);
#1790=CARTESIAN_POINT('',(-10.03349048256,-5.59071801365783E-16,9.13033540372671));
#1791=DIRECTION('',(0.,0.,-1.));
#1792=DIRECTION('',(-1.,0.,0.));
#1793=FACE_BOUND('',#1794,.T.);
#1794=EDGE_LOOP('',(#3239,#3240,#3241,#3242));
#1795=PLANE('',#1796);
#1796=AXIS2_PLACEMENT_3D('',#1797,#1798,#1799);
#1797=CARTESIAN_POINT('',(-10.03349048256,-6.31077990554905E-16,10.3062857142857));
#1798=DIRECTION('',(1.,0.,0.));
#1799=DIRECTION('',(0.,6.12323399573677E-17,-1.));
#1800=FACE_BOUND('',#1801,.T.);
#1801=EDGE_LOOP('',(#3243,#3244,#3245,#3246));
#1802=PLANE('',#1803);
#1803=AXIS2_PLACEMENT_3D('',#1804,#1805,#1806);
#1804=CARTESIAN_POINT('',(-11.4524221312,-6.31077990554905E-16,10.3062857142857));
#1805=DIRECTION('',(0.,0.,1.));
#1806=DIRECTION('',(1.,0.,0.));
#1807=FACE_BOUND('',#1808,.T.);
#1808=EDGE_LOOP('',(#3247,#3248,#3249,#3250));
#1809=PLANE('',#1810);
#1810=AXIS2_PLACEMENT_3D('',#1811,#1812,#1813);
#1811=CARTESIAN_POINT('',(-11.4524221312,-5.59071801365783E-16,9.13033540372671));
#1812=DIRECTION('',(-1.,0.,0.));
#1813=DIRECTION('',(0.,-6.12323399573677E-17,1.));
#1814=FACE_BOUND('',#1815,.T.);
#1815=EDGE_LOOP('',(#3251,#3252,#3253,#3254));
#1816=PLANE('',#1817);
#1817=AXIS2_PLACEMENT_3D('',#1818,#1819,#1820);
#1818=CARTESIAN_POINT('',(-11.42867057888,-5.59071801365783E-16,9.13033540372671));
#1819=DIRECTION('',(0.,0.,-1.));
#1820=DIRECTION('',(-1.,0.,0.));
#1821=FACE_BOUND('',#1822,.T.);
#1822=EDGE_LOOP('',(#3255,#3256,#3257,#3258));
#1823=PLANE('',#1824);
#1824=AXIS2_PLACEMENT_3D('',#1825,#1826,#1827);
#1825=CARTESIAN_POINT('',(2.7249688896,-8.79195995963273E-16,14.3583602484472));
#1826=DIRECTION('',(-1.,0.,0.));
#1827=DIRECTION('',(0.,-6.12323399573723E-17,1.));
#1828=FACE_BOUND('',#1829,.T.);
#1829=EDGE_LOOP('',(#3259,#3260,#3261,#3262));
#1830=PLANE('',#1831);
#1831=AXIS2_PLACEMENT_3D('',#1832,#1833,#1834);
#1832=CARTESIAN_POINT('',(2.14270803168,-8.79195995963273E-16,14.3583602484472));
#1833=DIRECTION('',(0.,0.,1.));
#1834=DIRECTION('',(1.,0.,0.));
#1835=FACE_BOUND('',#1836,.T.);
#1836=EDGE_LOOP('',(#3263,#3264,#3265,#3266));
#1837=PLANE('',#1838);
#1838=AXIS2_PLACEMENT_3D('',#1839,#1840,#1841);
#1839=CARTESIAN_POINT('',(2.14270803168,-8.25281110793357E-16,13.4778633540373));
#1840=DIRECTION('',(-1.,0.,0.));
#1841=DIRECTION('',(0.,-6.12323399573677E-17,1.));
#1842=FACE_BOUND('',#1843,.T.);
#1843=EDGE_LOOP('',(#3267,#3268,#3269,#3270));
#1844=PLANE('',#1845);
#1845=AXIS2_PLACEMENT_3D('',#1846,#1847,#1848);
#1846=CARTESIAN_POINT('',(2.7249688896,-8.25281110793357E-16,13.4778633540373));
#1847=DIRECTION('',(0.,0.,-1.));
#1848=DIRECTION('',(-1.,0.,0.));
#1849=FACE_BOUND('',#1850,.T.);
#1850=EDGE_LOOP('',(#3271,#3272,#3273,#3274));
#1851=PLANE('',#1852);
#1852=AXIS2_PLACEMENT_3D('',#1853,#1854,#1855);
#1853=CARTESIAN_POINT('',(2.7249688896,-8.24861231890793E-16,13.4710062111801));
#1854=DIRECTION('',(-1.,0.,0.));
#1855=DIRECTION('',(0.,-6.12323399573585E-17,1.));
#1856=FACE_BOUND('',#1857,.T.);
#1857=EDGE_LOOP('',(#3275,#3276,#3277,#3278));
#1858=PLANE('',#1859);
#1859=AXIS2_PLACEMENT_3D('',#1860,#1861,#1862);
#1860=CARTESIAN_POINT('',(2.9237266496,-8.24861231890793E-16,13.4710062111801));
#1861=DIRECTION('',(0.,0.,-1.));
#1862=DIRECTION('',(-1.,0.,0.));
#1863=FACE_BOUND('',#1864,.T.);
#1864=EDGE_LOOP('',(#3279,#3280,#3281,#3282));
#1865=PLANE('',#1866);
#1866=AXIS2_PLACEMENT_3D('',#1867,#1868,#1869);
#1867=CARTESIAN_POINT('',(2.9237266496,-8.25281110793357E-16,13.4778633540373));
#1868=DIRECTION('',(1.,0.,0.));
#1869=DIRECTION('',(0.,6.12323399573585E-17,-1.));
#1870=FACE_BOUND('',#1871,.T.);
#1871=EDGE_LOOP('',(#3283,#3284,#3285,#3286));
#1872=PLANE('',#1873);
#1873=AXIS2_PLACEMENT_3D('',#1874,#1875,#1876);
#1874=CARTESIAN_POINT('',(3.40650924864,-8.25281110793357E-16,13.4778633540373));
#1875=DIRECTION('',(0.,0.,-1.));
#1876=DIRECTION('',(-1.,0.,0.));
#1877=FACE_BOUND('',#1878,.T.);
#1878=EDGE_LOOP('',(#3287,#3288,#3289,#3290));
#1879=PLANE('',#1880);
#1880=AXIS2_PLACEMENT_3D('',#1881,#1882,#1883);
#1881=CARTESIAN_POINT('',(3.40650924864,-8.79195995963273E-16,14.3583602484472));
#1882=DIRECTION('',(1.,0.,0.));
#1883=DIRECTION('',(0.,6.12323399573677E-17,-1.));
#1884=FACE_BOUND('',#1885,.T.);
#1885=EDGE_LOOP('',(#3291,#3292,#3293,#3294));
#1886=PLANE('',#1887);
#1887=AXIS2_PLACEMENT_3D('',#1888,#1889,#1890);
#1888=CARTESIAN_POINT('',(2.9237266496,-8.79195995963273E-16,14.3583602484472));
#1889=DIRECTION('',(0.,0.,1.));
#1890=DIRECTION('',(1.,0.,0.));
#1891=FACE_BOUND('',#1892,.T.);
#1892=EDGE_LOOP('',(#3295,#3296,#3297,#3298));
#1893=PLANE('',#1894);
#1894=AXIS2_PLACEMENT_3D('',#1895,#1896,#1897);
#1895=CARTESIAN_POINT('',(2.9237266496,-8.79628045268811E-16,14.3654161490683));
#1896=DIRECTION('',(1.,0.,0.));
#1897=DIRECTION('',(0.,6.12323399573723E-17,-1.));
#1898=FACE_BOUND('',#1899,.T.);
#1899=EDGE_LOOP('',(#3299,#3300,#3301,#3302));
#1900=PLANE('',#1901);
#1901=AXIS2_PLACEMENT_3D('',#1902,#1903,#1904);
#1902=CARTESIAN_POINT('',(2.7249688896,-8.79628045268811E-16,14.3654161490683));
#1903=DIRECTION('',(0.,0.,1.));
#1904=DIRECTION('',(1.,0.,0.));
#1905=FACE_BOUND('',#1906,.T.);
#1906=EDGE_LOOP('',(#3303,#3304,#3305,#3306));
#1907=PLANE('',#1908);
#1908=AXIS2_PLACEMENT_3D('',#1909,#1910,#1911);
#1909=CARTESIAN_POINT('',(-1.37619873024,6.88917830683578E-16,-11.2508819875776));
#1910=DIRECTION('',(0.,0.,1.));
#1911=DIRECTION('',(1.,0.,0.));
#1912=FACE_BOUND('',#1913,.T.);
#1913=EDGE_LOOP('',(#3307,#3308,#3309,#3310));
#1914=PLANE('',#1915);
#1915=AXIS2_PLACEMENT_3D('',#1916,#1917,#1918);
#1916=CARTESIAN_POINT('',(-1.37619873024,7.70130929721693E-16,-12.5771925465838));
#1917=DIRECTION('',(-1.,0.,0.));
#1918=DIRECTION('',(0.,-6.12323399573677E-17,1.));
#1919=FACE_BOUND('',#1920,.T.);
#1920=EDGE_LOOP('',(#3311,#3312,#3313,#3314));
#1921=PLANE('',#1922);
#1922=AXIS2_PLACEMENT_3D('',#1923,#1924,#1925);
#1923=CARTESIAN_POINT('',(-0.699627315199999,7.70130929721693E-16,-12.5771925465838));
#1924=DIRECTION('',(0.,0.,-1.));
#1925=DIRECTION('',(-1.,0.,0.));
#1926=FACE_BOUND('',#1927,.T.);
#1927=EDGE_LOOP('',(#3315,#3316,#3317,#3318));
#1928=PLANE('',#1929);
#1929=AXIS2_PLACEMENT_3D('',#1930,#1931,#1932);
#1930=CARTESIAN_POINT('',(-0.699627315199999,6.88917830683578E-16,-11.2508819875776));
#1931=DIRECTION('',(1.,6.84227765783602E-49,8.37076216491132E-17));
#1932=DIRECTION('',(8.37076216491132E-17,6.12323399573677E-17,-1.));
#1933=FACE_BOUND('',#1934,.T.);
#1934=EDGE_LOOP('',(#3319,#3320,#3321,#3322));
#1935=PLANE('',#1936);
#1936=AXIS2_PLACEMENT_3D('',#1937,#1938,#1939);
#1937=CARTESIAN_POINT('',(-9.11532901024,-1.04129359315923E-15,17.0056149068323));
#1938=DIRECTION('',(0.,0.,1.));
#1939=DIRECTION('',(1.,0.,0.));
#1940=FACE_BOUND('',#1941,.T.);
#1941=EDGE_LOOP('',(#3323,#3324,#3325,#3326));
#1942=PLANE('',#1943);
#1943=AXIS2_PLACEMENT_3D('',#1944,#1945,#1946);
#1944=CARTESIAN_POINT('',(-9.11532901024,-1.05828347570939E-15,17.2830807453416));
#1945=DIRECTION('',(1.,0.,0.));
#1946=DIRECTION('',(0.,6.12323399573677E-17,-1.));
#1947=FACE_BOUND('',#1948,.T.);
#1948=EDGE_LOOP('',(#3327,#3328,#3329,#3330));
#1949=PLANE('',#1950);
#1950=AXIS2_PLACEMENT_3D('',#1951,#1952,#1953);
#1951=CARTESIAN_POINT('',(-9.84626067264,-1.05828347570939E-15,17.2830807453416));
#1952=DIRECTION('',(0.,0.,1.));
#1953=DIRECTION('',(1.,0.,0.));
#1954=FACE_BOUND('',#1955,.T.);
#1955=EDGE_LOOP('',(#3331,#3332,#3333,#3334));
#1956=PLANE('',#1957);
#1957=AXIS2_PLACEMENT_3D('',#1958,#1959,#1960);
#1958=CARTESIAN_POINT('',(-9.84626067264,-9.93013604565768E-16,16.2171428571429));
#1959=DIRECTION('',(-1.,0.,0.));
#1960=DIRECTION('',(0.,-6.12323399573677E-17,1.));
#1961=FACE_BOUND('',#1962,.T.);
#1962=EDGE_LOOP('',(#3335,#3336,#3337,#3338));
#1963=PLANE('',#1964);
#1964=AXIS2_PLACEMENT_3D('',#1965,#1966,#1967);
#1965=CARTESIAN_POINT('',(-9.11532901024,-9.93013604565768E-16,16.2171428571429));
#1966=DIRECTION('',(0.,0.,-1.));
#1967=DIRECTION('',(-1.,0.,0.));
#1968=FACE_BOUND('',#1969,.T.);
#1969=EDGE_LOOP('',(#3339,#3340,#3341,#3342));
#1970=PLANE('',#1971);
#1971=AXIS2_PLACEMENT_3D('',#1972,#1973,#1974);
#1972=CARTESIAN_POINT('',(-9.11532901024,-1.03163637840024E-15,16.847900621118));
#1973=DIRECTION('',(1.,0.,0.));
#1974=DIRECTION('',(0.,6.12323399573679E-17,-1.));
#1975=FACE_BOUND('',#1976,.T.);
#1976=EDGE_LOOP('',(#3343,#3344,#3345,#3346));
#1977=PLANE('',#1978);
#1978=AXIS2_PLACEMENT_3D('',#1979,#1980,#1981);
#1979=CARTESIAN_POINT('',(-9.10141596704,-1.03163637840024E-15,16.847900621118));
#1980=DIRECTION('',(0.,0.,-1.));
#1981=DIRECTION('',(-1.,0.,0.));
#1982=FACE_BOUND('',#1983,.T.);
#1983=EDGE_LOOP('',(#3347,#3348,#3349,#3350));
#1984=PLANE('',#1985);
#1985=AXIS2_PLACEMENT_3D('',#1986,#1987,#1988);
#1986=CARTESIAN_POINT('',(-9.10141596704,-1.04129359315923E-15,17.0056149068323));
#1987=DIRECTION('',(1.,0.,0.));
#1988=DIRECTION('',(0.,6.12323399573666E-17,-1.));
#1989=FACE_BOUND('',#1990,.T.);
#1990=EDGE_LOOP('',(#3351,#3352,#3353,#3354));
#1991=PLANE('',#1992);
#1992=AXIS2_PLACEMENT_3D('',#1993,#1994,#1995);
#1993=CARTESIAN_POINT('',(-11.77321715584,2.89150519031477E-16,-4.72218633540373));
#1994=DIRECTION('',(1.,0.,0.));
#1995=DIRECTION('',(0.,6.12323399573677E-17,-1.));
#1996=FACE_BOUND('',#1997,.T.);
#1997=EDGE_LOOP('',(#3355,#3356,#3357,#3358));
#1998=PLANE('',#1999);
#1999=AXIS2_PLACEMENT_3D('',#2000,#2001,#2002);
#2000=CARTESIAN_POINT('',(-11.86772647072,2.89150519031477E-16,-4.72218633540373));
#2001=DIRECTION('',(0.,0.,1.));
#2002=DIRECTION('',(1.,0.,0.));
#2003=FACE_BOUND('',#2004,.T.);
#2004=EDGE_LOOP('',(#3359,#3360,#3361,#3362));
#2005=PLANE('',#2006);
#2006=AXIS2_PLACEMENT_3D('',#2007,#2008,#2009);
#2007=CARTESIAN_POINT('',(-11.86772647072,3.04606930807051E-16,-4.97460869565217));
#2008=DIRECTION('',(-1.,0.,0.));
#2009=DIRECTION('',(0.,-6.12323399573677E-17,1.));
#2010=FACE_BOUND('',#2011,.T.);
#2011=EDGE_LOOP('',(#3363,#3364,#3365,#3366));
#2012=PLANE('',#2013);
#2013=AXIS2_PLACEMENT_3D('',#2014,#2015,#2016);
#2014=CARTESIAN_POINT('',(-11.77321715584,3.04606930807051E-16,-4.97460869565217));
#2015=DIRECTION('',(0.,0.,-1.));
#2016=DIRECTION('',(-1.,0.,0.));
#2017=FACE_BOUND('',#2018,.T.);
#2018=EDGE_LOOP('',(#3367,#3368,#3369,#3370));
#2019=PLANE('',#2020);
#2020=AXIS2_PLACEMENT_3D('',#2021,#2022,#2023);
#2021=CARTESIAN_POINT('',(22.57182563552,-1.4596633657554E-15,23.8381118012422));
#2022=DIRECTION('',(1.,0.,0.));
#2023=DIRECTION('',(0.,6.12323399573677E-17,-1.));
#2024=FACE_BOUND('',#2025,.T.);
#2025=EDGE_LOOP('',(#3371,#3372,#3373,#3374));
#2026=PLANE('',#2027);
#2027=AXIS2_PLACEMENT_3D('',#2028,#2029,#2030);
#2028=CARTESIAN_POINT('',(-25.13103055328,-1.4596633657554E-15,23.8381118012422));
#2029=DIRECTION('',(0.,0.,1.));
#2030=DIRECTION('',(1.,0.,0.));
#2031=FACE_BOUND('',#2032,.T.);
#2032=EDGE_LOOP('',(#3375,#3376,#3377,#3378));
#2033=PLANE('',#2034);
#2034=AXIS2_PLACEMENT_3D('',#2035,#2036,#2037);
#2035=CARTESIAN_POINT('',(-25.13103055328,1.47675061152934E-15,-24.1171677018634));
#2036=DIRECTION('',(-1.,0.,0.));
#2037=DIRECTION('',(0.,-6.12323399573677E-17,1.));
#2038=FACE_BOUND('',#2039,.T.);
#2039=EDGE_LOOP('',(#3379,#3380,#3381,#3382));
#2040=PLANE('',#2041);
#2041=AXIS2_PLACEMENT_3D('',#2042,#2043,#2044);
#2042=CARTESIAN_POINT('',(22.57182563552,1.47675061152934E-15,-24.1171677018634));
#2043=DIRECTION('',(0.,0.,-1.));
#2044=DIRECTION('',(-1.,0.,0.));
#2045=ORIENTED_EDGE('',*,*,#3383,.F.);
#2046=ORIENTED_EDGE('',*,*,#3384,.F.);
#2047=ORIENTED_EDGE('',*,*,#3385,.F.);
#2048=ORIENTED_EDGE('',*,*,#3386,.F.);
#2049=ORIENTED_EDGE('',*,*,#3387,.T.);
#2050=ORIENTED_EDGE('',*,*,#3388,.T.);
#2051=ORIENTED_EDGE('',*,*,#3389,.T.);
#2052=ORIENTED_EDGE('',*,*,#3390,.T.);
#2053=ORIENTED_EDGE('',*,*,#3391,.T.);
#2054=ORIENTED_EDGE('',*,*,#3392,.T.);
#2055=ORIENTED_EDGE('',*,*,#3393,.T.);
#2056=ORIENTED_EDGE('',*,*,#3394,.T.);
#2057=ORIENTED_EDGE('',*,*,#3395,.T.);
#2058=ORIENTED_EDGE('',*,*,#3396,.T.);
#2059=ORIENTED_EDGE('',*,*,#3397,.T.);
#2060=ORIENTED_EDGE('',*,*,#3398,.T.);
#2061=ORIENTED_EDGE('',*,*,#3399,.T.);
#2062=ORIENTED_EDGE('',*,*,#3400,.T.);
#2063=ORIENTED_EDGE('',*,*,#3401,.T.);
#2064=ORIENTED_EDGE('',*,*,#3402,.T.);
#2065=ORIENTED_EDGE('',*,*,#3403,.T.);
#2066=ORIENTED_EDGE('',*,*,#3404,.T.);
#2067=ORIENTED_EDGE('',*,*,#3405,.T.);
#2068=ORIENTED_EDGE('',*,*,#3406,.T.);
#2069=ORIENTED_EDGE('',*,*,#3407,.T.);
#2070=ORIENTED_EDGE('',*,*,#3408,.T.);
#2071=ORIENTED_EDGE('',*,*,#3409,.T.);
#2072=ORIENTED_EDGE('',*,*,#3410,.T.);
#2073=ORIENTED_EDGE('',*,*,#3411,.T.);
#2074=ORIENTED_EDGE('',*,*,#3412,.T.);
#2075=ORIENTED_EDGE('',*,*,#3413,.T.);
#2076=ORIENTED_EDGE('',*,*,#3414,.T.);
#2077=ORIENTED_EDGE('',*,*,#3415,.T.);
#2078=ORIENTED_EDGE('',*,*,#3416,.T.);
#2079=ORIENTED_EDGE('',*,*,#3417,.T.);
#2080=ORIENTED_EDGE('',*,*,#3418,.T.);
#2081=ORIENTED_EDGE('',*,*,#3419,.T.);
#2082=ORIENTED_EDGE('',*,*,#3420,.T.);
#2083=ORIENTED_EDGE('',*,*,#3421,.T.);
#2084=ORIENTED_EDGE('',*,*,#3422,.T.);
#2085=ORIENTED_EDGE('',*,*,#3423,.T.);
#2086=ORIENTED_EDGE('',*,*,#3424,.T.);
#2087=ORIENTED_EDGE('',*,*,#3425,.T.);
#2088=ORIENTED_EDGE('',*,*,#3426,.T.);
#2089=ORIENTED_EDGE('',*,*,#3427,.T.);
#2090=ORIENTED_EDGE('',*,*,#3428,.T.);
#2091=ORIENTED_EDGE('',*,*,#3429,.T.);
#2092=ORIENTED_EDGE('',*,*,#3430,.T.);
#2093=ORIENTED_EDGE('',*,*,#3431,.T.);
#2094=ORIENTED_EDGE('',*,*,#3432,.T.);
#2095=ORIENTED_EDGE('',*,*,#3433,.T.);
#2096=ORIENTED_EDGE('',*,*,#3434,.T.);
#2097=ORIENTED_EDGE('',*,*,#3435,.T.);
#2098=ORIENTED_EDGE('',*,*,#3436,.T.);
#2099=ORIENTED_EDGE('',*,*,#3437,.T.);
#2100=ORIENTED_EDGE('',*,*,#3438,.T.);
#2101=ORIENTED_EDGE('',*,*,#3439,.T.);
#2102=ORIENTED_EDGE('',*,*,#3440,.T.);
#2103=ORIENTED_EDGE('',*,*,#3441,.T.);
#2104=ORIENTED_EDGE('',*,*,#3442,.T.);
#2105=ORIENTED_EDGE('',*,*,#3443,.T.);
#2106=ORIENTED_EDGE('',*,*,#3444,.T.);
#2107=ORIENTED_EDGE('',*,*,#3445,.T.);
#2108=ORIENTED_EDGE('',*,*,#3446,.T.);
#2109=ORIENTED_EDGE('',*,*,#3447,.T.);
#2110=ORIENTED_EDGE('',*,*,#3448,.T.);
#2111=ORIENTED_EDGE('',*,*,#3449,.T.);
#2112=ORIENTED_EDGE('',*,*,#3450,.T.);
#2113=ORIENTED_EDGE('',*,*,#3451,.T.);
#2114=ORIENTED_EDGE('',*,*,#3452,.T.);
#2115=ORIENTED_EDGE('',*,*,#3453,.T.);
#2116=ORIENTED_EDGE('',*,*,#3454,.T.);
#2117=ORIENTED_EDGE('',*,*,#3455,.T.);
#2118=ORIENTED_EDGE('',*,*,#3456,.T.);
#2119=ORIENTED_EDGE('',*,*,#3457,.T.);
#2120=ORIENTED_EDGE('',*,*,#3458,.T.);
#2121=ORIENTED_EDGE('',*,*,#3459,.T.);
#2122=ORIENTED_EDGE('',*,*,#3460,.T.);
#2123=ORIENTED_EDGE('',*,*,#3461,.T.);
#2124=ORIENTED_EDGE('',*,*,#3462,.T.);
#2125=ORIENTED_EDGE('',*,*,#3463,.T.);
#2126=ORIENTED_EDGE('',*,*,#3464,.T.);
#2127=ORIENTED_EDGE('',*,*,#3465,.T.);
#2128=ORIENTED_EDGE('',*,*,#3466,.T.);
#2129=ORIENTED_EDGE('',*,*,#3467,.T.);
#2130=ORIENTED_EDGE('',*,*,#3468,.T.);
#2131=ORIENTED_EDGE('',*,*,#3469,.T.);
#2132=ORIENTED_EDGE('',*,*,#3470,.T.);
#2133=ORIENTED_EDGE('',*,*,#3471,.T.);
#2134=ORIENTED_EDGE('',*,*,#3472,.T.);
#2135=ORIENTED_EDGE('',*,*,#3473,.T.);
#2136=ORIENTED_EDGE('',*,*,#3474,.T.);
#2137=ORIENTED_EDGE('',*,*,#3475,.T.);
#2138=ORIENTED_EDGE('',*,*,#3476,.T.);
#2139=ORIENTED_EDGE('',*,*,#3477,.T.);
#2140=ORIENTED_EDGE('',*,*,#3478,.T.);
#2141=ORIENTED_EDGE('',*,*,#3479,.T.);
#2142=ORIENTED_EDGE('',*,*,#3480,.T.);
#2143=ORIENTED_EDGE('',*,*,#3481,.T.);
#2144=ORIENTED_EDGE('',*,*,#3482,.T.);
#2145=ORIENTED_EDGE('',*,*,#3483,.T.);
#2146=ORIENTED_EDGE('',*,*,#3484,.T.);
#2147=ORIENTED_EDGE('',*,*,#3485,.T.);
#2148=ORIENTED_EDGE('',*,*,#3486,.T.);
#2149=ORIENTED_EDGE('',*,*,#3487,.T.);
#2150=ORIENTED_EDGE('',*,*,#3488,.T.);
#2151=ORIENTED_EDGE('',*,*,#3489,.T.);
#2152=ORIENTED_EDGE('',*,*,#3490,.T.);
#2153=ORIENTED_EDGE('',*,*,#3491,.T.);
#2154=ORIENTED_EDGE('',*,*,#3492,.T.);
#2155=ORIENTED_EDGE('',*,*,#3493,.T.);
#2156=ORIENTED_EDGE('',*,*,#3494,.T.);
#2157=ORIENTED_EDGE('',*,*,#3495,.T.);
#2158=ORIENTED_EDGE('',*,*,#3496,.T.);
#2159=ORIENTED_EDGE('',*,*,#3497,.T.);
#2160=ORIENTED_EDGE('',*,*,#3498,.T.);
#2161=ORIENTED_EDGE('',*,*,#3499,.T.);
#2162=ORIENTED_EDGE('',*,*,#3500,.T.);
#2163=ORIENTED_EDGE('',*,*,#3501,.T.);
#2164=ORIENTED_EDGE('',*,*,#3502,.T.);
#2165=ORIENTED_EDGE('',*,*,#3503,.T.);
#2166=ORIENTED_EDGE('',*,*,#3504,.T.);
#2167=ORIENTED_EDGE('',*,*,#3505,.T.);
#2168=ORIENTED_EDGE('',*,*,#3506,.T.);
#2169=ORIENTED_EDGE('',*,*,#3507,.T.);
#2170=ORIENTED_EDGE('',*,*,#3508,.T.);
#2171=ORIENTED_EDGE('',*,*,#3509,.T.);
#2172=ORIENTED_EDGE('',*,*,#3510,.T.);
#2173=ORIENTED_EDGE('',*,*,#3511,.T.);
#2174=ORIENTED_EDGE('',*,*,#3512,.T.);
#2175=ORIENTED_EDGE('',*,*,#3513,.T.);
#2176=ORIENTED_EDGE('',*,*,#3514,.T.);
#2177=ORIENTED_EDGE('',*,*,#3515,.T.);
#2178=ORIENTED_EDGE('',*,*,#3516,.T.);
#2179=ORIENTED_EDGE('',*,*,#3517,.T.);
#2180=ORIENTED_EDGE('',*,*,#3518,.T.);
#2181=ORIENTED_EDGE('',*,*,#3519,.T.);
#2182=ORIENTED_EDGE('',*,*,#3520,.T.);
#2183=ORIENTED_EDGE('',*,*,#3521,.T.);
#2184=ORIENTED_EDGE('',*,*,#3522,.T.);
#2185=ORIENTED_EDGE('',*,*,#3523,.T.);
#2186=ORIENTED_EDGE('',*,*,#3524,.T.);
#2187=ORIENTED_EDGE('',*,*,#3525,.T.);
#2188=ORIENTED_EDGE('',*,*,#3526,.T.);
#2189=ORIENTED_EDGE('',*,*,#3527,.T.);
#2190=ORIENTED_EDGE('',*,*,#3528,.T.);
#2191=ORIENTED_EDGE('',*,*,#3529,.T.);
#2192=ORIENTED_EDGE('',*,*,#3530,.T.);
#2193=ORIENTED_EDGE('',*,*,#3531,.T.);
#2194=ORIENTED_EDGE('',*,*,#3532,.T.);
#2195=ORIENTED_EDGE('',*,*,#3533,.T.);
#2196=ORIENTED_EDGE('',*,*,#3534,.T.);
#2197=ORIENTED_EDGE('',*,*,#3535,.T.);
#2198=ORIENTED_EDGE('',*,*,#3536,.T.);
#2199=ORIENTED_EDGE('',*,*,#3537,.T.);
#2200=ORIENTED_EDGE('',*,*,#3538,.T.);
#2201=ORIENTED_EDGE('',*,*,#3539,.T.);
#2202=ORIENTED_EDGE('',*,*,#3540,.T.);
#2203=ORIENTED_EDGE('',*,*,#3541,.T.);
#2204=ORIENTED_EDGE('',*,*,#3542,.T.);
#2205=ORIENTED_EDGE('',*,*,#3543,.T.);
#2206=ORIENTED_EDGE('',*,*,#3544,.T.);
#2207=ORIENTED_EDGE('',*,*,#3545,.T.);
#2208=ORIENTED_EDGE('',*,*,#3546,.T.);
#2209=ORIENTED_EDGE('',*,*,#3547,.T.);
#2210=ORIENTED_EDGE('',*,*,#3548,.T.);
#2211=ORIENTED_EDGE('',*,*,#3549,.T.);
#2212=ORIENTED_EDGE('',*,*,#3550,.T.);
#2213=ORIENTED_EDGE('',*,*,#3551,.T.);
#2214=ORIENTED_EDGE('',*,*,#3552,.T.);
#2215=ORIENTED_EDGE('',*,*,#3553,.T.);
#2216=ORIENTED_EDGE('',*,*,#3554,.T.);
#2217=ORIENTED_EDGE('',*,*,#3555,.T.);
#2218=ORIENTED_EDGE('',*,*,#3556,.T.);
#2219=ORIENTED_EDGE('',*,*,#3557,.T.);
#2220=ORIENTED_EDGE('',*,*,#3558,.T.);
#2221=ORIENTED_EDGE('',*,*,#3559,.T.);
#2222=ORIENTED_EDGE('',*,*,#3560,.T.);
#2223=ORIENTED_EDGE('',*,*,#3561,.T.);
#2224=ORIENTED_EDGE('',*,*,#3562,.T.);
#2225=ORIENTED_EDGE('',*,*,#3563,.T.);
#2226=ORIENTED_EDGE('',*,*,#3564,.T.);
#2227=ORIENTED_EDGE('',*,*,#3565,.T.);
#2228=ORIENTED_EDGE('',*,*,#3566,.T.);
#2229=ORIENTED_EDGE('',*,*,#3567,.T.);
#2230=ORIENTED_EDGE('',*,*,#3568,.T.);
#2231=ORIENTED_EDGE('',*,*,#3569,.T.);
#2232=ORIENTED_EDGE('',*,*,#3570,.T.);
#2233=ORIENTED_EDGE('',*,*,#3571,.T.);
#2234=ORIENTED_EDGE('',*,*,#3572,.T.);
#2235=ORIENTED_EDGE('',*,*,#3573,.T.);
#2236=ORIENTED_EDGE('',*,*,#3574,.T.);
#2237=ORIENTED_EDGE('',*,*,#3575,.T.);
#2238=ORIENTED_EDGE('',*,*,#3576,.T.);
#2239=ORIENTED_EDGE('',*,*,#3577,.T.);
#2240=ORIENTED_EDGE('',*,*,#3578,.T.);
#2241=ORIENTED_EDGE('',*,*,#3579,.T.);
#2242=ORIENTED_EDGE('',*,*,#3580,.T.);
#2243=ORIENTED_EDGE('',*,*,#3581,.T.);
#2244=ORIENTED_EDGE('',*,*,#3582,.T.);
#2245=ORIENTED_EDGE('',*,*,#3583,.T.);
#2246=ORIENTED_EDGE('',*,*,#3584,.T.);
#2247=ORIENTED_EDGE('',*,*,#3585,.T.);
#2248=ORIENTED_EDGE('',*,*,#3586,.T.);
#2249=ORIENTED_EDGE('',*,*,#3587,.T.);
#2250=ORIENTED_EDGE('',*,*,#3588,.T.);
#2251=ORIENTED_EDGE('',*,*,#3589,.T.);
#2252=ORIENTED_EDGE('',*,*,#3590,.T.);
#2253=ORIENTED_EDGE('',*,*,#3591,.T.);
#2254=ORIENTED_EDGE('',*,*,#3592,.T.);
#2255=ORIENTED_EDGE('',*,*,#3593,.T.);
#2256=ORIENTED_EDGE('',*,*,#3594,.T.);
#2257=ORIENTED_EDGE('',*,*,#3595,.T.);
#2258=ORIENTED_EDGE('',*,*,#3596,.T.);
#2259=ORIENTED_EDGE('',*,*,#3597,.T.);
#2260=ORIENTED_EDGE('',*,*,#3598,.T.);
#2261=ORIENTED_EDGE('',*,*,#3599,.T.);
#2262=ORIENTED_EDGE('',*,*,#3600,.T.);
#2263=ORIENTED_EDGE('',*,*,#3601,.T.);
#2264=ORIENTED_EDGE('',*,*,#3602,.T.);
#2265=ORIENTED_EDGE('',*,*,#3603,.T.);
#2266=ORIENTED_EDGE('',*,*,#3604,.T.);
#2267=ORIENTED_EDGE('',*,*,#3605,.T.);
#2268=ORIENTED_EDGE('',*,*,#3606,.T.);
#2269=ORIENTED_EDGE('',*,*,#3607,.T.);
#2270=ORIENTED_EDGE('',*,*,#3608,.T.);
#2271=ORIENTED_EDGE('',*,*,#3609,.T.);
#2272=ORIENTED_EDGE('',*,*,#3610,.T.);
#2273=ORIENTED_EDGE('',*,*,#3611,.T.);
#2274=ORIENTED_EDGE('',*,*,#3612,.T.);
#2275=ORIENTED_EDGE('',*,*,#3613,.T.);
#2276=ORIENTED_EDGE('',*,*,#3614,.T.);
#2277=ORIENTED_EDGE('',*,*,#3615,.T.);
#2278=ORIENTED_EDGE('',*,*,#3616,.T.);
#2279=ORIENTED_EDGE('',*,*,#3617,.T.);
#2280=ORIENTED_EDGE('',*,*,#3618,.T.);
#2281=ORIENTED_EDGE('',*,*,#3619,.T.);
#2282=ORIENTED_EDGE('',*,*,#3620,.T.);
#2283=ORIENTED_EDGE('',*,*,#3621,.T.);
#2284=ORIENTED_EDGE('',*,*,#3622,.T.);
#2285=ORIENTED_EDGE('',*,*,#3623,.T.);
#2286=ORIENTED_EDGE('',*,*,#3624,.T.);
#2287=ORIENTED_EDGE('',*,*,#3625,.T.);
#2288=ORIENTED_EDGE('',*,*,#3626,.T.);
#2289=ORIENTED_EDGE('',*,*,#3627,.T.);
#2290=ORIENTED_EDGE('',*,*,#3628,.T.);
#2291=ORIENTED_EDGE('',*,*,#3629,.T.);
#2292=ORIENTED_EDGE('',*,*,#3630,.T.);
#2293=ORIENTED_EDGE('',*,*,#3631,.T.);
#2294=ORIENTED_EDGE('',*,*,#3632,.T.);
#2295=ORIENTED_EDGE('',*,*,#3633,.T.);
#2296=ORIENTED_EDGE('',*,*,#3634,.T.);
#2297=ORIENTED_EDGE('',*,*,#3635,.T.);
#2298=ORIENTED_EDGE('',*,*,#3636,.T.);
#2299=ORIENTED_EDGE('',*,*,#3637,.T.);
#2300=ORIENTED_EDGE('',*,*,#3638,.T.);
#2301=ORIENTED_EDGE('',*,*,#3639,.T.);
#2302=ORIENTED_EDGE('',*,*,#3640,.T.);
#2303=ORIENTED_EDGE('',*,*,#3641,.T.);
#2304=ORIENTED_EDGE('',*,*,#3642,.T.);
#2305=ORIENTED_EDGE('',*,*,#3643,.T.);
#2306=ORIENTED_EDGE('',*,*,#3644,.T.);
#2307=ORIENTED_EDGE('',*,*,#3645,.T.);
#2308=ORIENTED_EDGE('',*,*,#3646,.T.);
#2309=ORIENTED_EDGE('',*,*,#3647,.T.);
#2310=ORIENTED_EDGE('',*,*,#3648,.T.);
#2311=ORIENTED_EDGE('',*,*,#3649,.T.);
#2312=ORIENTED_EDGE('',*,*,#3650,.T.);
#2313=ORIENTED_EDGE('',*,*,#3651,.T.);
#2314=ORIENTED_EDGE('',*,*,#3652,.T.);
#2315=ORIENTED_EDGE('',*,*,#3653,.T.);
#2316=ORIENTED_EDGE('',*,*,#3654,.T.);
#2317=ORIENTED_EDGE('',*,*,#3655,.T.);
#2318=ORIENTED_EDGE('',*,*,#3656,.T.);
#2319=ORIENTED_EDGE('',*,*,#3657,.T.);
#2320=ORIENTED_EDGE('',*,*,#3658,.T.);
#2321=ORIENTED_EDGE('',*,*,#3659,.T.);
#2322=ORIENTED_EDGE('',*,*,#3660,.T.);
#2323=ORIENTED_EDGE('',*,*,#3661,.T.);
#2324=ORIENTED_EDGE('',*,*,#3662,.T.);
#2325=ORIENTED_EDGE('',*,*,#3663,.T.);
#2326=ORIENTED_EDGE('',*,*,#3664,.T.);
#2327=ORIENTED_EDGE('',*,*,#3665,.T.);
#2328=ORIENTED_EDGE('',*,*,#3666,.T.);
#2329=ORIENTED_EDGE('',*,*,#3667,.T.);
#2330=ORIENTED_EDGE('',*,*,#3668,.T.);
#2331=ORIENTED_EDGE('',*,*,#3669,.T.);
#2332=ORIENTED_EDGE('',*,*,#3670,.T.);
#2333=ORIENTED_EDGE('',*,*,#3671,.T.);
#2334=ORIENTED_EDGE('',*,*,#3672,.T.);
#2335=ORIENTED_EDGE('',*,*,#3673,.T.);
#2336=ORIENTED_EDGE('',*,*,#3674,.T.);
#2337=ORIENTED_EDGE('',*,*,#3675,.T.);
#2338=ORIENTED_EDGE('',*,*,#3676,.T.);
#2339=ORIENTED_EDGE('',*,*,#3677,.T.);
#2340=ORIENTED_EDGE('',*,*,#3678,.T.);
#2341=ORIENTED_EDGE('',*,*,#3679,.T.);
#2342=ORIENTED_EDGE('',*,*,#3680,.T.);
#2343=ORIENTED_EDGE('',*,*,#3681,.T.);
#2344=ORIENTED_EDGE('',*,*,#3682,.T.);
#2345=ORIENTED_EDGE('',*,*,#3683,.T.);
#2346=ORIENTED_EDGE('',*,*,#3684,.T.);
#2347=ORIENTED_EDGE('',*,*,#3685,.T.);
#2348=ORIENTED_EDGE('',*,*,#3686,.T.);
#2349=ORIENTED_EDGE('',*,*,#3687,.T.);
#2350=ORIENTED_EDGE('',*,*,#3688,.T.);
#2351=ORIENTED_EDGE('',*,*,#3689,.T.);
#2352=ORIENTED_EDGE('',*,*,#3690,.T.);
#2353=ORIENTED_EDGE('',*,*,#3691,.T.);
#2354=ORIENTED_EDGE('',*,*,#3692,.T.);
#2355=ORIENTED_EDGE('',*,*,#3693,.T.);
#2356=ORIENTED_EDGE('',*,*,#3694,.T.);
#2357=ORIENTED_EDGE('',*,*,#3695,.T.);
#2358=ORIENTED_EDGE('',*,*,#3696,.T.);
#2359=ORIENTED_EDGE('',*,*,#3697,.T.);
#2360=ORIENTED_EDGE('',*,*,#3698,.T.);
#2361=ORIENTED_EDGE('',*,*,#3699,.T.);
#2362=ORIENTED_EDGE('',*,*,#3700,.T.);
#2363=ORIENTED_EDGE('',*,*,#3701,.T.);
#2364=ORIENTED_EDGE('',*,*,#3702,.T.);
#2365=ORIENTED_EDGE('',*,*,#3703,.T.);
#2366=ORIENTED_EDGE('',*,*,#3704,.T.);
#2367=ORIENTED_EDGE('',*,*,#3705,.T.);
#2368=ORIENTED_EDGE('',*,*,#3706,.T.);
#2369=ORIENTED_EDGE('',*,*,#3707,.T.);
#2370=ORIENTED_EDGE('',*,*,#3708,.T.);
#2371=ORIENTED_EDGE('',*,*,#3709,.T.);
#2372=ORIENTED_EDGE('',*,*,#3710,.T.);
#2373=ORIENTED_EDGE('',*,*,#3711,.T.);
#2374=ORIENTED_EDGE('',*,*,#3712,.T.);
#2375=ORIENTED_EDGE('',*,*,#3713,.T.);
#2376=ORIENTED_EDGE('',*,*,#3714,.T.);
#2377=ORIENTED_EDGE('',*,*,#3715,.T.);
#2378=ORIENTED_EDGE('',*,*,#3716,.T.);
#2379=ORIENTED_EDGE('',*,*,#3717,.T.);
#2380=ORIENTED_EDGE('',*,*,#3718,.T.);
#2381=ORIENTED_EDGE('',*,*,#3719,.T.);
#2382=ORIENTED_EDGE('',*,*,#3720,.T.);
#2383=ORIENTED_EDGE('',*,*,#3721,.T.);
#2384=ORIENTED_EDGE('',*,*,#3722,.T.);
#2385=ORIENTED_EDGE('',*,*,#3723,.T.);
#2386=ORIENTED_EDGE('',*,*,#3724,.T.);
#2387=ORIENTED_EDGE('',*,*,#3725,.T.);
#2388=ORIENTED_EDGE('',*,*,#3726,.T.);
#2389=ORIENTED_EDGE('',*,*,#3727,.T.);
#2390=ORIENTED_EDGE('',*,*,#3728,.T.);
#2391=ORIENTED_EDGE('',*,*,#3729,.T.);
#2392=ORIENTED_EDGE('',*,*,#3730,.T.);
#2393=ORIENTED_EDGE('',*,*,#3731,.T.);
#2394=ORIENTED_EDGE('',*,*,#3732,.T.);
#2395=ORIENTED_EDGE('',*,*,#3733,.T.);
#2396=ORIENTED_EDGE('',*,*,#3734,.T.);
#2397=ORIENTED_EDGE('',*,*,#3735,.T.);
#2398=ORIENTED_EDGE('',*,*,#3736,.T.);
#2399=ORIENTED_EDGE('',*,*,#3737,.T.);
#2400=ORIENTED_EDGE('',*,*,#3738,.T.);
#2401=ORIENTED_EDGE('',*,*,#3739,.T.);
#2402=ORIENTED_EDGE('',*,*,#3740,.T.);
#2403=ORIENTED_EDGE('',*,*,#3741,.T.);
#2404=ORIENTED_EDGE('',*,*,#3742,.T.);
#2405=ORIENTED_EDGE('',*,*,#3743,.T.);
#2406=ORIENTED_EDGE('',*,*,#3744,.T.);
#2407=ORIENTED_EDGE('',*,*,#3745,.T.);
#2408=ORIENTED_EDGE('',*,*,#3746,.T.);
#2409=ORIENTED_EDGE('',*,*,#3747,.T.);
#2410=ORIENTED_EDGE('',*,*,#3748,.T.);
#2411=ORIENTED_EDGE('',*,*,#3749,.T.);
#2412=ORIENTED_EDGE('',*,*,#3750,.T.);
#2413=ORIENTED_EDGE('',*,*,#3751,.T.);
#2414=ORIENTED_EDGE('',*,*,#3752,.T.);
#2415=ORIENTED_EDGE('',*,*,#3753,.T.);
#2416=ORIENTED_EDGE('',*,*,#3754,.T.);
#2417=ORIENTED_EDGE('',*,*,#3755,.T.);
#2418=ORIENTED_EDGE('',*,*,#3756,.T.);
#2419=ORIENTED_EDGE('',*,*,#3757,.T.);
#2420=ORIENTED_EDGE('',*,*,#3758,.T.);
#2421=ORIENTED_EDGE('',*,*,#3759,.T.);
#2422=ORIENTED_EDGE('',*,*,#3760,.T.);
#2423=ORIENTED_EDGE('',*,*,#3761,.T.);
#2424=ORIENTED_EDGE('',*,*,#3762,.T.);
#2425=ORIENTED_EDGE('',*,*,#3763,.T.);
#2426=ORIENTED_EDGE('',*,*,#3764,.T.);
#2427=ORIENTED_EDGE('',*,*,#3765,.T.);
#2428=ORIENTED_EDGE('',*,*,#3766,.T.);
#2429=ORIENTED_EDGE('',*,*,#3767,.T.);
#2430=ORIENTED_EDGE('',*,*,#3768,.T.);
#2431=ORIENTED_EDGE('',*,*,#3769,.T.);
#2432=ORIENTED_EDGE('',*,*,#3770,.T.);
#2433=ORIENTED_EDGE('',*,*,#3771,.T.);
#2434=ORIENTED_EDGE('',*,*,#3772,.T.);
#2435=ORIENTED_EDGE('',*,*,#3773,.T.);
#2436=ORIENTED_EDGE('',*,*,#3774,.T.);
#2437=ORIENTED_EDGE('',*,*,#3775,.T.);
#2438=ORIENTED_EDGE('',*,*,#3776,.T.);
#2439=ORIENTED_EDGE('',*,*,#3777,.T.);
#2440=ORIENTED_EDGE('',*,*,#3778,.T.);
#2441=ORIENTED_EDGE('',*,*,#3779,.T.);
#2442=ORIENTED_EDGE('',*,*,#3780,.T.);
#2443=ORIENTED_EDGE('',*,*,#3781,.T.);
#2444=ORIENTED_EDGE('',*,*,#3782,.T.);
#2445=ORIENTED_EDGE('',*,*,#3783,.T.);
#2446=ORIENTED_EDGE('',*,*,#3784,.T.);
#2447=ORIENTED_EDGE('',*,*,#3785,.T.);
#2448=ORIENTED_EDGE('',*,*,#3786,.T.);
#2449=ORIENTED_EDGE('',*,*,#3787,.T.);
#2450=ORIENTED_EDGE('',*,*,#3788,.T.);
#2451=ORIENTED_EDGE('',*,*,#3789,.T.);
#2452=ORIENTED_EDGE('',*,*,#3790,.T.);
#2453=ORIENTED_EDGE('',*,*,#3791,.T.);
#2454=ORIENTED_EDGE('',*,*,#3792,.T.);
#2455=ORIENTED_EDGE('',*,*,#3793,.T.);
#2456=ORIENTED_EDGE('',*,*,#3794,.T.);
#2457=ORIENTED_EDGE('',*,*,#3795,.T.);
#2458=ORIENTED_EDGE('',*,*,#3796,.T.);
#2459=ORIENTED_EDGE('',*,*,#3797,.T.);
#2460=ORIENTED_EDGE('',*,*,#3798,.T.);
#2461=ORIENTED_EDGE('',*,*,#3799,.T.);
#2462=ORIENTED_EDGE('',*,*,#3800,.T.);
#2463=ORIENTED_EDGE('',*,*,#3801,.T.);
#2464=ORIENTED_EDGE('',*,*,#3802,.T.);
#2465=ORIENTED_EDGE('',*,*,#3803,.T.);
#2466=ORIENTED_EDGE('',*,*,#3804,.T.);
#2467=ORIENTED_EDGE('',*,*,#3805,.T.);
#2468=ORIENTED_EDGE('',*,*,#3806,.T.);
#2469=ORIENTED_EDGE('',*,*,#3807,.T.);
#2470=ORIENTED_EDGE('',*,*,#3808,.T.);
#2471=ORIENTED_EDGE('',*,*,#3809,.T.);
#2472=ORIENTED_EDGE('',*,*,#3810,.T.);
#2473=ORIENTED_EDGE('',*,*,#3811,.T.);
#2474=ORIENTED_EDGE('',*,*,#3812,.T.);
#2475=ORIENTED_EDGE('',*,*,#3813,.T.);
#2476=ORIENTED_EDGE('',*,*,#3814,.T.);
#2477=ORIENTED_EDGE('',*,*,#3815,.T.);
#2478=ORIENTED_EDGE('',*,*,#3816,.T.);
#2479=ORIENTED_EDGE('',*,*,#3817,.T.);
#2480=ORIENTED_EDGE('',*,*,#3818,.T.);
#2481=ORIENTED_EDGE('',*,*,#3819,.T.);
#2482=ORIENTED_EDGE('',*,*,#3820,.T.);
#2483=ORIENTED_EDGE('',*,*,#3821,.T.);
#2484=ORIENTED_EDGE('',*,*,#3822,.T.);
#2485=ORIENTED_EDGE('',*,*,#3823,.T.);
#2486=ORIENTED_EDGE('',*,*,#3824,.T.);
#2487=ORIENTED_EDGE('',*,*,#3825,.T.);
#2488=ORIENTED_EDGE('',*,*,#3826,.T.);
#2489=ORIENTED_EDGE('',*,*,#3827,.T.);
#2490=ORIENTED_EDGE('',*,*,#3828,.T.);
#2491=ORIENTED_EDGE('',*,*,#3826,.F.);
#2492=ORIENTED_EDGE('',*,*,#3829,.F.);
#2493=ORIENTED_EDGE('',*,*,#3605,.F.);
#2494=ORIENTED_EDGE('',*,*,#3830,.T.);
#2495=ORIENTED_EDGE('',*,*,#3827,.F.);
#2496=ORIENTED_EDGE('',*,*,#3830,.F.);
#2497=ORIENTED_EDGE('',*,*,#3604,.F.);
#2498=ORIENTED_EDGE('',*,*,#3831,.T.);
#2499=ORIENTED_EDGE('',*,*,#3828,.F.);
#2500=ORIENTED_EDGE('',*,*,#3831,.F.);
#2501=ORIENTED_EDGE('',*,*,#3603,.F.);
#2502=ORIENTED_EDGE('',*,*,#3832,.T.);
#2503=ORIENTED_EDGE('',*,*,#3825,.F.);
#2504=ORIENTED_EDGE('',*,*,#3832,.F.);
#2505=ORIENTED_EDGE('',*,*,#3602,.F.);
#2506=ORIENTED_EDGE('',*,*,#3829,.T.);
#2507=ORIENTED_EDGE('',*,*,#3822,.F.);
#2508=ORIENTED_EDGE('',*,*,#3833,.F.);
#2509=ORIENTED_EDGE('',*,*,#3601,.F.);
#2510=ORIENTED_EDGE('',*,*,#3834,.T.);
#2511=ORIENTED_EDGE('',*,*,#3823,.F.);
#2512=ORIENTED_EDGE('',*,*,#3834,.F.);
#2513=ORIENTED_EDGE('',*,*,#3600,.F.);
#2514=ORIENTED_EDGE('',*,*,#3835,.T.);
#2515=ORIENTED_EDGE('',*,*,#3824,.F.);
#2516=ORIENTED_EDGE('',*,*,#3835,.F.);
#2517=ORIENTED_EDGE('',*,*,#3599,.F.);
#2518=ORIENTED_EDGE('',*,*,#3836,.T.);
#2519=ORIENTED_EDGE('',*,*,#3821,.F.);
#2520=ORIENTED_EDGE('',*,*,#3836,.F.);
#2521=ORIENTED_EDGE('',*,*,#3598,.F.);
#2522=ORIENTED_EDGE('',*,*,#3833,.T.);
#2523=ORIENTED_EDGE('',*,*,#3818,.F.);
#2524=ORIENTED_EDGE('',*,*,#3837,.F.);
#2525=ORIENTED_EDGE('',*,*,#3597,.F.);
#2526=ORIENTED_EDGE('',*,*,#3838,.T.);
#2527=ORIENTED_EDGE('',*,*,#3819,.F.);
#2528=ORIENTED_EDGE('',*,*,#3838,.F.);
#2529=ORIENTED_EDGE('',*,*,#3596,.F.);
#2530=ORIENTED_EDGE('',*,*,#3839,.T.);
#2531=ORIENTED_EDGE('',*,*,#3820,.F.);
#2532=ORIENTED_EDGE('',*,*,#3839,.F.);
#2533=ORIENTED_EDGE('',*,*,#3595,.F.);
#2534=ORIENTED_EDGE('',*,*,#3840,.T.);
#2535=ORIENTED_EDGE('',*,*,#3817,.F.);
#2536=ORIENTED_EDGE('',*,*,#3840,.F.);
#2537=ORIENTED_EDGE('',*,*,#3594,.F.);
#2538=ORIENTED_EDGE('',*,*,#3837,.T.);
#2539=ORIENTED_EDGE('',*,*,#3814,.F.);
#2540=ORIENTED_EDGE('',*,*,#3841,.F.);
#2541=ORIENTED_EDGE('',*,*,#3593,.F.);
#2542=ORIENTED_EDGE('',*,*,#3842,.T.);
#2543=ORIENTED_EDGE('',*,*,#3815,.F.);
#2544=ORIENTED_EDGE('',*,*,#3842,.F.);
#2545=ORIENTED_EDGE('',*,*,#3592,.F.);
#2546=ORIENTED_EDGE('',*,*,#3843,.T.);
#2547=ORIENTED_EDGE('',*,*,#3816,.F.);
#2548=ORIENTED_EDGE('',*,*,#3843,.F.);
#2549=ORIENTED_EDGE('',*,*,#3591,.F.);
#2550=ORIENTED_EDGE('',*,*,#3844,.T.);
#2551=ORIENTED_EDGE('',*,*,#3813,.F.);
#2552=ORIENTED_EDGE('',*,*,#3844,.F.);
#2553=ORIENTED_EDGE('',*,*,#3590,.F.);
#2554=ORIENTED_EDGE('',*,*,#3841,.T.);
#2555=ORIENTED_EDGE('',*,*,#3810,.F.);
#2556=ORIENTED_EDGE('',*,*,#3845,.F.);
#2557=ORIENTED_EDGE('',*,*,#3589,.F.);
#2558=ORIENTED_EDGE('',*,*,#3846,.T.);
#2559=ORIENTED_EDGE('',*,*,#3811,.F.);
#2560=ORIENTED_EDGE('',*,*,#3846,.F.);
#2561=ORIENTED_EDGE('',*,*,#3588,.F.);
#2562=ORIENTED_EDGE('',*,*,#3847,.T.);
#2563=ORIENTED_EDGE('',*,*,#3812,.F.);
#2564=ORIENTED_EDGE('',*,*,#3847,.F.);
#2565=ORIENTED_EDGE('',*,*,#3587,.F.);
#2566=ORIENTED_EDGE('',*,*,#3848,.T.);
#2567=ORIENTED_EDGE('',*,*,#3809,.F.);
#2568=ORIENTED_EDGE('',*,*,#3848,.F.);
#2569=ORIENTED_EDGE('',*,*,#3586,.F.);
#2570=ORIENTED_EDGE('',*,*,#3845,.T.);
#2571=ORIENTED_EDGE('',*,*,#3806,.F.);
#2572=ORIENTED_EDGE('',*,*,#3849,.F.);
#2573=ORIENTED_EDGE('',*,*,#3585,.F.);
#2574=ORIENTED_EDGE('',*,*,#3850,.T.);
#2575=ORIENTED_EDGE('',*,*,#3807,.F.);
#2576=ORIENTED_EDGE('',*,*,#3850,.F.);
#2577=ORIENTED_EDGE('',*,*,#3584,.F.);
#2578=ORIENTED_EDGE('',*,*,#3851,.T.);
#2579=ORIENTED_EDGE('',*,*,#3808,.F.);
#2580=ORIENTED_EDGE('',*,*,#3851,.F.);
#2581=ORIENTED_EDGE('',*,*,#3583,.F.);
#2582=ORIENTED_EDGE('',*,*,#3852,.T.);
#2583=ORIENTED_EDGE('',*,*,#3805,.F.);
#2584=ORIENTED_EDGE('',*,*,#3852,.F.);
#2585=ORIENTED_EDGE('',*,*,#3582,.F.);
#2586=ORIENTED_EDGE('',*,*,#3849,.T.);
#2587=ORIENTED_EDGE('',*,*,#3802,.F.);
#2588=ORIENTED_EDGE('',*,*,#3853,.F.);
#2589=ORIENTED_EDGE('',*,*,#3581,.F.);
#2590=ORIENTED_EDGE('',*,*,#3854,.T.);
#2591=ORIENTED_EDGE('',*,*,#3803,.F.);
#2592=ORIENTED_EDGE('',*,*,#3854,.F.);
#2593=ORIENTED_EDGE('',*,*,#3580,.F.);
#2594=ORIENTED_EDGE('',*,*,#3855,.T.);
#2595=ORIENTED_EDGE('',*,*,#3804,.F.);
#2596=ORIENTED_EDGE('',*,*,#3855,.F.);
#2597=ORIENTED_EDGE('',*,*,#3579,.F.);
#2598=ORIENTED_EDGE('',*,*,#3856,.T.);
#2599=ORIENTED_EDGE('',*,*,#3801,.F.);
#2600=ORIENTED_EDGE('',*,*,#3856,.F.);
#2601=ORIENTED_EDGE('',*,*,#3578,.F.);
#2602=ORIENTED_EDGE('',*,*,#3853,.T.);
#2603=ORIENTED_EDGE('',*,*,#3798,.F.);
#2604=ORIENTED_EDGE('',*,*,#3857,.F.);
#2605=ORIENTED_EDGE('',*,*,#3577,.F.);
#2606=ORIENTED_EDGE('',*,*,#3858,.T.);
#2607=ORIENTED_EDGE('',*,*,#3799,.F.);
#2608=ORIENTED_EDGE('',*,*,#3858,.F.);
#2609=ORIENTED_EDGE('',*,*,#3576,.F.);
#2610=ORIENTED_EDGE('',*,*,#3859,.T.);
#2611=ORIENTED_EDGE('',*,*,#3800,.F.);
#2612=ORIENTED_EDGE('',*,*,#3859,.F.);
#2613=ORIENTED_EDGE('',*,*,#3575,.F.);
#2614=ORIENTED_EDGE('',*,*,#3860,.T.);
#2615=ORIENTED_EDGE('',*,*,#3797,.F.);
#2616=ORIENTED_EDGE('',*,*,#3860,.F.);
#2617=ORIENTED_EDGE('',*,*,#3574,.F.);
#2618=ORIENTED_EDGE('',*,*,#3857,.T.);
#2619=ORIENTED_EDGE('',*,*,#3794,.F.);
#2620=ORIENTED_EDGE('',*,*,#3861,.F.);
#2621=ORIENTED_EDGE('',*,*,#3573,.F.);
#2622=ORIENTED_EDGE('',*,*,#3862,.T.);
#2623=ORIENTED_EDGE('',*,*,#3795,.F.);
#2624=ORIENTED_EDGE('',*,*,#3862,.F.);
#2625=ORIENTED_EDGE('',*,*,#3572,.F.);
#2626=ORIENTED_EDGE('',*,*,#3863,.T.);
#2627=ORIENTED_EDGE('',*,*,#3796,.F.);
#2628=ORIENTED_EDGE('',*,*,#3863,.F.);
#2629=ORIENTED_EDGE('',*,*,#3571,.F.);
#2630=ORIENTED_EDGE('',*,*,#3864,.T.);
#2631=ORIENTED_EDGE('',*,*,#3793,.F.);
#2632=ORIENTED_EDGE('',*,*,#3864,.F.);
#2633=ORIENTED_EDGE('',*,*,#3570,.F.);
#2634=ORIENTED_EDGE('',*,*,#3861,.T.);
#2635=ORIENTED_EDGE('',*,*,#3790,.F.);
#2636=ORIENTED_EDGE('',*,*,#3865,.F.);
#2637=ORIENTED_EDGE('',*,*,#3569,.F.);
#2638=ORIENTED_EDGE('',*,*,#3866,.T.);
#2639=ORIENTED_EDGE('',*,*,#3791,.F.);
#2640=ORIENTED_EDGE('',*,*,#3866,.F.);
#2641=ORIENTED_EDGE('',*,*,#3568,.F.);
#2642=ORIENTED_EDGE('',*,*,#3867,.T.);
#2643=ORIENTED_EDGE('',*,*,#3792,.F.);
#2644=ORIENTED_EDGE('',*,*,#3867,.F.);
#2645=ORIENTED_EDGE('',*,*,#3567,.F.);
#2646=ORIENTED_EDGE('',*,*,#3868,.T.);
#2647=ORIENTED_EDGE('',*,*,#3789,.F.);
#2648=ORIENTED_EDGE('',*,*,#3868,.F.);
#2649=ORIENTED_EDGE('',*,*,#3566,.F.);
#2650=ORIENTED_EDGE('',*,*,#3865,.T.);
#2651=ORIENTED_EDGE('',*,*,#3786,.F.);
#2652=ORIENTED_EDGE('',*,*,#3869,.F.);
#2653=ORIENTED_EDGE('',*,*,#3565,.F.);
#2654=ORIENTED_EDGE('',*,*,#3870,.T.);
#2655=ORIENTED_EDGE('',*,*,#3787,.F.);
#2656=ORIENTED_EDGE('',*,*,#3870,.F.);
#2657=ORIENTED_EDGE('',*,*,#3564,.F.);
#2658=ORIENTED_EDGE('',*,*,#3871,.T.);
#2659=ORIENTED_EDGE('',*,*,#3788,.F.);
#2660=ORIENTED_EDGE('',*,*,#3871,.F.);
#2661=ORIENTED_EDGE('',*,*,#3563,.F.);
#2662=ORIENTED_EDGE('',*,*,#3872,.T.);
#2663=ORIENTED_EDGE('',*,*,#3785,.F.);
#2664=ORIENTED_EDGE('',*,*,#3872,.F.);
#2665=ORIENTED_EDGE('',*,*,#3562,.F.);
#2666=ORIENTED_EDGE('',*,*,#3869,.T.);
#2667=ORIENTED_EDGE('',*,*,#3782,.F.);
#2668=ORIENTED_EDGE('',*,*,#3873,.F.);
#2669=ORIENTED_EDGE('',*,*,#3561,.F.);
#2670=ORIENTED_EDGE('',*,*,#3874,.T.);
#2671=ORIENTED_EDGE('',*,*,#3783,.F.);
#2672=ORIENTED_EDGE('',*,*,#3874,.F.);
#2673=ORIENTED_EDGE('',*,*,#3560,.F.);
#2674=ORIENTED_EDGE('',*,*,#3875,.T.);
#2675=ORIENTED_EDGE('',*,*,#3784,.F.);
#2676=ORIENTED_EDGE('',*,*,#3875,.F.);
#2677=ORIENTED_EDGE('',*,*,#3559,.F.);
#2678=ORIENTED_EDGE('',*,*,#3876,.T.);
#2679=ORIENTED_EDGE('',*,*,#3781,.F.);
#2680=ORIENTED_EDGE('',*,*,#3876,.F.);
#2681=ORIENTED_EDGE('',*,*,#3558,.F.);
#2682=ORIENTED_EDGE('',*,*,#3873,.T.);
#2683=ORIENTED_EDGE('',*,*,#3778,.F.);
#2684=ORIENTED_EDGE('',*,*,#3877,.F.);
#2685=ORIENTED_EDGE('',*,*,#3557,.F.);
#2686=ORIENTED_EDGE('',*,*,#3878,.T.);
#2687=ORIENTED_EDGE('',*,*,#3779,.F.);
#2688=ORIENTED_EDGE('',*,*,#3878,.F.);
#2689=ORIENTED_EDGE('',*,*,#3556,.F.);
#2690=ORIENTED_EDGE('',*,*,#3879,.T.);
#2691=ORIENTED_EDGE('',*,*,#3780,.F.);
#2692=ORIENTED_EDGE('',*,*,#3879,.F.);
#2693=ORIENTED_EDGE('',*,*,#3555,.F.);
#2694=ORIENTED_EDGE('',*,*,#3880,.T.);
#2695=ORIENTED_EDGE('',*,*,#3777,.F.);
#2696=ORIENTED_EDGE('',*,*,#3880,.F.);
#2697=ORIENTED_EDGE('',*,*,#3554,.F.);
#2698=ORIENTED_EDGE('',*,*,#3877,.T.);
#2699=ORIENTED_EDGE('',*,*,#3774,.F.);
#2700=ORIENTED_EDGE('',*,*,#3881,.F.);
#2701=ORIENTED_EDGE('',*,*,#3553,.F.);
#2702=ORIENTED_EDGE('',*,*,#3882,.T.);
#2703=ORIENTED_EDGE('',*,*,#3775,.F.);
#2704=ORIENTED_EDGE('',*,*,#3882,.F.);
#2705=ORIENTED_EDGE('',*,*,#3552,.F.);
#2706=ORIENTED_EDGE('',*,*,#3883,.T.);
#2707=ORIENTED_EDGE('',*,*,#3776,.F.);
#2708=ORIENTED_EDGE('',*,*,#3883,.F.);
#2709=ORIENTED_EDGE('',*,*,#3551,.F.);
#2710=ORIENTED_EDGE('',*,*,#3884,.T.);
#2711=ORIENTED_EDGE('',*,*,#3773,.F.);
#2712=ORIENTED_EDGE('',*,*,#3884,.F.);
#2713=ORIENTED_EDGE('',*,*,#3550,.F.);
#2714=ORIENTED_EDGE('',*,*,#3881,.T.);
#2715=ORIENTED_EDGE('',*,*,#3770,.F.);
#2716=ORIENTED_EDGE('',*,*,#3885,.F.);
#2717=ORIENTED_EDGE('',*,*,#3549,.F.);
#2718=ORIENTED_EDGE('',*,*,#3886,.T.);
#2719=ORIENTED_EDGE('',*,*,#3771,.F.);
#2720=ORIENTED_EDGE('',*,*,#3886,.F.);
#2721=ORIENTED_EDGE('',*,*,#3548,.F.);
#2722=ORIENTED_EDGE('',*,*,#3887,.T.);
#2723=ORIENTED_EDGE('',*,*,#3772,.F.);
#2724=ORIENTED_EDGE('',*,*,#3887,.F.);
#2725=ORIENTED_EDGE('',*,*,#3547,.F.);
#2726=ORIENTED_EDGE('',*,*,#3888,.T.);
#2727=ORIENTED_EDGE('',*,*,#3769,.F.);
#2728=ORIENTED_EDGE('',*,*,#3888,.F.);
#2729=ORIENTED_EDGE('',*,*,#3546,.F.);
#2730=ORIENTED_EDGE('',*,*,#3885,.T.);
#2731=ORIENTED_EDGE('',*,*,#3766,.F.);
#2732=ORIENTED_EDGE('',*,*,#3889,.F.);
#2733=ORIENTED_EDGE('',*,*,#3545,.F.);
#2734=ORIENTED_EDGE('',*,*,#3890,.T.);
#2735=ORIENTED_EDGE('',*,*,#3767,.F.);
#2736=ORIENTED_EDGE('',*,*,#3890,.F.);
#2737=ORIENTED_EDGE('',*,*,#3544,.F.);
#2738=ORIENTED_EDGE('',*,*,#3891,.T.);
#2739=ORIENTED_EDGE('',*,*,#3768,.F.);
#2740=ORIENTED_EDGE('',*,*,#3891,.F.);
#2741=ORIENTED_EDGE('',*,*,#3543,.F.);
#2742=ORIENTED_EDGE('',*,*,#3892,.T.);
#2743=ORIENTED_EDGE('',*,*,#3765,.F.);
#2744=ORIENTED_EDGE('',*,*,#3892,.F.);
#2745=ORIENTED_EDGE('',*,*,#3542,.F.);
#2746=ORIENTED_EDGE('',*,*,#3889,.T.);
#2747=ORIENTED_EDGE('',*,*,#3762,.F.);
#2748=ORIENTED_EDGE('',*,*,#3893,.F.);
#2749=ORIENTED_EDGE('',*,*,#3541,.F.);
#2750=ORIENTED_EDGE('',*,*,#3894,.T.);
#2751=ORIENTED_EDGE('',*,*,#3763,.F.);
#2752=ORIENTED_EDGE('',*,*,#3894,.F.);
#2753=ORIENTED_EDGE('',*,*,#3540,.F.);
#2754=ORIENTED_EDGE('',*,*,#3895,.T.);
#2755=ORIENTED_EDGE('',*,*,#3764,.F.);
#2756=ORIENTED_EDGE('',*,*,#3895,.F.);
#2757=ORIENTED_EDGE('',*,*,#3539,.F.);
#2758=ORIENTED_EDGE('',*,*,#3896,.T.);
#2759=ORIENTED_EDGE('',*,*,#3761,.F.);
#2760=ORIENTED_EDGE('',*,*,#3896,.F.);
#2761=ORIENTED_EDGE('',*,*,#3538,.F.);
#2762=ORIENTED_EDGE('',*,*,#3893,.T.);
#2763=ORIENTED_EDGE('',*,*,#3758,.F.);
#2764=ORIENTED_EDGE('',*,*,#3897,.F.);
#2765=ORIENTED_EDGE('',*,*,#3537,.F.);
#2766=ORIENTED_EDGE('',*,*,#3898,.T.);
#2767=ORIENTED_EDGE('',*,*,#3759,.F.);
#2768=ORIENTED_EDGE('',*,*,#3898,.F.);
#2769=ORIENTED_EDGE('',*,*,#3536,.F.);
#2770=ORIENTED_EDGE('',*,*,#3899,.T.);
#2771=ORIENTED_EDGE('',*,*,#3760,.F.);
#2772=ORIENTED_EDGE('',*,*,#3899,.F.);
#2773=ORIENTED_EDGE('',*,*,#3535,.F.);
#2774=ORIENTED_EDGE('',*,*,#3900,.T.);
#2775=ORIENTED_EDGE('',*,*,#3757,.F.);
#2776=ORIENTED_EDGE('',*,*,#3900,.F.);
#2777=ORIENTED_EDGE('',*,*,#3534,.F.);
#2778=ORIENTED_EDGE('',*,*,#3897,.T.);
#2779=ORIENTED_EDGE('',*,*,#3754,.F.);
#2780=ORIENTED_EDGE('',*,*,#3901,.F.);
#2781=ORIENTED_EDGE('',*,*,#3533,.F.);
#2782=ORIENTED_EDGE('',*,*,#3902,.T.);
#2783=ORIENTED_EDGE('',*,*,#3755,.F.);
#2784=ORIENTED_EDGE('',*,*,#3902,.F.);
#2785=ORIENTED_EDGE('',*,*,#3532,.F.);
#2786=ORIENTED_EDGE('',*,*,#3903,.T.);
#2787=ORIENTED_EDGE('',*,*,#3756,.F.);
#2788=ORIENTED_EDGE('',*,*,#3903,.F.);
#2789=ORIENTED_EDGE('',*,*,#3531,.F.);
#2790=ORIENTED_EDGE('',*,*,#3904,.T.);
#2791=ORIENTED_EDGE('',*,*,#3753,.F.);
#2792=ORIENTED_EDGE('',*,*,#3904,.F.);
#2793=ORIENTED_EDGE('',*,*,#3530,.F.);
#2794=ORIENTED_EDGE('',*,*,#3901,.T.);
#2795=ORIENTED_EDGE('',*,*,#3750,.F.);
#2796=ORIENTED_EDGE('',*,*,#3905,.F.);
#2797=ORIENTED_EDGE('',*,*,#3529,.F.);
#2798=ORIENTED_EDGE('',*,*,#3906,.T.);
#2799=ORIENTED_EDGE('',*,*,#3751,.F.);
#2800=ORIENTED_EDGE('',*,*,#3906,.F.);
#2801=ORIENTED_EDGE('',*,*,#3528,.F.);
#2802=ORIENTED_EDGE('',*,*,#3907,.T.);
#2803=ORIENTED_EDGE('',*,*,#3752,.F.);
#2804=ORIENTED_EDGE('',*,*,#3907,.F.);
#2805=ORIENTED_EDGE('',*,*,#3527,.F.);
#2806=ORIENTED_EDGE('',*,*,#3908,.T.);
#2807=ORIENTED_EDGE('',*,*,#3749,.F.);
#2808=ORIENTED_EDGE('',*,*,#3908,.F.);
#2809=ORIENTED_EDGE('',*,*,#3526,.F.);
#2810=ORIENTED_EDGE('',*,*,#3905,.T.);
#2811=ORIENTED_EDGE('',*,*,#3746,.F.);
#2812=ORIENTED_EDGE('',*,*,#3909,.F.);
#2813=ORIENTED_EDGE('',*,*,#3525,.F.);
#2814=ORIENTED_EDGE('',*,*,#3910,.T.);
#2815=ORIENTED_EDGE('',*,*,#3747,.F.);
#2816=ORIENTED_EDGE('',*,*,#3910,.F.);
#2817=ORIENTED_EDGE('',*,*,#3524,.F.);
#2818=ORIENTED_EDGE('',*,*,#3911,.T.);
#2819=ORIENTED_EDGE('',*,*,#3748,.F.);
#2820=ORIENTED_EDGE('',*,*,#3911,.F.);
#2821=ORIENTED_EDGE('',*,*,#3523,.F.);
#2822=ORIENTED_EDGE('',*,*,#3912,.T.);
#2823=ORIENTED_EDGE('',*,*,#3745,.F.);
#2824=ORIENTED_EDGE('',*,*,#3912,.F.);
#2825=ORIENTED_EDGE('',*,*,#3522,.F.);
#2826=ORIENTED_EDGE('',*,*,#3909,.T.);
#2827=ORIENTED_EDGE('',*,*,#3742,.F.);
#2828=ORIENTED_EDGE('',*,*,#3913,.F.);
#2829=ORIENTED_EDGE('',*,*,#3521,.F.);
#2830=ORIENTED_EDGE('',*,*,#3914,.T.);
#2831=ORIENTED_EDGE('',*,*,#3743,.F.);
#2832=ORIENTED_EDGE('',*,*,#3914,.F.);
#2833=ORIENTED_EDGE('',*,*,#3520,.F.);
#2834=ORIENTED_EDGE('',*,*,#3915,.T.);
#2835=ORIENTED_EDGE('',*,*,#3744,.F.);
#2836=ORIENTED_EDGE('',*,*,#3915,.F.);
#2837=ORIENTED_EDGE('',*,*,#3519,.F.);
#2838=ORIENTED_EDGE('',*,*,#3916,.T.);
#2839=ORIENTED_EDGE('',*,*,#3741,.F.);
#2840=ORIENTED_EDGE('',*,*,#3916,.F.);
#2841=ORIENTED_EDGE('',*,*,#3518,.F.);
#2842=ORIENTED_EDGE('',*,*,#3913,.T.);
#2843=ORIENTED_EDGE('',*,*,#3738,.F.);
#2844=ORIENTED_EDGE('',*,*,#3917,.F.);
#2845=ORIENTED_EDGE('',*,*,#3517,.F.);
#2846=ORIENTED_EDGE('',*,*,#3918,.T.);
#2847=ORIENTED_EDGE('',*,*,#3739,.F.);
#2848=ORIENTED_EDGE('',*,*,#3918,.F.);
#2849=ORIENTED_EDGE('',*,*,#3516,.F.);
#2850=ORIENTED_EDGE('',*,*,#3919,.T.);
#2851=ORIENTED_EDGE('',*,*,#3740,.F.);
#2852=ORIENTED_EDGE('',*,*,#3919,.F.);
#2853=ORIENTED_EDGE('',*,*,#3515,.F.);
#2854=ORIENTED_EDGE('',*,*,#3920,.T.);
#2855=ORIENTED_EDGE('',*,*,#3737,.F.);
#2856=ORIENTED_EDGE('',*,*,#3920,.F.);
#2857=ORIENTED_EDGE('',*,*,#3514,.F.);
#2858=ORIENTED_EDGE('',*,*,#3917,.T.);
#2859=ORIENTED_EDGE('',*,*,#3734,.F.);
#2860=ORIENTED_EDGE('',*,*,#3921,.F.);
#2861=ORIENTED_EDGE('',*,*,#3513,.F.);
#2862=ORIENTED_EDGE('',*,*,#3922,.T.);
#2863=ORIENTED_EDGE('',*,*,#3735,.F.);
#2864=ORIENTED_EDGE('',*,*,#3922,.F.);
#2865=ORIENTED_EDGE('',*,*,#3512,.F.);
#2866=ORIENTED_EDGE('',*,*,#3923,.T.);
#2867=ORIENTED_EDGE('',*,*,#3736,.F.);
#2868=ORIENTED_EDGE('',*,*,#3923,.F.);
#2869=ORIENTED_EDGE('',*,*,#3511,.F.);
#2870=ORIENTED_EDGE('',*,*,#3924,.T.);
#2871=ORIENTED_EDGE('',*,*,#3733,.F.);
#2872=ORIENTED_EDGE('',*,*,#3924,.F.);
#2873=ORIENTED_EDGE('',*,*,#3510,.F.);
#2874=ORIENTED_EDGE('',*,*,#3921,.T.);
#2875=ORIENTED_EDGE('',*,*,#3730,.F.);
#2876=ORIENTED_EDGE('',*,*,#3925,.F.);
#2877=ORIENTED_EDGE('',*,*,#3509,.F.);
#2878=ORIENTED_EDGE('',*,*,#3926,.T.);
#2879=ORIENTED_EDGE('',*,*,#3731,.F.);
#2880=ORIENTED_EDGE('',*,*,#3926,.F.);
#2881=ORIENTED_EDGE('',*,*,#3508,.F.);
#2882=ORIENTED_EDGE('',*,*,#3927,.T.);
#2883=ORIENTED_EDGE('',*,*,#3732,.F.);
#2884=ORIENTED_EDGE('',*,*,#3927,.F.);
#2885=ORIENTED_EDGE('',*,*,#3507,.F.);
#2886=ORIENTED_EDGE('',*,*,#3928,.T.);
#2887=ORIENTED_EDGE('',*,*,#3729,.F.);
#2888=ORIENTED_EDGE('',*,*,#3928,.F.);
#2889=ORIENTED_EDGE('',*,*,#3506,.F.);
#2890=ORIENTED_EDGE('',*,*,#3925,.T.);
#2891=ORIENTED_EDGE('',*,*,#3726,.F.);
#2892=ORIENTED_EDGE('',*,*,#3929,.F.);
#2893=ORIENTED_EDGE('',*,*,#3505,.F.);
#2894=ORIENTED_EDGE('',*,*,#3930,.T.);
#2895=ORIENTED_EDGE('',*,*,#3727,.F.);
#2896=ORIENTED_EDGE('',*,*,#3930,.F.);
#2897=ORIENTED_EDGE('',*,*,#3504,.F.);
#2898=ORIENTED_EDGE('',*,*,#3931,.T.);
#2899=ORIENTED_EDGE('',*,*,#3728,.F.);
#2900=ORIENTED_EDGE('',*,*,#3931,.F.);
#2901=ORIENTED_EDGE('',*,*,#3503,.F.);
#2902=ORIENTED_EDGE('',*,*,#3932,.T.);
#2903=ORIENTED_EDGE('',*,*,#3725,.F.);
#2904=ORIENTED_EDGE('',*,*,#3932,.F.);
#2905=ORIENTED_EDGE('',*,*,#3502,.F.);
#2906=ORIENTED_EDGE('',*,*,#3929,.T.);
#2907=ORIENTED_EDGE('',*,*,#3722,.F.);
#2908=ORIENTED_EDGE('',*,*,#3933,.F.);
#2909=ORIENTED_EDGE('',*,*,#3501,.F.);
#2910=ORIENTED_EDGE('',*,*,#3934,.T.);
#2911=ORIENTED_EDGE('',*,*,#3723,.F.);
#2912=ORIENTED_EDGE('',*,*,#3934,.F.);
#2913=ORIENTED_EDGE('',*,*,#3500,.F.);
#2914=ORIENTED_EDGE('',*,*,#3935,.T.);
#2915=ORIENTED_EDGE('',*,*,#3724,.F.);
#2916=ORIENTED_EDGE('',*,*,#3935,.F.);
#2917=ORIENTED_EDGE('',*,*,#3499,.F.);
#2918=ORIENTED_EDGE('',*,*,#3936,.T.);
#2919=ORIENTED_EDGE('',*,*,#3721,.F.);
#2920=ORIENTED_EDGE('',*,*,#3936,.F.);
#2921=ORIENTED_EDGE('',*,*,#3498,.F.);
#2922=ORIENTED_EDGE('',*,*,#3933,.T.);
#2923=ORIENTED_EDGE('',*,*,#3718,.F.);
#2924=ORIENTED_EDGE('',*,*,#3937,.F.);
#2925=ORIENTED_EDGE('',*,*,#3497,.F.);
#2926=ORIENTED_EDGE('',*,*,#3938,.T.);
#2927=ORIENTED_EDGE('',*,*,#3719,.F.);
#2928=ORIENTED_EDGE('',*,*,#3938,.F.);
#2929=ORIENTED_EDGE('',*,*,#3496,.F.);
#2930=ORIENTED_EDGE('',*,*,#3939,.T.);
#2931=ORIENTED_EDGE('',*,*,#3720,.F.);
#2932=ORIENTED_EDGE('',*,*,#3939,.F.);
#2933=ORIENTED_EDGE('',*,*,#3495,.F.);
#2934=ORIENTED_EDGE('',*,*,#3940,.T.);
#2935=ORIENTED_EDGE('',*,*,#3717,.F.);
#2936=ORIENTED_EDGE('',*,*,#3940,.F.);
#2937=ORIENTED_EDGE('',*,*,#3494,.F.);
#2938=ORIENTED_EDGE('',*,*,#3937,.T.);
#2939=ORIENTED_EDGE('',*,*,#3714,.F.);
#2940=ORIENTED_EDGE('',*,*,#3941,.F.);
#2941=ORIENTED_EDGE('',*,*,#3493,.F.);
#2942=ORIENTED_EDGE('',*,*,#3942,.T.);
#2943=ORIENTED_EDGE('',*,*,#3715,.F.);
#2944=ORIENTED_EDGE('',*,*,#3942,.F.);
#2945=ORIENTED_EDGE('',*,*,#3492,.F.);
#2946=ORIENTED_EDGE('',*,*,#3943,.T.);
#2947=ORIENTED_EDGE('',*,*,#3716,.F.);
#2948=ORIENTED_EDGE('',*,*,#3943,.F.);
#2949=ORIENTED_EDGE('',*,*,#3491,.F.);
#2950=ORIENTED_EDGE('',*,*,#3944,.T.);
#2951=ORIENTED_EDGE('',*,*,#3713,.F.);
#2952=ORIENTED_EDGE('',*,*,#3944,.F.);
#2953=ORIENTED_EDGE('',*,*,#3490,.F.);
#2954=ORIENTED_EDGE('',*,*,#3941,.T.);
#2955=ORIENTED_EDGE('',*,*,#3710,.F.);
#2956=ORIENTED_EDGE('',*,*,#3945,.F.);
#2957=ORIENTED_EDGE('',*,*,#3489,.F.);
#2958=ORIENTED_EDGE('',*,*,#3946,.T.);
#2959=ORIENTED_EDGE('',*,*,#3711,.F.);
#2960=ORIENTED_EDGE('',*,*,#3946,.F.);
#2961=ORIENTED_EDGE('',*,*,#3488,.F.);
#2962=ORIENTED_EDGE('',*,*,#3947,.T.);
#2963=ORIENTED_EDGE('',*,*,#3712,.F.);
#2964=ORIENTED_EDGE('',*,*,#3947,.F.);
#2965=ORIENTED_EDGE('',*,*,#3487,.F.);
#2966=ORIENTED_EDGE('',*,*,#3948,.T.);
#2967=ORIENTED_EDGE('',*,*,#3709,.F.);
#2968=ORIENTED_EDGE('',*,*,#3948,.F.);
#2969=ORIENTED_EDGE('',*,*,#3486,.F.);
#2970=ORIENTED_EDGE('',*,*,#3945,.T.);
#2971=ORIENTED_EDGE('',*,*,#3706,.F.);
#2972=ORIENTED_EDGE('',*,*,#3949,.F.);
#2973=ORIENTED_EDGE('',*,*,#3485,.F.);
#2974=ORIENTED_EDGE('',*,*,#3950,.T.);
#2975=ORIENTED_EDGE('',*,*,#3707,.F.);
#2976=ORIENTED_EDGE('',*,*,#3950,.F.);
#2977=ORIENTED_EDGE('',*,*,#3484,.F.);
#2978=ORIENTED_EDGE('',*,*,#3951,.T.);
#2979=ORIENTED_EDGE('',*,*,#3708,.F.);
#2980=ORIENTED_EDGE('',*,*,#3951,.F.);
#2981=ORIENTED_EDGE('',*,*,#3483,.F.);
#2982=ORIENTED_EDGE('',*,*,#3952,.T.);
#2983=ORIENTED_EDGE('',*,*,#3705,.F.);
#2984=ORIENTED_EDGE('',*,*,#3952,.F.);
#2985=ORIENTED_EDGE('',*,*,#3482,.F.);
#2986=ORIENTED_EDGE('',*,*,#3949,.T.);
#2987=ORIENTED_EDGE('',*,*,#3702,.F.);
#2988=ORIENTED_EDGE('',*,*,#3953,.F.);
#2989=ORIENTED_EDGE('',*,*,#3481,.F.);
#2990=ORIENTED_EDGE('',*,*,#3954,.T.);
#2991=ORIENTED_EDGE('',*,*,#3703,.F.);
#2992=ORIENTED_EDGE('',*,*,#3954,.F.);
#2993=ORIENTED_EDGE('',*,*,#3480,.F.);
#2994=ORIENTED_EDGE('',*,*,#3955,.T.);
#2995=ORIENTED_EDGE('',*,*,#3704,.F.);
#2996=ORIENTED_EDGE('',*,*,#3955,.F.);
#2997=ORIENTED_EDGE('',*,*,#3479,.F.);
#2998=ORIENTED_EDGE('',*,*,#3956,.T.);
#2999=ORIENTED_EDGE('',*,*,#3701,.F.);
#3000=ORIENTED_EDGE('',*,*,#3956,.F.);
#3001=ORIENTED_EDGE('',*,*,#3478,.F.);
#3002=ORIENTED_EDGE('',*,*,#3953,.T.);
#3003=ORIENTED_EDGE('',*,*,#3698,.F.);
#3004=ORIENTED_EDGE('',*,*,#3957,.F.);
#3005=ORIENTED_EDGE('',*,*,#3477,.F.);
#3006=ORIENTED_EDGE('',*,*,#3958,.T.);
#3007=ORIENTED_EDGE('',*,*,#3699,.F.);
#3008=ORIENTED_EDGE('',*,*,#3958,.F.);
#3009=ORIENTED_EDGE('',*,*,#3476,.F.);
#3010=ORIENTED_EDGE('',*,*,#3959,.T.);
#3011=ORIENTED_EDGE('',*,*,#3700,.F.);
#3012=ORIENTED_EDGE('',*,*,#3959,.F.);
#3013=ORIENTED_EDGE('',*,*,#3475,.F.);
#3014=ORIENTED_EDGE('',*,*,#3960,.T.);
#3015=ORIENTED_EDGE('',*,*,#3697,.F.);
#3016=ORIENTED_EDGE('',*,*,#3960,.F.);
#3017=ORIENTED_EDGE('',*,*,#3474,.F.);
#3018=ORIENTED_EDGE('',*,*,#3957,.T.);
#3019=ORIENTED_EDGE('',*,*,#3694,.F.);
#3020=ORIENTED_EDGE('',*,*,#3961,.F.);
#3021=ORIENTED_EDGE('',*,*,#3473,.F.);
#3022=ORIENTED_EDGE('',*,*,#3962,.T.);
#3023=ORIENTED_EDGE('',*,*,#3695,.F.);
#3024=ORIENTED_EDGE('',*,*,#3962,.F.);
#3025=ORIENTED_EDGE('',*,*,#3472,.F.);
#3026=ORIENTED_EDGE('',*,*,#3963,.T.);
#3027=ORIENTED_EDGE('',*,*,#3696,.F.);
#3028=ORIENTED_EDGE('',*,*,#3963,.F.);
#3029=ORIENTED_EDGE('',*,*,#3471,.F.);
#3030=ORIENTED_EDGE('',*,*,#3964,.T.);
#3031=ORIENTED_EDGE('',*,*,#3693,.F.);
#3032=ORIENTED_EDGE('',*,*,#3964,.F.);
#3033=ORIENTED_EDGE('',*,*,#3470,.F.);
#3034=ORIENTED_EDGE('',*,*,#3961,.T.);
#3035=ORIENTED_EDGE('',*,*,#3690,.F.);
#3036=ORIENTED_EDGE('',*,*,#3965,.F.);
#3037=ORIENTED_EDGE('',*,*,#3469,.F.);
#3038=ORIENTED_EDGE('',*,*,#3966,.T.);
#3039=ORIENTED_EDGE('',*,*,#3691,.F.);
#3040=ORIENTED_EDGE('',*,*,#3966,.F.);
#3041=ORIENTED_EDGE('',*,*,#3468,.F.);
#3042=ORIENTED_EDGE('',*,*,#3967,.T.);
#3043=ORIENTED_EDGE('',*,*,#3692,.F.);
#3044=ORIENTED_EDGE('',*,*,#3967,.F.);
#3045=ORIENTED_EDGE('',*,*,#3467,.F.);
#3046=ORIENTED_EDGE('',*,*,#3968,.T.);
#3047=ORIENTED_EDGE('',*,*,#3689,.F.);
#3048=ORIENTED_EDGE('',*,*,#3968,.F.);
#3049=ORIENTED_EDGE('',*,*,#3466,.F.);
#3050=ORIENTED_EDGE('',*,*,#3965,.T.);
#3051=ORIENTED_EDGE('',*,*,#3686,.F.);
#3052=ORIENTED_EDGE('',*,*,#3969,.F.);
#3053=ORIENTED_EDGE('',*,*,#3465,.F.);
#3054=ORIENTED_EDGE('',*,*,#3970,.T.);
#3055=ORIENTED_EDGE('',*,*,#3687,.F.);
#3056=ORIENTED_EDGE('',*,*,#3970,.F.);
#3057=ORIENTED_EDGE('',*,*,#3464,.F.);
#3058=ORIENTED_EDGE('',*,*,#3971,.T.);
#3059=ORIENTED_EDGE('',*,*,#3688,.F.);
#3060=ORIENTED_EDGE('',*,*,#3971,.F.);
#3061=ORIENTED_EDGE('',*,*,#3463,.F.);
#3062=ORIENTED_EDGE('',*,*,#3972,.T.);
#3063=ORIENTED_EDGE('',*,*,#3685,.F.);
#3064=ORIENTED_EDGE('',*,*,#3972,.F.);
#3065=ORIENTED_EDGE('',*,*,#3462,.F.);
#3066=ORIENTED_EDGE('',*,*,#3969,.T.);
#3067=ORIENTED_EDGE('',*,*,#3682,.F.);
#3068=ORIENTED_EDGE('',*,*,#3973,.F.);
#3069=ORIENTED_EDGE('',*,*,#3461,.F.);
#3070=ORIENTED_EDGE('',*,*,#3974,.T.);
#3071=ORIENTED_EDGE('',*,*,#3683,.F.);
#3072=ORIENTED_EDGE('',*,*,#3974,.F.);
#3073=ORIENTED_EDGE('',*,*,#3460,.F.);
#3074=ORIENTED_EDGE('',*,*,#3975,.T.);
#3075=ORIENTED_EDGE('',*,*,#3684,.F.);
#3076=ORIENTED_EDGE('',*,*,#3975,.F.);
#3077=ORIENTED_EDGE('',*,*,#3459,.F.);
#3078=ORIENTED_EDGE('',*,*,#3976,.T.);
#3079=ORIENTED_EDGE('',*,*,#3681,.F.);
#3080=ORIENTED_EDGE('',*,*,#3976,.F.);
#3081=ORIENTED_EDGE('',*,*,#3458,.F.);
#3082=ORIENTED_EDGE('',*,*,#3973,.T.);
#3083=ORIENTED_EDGE('',*,*,#3678,.F.);
#3084=ORIENTED_EDGE('',*,*,#3977,.F.);
#3085=ORIENTED_EDGE('',*,*,#3457,.F.);
#3086=ORIENTED_EDGE('',*,*,#3978,.T.);
#3087=ORIENTED_EDGE('',*,*,#3679,.F.);
#3088=ORIENTED_EDGE('',*,*,#3978,.F.);
#3089=ORIENTED_EDGE('',*,*,#3456,.F.);
#3090=ORIENTED_EDGE('',*,*,#3979,.T.);
#3091=ORIENTED_EDGE('',*,*,#3680,.F.);
#3092=ORIENTED_EDGE('',*,*,#3979,.F.);
#3093=ORIENTED_EDGE('',*,*,#3455,.F.);
#3094=ORIENTED_EDGE('',*,*,#3980,.T.);
#3095=ORIENTED_EDGE('',*,*,#3677,.F.);
#3096=ORIENTED_EDGE('',*,*,#3980,.F.);
#3097=ORIENTED_EDGE('',*,*,#3454,.F.);
#3098=ORIENTED_EDGE('',*,*,#3977,.T.);
#3099=ORIENTED_EDGE('',*,*,#3674,.F.);
#3100=ORIENTED_EDGE('',*,*,#3981,.F.);
#3101=ORIENTED_EDGE('',*,*,#3453,.F.);
#3102=ORIENTED_EDGE('',*,*,#3982,.T.);
#3103=ORIENTED_EDGE('',*,*,#3675,.F.);
#3104=ORIENTED_EDGE('',*,*,#3982,.F.);
#3105=ORIENTED_EDGE('',*,*,#3452,.F.);
#3106=ORIENTED_EDGE('',*,*,#3983,.T.);
#3107=ORIENTED_EDGE('',*,*,#3676,.F.);
#3108=ORIENTED_EDGE('',*,*,#3983,.F.);
#3109=ORIENTED_EDGE('',*,*,#3451,.F.);
#3110=ORIENTED_EDGE('',*,*,#3984,.T.);
#3111=ORIENTED_EDGE('',*,*,#3673,.F.);
#3112=ORIENTED_EDGE('',*,*,#3984,.F.);
#3113=ORIENTED_EDGE('',*,*,#3450,.F.);
#3114=ORIENTED_EDGE('',*,*,#3981,.T.);
#3115=ORIENTED_EDGE('',*,*,#3670,.F.);
#3116=ORIENTED_EDGE('',*,*,#3985,.F.);
#3117=ORIENTED_EDGE('',*,*,#3449,.F.);
#3118=ORIENTED_EDGE('',*,*,#3986,.T.);
#3119=ORIENTED_EDGE('',*,*,#3671,.F.);
#3120=ORIENTED_EDGE('',*,*,#3986,.F.);
#3121=ORIENTED_EDGE('',*,*,#3448,.F.);
#3122=ORIENTED_EDGE('',*,*,#3987,.T.);
#3123=ORIENTED_EDGE('',*,*,#3672,.F.);
#3124=ORIENTED_EDGE('',*,*,#3987,.F.);
#3125=ORIENTED_EDGE('',*,*,#3447,.F.);
#3126=ORIENTED_EDGE('',*,*,#3988,.T.);
#3127=ORIENTED_EDGE('',*,*,#3669,.F.);
#3128=ORIENTED_EDGE('',*,*,#3988,.F.);
#3129=ORIENTED_EDGE('',*,*,#3446,.F.);
#3130=ORIENTED_EDGE('',*,*,#3985,.T.);
#3131=ORIENTED_EDGE('',*,*,#3666,.F.);
#3132=ORIENTED_EDGE('',*,*,#3989,.F.);
#3133=ORIENTED_EDGE('',*,*,#3445,.F.);
#3134=ORIENTED_EDGE('',*,*,#3990,.T.);
#3135=ORIENTED_EDGE('',*,*,#3667,.F.);
#3136=ORIENTED_EDGE('',*,*,#3990,.F.);
#3137=ORIENTED_EDGE('',*,*,#3444,.F.);
#3138=ORIENTED_EDGE('',*,*,#3991,.T.);
#3139=ORIENTED_EDGE('',*,*,#3668,.F.);
#3140=ORIENTED_EDGE('',*,*,#3991,.F.);
#3141=ORIENTED_EDGE('',*,*,#3443,.F.);
#3142=ORIENTED_EDGE('',*,*,#3992,.T.);
#3143=ORIENTED_EDGE('',*,*,#3665,.F.);
#3144=ORIENTED_EDGE('',*,*,#3992,.F.);
#3145=ORIENTED_EDGE('',*,*,#3442,.F.);
#3146=ORIENTED_EDGE('',*,*,#3989,.T.);
#3147=ORIENTED_EDGE('',*,*,#3659,.F.);
#3148=ORIENTED_EDGE('',*,*,#3993,.F.);
#3149=ORIENTED_EDGE('',*,*,#3441,.F.);
#3150=ORIENTED_EDGE('',*,*,#3994,.T.);
#3151=ORIENTED_EDGE('',*,*,#3660,.F.);
#3152=ORIENTED_EDGE('',*,*,#3994,.F.);
#3153=ORIENTED_EDGE('',*,*,#3440,.F.);
#3154=ORIENTED_EDGE('',*,*,#3995,.T.);
#3155=ORIENTED_EDGE('',*,*,#3661,.F.);
#3156=ORIENTED_EDGE('',*,*,#3995,.F.);
#3157=ORIENTED_EDGE('',*,*,#3439,.F.);
#3158=ORIENTED_EDGE('',*,*,#3996,.T.);
#3159=ORIENTED_EDGE('',*,*,#3662,.F.);
#3160=ORIENTED_EDGE('',*,*,#3996,.F.);
#3161=ORIENTED_EDGE('',*,*,#3438,.F.);
#3162=ORIENTED_EDGE('',*,*,#3997,.T.);
#3163=ORIENTED_EDGE('',*,*,#3663,.F.);
#3164=ORIENTED_EDGE('',*,*,#3997,.F.);
#3165=ORIENTED_EDGE('',*,*,#3437,.F.);
#3166=ORIENTED_EDGE('',*,*,#3998,.T.);
#3167=ORIENTED_EDGE('',*,*,#3664,.F.);
#3168=ORIENTED_EDGE('',*,*,#3998,.F.);
#3169=ORIENTED_EDGE('',*,*,#3436,.F.);
#3170=ORIENTED_EDGE('',*,*,#3999,.T.);
#3171=ORIENTED_EDGE('',*,*,#3658,.F.);
#3172=ORIENTED_EDGE('',*,*,#3999,.F.);
#3173=ORIENTED_EDGE('',*,*,#3435,.F.);
#3174=ORIENTED_EDGE('',*,*,#3993,.T.);
#3175=ORIENTED_EDGE('',*,*,#3649,.F.);
#3176=ORIENTED_EDGE('',*,*,#4000,.F.);
#3177=ORIENTED_EDGE('',*,*,#3434,.F.);
#3178=ORIENTED_EDGE('',*,*,#4001,.T.);
#3179=ORIENTED_EDGE('',*,*,#3650,.F.);
#3180=ORIENTED_EDGE('',*,*,#4001,.F.);
#3181=ORIENTED_EDGE('',*,*,#3433,.F.);
#3182=ORIENTED_EDGE('',*,*,#4002,.T.);
#3183=ORIENTED_EDGE('',*,*,#3651,.F.);
#3184=ORIENTED_EDGE('',*,*,#4002,.F.);
#3185=ORIENTED_EDGE('',*,*,#3432,.F.);
#3186=ORIENTED_EDGE('',*,*,#4003,.T.);
#3187=ORIENTED_EDGE('',*,*,#3652,.F.);
#3188=ORIENTED_EDGE('',*,*,#4003,.F.);
#3189=ORIENTED_EDGE('',*,*,#3431,.F.);
#3190=ORIENTED_EDGE('',*,*,#4004,.T.);
#3191=ORIENTED_EDGE('',*,*,#3653,.F.);
#3192=ORIENTED_EDGE('',*,*,#4004,.F.);
#3193=ORIENTED_EDGE('',*,*,#3430,.F.);
#3194=ORIENTED_EDGE('',*,*,#4005,.T.);
#3195=ORIENTED_EDGE('',*,*,#3654,.F.);
#3196=ORIENTED_EDGE('',*,*,#4005,.F.);
#3197=ORIENTED_EDGE('',*,*,#3429,.F.);
#3198=ORIENTED_EDGE('',*,*,#4006,.T.);
#3199=ORIENTED_EDGE('',*,*,#3655,.F.);
#3200=ORIENTED_EDGE('',*,*,#4006,.F.);
#3201=ORIENTED_EDGE('',*,*,#3428,.F.);
#3202=ORIENTED_EDGE('',*,*,#4007,.T.);
#3203=ORIENTED_EDGE('',*,*,#3656,.F.);
#3204=ORIENTED_EDGE('',*,*,#4007,.F.);
#3205=ORIENTED_EDGE('',*,*,#3427,.F.);
#3206=ORIENTED_EDGE('',*,*,#4008,.T.);
#3207=ORIENTED_EDGE('',*,*,#3657,.F.);
#3208=ORIENTED_EDGE('',*,*,#4008,.F.);
#3209=ORIENTED_EDGE('',*,*,#3426,.F.);
#3210=ORIENTED_EDGE('',*,*,#4009,.T.);
#3211=ORIENTED_EDGE('',*,*,#3648,.F.);
#3212=ORIENTED_EDGE('',*,*,#4009,.F.);
#3213=ORIENTED_EDGE('',*,*,#3425,.F.);
#3214=ORIENTED_EDGE('',*,*,#4000,.T.);
#3215=ORIENTED_EDGE('',*,*,#3639,.F.);
#3216=ORIENTED_EDGE('',*,*,#4010,.F.);
#3217=ORIENTED_EDGE('',*,*,#3424,.F.);
#3218=ORIENTED_EDGE('',*,*,#4011,.T.);
#3219=ORIENTED_EDGE('',*,*,#3640,.F.);
#3220=ORIENTED_EDGE('',*,*,#4011,.F.);
#3221=ORIENTED_EDGE('',*,*,#3423,.F.);
#3222=ORIENTED_EDGE('',*,*,#4012,.T.);
#3223=ORIENTED_EDGE('',*,*,#3641,.F.);
#3224=ORIENTED_EDGE('',*,*,#4012,.F.);
#3225=ORIENTED_EDGE('',*,*,#3422,.F.);
#3226=ORIENTED_EDGE('',*,*,#4013,.T.);
#3227=ORIENTED_EDGE('',*,*,#3642,.F.);
#3228=ORIENTED_EDGE('',*,*,#4013,.F.);
#3229=ORIENTED_EDGE('',*,*,#3421,.F.);
#3230=ORIENTED_EDGE('',*,*,#4014,.T.);
#3231=ORIENTED_EDGE('',*,*,#3643,.F.);
#3232=ORIENTED_EDGE('',*,*,#4014,.F.);
#3233=ORIENTED_EDGE('',*,*,#3420,.F.);
#3234=ORIENTED_EDGE('',*,*,#4015,.T.);
#3235=ORIENTED_EDGE('',*,*,#3644,.F.);
#3236=ORIENTED_EDGE('',*,*,#4015,.F.);
#3237=ORIENTED_EDGE('',*,*,#3419,.F.);
#3238=ORIENTED_EDGE('',*,*,#4016,.T.);
#3239=ORIENTED_EDGE('',*,*,#3645,.F.);
#3240=ORIENTED_EDGE('',*,*,#4016,.F.);
#3241=ORIENTED_EDGE('',*,*,#3418,.F.);
#3242=ORIENTED_EDGE('',*,*,#4017,.T.);
#3243=ORIENTED_EDGE('',*,*,#3646,.F.);
#3244=ORIENTED_EDGE('',*,*,#4017,.F.);
#3245=ORIENTED_EDGE('',*,*,#3417,.F.);
#3246=ORIENTED_EDGE('',*,*,#4018,.T.);
#3247=ORIENTED_EDGE('',*,*,#3647,.F.);
#3248=ORIENTED_EDGE('',*,*,#4018,.F.);
#3249=ORIENTED_EDGE('',*,*,#3416,.F.);
#3250=ORIENTED_EDGE('',*,*,#4019,.T.);
#3251=ORIENTED_EDGE('',*,*,#3638,.F.);
#3252=ORIENTED_EDGE('',*,*,#4019,.F.);
#3253=ORIENTED_EDGE('',*,*,#3415,.F.);
#3254=ORIENTED_EDGE('',*,*,#4010,.T.);
#3255=ORIENTED_EDGE('',*,*,#3627,.F.);
#3256=ORIENTED_EDGE('',*,*,#4020,.F.);
#3257=ORIENTED_EDGE('',*,*,#3414,.F.);
#3258=ORIENTED_EDGE('',*,*,#4021,.T.);
#3259=ORIENTED_EDGE('',*,*,#3628,.F.);
#3260=ORIENTED_EDGE('',*,*,#4021,.F.);
#3261=ORIENTED_EDGE('',*,*,#3413,.F.);
#3262=ORIENTED_EDGE('',*,*,#4022,.T.);
#3263=ORIENTED_EDGE('',*,*,#3629,.F.);
#3264=ORIENTED_EDGE('',*,*,#4022,.F.);
#3265=ORIENTED_EDGE('',*,*,#3412,.F.);
#3266=ORIENTED_EDGE('',*,*,#4023,.T.);
#3267=ORIENTED_EDGE('',*,*,#3630,.F.);
#3268=ORIENTED_EDGE('',*,*,#4023,.F.);
#3269=ORIENTED_EDGE('',*,*,#3411,.F.);
#3270=ORIENTED_EDGE('',*,*,#4024,.T.);
#3271=ORIENTED_EDGE('',*,*,#3631,.F.);
#3272=ORIENTED_EDGE('',*,*,#4024,.F.);
#3273=ORIENTED_EDGE('',*,*,#3410,.F.);
#3274=ORIENTED_EDGE('',*,*,#4025,.T.);
#3275=ORIENTED_EDGE('',*,*,#3632,.F.);
#3276=ORIENTED_EDGE('',*,*,#4025,.F.);
#3277=ORIENTED_EDGE('',*,*,#3409,.F.);
#3278=ORIENTED_EDGE('',*,*,#4026,.T.);
#3279=ORIENTED_EDGE('',*,*,#3633,.F.);
#3280=ORIENTED_EDGE('',*,*,#4026,.F.);
#3281=ORIENTED_EDGE('',*,*,#3408,.F.);
#3282=ORIENTED_EDGE('',*,*,#4027,.T.);
#3283=ORIENTED_EDGE('',*,*,#3634,.F.);
#3284=ORIENTED_EDGE('',*,*,#4027,.F.);
#3285=ORIENTED_EDGE('',*,*,#3407,.F.);
#3286=ORIENTED_EDGE('',*,*,#4028,.T.);
#3287=ORIENTED_EDGE('',*,*,#3635,.F.);
#3288=ORIENTED_EDGE('',*,*,#4028,.F.);
#3289=ORIENTED_EDGE('',*,*,#3406,.F.);
#3290=ORIENTED_EDGE('',*,*,#4029,.T.);
#3291=ORIENTED_EDGE('',*,*,#3636,.F.);
#3292=ORIENTED_EDGE('',*,*,#4029,.F.);
#3293=ORIENTED_EDGE('',*,*,#3405,.F.);
#3294=ORIENTED_EDGE('',*,*,#4030,.T.);
#3295=ORIENTED_EDGE('',*,*,#3637,.F.);
#3296=ORIENTED_EDGE('',*,*,#4030,.F.);
#3297=ORIENTED_EDGE('',*,*,#3404,.F.);
#3298=ORIENTED_EDGE('',*,*,#4031,.T.);
#3299=ORIENTED_EDGE('',*,*,#3626,.F.);
#3300=ORIENTED_EDGE('',*,*,#4031,.F.);
#3301=ORIENTED_EDGE('',*,*,#3403,.F.);
#3302=ORIENTED_EDGE('',*,*,#4020,.T.);
#3303=ORIENTED_EDGE('',*,*,#3623,.F.);
#3304=ORIENTED_EDGE('',*,*,#4032,.F.);
#3305=ORIENTED_EDGE('',*,*,#3402,.F.);
#3306=ORIENTED_EDGE('',*,*,#4033,.T.);
#3307=ORIENTED_EDGE('',*,*,#3624,.F.);
#3308=ORIENTED_EDGE('',*,*,#4033,.F.);
#3309=ORIENTED_EDGE('',*,*,#3401,.F.);
#3310=ORIENTED_EDGE('',*,*,#4034,.T.);
#3311=ORIENTED_EDGE('',*,*,#3625,.F.);
#3312=ORIENTED_EDGE('',*,*,#4034,.F.);
#3313=ORIENTED_EDGE('',*,*,#3400,.F.);
#3314=ORIENTED_EDGE('',*,*,#4035,.T.);
#3315=ORIENTED_EDGE('',*,*,#3622,.F.);
#3316=ORIENTED_EDGE('',*,*,#4035,.F.);
#3317=ORIENTED_EDGE('',*,*,#3399,.F.);
#3318=ORIENTED_EDGE('',*,*,#4032,.T.);
#3319=ORIENTED_EDGE('',*,*,#3615,.F.);
#3320=ORIENTED_EDGE('',*,*,#4036,.F.);
#3321=ORIENTED_EDGE('',*,*,#3398,.F.);
#3322=ORIENTED_EDGE('',*,*,#4037,.T.);
#3323=ORIENTED_EDGE('',*,*,#3616,.F.);
#3324=ORIENTED_EDGE('',*,*,#4037,.F.);
#3325=ORIENTED_EDGE('',*,*,#3397,.F.);
#3326=ORIENTED_EDGE('',*,*,#4038,.T.);
#3327=ORIENTED_EDGE('',*,*,#3617,.F.);
#3328=ORIENTED_EDGE('',*,*,#4038,.F.);
#3329=ORIENTED_EDGE('',*,*,#3396,.F.);
#3330=ORIENTED_EDGE('',*,*,#4039,.T.);
#3331=ORIENTED_EDGE('',*,*,#3618,.F.);
#3332=ORIENTED_EDGE('',*,*,#4039,.F.);
#3333=ORIENTED_EDGE('',*,*,#3395,.F.);
#3334=ORIENTED_EDGE('',*,*,#4040,.T.);
#3335=ORIENTED_EDGE('',*,*,#3619,.F.);
#3336=ORIENTED_EDGE('',*,*,#4040,.F.);
#3337=ORIENTED_EDGE('',*,*,#3394,.F.);
#3338=ORIENTED_EDGE('',*,*,#4041,.T.);
#3339=ORIENTED_EDGE('',*,*,#3620,.F.);
#3340=ORIENTED_EDGE('',*,*,#4041,.F.);
#3341=ORIENTED_EDGE('',*,*,#3393,.F.);
#3342=ORIENTED_EDGE('',*,*,#4042,.T.);
#3343=ORIENTED_EDGE('',*,*,#3621,.F.);
#3344=ORIENTED_EDGE('',*,*,#4042,.F.);
#3345=ORIENTED_EDGE('',*,*,#3392,.F.);
#3346=ORIENTED_EDGE('',*,*,#4043,.T.);
#3347=ORIENTED_EDGE('',*,*,#3614,.F.);
#3348=ORIENTED_EDGE('',*,*,#4043,.F.);
#3349=ORIENTED_EDGE('',*,*,#3391,.F.);
#3350=ORIENTED_EDGE('',*,*,#4036,.T.);
#3351=ORIENTED_EDGE('',*,*,#3611,.F.);
#3352=ORIENTED_EDGE('',*,*,#4044,.F.);
#3353=ORIENTED_EDGE('',*,*,#3390,.F.);
#3354=ORIENTED_EDGE('',*,*,#4045,.T.);
#3355=ORIENTED_EDGE('',*,*,#3612,.F.);
#3356=ORIENTED_EDGE('',*,*,#4045,.F.);
#3357=ORIENTED_EDGE('',*,*,#3389,.F.);
#3358=ORIENTED_EDGE('',*,*,#4046,.T.);
#3359=ORIENTED_EDGE('',*,*,#3613,.F.);
#3360=ORIENTED_EDGE('',*,*,#4046,.F.);
#3361=ORIENTED_EDGE('',*,*,#3388,.F.);
#3362=ORIENTED_EDGE('',*,*,#4047,.T.);
#3363=ORIENTED_EDGE('',*,*,#3610,.F.);
#3364=ORIENTED_EDGE('',*,*,#4047,.F.);
#3365=ORIENTED_EDGE('',*,*,#3387,.F.);
#3366=ORIENTED_EDGE('',*,*,#4044,.T.);
#3367=ORIENTED_EDGE('',*,*,#3383,.T.);
#3368=ORIENTED_EDGE('',*,*,#4048,.T.);
#3369=ORIENTED_EDGE('',*,*,#3609,.F.);
#3370=ORIENTED_EDGE('',*,*,#4049,.F.);
#3371=ORIENTED_EDGE('',*,*,#3384,.T.);
#3372=ORIENTED_EDGE('',*,*,#4049,.T.);
#3373=ORIENTED_EDGE('',*,*,#3608,.F.);
#3374=ORIENTED_EDGE('',*,*,#4050,.F.);
#3375=ORIENTED_EDGE('',*,*,#3385,.T.);
#3376=ORIENTED_EDGE('',*,*,#4050,.T.);
#3377=ORIENTED_EDGE('',*,*,#3607,.F.);
#3378=ORIENTED_EDGE('',*,*,#4051,.F.);
#3379=ORIENTED_EDGE('',*,*,#3386,.T.);
#3380=ORIENTED_EDGE('',*,*,#4051,.T.);
#3381=ORIENTED_EDGE('',*,*,#3606,.F.);
#3382=ORIENTED_EDGE('',*,*,#4048,.F.);
#3383=EDGE_CURVE('',#4052,#4053,#4054,.T.);
#3384=EDGE_CURVE('',#4055,#4052,#4056,.T.);
#3385=EDGE_CURVE('',#4057,#4055,#4058,.T.);
#3386=EDGE_CURVE('',#4053,#4057,#4059,.T.);
#3387=EDGE_CURVE('',#4060,#4061,#4062,.T.);
#3388=EDGE_CURVE('',#4061,#4063,#4064,.T.);
#3389=EDGE_CURVE('',#4063,#4065,#4066,.T.);
#3390=EDGE_CURVE('',#4065,#4060,#4067,.T.);
#3391=EDGE_CURVE('',#4068,#4069,#4070,.T.);
#3392=EDGE_CURVE('',#4069,#4071,#4072,.T.);
#3393=EDGE_CURVE('',#4071,#4073,#4074,.T.);
#3394=EDGE_CURVE('',#4073,#4075,#4076,.T.);
#3395=EDGE_CURVE('',#4075,#4077,#4078,.T.);
#3396=EDGE_CURVE('',#4077,#4079,#4080,.T.);
#3397=EDGE_CURVE('',#4079,#4081,#4082,.T.);
#3398=EDGE_CURVE('',#4081,#4068,#4083,.T.);
#3399=EDGE_CURVE('',#4084,#4085,#4086,.T.);
#3400=EDGE_CURVE('',#4085,#4087,#4088,.T.);
#3401=EDGE_CURVE('',#4087,#4089,#4090,.T.);
#3402=EDGE_CURVE('',#4089,#4084,#4091,.T.);
#3403=EDGE_CURVE('',#4092,#4093,#4094,.T.);
#3404=EDGE_CURVE('',#4093,#4095,#4096,.T.);
#3405=EDGE_CURVE('',#4095,#4097,#4098,.T.);
#3406=EDGE_CURVE('',#4097,#4099,#4100,.T.);
#3407=EDGE_CURVE('',#4099,#4101,#4102,.T.);
#3408=EDGE_CURVE('',#4101,#4103,#4104,.T.);
#3409=EDGE_CURVE('',#4103,#4105,#4106,.T.);
#3410=EDGE_CURVE('',#4105,#4107,#4108,.T.);
#3411=EDGE_CURVE('',#4107,#4109,#4110,.T.);
#3412=EDGE_CURVE('',#4109,#4111,#4112,.T.);
#3413=EDGE_CURVE('',#4111,#4113,#4114,.T.);
#3414=EDGE_CURVE('',#4113,#4092,#4115,.T.);
#3415=EDGE_CURVE('',#4116,#4117,#4118,.T.);
#3416=EDGE_CURVE('',#4117,#4119,#4120,.T.);
#3417=EDGE_CURVE('',#4119,#4121,#4122,.T.);
#3418=EDGE_CURVE('',#4121,#4123,#4124,.T.);
#3419=EDGE_CURVE('',#4123,#4125,#4126,.T.);
#3420=EDGE_CURVE('',#4125,#4127,#4128,.T.);
#3421=EDGE_CURVE('',#4127,#4129,#4130,.T.);
#3422=EDGE_CURVE('',#4129,#4131,#4132,.T.);
#3423=EDGE_CURVE('',#4131,#4133,#4134,.T.);
#3424=EDGE_CURVE('',#4133,#4116,#4135,.T.);
#3425=EDGE_CURVE('',#4136,#4137,#4138,.T.);
#3426=EDGE_CURVE('',#4137,#4139,#4140,.T.);
#3427=EDGE_CURVE('',#4139,#4141,#4142,.T.);
#3428=EDGE_CURVE('',#4141,#4143,#4144,.T.);
#3429=EDGE_CURVE('',#4143,#4145,#4146,.T.);
#3430=EDGE_CURVE('',#4145,#4147,#4148,.T.);
#3431=EDGE_CURVE('',#4147,#4149,#4150,.T.);
#3432=EDGE_CURVE('',#4149,#4151,#4152,.T.);
#3433=EDGE_CURVE('',#4151,#4153,#4154,.T.);
#3434=EDGE_CURVE('',#4153,#4136,#4155,.T.);
#3435=EDGE_CURVE('',#4156,#4157,#4158,.T.);
#3436=EDGE_CURVE('',#4157,#4159,#4160,.T.);
#3437=EDGE_CURVE('',#4159,#4161,#4162,.T.);
#3438=EDGE_CURVE('',#4161,#4163,#4164,.T.);
#3439=EDGE_CURVE('',#4163,#4165,#4166,.T.);
#3440=EDGE_CURVE('',#4165,#4167,#4168,.T.);
#3441=EDGE_CURVE('',#4167,#4156,#4169,.T.);
#3442=EDGE_CURVE('',#4170,#4171,#4172,.T.);
#3443=EDGE_CURVE('',#4171,#4173,#4174,.T.);
#3444=EDGE_CURVE('',#4173,#4175,#4176,.T.);
#3445=EDGE_CURVE('',#4175,#4170,#4177,.T.);
#3446=EDGE_CURVE('',#4178,#4179,#4180,.T.);
#3447=EDGE_CURVE('',#4179,#4181,#4182,.T.);
#3448=EDGE_CURVE('',#4181,#4183,#4184,.T.);
#3449=EDGE_CURVE('',#4183,#4178,#4185,.T.);
#3450=EDGE_CURVE('',#4186,#4187,#4188,.T.);
#3451=EDGE_CURVE('',#4187,#4189,#4190,.T.);
#3452=EDGE_CURVE('',#4189,#4191,#4192,.T.);
#3453=EDGE_CURVE('',#4191,#4186,#4193,.T.);
#3454=EDGE_CURVE('',#4194,#4195,#4196,.T.);
#3455=EDGE_CURVE('',#4195,#4197,#4198,.T.);
#3456=EDGE_CURVE('',#4197,#4199,#4200,.T.);
#3457=EDGE_CURVE('',#4199,#4194,#4201,.T.);
#3458=EDGE_CURVE('',#4202,#4203,#4204,.T.);
#3459=EDGE_CURVE('',#4203,#4205,#4206,.T.);
#3460=EDGE_CURVE('',#4205,#4207,#4208,.T.);
#3461=EDGE_CURVE('',#4207,#4202,#4209,.T.);
#3462=EDGE_CURVE('',#4210,#4211,#4212,.T.);
#3463=EDGE_CURVE('',#4211,#4213,#4214,.T.);
#3464=EDGE_CURVE('',#4213,#4215,#4216,.T.);
#3465=EDGE_CURVE('',#4215,#4210,#4217,.T.);
#3466=EDGE_CURVE('',#4218,#4219,#4220,.T.);
#3467=EDGE_CURVE('',#4219,#4221,#4222,.T.);
#3468=EDGE_CURVE('',#4221,#4223,#4224,.T.);
#3469=EDGE_CURVE('',#4223,#4218,#4225,.T.);
#3470=EDGE_CURVE('',#4226,#4227,#4228,.T.);
#3471=EDGE_CURVE('',#4227,#4229,#4230,.T.);
#3472=EDGE_CURVE('',#4229,#4231,#4232,.T.);
#3473=EDGE_CURVE('',#4231,#4226,#4233,.T.);
#3474=EDGE_CURVE('',#4234,#4235,#4236,.T.);
#3475=EDGE_CURVE('',#4235,#4237,#4238,.T.);
#3476=EDGE_CURVE('',#4237,#4239,#4240,.T.);
#3477=EDGE_CURVE('',#4239,#4234,#4241,.T.);
#3478=EDGE_CURVE('',#4242,#4243,#4244,.T.);
#3479=EDGE_CURVE('',#4243,#4245,#4246,.T.);
#3480=EDGE_CURVE('',#4245,#4247,#4248,.T.);
#3481=EDGE_CURVE('',#4247,#4242,#4249,.T.);
#3482=EDGE_CURVE('',#4250,#4251,#4252,.T.);
#3483=EDGE_CURVE('',#4251,#4253,#4254,.T.);
#3484=EDGE_CURVE('',#4253,#4255,#4256,.T.);
#3485=EDGE_CURVE('',#4255,#4250,#4257,.T.);
#3486=EDGE_CURVE('',#4258,#4259,#4260,.T.);
#3487=EDGE_CURVE('',#4259,#4261,#4262,.T.);
#3488=EDGE_CURVE('',#4261,#4263,#4264,.T.);
#3489=EDGE_CURVE('',#4263,#4258,#4265,.T.);
#3490=EDGE_CURVE('',#4266,#4267,#4268,.T.);
#3491=EDGE_CURVE('',#4267,#4269,#4270,.T.);
#3492=EDGE_CURVE('',#4269,#4271,#4272,.T.);
#3493=EDGE_CURVE('',#4271,#4266,#4273,.T.);
#3494=EDGE_CURVE('',#4274,#4275,#4276,.T.);
#3495=EDGE_CURVE('',#4275,#4277,#4278,.T.);
#3496=EDGE_CURVE('',#4277,#4279,#4280,.T.);
#3497=EDGE_CURVE('',#4279,#4274,#4281,.T.);
#3498=EDGE_CURVE('',#4282,#4283,#4284,.T.);
#3499=EDGE_CURVE('',#4283,#4285,#4286,.T.);
#3500=EDGE_CURVE('',#4285,#4287,#4288,.T.);
#3501=EDGE_CURVE('',#4287,#4282,#4289,.T.);
#3502=EDGE_CURVE('',#4290,#4291,#4292,.T.);
#3503=EDGE_CURVE('',#4291,#4293,#4294,.T.);
#3504=EDGE_CURVE('',#4293,#4295,#4296,.T.);
#3505=EDGE_CURVE('',#4295,#4290,#4297,.T.);
#3506=EDGE_CURVE('',#4298,#4299,#4300,.T.);
#3507=EDGE_CURVE('',#4299,#4301,#4302,.T.);
#3508=EDGE_CURVE('',#4301,#4303,#4304,.T.);
#3509=EDGE_CURVE('',#4303,#4298,#4305,.T.);
#3510=EDGE_CURVE('',#4306,#4307,#4308,.T.);
#3511=EDGE_CURVE('',#4307,#4309,#4310,.T.);
#3512=EDGE_CURVE('',#4309,#4311,#4312,.T.);
#3513=EDGE_CURVE('',#4311,#4306,#4313,.T.);
#3514=EDGE_CURVE('',#4314,#4315,#4316,.T.);
#3515=EDGE_CURVE('',#4315,#4317,#4318,.T.);
#3516=EDGE_CURVE('',#4317,#4319,#4320,.T.);
#3517=EDGE_CURVE('',#4319,#4314,#4321,.T.);
#3518=EDGE_CURVE('',#4322,#4323,#4324,.T.);
#3519=EDGE_CURVE('',#4323,#4325,#4326,.T.);
#3520=EDGE_CURVE('',#4325,#4327,#4328,.T.);
#3521=EDGE_CURVE('',#4327,#4322,#4329,.T.);
#3522=EDGE_CURVE('',#4330,#4331,#4332,.T.);
#3523=EDGE_CURVE('',#4331,#4333,#4334,.T.);
#3524=EDGE_CURVE('',#4333,#4335,#4336,.T.);
#3525=EDGE_CURVE('',#4335,#4330,#4337,.T.);
#3526=EDGE_CURVE('',#4338,#4339,#4340,.T.);
#3527=EDGE_CURVE('',#4339,#4341,#4342,.T.);
#3528=EDGE_CURVE('',#4341,#4343,#4344,.T.);
#3529=EDGE_CURVE('',#4343,#4338,#4345,.T.);
#3530=EDGE_CURVE('',#4346,#4347,#4348,.T.);
#3531=EDGE_CURVE('',#4347,#4349,#4350,.T.);
#3532=EDGE_CURVE('',#4349,#4351,#4352,.T.);
#3533=EDGE_CURVE('',#4351,#4346,#4353,.T.);
#3534=EDGE_CURVE('',#4354,#4355,#4356,.T.);
#3535=EDGE_CURVE('',#4355,#4357,#4358,.T.);
#3536=EDGE_CURVE('',#4357,#4359,#4360,.T.);
#3537=EDGE_CURVE('',#4359,#4354,#4361,.T.);
#3538=EDGE_CURVE('',#4362,#4363,#4364,.T.);
#3539=EDGE_CURVE('',#4363,#4365,#4366,.T.);
#3540=EDGE_CURVE('',#4365,#4367,#4368,.T.);
#3541=EDGE_CURVE('',#4367,#4362,#4369,.T.);
#3542=EDGE_CURVE('',#4370,#4371,#4372,.T.);
#3543=EDGE_CURVE('',#4371,#4373,#4374,.T.);
#3544=EDGE_CURVE('',#4373,#4375,#4376,.T.);
#3545=EDGE_CURVE('',#4375,#4370,#4377,.T.);
#3546=EDGE_CURVE('',#4378,#4379,#4380,.T.);
#3547=EDGE_CURVE('',#4379,#4381,#4382,.T.);
#3548=EDGE_CURVE('',#4381,#4383,#4384,.T.);
#3549=EDGE_CURVE('',#4383,#4378,#4385,.T.);
#3550=EDGE_CURVE('',#4386,#4387,#4388,.T.);
#3551=EDGE_CURVE('',#4387,#4389,#4390,.T.);
#3552=EDGE_CURVE('',#4389,#4391,#4392,.T.);
#3553=EDGE_CURVE('',#4391,#4386,#4393,.T.);
#3554=EDGE_CURVE('',#4394,#4395,#4396,.T.);
#3555=EDGE_CURVE('',#4395,#4397,#4398,.T.);
#3556=EDGE_CURVE('',#4397,#4399,#4400,.T.);
#3557=EDGE_CURVE('',#4399,#4394,#4401,.T.);
#3558=EDGE_CURVE('',#4402,#4403,#4404,.T.);
#3559=EDGE_CURVE('',#4403,#4405,#4406,.T.);
#3560=EDGE_CURVE('',#4405,#4407,#4408,.T.);
#3561=EDGE_CURVE('',#4407,#4402,#4409,.T.);
#3562=EDGE_CURVE('',#4410,#4411,#4412,.T.);
#3563=EDGE_CURVE('',#4411,#4413,#4414,.T.);
#3564=EDGE_CURVE('',#4413,#4415,#4416,.T.);
#3565=EDGE_CURVE('',#4415,#4410,#4417,.T.);
#3566=EDGE_CURVE('',#4418,#4419,#4420,.T.);
#3567=EDGE_CURVE('',#4419,#4421,#4422,.T.);
#3568=EDGE_CURVE('',#4421,#4423,#4424,.T.);
#3569=EDGE_CURVE('',#4423,#4418,#4425,.T.);
#3570=EDGE_CURVE('',#4426,#4427,#4428,.T.);
#3571=EDGE_CURVE('',#4427,#4429,#4430,.T.);
#3572=EDGE_CURVE('',#4429,#4431,#4432,.T.);
#3573=EDGE_CURVE('',#4431,#4426,#4433,.T.);
#3574=EDGE_CURVE('',#4434,#4435,#4436,.T.);
#3575=EDGE_CURVE('',#4435,#4437,#4438,.T.);
#3576=EDGE_CURVE('',#4437,#4439,#4440,.T.);
#3577=EDGE_CURVE('',#4439,#4434,#4441,.T.);
#3578=EDGE_CURVE('',#4442,#4443,#4444,.T.);
#3579=EDGE_CURVE('',#4443,#4445,#4446,.T.);
#3580=EDGE_CURVE('',#4445,#4447,#4448,.T.);
#3581=EDGE_CURVE('',#4447,#4442,#4449,.T.);
#3582=EDGE_CURVE('',#4450,#4451,#4452,.T.);
#3583=EDGE_CURVE('',#4451,#4453,#4454,.T.);
#3584=EDGE_CURVE('',#4453,#4455,#4456,.T.);
#3585=EDGE_CURVE('',#4455,#4450,#4457,.T.);
#3586=EDGE_CURVE('',#4458,#4459,#4460,.T.);
#3587=EDGE_CURVE('',#4459,#4461,#4462,.T.);
#3588=EDGE_CURVE('',#4461,#4463,#4464,.T.);
#3589=EDGE_CURVE('',#4463,#4458,#4465,.T.);
#3590=EDGE_CURVE('',#4466,#4467,#4468,.T.);
#3591=EDGE_CURVE('',#4467,#4469,#4470,.T.);
#3592=EDGE_CURVE('',#4469,#4471,#4472,.T.);
#3593=EDGE_CURVE('',#4471,#4466,#4473,.T.);
#3594=EDGE_CURVE('',#4474,#4475,#4476,.T.);
#3595=EDGE_CURVE('',#4475,#4477,#4478,.T.);
#3596=EDGE_CURVE('',#4477,#4479,#4480,.T.);
#3597=EDGE_CURVE('',#4479,#4474,#4481,.T.);
#3598=EDGE_CURVE('',#4482,#4483,#4484,.T.);
#3599=EDGE_CURVE('',#4483,#4485,#4486,.T.);
#3600=EDGE_CURVE('',#4485,#4487,#4488,.T.);
#3601=EDGE_CURVE('',#4487,#4482,#4489,.T.);
#3602=EDGE_CURVE('',#4490,#4491,#4492,.T.);
#3603=EDGE_CURVE('',#4491,#4493,#4494,.T.);
#3604=EDGE_CURVE('',#4493,#4495,#4496,.T.);
#3605=EDGE_CURVE('',#4495,#4490,#4497,.T.);
#3606=EDGE_CURVE('',#4498,#4499,#4500,.T.);
#3607=EDGE_CURVE('',#4499,#4501,#4502,.T.);
#3608=EDGE_CURVE('',#4501,#4503,#4504,.T.);
#3609=EDGE_CURVE('',#4503,#4498,#4505,.T.);
#3610=EDGE_CURVE('',#4506,#4507,#4508,.F.);
#3611=EDGE_CURVE('',#4507,#4509,#4510,.F.);
#3612=EDGE_CURVE('',#4509,#4511,#4512,.F.);
#3613=EDGE_CURVE('',#4511,#4506,#4513,.F.);
#3614=EDGE_CURVE('',#4514,#4515,#4516,.F.);
#3615=EDGE_CURVE('',#4515,#4517,#4518,.F.);
#3616=EDGE_CURVE('',#4517,#4519,#4520,.F.);
#3617=EDGE_CURVE('',#4519,#4521,#4522,.F.);
#3618=EDGE_CURVE('',#4521,#4523,#4524,.F.);
#3619=EDGE_CURVE('',#4523,#4525,#4526,.F.);
#3620=EDGE_CURVE('',#4525,#4527,#4528,.F.);
#3621=EDGE_CURVE('',#4527,#4514,#4529,.F.);
#3622=EDGE_CURVE('',#4530,#4531,#4532,.F.);
#3623=EDGE_CURVE('',#4531,#4533,#4534,.F.);
#3624=EDGE_CURVE('',#4533,#4535,#4536,.F.);
#3625=EDGE_CURVE('',#4535,#4530,#4537,.F.);
#3626=EDGE_CURVE('',#4538,#4539,#4540,.F.);
#3627=EDGE_CURVE('',#4539,#4541,#4542,.F.);
#3628=EDGE_CURVE('',#4541,#4543,#4544,.F.);
#3629=EDGE_CURVE('',#4543,#4545,#4546,.F.);
#3630=EDGE_CURVE('',#4545,#4547,#4548,.F.);
#3631=EDGE_CURVE('',#4547,#4549,#4550,.F.);
#3632=EDGE_CURVE('',#4549,#4551,#4552,.F.);
#3633=EDGE_CURVE('',#4551,#4553,#4554,.F.);
#3634=EDGE_CURVE('',#4553,#4555,#4556,.F.);
#3635=EDGE_CURVE('',#4555,#4557,#4558,.F.);
#3636=EDGE_CURVE('',#4557,#4559,#4560,.F.);
#3637=EDGE_CURVE('',#4559,#4538,#4561,.F.);
#3638=EDGE_CURVE('',#4562,#4563,#4564,.F.);
#3639=EDGE_CURVE('',#4563,#4565,#4566,.F.);
#3640=EDGE_CURVE('',#4565,#4567,#4568,.F.);
#3641=EDGE_CURVE('',#4567,#4569,#4570,.F.);
#3642=EDGE_CURVE('',#4569,#4571,#4572,.F.);
#3643=EDGE_CURVE('',#4571,#4573,#4574,.F.);
#3644=EDGE_CURVE('',#4573,#4575,#4576,.F.);
#3645=EDGE_CURVE('',#4575,#4577,#4578,.F.);
#3646=EDGE_CURVE('',#4577,#4579,#4580,.F.);
#3647=EDGE_CURVE('',#4579,#4562,#4581,.F.);
#3648=EDGE_CURVE('',#4582,#4583,#4584,.F.);
#3649=EDGE_CURVE('',#4583,#4585,#4586,.F.);
#3650=EDGE_CURVE('',#4585,#4587,#4588,.F.);
#3651=EDGE_CURVE('',#4587,#4589,#4590,.F.);
#3652=EDGE_CURVE('',#4589,#4591,#4592,.F.);
#3653=EDGE_CURVE('',#4591,#4593,#4594,.F.);
#3654=EDGE_CURVE('',#4593,#4595,#4596,.F.);
#3655=EDGE_CURVE('',#4595,#4597,#4598,.F.);
#3656=EDGE_CURVE('',#4597,#4599,#4600,.F.);
#3657=EDGE_CURVE('',#4599,#4582,#4601,.F.);
#3658=EDGE_CURVE('',#4602,#4603,#4604,.F.);
#3659=EDGE_CURVE('',#4603,#4605,#4606,.F.);
#3660=EDGE_CURVE('',#4605,#4607,#4608,.F.);
#3661=EDGE_CURVE('',#4607,#4609,#4610,.F.);
#3662=EDGE_CURVE('',#4609,#4611,#4612,.F.);
#3663=EDGE_CURVE('',#4611,#4613,#4614,.F.);
#3664=EDGE_CURVE('',#4613,#4602,#4615,.F.);
#3665=EDGE_CURVE('',#4616,#4617,#4618,.F.);
#3666=EDGE_CURVE('',#4617,#4619,#4620,.F.);
#3667=EDGE_CURVE('',#4619,#4621,#4622,.F.);
#3668=EDGE_CURVE('',#4621,#4616,#4623,.F.);
#3669=EDGE_CURVE('',#4624,#4625,#4626,.F.);
#3670=EDGE_CURVE('',#4625,#4627,#4628,.F.);
#3671=EDGE_CURVE('',#4627,#4629,#4630,.F.);
#3672=EDGE_CURVE('',#4629,#4624,#4631,.F.);
#3673=EDGE_CURVE('',#4632,#4633,#4634,.F.);
#3674=EDGE_CURVE('',#4633,#4635,#4636,.F.);
#3675=EDGE_CURVE('',#4635,#4637,#4638,.F.);
#3676=EDGE_CURVE('',#4637,#4632,#4639,.F.);
#3677=EDGE_CURVE('',#4640,#4641,#4642,.F.);
#3678=EDGE_CURVE('',#4641,#4643,#4644,.F.);
#3679=EDGE_CURVE('',#4643,#4645,#4646,.F.);
#3680=EDGE_CURVE('',#4645,#4640,#4647,.F.);
#3681=EDGE_CURVE('',#4648,#4649,#4650,.F.);
#3682=EDGE_CURVE('',#4649,#4651,#4652,.F.);
#3683=EDGE_CURVE('',#4651,#4653,#4654,.F.);
#3684=EDGE_CURVE('',#4653,#4648,#4655,.F.);
#3685=EDGE_CURVE('',#4656,#4657,#4658,.F.);
#3686=EDGE_CURVE('',#4657,#4659,#4660,.F.);
#3687=EDGE_CURVE('',#4659,#4661,#4662,.F.);
#3688=EDGE_CURVE('',#4661,#4656,#4663,.F.);
#3689=EDGE_CURVE('',#4664,#4665,#4666,.F.);
#3690=EDGE_CURVE('',#4665,#4667,#4668,.F.);
#3691=EDGE_CURVE('',#4667,#4669,#4670,.F.);
#3692=EDGE_CURVE('',#4669,#4664,#4671,.F.);
#3693=EDGE_CURVE('',#4672,#4673,#4674,.F.);
#3694=EDGE_CURVE('',#4673,#4675,#4676,.F.);
#3695=EDGE_CURVE('',#4675,#4677,#4678,.F.);
#3696=EDGE_CURVE('',#4677,#4672,#4679,.F.);
#3697=EDGE_CURVE('',#4680,#4681,#4682,.F.);
#3698=EDGE_CURVE('',#4681,#4683,#4684,.F.);
#3699=EDGE_CURVE('',#4683,#4685,#4686,.F.);
#3700=EDGE_CURVE('',#4685,#4680,#4687,.F.);
#3701=EDGE_CURVE('',#4688,#4689,#4690,.F.);
#3702=EDGE_CURVE('',#4689,#4691,#4692,.F.);
#3703=EDGE_CURVE('',#4691,#4693,#4694,.F.);
#3704=EDGE_CURVE('',#4693,#4688,#4695,.F.);
#3705=EDGE_CURVE('',#4696,#4697,#4698,.F.);
#3706=EDGE_CURVE('',#4697,#4699,#4700,.F.);
#3707=EDGE_CURVE('',#4699,#4701,#4702,.F.);
#3708=EDGE_CURVE('',#4701,#4696,#4703,.F.);
#3709=EDGE_CURVE('',#4704,#4705,#4706,.F.);
#3710=EDGE_CURVE('',#4705,#4707,#4708,.F.);
#3711=EDGE_CURVE('',#4707,#4709,#4710,.F.);
#3712=EDGE_CURVE('',#4709,#4704,#4711,.F.);
#3713=EDGE_CURVE('',#4712,#4713,#4714,.F.);
#3714=EDGE_CURVE('',#4713,#4715,#4716,.F.);
#3715=EDGE_CURVE('',#4715,#4717,#4718,.F.);
#3716=EDGE_CURVE('',#4717,#4712,#4719,.F.);
#3717=EDGE_CURVE('',#4720,#4721,#4722,.F.);
#3718=EDGE_CURVE('',#4721,#4723,#4724,.F.);
#3719=EDGE_CURVE('',#4723,#4725,#4726,.F.);
#3720=EDGE_CURVE('',#4725,#4720,#4727,.F.);
#3721=EDGE_CURVE('',#4728,#4729,#4730,.F.);
#3722=EDGE_CURVE('',#4729,#4731,#4732,.F.);
#3723=EDGE_CURVE('',#4731,#4733,#4734,.F.);
#3724=EDGE_CURVE('',#4733,#4728,#4735,.F.);
#3725=EDGE_CURVE('',#4736,#4737,#4738,.F.);
#3726=EDGE_CURVE('',#4737,#4739,#4740,.F.);
#3727=EDGE_CURVE('',#4739,#4741,#4742,.F.);
#3728=EDGE_CURVE('',#4741,#4736,#4743,.F.);
#3729=EDGE_CURVE('',#4744,#4745,#4746,.F.);
#3730=EDGE_CURVE('',#4745,#4747,#4748,.F.);
#3731=EDGE_CURVE('',#4747,#4749,#4750,.F.);
#3732=EDGE_CURVE('',#4749,#4744,#4751,.F.);
#3733=EDGE_CURVE('',#4752,#4753,#4754,.F.);
#3734=EDGE_CURVE('',#4753,#4755,#4756,.F.);
#3735=EDGE_CURVE('',#4755,#4757,#4758,.F.);
#3736=EDGE_CURVE('',#4757,#4752,#4759,.F.);
#3737=EDGE_CURVE('',#4760,#4761,#4762,.F.);
#3738=EDGE_CURVE('',#4761,#4763,#4764,.F.);
#3739=EDGE_CURVE('',#4763,#4765,#4766,.F.);
#3740=EDGE_CURVE('',#4765,#4760,#4767,.F.);
#3741=EDGE_CURVE('',#4768,#4769,#4770,.F.);
#3742=EDGE_CURVE('',#4769,#4771,#4772,.F.);
#3743=EDGE_CURVE('',#4771,#4773,#4774,.F.);
#3744=EDGE_CURVE('',#4773,#4768,#4775,.F.);
#3745=EDGE_CURVE('',#4776,#4777,#4778,.F.);
#3746=EDGE_CURVE('',#4777,#4779,#4780,.F.);
#3747=EDGE_CURVE('',#4779,#4781,#4782,.F.);
#3748=EDGE_CURVE('',#4781,#4776,#4783,.F.);
#3749=EDGE_CURVE('',#4784,#4785,#4786,.F.);
#3750=EDGE_CURVE('',#4785,#4787,#4788,.F.);
#3751=EDGE_CURVE('',#4787,#4789,#4790,.F.);
#3752=EDGE_CURVE('',#4789,#4784,#4791,.F.);
#3753=EDGE_CURVE('',#4792,#4793,#4794,.F.);
#3754=EDGE_CURVE('',#4793,#4795,#4796,.F.);
#3755=EDGE_CURVE('',#4795,#4797,#4798,.F.);
#3756=EDGE_CURVE('',#4797,#4792,#4799,.F.);
#3757=EDGE_CURVE('',#4800,#4801,#4802,.F.);
#3758=EDGE_CURVE('',#4801,#4803,#4804,.F.);
#3759=EDGE_CURVE('',#4803,#4805,#4806,.F.);
#3760=EDGE_CURVE('',#4805,#4800,#4807,.F.);
#3761=EDGE_CURVE('',#4808,#4809,#4810,.F.);
#3762=EDGE_CURVE('',#4809,#4811,#4812,.F.);
#3763=EDGE_CURVE('',#4811,#4813,#4814,.F.);
#3764=EDGE_CURVE('',#4813,#4808,#4815,.F.);
#3765=EDGE_CURVE('',#4816,#4817,#4818,.F.);
#3766=EDGE_CURVE('',#4817,#4819,#4820,.F.);
#3767=EDGE_CURVE('',#4819,#4821,#4822,.F.);
#3768=EDGE_CURVE('',#4821,#4816,#4823,.F.);
#3769=EDGE_CURVE('',#4824,#4825,#4826,.F.);
#3770=EDGE_CURVE('',#4825,#4827,#4828,.F.);
#3771=EDGE_CURVE('',#4827,#4829,#4830,.F.);
#3772=EDGE_CURVE('',#4829,#4824,#4831,.F.);
#3773=EDGE_CURVE('',#4832,#4833,#4834,.F.);
#3774=EDGE_CURVE('',#4833,#4835,#4836,.F.);
#3775=EDGE_CURVE('',#4835,#4837,#4838,.F.);
#3776=EDGE_CURVE('',#4837,#4832,#4839,.F.);
#3777=EDGE_CURVE('',#4840,#4841,#4842,.F.);
#3778=EDGE_CURVE('',#4841,#4843,#4844,.F.);
#3779=EDGE_CURVE('',#4843,#4845,#4846,.F.);
#3780=EDGE_CURVE('',#4845,#4840,#4847,.F.);
#3781=EDGE_CURVE('',#4848,#4849,#4850,.F.);
#3782=EDGE_CURVE('',#4849,#4851,#4852,.F.);
#3783=EDGE_CURVE('',#4851,#4853,#4854,.F.);
#3784=EDGE_CURVE('',#4853,#4848,#4855,.F.);
#3785=EDGE_CURVE('',#4856,#4857,#4858,.F.);
#3786=EDGE_CURVE('',#4857,#4859,#4860,.F.);
#3787=EDGE_CURVE('',#4859,#4861,#4862,.F.);
#3788=EDGE_CURVE('',#4861,#4856,#4863,.F.);
#3789=EDGE_CURVE('',#4864,#4865,#4866,.F.);
#3790=EDGE_CURVE('',#4865,#4867,#4868,.F.);
#3791=EDGE_CURVE('',#4867,#4869,#4870,.F.);
#3792=EDGE_CURVE('',#4869,#4864,#4871,.F.);
#3793=EDGE_CURVE('',#4872,#4873,#4874,.F.);
#3794=EDGE_CURVE('',#4873,#4875,#4876,.F.);
#3795=EDGE_CURVE('',#4875,#4877,#4878,.F.);
#3796=EDGE_CURVE('',#4877,#4872,#4879,.F.);
#3797=EDGE_CURVE('',#4880,#4881,#4882,.F.);
#3798=EDGE_CURVE('',#4881,#4883,#4884,.F.);
#3799=EDGE_CURVE('',#4883,#4885,#4886,.F.);
#3800=EDGE_CURVE('',#4885,#4880,#4887,.F.);
#3801=EDGE_CURVE('',#4888,#4889,#4890,.F.);
#3802=EDGE_CURVE('',#4889,#4891,#4892,.F.);
#3803=EDGE_CURVE('',#4891,#4893,#4894,.F.);
#3804=EDGE_CURVE('',#4893,#4888,#4895,.F.);
#3805=EDGE_CURVE('',#4896,#4897,#4898,.F.);
#3806=EDGE_CURVE('',#4897,#4899,#4900,.F.);
#3807=EDGE_CURVE('',#4899,#4901,#4902,.F.);
#3808=EDGE_CURVE('',#4901,#4896,#4903,.F.);
#3809=EDGE_CURVE('',#4904,#4905,#4906,.F.);
#3810=EDGE_CURVE('',#4905,#4907,#4908,.F.);
#3811=EDGE_CURVE('',#4907,#4909,#4910,.F.);
#3812=EDGE_CURVE('',#4909,#4904,#4911,.F.);
#3813=EDGE_CURVE('',#4912,#4913,#4914,.F.);
#3814=EDGE_CURVE('',#4913,#4915,#4916,.F.);
#3815=EDGE_CURVE('',#4915,#4917,#4918,.F.);
#3816=EDGE_CURVE('',#4917,#4912,#4919,.F.);
#3817=EDGE_CURVE('',#4920,#4921,#4922,.F.);
#3818=EDGE_CURVE('',#4921,#4923,#4924,.F.);
#3819=EDGE_CURVE('',#4923,#4925,#4926,.F.);
#3820=EDGE_CURVE('',#4925,#4920,#4927,.F.);
#3821=EDGE_CURVE('',#4928,#4929,#4930,.F.);
#3822=EDGE_CURVE('',#4929,#4931,#4932,.F.);
#3823=EDGE_CURVE('',#4931,#4933,#4934,.F.);
#3824=EDGE_CURVE('',#4933,#4928,#4935,.F.);
#3825=EDGE_CURVE('',#4936,#4937,#4938,.F.);
#3826=EDGE_CURVE('',#4937,#4939,#4940,.F.);
#3827=EDGE_CURVE('',#4939,#4941,#4942,.F.);
#3828=EDGE_CURVE('',#4941,#4936,#4943,.F.);
#3829=EDGE_CURVE('',#4490,#4937,#4944,.T.);
#3830=EDGE_CURVE('',#4495,#4939,#4945,.T.);
#3831=EDGE_CURVE('',#4493,#4941,#4946,.T.);
#3832=EDGE_CURVE('',#4491,#4936,#4947,.T.);
#3833=EDGE_CURVE('',#4482,#4929,#4948,.T.);
#3834=EDGE_CURVE('',#4487,#4931,#4949,.T.);
#3835=EDGE_CURVE('',#4485,#4933,#4950,.T.);
#3836=EDGE_CURVE('',#4483,#4928,#4951,.T.);
#3837=EDGE_CURVE('',#4474,#4921,#4952,.T.);
#3838=EDGE_CURVE('',#4479,#4923,#4953,.T.);
#3839=EDGE_CURVE('',#4477,#4925,#4954,.T.);
#3840=EDGE_CURVE('',#4475,#4920,#4955,.T.);
#3841=EDGE_CURVE('',#4466,#4913,#4956,.T.);
#3842=EDGE_CURVE('',#4471,#4915,#4957,.T.);
#3843=EDGE_CURVE('',#4469,#4917,#4958,.T.);
#3844=EDGE_CURVE('',#4467,#4912,#4959,.T.);
#3845=EDGE_CURVE('',#4458,#4905,#4960,.T.);
#3846=EDGE_CURVE('',#4463,#4907,#4961,.T.);
#3847=EDGE_CURVE('',#4461,#4909,#4962,.T.);
#3848=EDGE_CURVE('',#4459,#4904,#4963,.T.);
#3849=EDGE_CURVE('',#4450,#4897,#4964,.T.);
#3850=EDGE_CURVE('',#4455,#4899,#4965,.T.);
#3851=EDGE_CURVE('',#4453,#4901,#4966,.T.);
#3852=EDGE_CURVE('',#4451,#4896,#4967,.T.);
#3853=EDGE_CURVE('',#4442,#4889,#4968,.T.);
#3854=EDGE_CURVE('',#4447,#4891,#4969,.T.);
#3855=EDGE_CURVE('',#4445,#4893,#4970,.T.);
#3856=EDGE_CURVE('',#4443,#4888,#4971,.T.);
#3857=EDGE_CURVE('',#4434,#4881,#4972,.T.);
#3858=EDGE_CURVE('',#4439,#4883,#4973,.T.);
#3859=EDGE_CURVE('',#4437,#4885,#4974,.T.);
#3860=EDGE_CURVE('',#4435,#4880,#4975,.T.);
#3861=EDGE_CURVE('',#4426,#4873,#4976,.T.);
#3862=EDGE_CURVE('',#4431,#4875,#4977,.T.);
#3863=EDGE_CURVE('',#4429,#4877,#4978,.T.);
#3864=EDGE_CURVE('',#4427,#4872,#4979,.T.);
#3865=EDGE_CURVE('',#4418,#4865,#4980,.T.);
#3866=EDGE_CURVE('',#4423,#4867,#4981,.T.);
#3867=EDGE_CURVE('',#4421,#4869,#4982,.T.);
#3868=EDGE_CURVE('',#4419,#4864,#4983,.T.);
#3869=EDGE_CURVE('',#4410,#4857,#4984,.T.);
#3870=EDGE_CURVE('',#4415,#4859,#4985,.T.);
#3871=EDGE_CURVE('',#4413,#4861,#4986,.T.);
#3872=EDGE_CURVE('',#4411,#4856,#4987,.T.);
#3873=EDGE_CURVE('',#4402,#4849,#4988,.T.);
#3874=EDGE_CURVE('',#4407,#4851,#4989,.T.);
#3875=EDGE_CURVE('',#4405,#4853,#4990,.T.);
#3876=EDGE_CURVE('',#4403,#4848,#4991,.T.);
#3877=EDGE_CURVE('',#4394,#4841,#4992,.T.);
#3878=EDGE_CURVE('',#4399,#4843,#4993,.T.);
#3879=EDGE_CURVE('',#4397,#4845,#4994,.T.);
#3880=EDGE_CURVE('',#4395,#4840,#4995,.T.);
#3881=EDGE_CURVE('',#4386,#4833,#4996,.T.);
#3882=EDGE_CURVE('',#4391,#4835,#4997,.T.);
#3883=EDGE_CURVE('',#4389,#4837,#4998,.T.);
#3884=EDGE_CURVE('',#4387,#4832,#4999,.T.);
#3885=EDGE_CURVE('',#4378,#4825,#5000,.T.);
#3886=EDGE_CURVE('',#4383,#4827,#5001,.T.);
#3887=EDGE_CURVE('',#4381,#4829,#5002,.T.);
#3888=EDGE_CURVE('',#4379,#4824,#5003,.T.);
#3889=EDGE_CURVE('',#4370,#4817,#5004,.T.);
#3890=EDGE_CURVE('',#4375,#4819,#5005,.T.);
#3891=EDGE_CURVE('',#4373,#4821,#5006,.T.);
#3892=EDGE_CURVE('',#4371,#4816,#5007,.T.);
#3893=EDGE_CURVE('',#4362,#4809,#5008,.T.);
#3894=EDGE_CURVE('',#4367,#4811,#5009,.T.);
#3895=EDGE_CURVE('',#4365,#4813,#5010,.T.);
#3896=EDGE_CURVE('',#4363,#4808,#5011,.T.);
#3897=EDGE_CURVE('',#4354,#4801,#5012,.T.);
#3898=EDGE_CURVE('',#4359,#4803,#5013,.T.);
#3899=EDGE_CURVE('',#4357,#4805,#5014,.T.);
#3900=EDGE_CURVE('',#4355,#4800,#5015,.T.);
#3901=EDGE_CURVE('',#4346,#4793,#5016,.T.);
#3902=EDGE_CURVE('',#4351,#4795,#5017,.T.);
#3903=EDGE_CURVE('',#4349,#4797,#5018,.T.);
#3904=EDGE_CURVE('',#4347,#4792,#5019,.T.);
#3905=EDGE_CURVE('',#4338,#4785,#5020,.T.);
#3906=EDGE_CURVE('',#4343,#4787,#5021,.T.);
#3907=EDGE_CURVE('',#4341,#4789,#5022,.T.);
#3908=EDGE_CURVE('',#4339,#4784,#5023,.T.);
#3909=EDGE_CURVE('',#4330,#4777,#5024,.T.);
#3910=EDGE_CURVE('',#4335,#4779,#5025,.T.);
#3911=EDGE_CURVE('',#4333,#4781,#5026,.T.);
#3912=EDGE_CURVE('',#4331,#4776,#5027,.T.);
#3913=EDGE_CURVE('',#4322,#4769,#5028,.T.);
#3914=EDGE_CURVE('',#4327,#4771,#5029,.T.);
#3915=EDGE_CURVE('',#4325,#4773,#5030,.T.);
#3916=EDGE_CURVE('',#4323,#4768,#5031,.T.);
#3917=EDGE_CURVE('',#4314,#4761,#5032,.T.);
#3918=EDGE_CURVE('',#4319,#4763,#5033,.T.);
#3919=EDGE_CURVE('',#4317,#4765,#5034,.T.);
#3920=EDGE_CURVE('',#4315,#4760,#5035,.T.);
#3921=EDGE_CURVE('',#4306,#4753,#5036,.T.);
#3922=EDGE_CURVE('',#4311,#4755,#5037,.T.);
#3923=EDGE_CURVE('',#4309,#4757,#5038,.T.);
#3924=EDGE_CURVE('',#4307,#4752,#5039,.T.);
#3925=EDGE_CURVE('',#4298,#4745,#5040,.T.);
#3926=EDGE_CURVE('',#4303,#4747,#5041,.T.);
#3927=EDGE_CURVE('',#4301,#4749,#5042,.T.);
#3928=EDGE_CURVE('',#4299,#4744,#5043,.T.);
#3929=EDGE_CURVE('',#4290,#4737,#5044,.T.);
#3930=EDGE_CURVE('',#4295,#4739,#5045,.T.);
#3931=EDGE_CURVE('',#4293,#4741,#5046,.T.);
#3932=EDGE_CURVE('',#4291,#4736,#5047,.T.);
#3933=EDGE_CURVE('',#4282,#4729,#5048,.T.);
#3934=EDGE_CURVE('',#4287,#4731,#5049,.T.);
#3935=EDGE_CURVE('',#4285,#4733,#5050,.T.);
#3936=EDGE_CURVE('',#4283,#4728,#5051,.T.);
#3937=EDGE_CURVE('',#4274,#4721,#5052,.T.);
#3938=EDGE_CURVE('',#4279,#4723,#5053,.T.);
#3939=EDGE_CURVE('',#4277,#4725,#5054,.T.);
#3940=EDGE_CURVE('',#4275,#4720,#5055,.T.);
#3941=EDGE_CURVE('',#4266,#4713,#5056,.T.);
#3942=EDGE_CURVE('',#4271,#4715,#5057,.T.);
#3943=EDGE_CURVE('',#4269,#4717,#5058,.T.);
#3944=EDGE_CURVE('',#4267,#4712,#5059,.T.);
#3945=EDGE_CURVE('',#4258,#4705,#5060,.T.);
#3946=EDGE_CURVE('',#4263,#4707,#5061,.T.);
#3947=EDGE_CURVE('',#4261,#4709,#5062,.T.);
#3948=EDGE_CURVE('',#4259,#4704,#5063,.T.);
#3949=EDGE_CURVE('',#4250,#4697,#5064,.T.);
#3950=EDGE_CURVE('',#4255,#4699,#5065,.T.);
#3951=EDGE_CURVE('',#4253,#4701,#5066,.T.);
#3952=EDGE_CURVE('',#4251,#4696,#5067,.T.);
#3953=EDGE_CURVE('',#4242,#4689,#5068,.T.);
#3954=EDGE_CURVE('',#4247,#4691,#5069,.T.);
#3955=EDGE_CURVE('',#4245,#4693,#5070,.T.);
#3956=EDGE_CURVE('',#4243,#4688,#5071,.T.);
#3957=EDGE_CURVE('',#4234,#4681,#5072,.T.);
#3958=EDGE_CURVE('',#4239,#4683,#5073,.T.);
#3959=EDGE_CURVE('',#4237,#4685,#5074,.T.);
#3960=EDGE_CURVE('',#4235,#4680,#5075,.T.);
#3961=EDGE_CURVE('',#4226,#4673,#5076,.T.);
#3962=EDGE_CURVE('',#4231,#4675,#5077,.T.);
#3963=EDGE_CURVE('',#4229,#4677,#5078,.T.);
#3964=EDGE_CURVE('',#4227,#4672,#5079,.T.);
#3965=EDGE_CURVE('',#4218,#4665,#5080,.T.);
#3966=EDGE_CURVE('',#4223,#4667,#5081,.T.);
#3967=EDGE_CURVE('',#4221,#4669,#5082,.T.);
#3968=EDGE_CURVE('',#4219,#4664,#5083,.T.);
#3969=EDGE_CURVE('',#4210,#4657,#5084,.T.);
#3970=EDGE_CURVE('',#4215,#4659,#5085,.T.);
#3971=EDGE_CURVE('',#4213,#4661,#5086,.T.);
#3972=EDGE_CURVE('',#4211,#4656,#5087,.T.);
#3973=EDGE_CURVE('',#4202,#4649,#5088,.T.);
#3974=EDGE_CURVE('',#4207,#4651,#5089,.T.);
#3975=EDGE_CURVE('',#4205,#4653,#5090,.T.);
#3976=EDGE_CURVE('',#4203,#4648,#5091,.T.);
#3977=EDGE_CURVE('',#4194,#4641,#5092,.T.);
#3978=EDGE_CURVE('',#4199,#4643,#5093,.T.);
#3979=EDGE_CURVE('',#4197,#4645,#5094,.T.);
#3980=EDGE_CURVE('',#4195,#4640,#5095,.T.);
#3981=EDGE_CURVE('',#4186,#4633,#5096,.T.);
#3982=EDGE_CURVE('',#4191,#4635,#5097,.T.);
#3983=EDGE_CURVE('',#4189,#4637,#5098,.T.);
#3984=EDGE_CURVE('',#4187,#4632,#5099,.T.);
#3985=EDGE_CURVE('',#4178,#4625,#5100,.T.);
#3986=EDGE_CURVE('',#4183,#4627,#5101,.T.);
#3987=EDGE_CURVE('',#4181,#4629,#5102,.T.);
#3988=EDGE_CURVE('',#4179,#4624,#5103,.T.);
#3989=EDGE_CURVE('',#4170,#4617,#5104,.T.);
#3990=EDGE_CURVE('',#4175,#4619,#5105,.T.);
#3991=EDGE_CURVE('',#4173,#4621,#5106,.T.);
#3992=EDGE_CURVE('',#4171,#4616,#5107,.T.);
#3993=EDGE_CURVE('',#4156,#4603,#5108,.T.);
#3994=EDGE_CURVE('',#4167,#4605,#5109,.T.);
#3995=EDGE_CURVE('',#4165,#4607,#5110,.T.);
#3996=EDGE_CURVE('',#4163,#4609,#5111,.T.);
#3997=EDGE_CURVE('',#4161,#4611,#5112,.T.);
#3998=EDGE_CURVE('',#4159,#4613,#5113,.T.);
#3999=EDGE_CURVE('',#4157,#4602,#5114,.T.);
#4000=EDGE_CURVE('',#4136,#4583,#5115,.T.);
#4001=EDGE_CURVE('',#4153,#4585,#5116,.T.);
#4002=EDGE_CURVE('',#4151,#4587,#5117,.T.);
#4003=EDGE_CURVE('',#4149,#4589,#5118,.T.);
#4004=EDGE_CURVE('',#4147,#4591,#5119,.T.);
#4005=EDGE_CURVE('',#4145,#4593,#5120,.T.);
#4006=EDGE_CURVE('',#4143,#4595,#5121,.T.);
#4007=EDGE_CURVE('',#4141,#4597,#5122,.T.);
#4008=EDGE_CURVE('',#4139,#4599,#5123,.T.);
#4009=EDGE_CURVE('',#4137,#4582,#5124,.T.);
#4010=EDGE_CURVE('',#4116,#4563,#5125,.T.);
#4011=EDGE_CURVE('',#4133,#4565,#5126,.T.);
#4012=EDGE_CURVE('',#4131,#4567,#5127,.T.);
#4013=EDGE_CURVE('',#4129,#4569,#5128,.T.);
#4014=EDGE_CURVE('',#4127,#4571,#5129,.T.);
#4015=EDGE_CURVE('',#4125,#4573,#5130,.T.);
#4016=EDGE_CURVE('',#4123,#4575,#5131,.T.);
#4017=EDGE_CURVE('',#4121,#4577,#5132,.T.);
#4018=EDGE_CURVE('',#4119,#4579,#5133,.T.);
#4019=EDGE_CURVE('',#4117,#4562,#5134,.T.);
#4020=EDGE_CURVE('',#4092,#4539,#5135,.T.);
#4021=EDGE_CURVE('',#4113,#4541,#5136,.T.);
#4022=EDGE_CURVE('',#4111,#4543,#5137,.T.);
#4023=EDGE_CURVE('',#4109,#4545,#5138,.T.);
#4024=EDGE_CURVE('',#4107,#4547,#5139,.T.);
#4025=EDGE_CURVE('',#4105,#4549,#5140,.T.);
#4026=EDGE_CURVE('',#4103,#4551,#5141,.T.);
#4027=EDGE_CURVE('',#4101,#4553,#5142,.T.);
#4028=EDGE_CURVE('',#4099,#4555,#5143,.T.);
#4029=EDGE_CURVE('',#4097,#4557,#5144,.T.);
#4030=EDGE_CURVE('',#4095,#4559,#5145,.T.);
#4031=EDGE_CURVE('',#4093,#4538,#5146,.T.);
#4032=EDGE_CURVE('',#4084,#4531,#5147,.T.);
#4033=EDGE_CURVE('',#4089,#4533,#5148,.T.);
#4034=EDGE_CURVE('',#4087,#4535,#5149,.T.);
#4035=EDGE_CURVE('',#4085,#4530,#5150,.T.);
#4036=EDGE_CURVE('',#4068,#4515,#5151,.T.);
#4037=EDGE_CURVE('',#4081,#4517,#5152,.T.);
#4038=EDGE_CURVE('',#4079,#4519,#5153,.T.);
#4039=EDGE_CURVE('',#4077,#4521,#5154,.T.);
#4040=EDGE_CURVE('',#4075,#4523,#5155,.T.);
#4041=EDGE_CURVE('',#4073,#4525,#5156,.T.);
#4042=EDGE_CURVE('',#4071,#4527,#5157,.T.);
#4043=EDGE_CURVE('',#4069,#4514,#5158,.T.);
#4044=EDGE_CURVE('',#4060,#4507,#5159,.T.);
#4045=EDGE_CURVE('',#4065,#4509,#5160,.T.);
#4046=EDGE_CURVE('',#4063,#4511,#5161,.T.);
#4047=EDGE_CURVE('',#4061,#4506,#5162,.T.);
#4048=EDGE_CURVE('',#4053,#4498,#5163,.T.);
#4049=EDGE_CURVE('',#4052,#4503,#5164,.T.);
#4050=EDGE_CURVE('',#4055,#4501,#5165,.T.);
#4051=EDGE_CURVE('',#4057,#4499,#5166,.T.);
#4052=VERTEX_POINT('',#5167);
#4053=VERTEX_POINT('',#5168);
#4054=LINE('',#5169,#5170);
#4055=VERTEX_POINT('',#5172);
#4056=LINE('',#5173,#5174);
#4057=VERTEX_POINT('',#5176);
#4058=LINE('',#5177,#5178);
#4059=LINE('',#5180,#5181);
#4060=VERTEX_POINT('',#5183);
#4061=VERTEX_POINT('',#5184);
#4062=LINE('',#5185,#5186);
#4063=VERTEX_POINT('',#5188);
#4064=LINE('',#5189,#5190);
#4065=VERTEX_POINT('',#5192);
#4066=LINE('',#5193,#5194);
#4067=LINE('',#5196,#5197);
#4068=VERTEX_POINT('',#5199);
#4069=VERTEX_POINT('',#5200);
#4070=LINE('',#5201,#5202);
#4071=VERTEX_POINT('',#5204);
#4072=LINE('',#5205,#5206);
#4073=VERTEX_POINT('',#5208);
#4074=LINE('',#5209,#5210);
#4075=VERTEX_POINT('',#5212);
#4076=LINE('',#5213,#5214);
#4077=VERTEX_POINT('',#5216);
#4078=LINE('',#5217,#5218);
#4079=VERTEX_POINT('',#5220);
#4080=LINE('',#5221,#5222);
#4081=VERTEX_POINT('',#5224);
#4082=LINE('',#5225,#5226);
#4083=LINE('',#5228,#5229);
#4084=VERTEX_POINT('',#5231);
#4085=VERTEX_POINT('',#5232);
#4086=LINE('',#5233,#5234);
#4087=VERTEX_POINT('',#5236);
#4088=LINE('',#5237,#5238);
#4089=VERTEX_POINT('',#5240);
#4090=LINE('',#5241,#5242);
#4091=LINE('',#5244,#5245);
#4092=VERTEX_POINT('',#5247);
#4093=VERTEX_POINT('',#5248);
#4094=LINE('',#5249,#5250);
#4095=VERTEX_POINT('',#5252);
#4096=LINE('',#5253,#5254);
#4097=VERTEX_POINT('',#5256);
#4098=LINE('',#5257,#5258);
#4099=VERTEX_POINT('',#5260);
#4100=LINE('',#5261,#5262);
#4101=VERTEX_POINT('',#5264);
#4102=LINE('',#5265,#5266);
#4103=VERTEX_POINT('',#5268);
#4104=LINE('',#5269,#5270);
#4105=VERTEX_POINT('',#5272);
#4106=LINE('',#5273,#5274);
#4107=VERTEX_POINT('',#5276);
#4108=LINE('',#5277,#5278);
#4109=VERTEX_POINT('',#5280);
#4110=LINE('',#5281,#5282);
#4111=VERTEX_POINT('',#5284);
#4112=LINE('',#5285,#5286);
#4113=VERTEX_POINT('',#5288);
#4114=LINE('',#5289,#5290);
#4115=LINE('',#5292,#5293);
#4116=VERTEX_POINT('',#5295);
#4117=VERTEX_POINT('',#5296);
#4118=LINE('',#5297,#5298);
#4119=VERTEX_POINT('',#5300);
#4120=LINE('',#5301,#5302);
#4121=VERTEX_POINT('',#5304);
#4122=LINE('',#5305,#5306);
#4123=VERTEX_POINT('',#5308);
#4124=LINE('',#5309,#5310);
#4125=VERTEX_POINT('',#5312);
#4126=LINE('',#5313,#5314);
#4127=VERTEX_POINT('',#5316);
#4128=LINE('',#5317,#5318);
#4129=VERTEX_POINT('',#5320);
#4130=LINE('',#5321,#5322);
#4131=VERTEX_POINT('',#5324);
#4132=LINE('',#5325,#5326);
#4133=VERTEX_POINT('',#5328);
#4134=LINE('',#5329,#5330);
#4135=LINE('',#5332,#5333);
#4136=VERTEX_POINT('',#5335);
#4137=VERTEX_POINT('',#5336);
#4138=LINE('',#5337,#5338);
#4139=VERTEX_POINT('',#5340);
#4140=LINE('',#5341,#5342);
#4141=VERTEX_POINT('',#5344);
#4142=LINE('',#5345,#5346);
#4143=VERTEX_POINT('',#5348);
#4144=LINE('',#5349,#5350);
#4145=VERTEX_POINT('',#5352);
#4146=LINE('',#5353,#5354);
#4147=VERTEX_POINT('',#5356);
#4148=LINE('',#5357,#5358);
#4149=VERTEX_POINT('',#5360);
#4150=LINE('',#5361,#5362);
#4151=VERTEX_POINT('',#5364);
#4152=LINE('',#5365,#5366);
#4153=VERTEX_POINT('',#5368);
#4154=LINE('',#5369,#5370);
#4155=LINE('',#5372,#5373);
#4156=VERTEX_POINT('',#5375);
#4157=VERTEX_POINT('',#5376);
#4158=LINE('',#5377,#5378);
#4159=VERTEX_POINT('',#5380);
#4160=LINE('',#5381,#5382);
#4161=VERTEX_POINT('',#5384);
#4162=LINE('',#5385,#5386);
#4163=VERTEX_POINT('',#5388);
#4164=LINE('',#5389,#5390);
#4165=VERTEX_POINT('',#5392);
#4166=LINE('',#5393,#5394);
#4167=VERTEX_POINT('',#5396);
#4168=LINE('',#5397,#5398);
#4169=LINE('',#5400,#5401);
#4170=VERTEX_POINT('',#5403);
#4171=VERTEX_POINT('',#5404);
#4172=LINE('',#5405,#5406);
#4173=VERTEX_POINT('',#5408);
#4174=LINE('',#5409,#5410);
#4175=VERTEX_POINT('',#5412);
#4176=LINE('',#5413,#5414);
#4177=LINE('',#5416,#5417);
#4178=VERTEX_POINT('',#5419);
#4179=VERTEX_POINT('',#5420);
#4180=LINE('',#5421,#5422);
#4181=VERTEX_POINT('',#5424);
#4182=LINE('',#5425,#5426);
#4183=VERTEX_POINT('',#5428);
#4184=LINE('',#5429,#5430);
#4185=LINE('',#5432,#5433);
#4186=VERTEX_POINT('',#5435);
#4187=VERTEX_POINT('',#5436);
#4188=LINE('',#5437,#5438);
#4189=VERTEX_POINT('',#5440);
#4190=LINE('',#5441,#5442);
#4191=VERTEX_POINT('',#5444);
#4192=LINE('',#5445,#5446);
#4193=LINE('',#5448,#5449);
#4194=VERTEX_POINT('',#5451);
#4195=VERTEX_POINT('',#5452);
#4196=LINE('',#5453,#5454);
#4197=VERTEX_POINT('',#5456);
#4198=LINE('',#5457,#5458);
#4199=VERTEX_POINT('',#5460);
#4200=LINE('',#5461,#5462);
#4201=LINE('',#5464,#5465);
#4202=VERTEX_POINT('',#5467);
#4203=VERTEX_POINT('',#5468);
#4204=LINE('',#5469,#5470);
#4205=VERTEX_POINT('',#5472);
#4206=LINE('',#5473,#5474);
#4207=VERTEX_POINT('',#5476);
#4208=LINE('',#5477,#5478);
#4209=LINE('',#5480,#5481);
#4210=VERTEX_POINT('',#5483);
#4211=VERTEX_POINT('',#5484);
#4212=LINE('',#5485,#5486);
#4213=VERTEX_POINT('',#5488);
#4214=LINE('',#5489,#5490);
#4215=VERTEX_POINT('',#5492);
#4216=LINE('',#5493,#5494);
#4217=LINE('',#5496,#5497);
#4218=VERTEX_POINT('',#5499);
#4219=VERTEX_POINT('',#5500);
#4220=LINE('',#5501,#5502);
#4221=VERTEX_POINT('',#5504);
#4222=LINE('',#5505,#5506);
#4223=VERTEX_POINT('',#5508);
#4224=LINE('',#5509,#5510);
#4225=LINE('',#5512,#5513);
#4226=VERTEX_POINT('',#5515);
#4227=VERTEX_POINT('',#5516);
#4228=LINE('',#5517,#5518);
#4229=VERTEX_POINT('',#5520);
#4230=LINE('',#5521,#5522);
#4231=VERTEX_POINT('',#5524);
#4232=LINE('',#5525,#5526);
#4233=LINE('',#5528,#5529);
#4234=VERTEX_POINT('',#5531);
#4235=VERTEX_POINT('',#5532);
#4236=LINE('',#5533,#5534);
#4237=VERTEX_POINT('',#5536);
#4238=LINE('',#5537,#5538);
#4239=VERTEX_POINT('',#5540);
#4240=LINE('',#5541,#5542);
#4241=LINE('',#5544,#5545);
#4242=VERTEX_POINT('',#5547);
#4243=VERTEX_POINT('',#5548);
#4244=LINE('',#5549,#5550);
#4245=VERTEX_POINT('',#5552);
#4246=LINE('',#5553,#5554);
#4247=VERTEX_POINT('',#5556);
#4248=LINE('',#5557,#5558);
#4249=LINE('',#5560,#5561);
#4250=VERTEX_POINT('',#5563);
#4251=VERTEX_POINT('',#5564);
#4252=LINE('',#5565,#5566);
#4253=VERTEX_POINT('',#5568);
#4254=LINE('',#5569,#5570);
#4255=VERTEX_POINT('',#5572);
#4256=LINE('',#5573,#5574);
#4257=LINE('',#5576,#5577);
#4258=VERTEX_POINT('',#5579);
#4259=VERTEX_POINT('',#5580);
#4260=LINE('',#5581,#5582);
#4261=VERTEX_POINT('',#5584);
#4262=LINE('',#5585,#5586);
#4263=VERTEX_POINT('',#5588);
#4264=LINE('',#5589,#5590);
#4265=LINE('',#5592,#5593);
#4266=VERTEX_POINT('',#5595);
#4267=VERTEX_POINT('',#5596);
#4268=LINE('',#5597,#5598);
#4269=VERTEX_POINT('',#5600);
#4270=LINE('',#5601,#5602);
#4271=VERTEX_POINT('',#5604);
#4272=LINE('',#5605,#5606);
#4273=LINE('',#5608,#5609);
#4274=VERTEX_POINT('',#5611);
#4275=VERTEX_POINT('',#5612);
#4276=LINE('',#5613,#5614);
#4277=VERTEX_POINT('',#5616);
#4278=LINE('',#5617,#5618);
#4279=VERTEX_POINT('',#5620);
#4280=LINE('',#5621,#5622);
#4281=LINE('',#5624,#5625);
#4282=VERTEX_POINT('',#5627);
#4283=VERTEX_POINT('',#5628);
#4284=LINE('',#5629,#5630);
#4285=VERTEX_POINT('',#5632);
#4286=LINE('',#5633,#5634);
#4287=VERTEX_POINT('',#5636);
#4288=LINE('',#5637,#5638);
#4289=LINE('',#5640,#5641);
#4290=VERTEX_POINT('',#5643);
#4291=VERTEX_POINT('',#5644);
#4292=LINE('',#5645,#5646);
#4293=VERTEX_POINT('',#5648);
#4294=LINE('',#5649,#5650);
#4295=VERTEX_POINT('',#5652);
#4296=LINE('',#5653,#5654);
#4297=LINE('',#5656,#5657);
#4298=VERTEX_POINT('',#5659);
#4299=VERTEX_POINT('',#5660);
#4300=LINE('',#5661,#5662);
#4301=VERTEX_POINT('',#5664);
#4302=LINE('',#5665,#5666);
#4303=VERTEX_POINT('',#5668);
#4304=LINE('',#5669,#5670);
#4305=LINE('',#5672,#5673);
#4306=VERTEX_POINT('',#5675);
#4307=VERTEX_POINT('',#5676);
#4308=LINE('',#5677,#5678);
#4309=VERTEX_POINT('',#5680);
#4310=LINE('',#5681,#5682);
#4311=VERTEX_POINT('',#5684);
#4312=LINE('',#5685,#5686);
#4313=LINE('',#5688,#5689);
#4314=VERTEX_POINT('',#5691);
#4315=VERTEX_POINT('',#5692);
#4316=LINE('',#5693,#5694);
#4317=VERTEX_POINT('',#5696);
#4318=LINE('',#5697,#5698);
#4319=VERTEX_POINT('',#5700);
#4320=LINE('',#5701,#5702);
#4321=LINE('',#5704,#5705);
#4322=VERTEX_POINT('',#5707);
#4323=VERTEX_POINT('',#5708);
#4324=LINE('',#5709,#5710);
#4325=VERTEX_POINT('',#5712);
#4326=LINE('',#5713,#5714);
#4327=VERTEX_POINT('',#5716);
#4328=LINE('',#5717,#5718);
#4329=LINE('',#5720,#5721);
#4330=VERTEX_POINT('',#5723);
#4331=VERTEX_POINT('',#5724);
#4332=LINE('',#5725,#5726);
#4333=VERTEX_POINT('',#5728);
#4334=LINE('',#5729,#5730);
#4335=VERTEX_POINT('',#5732);
#4336=LINE('',#5733,#5734);
#4337=LINE('',#5736,#5737);
#4338=VERTEX_POINT('',#5739);
#4339=VERTEX_POINT('',#5740);
#4340=LINE('',#5741,#5742);
#4341=VERTEX_POINT('',#5744);
#4342=LINE('',#5745,#5746);
#4343=VERTEX_POINT('',#5748);
#4344=LINE('',#5749,#5750);
#4345=LINE('',#5752,#5753);
#4346=VERTEX_POINT('',#5755);
#4347=VERTEX_POINT('',#5756);
#4348=LINE('',#5757,#5758);
#4349=VERTEX_POINT('',#5760);
#4350=LINE('',#5761,#5762);
#4351=VERTEX_POINT('',#5764);
#4352=LINE('',#5765,#5766);
#4353=LINE('',#5768,#5769);
#4354=VERTEX_POINT('',#5771);
#4355=VERTEX_POINT('',#5772);
#4356=LINE('',#5773,#5774);
#4357=VERTEX_POINT('',#5776);
#4358=LINE('',#5777,#5778);
#4359=VERTEX_POINT('',#5780);
#4360=LINE('',#5781,#5782);
#4361=LINE('',#5784,#5785);
#4362=VERTEX_POINT('',#5787);
#4363=VERTEX_POINT('',#5788);
#4364=LINE('',#5789,#5790);
#4365=VERTEX_POINT('',#5792);
#4366=LINE('',#5793,#5794);
#4367=VERTEX_POINT('',#5796);
#4368=LINE('',#5797,#5798);
#4369=LINE('',#5800,#5801);
#4370=VERTEX_POINT('',#5803);
#4371=VERTEX_POINT('',#5804);
#4372=LINE('',#5805,#5806);
#4373=VERTEX_POINT('',#5808);
#4374=LINE('',#5809,#5810);
#4375=VERTEX_POINT('',#5812);
#4376=LINE('',#5813,#5814);
#4377=LINE('',#5816,#5817);
#4378=VERTEX_POINT('',#5819);
#4379=VERTEX_POINT('',#5820);
#4380=LINE('',#5821,#5822);
#4381=VERTEX_POINT('',#5824);
#4382=LINE('',#5825,#5826);
#4383=VERTEX_POINT('',#5828);
#4384=LINE('',#5829,#5830);
#4385=LINE('',#5832,#5833);
#4386=VERTEX_POINT('',#5835);
#4387=VERTEX_POINT('',#5836);
#4388=LINE('',#5837,#5838);
#4389=VERTEX_POINT('',#5840);
#4390=LINE('',#5841,#5842);
#4391=VERTEX_POINT('',#5844);
#4392=LINE('',#5845,#5846);
#4393=LINE('',#5848,#5849);
#4394=VERTEX_POINT('',#5851);
#4395=VERTEX_POINT('',#5852);
#4396=LINE('',#5853,#5854);
#4397=VERTEX_POINT('',#5856);
#4398=LINE('',#5857,#5858);
#4399=VERTEX_POINT('',#5860);
#4400=LINE('',#5861,#5862);
#4401=LINE('',#5864,#5865);
#4402=VERTEX_POINT('',#5867);
#4403=VERTEX_POINT('',#5868);
#4404=LINE('',#5869,#5870);
#4405=VERTEX_POINT('',#5872);
#4406=LINE('',#5873,#5874);
#4407=VERTEX_POINT('',#5876);
#4408=LINE('',#5877,#5878);
#4409=LINE('',#5880,#5881);
#4410=VERTEX_POINT('',#5883);
#4411=VERTEX_POINT('',#5884);
#4412=LINE('',#5885,#5886);
#4413=VERTEX_POINT('',#5888);
#4414=LINE('',#5889,#5890);
#4415=VERTEX_POINT('',#5892);
#4416=LINE('',#5893,#5894);
#4417=LINE('',#5896,#5897);
#4418=VERTEX_POINT('',#5899);
#4419=VERTEX_POINT('',#5900);
#4420=LINE('',#5901,#5902);
#4421=VERTEX_POINT('',#5904);
#4422=LINE('',#5905,#5906);
#4423=VERTEX_POINT('',#5908);
#4424=LINE('',#5909,#5910);
#4425=LINE('',#5912,#5913);
#4426=VERTEX_POINT('',#5915);
#4427=VERTEX_POINT('',#5916);
#4428=LINE('',#5917,#5918);
#4429=VERTEX_POINT('',#5920);
#4430=LINE('',#5921,#5922);
#4431=VERTEX_POINT('',#5924);
#4432=LINE('',#5925,#5926);
#4433=LINE('',#5928,#5929);
#4434=VERTEX_POINT('',#5931);
#4435=VERTEX_POINT('',#5932);
#4436=LINE('',#5933,#5934);
#4437=VERTEX_POINT('',#5936);
#4438=LINE('',#5937,#5938);
#4439=VERTEX_POINT('',#5940);
#4440=LINE('',#5941,#5942);
#4441=LINE('',#5944,#5945);
#4442=VERTEX_POINT('',#5947);
#4443=VERTEX_POINT('',#5948);
#4444=LINE('',#5949,#5950);
#4445=VERTEX_POINT('',#5952);
#4446=LINE('',#5953,#5954);
#4447=VERTEX_POINT('',#5956);
#4448=LINE('',#5957,#5958);
#4449=LINE('',#5960,#5961);
#4450=VERTEX_POINT('',#5963);
#4451=VERTEX_POINT('',#5964);
#4452=LINE('',#5965,#5966);
#4453=VERTEX_POINT('',#5968);
#4454=LINE('',#5969,#5970);
#4455=VERTEX_POINT('',#5972);
#4456=LINE('',#5973,#5974);
#4457=LINE('',#5976,#5977);
#4458=VERTEX_POINT('',#5979);
#4459=VERTEX_POINT('',#5980);
#4460=LINE('',#5981,#5982);
#4461=VERTEX_POINT('',#5984);
#4462=LINE('',#5985,#5986);
#4463=VERTEX_POINT('',#5988);
#4464=LINE('',#5989,#5990);
#4465=LINE('',#5992,#5993);
#4466=VERTEX_POINT('',#5995);
#4467=VERTEX_POINT('',#5996);
#4468=LINE('',#5997,#5998);
#4469=VERTEX_POINT('',#6000);
#4470=LINE('',#6001,#6002);
#4471=VERTEX_POINT('',#6004);
#4472=LINE('',#6005,#6006);
#4473=LINE('',#6008,#6009);
#4474=VERTEX_POINT('',#6011);
#4475=VERTEX_POINT('',#6012);
#4476=LINE('',#6013,#6014);
#4477=VERTEX_POINT('',#6016);
#4478=LINE('',#6017,#6018);
#4479=VERTEX_POINT('',#6020);
#4480=LINE('',#6021,#6022);
#4481=LINE('',#6024,#6025);
#4482=VERTEX_POINT('',#6027);
#4483=VERTEX_POINT('',#6028);
#4484=LINE('',#6029,#6030);
#4485=VERTEX_POINT('',#6032);
#4486=LINE('',#6033,#6034);
#4487=VERTEX_POINT('',#6036);
#4488=LINE('',#6037,#6038);
#4489=LINE('',#6040,#6041);
#4490=VERTEX_POINT('',#6043);
#4491=VERTEX_POINT('',#6044);
#4492=LINE('',#6045,#6046);
#4493=VERTEX_POINT('',#6048);
#4494=LINE('',#6049,#6050);
#4495=VERTEX_POINT('',#6052);
#4496=LINE('',#6053,#6054);
#4497=LINE('',#6056,#6057);
#4498=VERTEX_POINT('',#6059);
#4499=VERTEX_POINT('',#6060);
#4500=LINE('',#6061,#6062);
#4501=VERTEX_POINT('',#6064);
#4502=LINE('',#6065,#6066);
#4503=VERTEX_POINT('',#6068);
#4504=LINE('',#6069,#6070);
#4505=LINE('',#6072,#6073);
#4506=VERTEX_POINT('',#6075);
#4507=VERTEX_POINT('',#6076);
#4508=LINE('',#6077,#6078);
#4509=VERTEX_POINT('',#6080);
#4510=LINE('',#6081,#6082);
#4511=VERTEX_POINT('',#6084);
#4512=LINE('',#6085,#6086);
#4513=LINE('',#6088,#6089);
#4514=VERTEX_POINT('',#6091);
#4515=VERTEX_POINT('',#6092);
#4516=LINE('',#6093,#6094);
#4517=VERTEX_POINT('',#6096);
#4518=LINE('',#6097,#6098);
#4519=VERTEX_POINT('',#6100);
#4520=LINE('',#6101,#6102);
#4521=VERTEX_POINT('',#6104);
#4522=LINE('',#6105,#6106);
#4523=VERTEX_POINT('',#6108);
#4524=LINE('',#6109,#6110);
#4525=VERTEX_POINT('',#6112);
#4526=LINE('',#6113,#6114);
#4527=VERTEX_POINT('',#6116);
#4528=LINE('',#6117,#6118);
#4529=LINE('',#6120,#6121);
#4530=VERTEX_POINT('',#6123);
#4531=VERTEX_POINT('',#6124);
#4532=LINE('',#6125,#6126);
#4533=VERTEX_POINT('',#6128);
#4534=LINE('',#6129,#6130);
#4535=VERTEX_POINT('',#6132);
#4536=LINE('',#6133,#6134);
#4537=LINE('',#6136,#6137);
#4538=VERTEX_POINT('',#6139);
#4539=VERTEX_POINT('',#6140);
#4540=LINE('',#6141,#6142);
#4541=VERTEX_POINT('',#6144);
#4542=LINE('',#6145,#6146);
#4543=VERTEX_POINT('',#6148);
#4544=LINE('',#6149,#6150);
#4545=VERTEX_POINT('',#6152);
#4546=LINE('',#6153,#6154);
#4547=VERTEX_POINT('',#6156);
#4548=LINE('',#6157,#6158);
#4549=VERTEX_POINT('',#6160);
#4550=LINE('',#6161,#6162);
#4551=VERTEX_POINT('',#6164);
#4552=LINE('',#6165,#6166);
#4553=VERTEX_POINT('',#6168);
#4554=LINE('',#6169,#6170);
#4555=VERTEX_POINT('',#6172);
#4556=LINE('',#6173,#6174);
#4557=VERTEX_POINT('',#6176);
#4558=LINE('',#6177,#6178);
#4559=VERTEX_POINT('',#6180);
#4560=LINE('',#6181,#6182);
#4561=LINE('',#6184,#6185);
#4562=VERTEX_POINT('',#6187);
#4563=VERTEX_POINT('',#6188);
#4564=LINE('',#6189,#6190);
#4565=VERTEX_POINT('',#6192);
#4566=LINE('',#6193,#6194);
#4567=VERTEX_POINT('',#6196);
#4568=LINE('',#6197,#6198);
#4569=VERTEX_POINT('',#6200);
#4570=LINE('',#6201,#6202);
#4571=VERTEX_POINT('',#6204);
#4572=LINE('',#6205,#6206);
#4573=VERTEX_POINT('',#6208);
#4574=LINE('',#6209,#6210);
#4575=VERTEX_POINT('',#6212);
#4576=LINE('',#6213,#6214);
#4577=VERTEX_POINT('',#6216);
#4578=LINE('',#6217,#6218);
#4579=VERTEX_POINT('',#6220);
#4580=LINE('',#6221,#6222);
#4581=LINE('',#6224,#6225);
#4582=VERTEX_POINT('',#6227);
#4583=VERTEX_POINT('',#6228);
#4584=LINE('',#6229,#6230);
#4585=VERTEX_POINT('',#6232);
#4586=LINE('',#6233,#6234);
#4587=VERTEX_POINT('',#6236);
#4588=LINE('',#6237,#6238);
#4589=VERTEX_POINT('',#6240);
#4590=LINE('',#6241,#6242);
#4591=VERTEX_POINT('',#6244);
#4592=LINE('',#6245,#6246);
#4593=VERTEX_POINT('',#6248);
#4594=LINE('',#6249,#6250);
#4595=VERTEX_POINT('',#6252);
#4596=LINE('',#6253,#6254);
#4597=VERTEX_POINT('',#6256);
#4598=LINE('',#6257,#6258);
#4599=VERTEX_POINT('',#6260);
#4600=LINE('',#6261,#6262);
#4601=LINE('',#6264,#6265);
#4602=VERTEX_POINT('',#6267);
#4603=VERTEX_POINT('',#6268);
#4604=LINE('',#6269,#6270);
#4605=VERTEX_POINT('',#6272);
#4606=LINE('',#6273,#6274);
#4607=VERTEX_POINT('',#6276);
#4608=LINE('',#6277,#6278);
#4609=VERTEX_POINT('',#6280);
#4610=LINE('',#6281,#6282);
#4611=VERTEX_POINT('',#6284);
#4612=LINE('',#6285,#6286);
#4613=VERTEX_POINT('',#6288);
#4614=LINE('',#6289,#6290);
#4615=LINE('',#6292,#6293);
#4616=VERTEX_POINT('',#6295);
#4617=VERTEX_POINT('',#6296);
#4618=LINE('',#6297,#6298);
#4619=VERTEX_POINT('',#6300);
#4620=LINE('',#6301,#6302);
#4621=VERTEX_POINT('',#6304);
#4622=LINE('',#6305,#6306);
#4623=LINE('',#6308,#6309);
#4624=VERTEX_POINT('',#6311);
#4625=VERTEX_POINT('',#6312);
#4626=LINE('',#6313,#6314);
#4627=VERTEX_POINT('',#6316);
#4628=LINE('',#6317,#6318);
#4629=VERTEX_POINT('',#6320);
#4630=LINE('',#6321,#6322);
#4631=LINE('',#6324,#6325);
#4632=VERTEX_POINT('',#6327);
#4633=VERTEX_POINT('',#6328);
#4634=LINE('',#6329,#6330);
#4635=VERTEX_POINT('',#6332);
#4636=LINE('',#6333,#6334);
#4637=VERTEX_POINT('',#6336);
#4638=LINE('',#6337,#6338);
#4639=LINE('',#6340,#6341);
#4640=VERTEX_POINT('',#6343);
#4641=VERTEX_POINT('',#6344);
#4642=LINE('',#6345,#6346);
#4643=VERTEX_POINT('',#6348);
#4644=LINE('',#6349,#6350);
#4645=VERTEX_POINT('',#6352);
#4646=LINE('',#6353,#6354);
#4647=LINE('',#6356,#6357);
#4648=VERTEX_POINT('',#6359);
#4649=VERTEX_POINT('',#6360);
#4650=LINE('',#6361,#6362);
#4651=VERTEX_POINT('',#6364);
#4652=LINE('',#6365,#6366);
#4653=VERTEX_POINT('',#6368);
#4654=LINE('',#6369,#6370);
#4655=LINE('',#6372,#6373);
#4656=VERTEX_POINT('',#6375);
#4657=VERTEX_POINT('',#6376);
#4658=LINE('',#6377,#6378);
#4659=VERTEX_POINT('',#6380);
#4660=LINE('',#6381,#6382);
#4661=VERTEX_POINT('',#6384);
#4662=LINE('',#6385,#6386);
#4663=LINE('',#6388,#6389);
#4664=VERTEX_POINT('',#6391);
#4665=VERTEX_POINT('',#6392);
#4666=LINE('',#6393,#6394);
#4667=VERTEX_POINT('',#6396);
#4668=LINE('',#6397,#6398);
#4669=VERTEX_POINT('',#6400);
#4670=LINE('',#6401,#6402);
#4671=LINE('',#6404,#6405);
#4672=VERTEX_POINT('',#6407);
#4673=VERTEX_POINT('',#6408);
#4674=LINE('',#6409,#6410);
#4675=VERTEX_POINT('',#6412);
#4676=LINE('',#6413,#6414);
#4677=VERTEX_POINT('',#6416);
#4678=LINE('',#6417,#6418);
#4679=LINE('',#6420,#6421);
#4680=VERTEX_POINT('',#6423);
#4681=VERTEX_POINT('',#6424);
#4682=LINE('',#6425,#6426);
#4683=VERTEX_POINT('',#6428);
#4684=LINE('',#6429,#6430);
#4685=VERTEX_POINT('',#6432);
#4686=LINE('',#6433,#6434);
#4687=LINE('',#6436,#6437);
#4688=VERTEX_POINT('',#6439);
#4689=VERTEX_POINT('',#6440);
#4690=LINE('',#6441,#6442);
#4691=VERTEX_POINT('',#6444);
#4692=LINE('',#6445,#6446);
#4693=VERTEX_POINT('',#6448);
#4694=LINE('',#6449,#6450);
#4695=LINE('',#6452,#6453);
#4696=VERTEX_POINT('',#6455);
#4697=VERTEX_POINT('',#6456);
#4698=LINE('',#6457,#6458);
#4699=VERTEX_POINT('',#6460);
#4700=LINE('',#6461,#6462);
#4701=VERTEX_POINT('',#6464);
#4702=LINE('',#6465,#6466);
#4703=LINE('',#6468,#6469);
#4704=VERTEX_POINT('',#6471);
#4705=VERTEX_POINT('',#6472);
#4706=LINE('',#6473,#6474);
#4707=VERTEX_POINT('',#6476);
#4708=LINE('',#6477,#6478);
#4709=VERTEX_POINT('',#6480);
#4710=LINE('',#6481,#6482);
#4711=LINE('',#6484,#6485);
#4712=VERTEX_POINT('',#6487);
#4713=VERTEX_POINT('',#6488);
#4714=LINE('',#6489,#6490);
#4715=VERTEX_POINT('',#6492);
#4716=LINE('',#6493,#6494);
#4717=VERTEX_POINT('',#6496);
#4718=LINE('',#6497,#6498);
#4719=LINE('',#6500,#6501);
#4720=VERTEX_POINT('',#6503);
#4721=VERTEX_POINT('',#6504);
#4722=LINE('',#6505,#6506);
#4723=VERTEX_POINT('',#6508);
#4724=LINE('',#6509,#6510);
#4725=VERTEX_POINT('',#6512);
#4726=LINE('',#6513,#6514);
#4727=LINE('',#6516,#6517);
#4728=VERTEX_POINT('',#6519);
#4729=VERTEX_POINT('',#6520);
#4730=LINE('',#6521,#6522);
#4731=VERTEX_POINT('',#6524);
#4732=LINE('',#6525,#6526);
#4733=VERTEX_POINT('',#6528);
#4734=LINE('',#6529,#6530);
#4735=LINE('',#6532,#6533);
#4736=VERTEX_POINT('',#6535);
#4737=VERTEX_POINT('',#6536);
#4738=LINE('',#6537,#6538);
#4739=VERTEX_POINT('',#6540);
#4740=LINE('',#6541,#6542);
#4741=VERTEX_POINT('',#6544);
#4742=LINE('',#6545,#6546);
#4743=LINE('',#6548,#6549);
#4744=VERTEX_POINT('',#6551);
#4745=VERTEX_POINT('',#6552);
#4746=LINE('',#6553,#6554);
#4747=VERTEX_POINT('',#6556);
#4748=LINE('',#6557,#6558);
#4749=VERTEX_POINT('',#6560);
#4750=LINE('',#6561,#6562);
#4751=LINE('',#6564,#6565);
#4752=VERTEX_POINT('',#6567);
#4753=VERTEX_POINT('',#6568);
#4754=LINE('',#6569,#6570);
#4755=VERTEX_POINT('',#6572);
#4756=LINE('',#6573,#6574);
#4757=VERTEX_POINT('',#6576);
#4758=LINE('',#6577,#6578);
#4759=LINE('',#6580,#6581);
#4760=VERTEX_POINT('',#6583);
#4761=VERTEX_POINT('',#6584);
#4762=LINE('',#6585,#6586);
#4763=VERTEX_POINT('',#6588);
#4764=LINE('',#6589,#6590);
#4765=VERTEX_POINT('',#6592);
#4766=LINE('',#6593,#6594);
#4767=LINE('',#6596,#6597);
#4768=VERTEX_POINT('',#6599);
#4769=VERTEX_POINT('',#6600);
#4770=LINE('',#6601,#6602);
#4771=VERTEX_POINT('',#6604);
#4772=LINE('',#6605,#6606);
#4773=VERTEX_POINT('',#6608);
#4774=LINE('',#6609,#6610);
#4775=LINE('',#6612,#6613);
#4776=VERTEX_POINT('',#6615);
#4777=VERTEX_POINT('',#6616);
#4778=LINE('',#6617,#6618);
#4779=VERTEX_POINT('',#6620);
#4780=LINE('',#6621,#6622);
#4781=VERTEX_POINT('',#6624);
#4782=LINE('',#6625,#6626);
#4783=LINE('',#6628,#6629);
#4784=VERTEX_POINT('',#6631);
#4785=VERTEX_POINT('',#6632);
#4786=LINE('',#6633,#6634);
#4787=VERTEX_POINT('',#6636);
#4788=LINE('',#6637,#6638);
#4789=VERTEX_POINT('',#6640);
#4790=LINE('',#6641,#6642);
#4791=LINE('',#6644,#6645);
#4792=VERTEX_POINT('',#6647);
#4793=VERTEX_POINT('',#6648);
#4794=LINE('',#6649,#6650);
#4795=VERTEX_POINT('',#6652);
#4796=LINE('',#6653,#6654);
#4797=VERTEX_POINT('',#6656);
#4798=LINE('',#6657,#6658);
#4799=LINE('',#6660,#6661);
#4800=VERTEX_POINT('',#6663);
#4801=VERTEX_POINT('',#6664);
#4802=LINE('',#6665,#6666);
#4803=VERTEX_POINT('',#6668);
#4804=LINE('',#6669,#6670);
#4805=VERTEX_POINT('',#6672);
#4806=LINE('',#6673,#6674);
#4807=LINE('',#6676,#6677);
#4808=VERTEX_POINT('',#6679);
#4809=VERTEX_POINT('',#6680);
#4810=LINE('',#6681,#6682);
#4811=VERTEX_POINT('',#6684);
#4812=LINE('',#6685,#6686);
#4813=VERTEX_POINT('',#6688);
#4814=LINE('',#6689,#6690);
#4815=LINE('',#6692,#6693);
#4816=VERTEX_POINT('',#6695);
#4817=VERTEX_POINT('',#6696);
#4818=LINE('',#6697,#6698);
#4819=VERTEX_POINT('',#6700);
#4820=LINE('',#6701,#6702);
#4821=VERTEX_POINT('',#6704);
#4822=LINE('',#6705,#6706);
#4823=LINE('',#6708,#6709);
#4824=VERTEX_POINT('',#6711);
#4825=VERTEX_POINT('',#6712);
#4826=LINE('',#6713,#6714);
#4827=VERTEX_POINT('',#6716);
#4828=LINE('',#6717,#6718);
#4829=VERTEX_POINT('',#6720);
#4830=LINE('',#6721,#6722);
#4831=LINE('',#6724,#6725);
#4832=VERTEX_POINT('',#6727);
#4833=VERTEX_POINT('',#6728);
#4834=LINE('',#6729,#6730);
#4835=VERTEX_POINT('',#6732);
#4836=LINE('',#6733,#6734);
#4837=VERTEX_POINT('',#6736);
#4838=LINE('',#6737,#6738);
#4839=LINE('',#6740,#6741);
#4840=VERTEX_POINT('',#6743);
#4841=VERTEX_POINT('',#6744);
#4842=LINE('',#6745,#6746);
#4843=VERTEX_POINT('',#6748);
#4844=LINE('',#6749,#6750);
#4845=VERTEX_POINT('',#6752);
#4846=LINE('',#6753,#6754);
#4847=LINE('',#6756,#6757);
#4848=VERTEX_POINT('',#6759);
#4849=VERTEX_POINT('',#6760);
#4850=LINE('',#6761,#6762);
#4851=VERTEX_POINT('',#6764);
#4852=LINE('',#6765,#6766);
#4853=VERTEX_POINT('',#6768);
#4854=LINE('',#6769,#6770);
#4855=LINE('',#6772,#6773);
#4856=VERTEX_POINT('',#6775);
#4857=VERTEX_POINT('',#6776);
#4858=LINE('',#6777,#6778);
#4859=VERTEX_POINT('',#6780);
#4860=LINE('',#6781,#6782);
#4861=VERTEX_POINT('',#6784);
#4862=LINE('',#6785,#6786);
#4863=LINE('',#6788,#6789);
#4864=VERTEX_POINT('',#6791);
#4865=VERTEX_POINT('',#6792);
#4866=LINE('',#6793,#6794);
#4867=VERTEX_POINT('',#6796);
#4868=LINE('',#6797,#6798);
#4869=VERTEX_POINT('',#6800);
#4870=LINE('',#6801,#6802);
#4871=LINE('',#6804,#6805);
#4872=VERTEX_POINT('',#6807);
#4873=VERTEX_POINT('',#6808);
#4874=LINE('',#6809,#6810);
#4875=VERTEX_POINT('',#6812);
#4876=LINE('',#6813,#6814);
#4877=VERTEX_POINT('',#6816);
#4878=LINE('',#6817,#6818);
#4879=LINE('',#6820,#6821);
#4880=VERTEX_POINT('',#6823);
#4881=VERTEX_POINT('',#6824);
#4882=LINE('',#6825,#6826);
#4883=VERTEX_POINT('',#6828);
#4884=LINE('',#6829,#6830);
#4885=VERTEX_POINT('',#6832);
#4886=LINE('',#6833,#6834);
#4887=LINE('',#6836,#6837);
#4888=VERTEX_POINT('',#6839);
#4889=VERTEX_POINT('',#6840);
#4890=LINE('',#6841,#6842);
#4891=VERTEX_POINT('',#6844);
#4892=LINE('',#6845,#6846);
#4893=VERTEX_POINT('',#6848);
#4894=LINE('',#6849,#6850);
#4895=LINE('',#6852,#6853);
#4896=VERTEX_POINT('',#6855);
#4897=VERTEX_POINT('',#6856);
#4898=LINE('',#6857,#6858);
#4899=VERTEX_POINT('',#6860);
#4900=LINE('',#6861,#6862);
#4901=VERTEX_POINT('',#6864);
#4902=LINE('',#6865,#6866);
#4903=LINE('',#6868,#6869);
#4904=VERTEX_POINT('',#6871);
#4905=VERTEX_POINT('',#6872);
#4906=LINE('',#6873,#6874);
#4907=VERTEX_POINT('',#6876);
#4908=LINE('',#6877,#6878);
#4909=VERTEX_POINT('',#6880);
#4910=LINE('',#6881,#6882);
#4911=LINE('',#6884,#6885);
#4912=VERTEX_POINT('',#6887);
#4913=VERTEX_POINT('',#6888);
#4914=LINE('',#6889,#6890);
#4915=VERTEX_POINT('',#6892);
#4916=LINE('',#6893,#6894);
#4917=VERTEX_POINT('',#6896);
#4918=LINE('',#6897,#6898);
#4919=LINE('',#6900,#6901);
#4920=VERTEX_POINT('',#6903);
#4921=VERTEX_POINT('',#6904);
#4922=LINE('',#6905,#6906);
#4923=VERTEX_POINT('',#6908);
#4924=LINE('',#6909,#6910);
#4925=VERTEX_POINT('',#6912);
#4926=LINE('',#6913,#6914);
#4927=LINE('',#6916,#6917);
#4928=VERTEX_POINT('',#6919);
#4929=VERTEX_POINT('',#6920);
#4930=LINE('',#6921,#6922);
#4931=VERTEX_POINT('',#6924);
#4932=LINE('',#6925,#6926);
#4933=VERTEX_POINT('',#6928);
#4934=LINE('',#6929,#6930);
#4935=LINE('',#6932,#6933);
#4936=VERTEX_POINT('',#6935);
#4937=VERTEX_POINT('',#6936);
#4938=LINE('',#6937,#6938);
#4939=VERTEX_POINT('',#6940);
#4940=LINE('',#6941,#6942);
#4941=VERTEX_POINT('',#6944);
#4942=LINE('',#6945,#6946);
#4943=LINE('',#6948,#6949);
#4944=LINE('',#6951,#6952);
#4945=LINE('',#6954,#6955);
#4946=LINE('',#6957,#6958);
#4947=LINE('',#6960,#6961);
#4948=LINE('',#6963,#6964);
#4949=LINE('',#6966,#6967);
#4950=LINE('',#6969,#6970);
#4951=LINE('',#6972,#6973);
#4952=LINE('',#6975,#6976);
#4953=LINE('',#6978,#6979);
#4954=LINE('',#6981,#6982);
#4955=LINE('',#6984,#6985);
#4956=LINE('',#6987,#6988);
#4957=LINE('',#6990,#6991);
#4958=LINE('',#6993,#6994);
#4959=LINE('',#6996,#6997);
#4960=LINE('',#6999,#7000);
#4961=LINE('',#7002,#7003);
#4962=LINE('',#7005,#7006);
#4963=LINE('',#7008,#7009);
#4964=LINE('',#7011,#7012);
#4965=LINE('',#7014,#7015);
#4966=LINE('',#7017,#7018);
#4967=LINE('',#7020,#7021);
#4968=LINE('',#7023,#7024);
#4969=LINE('',#7026,#7027);
#4970=LINE('',#7029,#7030);
#4971=LINE('',#7032,#7033);
#4972=LINE('',#7035,#7036);
#4973=LINE('',#7038,#7039);
#4974=LINE('',#7041,#7042);
#4975=LINE('',#7044,#7045);
#4976=LINE('',#7047,#7048);
#4977=LINE('',#7050,#7051);
#4978=LINE('',#7053,#7054);
#4979=LINE('',#7056,#7057);
#4980=LINE('',#7059,#7060);
#4981=LINE('',#7062,#7063);
#4982=LINE('',#7065,#7066);
#4983=LINE('',#7068,#7069);
#4984=LINE('',#7071,#7072);
#4985=LINE('',#7074,#7075);
#4986=LINE('',#7077,#7078);
#4987=LINE('',#7080,#7081);
#4988=LINE('',#7083,#7084);
#4989=LINE('',#7086,#7087);
#4990=LINE('',#7089,#7090);
#4991=LINE('',#7092,#7093);
#4992=LINE('',#7095,#7096);
#4993=LINE('',#7098,#7099);
#4994=LINE('',#7101,#7102);
#4995=LINE('',#7104,#7105);
#4996=LINE('',#7107,#7108);
#4997=LINE('',#7110,#7111);
#4998=LINE('',#7113,#7114);
#4999=LINE('',#7116,#7117);
#5000=LINE('',#7119,#7120);
#5001=LINE('',#7122,#7123);
#5002=LINE('',#7125,#7126);
#5003=LINE('',#7128,#7129);
#5004=LINE('',#7131,#7132);
#5005=LINE('',#7134,#7135);
#5006=LINE('',#7137,#7138);
#5007=LINE('',#7140,#7141);
#5008=LINE('',#7143,#7144);
#5009=LINE('',#7146,#7147);
#5010=LINE('',#7149,#7150);
#5011=LINE('',#7152,#7153);
#5012=LINE('',#7155,#7156);
#5013=LINE('',#7158,#7159);
#5014=LINE('',#7161,#7162);
#5015=LINE('',#7164,#7165);
#5016=LINE('',#7167,#7168);
#5017=LINE('',#7170,#7171);
#5018=LINE('',#7173,#7174);
#5019=LINE('',#7176,#7177);
#5020=LINE('',#7179,#7180);
#5021=LINE('',#7182,#7183);
#5022=LINE('',#7185,#7186);
#5023=LINE('',#7188,#7189);
#5024=LINE('',#7191,#7192);
#5025=LINE('',#7194,#7195);
#5026=LINE('',#7197,#7198);
#5027=LINE('',#7200,#7201);
#5028=LINE('',#7203,#7204);
#5029=LINE('',#7206,#7207);
#5030=LINE('',#7209,#7210);
#5031=LINE('',#7212,#7213);
#5032=LINE('',#7215,#7216);
#5033=LINE('',#7218,#7219);
#5034=LINE('',#7221,#7222);
#5035=LINE('',#7224,#7225);
#5036=LINE('',#7227,#7228);
#5037=LINE('',#7230,#7231);
#5038=LINE('',#7233,#7234);
#5039=LINE('',#7236,#7237);
#5040=LINE('',#7239,#7240);
#5041=LINE('',#7242,#7243);
#5042=LINE('',#7245,#7246);
#5043=LINE('',#7248,#7249);
#5044=LINE('',#7251,#7252);
#5045=LINE('',#7254,#7255);
#5046=LINE('',#7257,#7258);
#5047=LINE('',#7260,#7261);
#5048=LINE('',#7263,#7264);
#5049=LINE('',#7266,#7267);
#5050=LINE('',#7269,#7270);
#5051=LINE('',#7272,#7273);
#5052=LINE('',#7275,#7276);
#5053=LINE('',#7278,#7279);
#5054=LINE('',#7281,#7282);
#5055=LINE('',#7284,#7285);
#5056=LINE('',#7287,#7288);
#5057=LINE('',#7290,#7291);
#5058=LINE('',#7293,#7294);
#5059=LINE('',#7296,#7297);
#5060=LINE('',#7299,#7300);
#5061=LINE('',#7302,#7303);
#5062=LINE('',#7305,#7306);
#5063=LINE('',#7308,#7309);
#5064=LINE('',#7311,#7312);
#5065=LINE('',#7314,#7315);
#5066=LINE('',#7317,#7318);
#5067=LINE('',#7320,#7321);
#5068=LINE('',#7323,#7324);
#5069=LINE('',#7326,#7327);
#5070=LINE('',#7329,#7330);
#5071=LINE('',#7332,#7333);
#5072=LINE('',#7335,#7336);
#5073=LINE('',#7338,#7339);
#5074=LINE('',#7341,#7342);
#5075=LINE('',#7344,#7345);
#5076=LINE('',#7347,#7348);
#5077=LINE('',#7350,#7351);
#5078=LINE('',#7353,#7354);
#5079=LINE('',#7356,#7357);
#5080=LINE('',#7359,#7360);
#5081=LINE('',#7362,#7363);
#5082=LINE('',#7365,#7366);
#5083=LINE('',#7368,#7369);
#5084=LINE('',#7371,#7372);
#5085=LINE('',#7374,#7375);
#5086=LINE('',#7377,#7378);
#5087=LINE('',#7380,#7381);
#5088=LINE('',#7383,#7384);
#5089=LINE('',#7386,#7387);
#5090=LINE('',#7389,#7390);
#5091=LINE('',#7392,#7393);
#5092=LINE('',#7395,#7396);
#5093=LINE('',#7398,#7399);
#5094=LINE('',#7401,#7402);
#5095=LINE('',#7404,#7405);
#5096=LINE('',#7407,#7408);
#5097=LINE('',#7410,#7411);
#5098=LINE('',#7413,#7414);
#5099=LINE('',#7416,#7417);
#5100=LINE('',#7419,#7420);
#5101=LINE('',#7422,#7423);
#5102=LINE('',#7425,#7426);
#5103=LINE('',#7428,#7429);
#5104=LINE('',#7431,#7432);
#5105=LINE('',#7434,#7435);
#5106=LINE('',#7437,#7438);
#5107=LINE('',#7440,#7441);
#5108=LINE('',#7443,#7444);
#5109=LINE('',#7446,#7447);
#5110=LINE('',#7449,#7450);
#5111=LINE('',#7452,#7453);
#5112=LINE('',#7455,#7456);
#5113=LINE('',#7458,#7459);
#5114=LINE('',#7461,#7462);
#5115=LINE('',#7464,#7465);
#5116=LINE('',#7467,#7468);
#5117=LINE('',#7470,#7471);
#5118=LINE('',#7473,#7474);
#5119=LINE('',#7476,#7477);
#5120=LINE('',#7479,#7480);
#5121=LINE('',#7482,#7483);
#5122=LINE('',#7485,#7486);
#5123=LINE('',#7488,#7489);
#5124=LINE('',#7491,#7492);
#5125=LINE('',#7494,#7495);
#5126=LINE('',#7497,#7498);
#5127=LINE('',#7500,#7501);
#5128=LINE('',#7503,#7504);
#5129=LINE('',#7506,#7507);
#5130=LINE('',#7509,#7510);
#5131=LINE('',#7512,#7513);
#5132=LINE('',#7515,#7516);
#5133=LINE('',#7518,#7519);
#5134=LINE('',#7521,#7522);
#5135=LINE('',#7524,#7525);
#5136=LINE('',#7527,#7528);
#5137=LINE('',#7530,#7531);
#5138=LINE('',#7533,#7534);
#5139=LINE('',#7536,#7537);
#5140=LINE('',#7539,#7540);
#5141=LINE('',#7542,#7543);
#5142=LINE('',#7545,#7546);
#5143=LINE('',#7548,#7549);
#5144=LINE('',#7551,#7552);
#5145=LINE('',#7554,#7555);
#5146=LINE('',#7557,#7558);
#5147=LINE('',#7560,#7561);
#5148=LINE('',#7563,#7564);
#5149=LINE('',#7566,#7567);
#5150=LINE('',#7569,#7570);
#5151=LINE('',#7572,#7573);
#5152=LINE('',#7575,#7576);
#5153=LINE('',#7578,#7579);
#5154=LINE('',#7581,#7582);
#5155=LINE('',#7584,#7585);
#5156=LINE('',#7587,#7588);
#5157=LINE('',#7590,#7591);
#5158=LINE('',#7593,#7594);
#5159=LINE('',#7596,#7597);
#5160=LINE('',#7599,#7600);
#5161=LINE('',#7602,#7603);
#5162=LINE('',#7605,#7606);
#5163=LINE('',#7608,#7609);
#5164=LINE('',#7611,#7612);
#5165=LINE('',#7614,#7615);
#5166=LINE('',#7617,#7618);
#5167=CARTESIAN_POINT('',(22.57182563552,-1.4596633657554E-15,23.8381118012422));
#5168=CARTESIAN_POINT('',(22.57182563552,1.47675061152934E-15,-24.1171677018634));
#5169=CARTESIAN_POINT('',(22.57182563552,-1.4596633657554E-15,23.8381118012422));
#5170=VECTOR('',#5171,1.);
#5171=DIRECTION('',(0.,6.12323399573677E-17,-1.));
#5172=CARTESIAN_POINT('',(-25.13103055328,-1.4596633657554E-15,23.8381118012422));
#5173=CARTESIAN_POINT('',(-25.13103055328,-1.4596633657554E-15,23.8381118012422));
#5174=VECTOR('',#5175,1.);
#5175=DIRECTION('',(1.,0.,0.));
#5176=CARTESIAN_POINT('',(-25.13103055328,1.47675061152934E-15,-24.1171677018634));
#5177=CARTESIAN_POINT('',(-25.13103055328,1.47675061152934E-15,-24.1171677018634));
#5178=VECTOR('',#5179,1.);
#5179=DIRECTION('',(0.,-6.12323399573677E-17,1.));
#5180=CARTESIAN_POINT('',(22.57182563552,1.47675061152934E-15,-24.1171677018634));
#5181=VECTOR('',#5182,1.);
#5182=DIRECTION('',(-1.,0.,0.));
#5183=CARTESIAN_POINT('',(-11.77321715584,3.04606930807051E-16,-4.97460869565217));
#5184=CARTESIAN_POINT('',(-11.86772647072,3.04606930807051E-16,-4.97460869565217));
#5185=CARTESIAN_POINT('',(-11.77321715584,3.04606930807051E-16,-4.97460869565217));
#5186=VECTOR('',#5187,1.);
#5187=DIRECTION('',(-1.,0.,0.));
#5188=CARTESIAN_POINT('',(-11.86772647072,2.89150519031477E-16,-4.72218633540373));
#5189=CARTESIAN_POINT('',(-11.86772647072,3.04606930807051E-16,-4.97460869565217));
#5190=VECTOR('',#5191,1.);
#5191=DIRECTION('',(0.,-6.12323399573677E-17,1.));
#5192=CARTESIAN_POINT('',(-11.77321715584,2.89150519031477E-16,-4.72218633540373));
#5193=CARTESIAN_POINT('',(-11.86772647072,2.89150519031477E-16,-4.72218633540373));
#5194=VECTOR('',#5195,1.);
#5195=DIRECTION('',(1.,0.,0.));
#5196=CARTESIAN_POINT('',(-11.77321715584,2.89150519031477E-16,-4.72218633540373));
#5197=VECTOR('',#5198,1.);
#5198=DIRECTION('',(0.,6.12323399573677E-17,-1.));
#5199=CARTESIAN_POINT('',(-9.10141596704,-1.04129359315923E-15,17.0056149068323));
#5200=CARTESIAN_POINT('',(-9.10141596704,-1.03163637840024E-15,16.847900621118));
#5201=CARTESIAN_POINT('',(-9.10141596704,-1.04129359315923E-15,17.0056149068323));
#5202=VECTOR('',#5203,1.);
#5203=DIRECTION('',(0.,6.12323399573666E-17,-1.));
#5204=CARTESIAN_POINT('',(-9.11532901024,-1.03163637840024E-15,16.847900621118));
#5205=CARTESIAN_POINT('',(-9.10141596704,-1.03163637840024E-15,16.847900621118));
#5206=VECTOR('',#5207,1.);
#5207=DIRECTION('',(-1.,0.,0.));
#5208=CARTESIAN_POINT('',(-9.11532901024,-9.93013604565768E-16,16.2171428571429));
#5209=CARTESIAN_POINT('',(-9.11532901024,-1.03163637840024E-15,16.847900621118));
#5210=VECTOR('',#5211,1.);
#5211=DIRECTION('',(0.,6.12323399573679E-17,-1.));
#5212=CARTESIAN_POINT('',(-9.84626067264,-9.93013604565768E-16,16.2171428571429));
#5213=CARTESIAN_POINT('',(-9.11532901024,-9.93013604565768E-16,16.2171428571429));
#5214=VECTOR('',#5215,1.);
#5215=DIRECTION('',(-1.,0.,0.));
#5216=CARTESIAN_POINT('',(-9.84626067264,-1.05828347570939E-15,17.2830807453416));
#5217=CARTESIAN_POINT('',(-9.84626067264,-9.93013604565768E-16,16.2171428571429));
#5218=VECTOR('',#5219,1.);
#5219=DIRECTION('',(0.,-6.12323399573677E-17,1.));
#5220=CARTESIAN_POINT('',(-9.11532901024,-1.05828347570939E-15,17.2830807453416));
#5221=CARTESIAN_POINT('',(-9.84626067264,-1.05828347570939E-15,17.2830807453416));
#5222=VECTOR('',#5223,1.);
#5223=DIRECTION('',(1.,0.,0.));
#5224=CARTESIAN_POINT('',(-9.11532901024,-1.04129359315923E-15,17.0056149068323));
#5225=CARTESIAN_POINT('',(-9.11532901024,-1.05828347570939E-15,17.2830807453416));
#5226=VECTOR('',#5227,1.);
#5227=DIRECTION('',(0.,6.12323399573677E-17,-1.));
#5228=CARTESIAN_POINT('',(-9.11532901024,-1.04129359315923E-15,17.0056149068323));
#5229=VECTOR('',#5230,1.);
#5230=DIRECTION('',(1.,0.,0.));
#5231=CARTESIAN_POINT('',(-0.699627315199999,6.88917830683578E-16,-11.2508819875776));
#5232=CARTESIAN_POINT('',(-0.699627315199999,7.70130929721693E-16,-12.5771925465838));
#5233=CARTESIAN_POINT('',(-0.699627315199999,6.88917830683578E-16,-11.2508819875776));
#5234=VECTOR('',#5235,1.);
#5235=DIRECTION('',(8.37076216491132E-17,6.12323399573677E-17,-1.));
#5236=CARTESIAN_POINT('',(-1.37619873024,7.70130929721693E-16,-12.5771925465838));
#5237=CARTESIAN_POINT('',(-0.699627315199999,7.70130929721693E-16,-12.5771925465838));
#5238=VECTOR('',#5239,1.);
#5239=DIRECTION('',(-1.,0.,0.));
#5240=CARTESIAN_POINT('',(-1.37619873024,6.88917830683578E-16,-11.2508819875776));
#5241=CARTESIAN_POINT('',(-1.37619873024,7.70130929721693E-16,-12.5771925465838));
#5242=VECTOR('',#5243,1.);
#5243=DIRECTION('',(0.,-6.12323399573677E-17,1.));
#5244=CARTESIAN_POINT('',(-1.37619873024,6.88917830683578E-16,-11.2508819875776));
#5245=VECTOR('',#5246,1.);
#5246=DIRECTION('',(1.,0.,0.));
#5247=CARTESIAN_POINT('',(2.7249688896,-8.79628045268811E-16,14.3654161490683));
#5248=CARTESIAN_POINT('',(2.9237266496,-8.79628045268811E-16,14.3654161490683));
#5249=CARTESIAN_POINT('',(2.7249688896,-8.79628045268811E-16,14.3654161490683));
#5250=VECTOR('',#5251,1.);
#5251=DIRECTION('',(1.,0.,0.));
#5252=CARTESIAN_POINT('',(2.9237266496,-8.79195995963273E-16,14.3583602484472));
#5253=CARTESIAN_POINT('',(2.9237266496,-8.79628045268811E-16,14.3654161490683));
#5254=VECTOR('',#5255,1.);
#5255=DIRECTION('',(0.,6.12323399573723E-17,-1.));
#5256=CARTESIAN_POINT('',(3.40650924864,-8.79195995963273E-16,14.3583602484472));
#5257=CARTESIAN_POINT('',(2.9237266496,-8.79195995963273E-16,14.3583602484472));
#5258=VECTOR('',#5259,1.);
#5259=DIRECTION('',(1.,0.,0.));
#5260=CARTESIAN_POINT('',(3.40650924864,-8.25281110793357E-16,13.4778633540373));
#5261=CARTESIAN_POINT('',(3.40650924864,-8.79195995963273E-16,14.3583602484472));
#5262=VECTOR('',#5263,1.);
#5263=DIRECTION('',(0.,6.12323399573677E-17,-1.));
#5264=CARTESIAN_POINT('',(2.9237266496,-8.25281110793357E-16,13.4778633540373));
#5265=CARTESIAN_POINT('',(3.40650924864,-8.25281110793357E-16,13.4778633540373));
#5266=VECTOR('',#5267,1.);
#5267=DIRECTION('',(-1.,0.,0.));
#5268=CARTESIAN_POINT('',(2.9237266496,-8.24861231890793E-16,13.4710062111801));
#5269=CARTESIAN_POINT('',(2.9237266496,-8.25281110793357E-16,13.4778633540373));
#5270=VECTOR('',#5271,1.);
#5271=DIRECTION('',(0.,6.12323399573585E-17,-1.));
#5272=CARTESIAN_POINT('',(2.7249688896,-8.24861231890793E-16,13.4710062111801));
#5273=CARTESIAN_POINT('',(2.9237266496,-8.24861231890793E-16,13.4710062111801));
#5274=VECTOR('',#5275,1.);
#5275=DIRECTION('',(-1.,0.,0.));
#5276=CARTESIAN_POINT('',(2.7249688896,-8.25281110793357E-16,13.4778633540373));
#5277=CARTESIAN_POINT('',(2.7249688896,-8.24861231890793E-16,13.4710062111801));
#5278=VECTOR('',#5279,1.);
#5279=DIRECTION('',(0.,-6.12323399573585E-17,1.));
#5280=CARTESIAN_POINT('',(2.14270803168,-8.25281110793357E-16,13.4778633540373));
#5281=CARTESIAN_POINT('',(2.7249688896,-8.25281110793357E-16,13.4778633540373));
#5282=VECTOR('',#5283,1.);
#5283=DIRECTION('',(-1.,0.,0.));
#5284=CARTESIAN_POINT('',(2.14270803168,-8.79195995963273E-16,14.3583602484472));
#5285=CARTESIAN_POINT('',(2.14270803168,-8.25281110793357E-16,13.4778633540373));
#5286=VECTOR('',#5287,1.);
#5287=DIRECTION('',(0.,-6.12323399573677E-17,1.));
#5288=CARTESIAN_POINT('',(2.7249688896,-8.79195995963273E-16,14.3583602484472));
#5289=CARTESIAN_POINT('',(2.14270803168,-8.79195995963273E-16,14.3583602484472));
#5290=VECTOR('',#5291,1.);
#5291=DIRECTION('',(1.,0.,0.));
#5292=CARTESIAN_POINT('',(2.7249688896,-8.79195995963273E-16,14.3583602484472));
#5293=VECTOR('',#5294,1.);
#5294=DIRECTION('',(0.,-6.12323399573723E-17,1.));
#5295=CARTESIAN_POINT('',(-11.42867057888,-5.59071801365783E-16,9.13033540372671));
#5296=CARTESIAN_POINT('',(-11.4524221312,-5.59071801365783E-16,9.13033540372671));
#5297=CARTESIAN_POINT('',(-11.42867057888,-5.59071801365783E-16,9.13033540372671));
#5298=VECTOR('',#5299,1.);
#5299=DIRECTION('',(-1.,0.,0.));
#5300=CARTESIAN_POINT('',(-11.4524221312,-6.31077990554905E-16,10.3062857142857));
#5301=CARTESIAN_POINT('',(-11.4524221312,-5.59071801365783E-16,9.13033540372671));
#5302=VECTOR('',#5303,1.);
#5303=DIRECTION('',(0.,-6.12323399573677E-17,1.));
#5304=CARTESIAN_POINT('',(-10.03349048256,-6.31077990554905E-16,10.3062857142857));
#5305=CARTESIAN_POINT('',(-11.4524221312,-6.31077990554905E-16,10.3062857142857));
#5306=VECTOR('',#5307,1.);
#5307=DIRECTION('',(1.,0.,0.));
#5308=CARTESIAN_POINT('',(-10.03349048256,-5.59071801365783E-16,9.13033540372671));
#5309=CARTESIAN_POINT('',(-10.03349048256,-6.31077990554905E-16,10.3062857142857));
#5310=VECTOR('',#5311,1.);
#5311=DIRECTION('',(0.,6.12323399573677E-17,-1.));
#5312=CARTESIAN_POINT('',(-10.057142656,-5.59071801365783E-16,9.13033540372671));
#5313=CARTESIAN_POINT('',(-10.03349048256,-5.59071801365783E-16,9.13033540372671));
#5314=VECTOR('',#5315,1.);
#5315=DIRECTION('',(-1.,0.,0.));
#5316=CARTESIAN_POINT('',(-10.057142656,-5.55524128899185E-16,9.07239751552795));
#5317=CARTESIAN_POINT('',(-10.057142656,-5.59071801365783E-16,9.13033540372671));
#5318=VECTOR('',#5319,1.);
#5319=DIRECTION('',(0.,6.12323399573675E-17,-1.));
#5320=CARTESIAN_POINT('',(-10.10693147488,-5.52481528155962E-16,9.02270807453416));
#5321=CARTESIAN_POINT('',(-10.057142656,-5.55524128899185E-16,9.07239751552795));
#5322=VECTOR('',#5323,1.);
#5323=DIRECTION('',(-0.707812821303785,4.3254527112853E-17,-0.70640003538928));
#5324=CARTESIAN_POINT('',(-11.37888176,-5.52481528155962E-16,9.02270807453416));
#5325=CARTESIAN_POINT('',(-10.10693147488,-5.52481528155962E-16,9.02270807453416));
#5326=VECTOR('',#5327,1.);
#5327=DIRECTION('',(-1.,0.,0.));
#5328=CARTESIAN_POINT('',(-11.42867057888,-5.55524128899185E-16,9.07239751552795));
#5329=CARTESIAN_POINT('',(-11.37888176,-5.52481528155962E-16,9.02270807453416));
#5330=VECTOR('',#5331,1.);
#5331=DIRECTION('',(-0.707812821303785,-4.3254527112853E-17,0.70640003538928));
#5332=CARTESIAN_POINT('',(-11.42867057888,-5.55524128899185E-16,9.07239751552795));
#5333=VECTOR('',#5334,1.);
#5334=DIRECTION('',(0.,-6.12323399573675E-17,1.));
#5335=CARTESIAN_POINT('',(-19.75860830048,7.16082170119075E-16,-11.6945093167702));
#5336=CARTESIAN_POINT('',(-19.7823598528,7.16082170119075E-16,-11.6945093167702));
#5337=CARTESIAN_POINT('',(-19.75860830048,7.16082170119076E-16,-11.6945093167702));
#5338=VECTOR('',#5339,1.);
#5339=DIRECTION('',(-1.,0.,0.));
#5340=CARTESIAN_POINT('',(-19.7823598528,6.44075980929954E-16,-10.5185590062112));
#5341=CARTESIAN_POINT('',(-19.7823598528,7.16082170119076E-16,-11.6945093167702));
#5342=VECTOR('',#5343,1.);
#5343=DIRECTION('',(0.,-6.12323399573677E-17,1.));
#5344=CARTESIAN_POINT('',(-18.36342820416,6.44075980929954E-16,-10.5185590062112));
#5345=CARTESIAN_POINT('',(-19.7823598528,6.44075980929954E-16,-10.5185590062112));
#5346=VECTOR('',#5347,1.);
#5347=DIRECTION('',(1.,0.,0.));
#5348=CARTESIAN_POINT('',(-18.36342820416,7.16082170119075E-16,-11.6945093167702));
#5349=CARTESIAN_POINT('',(-18.36342820416,6.44075980929954E-16,-10.5185590062112));
#5350=VECTOR('',#5351,1.);
#5351=DIRECTION('',(0.,6.12323399573677E-17,-1.));
#5352=CARTESIAN_POINT('',(-18.38717975648,7.16082170119075E-16,-11.6945093167702));
#5353=CARTESIAN_POINT('',(-18.36342820416,7.16082170119076E-16,-11.6945093167702));
#5354=VECTOR('',#5355,1.);
#5355=DIRECTION('',(-1.,0.,0.));
#5356=CARTESIAN_POINT('',(-18.38717975648,7.19629842585674E-16,-11.7524472049689));
#5357=CARTESIAN_POINT('',(-18.38717975648,7.16082170119076E-16,-11.6945093167702));
#5358=VECTOR('',#5359,1.);
#5359=DIRECTION('',(0.,6.12323399573675E-17,-1.));
#5360=CARTESIAN_POINT('',(-18.43686919648,7.22672443328897E-16,-11.8021366459627));
#5361=CARTESIAN_POINT('',(-18.38717975648,7.19629842585674E-16,-11.7524472049689));
#5362=VECTOR('',#5363,1.);
#5363=DIRECTION('',(-0.707106774115497,4.32978032447518E-17,-0.707106788257598));
#5364=CARTESIAN_POINT('',(-19.70891886048,7.22672443328897E-16,-11.8021366459627));
#5365=CARTESIAN_POINT('',(-18.43686919648,7.22672443328897E-16,-11.8021366459627));
#5366=VECTOR('',#5367,1.);
#5367=DIRECTION('',(-1.,0.,0.));
#5368=CARTESIAN_POINT('',(-19.75860830048,7.19629842585674E-16,-11.7524472049689));
#5369=CARTESIAN_POINT('',(-19.70891886048,7.22672443328897E-16,-11.8021366459627));
#5370=VECTOR('',#5371,1.);
#5371=DIRECTION('',(-0.707106774115497,-4.32978032447518E-17,0.707106788257598));
#5372=CARTESIAN_POINT('',(-19.75860830048,7.19629842585674E-16,-11.7524472049689));
#5373=VECTOR('',#5374,1.);
#5374=DIRECTION('',(0.,-6.12323399573675E-17,1.));
#5375=CARTESIAN_POINT('',(-5.1493166672,4.08779495053528E-16,-6.67587577639752));
#5376=CARTESIAN_POINT('',(-5.1493166672,3.61284497451814E-16,-5.90022360248447));
#5377=CARTESIAN_POINT('',(-5.1493166672,4.08779495053528E-16,-6.67587577639751));
#5378=VECTOR('',#5379,1.);
#5379=DIRECTION('',(0.,-6.12323399573677E-17,1.));
#5380=CARTESIAN_POINT('',(-4.47274525216,3.61284497451814E-16,-5.90022360248447));
#5381=CARTESIAN_POINT('',(-5.1493166672,3.61284497451814E-16,-5.90022360248447));
#5382=VECTOR('',#5383,1.);
#5383=DIRECTION('',(1.,0.,0.));
#5384=CARTESIAN_POINT('',(-4.47274525216,4.42497596489928E-16,-7.22653416149068));
#5385=CARTESIAN_POINT('',(-4.47274525216,3.61284497451814E-16,-5.90022360248447));
#5386=VECTOR('',#5387,1.);
#5387=DIRECTION('',(0.,6.12323399573676E-17,-1.));
#5388=CARTESIAN_POINT('',(-5.1493166672,4.42497596489928E-16,-7.22653416149068));
#5389=CARTESIAN_POINT('',(-4.47274525216,4.42497596489928E-16,-7.22653416149068));
#5390=VECTOR('',#5391,1.);
#5391=DIRECTION('',(-1.,0.,0.));
#5392=CARTESIAN_POINT('',(-5.1493166672,4.14937718957812E-16,-6.77644720496894));
#5393=CARTESIAN_POINT('',(-5.1493166672,4.42497596489928E-16,-7.22653416149068));
#5394=VECTOR('',#5395,1.);
#5395=DIRECTION('',(0.,-6.12323399573676E-17,1.));
#5396=CARTESIAN_POINT('',(-5.16263343712,4.12491467960261E-16,-6.73649689440994));
#5397=CARTESIAN_POINT('',(-5.1493166672,4.14937718957812E-16,-6.77644720496894));
#5398=VECTOR('',#5399,1.);
#5399=DIRECTION('',(-0.316227760324726,-5.80900983342866E-17,0.948683299947885));
#5400=CARTESIAN_POINT('',(-5.16263343712,4.12491467960261E-16,-6.73649689440994));
#5401=VECTOR('',#5402,1.);
#5402=DIRECTION('',(0.214556318514472,-5.98063378791171E-17,0.976711618741948));
#5403=CARTESIAN_POINT('',(20.35289400288,-2.91036931492276E-16,4.75299378881988));
#5404=CARTESIAN_POINT('',(21.77182565152,-2.91036931492276E-16,4.75299378881988));
#5405=CARTESIAN_POINT('',(20.35289400288,-2.91036931492276E-16,4.75299378881988));
#5406=VECTOR('',#5407,1.);
#5407=DIRECTION('',(1.,-3.4747132903526E-32,1.2518973983721E-15));
#5408=CARTESIAN_POINT('',(21.77182565152,-2.19030742303155E-16,3.57704347826087));
#5409=CARTESIAN_POINT('',(21.77182565152,-2.91036931492276E-16,4.75299378881988));
#5410=VECTOR('',#5411,1.);
#5411=DIRECTION('',(0.,6.12323399573677E-17,-1.));
#5412=CARTESIAN_POINT('',(20.35289400288,-2.19030742303155E-16,3.57704347826087));
#5413=CARTESIAN_POINT('',(21.77182565152,-2.19030742303154E-16,3.57704347826087));
#5414=VECTOR('',#5415,1.);
#5415=DIRECTION('',(-1.,-1.7373566451763E-32,0.));
#5416=CARTESIAN_POINT('',(20.35289400288,-2.19030742303155E-16,3.57704347826087));
#5417=VECTOR('',#5418,1.);
#5418=DIRECTION('',(0.,-6.12323399573677E-17,1.));
#5419=CARTESIAN_POINT('',(20.35289400288,-3.4074085723357E-16,5.56472049689441));
#5420=CARTESIAN_POINT('',(20.35289400288,-4.12747046422692E-16,6.74067080745342));
#5421=CARTESIAN_POINT('',(20.35289400288,-3.4074085723357E-16,5.56472049689441));
#5422=VECTOR('',#5423,1.);
#5423=DIRECTION('',(0.,-6.12323399573677E-17,1.));
#5424=CARTESIAN_POINT('',(21.77182565152,-4.12747046422692E-16,6.74067080745342));
#5425=CARTESIAN_POINT('',(20.35289400288,-4.12747046422692E-16,6.74067080745342));
#5426=VECTOR('',#5427,1.);
#5427=DIRECTION('',(1.,-3.4747132903526E-32,1.2518973983721E-15));
#5428=CARTESIAN_POINT('',(21.77182565152,-3.4074085723357E-16,5.56472049689441));
#5429=CARTESIAN_POINT('',(21.77182565152,-4.12747046422692E-16,6.74067080745342));
#5430=VECTOR('',#5431,1.);
#5431=DIRECTION('',(0.,6.12323399573677E-17,-1.));
#5432=CARTESIAN_POINT('',(21.77182565152,-3.4074085723357E-16,5.56472049689441));
#5433=VECTOR('',#5434,1.);
#5434=DIRECTION('',(-1.,3.4747132903526E-32,-1.2518973983721E-15));
#5435=CARTESIAN_POINT('',(-12.22121714688,3.7060702612905E-16,-6.05247204968944));
#5436=CARTESIAN_POINT('',(-14.06052145792,3.7060702612905E-16,-6.05247204968944));
#5437=CARTESIAN_POINT('',(-12.22121714688,3.7060702612905E-16,-6.05247204968944));
#5438=VECTOR('',#5439,1.);
#5439=DIRECTION('',(-1.,-2.68056820616243E-32,4.82888238976573E-16));
#5440=CARTESIAN_POINT('',(-14.06052145792,2.45811714045005E-16,-4.0144099378882));
#5441=CARTESIAN_POINT('',(-14.06052145792,3.7060702612905E-16,-6.05247204968944));
#5442=VECTOR('',#5443,1.);
#5443=DIRECTION('',(0.,-6.12323399573677E-17,1.));
#5444=CARTESIAN_POINT('',(-12.22121714688,2.45811714045005E-16,-4.0144099378882));
#5445=CARTESIAN_POINT('',(-14.06052145792,2.45811714045005E-16,-4.0144099378882));
#5446=VECTOR('',#5447,1.);
#5447=DIRECTION('',(1.,0.,0.));
#5448=CARTESIAN_POINT('',(-12.22121714688,2.45811714045005E-16,-4.0144099378882));
#5449=VECTOR('',#5450,1.);
#5450=DIRECTION('',(0.,6.12323399573677E-17,-1.));
#5451=CARTESIAN_POINT('',(-12.22121714688,6.37138851235405E-16,-10.4052670807453));
#5452=CARTESIAN_POINT('',(-14.06052145792,6.37138851235405E-16,-10.4052670807453));
#5453=CARTESIAN_POINT('',(-12.22121714688,6.37138851235405E-16,-10.4052670807453));
#5454=VECTOR('',#5455,1.);
#5455=DIRECTION('',(-1.,5.36113641232487E-32,0.));
#5456=CARTESIAN_POINT('',(-14.06052145792,5.12343539151361E-16,-8.3672049689441));
#5457=CARTESIAN_POINT('',(-14.06052145792,6.37138851235405E-16,-10.4052670807453));
#5458=VECTOR('',#5459,1.);
#5459=DIRECTION('',(0.,-6.12323399573677E-17,1.));
#5460=CARTESIAN_POINT('',(-12.22121714688,5.12343539151361E-16,-8.3672049689441));
#5461=CARTESIAN_POINT('',(-14.06052145792,5.12343539151361E-16,-8.3672049689441));
#5462=VECTOR('',#5463,1.);
#5463=DIRECTION('',(1.,-1.07222728246497E-31,0.));
#5464=CARTESIAN_POINT('',(-12.22121714688,5.12343539151361E-16,-8.3672049689441));
#5465=VECTOR('',#5466,1.);
#5466=DIRECTION('',(0.,6.12323399573677E-17,-1.));
#5467=CARTESIAN_POINT('',(-12.22121714688,7.87930144069549E-16,-12.8678757763975));
#5468=CARTESIAN_POINT('',(-14.06052145792,7.87930144069549E-16,-12.8678757763975));
#5469=CARTESIAN_POINT('',(-12.22121714688,7.87930144069549E-16,-12.8678757763975));
#5470=VECTOR('',#5471,1.);
#5471=DIRECTION('',(-1.,5.36113641232487E-32,0.));
#5472=CARTESIAN_POINT('',(-14.06052145792,6.63134831985505E-16,-10.8298136645963));
#5473=CARTESIAN_POINT('',(-14.06052145792,7.87930144069549E-16,-12.8678757763975));
#5474=VECTOR('',#5475,1.);
#5475=DIRECTION('',(0.,-6.12323399573677E-17,1.));
#5476=CARTESIAN_POINT('',(-12.22121714688,6.63134831985505E-16,-10.8298136645963));
#5477=CARTESIAN_POINT('',(-14.06052145792,6.63134831985505E-16,-10.8298136645963));
#5478=VECTOR('',#5479,1.);
#5479=DIRECTION('',(1.,-5.36113641232487E-32,0.));
#5480=CARTESIAN_POINT('',(-12.22121714688,6.63134831985505E-16,-10.8298136645963));
#5481=VECTOR('',#5482,1.);
#5482=DIRECTION('',(0.,6.12323399573677E-17,-1.));
#5483=CARTESIAN_POINT('',(-12.22121714688,1.0544619691759E-15,-17.2206708074534));
#5484=CARTESIAN_POINT('',(-14.06052145792,1.0544619691759E-15,-17.2206708074534));
#5485=CARTESIAN_POINT('',(-12.22121714688,1.0544619691759E-15,-17.2206708074534));
#5486=VECTOR('',#5487,1.);
#5487=DIRECTION('',(-1.,0.,0.));
#5488=CARTESIAN_POINT('',(-14.06052145792,9.2966665709186E-16,-15.1826086956522));
#5489=CARTESIAN_POINT('',(-14.06052145792,1.0544619691759E-15,-17.2206708074534));
#5490=VECTOR('',#5491,1.);
#5491=DIRECTION('',(0.,-6.12323399573677E-17,1.));
#5492=CARTESIAN_POINT('',(-12.22121714688,9.2966665709186E-16,-15.1826086956522));
#5493=CARTESIAN_POINT('',(-14.06052145792,9.2966665709186E-16,-15.1826086956522));
#5494=VECTOR('',#5495,1.);
#5495=DIRECTION('',(1.,0.,0.));
#5496=CARTESIAN_POINT('',(-12.22121714688,9.2966665709186E-16,-15.1826086956522));
#5497=VECTOR('',#5498,1.);
#5498=DIRECTION('',(0.,6.12323399573677E-17,-1.));
#5499=CARTESIAN_POINT('',(-15.25038478816,3.7060702612905E-16,-6.05247204968944));
#5500=CARTESIAN_POINT('',(-17.0896890992,3.7060702612905E-16,-6.05247204968944));
#5501=CARTESIAN_POINT('',(-15.25038478816,3.7060702612905E-16,-6.05247204968944));
#5502=VECTOR('',#5503,1.);
#5503=DIRECTION('',(-1.,0.,0.));
#5504=CARTESIAN_POINT('',(-17.0896890992,2.45811714045005E-16,-4.0144099378882));
#5505=CARTESIAN_POINT('',(-17.0896890992,3.7060702612905E-16,-6.05247204968944));
#5506=VECTOR('',#5507,1.);
#5507=DIRECTION('',(0.,-6.12323399573677E-17,1.));
#5508=CARTESIAN_POINT('',(-15.25038478816,2.45811714045005E-16,-4.0144099378882));
#5509=CARTESIAN_POINT('',(-17.0896890992,2.45811714045005E-16,-4.0144099378882));
#5510=VECTOR('',#5511,1.);
#5511=DIRECTION('',(1.,2.68056820616243E-32,-4.82888238976574E-16));
#5512=CARTESIAN_POINT('',(-15.25038478816,2.45811714045005E-16,-4.0144099378882));
#5513=VECTOR('',#5514,1.);
#5514=DIRECTION('',(0.,6.12323399573677E-17,-1.));
#5515=CARTESIAN_POINT('',(-15.25038478816,6.37138851235405E-16,-10.4052670807453));
#5516=CARTESIAN_POINT('',(-17.0896890992,6.37138851235405E-16,-10.4052670807453));
#5517=CARTESIAN_POINT('',(-15.25038478816,6.37138851235405E-16,-10.4052670807453));
#5518=VECTOR('',#5519,1.);
#5519=DIRECTION('',(-1.,0.,0.));
#5520=CARTESIAN_POINT('',(-17.0896890992,5.12343539151361E-16,-8.3672049689441));
#5521=CARTESIAN_POINT('',(-17.0896890992,6.37138851235405E-16,-10.4052670807453));
#5522=VECTOR('',#5523,1.);
#5523=DIRECTION('',(0.,-6.12323399573677E-17,1.));
#5524=CARTESIAN_POINT('',(-15.25038478816,5.12343539151361E-16,-8.3672049689441));
#5525=CARTESIAN_POINT('',(-17.0896890992,5.12343539151361E-16,-8.3672049689441));
#5526=VECTOR('',#5527,1.);
#5527=DIRECTION('',(1.,0.,0.));
#5528=CARTESIAN_POINT('',(-15.25038478816,5.12343539151361E-16,-8.3672049689441));
#5529=VECTOR('',#5530,1.);
#5530=DIRECTION('',(0.,6.12323399573677E-17,-1.));
#5531=CARTESIAN_POINT('',(-15.25038478816,7.87930144069549E-16,-12.8678757763975));
#5532=CARTESIAN_POINT('',(-17.0896890992,7.87930144069549E-16,-12.8678757763975));
#5533=CARTESIAN_POINT('',(-15.25038478816,7.87930144069549E-16,-12.8678757763975));
#5534=VECTOR('',#5535,1.);
#5535=DIRECTION('',(-1.,0.,0.));
#5536=CARTESIAN_POINT('',(-17.0896890992,6.63134831985505E-16,-10.8298136645963));
#5537=CARTESIAN_POINT('',(-17.0896890992,7.87930144069549E-16,-12.8678757763975));
#5538=VECTOR('',#5539,1.);
#5539=DIRECTION('',(0.,-6.12323399573677E-17,1.));
#5540=CARTESIAN_POINT('',(-15.25038478816,6.63134831985505E-16,-10.8298136645963));
#5541=CARTESIAN_POINT('',(-17.0896890992,6.63134831985505E-16,-10.8298136645963));
#5542=VECTOR('',#5543,1.);
#5543=DIRECTION('',(1.,0.,0.));
#5544=CARTESIAN_POINT('',(-15.25038478816,6.63134831985505E-16,-10.8298136645963));
#5545=VECTOR('',#5546,1.);
#5546=DIRECTION('',(0.,6.12323399573677E-17,-1.));
#5547=CARTESIAN_POINT('',(-15.25038478816,1.0544619691759E-15,-17.2206708074534));
#5548=CARTESIAN_POINT('',(-17.0896890992,1.0544619691759E-15,-17.2206708074534));
#5549=CARTESIAN_POINT('',(-15.25038478816,1.0544619691759E-15,-17.2206708074534));
#5550=VECTOR('',#5551,1.);
#5551=DIRECTION('',(-1.,0.,0.));
#5552=CARTESIAN_POINT('',(-17.0896890992,9.2966665709186E-16,-15.1826086956522));
#5553=CARTESIAN_POINT('',(-17.0896890992,1.0544619691759E-15,-17.2206708074534));
#5554=VECTOR('',#5555,1.);
#5555=DIRECTION('',(0.,-6.12323399573678E-17,1.));
#5556=CARTESIAN_POINT('',(-15.25038478816,9.2966665709186E-16,-15.1826086956522));
#5557=CARTESIAN_POINT('',(-17.0896890992,9.2966665709186E-16,-15.1826086956522));
#5558=VECTOR('',#5559,1.);
#5559=DIRECTION('',(1.,0.,0.));
#5560=CARTESIAN_POINT('',(-15.25038478816,9.2966665709186E-16,-15.1826086956522));
#5561=VECTOR('',#5562,1.);
#5562=DIRECTION('',(0.,6.12323399573677E-17,-1.));
#5563=CARTESIAN_POINT('',(2.14270803168,-1.02000755835964E-15,16.6579875776398));
#5564=CARTESIAN_POINT('',(2.14270803168,-1.07392244352956E-15,17.5384844720497));
#5565=CARTESIAN_POINT('',(2.14270803168,-1.02000755835964E-15,16.6579875776398));
#5566=VECTOR('',#5567,1.);
#5567=DIRECTION('',(0.,-6.12323399573677E-17,1.));
#5568=CARTESIAN_POINT('',(3.40650924864,-1.07392244352956E-15,17.5384844720497));
#5569=CARTESIAN_POINT('',(2.14270803168,-1.07392244352956E-15,17.5384844720497));
#5570=VECTOR('',#5571,1.);
#5571=DIRECTION('',(1.,0.,0.));
#5572=CARTESIAN_POINT('',(3.40650924864,-1.02000755835964E-15,16.6579875776398));
#5573=CARTESIAN_POINT('',(3.40650924864,-1.07392244352956E-15,17.5384844720497));
#5574=VECTOR('',#5575,1.);
#5575=DIRECTION('',(0.,6.12323399573677E-17,-1.));
#5576=CARTESIAN_POINT('',(3.40650924864,-1.02000755835964E-15,16.6579875776398));
#5577=VECTOR('',#5578,1.);
#5578=DIRECTION('',(-1.,0.,0.));
#5579=CARTESIAN_POINT('',(6.91289427168,-8.25281110793357E-16,13.4778633540373));
#5580=CARTESIAN_POINT('',(6.91289427168,-8.79195995963273E-16,14.3583602484472));
#5581=CARTESIAN_POINT('',(6.91289427168,-8.25281110793357E-16,13.4778633540373));
#5582=VECTOR('',#5583,1.);
#5583=DIRECTION('',(1.00872407993595E-15,-6.12323399573677E-17,1.));
#5584=CARTESIAN_POINT('',(8.17669548864,-8.79195995963273E-16,14.3583602484472));
#5585=CARTESIAN_POINT('',(6.91289427168,-8.79195995963273E-16,14.3583602484472));
#5586=VECTOR('',#5587,1.);
#5587=DIRECTION('',(1.,0.,0.));
#5588=CARTESIAN_POINT('',(8.17669548864,-8.25281110793357E-16,13.4778633540373));
#5589=CARTESIAN_POINT('',(8.17669548864,-8.79195995963273E-16,14.3583602484472));
#5590=VECTOR('',#5591,1.);
#5591=DIRECTION('',(0.,6.12323399573677E-17,-1.));
#5592=CARTESIAN_POINT('',(8.17669548864,-8.25281110793357E-16,13.4778633540373));
#5593=VECTOR('',#5594,1.);
#5594=DIRECTION('',(-1.,0.,0.));
#5595=CARTESIAN_POINT('',(6.91289427168,-1.02000755835964E-15,16.6579875776398));
#5596=CARTESIAN_POINT('',(6.91289427168,-1.07392244352956E-15,17.5384844720497));
#5597=CARTESIAN_POINT('',(6.91289427168,-1.02000755835964E-15,16.6579875776398));
#5598=VECTOR('',#5599,1.);
#5599=DIRECTION('',(0.,-6.12323399573677E-17,1.));
#5600=CARTESIAN_POINT('',(8.17669548864,-1.07392244352956E-15,17.5384844720497));
#5601=CARTESIAN_POINT('',(6.91289427168,-1.07392244352956E-15,17.5384844720497));
#5602=VECTOR('',#5603,1.);
#5603=DIRECTION('',(1.,0.,0.));
#5604=CARTESIAN_POINT('',(8.17669548864,-1.02000755835964E-15,16.6579875776398));
#5605=CARTESIAN_POINT('',(8.17669548864,-1.07392244352956E-15,17.5384844720497));
#5606=VECTOR('',#5607,1.);
#5607=DIRECTION('',(0.,6.12323399573677E-17,-1.));
#5608=CARTESIAN_POINT('',(8.17669548863999,-1.02000755835964E-15,16.6579875776398));
#5609=VECTOR('',#5610,1.);
#5610=DIRECTION('',(-1.,0.,0.));
#5611=CARTESIAN_POINT('',(13.39517985632,9.87585604839858E-16,-16.1284968944099));
#5612=CARTESIAN_POINT('',(13.39517985632,9.00037811054352E-16,-14.6987329192547));
#5613=CARTESIAN_POINT('',(13.39517985632,9.87585604839858E-16,-16.1284968944099));
#5614=VECTOR('',#5615,1.);
#5615=DIRECTION('',(0.,-6.12323399573676E-17,1.));
#5616=CARTESIAN_POINT('',(14.56218604416,9.00037811054352E-16,-14.6987329192547));
#5617=CARTESIAN_POINT('',(13.39517985632,9.00037811054352E-16,-14.6987329192547));
#5618=VECTOR('',#5619,1.);
#5619=DIRECTION('',(1.,0.,0.));
#5620=CARTESIAN_POINT('',(14.56218604416,9.87585604839858E-16,-16.1284968944099));
#5621=CARTESIAN_POINT('',(14.56218604416,9.00037811054352E-16,-14.6987329192547));
#5622=VECTOR('',#5623,1.);
#5623=DIRECTION('',(0.,6.12323399573675E-17,-1.));
#5624=CARTESIAN_POINT('',(14.56218604416,9.87585604839858E-16,-16.1284968944099));
#5625=VECTOR('',#5626,1.);
#5626=DIRECTION('',(-1.,0.,0.));
#5627=CARTESIAN_POINT('',(12.57450906528,9.87585604839858E-16,-16.1284968944099));
#5628=CARTESIAN_POINT('',(11.40750287744,9.87585604839858E-16,-16.1284968944099));
#5629=CARTESIAN_POINT('',(12.57450906528,9.87585604839858E-16,-16.1284968944099));
#5630=VECTOR('',#5631,1.);
#5631=DIRECTION('',(-1.,0.,0.));
#5632=CARTESIAN_POINT('',(11.40750287744,9.00037811054352E-16,-14.6987329192547));
#5633=CARTESIAN_POINT('',(11.40750287744,9.87585604839858E-16,-16.1284968944099));
#5634=VECTOR('',#5635,1.);
#5635=DIRECTION('',(0.,-6.12323399573676E-17,1.));
#5636=CARTESIAN_POINT('',(12.57450906528,9.00037811054352E-16,-14.6987329192547));
#5637=CARTESIAN_POINT('',(11.40750287744,9.00037811054352E-16,-14.6987329192547));
#5638=VECTOR('',#5639,1.);
#5639=DIRECTION('',(1.,0.,0.));
#5640=CARTESIAN_POINT('',(12.57450906528,9.00037811054353E-16,-14.6987329192547));
#5641=VECTOR('',#5642,1.);
#5642=DIRECTION('',(0.,6.12323399573676E-17,-1.));
#5643=CARTESIAN_POINT('',(17.1542853712,8.99563165338409E-16,-14.6909813664596));
#5644=CARTESIAN_POINT('',(17.1542853712,9.88054165354314E-16,-16.136149068323));
#5645=CARTESIAN_POINT('',(17.1542853712,8.99563165338409E-16,-14.6909813664596));
#5646=VECTOR('',#5647,1.);
#5647=DIRECTION('',(0.,6.12323399573675E-17,-1.));
#5648=CARTESIAN_POINT('',(15.81505558432,9.88054165354314E-16,-16.136149068323));
#5649=CARTESIAN_POINT('',(17.1542853712,9.88054165354314E-16,-16.136149068323));
#5650=VECTOR('',#5651,1.);
#5651=DIRECTION('',(-1.,0.,0.));
#5652=CARTESIAN_POINT('',(15.81505558432,8.99563165338409E-16,-14.6909813664596));
#5653=CARTESIAN_POINT('',(15.81505558432,9.88054165354314E-16,-16.136149068323));
#5654=VECTOR('',#5655,1.);
#5655=DIRECTION('',(0.,-6.12323399573676E-17,1.));
#5656=CARTESIAN_POINT('',(15.81505558432,8.99563165338409E-16,-14.6909813664596));
#5657=VECTOR('',#5658,1.);
#5658=DIRECTION('',(1.,0.,0.));
#5659=CARTESIAN_POINT('',(19.24183812448,8.99563165338409E-16,-14.6909813664596));
#5660=CARTESIAN_POINT('',(19.24183812448,9.88054165354314E-16,-16.136149068323));
#5661=CARTESIAN_POINT('',(19.24183812448,8.99563165338409E-16,-14.6909813664596));
#5662=VECTOR('',#5663,1.);
#5663=DIRECTION('',(0.,6.12323399573675E-17,-1.));
#5664=CARTESIAN_POINT('',(17.90250895872,9.88054165354314E-16,-16.136149068323));
#5665=CARTESIAN_POINT('',(19.24183812448,9.88054165354314E-16,-16.136149068323));
#5666=VECTOR('',#5667,1.);
#5667=DIRECTION('',(-1.,0.,0.));
#5668=CARTESIAN_POINT('',(17.90250895872,8.99563165338409E-16,-14.6909813664596));
#5669=CARTESIAN_POINT('',(17.90250895872,9.88054165354314E-16,-16.136149068323));
#5670=VECTOR('',#5671,1.);
#5671=DIRECTION('',(0.,-6.12323399573676E-17,1.));
#5672=CARTESIAN_POINT('',(17.90250895872,8.99563165338409E-16,-14.6909813664596));
#5673=VECTOR('',#5674,1.);
#5674=DIRECTION('',(1.,0.,0.));
#5675=CARTESIAN_POINT('',(9.25972652288,-9.17739662178425E-16,14.9878260869565));
#5676=CARTESIAN_POINT('',(10.65182587392,-9.17739662178425E-16,14.9878260869565));
#5677=CARTESIAN_POINT('',(9.25972652288,-9.17739662178425E-16,14.9878260869565));
#5678=VECTOR('',#5679,1.);
#5679=DIRECTION('',(1.,0.,0.));
#5680=CARTESIAN_POINT('',(10.65182587392,-8.28847038864415E-16,13.536099378882));
#5681=CARTESIAN_POINT('',(10.65182587392,-9.17739662178425E-16,14.9878260869565));
#5682=VECTOR('',#5683,1.);
#5683=DIRECTION('',(1.22361655917751E-15,6.12323399573676E-17,-1.));
#5684=CARTESIAN_POINT('',(9.25972652288,-8.28847038864415E-16,13.536099378882));
#5685=CARTESIAN_POINT('',(10.65182587392,-8.28847038864415E-16,13.536099378882));
#5686=VECTOR('',#5687,1.);
#5687=DIRECTION('',(-1.,0.,0.));
#5688=CARTESIAN_POINT('',(9.25972652288,-8.28847038864415E-16,13.536099378882));
#5689=VECTOR('',#5690,1.);
#5690=DIRECTION('',(-2.44723311835501E-15,-6.12323399573676E-17,1.));
#5691=CARTESIAN_POINT('',(9.25972652288,-9.50551068593345E-16,15.5236770186335));
#5692=CARTESIAN_POINT('',(9.25972652288,-1.03944977710884E-15,16.9755031055901));
#5693=CARTESIAN_POINT('',(9.25972652288,-9.50551068593344E-16,15.5236770186335));
#5694=VECTOR('',#5695,1.);
#5695=DIRECTION('',(0.,-6.12323399573677E-17,1.));
#5696=CARTESIAN_POINT('',(10.65182587392,-1.03944977710884E-15,16.9755031055901));
#5697=CARTESIAN_POINT('',(9.25972652288,-1.03944977710884E-15,16.9755031055901));
#5698=VECTOR('',#5699,1.);
#5699=DIRECTION('',(1.,0.,0.));
#5700=CARTESIAN_POINT('',(10.65182587392,-9.50551068593345E-16,15.5236770186335));
#5701=CARTESIAN_POINT('',(10.65182587392,-1.03944977710884E-15,16.9755031055901));
#5702=VECTOR('',#5703,1.);
#5703=DIRECTION('',(0.,6.12323399573677E-17,-1.));
#5704=CARTESIAN_POINT('',(10.65182587392,-9.50551068593345E-16,15.5236770186335));
#5705=VECTOR('',#5706,1.);
#5706=DIRECTION('',(-1.,0.,0.));
#5707=CARTESIAN_POINT('',(-10.79036003264,-8.40926163815011E-16,13.7333664596273));
#5708=CARTESIAN_POINT('',(-10.79036003264,-9.0618994975715E-16,14.7992049689441));
#5709=CARTESIAN_POINT('',(-10.79036003264,-8.40926163815011E-16,13.7333664596273));
#5710=VECTOR('',#5711,1.);
#5711=DIRECTION('',(-3.33325700633381E-15,-6.12323399573676E-17,1.));
#5712=CARTESIAN_POINT('',(-10.05932899136,-9.0618994975715E-16,14.7992049689441));
#5713=CARTESIAN_POINT('',(-10.79036003264,-9.0618994975715E-16,14.7992049689441));
#5714=VECTOR('',#5715,1.);
#5715=DIRECTION('',(1.,0.,0.));
#5716=CARTESIAN_POINT('',(-10.05932899136,-8.40926163815011E-16,13.7333664596273));
#5717=CARTESIAN_POINT('',(-10.05932899136,-9.0618994975715E-16,14.7992049689441));
#5718=VECTOR('',#5719,1.);
#5719=DIRECTION('',(3.33325700633381E-15,6.12323399573676E-17,-1.));
#5720=CARTESIAN_POINT('',(-10.05932899136,-8.40926163815011E-16,13.7333664596273));
#5721=VECTOR('',#5722,1.);
#5722=DIRECTION('',(-1.,0.,0.));
#5723=CARTESIAN_POINT('',(-8.90226069152,-8.40926163815011E-16,13.7333664596273));
#5724=CARTESIAN_POINT('',(-8.90226069152,-9.0618994975715E-16,14.7992049689441));
#5725=CARTESIAN_POINT('',(-8.90226069152,-8.40926163815011E-16,13.7333664596273));
#5726=VECTOR('',#5727,1.);
#5727=DIRECTION('',(-3.33325700633381E-15,-6.12323399573676E-17,1.));
#5728=CARTESIAN_POINT('',(-8.17122965024,-9.0618994975715E-16,14.7992049689441));
#5729=CARTESIAN_POINT('',(-8.90226069152,-9.0618994975715E-16,14.7992049689441));
#5730=VECTOR('',#5731,1.);
#5731=DIRECTION('',(1.,0.,0.));
#5732=CARTESIAN_POINT('',(-8.17122965024,-8.40926163815011E-16,13.7333664596273));
#5733=CARTESIAN_POINT('',(-8.17122965024,-9.0618994975715E-16,14.7992049689441));
#5734=VECTOR('',#5735,1.);
#5735=DIRECTION('',(1.6666285031669E-15,6.12323399573676E-17,-1.));
#5736=CARTESIAN_POINT('',(-8.17122965024,-8.40926163815011E-16,13.7333664596273));
#5737=VECTOR('',#5738,1.);
#5738=DIRECTION('',(-1.,0.,0.));
#5739=CARTESIAN_POINT('',(-10.03349048256,-6.80781916296199E-16,11.1180124223602));
#5740=CARTESIAN_POINT('',(-11.4524221312,-6.80781916296199E-16,11.1180124223602));
#5741=CARTESIAN_POINT('',(-10.03349048256,-6.80781916296199E-16,11.1180124223602));
#5742=VECTOR('',#5743,1.);
#5743=DIRECTION('',(-1.,0.,0.));
#5744=CARTESIAN_POINT('',(-11.4524221312,-7.52788105485321E-16,12.2939627329193));
#5745=CARTESIAN_POINT('',(-11.4524221312,-6.807819162962E-16,11.1180124223602));
#5746=VECTOR('',#5747,1.);
#5747=DIRECTION('',(0.,-6.12323399573677E-17,1.));
#5748=CARTESIAN_POINT('',(-10.03349048256,-7.52788105485321E-16,12.2939627329193));
#5749=CARTESIAN_POINT('',(-11.4524221312,-7.52788105485321E-16,12.2939627329193));
#5750=VECTOR('',#5751,1.);
#5751=DIRECTION('',(1.,0.,0.));
#5752=CARTESIAN_POINT('',(-10.03349048256,-7.52788105485321E-16,12.2939627329193));
#5753=VECTOR('',#5754,1.);
#5754=DIRECTION('',(0.,6.12323399573677E-17,-1.));
#5755=CARTESIAN_POINT('',(-9.40780105408,-6.29532349377347E-16,10.2810434782609));
#5756=CARTESIAN_POINT('',(-8.03935387648,-6.29532349377347E-16,10.2810434782609));
#5757=CARTESIAN_POINT('',(-9.40780105408,-6.29532349377347E-16,10.2810434782609));
#5758=VECTOR('',#5759,1.);
#5759=DIRECTION('',(1.,0.,0.));
#5760=CARTESIAN_POINT('',(-8.03935387648,-5.60617442543341E-16,9.15557763975155));
#5761=CARTESIAN_POINT('',(-8.03935387648,-6.29532349377347E-16,10.2810434782609));
#5762=VECTOR('',#5763,1.);
#5763=DIRECTION('',(0.,6.12323399573676E-17,-1.));
#5764=CARTESIAN_POINT('',(-9.40780105408,-5.60617442543341E-16,9.15557763975155));
#5765=CARTESIAN_POINT('',(-8.03935387648,-5.60617442543341E-16,9.15557763975155));
#5766=VECTOR('',#5767,1.);
#5767=DIRECTION('',(-1.,0.,0.));
#5768=CARTESIAN_POINT('',(-9.40780105408,-5.60617442543341E-16,9.15557763975155));
#5769=VECTOR('',#5770,1.);
#5770=DIRECTION('',(0.,-6.12323399573676E-17,1.));
#5771=CARTESIAN_POINT('',(-9.4330432896,-6.80781916296199E-16,11.1180124223602));
#5772=CARTESIAN_POINT('',(-9.4330432896,-7.52788105485321E-16,12.2939627329193));
#5773=CARTESIAN_POINT('',(-9.4330432896,-6.807819162962E-16,11.1180124223602));
#5774=VECTOR('',#5775,1.);
#5775=DIRECTION('',(0.,-6.12323399573677E-17,1.));
#5776=CARTESIAN_POINT('',(-8.01411164096,-7.52788105485321E-16,12.2939627329193));
#5777=CARTESIAN_POINT('',(-9.4330432896,-7.52788105485321E-16,12.2939627329193));
#5778=VECTOR('',#5779,1.);
#5779=DIRECTION('',(1.,0.,0.));
#5780=CARTESIAN_POINT('',(-8.01411164096,-6.80781916296199E-16,11.1180124223602));
#5781=CARTESIAN_POINT('',(-8.01411164096,-7.52788105485321E-16,12.2939627329193));
#5782=VECTOR('',#5783,1.);
#5783=DIRECTION('',(0.,6.12323399573677E-17,-1.));
#5784=CARTESIAN_POINT('',(-8.01411164096,-6.80781916296199E-16,11.1180124223602));
#5785=VECTOR('',#5786,1.);
#5786=DIRECTION('',(-1.,0.,0.));
#5787=CARTESIAN_POINT('',(-9.4330432896,-3.99231813921294E-16,6.519950310559));
#5788=CARTESIAN_POINT('',(-8.01411164096,-3.99231813921294E-16,6.519950310559));
#5789=CARTESIAN_POINT('',(-9.4330432896,-3.99231813921294E-16,6.519950310559));
#5790=VECTOR('',#5791,1.);
#5791=DIRECTION('',(1.,0.,0.));
#5792=CARTESIAN_POINT('',(-8.01411164096,-3.27225624732173E-16,5.344));
#5793=CARTESIAN_POINT('',(-8.01411164096,-3.99231813921294E-16,6.519950310559));
#5794=VECTOR('',#5795,1.);
#5795=DIRECTION('',(0.,6.12323399573677E-17,-1.));
#5796=CARTESIAN_POINT('',(-9.4330432896,-3.27225624732173E-16,5.344));
#5797=CARTESIAN_POINT('',(-8.01411164096,-3.27225624732173E-16,5.344));
#5798=VECTOR('',#5799,1.);
#5799=DIRECTION('',(-1.,0.,0.));
#5800=CARTESIAN_POINT('',(-9.4330432896,-3.27225624732173E-16,5.344));
#5801=VECTOR('',#5802,1.);
#5802=DIRECTION('',(0.,-6.12323399573677E-17,1.));
#5803=CARTESIAN_POINT('',(-9.4330432896,-4.48935739662589E-16,7.33167701863354));
#5804=CARTESIAN_POINT('',(-9.4330432896,-5.2094192885171E-16,8.50762732919254));
#5805=CARTESIAN_POINT('',(-9.4330432896,-4.48935739662589E-16,7.33167701863354));
#5806=VECTOR('',#5807,1.);
#5807=DIRECTION('',(0.,-6.12323399573676E-17,1.));
#5808=CARTESIAN_POINT('',(-8.01411164096,-5.2094192885171E-16,8.50762732919254));
#5809=CARTESIAN_POINT('',(-9.4330432896,-5.2094192885171E-16,8.50762732919254));
#5810=VECTOR('',#5811,1.);
#5811=DIRECTION('',(1.,0.,0.));
#5812=CARTESIAN_POINT('',(-8.01411164096,-4.48935739662589E-16,7.33167701863354));
#5813=CARTESIAN_POINT('',(-8.01411164096,-5.2094192885171E-16,8.50762732919254));
#5814=VECTOR('',#5815,1.);
#5815=DIRECTION('',(0.,6.12323399573676E-17,-1.));
#5816=CARTESIAN_POINT('',(-8.01411164096,-4.48935739662589E-16,7.33167701863354));
#5817=VECTOR('',#5818,1.);
#5818=DIRECTION('',(-1.,0.,0.));
#5819=CARTESIAN_POINT('',(-7.17734147136,5.08436839797062E-16,-8.30340372670807));
#5820=CARTESIAN_POINT('',(-7.17734147136,4.2088296081007E-16,-6.87354037267081));
#5821=CARTESIAN_POINT('',(-7.17734147136,5.08436839797062E-16,-8.30340372670807));
#5822=VECTOR('',#5823,1.);
#5823=DIRECTION('',(-6.21163146249132E-16,-6.12323399573676E-17,1.));
#5824=CARTESIAN_POINT('',(-6.01023590464,4.2088296081007E-16,-6.87354037267081));
#5825=CARTESIAN_POINT('',(-7.17734147136,4.2088296081007E-16,-6.87354037267081));
#5826=VECTOR('',#5827,1.);
#5827=DIRECTION('',(1.,-4.22445132490245E-32,0.));
#5828=CARTESIAN_POINT('',(-6.01023590464,5.08436839797062E-16,-8.30340372670807));
#5829=CARTESIAN_POINT('',(-6.01023590464,4.2088296081007E-16,-6.87354037267081));
#5830=VECTOR('',#5831,1.);
#5831=DIRECTION('',(1.24232629249826E-15,6.12323399573677E-17,-1.));
#5832=CARTESIAN_POINT('',(-6.01023590464,5.08436839797062E-16,-8.30340372670807));
#5833=VECTOR('',#5834,1.);
#5834=DIRECTION('',(-1.,0.,0.));
#5835=CARTESIAN_POINT('',(-7.9980122624,5.08436839797062E-16,-8.30340372670807));
#5836=CARTESIAN_POINT('',(-9.16501845024,5.08436839797062E-16,-8.30340372670807));
#5837=CARTESIAN_POINT('',(-7.9980122624,5.08436839797062E-16,-8.30340372670807));
#5838=VECTOR('',#5839,1.);
#5839=DIRECTION('',(-1.,0.,0.));
#5840=CARTESIAN_POINT('',(-9.16501845024,4.2088296081007E-16,-6.87354037267081));
#5841=CARTESIAN_POINT('',(-9.16501845024,5.08436839797062E-16,-8.30340372670807));
#5842=VECTOR('',#5843,1.);
#5843=DIRECTION('',(0.,-6.12323399573677E-17,1.));
#5844=CARTESIAN_POINT('',(-7.9980122624,4.2088296081007E-16,-6.87354037267081));
#5845=CARTESIAN_POINT('',(-9.16501845024,4.20882960810071E-16,-6.87354037267081));
#5846=VECTOR('',#5847,1.);
#5847=DIRECTION('',(1.,0.,0.));
#5848=CARTESIAN_POINT('',(-7.9980122624,4.2088296081007E-16,-6.87354037267081));
#5849=VECTOR('',#5850,1.);
#5850=DIRECTION('',(1.24232629249827E-15,6.12323399573677E-17,-1.));
#5851=CARTESIAN_POINT('',(-7.17734147136,3.8478554559247E-16,-6.2840248447205));
#5852=CARTESIAN_POINT('',(-7.17734147136,2.97231666605478E-16,-4.85416149068323));
#5853=CARTESIAN_POINT('',(-7.17734147136,3.8478554559247E-16,-6.28402484472049));
#5854=VECTOR('',#5855,1.);
#5855=DIRECTION('',(0.,-6.12323399573677E-17,1.));
#5856=CARTESIAN_POINT('',(-6.01023590464,2.97231666605478E-16,-4.85416149068323));
#5857=CARTESIAN_POINT('',(-7.17734147136,2.97231666605478E-16,-4.85416149068323));
#5858=VECTOR('',#5859,1.);
#5859=DIRECTION('',(1.,-4.22445132490245E-32,0.));
#5860=CARTESIAN_POINT('',(-6.01023590464,3.8478554559247E-16,-6.2840248447205));
#5861=CARTESIAN_POINT('',(-6.01023590464,2.97231666605478E-16,-4.85416149068323));
#5862=VECTOR('',#5863,1.);
#5863=DIRECTION('',(0.,6.12323399573677E-17,-1.));
#5864=CARTESIAN_POINT('',(-6.01023590464,3.8478554559247E-16,-6.2840248447205));
#5865=VECTOR('',#5866,1.);
#5866=DIRECTION('',(-1.,4.22445132490245E-32,0.));
#5867=CARTESIAN_POINT('',(-7.9980122624,3.8478554559247E-16,-6.2840248447205));
#5868=CARTESIAN_POINT('',(-9.16501845024,3.8478554559247E-16,-6.2840248447205));
#5869=CARTESIAN_POINT('',(-7.9980122624,3.8478554559247E-16,-6.2840248447205));
#5870=VECTOR('',#5871,1.);
#5871=DIRECTION('',(-1.,0.,0.));
#5872=CARTESIAN_POINT('',(-9.16501845024,2.97231666605478E-16,-4.85416149068323));
#5873=CARTESIAN_POINT('',(-9.16501845024,3.8478554559247E-16,-6.2840248447205));
#5874=VECTOR('',#5875,1.);
#5875=DIRECTION('',(0.,-6.12323399573677E-17,1.));
#5876=CARTESIAN_POINT('',(-7.9980122624,2.97231666605478E-16,-4.85416149068323));
#5877=CARTESIAN_POINT('',(-9.16501845024,2.97231666605478E-16,-4.85416149068323));
#5878=VECTOR('',#5879,1.);
#5879=DIRECTION('',(1.,0.,0.));
#5880=CARTESIAN_POINT('',(-7.9980122624,2.97231666605478E-16,-4.85416149068323));
#5881=VECTOR('',#5882,1.);
#5882=DIRECTION('',(0.,6.12323399573677E-17,-1.));
#5883=CARTESIAN_POINT('',(-18.36342820416,5.94372055188659E-16,-9.70683229813665));
#5884=CARTESIAN_POINT('',(-19.7823598528,5.94372055188659E-16,-9.70683229813665));
#5885=CARTESIAN_POINT('',(-18.36342820416,5.9437205518866E-16,-9.70683229813665));
#5886=VECTOR('',#5887,1.);
#5887=DIRECTION('',(-1.,0.,0.));
#5888=CARTESIAN_POINT('',(-19.7823598528,5.22365865999538E-16,-8.53088198757764));
#5889=CARTESIAN_POINT('',(-19.7823598528,5.9437205518866E-16,-9.70683229813665));
#5890=VECTOR('',#5891,1.);
#5891=DIRECTION('',(0.,-6.12323399573677E-17,1.));
#5892=CARTESIAN_POINT('',(-18.36342820416,5.22365865999538E-16,-8.53088198757764));
#5893=CARTESIAN_POINT('',(-19.7823598528,5.22365865999538E-16,-8.53088198757764));
#5894=VECTOR('',#5895,1.);
#5895=DIRECTION('',(1.,0.,0.));
#5896=CARTESIAN_POINT('',(-18.36342820416,5.22365865999538E-16,-8.53088198757764));
#5897=VECTOR('',#5898,1.);
#5898=DIRECTION('',(0.,6.12323399573677E-17,-1.));
#5899=CARTESIAN_POINT('',(-3.21063347616,3.61284497451814E-16,-5.90022360248447));
#5900=CARTESIAN_POINT('',(-3.21063347616,4.42497596489928E-16,-7.22653416149068));
#5901=CARTESIAN_POINT('',(-3.21063347616,3.61284497451814E-16,-5.90022360248447));
#5902=VECTOR('',#5903,1.);
#5903=DIRECTION('',(-3.34830486596453E-16,6.12323399573676E-17,-1.));
#5904=CARTESIAN_POINT('',(-3.8872048912,4.42497596489928E-16,-7.22653416149068));
#5905=CARTESIAN_POINT('',(-3.21063347616,4.42497596489928E-16,-7.22653416149068));
#5906=VECTOR('',#5907,1.);
#5907=DIRECTION('',(-1.,0.,0.));
#5908=CARTESIAN_POINT('',(-3.8872048912,3.61284497451814E-16,-5.90022360248447));
#5909=CARTESIAN_POINT('',(-3.8872048912,4.42497596489928E-16,-7.22653416149068));
#5910=VECTOR('',#5911,1.);
#5911=DIRECTION('',(0.,-6.12323399573676E-17,1.));
#5912=CARTESIAN_POINT('',(-3.8872048912,3.61284497451814E-16,-5.90022360248447));
#5913=VECTOR('',#5914,1.);
#5914=DIRECTION('',(1.,0.,0.));
#5915=CARTESIAN_POINT('',(-1.94842232128,3.61284497451814E-16,-5.90022360248447));
#5916=CARTESIAN_POINT('',(-1.94842232128,4.42497596489928E-16,-7.22653416149068));
#5917=CARTESIAN_POINT('',(-1.94842232128,3.61284497451814E-16,-5.90022360248447));
#5918=VECTOR('',#5919,1.);
#5919=DIRECTION('',(0.,6.12323399573676E-17,-1.));
#5920=CARTESIAN_POINT('',(-2.62499373632,4.42497596489928E-16,-7.22653416149068));
#5921=CARTESIAN_POINT('',(-1.94842232128,4.42497596489928E-16,-7.22653416149068));
#5922=VECTOR('',#5923,1.);
#5923=DIRECTION('',(-1.,0.,0.));
#5924=CARTESIAN_POINT('',(-2.62499373632,3.61284497451814E-16,-5.90022360248447));
#5925=CARTESIAN_POINT('',(-2.62499373632,4.42497596489928E-16,-7.22653416149068));
#5926=VECTOR('',#5927,1.);
#5927=DIRECTION('',(0.,-6.12323399573676E-17,1.));
#5928=CARTESIAN_POINT('',(-2.62499373632,3.61284497451814E-16,-5.90022360248447));
#5929=VECTOR('',#5930,1.);
#5930=DIRECTION('',(1.,0.,0.));
#5931=CARTESIAN_POINT('',(-0.68631054528,3.61284497451814E-16,-5.90022360248447));
#5932=CARTESIAN_POINT('',(-0.686310545279999,4.42497596489928E-16,-7.22653416149068));
#5933=CARTESIAN_POINT('',(-0.68631054528,3.61284497451814E-16,-5.90022360248447));
#5934=VECTOR('',#5935,1.);
#5935=DIRECTION('',(8.37076216491132E-17,6.12323399573676E-17,-1.));
#5936=CARTESIAN_POINT('',(-1.36288196032,4.42497596489928E-16,-7.22653416149068));
#5937=CARTESIAN_POINT('',(-0.686310545279999,4.42497596489928E-16,-7.22653416149068));
#5938=VECTOR('',#5939,1.);
#5939=DIRECTION('',(-1.,0.,0.));
#5940=CARTESIAN_POINT('',(-1.36288196032,3.61284497451814E-16,-5.90022360248447));
#5941=CARTESIAN_POINT('',(-1.36288196032,4.42497596489928E-16,-7.22653416149068));
#5942=VECTOR('',#5943,1.);
#5943=DIRECTION('',(0.,-6.12323399573676E-17,1.));
#5944=CARTESIAN_POINT('',(-1.36288196032,3.61284497451814E-16,-5.90022360248447));
#5945=VECTOR('',#5946,1.);
#5946=DIRECTION('',(1.,0.,0.));
#5947=CARTESIAN_POINT('',(-4.47274525216,6.87755557199667E-16,-11.231900621118));
#5948=CARTESIAN_POINT('',(-4.47274525216,7.68968656237782E-16,-12.5582111801242));
#5949=CARTESIAN_POINT('',(-4.47274525216,6.87755557199667E-16,-11.231900621118));
#5950=VECTOR('',#5951,1.);
#5951=DIRECTION('',(0.,6.12323399573676E-17,-1.));
#5952=CARTESIAN_POINT('',(-5.1493166672,7.68968656237782E-16,-12.5582111801242));
#5953=CARTESIAN_POINT('',(-4.47274525216,7.68968656237782E-16,-12.5582111801242));
#5954=VECTOR('',#5955,1.);
#5955=DIRECTION('',(-1.,0.,0.));
#5956=CARTESIAN_POINT('',(-5.1493166672,6.87755557199667E-16,-11.231900621118));
#5957=CARTESIAN_POINT('',(-5.1493166672,7.68968656237782E-16,-12.5582111801242));
#5958=VECTOR('',#5959,1.);
#5959=DIRECTION('',(0.,-6.12323399573676E-17,1.));
#5960=CARTESIAN_POINT('',(-5.1493166672,6.87755557199667E-16,-11.231900621118));
#5961=VECTOR('',#5962,1.);
#5962=DIRECTION('',(1.,0.,0.));
#5963=CARTESIAN_POINT('',(-3.21063347616,6.87755557199667E-16,-11.231900621118));
#5964=CARTESIAN_POINT('',(-3.21063347616,7.68968656237782E-16,-12.5582111801242));
#5965=CARTESIAN_POINT('',(-3.21063347616,6.87755557199667E-16,-11.231900621118));
#5966=VECTOR('',#5967,1.);
#5967=DIRECTION('',(0.,6.12323399573676E-17,-1.));
#5968=CARTESIAN_POINT('',(-3.8872048912,7.68968656237782E-16,-12.5582111801242));
#5969=CARTESIAN_POINT('',(-3.21063347616,7.68968656237782E-16,-12.5582111801242));
#5970=VECTOR('',#5971,1.);
#5971=DIRECTION('',(-1.,0.,0.));
#5972=CARTESIAN_POINT('',(-3.8872048912,6.87755557199667E-16,-11.231900621118));
#5973=CARTESIAN_POINT('',(-3.8872048912,7.68968656237782E-16,-12.5582111801242));
#5974=VECTOR('',#5975,1.);
#5975=DIRECTION('',(0.,-6.12323399573676E-17,1.));
#5976=CARTESIAN_POINT('',(-3.8872048912,6.87755557199667E-16,-11.231900621118));
#5977=VECTOR('',#5978,1.);
#5978=DIRECTION('',(1.,0.,0.));
#5979=CARTESIAN_POINT('',(-1.9736645568,6.90785987539917E-16,-11.2813913043478));
#5980=CARTESIAN_POINT('',(-1.9736645568,7.65938225897531E-16,-12.5087204968944));
#5981=CARTESIAN_POINT('',(-1.9736645568,6.90785987539917E-16,-11.2813913043478));
#5982=VECTOR('',#5983,1.);
#5983=DIRECTION('',(0.,6.12323399573677E-17,-1.));
#5984=CARTESIAN_POINT('',(-2.5997515008,7.65938225897531E-16,-12.5087204968944));
#5985=CARTESIAN_POINT('',(-1.9736645568,7.65938225897531E-16,-12.5087204968944));
#5986=VECTOR('',#5987,1.);
#5987=DIRECTION('',(-1.,0.,0.));
#5988=CARTESIAN_POINT('',(-2.5997515008,6.90785987539917E-16,-11.2813913043478));
#5989=CARTESIAN_POINT('',(-2.5997515008,7.65938225897531E-16,-12.5087204968944));
#5990=VECTOR('',#5991,1.);
#5991=DIRECTION('',(0.,-6.12323399573677E-17,1.));
#5992=CARTESIAN_POINT('',(-2.5997515008,6.90785987539917E-16,-11.2813913043478));
#5993=VECTOR('',#5994,1.);
#5994=DIRECTION('',(1.,0.,0.));
#5995=CARTESIAN_POINT('',(20.33033499712,-8.55883589068697E-17,1.39776397515528));
#5996=CARTESIAN_POINT('',(20.33033499712,-1.75077331966552E-16,2.8592298136646));
#5997=CARTESIAN_POINT('',(20.33033499712,-8.55883589068698E-17,1.39776397515528));
#5998=VECTOR('',#5999,1.);
#5999=DIRECTION('',(0.,-6.12323399573677E-17,1.));
#6000=CARTESIAN_POINT('',(21.36019833056,-1.75077331966552E-16,2.8592298136646));
#6001=CARTESIAN_POINT('',(20.33033499712,-1.75077331966552E-16,2.8592298136646));
#6002=VECTOR('',#6003,1.);
#6003=DIRECTION('',(1.,2.39370628001807E-32,-4.31211788428951E-16));
#6004=CARTESIAN_POINT('',(21.36019833056,-8.55883589068697E-17,1.39776397515528));
#6005=CARTESIAN_POINT('',(21.36019833056,-1.75077331966552E-16,2.8592298136646));
#6006=VECTOR('',#6007,1.);
#6007=DIRECTION('',(0.,6.12323399573677E-17,-1.));
#6008=CARTESIAN_POINT('',(21.36019833056,-8.55883589068697E-17,1.39776397515528));
#6009=VECTOR('',#6010,1.);
#6010=DIRECTION('',(-1.,0.,0.));
#6011=CARTESIAN_POINT('',(18.24278224384,-8.55883589068697E-17,1.39776397515528));
#6012=CARTESIAN_POINT('',(18.24278224384,-1.75077331966552E-16,2.8592298136646));
#6013=CARTESIAN_POINT('',(18.24278224384,-8.55883589068697E-17,1.39776397515528));
#6014=VECTOR('',#6015,1.);
#6015=DIRECTION('',(0.,-6.12323399573676E-17,1.));
#6016=CARTESIAN_POINT('',(19.27264557728,-1.75077331966552E-16,2.8592298136646));
#6017=CARTESIAN_POINT('',(18.24278224384,-1.75077331966552E-16,2.8592298136646));
#6018=VECTOR('',#6019,1.);
#6019=DIRECTION('',(1.,0.,0.));
#6020=CARTESIAN_POINT('',(19.27264557728,-8.55883589068697E-17,1.39776397515528));
#6021=CARTESIAN_POINT('',(19.27264557728,-1.75077331966552E-16,2.8592298136646));
#6022=VECTOR('',#6023,1.);
#6023=DIRECTION('',(0.,6.12323399573676E-17,-1.));
#6024=CARTESIAN_POINT('',(19.27264557728,-8.55883589068697E-17,1.39776397515528));
#6025=VECTOR('',#6026,1.);
#6026=DIRECTION('',(-1.,-1.19685314000903E-32,0.));
#6027=CARTESIAN_POINT('',(20.65421076704,1.4071359065244E-15,-22.9802732919255));
#6028=CARTESIAN_POINT('',(20.65421076704,1.33074228706355E-15,-21.7326708074534));
#6029=CARTESIAN_POINT('',(20.65421076704,1.4071359065244E-15,-22.9802732919255));
#6030=VECTOR('',#6031,1.);
#6031=DIRECTION('',(0.,-6.12323399573678E-17,1.));
#6032=CARTESIAN_POINT('',(21.79368900512,1.33074228706355E-15,-21.7326708074534));
#6033=CARTESIAN_POINT('',(20.65421076704,1.33074228706355E-15,-21.7326708074534));
#6034=VECTOR('',#6035,1.);
#6035=DIRECTION('',(1.,0.,0.));
#6036=CARTESIAN_POINT('',(21.79368900512,1.4071359065244E-15,-22.9802732919255));
#6037=CARTESIAN_POINT('',(21.79368900512,1.33074228706355E-15,-21.7326708074534));
#6038=VECTOR('',#6039,1.);
#6039=DIRECTION('',(0.,6.12323399573678E-17,-1.));
#6040=CARTESIAN_POINT('',(21.79368900512,1.4071359065244E-15,-22.9802732919255));
#6041=VECTOR('',#6042,1.);
#6042=DIRECTION('',(-1.,0.,0.));
#6043=CARTESIAN_POINT('',(18.56665801376,1.4071359065244E-15,-22.9802732919255));
#6044=CARTESIAN_POINT('',(18.56665801376,1.33074228706355E-15,-21.7326708074534));
#6045=CARTESIAN_POINT('',(18.56665801376,1.4071359065244E-15,-22.9802732919255));
#6046=VECTOR('',#6047,1.);
#6047=DIRECTION('',(0.,-6.12323399573678E-17,1.));
#6048=CARTESIAN_POINT('',(19.70613625184,1.33074228706355E-15,-21.7326708074534));
#6049=CARTESIAN_POINT('',(18.56665801376,1.33074228706355E-15,-21.7326708074534));
#6050=VECTOR('',#6051,1.);
#6051=DIRECTION('',(1.,0.,0.));
#6052=CARTESIAN_POINT('',(19.70613625184,1.4071359065244E-15,-22.9802732919255));
#6053=CARTESIAN_POINT('',(19.70613625184,1.33074228706355E-15,-21.7326708074534));
#6054=VECTOR('',#6055,1.);
#6055=DIRECTION('',(0.,6.12323399573678E-17,-1.));
#6056=CARTESIAN_POINT('',(19.70613625184,1.4071359065244E-15,-22.9802732919255));
#6057=VECTOR('',#6058,1.);
#6058=DIRECTION('',(-1.,0.,0.));
#6059=CARTESIAN_POINT('',(22.57182563552,0.800000000000001,-24.1171677018634));
#6060=CARTESIAN_POINT('',(-25.13103055328,0.800000000000001,-24.1171677018634));
#6061=CARTESIAN_POINT('',(22.57182563552,0.800000000000001,-24.1171677018634));
#6062=VECTOR('',#6063,1.);
#6063=DIRECTION('',(-1.,0.,0.));
#6064=CARTESIAN_POINT('',(-25.13103055328,0.799999999999999,23.8381118012422));
#6065=CARTESIAN_POINT('',(-25.13103055328,0.800000000000001,-24.1171677018634));
#6066=VECTOR('',#6067,1.);
#6067=DIRECTION('',(0.,-6.01931610853915E-17,1.));
#6068=CARTESIAN_POINT('',(22.57182563552,0.799999999999999,23.8381118012422));
#6069=CARTESIAN_POINT('',(-25.13103055328,0.799999999999999,23.8381118012422));
#6070=VECTOR('',#6071,1.);
#6071=DIRECTION('',(1.,0.,0.));
#6072=CARTESIAN_POINT('',(22.57182563552,0.799999999999999,23.8381118012422));
#6073=VECTOR('',#6074,1.);
#6074=DIRECTION('',(0.,6.01931610853915E-17,-1.));
#6075=CARTESIAN_POINT('',(-11.86772647072,0.8,-4.97460869565217));
#6076=CARTESIAN_POINT('',(-11.77321715584,0.8,-4.97460869565217));
#6077=CARTESIAN_POINT('',(-11.77321715584,0.8,-4.97460869565217));
#6078=VECTOR('',#6079,1.);
#6079=DIRECTION('',(-1.,0.,0.));
#6080=CARTESIAN_POINT('',(-11.77321715584,0.8,-4.72218633540373));
#6081=CARTESIAN_POINT('',(-11.77321715584,0.8,-4.72218633540373));
#6082=VECTOR('',#6083,1.);
#6083=DIRECTION('',(0.,0.,-1.));
#6084=CARTESIAN_POINT('',(-11.86772647072,0.8,-4.72218633540373));
#6085=CARTESIAN_POINT('',(-11.86772647072,0.8,-4.72218633540373));
#6086=VECTOR('',#6087,1.);
#6087=DIRECTION('',(1.,0.,0.));
#6088=CARTESIAN_POINT('',(-11.86772647072,0.8,-4.97460869565217));
#6089=VECTOR('',#6090,1.);
#6090=DIRECTION('',(0.,0.,1.));
#6091=CARTESIAN_POINT('',(-9.10141596704,0.799999999999999,16.847900621118));
#6092=CARTESIAN_POINT('',(-9.10141596704,0.799999999999999,17.0056149068323));
#6093=CARTESIAN_POINT('',(-9.10141596704,0.799999999999999,17.0056149068323));
#6094=VECTOR('',#6095,1.);
#6095=DIRECTION('',(0.,0.,-1.));
#6096=CARTESIAN_POINT('',(-9.11532901024,0.799999999999999,17.0056149068323));
#6097=CARTESIAN_POINT('',(-9.11532901024,0.799999999999999,17.0056149068323));
#6098=VECTOR('',#6099,1.);
#6099=DIRECTION('',(1.,0.,0.));
#6100=CARTESIAN_POINT('',(-9.11532901024,0.799999999999999,17.2830807453416));
#6101=CARTESIAN_POINT('',(-9.11532901024,0.799999999999999,17.2830807453416));
#6102=VECTOR('',#6103,1.);
#6103=DIRECTION('',(0.,8.00259253960643E-16,-1.));
#6104=CARTESIAN_POINT('',(-9.84626067264,0.799999999999999,17.2830807453416));
#6105=CARTESIAN_POINT('',(-9.84626067264,0.799999999999999,17.2830807453416));
#6106=VECTOR('',#6107,1.);
#6107=DIRECTION('',(1.,0.,0.));
#6108=CARTESIAN_POINT('',(-9.84626067264,0.799999999999999,16.2171428571429));
#6109=CARTESIAN_POINT('',(-9.84626067264,0.799999999999999,16.2171428571429));
#6110=VECTOR('',#6111,1.);
#6111=DIRECTION('',(0.,-1.04154570066107E-16,1.));
#6112=CARTESIAN_POINT('',(-9.11532901024,0.799999999999999,16.2171428571429));
#6113=CARTESIAN_POINT('',(-9.11532901024,0.799999999999999,16.2171428571429));
#6114=VECTOR('',#6115,1.);
#6115=DIRECTION('',(-1.,0.,0.));
#6116=CARTESIAN_POINT('',(-9.11532901024,0.799999999999999,16.847900621118));
#6117=CARTESIAN_POINT('',(-9.11532901024,0.799999999999999,16.847900621118));
#6118=VECTOR('',#6119,1.);
#6119=DIRECTION('',(0.,0.,-1.));
#6120=CARTESIAN_POINT('',(-9.10141596704,0.799999999999999,16.847900621118));
#6121=VECTOR('',#6122,1.);
#6122=DIRECTION('',(-1.,0.,0.));
#6123=CARTESIAN_POINT('',(-0.699627315199999,0.800000000000001,-12.5771925465838));
#6124=CARTESIAN_POINT('',(-0.699627315199999,0.800000000000001,-11.2508819875776));
#6125=CARTESIAN_POINT('',(-0.699627315199999,0.800000000000001,-11.2508819875776));
#6126=VECTOR('',#6127,1.);
#6127=DIRECTION('',(8.37076216491132E-17,8.37076216491132E-17,-1.));
#6128=CARTESIAN_POINT('',(-1.37619873024,0.800000000000001,-11.2508819875776));
#6129=CARTESIAN_POINT('',(-1.37619873024,0.800000000000001,-11.2508819875776));
#6130=VECTOR('',#6131,1.);
#6131=DIRECTION('',(1.,0.,0.));
#6132=CARTESIAN_POINT('',(-1.37619873024,0.800000000000001,-12.5771925465838));
#6133=CARTESIAN_POINT('',(-1.37619873024,0.800000000000001,-12.5771925465838));
#6134=VECTOR('',#6135,1.);
#6135=DIRECTION('',(0.,-8.37076216491132E-17,1.));
#6136=CARTESIAN_POINT('',(-0.699627315199999,0.800000000000001,-12.5771925465838));
#6137=VECTOR('',#6138,1.);
#6138=DIRECTION('',(-1.,0.,0.));
#6139=CARTESIAN_POINT('',(2.9237266496,0.799999999999999,14.3654161490683));
#6140=CARTESIAN_POINT('',(2.7249688896,0.799999999999999,14.3654161490683));
#6141=CARTESIAN_POINT('',(2.7249688896,0.799999999999999,14.3654161490683));
#6142=VECTOR('',#6143,1.);
#6143=DIRECTION('',(1.,0.,0.));
#6144=CARTESIAN_POINT('',(2.7249688896,0.799999999999999,14.3583602484472));
#6145=CARTESIAN_POINT('',(2.7249688896,0.799999999999999,14.3583602484472));
#6146=VECTOR('',#6147,1.);
#6147=DIRECTION('',(0.,0.,1.));
#6148=CARTESIAN_POINT('',(2.14270803168,0.799999999999999,14.3583602484472));
#6149=CARTESIAN_POINT('',(2.14270803168,0.799999999999999,14.3583602484472));
#6150=VECTOR('',#6151,1.);
#6151=DIRECTION('',(1.,0.,0.));
#6152=CARTESIAN_POINT('',(2.14270803168,0.799999999999999,13.4778633540373));
#6153=CARTESIAN_POINT('',(2.14270803168,0.799999999999999,13.4778633540373));
#6154=VECTOR('',#6155,1.);
#6155=DIRECTION('',(0.,-1.26090509991994E-16,1.));
#6156=CARTESIAN_POINT('',(2.7249688896,0.799999999999999,13.4778633540373));
#6157=CARTESIAN_POINT('',(2.7249688896,0.799999999999999,13.4778633540373));
#6158=VECTOR('',#6159,1.);
#6159=DIRECTION('',(-1.,0.,0.));
#6160=CARTESIAN_POINT('',(2.7249688896,0.799999999999999,13.4710062111801));
#6161=CARTESIAN_POINT('',(2.7249688896,0.799999999999999,13.4710062111801));
#6162=VECTOR('',#6163,1.);
#6163=DIRECTION('',(0.,0.,1.));
#6164=CARTESIAN_POINT('',(2.9237266496,0.799999999999999,13.4710062111801));
#6165=CARTESIAN_POINT('',(2.9237266496,0.799999999999999,13.4710062111801));
#6166=VECTOR('',#6167,1.);
#6167=DIRECTION('',(-1.,0.,0.));
#6168=CARTESIAN_POINT('',(2.9237266496,0.799999999999999,13.4778633540373));
#6169=CARTESIAN_POINT('',(2.9237266496,0.799999999999999,13.4778633540373));
#6170=VECTOR('',#6171,1.);
#6171=DIRECTION('',(0.,0.,-1.));
#6172=CARTESIAN_POINT('',(3.40650924864,0.799999999999999,13.4778633540373));
#6173=CARTESIAN_POINT('',(3.40650924864,0.799999999999999,13.4778633540373));
#6174=VECTOR('',#6175,1.);
#6175=DIRECTION('',(-1.,0.,0.));
#6176=CARTESIAN_POINT('',(3.40650924864,0.799999999999999,14.3583602484472));
#6177=CARTESIAN_POINT('',(3.40650924864,0.799999999999999,14.3583602484472));
#6178=VECTOR('',#6179,1.);
#6179=DIRECTION('',(0.,2.52181019983987E-16,-1.));
#6180=CARTESIAN_POINT('',(2.9237266496,0.799999999999999,14.3583602484472));
#6181=CARTESIAN_POINT('',(2.9237266496,0.799999999999999,14.3583602484472));
#6182=VECTOR('',#6183,1.);
#6183=DIRECTION('',(1.,0.,0.));
#6184=CARTESIAN_POINT('',(2.9237266496,0.799999999999999,14.3654161490683));
#6185=VECTOR('',#6186,1.);
#6186=DIRECTION('',(0.,0.,-1.));
#6187=CARTESIAN_POINT('',(-11.4524221312,0.799999999999999,9.13033540372671));
#6188=CARTESIAN_POINT('',(-11.42867057888,0.799999999999999,9.13033540372671));
#6189=CARTESIAN_POINT('',(-11.42867057888,0.799999999999999,9.13033540372671));
#6190=VECTOR('',#6191,1.);
#6191=DIRECTION('',(-1.,0.,0.));
#6192=CARTESIAN_POINT('',(-11.42867057888,0.799999999999999,9.07239751552795));
#6193=CARTESIAN_POINT('',(-11.42867057888,0.799999999999999,9.07239751552795));
#6194=VECTOR('',#6195,1.);
#6195=DIRECTION('',(0.,0.,1.));
#6196=CARTESIAN_POINT('',(-11.37888176,0.799999999999999,9.02270807453416));
#6197=CARTESIAN_POINT('',(-11.37888176,0.8,9.02270807453416));
#6198=VECTOR('',#6199,1.);
#6199=DIRECTION('',(-0.707812821303785,0.,0.70640003538928));
#6200=CARTESIAN_POINT('',(-10.10693147488,0.799999999999999,9.02270807453416));
#6201=CARTESIAN_POINT('',(-10.10693147488,0.799999999999999,9.02270807453416));
#6202=VECTOR('',#6203,1.);
#6203=DIRECTION('',(-1.,0.,0.));
#6204=CARTESIAN_POINT('',(-10.057142656,0.799999999999999,9.07239751552795));
#6205=CARTESIAN_POINT('',(-10.057142656,0.799999999999999,9.07239751552795));
#6206=VECTOR('',#6207,1.);
#6207=DIRECTION('',(-0.707812821303785,0.,-0.70640003538928));
#6208=CARTESIAN_POINT('',(-10.057142656,0.799999999999999,9.13033540372671));
#6209=CARTESIAN_POINT('',(-10.057142656,0.799999999999999,9.13033540372671));
#6210=VECTOR('',#6211,1.);
#6211=DIRECTION('',(0.,0.,-1.));
#6212=CARTESIAN_POINT('',(-10.03349048256,0.799999999999999,9.13033540372671));
#6213=CARTESIAN_POINT('',(-10.03349048256,0.799999999999999,9.13033540372671));
#6214=VECTOR('',#6215,1.);
#6215=DIRECTION('',(-1.,0.,0.));
#6216=CARTESIAN_POINT('',(-10.03349048256,0.799999999999999,10.3062857142857));
#6217=CARTESIAN_POINT('',(-10.03349048256,0.799999999999999,10.3062857142857));
#6218=VECTOR('',#6219,1.);
#6219=DIRECTION('',(0.,9.44107089097493E-17,-1.));
#6220=CARTESIAN_POINT('',(-11.4524221312,0.799999999999999,10.3062857142857));
#6221=CARTESIAN_POINT('',(-11.4524221312,0.799999999999999,10.3062857142857));
#6222=VECTOR('',#6223,1.);
#6223=DIRECTION('',(1.,0.,0.));
#6224=CARTESIAN_POINT('',(-11.4524221312,0.799999999999999,9.13033540372671));
#6225=VECTOR('',#6226,1.);
#6226=DIRECTION('',(0.,-9.44107089097493E-17,1.));
#6227=CARTESIAN_POINT('',(-19.7823598528,0.800000000000001,-11.6945093167702));
#6228=CARTESIAN_POINT('',(-19.75860830048,0.800000000000001,-11.6945093167702));
#6229=CARTESIAN_POINT('',(-19.75860830048,0.800000000000001,-11.6945093167702));
#6230=VECTOR('',#6231,1.);
#6231=DIRECTION('',(-1.,0.,0.));
#6232=CARTESIAN_POINT('',(-19.75860830048,0.800000000000001,-11.7524472049689));
#6233=CARTESIAN_POINT('',(-19.75860830048,0.800000000000001,-11.7524472049689));
#6234=VECTOR('',#6235,1.);
#6235=DIRECTION('',(0.,0.,1.));
#6236=CARTESIAN_POINT('',(-19.70891886048,0.800000000000001,-11.8021366459627));
#6237=CARTESIAN_POINT('',(-19.70891886048,0.800000000000001,-11.8021366459627));
#6238=VECTOR('',#6239,1.);
#6239=DIRECTION('',(-0.707106774115497,0.,0.707106788257598));
#6240=CARTESIAN_POINT('',(-18.43686919648,0.800000000000001,-11.8021366459627));
#6241=CARTESIAN_POINT('',(-18.43686919648,0.800000000000001,-11.8021366459627));
#6242=VECTOR('',#6243,1.);
#6243=DIRECTION('',(-1.,0.,0.));
#6244=CARTESIAN_POINT('',(-18.38717975648,0.800000000000001,-11.7524472049689));
#6245=CARTESIAN_POINT('',(-18.38717975648,0.800000000000001,-11.7524472049689));
#6246=VECTOR('',#6247,1.);
#6247=DIRECTION('',(-0.707106774115497,1.57990555234959E-15,-0.707106788257598));
#6248=CARTESIAN_POINT('',(-18.38717975648,0.800000000000001,-11.6945093167702));
#6249=CARTESIAN_POINT('',(-18.38717975648,0.800000000000001,-11.6945093167702));
#6250=VECTOR('',#6251,1.);
#6251=DIRECTION('',(0.,0.,-1.));
#6252=CARTESIAN_POINT('',(-18.36342820416,0.800000000000001,-11.6945093167702));
#6253=CARTESIAN_POINT('',(-18.36342820416,0.800000000000001,-11.6945093167702));
#6254=VECTOR('',#6255,1.);
#6255=DIRECTION('',(-1.,0.,0.));
#6256=CARTESIAN_POINT('',(-18.36342820416,0.800000000000001,-10.5185590062112));
#6257=CARTESIAN_POINT('',(-18.36342820416,0.800000000000001,-10.5185590062112));
#6258=VECTOR('',#6259,1.);
#6259=DIRECTION('',(0.,0.,-1.));
#6260=CARTESIAN_POINT('',(-19.7823598528,0.800000000000001,-10.5185590062112));
#6261=CARTESIAN_POINT('',(-19.7823598528,0.800000000000001,-10.5185590062112));
#6262=VECTOR('',#6263,1.);
#6263=DIRECTION('',(1.,0.,0.));
#6264=CARTESIAN_POINT('',(-19.7823598528,0.800000000000001,-11.6945093167702));
#6265=VECTOR('',#6266,1.);
#6266=DIRECTION('',(0.,0.,1.));
#6267=CARTESIAN_POINT('',(-5.1493166672,0.8,-5.90022360248447));
#6268=CARTESIAN_POINT('',(-5.1493166672,0.800000000000001,-6.67587577639752));
#6269=CARTESIAN_POINT('',(-5.1493166672,0.800000000000001,-6.67587577639751));
#6270=VECTOR('',#6271,1.);
#6271=DIRECTION('',(0.,-2.86268268681374E-16,1.));
#6272=CARTESIAN_POINT('',(-5.16263343712,0.800000000000001,-6.73649689440994));
#6273=CARTESIAN_POINT('',(-5.16263343712,0.800000000000001,-6.73649689440994));
#6274=VECTOR('',#6275,1.);
#6275=DIRECTION('',(0.214556318514472,0.,0.976711618741948));
#6276=CARTESIAN_POINT('',(-5.1493166672,0.800000000000001,-6.77644720496894));
#6277=CARTESIAN_POINT('',(-5.1493166672,0.800000000000001,-6.77644720496894));
#6278=VECTOR('',#6279,1.);
#6279=DIRECTION('',(-0.316227760324726,0.,0.948683299947885));
#6280=CARTESIAN_POINT('',(-5.1493166672,0.800000000000001,-7.22653416149068));
#6281=CARTESIAN_POINT('',(-5.1493166672,0.800000000000001,-7.22653416149068));
#6282=VECTOR('',#6283,1.);
#6283=DIRECTION('',(0.,0.,1.));
#6284=CARTESIAN_POINT('',(-4.47274525216,0.800000000000001,-7.22653416149068));
#6285=CARTESIAN_POINT('',(-4.47274525216,0.800000000000001,-7.22653416149068));
#6286=VECTOR('',#6287,1.);
#6287=DIRECTION('',(-1.,0.,0.));
#6288=CARTESIAN_POINT('',(-4.47274525216,0.8,-5.90022360248447));
#6289=CARTESIAN_POINT('',(-4.47274525216,0.8,-5.90022360248447));
#6290=VECTOR('',#6291,1.);
#6291=DIRECTION('',(0.,8.37076216491131E-17,-1.));
#6292=CARTESIAN_POINT('',(-5.1493166672,0.8,-5.90022360248447));
#6293=VECTOR('',#6294,1.);
#6294=DIRECTION('',(1.,0.,0.));
#6295=CARTESIAN_POINT('',(21.77182565152,0.8,4.75299378881988));
#6296=CARTESIAN_POINT('',(20.35289400288,0.8,4.75299378881988));
#6297=CARTESIAN_POINT('',(20.35289400288,0.8,4.75299378881988));
#6298=VECTOR('',#6299,1.);
#6299=DIRECTION('',(1.,0.,1.2518973983721E-15));
#6300=CARTESIAN_POINT('',(20.35289400288,0.8,3.57704347826087));
#6301=CARTESIAN_POINT('',(20.35289400288,0.8,3.57704347826087));
#6302=VECTOR('',#6303,1.);
#6303=DIRECTION('',(0.,-9.44107089097494E-17,1.));
#6304=CARTESIAN_POINT('',(21.77182565152,0.8,3.57704347826087));
#6305=CARTESIAN_POINT('',(21.77182565152,0.8,3.57704347826087));
#6306=VECTOR('',#6307,1.);
#6307=DIRECTION('',(-1.,0.,0.));
#6308=CARTESIAN_POINT('',(21.77182565152,0.8,4.75299378881988));
#6309=VECTOR('',#6310,1.);
#6310=DIRECTION('',(0.,9.44107089097493E-17,-1.));
#6311=CARTESIAN_POINT('',(20.35289400288,0.8,6.74067080745342));
#6312=CARTESIAN_POINT('',(20.35289400288,0.8,5.56472049689441));
#6313=CARTESIAN_POINT('',(20.35289400288,0.8,5.56472049689441));
#6314=VECTOR('',#6315,1.);
#6315=DIRECTION('',(0.,-9.44107089097492E-17,1.));
#6316=CARTESIAN_POINT('',(21.77182565152,0.8,5.56472049689441));
#6317=CARTESIAN_POINT('',(21.77182565152,0.8,5.56472049689441));
#6318=VECTOR('',#6319,1.);
#6319=DIRECTION('',(-1.,0.,-1.2518973983721E-15));
#6320=CARTESIAN_POINT('',(21.77182565152,0.8,6.74067080745342));
#6321=CARTESIAN_POINT('',(21.77182565152,0.8,6.74067080745342));
#6322=VECTOR('',#6323,1.);
#6323=DIRECTION('',(0.,9.44107089097493E-17,-1.));
#6324=CARTESIAN_POINT('',(20.35289400288,0.8,6.74067080745342));
#6325=VECTOR('',#6326,1.);
#6326=DIRECTION('',(1.,0.,1.2518973983721E-15));
#6327=CARTESIAN_POINT('',(-14.06052145792,0.8,-6.05247204968944));
#6328=CARTESIAN_POINT('',(-12.22121714688,0.8,-6.05247204968944));
#6329=CARTESIAN_POINT('',(-12.22121714688,0.8,-6.05247204968944));
#6330=VECTOR('',#6331,1.);
#6331=DIRECTION('',(-1.,0.,4.82888238976573E-16));
#6332=CARTESIAN_POINT('',(-12.22121714688,0.8,-4.0144099378882));
#6333=CARTESIAN_POINT('',(-12.22121714688,0.8,-4.0144099378882));
#6334=VECTOR('',#6335,1.);
#6335=DIRECTION('',(0.,5.44744450228722E-17,-1.));
#6336=CARTESIAN_POINT('',(-14.06052145792,0.8,-4.0144099378882));
#6337=CARTESIAN_POINT('',(-14.06052145792,0.8,-4.0144099378882));
#6338=VECTOR('',#6339,1.);
#6339=DIRECTION('',(1.,0.,0.));
#6340=CARTESIAN_POINT('',(-14.06052145792,0.8,-6.05247204968944));
#6341=VECTOR('',#6342,1.);
#6342=DIRECTION('',(0.,-5.44744450228722E-17,1.));
#6343=CARTESIAN_POINT('',(-14.06052145792,0.800000000000001,-10.4052670807453));
#6344=CARTESIAN_POINT('',(-12.22121714688,0.800000000000001,-10.4052670807453));
#6345=CARTESIAN_POINT('',(-12.22121714688,0.800000000000001,-10.4052670807453));
#6346=VECTOR('',#6347,1.);
#6347=DIRECTION('',(-1.,0.,0.));
#6348=CARTESIAN_POINT('',(-12.22121714688,0.800000000000001,-8.3672049689441));
#6349=CARTESIAN_POINT('',(-12.22121714688,0.800000000000001,-8.3672049689441));
#6350=VECTOR('',#6351,1.);
#6351=DIRECTION('',(0.,5.44744450228722E-17,-1.));
#6352=CARTESIAN_POINT('',(-14.06052145792,0.800000000000001,-8.3672049689441));
#6353=CARTESIAN_POINT('',(-14.06052145792,0.800000000000001,-8.3672049689441));
#6354=VECTOR('',#6355,1.);
#6355=DIRECTION('',(1.,0.,0.));
#6356=CARTESIAN_POINT('',(-14.06052145792,0.800000000000001,-10.4052670807453));
#6357=VECTOR('',#6358,1.);
#6358=DIRECTION('',(0.,-5.44744450228722E-17,1.));
#6359=CARTESIAN_POINT('',(-14.06052145792,0.800000000000001,-12.8678757763975));
#6360=CARTESIAN_POINT('',(-12.22121714688,0.800000000000001,-12.8678757763975));
#6361=CARTESIAN_POINT('',(-12.22121714688,0.800000000000001,-12.8678757763975));
#6362=VECTOR('',#6363,1.);
#6363=DIRECTION('',(-1.,0.,0.));
#6364=CARTESIAN_POINT('',(-12.22121714688,0.800000000000001,-10.8298136645963));
#6365=CARTESIAN_POINT('',(-12.22121714688,0.800000000000001,-10.8298136645963));
#6366=VECTOR('',#6367,1.);
#6367=DIRECTION('',(0.,5.44744450228723E-17,-1.));
#6368=CARTESIAN_POINT('',(-14.06052145792,0.800000000000001,-10.8298136645963));
#6369=CARTESIAN_POINT('',(-14.06052145792,0.800000000000001,-10.8298136645963));
#6370=VECTOR('',#6371,1.);
#6371=DIRECTION('',(1.,0.,0.));
#6372=CARTESIAN_POINT('',(-14.06052145792,0.800000000000001,-12.8678757763975));
#6373=VECTOR('',#6374,1.);
#6374=DIRECTION('',(0.,-5.44744450228723E-17,1.));
#6375=CARTESIAN_POINT('',(-14.06052145792,0.800000000000001,-17.2206708074534));
#6376=CARTESIAN_POINT('',(-12.22121714688,0.800000000000001,-17.2206708074534));
#6377=CARTESIAN_POINT('',(-12.22121714688,0.800000000000001,-17.2206708074534));
#6378=VECTOR('',#6379,1.);
#6379=DIRECTION('',(-1.,0.,0.));
#6380=CARTESIAN_POINT('',(-12.22121714688,0.800000000000001,-15.1826086956522));
#6381=CARTESIAN_POINT('',(-12.22121714688,0.800000000000001,-15.1826086956522));
#6382=VECTOR('',#6383,1.);
#6383=DIRECTION('',(0.,5.44744450228721E-17,-1.));
#6384=CARTESIAN_POINT('',(-14.06052145792,0.800000000000001,-15.1826086956522));
#6385=CARTESIAN_POINT('',(-14.06052145792,0.800000000000001,-15.1826086956522));
#6386=VECTOR('',#6387,1.);
#6387=DIRECTION('',(1.,0.,0.));
#6388=CARTESIAN_POINT('',(-14.06052145792,0.800000000000001,-17.2206708074534));
#6389=VECTOR('',#6390,1.);
#6390=DIRECTION('',(0.,-5.44744450228722E-17,1.));
#6391=CARTESIAN_POINT('',(-17.0896890992,0.8,-6.05247204968944));
#6392=CARTESIAN_POINT('',(-15.25038478816,0.8,-6.05247204968944));
#6393=CARTESIAN_POINT('',(-15.25038478816,0.8,-6.05247204968944));
#6394=VECTOR('',#6395,1.);
#6395=DIRECTION('',(-1.,0.,0.));
#6396=CARTESIAN_POINT('',(-15.25038478816,0.8,-4.0144099378882));
#6397=CARTESIAN_POINT('',(-15.25038478816,0.8,-4.0144099378882));
#6398=VECTOR('',#6399,1.);
#6399=DIRECTION('',(0.,5.44744450228722E-17,-1.));
#6400=CARTESIAN_POINT('',(-17.0896890992,0.8,-4.0144099378882));
#6401=CARTESIAN_POINT('',(-17.0896890992,0.8,-4.0144099378882));
#6402=VECTOR('',#6403,1.);
#6403=DIRECTION('',(1.,0.,-4.82888238976574E-16));
#6404=CARTESIAN_POINT('',(-17.0896890992,0.8,-6.05247204968944));
#6405=VECTOR('',#6406,1.);
#6406=DIRECTION('',(0.,-5.44744450228722E-17,1.));
#6407=CARTESIAN_POINT('',(-17.0896890992,0.800000000000001,-10.4052670807453));
#6408=CARTESIAN_POINT('',(-15.25038478816,0.800000000000001,-10.4052670807453));
#6409=CARTESIAN_POINT('',(-15.25038478816,0.800000000000001,-10.4052670807453));
#6410=VECTOR('',#6411,1.);
#6411=DIRECTION('',(-1.,0.,0.));
#6412=CARTESIAN_POINT('',(-15.25038478816,0.800000000000001,-8.3672049689441));
#6413=CARTESIAN_POINT('',(-15.25038478816,0.800000000000001,-8.3672049689441));
#6414=VECTOR('',#6415,1.);
#6415=DIRECTION('',(0.,5.44744450228723E-17,-1.));
#6416=CARTESIAN_POINT('',(-17.0896890992,0.800000000000001,-8.3672049689441));
#6417=CARTESIAN_POINT('',(-17.0896890992,0.800000000000001,-8.3672049689441));
#6418=VECTOR('',#6419,1.);
#6419=DIRECTION('',(1.,0.,0.));
#6420=CARTESIAN_POINT('',(-17.0896890992,0.800000000000001,-10.4052670807453));
#6421=VECTOR('',#6422,1.);
#6422=DIRECTION('',(0.,-5.44744450228723E-17,1.));
#6423=CARTESIAN_POINT('',(-17.0896890992,0.800000000000001,-12.8678757763975));
#6424=CARTESIAN_POINT('',(-15.25038478816,0.800000000000001,-12.8678757763975));
#6425=CARTESIAN_POINT('',(-15.25038478816,0.800000000000001,-12.8678757763975));
#6426=VECTOR('',#6427,1.);
#6427=DIRECTION('',(-1.,0.,0.));
#6428=CARTESIAN_POINT('',(-15.25038478816,0.800000000000001,-10.8298136645963));
#6429=CARTESIAN_POINT('',(-15.25038478816,0.800000000000001,-10.8298136645963));
#6430=VECTOR('',#6431,1.);
#6431=DIRECTION('',(0.,5.44744450228722E-17,-1.));
#6432=CARTESIAN_POINT('',(-17.0896890992,0.800000000000001,-10.8298136645963));
#6433=CARTESIAN_POINT('',(-17.0896890992,0.800000000000001,-10.8298136645963));
#6434=VECTOR('',#6435,1.);
#6435=DIRECTION('',(1.,0.,0.));
#6436=CARTESIAN_POINT('',(-17.0896890992,0.800000000000001,-12.8678757763975));
#6437=VECTOR('',#6438,1.);
#6438=DIRECTION('',(0.,-5.44744450228722E-17,1.));
#6439=CARTESIAN_POINT('',(-17.0896890992,0.800000000000001,-17.2206708074534));
#6440=CARTESIAN_POINT('',(-15.25038478816,0.800000000000001,-17.2206708074534));
#6441=CARTESIAN_POINT('',(-15.25038478816,0.800000000000001,-17.2206708074534));
#6442=VECTOR('',#6443,1.);
#6443=DIRECTION('',(-1.,0.,0.));
#6444=CARTESIAN_POINT('',(-15.25038478816,0.800000000000001,-15.1826086956522));
#6445=CARTESIAN_POINT('',(-15.25038478816,0.800000000000001,-15.1826086956522));
#6446=VECTOR('',#6447,1.);
#6447=DIRECTION('',(0.,5.44744450228723E-17,-1.));
#6448=CARTESIAN_POINT('',(-17.0896890992,0.800000000000001,-15.1826086956522));
#6449=CARTESIAN_POINT('',(-17.0896890992,0.800000000000001,-15.1826086956522));
#6450=VECTOR('',#6451,1.);
#6451=DIRECTION('',(1.,0.,0.));
#6452=CARTESIAN_POINT('',(-17.0896890992,0.800000000000001,-17.2206708074534));
#6453=VECTOR('',#6454,1.);
#6454=DIRECTION('',(0.,-5.44744450228722E-17,1.));
#6455=CARTESIAN_POINT('',(2.14270803168,0.799999999999999,17.5384844720497));
#6456=CARTESIAN_POINT('',(2.14270803168,0.799999999999999,16.6579875776398));
#6457=CARTESIAN_POINT('',(2.14270803168,0.799999999999999,16.6579875776398));
#6458=VECTOR('',#6459,1.);
#6459=DIRECTION('',(0.,-1.26090509991994E-16,1.));
#6460=CARTESIAN_POINT('',(3.40650924864,0.799999999999999,16.6579875776398));
#6461=CARTESIAN_POINT('',(3.40650924864,0.799999999999999,16.6579875776398));
#6462=VECTOR('',#6463,1.);
#6463=DIRECTION('',(-1.,0.,0.));
#6464=CARTESIAN_POINT('',(3.40650924864,0.799999999999999,17.5384844720497));
#6465=CARTESIAN_POINT('',(3.40650924864,0.799999999999999,17.5384844720497));
#6466=VECTOR('',#6467,1.);
#6467=DIRECTION('',(0.,2.52181019983988E-16,-1.));
#6468=CARTESIAN_POINT('',(2.14270803168,0.799999999999999,17.5384844720497));
#6469=VECTOR('',#6470,1.);
#6470=DIRECTION('',(1.,0.,0.));
#6471=CARTESIAN_POINT('',(6.91289427168,0.799999999999999,14.3583602484472));
#6472=CARTESIAN_POINT('',(6.91289427168,0.799999999999999,13.4778633540373));
#6473=CARTESIAN_POINT('',(6.91289427168,0.799999999999999,13.4778633540373));
#6474=VECTOR('',#6475,1.);
#6475=DIRECTION('',(1.00872407993595E-15,-1.26090509991994E-16,1.));
#6476=CARTESIAN_POINT('',(8.17669548864,0.799999999999999,13.4778633540373));
#6477=CARTESIAN_POINT('',(8.17669548864,0.799999999999999,13.4778633540373));
#6478=VECTOR('',#6479,1.);
#6479=DIRECTION('',(-1.,0.,0.));
#6480=CARTESIAN_POINT('',(8.17669548864,0.799999999999999,14.3583602484472));
#6481=CARTESIAN_POINT('',(8.17669548864,0.799999999999999,14.3583602484472));
#6482=VECTOR('',#6483,1.);
#6483=DIRECTION('',(0.,2.52181019983988E-16,-1.));
#6484=CARTESIAN_POINT('',(6.91289427168,0.799999999999999,14.3583602484472));
#6485=VECTOR('',#6486,1.);
#6486=DIRECTION('',(1.,0.,0.));
#6487=CARTESIAN_POINT('',(6.91289427168,0.799999999999999,17.5384844720497));
#6488=CARTESIAN_POINT('',(6.91289427168,0.799999999999999,16.6579875776398));
#6489=CARTESIAN_POINT('',(6.91289427168,0.799999999999999,16.6579875776398));
#6490=VECTOR('',#6491,1.);
#6491=DIRECTION('',(0.,-1.26090509991994E-16,1.));
#6492=CARTESIAN_POINT('',(8.17669548864,0.799999999999999,16.6579875776398));
#6493=CARTESIAN_POINT('',(8.17669548863999,0.799999999999999,16.6579875776398));
#6494=VECTOR('',#6495,1.);
#6495=DIRECTION('',(-1.,0.,0.));
#6496=CARTESIAN_POINT('',(8.17669548864,0.799999999999999,17.5384844720497));
#6497=CARTESIAN_POINT('',(8.17669548864,0.799999999999999,17.5384844720497));
#6498=VECTOR('',#6499,1.);
#6499=DIRECTION('',(0.,2.52181019983988E-16,-1.));
#6500=CARTESIAN_POINT('',(6.91289427168,0.799999999999999,17.5384844720497));
#6501=VECTOR('',#6502,1.);
#6502=DIRECTION('',(1.,0.,0.));
#6503=CARTESIAN_POINT('',(13.39517985632,0.800000000000001,-14.6987329192547));
#6504=CARTESIAN_POINT('',(13.39517985632,0.800000000000001,-16.1284968944099));
#6505=CARTESIAN_POINT('',(13.39517985632,0.800000000000001,-16.1284968944099));
#6506=VECTOR('',#6507,1.);
#6507=DIRECTION('',(0.,-7.76507901945552E-17,1.));
#6508=CARTESIAN_POINT('',(14.56218604416,0.800000000000001,-16.1284968944099));
#6509=CARTESIAN_POINT('',(14.56218604416,0.800000000000001,-16.1284968944099));
#6510=VECTOR('',#6511,1.);
#6511=DIRECTION('',(-1.,0.,0.));
#6512=CARTESIAN_POINT('',(14.56218604416,0.800000000000001,-14.6987329192547));
#6513=CARTESIAN_POINT('',(14.56218604416,0.800000000000001,-14.6987329192547));
#6514=VECTOR('',#6515,1.);
#6515=DIRECTION('',(0.,7.7650790194555E-17,-1.));
#6516=CARTESIAN_POINT('',(13.39517985632,0.800000000000001,-14.6987329192547));
#6517=VECTOR('',#6518,1.);
#6518=DIRECTION('',(1.,0.,0.));
#6519=CARTESIAN_POINT('',(11.40750287744,0.800000000000001,-16.1284968944099));
#6520=CARTESIAN_POINT('',(12.57450906528,0.800000000000001,-16.1284968944099));
#6521=CARTESIAN_POINT('',(12.57450906528,0.800000000000001,-16.1284968944099));
#6522=VECTOR('',#6523,1.);
#6523=DIRECTION('',(-1.,0.,0.));
#6524=CARTESIAN_POINT('',(12.57450906528,0.800000000000001,-14.6987329192547));
#6525=CARTESIAN_POINT('',(12.57450906528,0.800000000000001,-14.6987329192547));
#6526=VECTOR('',#6527,1.);
#6527=DIRECTION('',(0.,7.76507901945553E-17,-1.));
#6528=CARTESIAN_POINT('',(11.40750287744,0.800000000000001,-14.6987329192547));
#6529=CARTESIAN_POINT('',(11.40750287744,0.800000000000001,-14.6987329192547));
#6530=VECTOR('',#6531,1.);
#6531=DIRECTION('',(1.,0.,0.));
#6532=CARTESIAN_POINT('',(11.40750287744,0.800000000000001,-16.1284968944099));
#6533=VECTOR('',#6534,1.);
#6534=DIRECTION('',(0.,-7.76507901945552E-17,1.));
#6535=CARTESIAN_POINT('',(17.1542853712,0.800000000000001,-16.136149068323));
#6536=CARTESIAN_POINT('',(17.1542853712,0.800000000000001,-14.6909813664596));
#6537=CARTESIAN_POINT('',(17.1542853712,0.800000000000001,-14.6909813664596));
#6538=VECTOR('',#6539,1.);
#6539=DIRECTION('',(0.,7.68231273916285E-17,-1.));
#6540=CARTESIAN_POINT('',(15.81505558432,0.800000000000001,-14.6909813664596));
#6541=CARTESIAN_POINT('',(15.81505558432,0.800000000000001,-14.6909813664596));
#6542=VECTOR('',#6543,1.);
#6543=DIRECTION('',(1.,0.,0.));
#6544=CARTESIAN_POINT('',(15.81505558432,0.800000000000001,-16.136149068323));
#6545=CARTESIAN_POINT('',(15.81505558432,0.800000000000001,-16.136149068323));
#6546=VECTOR('',#6547,1.);
#6547=DIRECTION('',(0.,-7.68231273916286E-17,1.));
#6548=CARTESIAN_POINT('',(17.1542853712,0.800000000000001,-16.136149068323));
#6549=VECTOR('',#6550,1.);
#6550=DIRECTION('',(-1.,0.,0.));
#6551=CARTESIAN_POINT('',(19.24183812448,0.800000000000001,-16.136149068323));
#6552=CARTESIAN_POINT('',(19.24183812448,0.800000000000001,-14.6909813664596));
#6553=CARTESIAN_POINT('',(19.24183812448,0.800000000000001,-14.6909813664596));
#6554=VECTOR('',#6555,1.);
#6555=DIRECTION('',(0.,7.68231273916285E-17,-1.));
#6556=CARTESIAN_POINT('',(17.90250895872,0.800000000000001,-14.6909813664596));
#6557=CARTESIAN_POINT('',(17.90250895872,0.800000000000001,-14.6909813664596));
#6558=VECTOR('',#6559,1.);
#6559=DIRECTION('',(1.,0.,0.));
#6560=CARTESIAN_POINT('',(17.90250895872,0.800000000000001,-16.136149068323));
#6561=CARTESIAN_POINT('',(17.90250895872,0.800000000000001,-16.136149068323));
#6562=VECTOR('',#6563,1.);
#6563=DIRECTION('',(0.,-7.68231273916286E-17,1.));
#6564=CARTESIAN_POINT('',(19.24183812448,0.800000000000001,-16.136149068323));
#6565=VECTOR('',#6566,1.);
#6566=DIRECTION('',(-1.,0.,0.));
#6567=CARTESIAN_POINT('',(10.65182587392,0.799999999999999,14.9878260869565));
#6568=CARTESIAN_POINT('',(9.25972652288,0.799999999999999,14.9878260869565));
#6569=CARTESIAN_POINT('',(9.25972652288,0.799999999999999,14.9878260869565));
#6570=VECTOR('',#6571,1.);
#6571=DIRECTION('',(1.,0.,0.));
#6572=CARTESIAN_POINT('',(9.25972652288,0.799999999999999,13.536099378882));
#6573=CARTESIAN_POINT('',(9.25972652288,0.799999999999999,13.536099378882));
#6574=VECTOR('',#6575,1.);
#6575=DIRECTION('',(-2.44723311835501E-15,-7.64760349485941E-17,1.));
#6576=CARTESIAN_POINT('',(10.65182587392,0.799999999999999,13.536099378882));
#6577=CARTESIAN_POINT('',(10.65182587392,0.799999999999999,13.536099378882));
#6578=VECTOR('',#6579,1.);
#6579=DIRECTION('',(-1.,0.,0.));
#6580=CARTESIAN_POINT('',(10.65182587392,0.799999999999999,14.9878260869565));
#6581=VECTOR('',#6582,1.);
#6582=DIRECTION('',(1.22361655917751E-15,7.64760349485941E-17,-1.));
#6583=CARTESIAN_POINT('',(9.25972652288,0.799999999999999,16.9755031055901));
#6584=CARTESIAN_POINT('',(9.25972652288,0.799999999999999,15.5236770186335));
#6585=CARTESIAN_POINT('',(9.25972652288,0.799999999999999,15.5236770186335));
#6586=VECTOR('',#6587,1.);
#6587=DIRECTION('',(0.,7.64708000909756E-17,1.));
#6588=CARTESIAN_POINT('',(10.65182587392,0.799999999999999,15.5236770186335));
#6589=CARTESIAN_POINT('',(10.65182587392,0.799999999999999,15.5236770186335));
#6590=VECTOR('',#6591,1.);
#6591=DIRECTION('',(-1.,0.,0.));
#6592=CARTESIAN_POINT('',(10.65182587392,0.799999999999999,16.9755031055901));
#6593=CARTESIAN_POINT('',(10.65182587392,0.799999999999999,16.9755031055901));
#6594=VECTOR('',#6595,1.);
#6595=DIRECTION('',(0.,-7.64708000909756E-17,-1.));
#6596=CARTESIAN_POINT('',(9.25972652288,0.799999999999999,16.9755031055901));
#6597=VECTOR('',#6598,1.);
#6598=DIRECTION('',(1.,0.,0.));
#6599=CARTESIAN_POINT('',(-10.79036003264,0.799999999999999,14.7992049689441));
#6600=CARTESIAN_POINT('',(-10.79036003264,0.799999999999999,13.7333664596273));
#6601=CARTESIAN_POINT('',(-10.79036003264,0.799999999999999,13.7333664596273));
#6602=VECTOR('',#6603,1.);
#6603=DIRECTION('',(-3.33325700633381E-15,0.,1.));
#6604=CARTESIAN_POINT('',(-10.05932899136,0.799999999999999,13.7333664596273));
#6605=CARTESIAN_POINT('',(-10.05932899136,0.799999999999999,13.7333664596273));
#6606=VECTOR('',#6607,1.);
#6607=DIRECTION('',(-1.,0.,0.));
#6608=CARTESIAN_POINT('',(-10.05932899136,0.799999999999999,14.7992049689441));
#6609=CARTESIAN_POINT('',(-10.05932899136,0.799999999999999,14.7992049689441));
#6610=VECTOR('',#6611,1.);
#6611=DIRECTION('',(3.33325700633381E-15,0.,-1.));
#6612=CARTESIAN_POINT('',(-10.79036003264,0.799999999999999,14.7992049689441));
#6613=VECTOR('',#6614,1.);
#6614=DIRECTION('',(1.,0.,0.));
#6615=CARTESIAN_POINT('',(-8.90226069152,0.799999999999999,14.7992049689441));
#6616=CARTESIAN_POINT('',(-8.90226069152,0.799999999999999,13.7333664596273));
#6617=CARTESIAN_POINT('',(-8.90226069152,0.799999999999999,13.7333664596273));
#6618=VECTOR('',#6619,1.);
#6619=DIRECTION('',(-3.33325700633381E-15,0.,1.));
#6620=CARTESIAN_POINT('',(-8.17122965024,0.799999999999999,13.7333664596273));
#6621=CARTESIAN_POINT('',(-8.17122965024,0.799999999999999,13.7333664596273));
#6622=VECTOR('',#6623,1.);
#6623=DIRECTION('',(-1.,0.,0.));
#6624=CARTESIAN_POINT('',(-8.17122965024,0.799999999999999,14.7992049689441));
#6625=CARTESIAN_POINT('',(-8.17122965024,0.799999999999999,14.7992049689441));
#6626=VECTOR('',#6627,1.);
#6627=DIRECTION('',(1.6666285031669E-15,0.,-1.));
#6628=CARTESIAN_POINT('',(-8.90226069152,0.799999999999999,14.7992049689441));
#6629=VECTOR('',#6630,1.);
#6630=DIRECTION('',(1.,0.,0.));
#6631=CARTESIAN_POINT('',(-11.4524221312,0.799999999999999,11.1180124223602));
#6632=CARTESIAN_POINT('',(-10.03349048256,0.799999999999999,11.1180124223602));
#6633=CARTESIAN_POINT('',(-10.03349048256,0.799999999999999,11.1180124223602));
#6634=VECTOR('',#6635,1.);
#6635=DIRECTION('',(-1.,0.,0.));
#6636=CARTESIAN_POINT('',(-10.03349048256,0.799999999999999,12.2939627329193));
#6637=CARTESIAN_POINT('',(-10.03349048256,0.799999999999999,12.2939627329193));
#6638=VECTOR('',#6639,1.);
#6639=DIRECTION('',(0.,9.44107089097493E-17,-1.));
#6640=CARTESIAN_POINT('',(-11.4524221312,0.799999999999999,12.2939627329193));
#6641=CARTESIAN_POINT('',(-11.4524221312,0.799999999999999,12.2939627329193));
#6642=VECTOR('',#6643,1.);
#6643=DIRECTION('',(1.,0.,0.));
#6644=CARTESIAN_POINT('',(-11.4524221312,0.799999999999999,11.1180124223602));
#6645=VECTOR('',#6646,1.);
#6646=DIRECTION('',(0.,-9.44107089097493E-17,1.));
#6647=CARTESIAN_POINT('',(-8.03935387648,0.799999999999999,10.2810434782609));
#6648=CARTESIAN_POINT('',(-9.40780105408,0.799999999999999,10.2810434782609));
#6649=CARTESIAN_POINT('',(-9.40780105408,0.799999999999999,10.2810434782609));
#6650=VECTOR('',#6651,1.);
#6651=DIRECTION('',(1.,0.,0.));
#6652=CARTESIAN_POINT('',(-9.40780105408,0.799999999999999,9.15557763975155));
#6653=CARTESIAN_POINT('',(-9.40780105408,0.799999999999999,9.15557763975155));
#6654=VECTOR('',#6655,1.);
#6655=DIRECTION('',(0.,-9.86456440202263E-17,1.));
#6656=CARTESIAN_POINT('',(-8.03935387648,0.799999999999999,9.15557763975155));
#6657=CARTESIAN_POINT('',(-8.03935387648,0.799999999999999,9.15557763975155));
#6658=VECTOR('',#6659,1.);
#6659=DIRECTION('',(-1.,0.,0.));
#6660=CARTESIAN_POINT('',(-8.03935387648,0.799999999999999,10.2810434782609));
#6661=VECTOR('',#6662,1.);
#6662=DIRECTION('',(0.,9.86456440202263E-17,-1.));
#6663=CARTESIAN_POINT('',(-9.4330432896,0.799999999999999,12.2939627329193));
#6664=CARTESIAN_POINT('',(-9.4330432896,0.799999999999999,11.1180124223602));
#6665=CARTESIAN_POINT('',(-9.4330432896,0.799999999999999,11.1180124223602));
#6666=VECTOR('',#6667,1.);
#6667=DIRECTION('',(0.,-9.44107089097493E-17,1.));
#6668=CARTESIAN_POINT('',(-8.01411164096,0.799999999999999,11.1180124223602));
#6669=CARTESIAN_POINT('',(-8.01411164096,0.799999999999999,11.1180124223602));
#6670=VECTOR('',#6671,1.);
#6671=DIRECTION('',(-1.,0.,0.));
#6672=CARTESIAN_POINT('',(-8.01411164096,0.799999999999999,12.2939627329193));
#6673=CARTESIAN_POINT('',(-8.01411164096,0.799999999999999,12.2939627329193));
#6674=VECTOR('',#6675,1.);
#6675=DIRECTION('',(0.,9.44107089097493E-17,-1.));
#6676=CARTESIAN_POINT('',(-9.4330432896,0.799999999999999,12.2939627329193));
#6677=VECTOR('',#6678,1.);
#6678=DIRECTION('',(1.,0.,0.));
#6679=CARTESIAN_POINT('',(-8.01411164096,0.8,6.519950310559));
#6680=CARTESIAN_POINT('',(-9.4330432896,0.8,6.519950310559));
#6681=CARTESIAN_POINT('',(-9.4330432896,0.8,6.519950310559));
#6682=VECTOR('',#6683,1.);
#6683=DIRECTION('',(1.,0.,0.));
#6684=CARTESIAN_POINT('',(-9.4330432896,0.8,5.344));
#6685=CARTESIAN_POINT('',(-9.4330432896,0.8,5.344));
#6686=VECTOR('',#6687,1.);
#6687=DIRECTION('',(0.,-9.44107089097493E-17,1.));
#6688=CARTESIAN_POINT('',(-8.01411164096,0.8,5.344));
#6689=CARTESIAN_POINT('',(-8.01411164096,0.8,5.344));
#6690=VECTOR('',#6691,1.);
#6691=DIRECTION('',(-1.,0.,0.));
#6692=CARTESIAN_POINT('',(-8.01411164096,0.8,6.519950310559));
#6693=VECTOR('',#6694,1.);
#6694=DIRECTION('',(0.,9.44107089097493E-17,-1.));
#6695=CARTESIAN_POINT('',(-9.4330432896,0.799999999999999,8.50762732919254));
#6696=CARTESIAN_POINT('',(-9.4330432896,0.8,7.33167701863354));
#6697=CARTESIAN_POINT('',(-9.4330432896,0.8,7.33167701863354));
#6698=VECTOR('',#6699,1.);
#6699=DIRECTION('',(0.,-9.44107089097494E-17,1.));
#6700=CARTESIAN_POINT('',(-8.01411164096,0.8,7.33167701863354));
#6701=CARTESIAN_POINT('',(-8.01411164096,0.8,7.33167701863354));
#6702=VECTOR('',#6703,1.);
#6703=DIRECTION('',(-1.,0.,0.));
#6704=CARTESIAN_POINT('',(-8.01411164096,0.799999999999999,8.50762732919254));
#6705=CARTESIAN_POINT('',(-8.01411164096,0.799999999999999,8.50762732919254));
#6706=VECTOR('',#6707,1.);
#6707=DIRECTION('',(0.,9.44107089097494E-17,-1.));
#6708=CARTESIAN_POINT('',(-9.4330432896,0.799999999999999,8.50762732919254));
#6709=VECTOR('',#6710,1.);
#6710=DIRECTION('',(1.,0.,0.));
#6711=CARTESIAN_POINT('',(-7.17734147136,0.800000000000001,-6.87354037267081));
#6712=CARTESIAN_POINT('',(-7.17734147136,0.800000000000001,-8.30340372670807));
#6713=CARTESIAN_POINT('',(-7.17734147136,0.800000000000001,-8.30340372670807));
#6714=VECTOR('',#6715,1.);
#6715=DIRECTION('',(-6.21163146249132E-16,-7.76453932811414E-17,1.));
#6716=CARTESIAN_POINT('',(-6.01023590464,0.800000000000001,-8.30340372670807));
#6717=CARTESIAN_POINT('',(-6.01023590464,0.800000000000001,-8.30340372670807));
#6718=VECTOR('',#6719,1.);
#6719=DIRECTION('',(-1.,0.,0.));
#6720=CARTESIAN_POINT('',(-6.01023590464,0.800000000000001,-6.87354037267081));
#6721=CARTESIAN_POINT('',(-6.01023590464,0.800000000000001,-6.87354037267081));
#6722=VECTOR('',#6723,1.);
#6723=DIRECTION('',(1.24232629249826E-15,7.76453932811414E-17,-1.));
#6724=CARTESIAN_POINT('',(-7.17734147136,0.800000000000001,-6.87354037267081));
#6725=VECTOR('',#6726,1.);
#6726=DIRECTION('',(1.,0.,0.));
#6727=CARTESIAN_POINT('',(-9.16501845024,0.800000000000001,-8.30340372670807));
#6728=CARTESIAN_POINT('',(-7.9980122624,0.800000000000001,-8.30340372670807));
#6729=CARTESIAN_POINT('',(-7.9980122624,0.800000000000001,-8.30340372670807));
#6730=VECTOR('',#6731,1.);
#6731=DIRECTION('',(-1.,0.,0.));
#6732=CARTESIAN_POINT('',(-7.9980122624,0.800000000000001,-6.87354037267081));
#6733=CARTESIAN_POINT('',(-7.9980122624,0.800000000000001,-6.87354037267081));
#6734=VECTOR('',#6735,1.);
#6735=DIRECTION('',(1.24232629249827E-15,7.76453932811416E-17,-1.));
#6736=CARTESIAN_POINT('',(-9.16501845024,0.800000000000001,-6.87354037267081));
#6737=CARTESIAN_POINT('',(-9.16501845024,0.800000000000001,-6.87354037267081));
#6738=VECTOR('',#6739,1.);
#6739=DIRECTION('',(1.,0.,0.));
#6740=CARTESIAN_POINT('',(-9.16501845024,0.800000000000001,-8.30340372670807));
#6741=VECTOR('',#6742,1.);
#6742=DIRECTION('',(0.,-7.76453932811416E-17,1.));
#6743=CARTESIAN_POINT('',(-7.17734147136,0.8,-4.85416149068323));
#6744=CARTESIAN_POINT('',(-7.17734147136,0.8,-6.2840248447205));
#6745=CARTESIAN_POINT('',(-7.17734147136,0.8,-6.28402484472049));
#6746=VECTOR('',#6747,1.);
#6747=DIRECTION('',(0.,7.76453932811415E-17,1.));
#6748=CARTESIAN_POINT('',(-6.01023590464,0.8,-6.2840248447205));
#6749=CARTESIAN_POINT('',(-6.01023590464,0.8,-6.2840248447205));
#6750=VECTOR('',#6751,1.);
#6751=DIRECTION('',(-1.,0.,0.));
#6752=CARTESIAN_POINT('',(-6.01023590464,0.8,-4.85416149068323));
#6753=CARTESIAN_POINT('',(-6.01023590464,0.8,-4.85416149068323));
#6754=VECTOR('',#6755,1.);
#6755=DIRECTION('',(0.,-7.76453932811415E-17,-1.));
#6756=CARTESIAN_POINT('',(-7.17734147136,0.8,-4.85416149068323));
#6757=VECTOR('',#6758,1.);
#6758=DIRECTION('',(1.,0.,0.));
#6759=CARTESIAN_POINT('',(-9.16501845024,0.8,-6.2840248447205));
#6760=CARTESIAN_POINT('',(-7.9980122624,0.8,-6.2840248447205));
#6761=CARTESIAN_POINT('',(-7.9980122624,0.8,-6.2840248447205));
#6762=VECTOR('',#6763,1.);
#6763=DIRECTION('',(-1.,0.,0.));
#6764=CARTESIAN_POINT('',(-7.9980122624,0.8,-4.85416149068323));
#6765=CARTESIAN_POINT('',(-7.9980122624,0.8,-4.85416149068323));
#6766=VECTOR('',#6767,1.);
#6767=DIRECTION('',(0.,-7.76453932811415E-17,-1.));
#6768=CARTESIAN_POINT('',(-9.16501845024,0.8,-4.85416149068323));
#6769=CARTESIAN_POINT('',(-9.16501845024,0.8,-4.85416149068323));
#6770=VECTOR('',#6771,1.);
#6771=DIRECTION('',(1.,0.,0.));
#6772=CARTESIAN_POINT('',(-9.16501845024,0.8,-6.2840248447205));
#6773=VECTOR('',#6774,1.);
#6774=DIRECTION('',(0.,7.76453932811415E-17,1.));
#6775=CARTESIAN_POINT('',(-19.7823598528,0.800000000000001,-9.70683229813665));
#6776=CARTESIAN_POINT('',(-18.36342820416,0.800000000000001,-9.70683229813665));
#6777=CARTESIAN_POINT('',(-18.36342820416,0.800000000000001,-9.70683229813665));
#6778=VECTOR('',#6779,1.);
#6779=DIRECTION('',(-1.,0.,0.));
#6780=CARTESIAN_POINT('',(-18.36342820416,0.800000000000001,-8.53088198757764));
#6781=CARTESIAN_POINT('',(-18.36342820416,0.800000000000001,-8.53088198757764));
#6782=VECTOR('',#6783,1.);
#6783=DIRECTION('',(0.,-9.44107089097493E-17,-1.));
#6784=CARTESIAN_POINT('',(-19.7823598528,0.800000000000001,-8.53088198757764));
#6785=CARTESIAN_POINT('',(-19.7823598528,0.800000000000001,-8.53088198757764));
#6786=VECTOR('',#6787,1.);
#6787=DIRECTION('',(1.,0.,0.));
#6788=CARTESIAN_POINT('',(-19.7823598528,0.800000000000001,-9.70683229813665));
#6789=VECTOR('',#6790,1.);
#6790=DIRECTION('',(0.,9.44107089097493E-17,1.));
#6791=CARTESIAN_POINT('',(-3.21063347616,0.800000000000001,-7.22653416149068));
#6792=CARTESIAN_POINT('',(-3.21063347616,0.8,-5.90022360248447));
#6793=CARTESIAN_POINT('',(-3.21063347616,0.8,-5.90022360248447));
#6794=VECTOR('',#6795,1.);
#6795=DIRECTION('',(-3.34830486596453E-16,8.37076216491132E-17,-1.));
#6796=CARTESIAN_POINT('',(-3.8872048912,0.8,-5.90022360248447));
#6797=CARTESIAN_POINT('',(-3.8872048912,0.8,-5.90022360248447));
#6798=VECTOR('',#6799,1.);
#6799=DIRECTION('',(1.,0.,0.));
#6800=CARTESIAN_POINT('',(-3.8872048912,0.800000000000001,-7.22653416149068));
#6801=CARTESIAN_POINT('',(-3.8872048912,0.800000000000001,-7.22653416149068));
#6802=VECTOR('',#6803,1.);
#6803=DIRECTION('',(0.,-8.37076216491131E-17,1.));
#6804=CARTESIAN_POINT('',(-3.21063347616,0.800000000000001,-7.22653416149068));
#6805=VECTOR('',#6806,1.);
#6806=DIRECTION('',(-1.,0.,0.));
#6807=CARTESIAN_POINT('',(-1.94842232128,0.800000000000001,-7.22653416149068));
#6808=CARTESIAN_POINT('',(-1.94842232128,0.8,-5.90022360248447));
#6809=CARTESIAN_POINT('',(-1.94842232128,0.8,-5.90022360248447));
#6810=VECTOR('',#6811,1.);
#6811=DIRECTION('',(0.,8.37076216491132E-17,-1.));
#6812=CARTESIAN_POINT('',(-2.62499373632,0.8,-5.90022360248447));
#6813=CARTESIAN_POINT('',(-2.62499373632,0.8,-5.90022360248447));
#6814=VECTOR('',#6815,1.);
#6815=DIRECTION('',(1.,0.,0.));
#6816=CARTESIAN_POINT('',(-2.62499373632,0.800000000000001,-7.22653416149068));
#6817=CARTESIAN_POINT('',(-2.62499373632,0.800000000000001,-7.22653416149068));
#6818=VECTOR('',#6819,1.);
#6819=DIRECTION('',(0.,-8.37076216491131E-17,1.));
#6820=CARTESIAN_POINT('',(-1.94842232128,0.800000000000001,-7.22653416149068));
#6821=VECTOR('',#6822,1.);
#6822=DIRECTION('',(-1.,0.,0.));
#6823=CARTESIAN_POINT('',(-0.686310545279999,0.800000000000001,-7.22653416149068));
#6824=CARTESIAN_POINT('',(-0.68631054528,0.8,-5.90022360248447));
#6825=CARTESIAN_POINT('',(-0.68631054528,0.8,-5.90022360248447));
#6826=VECTOR('',#6827,1.);
#6827=DIRECTION('',(8.37076216491132E-17,8.37076216491132E-17,-1.));
#6828=CARTESIAN_POINT('',(-1.36288196032,0.8,-5.90022360248447));
#6829=CARTESIAN_POINT('',(-1.36288196032,0.8,-5.90022360248447));
#6830=VECTOR('',#6831,1.);
#6831=DIRECTION('',(1.,0.,0.));
#6832=CARTESIAN_POINT('',(-1.36288196032,0.800000000000001,-7.22653416149068));
#6833=CARTESIAN_POINT('',(-1.36288196032,0.800000000000001,-7.22653416149068));
#6834=VECTOR('',#6835,1.);
#6835=DIRECTION('',(0.,-8.37076216491131E-17,1.));
#6836=CARTESIAN_POINT('',(-0.686310545279999,0.800000000000001,-7.22653416149068));
#6837=VECTOR('',#6838,1.);
#6838=DIRECTION('',(-1.,0.,0.));
#6839=CARTESIAN_POINT('',(-4.47274525216,0.800000000000001,-12.5582111801242));
#6840=CARTESIAN_POINT('',(-4.47274525216,0.800000000000001,-11.231900621118));
#6841=CARTESIAN_POINT('',(-4.47274525216,0.800000000000001,-11.231900621118));
#6842=VECTOR('',#6843,1.);
#6843=DIRECTION('',(0.,8.37076216491131E-17,-1.));
#6844=CARTESIAN_POINT('',(-5.1493166672,0.800000000000001,-11.231900621118));
#6845=CARTESIAN_POINT('',(-5.1493166672,0.800000000000001,-11.231900621118));
#6846=VECTOR('',#6847,1.);
#6847=DIRECTION('',(1.,0.,0.));
#6848=CARTESIAN_POINT('',(-5.1493166672,0.800000000000001,-12.5582111801242));
#6849=CARTESIAN_POINT('',(-5.1493166672,0.800000000000001,-12.5582111801242));
#6850=VECTOR('',#6851,1.);
#6851=DIRECTION('',(0.,-8.37076216491131E-17,1.));
#6852=CARTESIAN_POINT('',(-4.47274525216,0.800000000000001,-12.5582111801242));
#6853=VECTOR('',#6854,1.);
#6854=DIRECTION('',(-1.,0.,0.));
#6855=CARTESIAN_POINT('',(-3.21063347616,0.800000000000001,-12.5582111801242));
#6856=CARTESIAN_POINT('',(-3.21063347616,0.800000000000001,-11.231900621118));
#6857=CARTESIAN_POINT('',(-3.21063347616,0.800000000000001,-11.231900621118));
#6858=VECTOR('',#6859,1.);
#6859=DIRECTION('',(0.,8.37076216491131E-17,-1.));
#6860=CARTESIAN_POINT('',(-3.8872048912,0.800000000000001,-11.231900621118));
#6861=CARTESIAN_POINT('',(-3.8872048912,0.800000000000001,-11.231900621118));
#6862=VECTOR('',#6863,1.);
#6863=DIRECTION('',(1.,0.,0.));
#6864=CARTESIAN_POINT('',(-3.8872048912,0.800000000000001,-12.5582111801242));
#6865=CARTESIAN_POINT('',(-3.8872048912,0.800000000000001,-12.5582111801242));
#6866=VECTOR('',#6867,1.);
#6867=DIRECTION('',(0.,-8.37076216491131E-17,1.));
#6868=CARTESIAN_POINT('',(-3.21063347616,0.800000000000001,-12.5582111801242));
#6869=VECTOR('',#6870,1.);
#6870=DIRECTION('',(-1.,0.,0.));
#6871=CARTESIAN_POINT('',(-1.9736645568,0.800000000000001,-12.5087204968944));
#6872=CARTESIAN_POINT('',(-1.9736645568,0.800000000000001,-11.2813913043478));
#6873=CARTESIAN_POINT('',(-1.9736645568,0.800000000000001,-11.2813913043478));
#6874=VECTOR('',#6875,1.);
#6875=DIRECTION('',(0.,9.04584549416244E-17,-1.));
#6876=CARTESIAN_POINT('',(-2.5997515008,0.800000000000001,-11.2813913043478));
#6877=CARTESIAN_POINT('',(-2.5997515008,0.800000000000001,-11.2813913043478));
#6878=VECTOR('',#6879,1.);
#6879=DIRECTION('',(1.,0.,0.));
#6880=CARTESIAN_POINT('',(-2.5997515008,0.800000000000001,-12.5087204968944));
#6881=CARTESIAN_POINT('',(-2.5997515008,0.800000000000001,-12.5087204968944));
#6882=VECTOR('',#6883,1.);
#6883=DIRECTION('',(0.,-9.04584549416244E-17,1.));
#6884=CARTESIAN_POINT('',(-1.9736645568,0.800000000000001,-12.5087204968944));
#6885=VECTOR('',#6886,1.);
#6886=DIRECTION('',(-1.,0.,0.));
#6887=CARTESIAN_POINT('',(20.33033499712,0.8,2.8592298136646));
#6888=CARTESIAN_POINT('',(20.33033499712,0.8,1.39776397515528));
#6889=CARTESIAN_POINT('',(20.33033499712,0.8,1.39776397515528));
#6890=VECTOR('',#6891,1.);
#6891=DIRECTION('',(0.,-7.59664027287545E-17,1.));
#6892=CARTESIAN_POINT('',(21.36019833056,0.8,1.39776397515528));
#6893=CARTESIAN_POINT('',(21.36019833056,0.8,1.39776397515528));
#6894=VECTOR('',#6895,1.);
#6895=DIRECTION('',(-1.,0.,0.));
#6896=CARTESIAN_POINT('',(21.36019833056,0.8,2.8592298136646));
#6897=CARTESIAN_POINT('',(21.36019833056,0.8,2.8592298136646));
#6898=VECTOR('',#6899,1.);
#6899=DIRECTION('',(0.,7.59664027287545E-17,-1.));
#6900=CARTESIAN_POINT('',(20.33033499712,0.8,2.8592298136646));
#6901=VECTOR('',#6902,1.);
#6902=DIRECTION('',(1.,0.,-4.31211788428951E-16));
#6903=CARTESIAN_POINT('',(18.24278224384,0.8,2.8592298136646));
#6904=CARTESIAN_POINT('',(18.24278224384,0.8,1.39776397515528));
#6905=CARTESIAN_POINT('',(18.24278224384,0.8,1.39776397515528));
#6906=VECTOR('',#6907,1.);
#6907=DIRECTION('',(0.,-7.59664027287545E-17,1.));
#6908=CARTESIAN_POINT('',(19.27264557728,0.8,1.39776397515528));
#6909=CARTESIAN_POINT('',(19.27264557728,0.8,1.39776397515528));
#6910=VECTOR('',#6911,1.);
#6911=DIRECTION('',(-1.,0.,0.));
#6912=CARTESIAN_POINT('',(19.27264557728,0.8,2.8592298136646));
#6913=CARTESIAN_POINT('',(19.27264557728,0.8,2.8592298136646));
#6914=VECTOR('',#6915,1.);
#6915=DIRECTION('',(0.,7.59664027287545E-17,-1.));
#6916=CARTESIAN_POINT('',(18.24278224384,0.8,2.8592298136646));
#6917=VECTOR('',#6918,1.);
#6918=DIRECTION('',(1.,0.,0.));
#6919=CARTESIAN_POINT('',(20.65421076704,0.800000000000001,-21.7326708074534));
#6920=CARTESIAN_POINT('',(20.65421076704,0.800000000000001,-22.9802732919255));
#6921=CARTESIAN_POINT('',(20.65421076704,0.800000000000001,-22.9802732919255));
#6922=VECTOR('',#6923,1.);
#6923=DIRECTION('',(0.,-8.89885230626939E-17,1.));
#6924=CARTESIAN_POINT('',(21.79368900512,0.800000000000001,-22.9802732919255));
#6925=CARTESIAN_POINT('',(21.79368900512,0.800000000000001,-22.9802732919255));
#6926=VECTOR('',#6927,1.);
#6927=DIRECTION('',(-1.,0.,0.));
#6928=CARTESIAN_POINT('',(21.79368900512,0.800000000000001,-21.7326708074534));
#6929=CARTESIAN_POINT('',(21.79368900512,0.800000000000001,-21.7326708074534));
#6930=VECTOR('',#6931,1.);
#6931=DIRECTION('',(0.,8.89885230626939E-17,-1.));
#6932=CARTESIAN_POINT('',(20.65421076704,0.800000000000001,-21.7326708074534));
#6933=VECTOR('',#6934,1.);
#6934=DIRECTION('',(1.,0.,0.));
#6935=CARTESIAN_POINT('',(18.56665801376,0.800000000000001,-21.7326708074534));
#6936=CARTESIAN_POINT('',(18.56665801376,0.800000000000001,-22.9802732919255));
#6937=CARTESIAN_POINT('',(18.56665801376,0.800000000000001,-22.9802732919255));
#6938=VECTOR('',#6939,1.);
#6939=DIRECTION('',(0.,-8.89885230626939E-17,1.));
#6940=CARTESIAN_POINT('',(19.70613625184,0.800000000000001,-22.9802732919255));
#6941=CARTESIAN_POINT('',(19.70613625184,0.800000000000001,-22.9802732919255));
#6942=VECTOR('',#6943,1.);
#6943=DIRECTION('',(-1.,0.,0.));
#6944=CARTESIAN_POINT('',(19.70613625184,0.800000000000001,-21.7326708074534));
#6945=CARTESIAN_POINT('',(19.70613625184,0.800000000000001,-21.7326708074534));
#6946=VECTOR('',#6947,1.);
#6947=DIRECTION('',(0.,8.89885230626939E-17,-1.));
#6948=CARTESIAN_POINT('',(18.56665801376,0.800000000000001,-21.7326708074534));
#6949=VECTOR('',#6950,1.);
#6950=DIRECTION('',(1.,0.,0.));
#6951=CARTESIAN_POINT('',(18.56665801376,1.4071359065244E-15,-22.9802732919255));
#6952=VECTOR('',#6953,1.);
#6953=DIRECTION('',(0.,1.,0.));
#6954=CARTESIAN_POINT('',(19.70613625184,1.4071359065244E-15,-22.9802732919255));
#6955=VECTOR('',#6956,1.);
#6956=DIRECTION('',(0.,1.,0.));
#6957=CARTESIAN_POINT('',(19.70613625184,1.33074228706355E-15,-21.7326708074534));
#6958=VECTOR('',#6959,1.);
#6959=DIRECTION('',(0.,1.,0.));
#6960=CARTESIAN_POINT('',(18.56665801376,1.33074228706355E-15,-21.7326708074534));
#6961=VECTOR('',#6962,1.);
#6962=DIRECTION('',(0.,1.,0.));
#6963=CARTESIAN_POINT('',(20.65421076704,1.4071359065244E-15,-22.9802732919255));
#6964=VECTOR('',#6965,1.);
#6965=DIRECTION('',(0.,1.,0.));
#6966=CARTESIAN_POINT('',(21.79368900512,1.4071359065244E-15,-22.9802732919255));
#6967=VECTOR('',#6968,1.);
#6968=DIRECTION('',(0.,1.,0.));
#6969=CARTESIAN_POINT('',(21.79368900512,1.33074228706355E-15,-21.7326708074534));
#6970=VECTOR('',#6971,1.);
#6971=DIRECTION('',(0.,1.,0.));
#6972=CARTESIAN_POINT('',(20.65421076704,1.33074228706355E-15,-21.7326708074534));
#6973=VECTOR('',#6974,1.);
#6974=DIRECTION('',(0.,1.,0.));
#6975=CARTESIAN_POINT('',(18.24278224384,-8.55883589068697E-17,1.39776397515528));
#6976=VECTOR('',#6977,1.);
#6977=DIRECTION('',(0.,1.,0.));
#6978=CARTESIAN_POINT('',(19.27264557728,-8.55883589068697E-17,1.39776397515528));
#6979=VECTOR('',#6980,1.);
#6980=DIRECTION('',(0.,1.,0.));
#6981=CARTESIAN_POINT('',(19.27264557728,-1.75077331966552E-16,2.8592298136646));
#6982=VECTOR('',#6983,1.);
#6983=DIRECTION('',(0.,1.,0.));
#6984=CARTESIAN_POINT('',(18.24278224384,-1.75077331966552E-16,2.8592298136646));
#6985=VECTOR('',#6986,1.);
#6986=DIRECTION('',(0.,1.,0.));
#6987=CARTESIAN_POINT('',(20.33033499712,-8.55883589068697E-17,1.39776397515528));
#6988=VECTOR('',#6989,1.);
#6989=DIRECTION('',(0.,1.,0.));
#6990=CARTESIAN_POINT('',(21.36019833056,-8.55883589068697E-17,1.39776397515528));
#6991=VECTOR('',#6992,1.);
#6992=DIRECTION('',(0.,1.,0.));
#6993=CARTESIAN_POINT('',(21.36019833056,-1.75077331966552E-16,2.8592298136646));
#6994=VECTOR('',#6995,1.);
#6995=DIRECTION('',(0.,1.,0.));
#6996=CARTESIAN_POINT('',(20.33033499712,-1.75077331966552E-16,2.8592298136646));
#6997=VECTOR('',#6998,1.);
#6998=DIRECTION('',(0.,1.,0.));
#6999=CARTESIAN_POINT('',(-1.9736645568,6.90785987539917E-16,-11.2813913043478));
#7000=VECTOR('',#7001,1.);
#7001=DIRECTION('',(0.,1.,0.));
#7002=CARTESIAN_POINT('',(-2.5997515008,6.90785987539917E-16,-11.2813913043478));
#7003=VECTOR('',#7004,1.);
#7004=DIRECTION('',(0.,1.,0.));
#7005=CARTESIAN_POINT('',(-2.5997515008,7.65938225897531E-16,-12.5087204968944));
#7006=VECTOR('',#7007,1.);
#7007=DIRECTION('',(0.,1.,0.));
#7008=CARTESIAN_POINT('',(-1.9736645568,7.65938225897531E-16,-12.5087204968944));
#7009=VECTOR('',#7010,1.);
#7010=DIRECTION('',(0.,1.,0.));
#7011=CARTESIAN_POINT('',(-3.21063347616,6.87755557199667E-16,-11.231900621118));
#7012=VECTOR('',#7013,1.);
#7013=DIRECTION('',(0.,1.,0.));
#7014=CARTESIAN_POINT('',(-3.8872048912,6.87755557199667E-16,-11.231900621118));
#7015=VECTOR('',#7016,1.);
#7016=DIRECTION('',(0.,1.,0.));
#7017=CARTESIAN_POINT('',(-3.8872048912,7.68968656237782E-16,-12.5582111801242));
#7018=VECTOR('',#7019,1.);
#7019=DIRECTION('',(0.,1.,0.));
#7020=CARTESIAN_POINT('',(-3.21063347616,7.68968656237782E-16,-12.5582111801242));
#7021=VECTOR('',#7022,1.);
#7022=DIRECTION('',(0.,1.,0.));
#7023=CARTESIAN_POINT('',(-4.47274525216,6.87755557199667E-16,-11.231900621118));
#7024=VECTOR('',#7025,1.);
#7025=DIRECTION('',(0.,1.,0.));
#7026=CARTESIAN_POINT('',(-5.1493166672,6.87755557199667E-16,-11.231900621118));
#7027=VECTOR('',#7028,1.);
#7028=DIRECTION('',(0.,1.,0.));
#7029=CARTESIAN_POINT('',(-5.1493166672,7.68968656237782E-16,-12.5582111801242));
#7030=VECTOR('',#7031,1.);
#7031=DIRECTION('',(0.,1.,0.));
#7032=CARTESIAN_POINT('',(-4.47274525216,7.68968656237782E-16,-12.5582111801242));
#7033=VECTOR('',#7034,1.);
#7034=DIRECTION('',(0.,1.,0.));
#7035=CARTESIAN_POINT('',(-0.68631054528,3.61284497451814E-16,-5.90022360248447));
#7036=VECTOR('',#7037,1.);
#7037=DIRECTION('',(0.,1.,0.));
#7038=CARTESIAN_POINT('',(-1.36288196032,3.61284497451814E-16,-5.90022360248447));
#7039=VECTOR('',#7040,1.);
#7040=DIRECTION('',(0.,1.,0.));
#7041=CARTESIAN_POINT('',(-1.36288196032,4.42497596489928E-16,-7.22653416149068));
#7042=VECTOR('',#7043,1.);
#7043=DIRECTION('',(0.,1.,0.));
#7044=CARTESIAN_POINT('',(-0.686310545279999,4.42497596489928E-16,-7.22653416149068));
#7045=VECTOR('',#7046,1.);
#7046=DIRECTION('',(0.,1.,0.));
#7047=CARTESIAN_POINT('',(-1.94842232128,3.61284497451814E-16,-5.90022360248447));
#7048=VECTOR('',#7049,1.);
#7049=DIRECTION('',(0.,1.,0.));
#7050=CARTESIAN_POINT('',(-2.62499373632,3.61284497451814E-16,-5.90022360248447));
#7051=VECTOR('',#7052,1.);
#7052=DIRECTION('',(0.,1.,0.));
#7053=CARTESIAN_POINT('',(-2.62499373632,4.42497596489928E-16,-7.22653416149068));
#7054=VECTOR('',#7055,1.);
#7055=DIRECTION('',(0.,1.,0.));
#7056=CARTESIAN_POINT('',(-1.94842232128,4.42497596489928E-16,-7.22653416149068));
#7057=VECTOR('',#7058,1.);
#7058=DIRECTION('',(0.,1.,0.));
#7059=CARTESIAN_POINT('',(-3.21063347616,3.61284497451814E-16,-5.90022360248447));
#7060=VECTOR('',#7061,1.);
#7061=DIRECTION('',(0.,1.,0.));
#7062=CARTESIAN_POINT('',(-3.8872048912,3.61284497451814E-16,-5.90022360248447));
#7063=VECTOR('',#7064,1.);
#7064=DIRECTION('',(0.,1.,0.));
#7065=CARTESIAN_POINT('',(-3.8872048912,4.42497596489928E-16,-7.22653416149068));
#7066=VECTOR('',#7067,1.);
#7067=DIRECTION('',(0.,1.,0.));
#7068=CARTESIAN_POINT('',(-3.21063347616,4.42497596489928E-16,-7.22653416149068));
#7069=VECTOR('',#7070,1.);
#7070=DIRECTION('',(0.,1.,0.));
#7071=CARTESIAN_POINT('',(-18.36342820416,5.94372055188659E-16,-9.70683229813665));
#7072=VECTOR('',#7073,1.);
#7073=DIRECTION('',(0.,1.,0.));
#7074=CARTESIAN_POINT('',(-18.36342820416,5.22365865999538E-16,-8.53088198757764));
#7075=VECTOR('',#7076,1.);
#7076=DIRECTION('',(0.,1.,0.));
#7077=CARTESIAN_POINT('',(-19.7823598528,5.22365865999538E-16,-8.53088198757764));
#7078=VECTOR('',#7079,1.);
#7079=DIRECTION('',(0.,1.,0.));
#7080=CARTESIAN_POINT('',(-19.7823598528,5.94372055188659E-16,-9.70683229813665));
#7081=VECTOR('',#7082,1.);
#7082=DIRECTION('',(0.,1.,0.));
#7083=CARTESIAN_POINT('',(-7.9980122624,3.8478554559247E-16,-6.2840248447205));
#7084=VECTOR('',#7085,1.);
#7085=DIRECTION('',(0.,1.,0.));
#7086=CARTESIAN_POINT('',(-7.9980122624,2.97231666605478E-16,-4.85416149068323));
#7087=VECTOR('',#7088,1.);
#7088=DIRECTION('',(0.,1.,0.));
#7089=CARTESIAN_POINT('',(-9.16501845024,2.97231666605478E-16,-4.85416149068323));
#7090=VECTOR('',#7091,1.);
#7091=DIRECTION('',(0.,1.,0.));
#7092=CARTESIAN_POINT('',(-9.16501845024,3.8478554559247E-16,-6.2840248447205));
#7093=VECTOR('',#7094,1.);
#7094=DIRECTION('',(0.,1.,0.));
#7095=CARTESIAN_POINT('',(-7.17734147136,3.8478554559247E-16,-6.2840248447205));
#7096=VECTOR('',#7097,1.);
#7097=DIRECTION('',(0.,1.,0.));
#7098=CARTESIAN_POINT('',(-6.01023590464,3.8478554559247E-16,-6.2840248447205));
#7099=VECTOR('',#7100,1.);
#7100=DIRECTION('',(0.,1.,0.));
#7101=CARTESIAN_POINT('',(-6.01023590464,2.97231666605478E-16,-4.85416149068323));
#7102=VECTOR('',#7103,1.);
#7103=DIRECTION('',(0.,1.,0.));
#7104=CARTESIAN_POINT('',(-7.17734147136,2.97231666605478E-16,-4.85416149068323));
#7105=VECTOR('',#7106,1.);
#7106=DIRECTION('',(0.,1.,0.));
#7107=CARTESIAN_POINT('',(-7.9980122624,5.08436839797062E-16,-8.30340372670807));
#7108=VECTOR('',#7109,1.);
#7109=DIRECTION('',(0.,1.,0.));
#7110=CARTESIAN_POINT('',(-7.9980122624,4.2088296081007E-16,-6.87354037267081));
#7111=VECTOR('',#7112,1.);
#7112=DIRECTION('',(0.,1.,0.));
#7113=CARTESIAN_POINT('',(-9.16501845024,4.2088296081007E-16,-6.87354037267081));
#7114=VECTOR('',#7115,1.);
#7115=DIRECTION('',(0.,1.,0.));
#7116=CARTESIAN_POINT('',(-9.16501845024,5.08436839797062E-16,-8.30340372670807));
#7117=VECTOR('',#7118,1.);
#7118=DIRECTION('',(0.,1.,0.));
#7119=CARTESIAN_POINT('',(-7.17734147136,5.08436839797062E-16,-8.30340372670807));
#7120=VECTOR('',#7121,1.);
#7121=DIRECTION('',(0.,1.,0.));
#7122=CARTESIAN_POINT('',(-6.01023590464,5.08436839797062E-16,-8.30340372670807));
#7123=VECTOR('',#7124,1.);
#7124=DIRECTION('',(0.,1.,0.));
#7125=CARTESIAN_POINT('',(-6.01023590464,4.2088296081007E-16,-6.87354037267081));
#7126=VECTOR('',#7127,1.);
#7127=DIRECTION('',(0.,1.,0.));
#7128=CARTESIAN_POINT('',(-7.17734147136,4.2088296081007E-16,-6.87354037267081));
#7129=VECTOR('',#7130,1.);
#7130=DIRECTION('',(0.,1.,0.));
#7131=CARTESIAN_POINT('',(-9.4330432896,-4.48935739662589E-16,7.33167701863354));
#7132=VECTOR('',#7133,1.);
#7133=DIRECTION('',(0.,1.,0.));
#7134=CARTESIAN_POINT('',(-8.01411164096,-4.48935739662589E-16,7.33167701863354));
#7135=VECTOR('',#7136,1.);
#7136=DIRECTION('',(0.,1.,0.));
#7137=CARTESIAN_POINT('',(-8.01411164096,-5.2094192885171E-16,8.50762732919254));
#7138=VECTOR('',#7139,1.);
#7139=DIRECTION('',(0.,1.,0.));
#7140=CARTESIAN_POINT('',(-9.4330432896,-5.2094192885171E-16,8.50762732919254));
#7141=VECTOR('',#7142,1.);
#7142=DIRECTION('',(0.,1.,0.));
#7143=CARTESIAN_POINT('',(-9.4330432896,-3.99231813921294E-16,6.519950310559));
#7144=VECTOR('',#7145,1.);
#7145=DIRECTION('',(0.,1.,0.));
#7146=CARTESIAN_POINT('',(-9.4330432896,-3.27225624732173E-16,5.344));
#7147=VECTOR('',#7148,1.);
#7148=DIRECTION('',(0.,1.,0.));
#7149=CARTESIAN_POINT('',(-8.01411164096,-3.27225624732173E-16,5.344));
#7150=VECTOR('',#7151,1.);
#7151=DIRECTION('',(0.,1.,0.));
#7152=CARTESIAN_POINT('',(-8.01411164096,-3.99231813921294E-16,6.519950310559));
#7153=VECTOR('',#7154,1.);
#7154=DIRECTION('',(0.,1.,0.));
#7155=CARTESIAN_POINT('',(-9.4330432896,-6.80781916296199E-16,11.1180124223602));
#7156=VECTOR('',#7157,1.);
#7157=DIRECTION('',(0.,1.,0.));
#7158=CARTESIAN_POINT('',(-8.01411164096,-6.80781916296199E-16,11.1180124223602));
#7159=VECTOR('',#7160,1.);
#7160=DIRECTION('',(0.,1.,0.));
#7161=CARTESIAN_POINT('',(-8.01411164096,-7.52788105485321E-16,12.2939627329193));
#7162=VECTOR('',#7163,1.);
#7163=DIRECTION('',(0.,1.,0.));
#7164=CARTESIAN_POINT('',(-9.4330432896,-7.52788105485321E-16,12.2939627329193));
#7165=VECTOR('',#7166,1.);
#7166=DIRECTION('',(0.,1.,0.));
#7167=CARTESIAN_POINT('',(-9.40780105408,-6.29532349377347E-16,10.2810434782609));
#7168=VECTOR('',#7169,1.);
#7169=DIRECTION('',(0.,1.,0.));
#7170=CARTESIAN_POINT('',(-9.40780105408,-5.60617442543341E-16,9.15557763975155));
#7171=VECTOR('',#7172,1.);
#7172=DIRECTION('',(0.,1.,0.));
#7173=CARTESIAN_POINT('',(-8.03935387648,-5.60617442543341E-16,9.15557763975155));
#7174=VECTOR('',#7175,1.);
#7175=DIRECTION('',(0.,1.,0.));
#7176=CARTESIAN_POINT('',(-8.03935387648,-6.29532349377347E-16,10.2810434782609));
#7177=VECTOR('',#7178,1.);
#7178=DIRECTION('',(0.,1.,0.));
#7179=CARTESIAN_POINT('',(-10.03349048256,-6.80781916296199E-16,11.1180124223602));
#7180=VECTOR('',#7181,1.);
#7181=DIRECTION('',(0.,1.,0.));
#7182=CARTESIAN_POINT('',(-10.03349048256,-7.52788105485321E-16,12.2939627329193));
#7183=VECTOR('',#7184,1.);
#7184=DIRECTION('',(0.,1.,0.));
#7185=CARTESIAN_POINT('',(-11.4524221312,-7.52788105485321E-16,12.2939627329193));
#7186=VECTOR('',#7187,1.);
#7187=DIRECTION('',(0.,1.,0.));
#7188=CARTESIAN_POINT('',(-11.4524221312,-6.80781916296199E-16,11.1180124223602));
#7189=VECTOR('',#7190,1.);
#7190=DIRECTION('',(0.,1.,0.));
#7191=CARTESIAN_POINT('',(-8.90226069152,-8.40926163815011E-16,13.7333664596273));
#7192=VECTOR('',#7193,1.);
#7193=DIRECTION('',(0.,1.,0.));
#7194=CARTESIAN_POINT('',(-8.17122965024,-8.40926163815011E-16,13.7333664596273));
#7195=VECTOR('',#7196,1.);
#7196=DIRECTION('',(0.,1.,0.));
#7197=CARTESIAN_POINT('',(-8.17122965024,-9.0618994975715E-16,14.7992049689441));
#7198=VECTOR('',#7199,1.);
#7199=DIRECTION('',(0.,1.,0.));
#7200=CARTESIAN_POINT('',(-8.90226069152,-9.0618994975715E-16,14.7992049689441));
#7201=VECTOR('',#7202,1.);
#7202=DIRECTION('',(0.,1.,0.));
#7203=CARTESIAN_POINT('',(-10.79036003264,-8.40926163815011E-16,13.7333664596273));
#7204=VECTOR('',#7205,1.);
#7205=DIRECTION('',(0.,1.,0.));
#7206=CARTESIAN_POINT('',(-10.05932899136,-8.40926163815011E-16,13.7333664596273));
#7207=VECTOR('',#7208,1.);
#7208=DIRECTION('',(0.,1.,0.));
#7209=CARTESIAN_POINT('',(-10.05932899136,-9.0618994975715E-16,14.7992049689441));
#7210=VECTOR('',#7211,1.);
#7211=DIRECTION('',(0.,1.,0.));
#7212=CARTESIAN_POINT('',(-10.79036003264,-9.0618994975715E-16,14.7992049689441));
#7213=VECTOR('',#7214,1.);
#7214=DIRECTION('',(0.,1.,0.));
#7215=CARTESIAN_POINT('',(9.25972652288,-9.50551068593345E-16,15.5236770186335));
#7216=VECTOR('',#7217,1.);
#7217=DIRECTION('',(0.,1.,0.));
#7218=CARTESIAN_POINT('',(10.65182587392,-9.50551068593345E-16,15.5236770186335));
#7219=VECTOR('',#7220,1.);
#7220=DIRECTION('',(0.,1.,0.));
#7221=CARTESIAN_POINT('',(10.65182587392,-1.03944977710884E-15,16.9755031055901));
#7222=VECTOR('',#7223,1.);
#7223=DIRECTION('',(0.,1.,0.));
#7224=CARTESIAN_POINT('',(9.25972652288,-1.03944977710884E-15,16.9755031055901));
#7225=VECTOR('',#7226,1.);
#7226=DIRECTION('',(0.,1.,0.));
#7227=CARTESIAN_POINT('',(9.25972652288,-9.17739662178425E-16,14.9878260869565));
#7228=VECTOR('',#7229,1.);
#7229=DIRECTION('',(0.,1.,0.));
#7230=CARTESIAN_POINT('',(9.25972652288,-8.28847038864415E-16,13.536099378882));
#7231=VECTOR('',#7232,1.);
#7232=DIRECTION('',(0.,1.,0.));
#7233=CARTESIAN_POINT('',(10.65182587392,-8.28847038864415E-16,13.536099378882));
#7234=VECTOR('',#7235,1.);
#7235=DIRECTION('',(0.,1.,0.));
#7236=CARTESIAN_POINT('',(10.65182587392,-9.17739662178425E-16,14.9878260869565));
#7237=VECTOR('',#7238,1.);
#7238=DIRECTION('',(0.,1.,0.));
#7239=CARTESIAN_POINT('',(19.24183812448,8.99563165338409E-16,-14.6909813664596));
#7240=VECTOR('',#7241,1.);
#7241=DIRECTION('',(0.,1.,0.));
#7242=CARTESIAN_POINT('',(17.90250895872,8.99563165338409E-16,-14.6909813664596));
#7243=VECTOR('',#7244,1.);
#7244=DIRECTION('',(0.,1.,0.));
#7245=CARTESIAN_POINT('',(17.90250895872,9.88054165354314E-16,-16.136149068323));
#7246=VECTOR('',#7247,1.);
#7247=DIRECTION('',(0.,1.,0.));
#7248=CARTESIAN_POINT('',(19.24183812448,9.88054165354314E-16,-16.136149068323));
#7249=VECTOR('',#7250,1.);
#7250=DIRECTION('',(0.,1.,0.));
#7251=CARTESIAN_POINT('',(17.1542853712,8.99563165338409E-16,-14.6909813664596));
#7252=VECTOR('',#7253,1.);
#7253=DIRECTION('',(0.,1.,0.));
#7254=CARTESIAN_POINT('',(15.81505558432,8.99563165338409E-16,-14.6909813664596));
#7255=VECTOR('',#7256,1.);
#7256=DIRECTION('',(0.,1.,0.));
#7257=CARTESIAN_POINT('',(15.81505558432,9.88054165354314E-16,-16.136149068323));
#7258=VECTOR('',#7259,1.);
#7259=DIRECTION('',(0.,1.,0.));
#7260=CARTESIAN_POINT('',(17.1542853712,9.88054165354314E-16,-16.136149068323));
#7261=VECTOR('',#7262,1.);
#7262=DIRECTION('',(0.,1.,0.));
#7263=CARTESIAN_POINT('',(12.57450906528,9.87585604839858E-16,-16.1284968944099));
#7264=VECTOR('',#7265,1.);
#7265=DIRECTION('',(0.,1.,0.));
#7266=CARTESIAN_POINT('',(12.57450906528,9.00037811054352E-16,-14.6987329192547));
#7267=VECTOR('',#7268,1.);
#7268=DIRECTION('',(0.,1.,0.));
#7269=CARTESIAN_POINT('',(11.40750287744,9.00037811054352E-16,-14.6987329192547));
#7270=VECTOR('',#7271,1.);
#7271=DIRECTION('',(0.,1.,0.));
#7272=CARTESIAN_POINT('',(11.40750287744,9.87585604839858E-16,-16.1284968944099));
#7273=VECTOR('',#7274,1.);
#7274=DIRECTION('',(0.,1.,0.));
#7275=CARTESIAN_POINT('',(13.39517985632,9.87585604839858E-16,-16.1284968944099));
#7276=VECTOR('',#7277,1.);
#7277=DIRECTION('',(0.,1.,0.));
#7278=CARTESIAN_POINT('',(14.56218604416,9.87585604839858E-16,-16.1284968944099));
#7279=VECTOR('',#7280,1.);
#7280=DIRECTION('',(0.,1.,0.));
#7281=CARTESIAN_POINT('',(14.56218604416,9.00037811054352E-16,-14.6987329192547));
#7282=VECTOR('',#7283,1.);
#7283=DIRECTION('',(0.,1.,0.));
#7284=CARTESIAN_POINT('',(13.39517985632,9.00037811054352E-16,-14.6987329192547));
#7285=VECTOR('',#7286,1.);
#7286=DIRECTION('',(0.,1.,0.));
#7287=CARTESIAN_POINT('',(6.91289427168,-1.02000755835964E-15,16.6579875776398));
#7288=VECTOR('',#7289,1.);
#7289=DIRECTION('',(0.,1.,0.));
#7290=CARTESIAN_POINT('',(8.17669548864,-1.02000755835964E-15,16.6579875776398));
#7291=VECTOR('',#7292,1.);
#7292=DIRECTION('',(0.,1.,0.));
#7293=CARTESIAN_POINT('',(8.17669548864,-1.07392244352956E-15,17.5384844720497));
#7294=VECTOR('',#7295,1.);
#7295=DIRECTION('',(0.,1.,0.));
#7296=CARTESIAN_POINT('',(6.91289427168,-1.07392244352956E-15,17.5384844720497));
#7297=VECTOR('',#7298,1.);
#7298=DIRECTION('',(0.,1.,0.));
#7299=CARTESIAN_POINT('',(6.91289427168,-8.25281110793357E-16,13.4778633540373));
#7300=VECTOR('',#7301,1.);
#7301=DIRECTION('',(0.,1.,0.));
#7302=CARTESIAN_POINT('',(8.17669548864,-8.25281110793357E-16,13.4778633540373));
#7303=VECTOR('',#7304,1.);
#7304=DIRECTION('',(0.,1.,0.));
#7305=CARTESIAN_POINT('',(8.17669548864,-8.79195995963273E-16,14.3583602484472));
#7306=VECTOR('',#7307,1.);
#7307=DIRECTION('',(0.,1.,0.));
#7308=CARTESIAN_POINT('',(6.91289427168,-8.79195995963273E-16,14.3583602484472));
#7309=VECTOR('',#7310,1.);
#7310=DIRECTION('',(0.,1.,0.));
#7311=CARTESIAN_POINT('',(2.14270803168,-1.02000755835964E-15,16.6579875776398));
#7312=VECTOR('',#7313,1.);
#7313=DIRECTION('',(0.,1.,0.));
#7314=CARTESIAN_POINT('',(3.40650924864,-1.02000755835964E-15,16.6579875776398));
#7315=VECTOR('',#7316,1.);
#7316=DIRECTION('',(0.,1.,0.));
#7317=CARTESIAN_POINT('',(3.40650924864,-1.07392244352956E-15,17.5384844720497));
#7318=VECTOR('',#7319,1.);
#7319=DIRECTION('',(0.,1.,0.));
#7320=CARTESIAN_POINT('',(2.14270803168,-1.07392244352956E-15,17.5384844720497));
#7321=VECTOR('',#7322,1.);
#7322=DIRECTION('',(0.,1.,0.));
#7323=CARTESIAN_POINT('',(-15.25038478816,1.0544619691759E-15,-17.2206708074534));
#7324=VECTOR('',#7325,1.);
#7325=DIRECTION('',(0.,1.,0.));
#7326=CARTESIAN_POINT('',(-15.25038478816,9.2966665709186E-16,-15.1826086956522));
#7327=VECTOR('',#7328,1.);
#7328=DIRECTION('',(0.,1.,0.));
#7329=CARTESIAN_POINT('',(-17.0896890992,9.2966665709186E-16,-15.1826086956522));
#7330=VECTOR('',#7331,1.);
#7331=DIRECTION('',(0.,1.,0.));
#7332=CARTESIAN_POINT('',(-17.0896890992,1.0544619691759E-15,-17.2206708074534));
#7333=VECTOR('',#7334,1.);
#7334=DIRECTION('',(0.,1.,0.));
#7335=CARTESIAN_POINT('',(-15.25038478816,7.87930144069549E-16,-12.8678757763975));
#7336=VECTOR('',#7337,1.);
#7337=DIRECTION('',(0.,1.,0.));
#7338=CARTESIAN_POINT('',(-15.25038478816,6.63134831985505E-16,-10.8298136645963));
#7339=VECTOR('',#7340,1.);
#7340=DIRECTION('',(0.,1.,0.));
#7341=CARTESIAN_POINT('',(-17.0896890992,6.63134831985505E-16,-10.8298136645963));
#7342=VECTOR('',#7343,1.);
#7343=DIRECTION('',(0.,1.,0.));
#7344=CARTESIAN_POINT('',(-17.0896890992,7.87930144069549E-16,-12.8678757763975));
#7345=VECTOR('',#7346,1.);
#7346=DIRECTION('',(0.,1.,0.));
#7347=CARTESIAN_POINT('',(-15.25038478816,6.37138851235405E-16,-10.4052670807453));
#7348=VECTOR('',#7349,1.);
#7349=DIRECTION('',(0.,1.,0.));
#7350=CARTESIAN_POINT('',(-15.25038478816,5.12343539151361E-16,-8.3672049689441));
#7351=VECTOR('',#7352,1.);
#7352=DIRECTION('',(0.,1.,0.));
#7353=CARTESIAN_POINT('',(-17.0896890992,5.12343539151361E-16,-8.3672049689441));
#7354=VECTOR('',#7355,1.);
#7355=DIRECTION('',(0.,1.,0.));
#7356=CARTESIAN_POINT('',(-17.0896890992,6.37138851235405E-16,-10.4052670807453));
#7357=VECTOR('',#7358,1.);
#7358=DIRECTION('',(0.,1.,0.));
#7359=CARTESIAN_POINT('',(-15.25038478816,3.7060702612905E-16,-6.05247204968944));
#7360=VECTOR('',#7361,1.);
#7361=DIRECTION('',(0.,1.,0.));
#7362=CARTESIAN_POINT('',(-15.25038478816,2.45811714045005E-16,-4.0144099378882));
#7363=VECTOR('',#7364,1.);
#7364=DIRECTION('',(0.,1.,0.));
#7365=CARTESIAN_POINT('',(-17.0896890992,2.45811714045005E-16,-4.0144099378882));
#7366=VECTOR('',#7367,1.);
#7367=DIRECTION('',(0.,1.,0.));
#7368=CARTESIAN_POINT('',(-17.0896890992,3.7060702612905E-16,-6.05247204968944));
#7369=VECTOR('',#7370,1.);
#7370=DIRECTION('',(0.,1.,0.));
#7371=CARTESIAN_POINT('',(-12.22121714688,1.0544619691759E-15,-17.2206708074534));
#7372=VECTOR('',#7373,1.);
#7373=DIRECTION('',(0.,1.,0.));
#7374=CARTESIAN_POINT('',(-12.22121714688,9.2966665709186E-16,-15.1826086956522));
#7375=VECTOR('',#7376,1.);
#7376=DIRECTION('',(0.,1.,0.));
#7377=CARTESIAN_POINT('',(-14.06052145792,9.2966665709186E-16,-15.1826086956522));
#7378=VECTOR('',#7379,1.);
#7379=DIRECTION('',(0.,1.,0.));
#7380=CARTESIAN_POINT('',(-14.06052145792,1.0544619691759E-15,-17.2206708074534));
#7381=VECTOR('',#7382,1.);
#7382=DIRECTION('',(0.,1.,0.));
#7383=CARTESIAN_POINT('',(-12.22121714688,7.87930144069549E-16,-12.8678757763975));
#7384=VECTOR('',#7385,1.);
#7385=DIRECTION('',(0.,1.,0.));
#7386=CARTESIAN_POINT('',(-12.22121714688,6.63134831985505E-16,-10.8298136645963));
#7387=VECTOR('',#7388,1.);
#7388=DIRECTION('',(0.,1.,0.));
#7389=CARTESIAN_POINT('',(-14.06052145792,6.63134831985505E-16,-10.8298136645963));
#7390=VECTOR('',#7391,1.);
#7391=DIRECTION('',(0.,1.,0.));
#7392=CARTESIAN_POINT('',(-14.06052145792,7.87930144069549E-16,-12.8678757763975));
#7393=VECTOR('',#7394,1.);
#7394=DIRECTION('',(0.,1.,0.));
#7395=CARTESIAN_POINT('',(-12.22121714688,6.37138851235405E-16,-10.4052670807453));
#7396=VECTOR('',#7397,1.);
#7397=DIRECTION('',(0.,1.,0.));
#7398=CARTESIAN_POINT('',(-12.22121714688,5.12343539151361E-16,-8.3672049689441));
#7399=VECTOR('',#7400,1.);
#7400=DIRECTION('',(0.,1.,0.));
#7401=CARTESIAN_POINT('',(-14.06052145792,5.12343539151361E-16,-8.3672049689441));
#7402=VECTOR('',#7403,1.);
#7403=DIRECTION('',(0.,1.,0.));
#7404=CARTESIAN_POINT('',(-14.06052145792,6.37138851235405E-16,-10.4052670807453));
#7405=VECTOR('',#7406,1.);
#7406=DIRECTION('',(0.,1.,0.));
#7407=CARTESIAN_POINT('',(-12.22121714688,3.7060702612905E-16,-6.05247204968944));
#7408=VECTOR('',#7409,1.);
#7409=DIRECTION('',(0.,1.,0.));
#7410=CARTESIAN_POINT('',(-12.22121714688,2.45811714045005E-16,-4.0144099378882));
#7411=VECTOR('',#7412,1.);
#7412=DIRECTION('',(0.,1.,0.));
#7413=CARTESIAN_POINT('',(-14.06052145792,2.45811714045005E-16,-4.0144099378882));
#7414=VECTOR('',#7415,1.);
#7415=DIRECTION('',(0.,1.,0.));
#7416=CARTESIAN_POINT('',(-14.06052145792,3.7060702612905E-16,-6.05247204968944));
#7417=VECTOR('',#7418,1.);
#7418=DIRECTION('',(0.,1.,0.));
#7419=CARTESIAN_POINT('',(20.35289400288,-3.4074085723357E-16,5.56472049689441));
#7420=VECTOR('',#7421,1.);
#7421=DIRECTION('',(0.,1.,0.));
#7422=CARTESIAN_POINT('',(21.77182565152,-3.4074085723357E-16,5.56472049689441));
#7423=VECTOR('',#7424,1.);
#7424=DIRECTION('',(0.,1.,0.));
#7425=CARTESIAN_POINT('',(21.77182565152,-4.12747046422692E-16,6.74067080745342));
#7426=VECTOR('',#7427,1.);
#7427=DIRECTION('',(0.,1.,0.));
#7428=CARTESIAN_POINT('',(20.35289400288,-4.12747046422692E-16,6.74067080745342));
#7429=VECTOR('',#7430,1.);
#7430=DIRECTION('',(0.,1.,0.));
#7431=CARTESIAN_POINT('',(20.35289400288,-2.91036931492276E-16,4.75299378881988));
#7432=VECTOR('',#7433,1.);
#7433=DIRECTION('',(0.,1.,0.));
#7434=CARTESIAN_POINT('',(20.35289400288,-2.19030742303155E-16,3.57704347826087));
#7435=VECTOR('',#7436,1.);
#7436=DIRECTION('',(0.,1.,0.));
#7437=CARTESIAN_POINT('',(21.77182565152,-2.19030742303155E-16,3.57704347826087));
#7438=VECTOR('',#7439,1.);
#7439=DIRECTION('',(0.,1.,0.));
#7440=CARTESIAN_POINT('',(21.77182565152,-2.91036931492276E-16,4.75299378881988));
#7441=VECTOR('',#7442,1.);
#7442=DIRECTION('',(0.,1.,0.));
#7443=CARTESIAN_POINT('',(-5.1493166672,4.08779495053528E-16,-6.67587577639752));
#7444=VECTOR('',#7445,1.);
#7445=DIRECTION('',(0.,1.,0.));
#7446=CARTESIAN_POINT('',(-5.16263343712,4.12491467960261E-16,-6.73649689440994));
#7447=VECTOR('',#7448,1.);
#7448=DIRECTION('',(0.,1.,0.));
#7449=CARTESIAN_POINT('',(-5.1493166672,4.14937718957812E-16,-6.77644720496894));
#7450=VECTOR('',#7451,1.);
#7451=DIRECTION('',(0.,1.,0.));
#7452=CARTESIAN_POINT('',(-5.1493166672,4.42497596489928E-16,-7.22653416149068));
#7453=VECTOR('',#7454,1.);
#7454=DIRECTION('',(0.,1.,0.));
#7455=CARTESIAN_POINT('',(-4.47274525216,4.42497596489928E-16,-7.22653416149068));
#7456=VECTOR('',#7457,1.);
#7457=DIRECTION('',(0.,1.,0.));
#7458=CARTESIAN_POINT('',(-4.47274525216,3.61284497451814E-16,-5.90022360248447));
#7459=VECTOR('',#7460,1.);
#7460=DIRECTION('',(0.,1.,0.));
#7461=CARTESIAN_POINT('',(-5.1493166672,3.61284497451814E-16,-5.90022360248447));
#7462=VECTOR('',#7463,1.);
#7463=DIRECTION('',(0.,1.,0.));
#7464=CARTESIAN_POINT('',(-19.75860830048,7.16082170119075E-16,-11.6945093167702));
#7465=VECTOR('',#7466,1.);
#7466=DIRECTION('',(0.,1.,0.));
#7467=CARTESIAN_POINT('',(-19.75860830048,7.19629842585674E-16,-11.7524472049689));
#7468=VECTOR('',#7469,1.);
#7469=DIRECTION('',(0.,1.,0.));
#7470=CARTESIAN_POINT('',(-19.70891886048,7.22672443328897E-16,-11.8021366459627));
#7471=VECTOR('',#7472,1.);
#7472=DIRECTION('',(0.,1.,0.));
#7473=CARTESIAN_POINT('',(-18.43686919648,7.22672443328897E-16,-11.8021366459627));
#7474=VECTOR('',#7475,1.);
#7475=DIRECTION('',(0.,1.,0.));
#7476=CARTESIAN_POINT('',(-18.38717975648,7.19629842585674E-16,-11.7524472049689));
#7477=VECTOR('',#7478,1.);
#7478=DIRECTION('',(0.,1.,0.));
#7479=CARTESIAN_POINT('',(-18.38717975648,7.16082170119075E-16,-11.6945093167702));
#7480=VECTOR('',#7481,1.);
#7481=DIRECTION('',(0.,1.,0.));
#7482=CARTESIAN_POINT('',(-18.36342820416,7.16082170119075E-16,-11.6945093167702));
#7483=VECTOR('',#7484,1.);
#7484=DIRECTION('',(0.,1.,0.));
#7485=CARTESIAN_POINT('',(-18.36342820416,6.44075980929954E-16,-10.5185590062112));
#7486=VECTOR('',#7487,1.);
#7487=DIRECTION('',(0.,1.,0.));
#7488=CARTESIAN_POINT('',(-19.7823598528,6.44075980929954E-16,-10.5185590062112));
#7489=VECTOR('',#7490,1.);
#7490=DIRECTION('',(0.,1.,0.));
#7491=CARTESIAN_POINT('',(-19.7823598528,7.16082170119075E-16,-11.6945093167702));
#7492=VECTOR('',#7493,1.);
#7493=DIRECTION('',(0.,1.,0.));
#7494=CARTESIAN_POINT('',(-11.42867057888,-5.59071801365783E-16,9.13033540372671));
#7495=VECTOR('',#7496,1.);
#7496=DIRECTION('',(0.,1.,0.));
#7497=CARTESIAN_POINT('',(-11.42867057888,-5.55524128899185E-16,9.07239751552795));
#7498=VECTOR('',#7499,1.);
#7499=DIRECTION('',(0.,1.,0.));
#7500=CARTESIAN_POINT('',(-11.37888176,-5.52481528155962E-16,9.02270807453416));
#7501=VECTOR('',#7502,1.);
#7502=DIRECTION('',(0.,1.,0.));
#7503=CARTESIAN_POINT('',(-10.10693147488,-5.52481528155962E-16,9.02270807453416));
#7504=VECTOR('',#7505,1.);
#7505=DIRECTION('',(0.,1.,0.));
#7506=CARTESIAN_POINT('',(-10.057142656,-5.55524128899185E-16,9.07239751552795));
#7507=VECTOR('',#7508,1.);
#7508=DIRECTION('',(0.,1.,0.));
#7509=CARTESIAN_POINT('',(-10.057142656,-5.59071801365783E-16,9.13033540372671));
#7510=VECTOR('',#7511,1.);
#7511=DIRECTION('',(0.,1.,0.));
#7512=CARTESIAN_POINT('',(-10.03349048256,-5.59071801365783E-16,9.13033540372671));
#7513=VECTOR('',#7514,1.);
#7514=DIRECTION('',(0.,1.,0.));
#7515=CARTESIAN_POINT('',(-10.03349048256,-6.31077990554905E-16,10.3062857142857));
#7516=VECTOR('',#7517,1.);
#7517=DIRECTION('',(0.,1.,0.));
#7518=CARTESIAN_POINT('',(-11.4524221312,-6.31077990554905E-16,10.3062857142857));
#7519=VECTOR('',#7520,1.);
#7520=DIRECTION('',(0.,1.,0.));
#7521=CARTESIAN_POINT('',(-11.4524221312,-5.59071801365783E-16,9.13033540372671));
#7522=VECTOR('',#7523,1.);
#7523=DIRECTION('',(0.,1.,0.));
#7524=CARTESIAN_POINT('',(2.7249688896,-8.79628045268811E-16,14.3654161490683));
#7525=VECTOR('',#7526,1.);
#7526=DIRECTION('',(0.,1.,0.));
#7527=CARTESIAN_POINT('',(2.7249688896,-8.79195995963273E-16,14.3583602484472));
#7528=VECTOR('',#7529,1.);
#7529=DIRECTION('',(0.,1.,0.));
#7530=CARTESIAN_POINT('',(2.14270803168,-8.79195995963273E-16,14.3583602484472));
#7531=VECTOR('',#7532,1.);
#7532=DIRECTION('',(0.,1.,0.));
#7533=CARTESIAN_POINT('',(2.14270803168,-8.25281110793357E-16,13.4778633540373));
#7534=VECTOR('',#7535,1.);
#7535=DIRECTION('',(0.,1.,0.));
#7536=CARTESIAN_POINT('',(2.7249688896,-8.25281110793357E-16,13.4778633540373));
#7537=VECTOR('',#7538,1.);
#7538=DIRECTION('',(0.,1.,0.));
#7539=CARTESIAN_POINT('',(2.7249688896,-8.24861231890793E-16,13.4710062111801));
#7540=VECTOR('',#7541,1.);
#7541=DIRECTION('',(0.,1.,0.));
#7542=CARTESIAN_POINT('',(2.9237266496,-8.24861231890793E-16,13.4710062111801));
#7543=VECTOR('',#7544,1.);
#7544=DIRECTION('',(0.,1.,0.));
#7545=CARTESIAN_POINT('',(2.9237266496,-8.25281110793357E-16,13.4778633540373));
#7546=VECTOR('',#7547,1.);
#7547=DIRECTION('',(0.,1.,0.));
#7548=CARTESIAN_POINT('',(3.40650924864,-8.25281110793357E-16,13.4778633540373));
#7549=VECTOR('',#7550,1.);
#7550=DIRECTION('',(0.,1.,0.));
#7551=CARTESIAN_POINT('',(3.40650924864,-8.79195995963273E-16,14.3583602484472));
#7552=VECTOR('',#7553,1.);
#7553=DIRECTION('',(0.,1.,0.));
#7554=CARTESIAN_POINT('',(2.9237266496,-8.79195995963273E-16,14.3583602484472));
#7555=VECTOR('',#7556,1.);
#7556=DIRECTION('',(0.,1.,0.));
#7557=CARTESIAN_POINT('',(2.9237266496,-8.79628045268811E-16,14.3654161490683));
#7558=VECTOR('',#7559,1.);
#7559=DIRECTION('',(0.,1.,0.));
#7560=CARTESIAN_POINT('',(-0.699627315199999,6.88917830683578E-16,-11.2508819875776));
#7561=VECTOR('',#7562,1.);
#7562=DIRECTION('',(0.,1.,0.));
#7563=CARTESIAN_POINT('',(-1.37619873024,6.88917830683578E-16,-11.2508819875776));
#7564=VECTOR('',#7565,1.);
#7565=DIRECTION('',(0.,1.,0.));
#7566=CARTESIAN_POINT('',(-1.37619873024,7.70130929721693E-16,-12.5771925465838));
#7567=VECTOR('',#7568,1.);
#7568=DIRECTION('',(0.,1.,0.));
#7569=CARTESIAN_POINT('',(-0.699627315199999,7.70130929721693E-16,-12.5771925465838));
#7570=VECTOR('',#7571,1.);
#7571=DIRECTION('',(0.,1.,0.));
#7572=CARTESIAN_POINT('',(-9.10141596704,-1.04129359315923E-15,17.0056149068323));
#7573=VECTOR('',#7574,1.);
#7574=DIRECTION('',(0.,1.,0.));
#7575=CARTESIAN_POINT('',(-9.11532901024,-1.04129359315923E-15,17.0056149068323));
#7576=VECTOR('',#7577,1.);
#7577=DIRECTION('',(0.,1.,0.));
#7578=CARTESIAN_POINT('',(-9.11532901024,-1.05828347570939E-15,17.2830807453416));
#7579=VECTOR('',#7580,1.);
#7580=DIRECTION('',(0.,1.,0.));
#7581=CARTESIAN_POINT('',(-9.84626067264,-1.05828347570939E-15,17.2830807453416));
#7582=VECTOR('',#7583,1.);
#7583=DIRECTION('',(0.,1.,0.));
#7584=CARTESIAN_POINT('',(-9.84626067264,-9.93013604565768E-16,16.2171428571429));
#7585=VECTOR('',#7586,1.);
#7586=DIRECTION('',(0.,1.,0.));
#7587=CARTESIAN_POINT('',(-9.11532901024,-9.93013604565768E-16,16.2171428571429));
#7588=VECTOR('',#7589,1.);
#7589=DIRECTION('',(0.,1.,0.));
#7590=CARTESIAN_POINT('',(-9.11532901024,-1.03163637840024E-15,16.847900621118));
#7591=VECTOR('',#7592,1.);
#7592=DIRECTION('',(0.,1.,0.));
#7593=CARTESIAN_POINT('',(-9.10141596704,-1.03163637840024E-15,16.847900621118));
#7594=VECTOR('',#7595,1.);
#7595=DIRECTION('',(0.,1.,0.));
#7596=CARTESIAN_POINT('',(-11.77321715584,3.04606930807051E-16,-4.97460869565217));
#7597=VECTOR('',#7598,1.);
#7598=DIRECTION('',(0.,1.,0.));
#7599=CARTESIAN_POINT('',(-11.77321715584,2.89150519031477E-16,-4.72218633540373));
#7600=VECTOR('',#7601,1.);
#7601=DIRECTION('',(0.,1.,0.));
#7602=CARTESIAN_POINT('',(-11.86772647072,2.89150519031477E-16,-4.72218633540373));
#7603=VECTOR('',#7604,1.);
#7604=DIRECTION('',(0.,1.,0.));
#7605=CARTESIAN_POINT('',(-11.86772647072,3.04606930807051E-16,-4.97460869565217));
#7606=VECTOR('',#7607,1.);
#7607=DIRECTION('',(0.,1.,0.));
#7608=CARTESIAN_POINT('',(22.57182563552,1.47675061152934E-15,-24.1171677018634));
#7609=VECTOR('',#7610,1.);
#7610=DIRECTION('',(0.,1.,0.));
#7611=CARTESIAN_POINT('',(22.57182563552,-1.4596633657554E-15,23.8381118012422));
#7612=VECTOR('',#7613,1.);
#7613=DIRECTION('',(0.,1.,0.));
#7614=CARTESIAN_POINT('',(-25.13103055328,-1.4596633657554E-15,23.8381118012422));
#7615=VECTOR('',#7616,1.);
#7616=DIRECTION('',(0.,1.,0.));
#7617=CARTESIAN_POINT('',(-25.13103055328,1.47675061152934E-15,-24.1171677018634));
#7618=VECTOR('',#7619,1.);
#7619=DIRECTION('',(0.,1.,0.));
ENDSEC;
END-ISO-10303-21;
