solid OpenSCAD_Model
  facet normal -1.000000 -0.000000 -0.000000
    outer loop
      vertex -42.000000 -49.000000 1.000000
      vertex -42.000000 -49.000000 25.000000
      vertex -42.000000 49.000000 1.000000
    endloop
  endfacet
  facet normal -1.000000 0.000000 0.000000
    outer loop
      vertex -42.000000 49.000000 1.000000
      vertex -42.000000 -49.000000 25.000000
      vertex -42.000000 49.000000 25.000000
    endloop
  endfacet
  facet normal 0.000000 -1.000000 0.000000
    outer loop
      vertex -42.000000 -49.000000 25.000000
      vertex -42.000000 -49.000000 1.000000
      vertex -41.850651 -49.000000 1.000000
    endloop
  endfacet
  facet normal 0.000000 -1.000000 0.000000
    outer loop
      vertex -41.951057 -49.000000 23.690983
      vertex -42.000000 -49.000000 25.000000
      vertex -41.809017 -49.000000 1.128136
    endloop
  endfacet
  facet normal 0.000000 -1.000000 0.000000
    outer loop
      vertex -41.809017 -49.000000 1.128136
      vertex -42.000000 -49.000000 25.000000
      vertex -41.850651 -49.000000 1.000000
    endloop
  endfacet
  facet normal 0.000000 -1.000000 0.000000
    outer loop
      vertex -41.809017 -49.000000 23.587785
      vertex -41.951057 -49.000000 23.690983
      vertex -41.809017 -49.000000 1.128136
    endloop
  endfacet
  facet normal 0.000000 -1.000000 0.000000
    outer loop
      vertex -41.809017 -49.000000 25.000000
      vertex -42.000000 -49.000000 25.000000
      vertex -41.809017 -49.000000 24.128136
    endloop
  endfacet
  facet normal 0.000000 -1.000000 -0.000000
    outer loop
      vertex -41.951057 -49.000000 23.690983
      vertex -41.809017 -49.000000 24.128136
      vertex -42.000000 -49.000000 25.000000
    endloop
  endfacet
  facet normal -0.000000 -0.000000 -1.000000
    outer loop
      vertex -42.000000 -49.000000 1.000000
      vertex -42.000000 49.000000 1.000000
      vertex -41.850651 -49.000000 1.000000
    endloop
  endfacet
  facet normal 0.000000 -0.000000 -0.000000
    outer loop
      vertex -41.850651 49.000000 1.000000
      vertex -42.000000 49.000000 1.000000
      vertex -41.809017 49.000000 1.000000
    endloop
  endfacet
  facet normal 0.000000 -0.000000 -1.000000
    outer loop
      vertex -41.572061 49.415627 1.000000
      vertex -41.809017 49.587785 1.000000
      vertex -41.000000 49.850651 1.000000
    endloop
  endfacet
  facet normal -0.000000 0.000000 -0.000000
    outer loop
      vertex -41.000000 49.850651 1.000000
      vertex -41.000000 50.000000 1.000000
      vertex -41.000000 49.601501 1.000000
    endloop
  endfacet
  facet normal 0.000000 -0.000000 -1.000000
    outer loop
      vertex -41.809017 49.000000 1.000000
      vertex -41.809017 49.587785 1.000000
      vertex -41.572061 49.415627 1.000000
    endloop
  endfacet
  facet normal 0.000000 0.000000 -1.000000
    outer loop
      vertex -41.572061 49.000000 1.000000
      vertex -41.809017 49.000000 1.000000
      vertex -41.572061 49.415627 1.000000
    endloop
  endfacet
  facet normal 0.000000 0.000000 -1.000000
    outer loop
      vertex -41.850651 -39.000000 1.000000
      vertex -42.000000 49.000000 1.000000
      vertex -41.850651 49.000000 1.000000
    endloop
  endfacet
  facet normal 0.000000 0.000000 -1.000000
    outer loop
      vertex -41.850651 -49.000000 1.000000
      vertex -42.000000 49.000000 1.000000
      vertex -41.850651 -39.000000 1.000000
    endloop
  endfacet
  facet normal 0.000000 0.000000 -1.000000
    outer loop
      vertex -41.572061 49.415627 1.000000
      vertex -41.000000 49.850651 1.000000
      vertex -41.000000 49.601501 1.000000
    endloop
  endfacet
  facet normal -0.000000 0.000000 -0.000000
    outer loop
      vertex -41.850651 49.000000 1.000000
      vertex -41.809017 49.000000 1.000000
      vertex -41.572061 49.000000 1.000000
    endloop
  endfacet
  facet normal 0.000000 1.000000 0.000000
    outer loop
      vertex -42.000000 49.000000 1.000000
      vertex -42.000000 49.000000 25.000000
      vertex -41.809017 49.000000 1.000000
    endloop
  endfacet
  facet normal 0.000000 1.000000 0.000000
    outer loop
      vertex -41.809017 49.000000 1.000000
      vertex -42.000000 49.000000 25.000000
      vertex -41.809017 49.000000 25.000000
    endloop
  endfacet
  facet normal 0.000000 -0.000000 1.000000
    outer loop
      vertex 39.000000 -39.000000 25.000000
      vertex 31.000000 -39.000000 25.000000
      vertex 41.000000 -50.000000 25.000000
    endloop
  endfacet
  facet normal 0.000000 -0.000000 1.000000
    outer loop
      vertex -42.000000 49.000000 25.000000
      vertex -42.000000 -49.000000 25.000000
      vertex -41.809017 -49.000000 25.000000
    endloop
  endfacet
  facet normal 0.000000 0.000000 1.000000
    outer loop
      vertex -41.000000 -49.850651 25.000000
      vertex -42.000000 49.000000 25.000000
      vertex -41.809017 -49.000000 25.000000
    endloop
  endfacet
  facet normal 0.000000 0.000000 1.000000
    outer loop
      vertex -41.809017 -49.587785 25.000000
      vertex -41.000000 -49.850651 25.000000
      vertex -41.809017 -49.000000 25.000000
    endloop
  endfacet
  facet normal 0.000000 0.000000 1.000000
    outer loop
      vertex 39.000000 -39.000000 25.000000
      vertex 41.000000 -49.850651 25.000000
      vertex 41.309017 -49.951057 25.000000
    endloop
  endfacet
  facet normal 0.000000 0.000000 1.000000
    outer loop
      vertex -41.000000 -50.000000 25.000000
      vertex 41.000000 -50.000000 25.000000
      vertex -41.000000 -49.850651 25.000000
    endloop
  endfacet
  facet normal 0.000000 0.000000 1.000000
    outer loop
      vertex 39.000000 -39.000000 25.000000
      vertex 41.000000 -50.000000 25.000000
      vertex 41.000000 -49.850651 25.000000
    endloop
  endfacet
  facet normal 0.000000 0.000000 1.000000
    outer loop
      vertex 39.000000 -39.000000 25.000000
      vertex 41.309017 -49.951057 25.000000
      vertex 42.000000 -49.000000 25.000000
    endloop
  endfacet
  facet normal 0.000000 0.000000 1.000000
    outer loop
      vertex -31.000000 47.000000 25.000000
      vertex 42.000000 49.000000 25.000000
      vertex -41.809017 49.000000 25.000000
    endloop
  endfacet
  facet normal 0.000000 -0.000000 1.000000
    outer loop
      vertex 31.000000 -47.000000 25.000000
      vertex -31.000000 -47.000000 25.000000
      vertex 41.000000 -50.000000 25.000000
    endloop
  endfacet
  facet normal 0.000000 0.000000 1.000000
    outer loop
      vertex 42.000000 49.000000 25.000000
      vertex 41.309017 49.951057 25.000000
      vertex 41.000000 49.850651 25.000000
    endloop
  endfacet
  facet normal 0.000000 0.000000 1.000000
    outer loop
      vertex -41.809017 49.587785 25.000000
      vertex 41.000000 50.000000 25.000000
      vertex -41.000000 49.850651 25.000000
    endloop
  endfacet
  facet normal 0.000000 0.000000 1.000000
    outer loop
      vertex 41.000000 50.000000 25.000000
      vertex -41.000000 50.000000 25.000000
      vertex -41.000000 49.850651 25.000000
    endloop
  endfacet
  facet normal 0.000000 0.000000 1.000000
    outer loop
      vertex -31.000000 47.000000 25.000000
      vertex 31.000000 47.000000 25.000000
      vertex 42.000000 49.000000 25.000000
    endloop
  endfacet
  facet normal -0.000000 0.000000 1.000000
    outer loop
      vertex 42.000000 49.000000 25.000000
      vertex 41.000000 49.850651 25.000000
      vertex -41.809017 49.000000 25.000000
    endloop
  endfacet
  facet normal 0.000000 0.000000 1.000000
    outer loop
      vertex -41.000000 -49.850651 25.000000
      vertex -39.000000 -39.000000 25.000000
      vertex -42.000000 49.000000 25.000000
    endloop
  endfacet
  facet normal 0.000000 0.000000 1.000000
    outer loop
      vertex -39.000000 -39.000000 25.000000
      vertex -39.000000 39.000000 25.000000
      vertex -42.000000 49.000000 25.000000
    endloop
  endfacet
  facet normal 0.000000 0.000000 1.000000
    outer loop
      vertex -31.000000 39.000000 25.000000
      vertex -31.000000 47.000000 25.000000
      vertex -41.809017 49.000000 25.000000
    endloop
  endfacet
  facet normal 0.000000 0.000000 1.000000
    outer loop
      vertex 31.000000 39.000000 25.000000
      vertex 39.000000 39.000000 25.000000
      vertex 31.000000 47.000000 25.000000
    endloop
  endfacet
  facet normal 0.000000 0.000000 1.000000
    outer loop
      vertex 39.000000 39.000000 25.000000
      vertex 42.000000 49.000000 25.000000
      vertex 31.000000 47.000000 25.000000
    endloop
  endfacet
  facet normal 0.000000 -0.000000 1.000000
    outer loop
      vertex 39.000000 39.000000 25.000000
      vertex 39.000000 -39.000000 25.000000
      vertex 42.000000 -49.000000 25.000000
    endloop
  endfacet
  facet normal 0.000000 0.000000 1.000000
    outer loop
      vertex 42.000000 -49.000000 25.000000
      vertex 42.000000 49.000000 25.000000
      vertex 39.000000 39.000000 25.000000
    endloop
  endfacet
  facet normal 0.000000 0.000000 1.000000
    outer loop
      vertex 31.000000 -47.000000 25.000000
      vertex 41.000000 -50.000000 25.000000
      vertex 31.000000 -39.000000 25.000000
    endloop
  endfacet
  facet normal 0.000000 0.000000 1.000000
    outer loop
      vertex -31.000000 -47.000000 25.000000
      vertex -31.000000 -39.000000 25.000000
      vertex -39.000000 -39.000000 25.000000
    endloop
  endfacet
  facet normal 0.000000 0.000000 1.000000
    outer loop
      vertex -41.000000 -49.850651 25.000000
      vertex -31.000000 -47.000000 25.000000
      vertex -39.000000 -39.000000 25.000000
    endloop
  endfacet
  facet normal 0.000000 0.000000 1.000000
    outer loop
      vertex -41.000000 -49.850651 25.000000
      vertex 41.000000 -50.000000 25.000000
      vertex -31.000000 -47.000000 25.000000
    endloop
  endfacet
  facet normal 0.000000 0.000000 1.000000
    outer loop
      vertex -41.809017 49.587785 25.000000
      vertex 41.000000 49.850651 25.000000
      vertex 41.000000 50.000000 25.000000
    endloop
  endfacet
  facet normal 0.000000 -0.000000 1.000000
    outer loop
      vertex -41.809017 49.587785 25.000000
      vertex -41.809017 49.000000 25.000000
      vertex 41.000000 49.850651 25.000000
    endloop
  endfacet
  facet normal 0.000000 0.000000 1.000000
    outer loop
      vertex -39.000000 39.000000 25.000000
      vertex -41.809017 49.000000 25.000000
      vertex -42.000000 49.000000 25.000000
    endloop
  endfacet
  facet normal 0.000000 0.000000 1.000000
    outer loop
      vertex -39.000000 39.000000 25.000000
      vertex -31.000000 39.000000 25.000000
      vertex -41.809017 49.000000 25.000000
    endloop
  endfacet
  facet normal -1.000000 -0.000000 -0.000000
    outer loop
      vertex -41.809017 -49.587785 1.000000
      vertex -41.809017 -49.587785 25.000000
      vertex -41.809017 -49.000000 1.000000
    endloop
  endfacet
  facet normal -1.000000 0.000000 0.000000
    outer loop
      vertex -41.809017 -49.000000 24.128136
      vertex -41.809017 -49.587785 25.000000
      vertex -41.809017 -49.000000 25.000000
    endloop
  endfacet
  facet normal -1.000000 0.000000 0.000000
    outer loop
      vertex -41.809017 -49.000000 1.000000
      vertex -41.809017 -49.587785 25.000000
      vertex -41.809017 -49.000000 1.128136
    endloop
  endfacet
  facet normal -1.000000 0.000000 0.000000
    outer loop
      vertex -41.809017 -49.587785 25.000000
      vertex -41.809017 -49.000000 24.128136
      vertex -41.809017 -49.000000 23.587785
    endloop
  endfacet
  facet normal -1.000000 0.000000 0.000000
    outer loop
      vertex -41.809017 -49.587785 25.000000
      vertex -41.809017 -49.000000 23.587785
      vertex -41.809017 -49.000000 1.128136
    endloop
  endfacet
  facet normal -0.951056 0.000000 0.309018
    outer loop
      vertex -41.951057 -39.000000 0.690983
      vertex -41.951057 -49.000000 0.690983
      vertex -41.850651 -39.000000 1.000000
    endloop
  endfacet
  facet normal -0.000000 0.000000 0.000000
    outer loop
      vertex -41.850651 -49.000000 1.000000
      vertex -41.951057 -49.000000 0.690983
      vertex -41.809017 -49.000000 1.128136
    endloop
  endfacet
  facet normal -0.951056 0.000000 0.309018
    outer loop
      vertex -41.850651 -39.000000 1.000000
      vertex -41.951057 -49.000000 0.690983
      vertex -41.850651 -49.000000 1.000000
    endloop
  endfacet
  facet normal -0.951056 -0.000000 0.309018
    outer loop
      vertex -41.850651 -39.000000 1.000000
      vertex -41.850651 49.000000 1.000000
      vertex -41.951057 -39.000000 0.690983
    endloop
  endfacet
  facet normal -0.000000 -0.000000 0.000000
    outer loop
      vertex -41.951057 49.000000 0.690983
      vertex -41.951057 -49.000000 0.690983
      vertex -41.951057 -39.000000 0.690983
    endloop
  endfacet
  facet normal -0.951056 -0.000000 0.309018
    outer loop
      vertex -41.951057 49.000000 0.690983
      vertex -41.951057 -39.000000 0.690983
      vertex -41.850651 49.000000 1.000000
    endloop
  endfacet
  facet normal 0.000000 1.000000 0.000000
    outer loop
      vertex -41.951057 49.000000 0.690983
      vertex -41.850651 49.000000 1.000000
      vertex -41.572061 49.000000 0.415626
    endloop
  endfacet
  facet normal 0.000000 1.000000 0.000000
    outer loop
      vertex -41.572061 49.000000 0.415626
      vertex -41.850651 49.000000 1.000000
      vertex -41.572061 49.000000 1.000000
    endloop
  endfacet
  facet normal -1.000000 -0.000000 -0.000000
    outer loop
      vertex -41.572061 48.584373 0.292893
      vertex -41.572061 48.584373 0.415626
      vertex -41.572061 49.415627 0.292893
    endloop
  endfacet
  facet normal -1.000000 0.000000 0.000000
    outer loop
      vertex -41.572061 49.415627 0.292893
      vertex -41.572061 48.584373 0.415626
      vertex -41.572061 49.000000 0.415626
    endloop
  endfacet
  facet normal -1.000000 0.000000 0.000000
    outer loop
      vertex -41.572061 49.415627 0.292893
      vertex -41.572061 49.000000 0.415626
      vertex -41.572061 49.000000 1.000000
    endloop
  endfacet
  facet normal -1.000000 0.000000 0.000000
    outer loop
      vertex -41.572061 49.415627 0.292893
      vertex -41.572061 49.000000 1.000000
      vertex -41.572061 49.415627 1.000000
    endloop
  endfacet
  facet normal -0.309018 0.951056 0.000000
    outer loop
      vertex -41.572061 49.415627 0.292893
      vertex -41.572061 49.415627 1.000000
      vertex -41.000000 49.601501 0.451513
    endloop
  endfacet
  facet normal -0.309018 0.951056 0.000000
    outer loop
      vertex -40.781492 49.672499 0.549233
      vertex -40.781492 49.672499 0.292893
      vertex -41.000000 49.601501 0.451513
    endloop
  endfacet
  facet normal -0.309018 0.951056 -0.000000
    outer loop
      vertex -41.572061 49.415627 0.292893
      vertex -41.000000 49.601501 0.451513
      vertex -40.781492 49.672499 0.292893
    endloop
  endfacet
  facet normal -0.309018 0.951056 0.000000
    outer loop
      vertex -41.000000 49.601501 0.451513
      vertex -41.572061 49.415627 1.000000
      vertex -41.000000 49.601501 1.000000
    endloop
  endfacet
  facet normal -1.000000 0.000000 0.000000
    outer loop
      vertex -41.000000 49.601501 1.000000
      vertex -41.000000 50.000000 1.000000
      vertex -41.000000 49.601501 0.451513
    endloop
  endfacet
  facet normal 0.000000 1.000000 0.000000
    outer loop
      vertex -26.400000 50.000000 19.200000
      vertex 0.000000 50.000000 24.000000
      vertex -7.200000 50.000000 19.200000
    endloop
  endfacet
  facet normal 0.000000 1.000000 0.000000
    outer loop
      vertex -41.000000 50.000000 1.000000
      vertex -7.200000 50.000000 5.800000
      vertex 31.000000 50.000000 1.000000
    endloop
  endfacet
  facet normal 0.000000 1.000000 0.000000
    outer loop
      vertex -7.200000 50.000000 19.200000
      vertex 31.000000 50.000000 24.000000
      vertex 36.000000 50.000000 24.000000
    endloop
  endfacet
  facet normal 0.000000 1.000000 0.000000
    outer loop
      vertex -26.400000 50.000000 19.200000
      vertex -41.000000 50.000000 24.000000
      vertex 0.000000 50.000000 24.000000
    endloop
  endfacet
  facet normal 0.000000 1.000000 0.000000
    outer loop
      vertex -7.200000 50.000000 19.200000
      vertex 0.000000 50.000000 24.000000
      vertex 31.000000 50.000000 24.000000
    endloop
  endfacet
  facet normal 0.000000 1.000000 0.000000
    outer loop
      vertex -41.000000 50.000000 24.000000
      vertex -41.000000 50.000000 25.000000
      vertex 0.000000 50.000000 24.000000
    endloop
  endfacet
  facet normal 0.000000 1.000000 0.000000
    outer loop
      vertex 0.000000 50.000000 24.000000
      vertex -41.000000 50.000000 25.000000
      vertex 41.000000 50.000000 25.000000
    endloop
  endfacet
  facet normal 0.000000 1.000000 0.000000
    outer loop
      vertex 36.000000 50.000000 1.000000
      vertex 41.000000 50.000000 25.000000
      vertex 41.000000 50.000000 1.000000
    endloop
  endfacet
  facet normal 0.000000 1.000000 0.000000
    outer loop
      vertex 31.000000 50.000000 1.000000
      vertex 41.000000 50.000000 25.000000
      vertex 36.000000 50.000000 1.000000
    endloop
  endfacet
  facet normal 0.000000 1.000000 0.000000
    outer loop
      vertex -7.200000 50.000000 5.800000
      vertex 41.000000 50.000000 25.000000
      vertex 31.000000 50.000000 1.000000
    endloop
  endfacet
  facet normal -0.000000 1.000000 0.000000
    outer loop
      vertex -26.400000 50.000000 5.800000
      vertex -41.000000 50.000000 1.000000
      vertex -26.400000 50.000000 19.200000
    endloop
  endfacet
  facet normal 0.000000 1.000000 -0.000000
    outer loop
      vertex 36.000000 50.000000 24.000000
      vertex 41.000000 50.000000 25.000000
      vertex -7.200000 50.000000 5.800000
    endloop
  endfacet
  facet normal 0.000000 1.000000 -0.000000
    outer loop
      vertex -7.200000 50.000000 19.200000
      vertex 36.000000 50.000000 24.000000
      vertex -7.200000 50.000000 5.800000
    endloop
  endfacet
  facet normal 0.000000 1.000000 0.000000
    outer loop
      vertex -7.200000 50.000000 5.800000
      vertex -41.000000 50.000000 1.000000
      vertex -26.400000 50.000000 5.800000
    endloop
  endfacet
  facet normal 0.000000 1.000000 0.000000
    outer loop
      vertex -41.000000 50.000000 1.000000
      vertex -41.000000 50.000000 24.000000
      vertex -26.400000 50.000000 19.200000
    endloop
  endfacet
  facet normal 0.000000 1.000000 0.000000
    outer loop
      vertex 31.000000 50.000000 24.000000
      vertex 41.000000 50.000000 25.000000
      vertex 36.000000 50.000000 24.000000
    endloop
  endfacet
  facet normal 0.000000 1.000000 0.000000
    outer loop
      vertex 0.000000 50.000000 24.000000
      vertex 41.000000 50.000000 25.000000
      vertex 31.000000 50.000000 24.000000
    endloop
  endfacet
  facet normal 0.000000 0.000000 0.000000
    outer loop
      vertex -41.000000 50.000000 1.000000
      vertex 31.000000 50.000000 1.000000
      vertex 0.000000 50.000000 1.000000
    endloop
  endfacet
  facet normal -1.000000 -0.000000 -0.000000
    outer loop
      vertex -41.000000 49.850651 1.000000
      vertex -41.000000 49.850651 23.794439
      vertex -41.000000 50.000000 1.000000
    endloop
  endfacet
  facet normal -1.000000 0.000000 0.000000
    outer loop
      vertex -41.000000 50.000000 1.000000
      vertex -41.000000 49.850651 23.794439
      vertex -41.000000 50.000000 24.000000
    endloop
  endfacet
  facet normal -0.309018 0.951056 0.000000
    outer loop
      vertex -41.809017 49.587785 1.000000
      vertex -41.809017 49.587785 25.000000
      vertex -41.000000 49.850651 1.000000
    endloop
  endfacet
  facet normal -0.309018 0.951056 0.000000
    outer loop
      vertex -41.000000 49.850651 24.205561
      vertex -41.809017 49.587785 25.000000
      vertex -41.000000 49.850651 25.000000
    endloop
  endfacet
  facet normal -0.309018 0.951056 0.000000
    outer loop
      vertex -41.000000 49.850651 1.000000
      vertex -41.809017 49.587785 25.000000
      vertex -41.000000 49.850651 24.205561
    endloop
  endfacet
  facet normal 0.000000 0.000000 0.000000
    outer loop
      vertex -41.000000 49.850651 1.000000
      vertex -41.000000 49.850651 24.205561
      vertex -41.000000 49.850651 23.794439
    endloop
  endfacet
  facet normal -1.000000 -0.000000 -0.000000
    outer loop
      vertex -41.809017 49.000000 1.000000
      vertex -41.809017 49.000000 25.000000
      vertex -41.809017 49.587785 1.000000
    endloop
  endfacet
  facet normal -1.000000 0.000000 0.000000
    outer loop
      vertex -41.809017 49.587785 1.000000
      vertex -41.809017 49.000000 25.000000
      vertex -41.809017 49.587785 25.000000
    endloop
  endfacet
  facet normal -1.000000 -0.000000 -0.000000
    outer loop
      vertex -41.000000 49.850651 24.205561
      vertex -41.000000 49.850651 25.000000
      vertex -41.000000 50.000000 24.000000
    endloop
  endfacet
  facet normal -1.000000 0.000000 0.000000
    outer loop
      vertex -41.000000 50.000000 24.000000
      vertex -41.000000 49.850651 25.000000
      vertex -41.000000 50.000000 25.000000
    endloop
  endfacet
  facet normal 1.000000 0.000000 -0.000000
    outer loop
      vertex 41.000000 49.850651 23.794439
      vertex 41.000000 49.850651 1.205561
      vertex 41.000000 50.000000 1.000000
    endloop
  endfacet
  facet normal 1.000000 0.000000 0.000000
    outer loop
      vertex 41.000000 50.000000 25.000000
      vertex 41.000000 49.850651 25.000000
      vertex 41.000000 49.850651 24.205561
    endloop
  endfacet
  facet normal 1.000000 0.000000 0.000000
    outer loop
      vertex 41.000000 50.000000 1.000000
      vertex 41.000000 50.000000 24.000000
      vertex 41.000000 49.850651 23.794439
    endloop
  endfacet
  facet normal 0.000000 0.000000 0.000000
    outer loop
      vertex 41.000000 50.000000 1.000000
      vertex 41.000000 50.000000 25.000000
      vertex 41.000000 50.000000 24.000000
    endloop
  endfacet
  facet normal 1.000000 0.000000 0.000000
    outer loop
      vertex 41.000000 49.850651 24.205561
      vertex 41.000000 50.000000 24.000000
      vertex 41.000000 50.000000 25.000000
    endloop
  endfacet
  facet normal -0.309018 0.951056 0.000000
    outer loop
      vertex 41.000000 49.850651 23.794439
      vertex 41.309017 49.951057 25.000000
      vertex 41.000000 49.850651 1.205561
    endloop
  endfacet
  facet normal -0.309018 0.951056 0.000000
    outer loop
      vertex 41.000000 49.850651 24.205561
      vertex 41.000000 49.850651 25.000000
      vertex 41.309017 49.951057 25.000000
    endloop
  endfacet
  facet normal -0.309018 0.951056 0.000000
    outer loop
      vertex 41.000000 49.850651 24.205561
      vertex 41.309017 49.951057 25.000000
      vertex 41.000000 49.850651 23.794439
    endloop
  endfacet
  facet normal -0.309018 0.951056 0.000000
    outer loop
      vertex 41.000000 49.850651 1.205561
      vertex 41.309017 49.951057 25.000000
      vertex 41.309017 49.951057 1.000000
    endloop
  endfacet
  facet normal -0.309018 0.951056 0.000000
    outer loop
      vertex 41.309017 49.951057 1.000000
      vertex 41.000000 49.850651 1.000000
      vertex 41.000000 49.850651 1.205561
    endloop
  endfacet
  facet normal 0.809017 0.587785 0.000000
    outer loop
      vertex 42.000000 49.000000 1.000000
      vertex 41.309017 49.951057 1.000000
      vertex 41.309017 49.951057 25.000000
    endloop
  endfacet
  facet normal 0.809017 0.587785 -0.000000
    outer loop
      vertex 42.000000 49.000000 25.000000
      vertex 42.000000 49.000000 1.000000
      vertex 41.309017 49.951057 25.000000
    endloop
  endfacet
  facet normal 1.000000 0.000000 -0.000000
    outer loop
      vertex 42.000000 -49.000000 25.000000
      vertex 42.000000 -49.000000 1.000000
      vertex 42.000000 49.000000 1.000000
    endloop
  endfacet
  facet normal 1.000000 0.000000 0.000000
    outer loop
      vertex 42.000000 49.000000 25.000000
      vertex 42.000000 -49.000000 25.000000
      vertex 42.000000 49.000000 1.000000
    endloop
  endfacet
  facet normal 0.809017 -0.587785 0.000000
    outer loop
      vertex 41.309017 -49.951057 25.000000
      vertex 41.309017 -49.951057 1.000000
      vertex 42.000000 -49.000000 1.000000
    endloop
  endfacet
  facet normal 0.809017 -0.587785 0.000000
    outer loop
      vertex 42.000000 -49.000000 25.000000
      vertex 41.309017 -49.951057 25.000000
      vertex 42.000000 -49.000000 1.000000
    endloop
  endfacet
  facet normal -0.309018 -0.951056 0.000000
    outer loop
      vertex 41.000000 -49.850651 25.000000
      vertex 41.000000 -49.850651 1.000000
      vertex 41.309017 -49.951057 1.000000
    endloop
  endfacet
  facet normal -0.309018 -0.951056 0.000000
    outer loop
      vertex 41.309017 -49.951057 25.000000
      vertex 41.000000 -49.850651 25.000000
      vertex 41.309017 -49.951057 1.000000
    endloop
  endfacet
  facet normal 1.000000 0.000000 -0.000000
    outer loop
      vertex 41.000000 -50.000000 25.000000
      vertex 41.000000 -50.000000 1.000000
      vertex 41.000000 -49.850651 1.000000
    endloop
  endfacet
  facet normal 1.000000 0.000000 0.000000
    outer loop
      vertex 41.000000 -49.850651 25.000000
      vertex 41.000000 -50.000000 25.000000
      vertex 41.000000 -49.850651 1.000000
    endloop
  endfacet
  facet normal 0.000000 -1.000000 0.000000
    outer loop
      vertex -41.000000 -50.000000 25.000000
      vertex -41.000000 -50.000000 1.000000
      vertex 41.000000 -50.000000 1.000000
    endloop
  endfacet
  facet normal 0.000000 -1.000000 0.000000
    outer loop
      vertex 41.000000 -50.000000 25.000000
      vertex -41.000000 -50.000000 25.000000
      vertex 41.000000 -50.000000 1.000000
    endloop
  endfacet
  facet normal -1.000000 -0.000000 -0.000000
    outer loop
      vertex -41.000000 -50.000000 1.000000
      vertex -41.000000 -50.000000 25.000000
      vertex -41.000000 -49.850651 1.000000
    endloop
  endfacet
  facet normal -1.000000 0.000000 0.000000
    outer loop
      vertex -41.000000 -49.850651 1.000000
      vertex -41.000000 -50.000000 25.000000
      vertex -41.000000 -49.850651 25.000000
    endloop
  endfacet
  facet normal -0.309018 -0.951056 0.000000
    outer loop
      vertex -41.809017 -49.587785 25.000000
      vertex -41.809017 -49.587785 1.000000
      vertex -41.000000 -49.850651 1.000000
    endloop
  endfacet
  facet normal -0.309018 -0.951056 0.000000
    outer loop
      vertex -41.000000 -49.850651 25.000000
      vertex -41.809017 -49.587785 25.000000
      vertex -41.000000 -49.850651 1.000000
    endloop
  endfacet
  facet normal 1.000000 0.000000 0.000000
    outer loop
      vertex -39.000000 38.000000 24.000000
      vertex -39.000000 38.190983 24.000000
      vertex -39.000000 -38.690983 24.951057
    endloop
  endfacet
  facet normal 1.000000 0.000000 0.000000
    outer loop
      vertex -39.000000 -38.690983 24.951057
      vertex -39.000000 -38.000000 24.000000
      vertex -39.000000 38.000000 4.000000
    endloop
  endfacet
  facet normal 1.000000 0.000000 0.000000
    outer loop
      vertex -39.000000 -38.000000 4.000000
      vertex -39.000000 38.000000 4.000000
      vertex -39.000000 -38.000000 24.000000
    endloop
  endfacet
  facet normal 1.000000 0.000000 0.000000
    outer loop
      vertex -39.000000 38.000000 4.000000
      vertex -39.000000 38.000000 24.000000
      vertex -39.000000 -38.690983 24.951057
    endloop
  endfacet
  facet normal 1.000000 0.000000 0.000000
    outer loop
      vertex -39.000000 38.190983 24.587785
      vertex -39.000000 39.000000 24.850651
      vertex -39.000000 -38.690983 24.951057
    endloop
  endfacet
  facet normal 1.000000 0.000000 0.000000
    outer loop
      vertex -39.000000 38.190983 24.000000
      vertex -39.000000 38.190983 24.587785
      vertex -39.000000 -38.690983 24.951057
    endloop
  endfacet
  facet normal 1.000000 0.000000 0.000000
    outer loop
      vertex -39.000000 39.000000 24.850651
      vertex -39.000000 39.000000 25.000000
      vertex -39.000000 -38.690983 24.951057
    endloop
  endfacet
  facet normal 1.000000 0.000000 0.000000
    outer loop
      vertex -39.000000 39.000000 25.000000
      vertex -39.000000 -39.000000 25.000000
      vertex -39.000000 -38.690983 24.951057
    endloop
  endfacet
  facet normal 1.000000 0.000000 0.000000
    outer loop
      vertex -39.000000 -39.000000 24.850651
      vertex -39.000000 -38.690983 24.951057
      vertex -39.000000 -39.000000 25.000000
    endloop
  endfacet
  facet normal 0.000000 1.000000 0.000000
    outer loop
      vertex -39.000000 -39.000000 24.850651
      vertex -39.000000 -39.000000 25.000000
      vertex -31.000000 -39.000000 24.850651
    endloop
  endfacet
  facet normal 0.000000 1.000000 0.000000
    outer loop
      vertex -31.000000 -39.000000 24.850651
      vertex -39.000000 -39.000000 25.000000
      vertex -31.000000 -39.000000 25.000000
    endloop
  endfacet
  facet normal 0.000000 -0.000000 0.000000
    outer loop
      vertex -31.000000 -39.000000 24.850651
      vertex -31.000000 -39.000000 25.000000
      vertex -31.000000 -39.000000 24.809017
    endloop
  endfacet
  facet normal 1.000000 0.000000 -0.000000
    outer loop
      vertex -31.000000 -47.000000 25.000000
      vertex -31.000000 -47.000000 24.809017
      vertex -31.000000 -39.000000 24.809017
    endloop
  endfacet
  facet normal 1.000000 0.000000 0.000000
    outer loop
      vertex -31.000000 -39.000000 25.000000
      vertex -31.000000 -47.000000 25.000000
      vertex -31.000000 -39.000000 24.809017
    endloop
  endfacet
  facet normal 0.000000 1.000000 0.000000
    outer loop
      vertex 31.000000 -47.000000 25.000000
      vertex 31.000000 -47.000000 24.809017
      vertex -31.000000 -47.000000 25.000000
    endloop
  endfacet
  facet normal 0.000000 1.000000 0.000000
    outer loop
      vertex -31.000000 -47.000000 25.000000
      vertex 31.000000 -47.000000 24.809017
      vertex 30.412215 -47.000000 24.809017
    endloop
  endfacet
  facet normal 0.000000 1.000000 0.000000
    outer loop
      vertex -31.000000 -47.000000 25.000000
      vertex 30.412215 -47.000000 24.809017
      vertex 30.149349 -47.000000 24.000000
    endloop
  endfacet
  facet normal 0.000000 1.000000 0.000000
    outer loop
      vertex -31.000000 -47.000000 25.000000
      vertex 30.149349 -47.000000 24.000000
      vertex 30.000000 -47.000000 24.000000
    endloop
  endfacet
  facet normal 0.000000 1.000000 0.000000
    outer loop
      vertex -30.412215 -47.000000 24.809017
      vertex 30.000000 -47.000000 24.000000
      vertex 30.000000 -47.000000 4.000000
    endloop
  endfacet
  facet normal 0.000000 1.000000 -0.000000
    outer loop
      vertex -30.000000 -47.000000 24.000000
      vertex 30.000000 -47.000000 4.000000
      vertex -30.000000 -47.000000 4.000000
    endloop
  endfacet
  facet normal 0.000000 1.000000 0.000000
    outer loop
      vertex -31.000000 -47.000000 25.000000
      vertex 30.000000 -47.000000 24.000000
      vertex -30.412215 -47.000000 24.809017
    endloop
  endfacet
  facet normal 0.000000 1.000000 0.000000
    outer loop
      vertex -31.000000 -47.000000 24.809017
      vertex -31.000000 -47.000000 25.000000
      vertex -30.412215 -47.000000 24.809017
    endloop
  endfacet
  facet normal 0.000000 1.000000 0.000000
    outer loop
      vertex -30.412215 -47.000000 24.809017
      vertex 30.000000 -47.000000 4.000000
      vertex -30.000000 -47.000000 24.000000
    endloop
  endfacet
  facet normal 0.000000 1.000000 0.000000
    outer loop
      vertex -30.412215 -47.000000 24.809017
      vertex -30.000000 -47.000000 24.000000
      vertex -30.149349 -47.000000 24.000000
    endloop
  endfacet
  facet normal -1.000000 -0.000000 -0.000000
    outer loop
      vertex 31.000000 -47.000000 24.809017
      vertex 31.000000 -47.000000 25.000000
      vertex 31.000000 -39.128136 24.809017
    endloop
  endfacet
  facet normal -1.000000 0.000000 -0.000000
    outer loop
      vertex 31.000000 -39.128136 24.809017
      vertex 31.000000 -47.000000 25.000000
      vertex 31.000000 -39.000000 25.000000
    endloop
  endfacet
  facet normal -1.000000 0.000000 0.000000
    outer loop
      vertex 31.000000 -39.128136 24.809017
      vertex 31.000000 -39.000000 25.000000
      vertex 31.000000 -39.000000 24.850651
    endloop
  endfacet
  facet normal 0.000000 1.000000 0.000000
    outer loop
      vertex 31.000000 -39.000000 24.850651
      vertex 31.000000 -39.000000 25.000000
      vertex 39.000000 -39.000000 24.850651
    endloop
  endfacet
  facet normal 0.000000 1.000000 0.000000
    outer loop
      vertex 39.000000 -39.000000 24.850651
      vertex 31.000000 -39.000000 25.000000
      vertex 39.000000 -39.000000 25.000000
    endloop
  endfacet
  facet normal -1.000000 0.000000 0.000000
    outer loop
      vertex 39.000000 39.000000 25.000000
      vertex 39.000000 39.000000 24.850651
      vertex 39.000000 -39.000000 25.000000
    endloop
  endfacet
  facet normal -1.000000 0.000000 0.000000
    outer loop
      vertex 39.000000 -39.000000 25.000000
      vertex 39.000000 39.000000 24.850651
      vertex 39.000000 38.190983 24.587785
    endloop
  endfacet
  facet normal -1.000000 0.000000 0.000000
    outer loop
      vertex 39.000000 -39.000000 25.000000
      vertex 39.000000 38.190983 24.587785
      vertex 39.000000 38.190983 24.000000
    endloop
  endfacet
  facet normal -1.000000 0.000000 0.000000
    outer loop
      vertex 39.000000 -39.000000 25.000000
      vertex 39.000000 38.190983 24.000000
      vertex 39.000000 38.000000 24.000000
    endloop
  endfacet
  facet normal -1.000000 0.000000 0.000000
    outer loop
      vertex 39.000000 -38.690983 24.951057
      vertex 39.000000 38.000000 24.000000
      vertex 39.000000 38.000000 4.000000
    endloop
  endfacet
  facet normal -1.000000 0.000000 0.000000
    outer loop
      vertex 39.000000 -38.000000 24.000000
      vertex 39.000000 38.000000 4.000000
      vertex 39.000000 -38.000000 4.000000
    endloop
  endfacet
  facet normal -1.000000 0.000000 0.000000
    outer loop
      vertex 39.000000 -38.690983 24.951057
      vertex 39.000000 38.000000 4.000000
      vertex 39.000000 -38.000000 24.000000
    endloop
  endfacet
  facet normal -1.000000 0.000000 0.000000
    outer loop
      vertex 39.000000 -39.000000 25.000000
      vertex 39.000000 38.000000 24.000000
      vertex 39.000000 -38.690983 24.951057
    endloop
  endfacet
  facet normal -1.000000 0.000000 -0.000000
    outer loop
      vertex 39.000000 -39.000000 24.850651
      vertex 39.000000 -39.000000 25.000000
      vertex 39.000000 -38.690983 24.951057
    endloop
  endfacet
  facet normal 0.000000 -1.000000 0.000000
    outer loop
      vertex 31.000000 39.000000 25.000000
      vertex 31.000000 39.000000 24.850651
      vertex 39.000000 39.000000 24.850651
    endloop
  endfacet
  facet normal 0.000000 -1.000000 0.000000
    outer loop
      vertex 39.000000 39.000000 25.000000
      vertex 31.000000 39.000000 25.000000
      vertex 39.000000 39.000000 24.850651
    endloop
  endfacet
  facet normal -1.000000 0.000000 -0.000000
    outer loop
      vertex 31.000000 39.000000 24.850651
      vertex 31.000000 39.000000 25.000000
      vertex 31.000000 39.309017 24.951057
    endloop
  endfacet
  facet normal -1.000000 0.000000 -0.000000
    outer loop
      vertex 31.000000 39.309017 24.951057
      vertex 31.000000 39.000000 25.000000
      vertex 31.000000 47.000000 25.000000
    endloop
  endfacet
  facet normal -1.000000 -0.000000 0.000000
    outer loop
      vertex 31.000000 39.309017 24.951057
      vertex 31.000000 47.000000 25.000000
      vertex 31.000000 47.000000 24.809017
    endloop
  endfacet
  facet normal -1.000000 0.000000 0.000000
    outer loop
      vertex 31.000000 39.309017 24.951057
      vertex 31.000000 47.000000 24.809017
      vertex 31.000000 39.412215 24.809017
    endloop
  endfacet
  facet normal 0.000000 -1.000000 0.000000
    outer loop
      vertex -30.412215 47.000000 24.809017
      vertex -30.149349 47.000000 24.000000
      vertex -30.000000 47.000000 24.000000
    endloop
  endfacet
  facet normal 0.000000 -1.000000 0.000000
    outer loop
      vertex -7.200000 47.000000 19.200000
      vertex 0.000000 47.000000 4.000000
      vertex 30.000000 47.000000 4.000000
    endloop
  endfacet
  facet normal 0.000000 -1.000000 0.000000
    outer loop
      vertex -7.200000 47.000000 19.200000
      vertex -7.200000 47.000000 5.800000
      vertex 0.000000 47.000000 4.000000
    endloop
  endfacet
  facet normal 0.000000 -1.000000 0.000000
    outer loop
      vertex 30.149349 47.000000 24.000000
      vertex -30.412215 47.000000 24.809017
      vertex 30.000000 47.000000 24.000000
    endloop
  endfacet
  facet normal 0.000000 -1.000000 0.000000
    outer loop
      vertex 30.412215 47.000000 24.809017
      vertex -30.412215 47.000000 24.809017
      vertex 30.149349 47.000000 24.000000
    endloop
  endfacet
  facet normal 0.000000 0.000000 0.000000
    outer loop
      vertex 31.000000 47.000000 24.809017
      vertex -30.412215 47.000000 24.809017
      vertex 30.412215 47.000000 24.809017
    endloop
  endfacet
  facet normal 0.000000 -1.000000 0.000000
    outer loop
      vertex 31.000000 47.000000 25.000000
      vertex -30.412215 47.000000 24.809017
      vertex 31.000000 47.000000 24.809017
    endloop
  endfacet
  facet normal 0.000000 -1.000000 0.000000
    outer loop
      vertex -31.000000 47.000000 25.000000
      vertex -30.412215 47.000000 24.809017
      vertex 31.000000 47.000000 25.000000
    endloop
  endfacet
  facet normal 0.000000 -1.000000 -0.000000
    outer loop
      vertex -30.000000 47.000000 4.000000
      vertex -26.400000 47.000000 19.200000
      vertex -30.000000 47.000000 24.000000
    endloop
  endfacet
  facet normal 0.000000 -1.000000 0.000000
    outer loop
      vertex 30.000000 47.000000 24.000000
      vertex -7.200000 47.000000 19.200000
      vertex 30.000000 47.000000 4.000000
    endloop
  endfacet
  facet normal 0.000000 -1.000000 0.000000
    outer loop
      vertex 30.000000 47.000000 24.000000
      vertex -30.412215 47.000000 24.809017
      vertex -7.200000 47.000000 19.200000
    endloop
  endfacet
  facet normal -0.000000 -1.000000 0.000000
    outer loop
      vertex -30.000000 47.000000 4.000000
      vertex 0.000000 47.000000 4.000000
      vertex -7.200000 47.000000 5.800000
    endloop
  endfacet
  facet normal 0.000000 -1.000000 0.000000
    outer loop
      vertex -30.000000 47.000000 4.000000
      vertex -26.400000 47.000000 5.800000
      vertex -26.400000 47.000000 19.200000
    endloop
  endfacet
  facet normal 0.000000 -1.000000 0.000000
    outer loop
      vertex -30.000000 47.000000 4.000000
      vertex -7.200000 47.000000 5.800000
      vertex -26.400000 47.000000 5.800000
    endloop
  endfacet
  facet normal -0.000000 -1.000000 -0.000000
    outer loop
      vertex -31.000000 47.000000 24.809017
      vertex -30.412215 47.000000 24.809017
      vertex -31.000000 47.000000 25.000000
    endloop
  endfacet
  facet normal 0.000000 -1.000000 0.000000
    outer loop
      vertex -26.400000 47.000000 19.200000
      vertex -30.412215 47.000000 24.809017
      vertex -30.000000 47.000000 24.000000
    endloop
  endfacet
  facet normal -0.000000 -1.000000 -0.000000
    outer loop
      vertex -26.400000 47.000000 19.200000
      vertex -7.200000 47.000000 19.200000
      vertex -30.412215 47.000000 24.809017
    endloop
  endfacet
  facet normal 1.000000 -0.000000 0.000000
    outer loop
      vertex -31.000000 47.000000 24.809017
      vertex -31.000000 39.000000 25.000000
      vertex -31.000000 39.000000 24.809017
    endloop
  endfacet
  facet normal 0.000000 -0.000000 0.000000
    outer loop
      vertex -31.000000 39.000000 24.809017
      vertex -31.000000 39.000000 25.000000
      vertex -31.000000 39.000000 24.707107
    endloop
  endfacet
  facet normal 1.000000 0.000000 0.000000
    outer loop
      vertex -31.000000 47.000000 25.000000
      vertex -31.000000 39.000000 25.000000
      vertex -31.000000 47.000000 24.809017
    endloop
  endfacet
  facet normal 0.000000 -1.000000 0.000000
    outer loop
      vertex -39.000000 39.000000 25.000000
      vertex -39.000000 39.000000 24.850651
      vertex -31.000000 39.000000 24.850651
    endloop
  endfacet
  facet normal 0.000000 -1.000000 0.000000
    outer loop
      vertex -31.000000 39.000000 25.000000
      vertex -39.000000 39.000000 25.000000
      vertex -31.000000 39.000000 24.850651
    endloop
  endfacet
  facet normal 0.000000 0.000000 0.000000
    outer loop
      vertex -31.000000 39.000000 24.707107
      vertex -31.000000 39.000000 25.000000
      vertex -31.000000 39.000000 24.850651
    endloop
  endfacet
  facet normal 0.000000 0.000000 -1.000000
    outer loop
      vertex -41.000000 -49.809017 1.000000
      vertex -41.000000 -49.850651 1.000000
      vertex -41.572061 -49.415627 1.000000
    endloop
  endfacet
  facet normal 0.000000 0.000000 -1.000000
    outer loop
      vertex -41.000000 -49.601501 1.000000
      vertex -41.000000 -49.809017 1.000000
      vertex -41.572061 -49.415627 1.000000
    endloop
  endfacet
  facet normal 0.000000 -0.000000 -1.000000
    outer loop
      vertex -41.809017 -49.587785 1.000000
      vertex -41.809017 -49.000000 1.000000
      vertex -41.572061 -49.415627 1.000000
    endloop
  endfacet
  facet normal -0.000000 0.000000 -1.000000
    outer loop
      vertex -41.809017 -49.587785 1.000000
      vertex -41.572061 -49.415627 1.000000
      vertex -41.000000 -49.850651 1.000000
    endloop
  endfacet
  facet normal 0.000000 0.000000 -1.000000
    outer loop
      vertex 41.000000 -50.000000 1.000000
      vertex -41.000000 -49.850651 1.000000
      vertex 41.000000 -49.850651 1.000000
    endloop
  endfacet
  facet normal 0.000000 0.000000 -1.000000
    outer loop
      vertex -41.000000 -49.850651 1.000000
      vertex -41.000000 -49.809017 1.000000
      vertex -31.000000 -49.809017 1.000000
    endloop
  endfacet
  facet normal 0.000000 0.000000 -1.000000
    outer loop
      vertex -31.000000 -49.809017 1.000000
      vertex 41.000000 -49.809017 1.000000
      vertex -41.000000 -49.850651 1.000000
    endloop
  endfacet
  facet normal 0.000000 -0.000000 -1.000000
    outer loop
      vertex 41.000000 -49.809017 1.000000
      vertex 41.000000 -49.601501 1.000000
      vertex 41.218508 -49.672499 1.000000
    endloop
  endfacet
  facet normal -0.000000 0.000000 -1.000000
    outer loop
      vertex 41.707107 -49.000000 1.000000
      vertex 41.850651 -49.000000 1.000000
      vertex 41.218508 -49.672499 1.000000
    endloop
  endfacet
  facet normal -0.000000 0.000000 -1.000000
    outer loop
      vertex 41.850651 39.000000 1.000000
      vertex 42.000000 49.000000 1.000000
      vertex 41.850651 -49.000000 1.000000
    endloop
  endfacet
  facet normal 0.000000 0.000000 -1.000000
    outer loop
      vertex 41.850651 49.000000 1.000000
      vertex 41.707107 49.000000 1.000000
      vertex 41.218508 49.672499 1.000000
    endloop
  endfacet
  facet normal 0.000000 0.000000 -1.000000
    outer loop
      vertex 41.218508 49.672499 1.000000
      vertex 41.000000 49.601501 1.000000
      vertex 41.000000 49.850651 1.000000
    endloop
  endfacet
  facet normal 0.000000 -0.000000 -1.000000
    outer loop
      vertex 41.218508 49.672499 1.000000
      vertex 41.000000 49.850651 1.000000
      vertex 41.309017 49.951057 1.000000
    endloop
  endfacet
  facet normal -0.000000 0.000000 -1.000000
    outer loop
      vertex 41.218508 49.672499 1.000000
      vertex 41.309017 49.951057 1.000000
      vertex 41.850651 49.000000 1.000000
    endloop
  endfacet
  facet normal -0.000000 -0.000000 -1.000000
    outer loop
      vertex 41.850651 49.000000 1.000000
      vertex 41.309017 49.951057 1.000000
      vertex 42.000000 49.000000 1.000000
    endloop
  endfacet
  facet normal 0.000000 0.000000 -1.000000
    outer loop
      vertex 41.850651 49.000000 1.000000
      vertex 42.000000 49.000000 1.000000
      vertex 41.850651 39.000000 1.000000
    endloop
  endfacet
  facet normal -0.000000 0.000000 -1.000000
    outer loop
      vertex 41.850651 -49.000000 1.000000
      vertex 42.000000 49.000000 1.000000
      vertex 42.000000 -49.000000 1.000000
    endloop
  endfacet
  facet normal 0.000000 0.000000 -1.000000
    outer loop
      vertex 41.850651 -49.000000 1.000000
      vertex 42.000000 -49.000000 1.000000
      vertex 41.218508 -49.672499 1.000000
    endloop
  endfacet
  facet normal -0.000000 0.000000 -1.000000
    outer loop
      vertex 41.218508 -49.672499 1.000000
      vertex 42.000000 -49.000000 1.000000
      vertex 41.309017 -49.951057 1.000000
    endloop
  endfacet
  facet normal 0.000000 0.000000 -1.000000
    outer loop
      vertex 41.218508 -49.672499 1.000000
      vertex 41.309017 -49.951057 1.000000
      vertex 41.000000 -49.809017 1.000000
    endloop
  endfacet
  facet normal 0.000000 0.000000 -1.000000
    outer loop
      vertex 41.000000 -49.809017 1.000000
      vertex 41.309017 -49.951057 1.000000
      vertex 41.000000 -49.850651 1.000000
    endloop
  endfacet
  facet normal 0.000000 0.000000 -1.000000
    outer loop
      vertex 41.000000 -49.809017 1.000000
      vertex 41.000000 -49.850651 1.000000
      vertex -41.000000 -49.850651 1.000000
    endloop
  endfacet
  facet normal 0.000000 0.000000 -1.000000
    outer loop
      vertex -41.000000 -49.850651 1.000000
      vertex 41.000000 -50.000000 1.000000
      vertex -41.000000 -50.000000 1.000000
    endloop
  endfacet
  facet normal 0.000000 0.000000 -1.000000
    outer loop
      vertex -41.572061 -49.415627 1.000000
      vertex -41.809017 -49.000000 1.000000
      vertex -41.572061 -49.000000 1.000000
    endloop
  endfacet
  facet normal 0.000000 -1.000000 0.000000
    outer loop
      vertex -41.809017 -49.000000 1.000000
      vertex -41.951057 -49.000000 0.690983
      vertex -41.572061 -49.000000 0.415626
    endloop
  endfacet
  facet normal 0.000000 -1.000000 0.000000
    outer loop
      vertex -41.809017 -49.000000 1.128136
      vertex -41.951057 -49.000000 0.690983
      vertex -41.809017 -49.000000 1.000000
    endloop
  endfacet
  facet normal 0.000000 -1.000000 0.000000
    outer loop
      vertex -41.572061 -49.000000 1.000000
      vertex -41.809017 -49.000000 1.000000
      vertex -41.572061 -49.000000 0.415626
    endloop
  endfacet
  facet normal 0.000000 -1.000000 0.000000
    outer loop
      vertex -41.809017 -49.000000 24.128136
      vertex -41.951057 -49.000000 23.690983
      vertex -41.809017 -49.000000 23.587785
    endloop
  endfacet
  facet normal -0.587785 -0.000000 -0.809017
    outer loop
      vertex -41.951057 49.000000 0.690983
      vertex -41.572061 49.000000 0.415626
      vertex -41.951057 -49.000000 0.690983
    endloop
  endfacet
  facet normal -0.587785 0.000000 -0.809017
    outer loop
      vertex -41.951057 -49.000000 0.690983
      vertex -41.572061 49.000000 0.415626
      vertex -41.572061 48.584373 0.415626
    endloop
  endfacet
  facet normal -0.587785 -0.000000 -0.809017
    outer loop
      vertex -41.572061 39.415627 0.415626
      vertex -41.572061 48.584373 0.415626
      vertex -41.403133 48.529485 0.292893
    endloop
  endfacet
  facet normal -0.587785 -0.000000 -0.809017
    outer loop
      vertex -41.403133 48.529485 0.292893
      vertex -41.403133 49.000000 0.292893
      vertex -41.000000 49.000000 -0.000000
    endloop
  endfacet
  facet normal -0.587785 -0.000000 -0.809017
    outer loop
      vertex -41.403133 38.529485 0.292893
      vertex -41.000000 49.000000 -0.000000
      vertex -41.951057 -49.000000 0.690983
    endloop
  endfacet
  facet normal -0.000000 -0.000000 -0.000000
    outer loop
      vertex -41.000000 -43.931688 0.000000
      vertex -41.000000 49.000000 -0.000000
      vertex -41.000000 -49.000000 -0.000000
    endloop
  endfacet
  facet normal -0.587785 0.000000 -0.809017
    outer loop
      vertex -41.403133 -48.529485 0.292893
      vertex -41.000000 49.000000 -0.000000
      vertex -41.403133 -49.000000 0.292893
    endloop
  endfacet
  facet normal -0.587785 0.000000 -0.809017
    outer loop
      vertex -41.403133 -39.470515 0.292893
      vertex -41.000000 49.000000 -0.000000
      vertex -41.403133 -48.529485 0.292893
    endloop
  endfacet
  facet normal -0.587785 -0.000000 -0.809017
    outer loop
      vertex -41.572061 -38.584373 0.415626
      vertex -41.000000 49.000000 -0.000000
      vertex -41.403133 -38.529485 0.292893
    endloop
  endfacet
  facet normal -0.587785 -0.000000 -0.809017
    outer loop
      vertex -41.951057 -49.000000 0.690983
      vertex -41.000000 49.000000 -0.000000
      vertex -41.572061 -38.584373 0.415626
    endloop
  endfacet
  facet normal -0.587785 -0.000000 -0.809017
    outer loop
      vertex -41.951057 -49.000000 0.690983
      vertex -41.572061 -39.415627 0.415626
      vertex -41.572061 -48.584373 0.415626
    endloop
  endfacet
  facet normal -0.587785 -0.000000 -0.809017
    outer loop
      vertex -41.403133 -39.470515 0.292893
      vertex -41.572061 -48.584373 0.415626
      vertex -41.572061 -39.415627 0.415626
    endloop
  endfacet
  facet normal -0.587785 -0.000000 -0.809017
    outer loop
      vertex -41.572061 -38.584373 0.415626
      vertex -41.572061 -39.415627 0.415626
      vertex -41.951057 -49.000000 0.690983
    endloop
  endfacet
  facet normal -0.587785 0.000000 -0.809017
    outer loop
      vertex -41.403133 -38.529485 0.292893
      vertex -41.000000 49.000000 -0.000000
      vertex -41.403133 -39.470515 0.292893
    endloop
  endfacet
  facet normal -0.587785 0.000000 -0.809017
    outer loop
      vertex -41.572061 -48.584373 0.415626
      vertex -41.403133 -39.470515 0.292893
      vertex -41.403133 -48.529485 0.292893
    endloop
  endfacet
  facet normal -0.587785 0.000000 -0.809017
    outer loop
      vertex -41.572061 39.415627 0.415626
      vertex -41.403133 48.529485 0.292893
      vertex -41.403133 39.470515 0.292893
    endloop
  endfacet
  facet normal -0.587785 -0.000000 -0.809017
    outer loop
      vertex -41.951057 -49.000000 0.690983
      vertex -41.572061 48.584373 0.415626
      vertex -41.572061 39.415627 0.415626
    endloop
  endfacet
  facet normal -0.587785 -0.000000 -0.809017
    outer loop
      vertex -41.403133 38.529485 0.292893
      vertex -41.951057 -49.000000 0.690983
      vertex -41.572061 38.584373 0.415626
    endloop
  endfacet
  facet normal -0.587785 0.000000 -0.809017
    outer loop
      vertex -41.951057 -49.000000 0.690983
      vertex -41.572061 39.415627 0.415626
      vertex -41.572061 38.584373 0.415626
    endloop
  endfacet
  facet normal -0.587785 0.000000 -0.809017
    outer loop
      vertex -41.403133 48.529485 0.292893
      vertex -41.000000 49.000000 -0.000000
      vertex -41.403133 39.470515 0.292893
    endloop
  endfacet
  facet normal -0.587785 0.000000 -0.809017
    outer loop
      vertex -41.000000 49.000000 -0.000000
      vertex -41.403133 38.529485 0.292893
      vertex -41.403133 39.470515 0.292893
    endloop
  endfacet
  facet normal -0.587785 -0.000000 -0.809017
    outer loop
      vertex -41.403133 -49.000000 0.292893
      vertex -41.000000 49.000000 -0.000000
      vertex -41.000000 -43.931688 0.000000
    endloop
  endfacet
  facet normal -0.000000 -0.000000 0.000000
    outer loop
      vertex -41.000000 -49.000000 0.000000
      vertex -41.000000 -43.931688 0.000000
      vertex -41.000000 -49.000000 -0.000000
    endloop
  endfacet
  facet normal -0.587785 -0.000000 -0.809017
    outer loop
      vertex -41.403133 -49.000000 0.292893
      vertex -41.000000 -43.931688 0.000000
      vertex -41.000000 -49.000000 0.000000
    endloop
  endfacet
  facet normal 0.000000 -0.000000 0.000000
    outer loop
      vertex -41.403133 -49.000000 0.292893
      vertex -41.000000 -49.000000 0.000000
      vertex -41.000000 -49.000000 -0.000000
    endloop
  endfacet
  facet normal -0.587785 -0.000000 -0.809017
    outer loop
      vertex -41.572061 -49.000000 0.415626
      vertex -41.951057 -49.000000 0.690983
      vertex -41.572061 -48.584373 0.415626
    endloop
  endfacet
  facet normal -0.000000 -0.000000 -1.000000
    outer loop
      vertex -41.572061 48.584373 0.292893
      vertex -41.572061 49.415627 0.292893
      vertex -41.403133 48.529485 0.292893
    endloop
  endfacet
  facet normal 0.000000 -0.000000 -1.000000
    outer loop
      vertex -41.000000 49.486257 0.292893
      vertex -41.572061 49.415627 0.292893
      vertex -40.781492 49.672499 0.292893
    endloop
  endfacet
  facet normal 0.000000 -0.000000 -1.000000
    outer loop
      vertex -41.403133 49.000000 0.292893
      vertex -41.572061 49.415627 0.292893
      vertex -41.000000 49.486257 0.292893
    endloop
  endfacet
  facet normal 0.000000 0.000000 -1.000000
    outer loop
      vertex -41.403133 49.000000 0.292893
      vertex -41.000000 49.486257 0.292893
      vertex -41.000000 49.000000 0.292893
    endloop
  endfacet
  facet normal 0.000000 0.000000 -1.000000
    outer loop
      vertex -41.403133 48.529485 0.292893
      vertex -41.572061 49.415627 0.292893
      vertex -41.403133 49.000000 0.292893
    endloop
  endfacet
  facet normal -0.000000 0.000000 -1.000000
    outer loop
      vertex -41.000000 49.486257 0.292893
      vertex -40.781492 49.672499 0.292893
      vertex -40.646179 49.486257 0.292893
    endloop
  endfacet
  facet normal -0.309018 -0.951056 0.000000
    outer loop
      vertex -41.572061 48.584373 0.415626
      vertex -41.572061 48.584373 0.292893
      vertex -41.403133 48.529485 0.292893
    endloop
  endfacet
  facet normal 0.809017 0.587785 0.000000
    outer loop
      vertex -40.646179 49.486257 0.292893
      vertex -40.781492 49.672499 0.292893
      vertex -40.781492 49.672499 0.549233
    endloop
  endfacet
  facet normal 0.000000 0.809017 -0.587785
    outer loop
      vertex -30.781492 49.672499 0.549233
      vertex 31.000000 49.601501 0.451513
      vertex 30.645315 49.486257 0.292893
    endloop
  endfacet
  facet normal 0.000000 0.809017 -0.587785
    outer loop
      vertex -30.781492 49.672499 0.549233
      vertex 0.000000 50.000000 1.000000
      vertex 31.000000 50.000000 1.000000
    endloop
  endfacet
  facet normal 0.000000 0.809017 -0.587785
    outer loop
      vertex 30.645315 49.486257 0.292893
      vertex 31.000000 49.486257 0.292893
      vertex 31.000000 49.309017 0.048943
    endloop
  endfacet
  facet normal 0.000000 0.809017 -0.587785
    outer loop
      vertex -41.000000 49.486257 0.292893
      vertex 31.000000 49.309017 0.048943
      vertex -41.000000 49.309017 0.048943
    endloop
  endfacet
  facet normal 0.000000 0.809017 -0.587785
    outer loop
      vertex -40.646179 49.486257 0.292893
      vertex 31.000000 49.309017 0.048943
      vertex -41.000000 49.486257 0.292893
    endloop
  endfacet
  facet normal 0.000000 0.809017 -0.587785
    outer loop
      vertex -31.354685 49.486257 0.292893
      vertex 31.000000 49.309017 0.048943
      vertex -40.646179 49.486257 0.292893
    endloop
  endfacet
  facet normal 0.000000 0.809017 -0.587785
    outer loop
      vertex -41.000000 50.000000 1.000000
      vertex 0.000000 50.000000 1.000000
      vertex -40.781492 49.672499 0.549233
    endloop
  endfacet
  facet normal 0.000000 0.809017 -0.587785
    outer loop
      vertex -41.000000 50.000000 1.000000
      vertex -40.781492 49.672499 0.549233
      vertex -41.000000 49.601501 0.451513
    endloop
  endfacet
  facet normal 0.000000 0.809017 -0.587785
    outer loop
      vertex -30.781492 49.672499 0.549233
      vertex 30.645315 49.486257 0.292893
      vertex 31.000000 49.309017 0.048943
    endloop
  endfacet
  facet normal 0.000000 0.809017 -0.587785
    outer loop
      vertex -30.781492 49.672499 0.549233
      vertex 31.000000 49.309017 0.048943
      vertex -30.646179 49.486257 0.292893
    endloop
  endfacet
  facet normal 0.000000 0.809017 -0.587785
    outer loop
      vertex -30.646179 49.486257 0.292893
      vertex 31.000000 49.309017 0.048943
      vertex -31.354685 49.486257 0.292893
    endloop
  endfacet
  facet normal 0.000000 0.809017 -0.587785
    outer loop
      vertex -40.781492 49.672499 0.549233
      vertex 0.000000 50.000000 1.000000
      vertex -30.781492 49.672499 0.549233
    endloop
  endfacet
  facet normal 0.000000 0.809017 -0.587785
    outer loop
      vertex -30.781492 49.672499 0.549233
      vertex 31.000000 50.000000 1.000000
      vertex 31.000000 49.601501 0.451513
    endloop
  endfacet
  facet normal 0.000000 0.809017 -0.587785
    outer loop
      vertex -31.354685 49.486257 0.292893
      vertex -40.781492 49.672499 0.549233
      vertex -30.781492 49.672499 0.549233
    endloop
  endfacet
  facet normal 0.000000 0.809017 -0.587785
    outer loop
      vertex -40.781492 49.672499 0.549233
      vertex -31.354685 49.486257 0.292893
      vertex -40.646179 49.486257 0.292893
    endloop
  endfacet
  facet normal 1.000000 0.000000 0.000000
    outer loop
      vertex -26.400000 50.000000 5.800000
      vertex -26.400000 50.000000 19.200000
      vertex -26.400000 47.000000 19.200000
    endloop
  endfacet
  facet normal 1.000000 0.000000 0.000000
    outer loop
      vertex -26.400000 47.000000 5.800000
      vertex -26.400000 50.000000 5.800000
      vertex -26.400000 47.000000 19.200000
    endloop
  endfacet
  facet normal 0.000000 0.000000 -1.000000
    outer loop
      vertex -7.200000 50.000000 19.200000
      vertex -7.200000 47.000000 19.200000
      vertex -26.400000 50.000000 19.200000
    endloop
  endfacet
  facet normal 0.000000 0.000000 -1.000000
    outer loop
      vertex -26.400000 50.000000 19.200000
      vertex -7.200000 47.000000 19.200000
      vertex -26.400000 47.000000 19.200000
    endloop
  endfacet
  facet normal -1.000000 0.000000 0.000000
    outer loop
      vertex -7.200000 50.000000 19.200000
      vertex -7.200000 50.000000 5.800000
      vertex -7.200000 47.000000 19.200000
    endloop
  endfacet
  facet normal -1.000000 0.000000 0.000000
    outer loop
      vertex -7.200000 47.000000 19.200000
      vertex -7.200000 50.000000 5.800000
      vertex -7.200000 47.000000 5.800000
    endloop
  endfacet
  facet normal 0.000000 0.000000 1.000000
    outer loop
      vertex -7.200000 47.000000 5.800000
      vertex -7.200000 50.000000 5.800000
      vertex -26.400000 50.000000 5.800000
    endloop
  endfacet
  facet normal 0.000000 0.000000 1.000000
    outer loop
      vertex -26.400000 47.000000 5.800000
      vertex -7.200000 47.000000 5.800000
      vertex -26.400000 50.000000 5.800000
    endloop
  endfacet
  facet normal -1.000000 0.000000 -0.000000
    outer loop
      vertex -41.000000 49.850651 23.794439
      vertex -41.000000 49.850651 24.205561
      vertex -41.000000 50.000000 24.000000
    endloop
  endfacet
  facet normal 0.000000 0.809017 -0.587785
    outer loop
      vertex 40.645315 49.486257 0.292893
      vertex 41.000000 49.486257 0.292893
      vertex 41.000000 49.309017 0.048943
    endloop
  endfacet
  facet normal 0.000000 0.809017 -0.587785
    outer loop
      vertex 31.000000 49.486257 0.292893
      vertex 41.000000 49.309017 0.048943
      vertex 31.000000 49.309017 0.048943
    endloop
  endfacet
  facet normal 0.000000 0.809017 -0.587785
    outer loop
      vertex 31.353821 49.486257 0.292893
      vertex 41.000000 49.309017 0.048943
      vertex 31.000000 49.486257 0.292893
    endloop
  endfacet
  facet normal 0.000000 0.809017 -0.587785
    outer loop
      vertex 31.000000 50.000000 1.000000
      vertex 36.000000 50.000000 1.000000
      vertex 31.218508 49.672499 0.549233
    endloop
  endfacet
  facet normal 0.000000 0.809017 -0.587785
    outer loop
      vertex 31.000000 50.000000 1.000000
      vertex 31.218508 49.672499 0.549233
      vertex 31.000000 49.601501 0.451513
    endloop
  endfacet
  facet normal 0.000000 0.809017 -0.587785
    outer loop
      vertex 31.218508 49.672499 0.549233
      vertex 36.000000 50.000000 1.000000
      vertex 41.000000 50.000000 1.000000
    endloop
  endfacet
  facet normal -0.000000 0.809017 -0.587785
    outer loop
      vertex 31.218508 49.672499 0.549233
      vertex 41.000000 50.000000 1.000000
      vertex 41.000000 49.601501 0.451513
    endloop
  endfacet
  facet normal -0.000000 0.809017 -0.587785
    outer loop
      vertex 31.218508 49.672499 0.549233
      vertex 41.000000 49.601501 0.451513
      vertex 40.645315 49.486257 0.292893
    endloop
  endfacet
  facet normal -0.000000 0.809017 -0.587785
    outer loop
      vertex 31.218508 49.672499 0.549233
      vertex 40.645315 49.486257 0.292893
      vertex 41.000000 49.309017 0.048943
    endloop
  endfacet
  facet normal 0.000000 0.809017 -0.587785
    outer loop
      vertex 31.218508 49.672499 0.549233
      vertex 41.000000 49.309017 0.048943
      vertex 31.353821 49.486257 0.292893
    endloop
  endfacet
  facet normal 1.000000 0.000000 0.000000
    outer loop
      vertex 41.000000 49.850651 1.000000
      vertex 41.000000 49.601501 1.000000
      vertex 41.000000 49.601501 0.451513
    endloop
  endfacet
  facet normal 1.000000 0.000000 0.000000
    outer loop
      vertex 41.000000 50.000000 1.000000
      vertex 41.000000 49.850651 1.000000
      vertex 41.000000 49.601501 0.451513
    endloop
  endfacet
  facet normal 1.000000 0.000000 -0.000000
    outer loop
      vertex 41.000000 49.850651 1.205561
      vertex 41.000000 49.850651 1.000000
      vertex 41.000000 50.000000 1.000000
    endloop
  endfacet
  facet normal 1.000000 -0.000000 0.000000
    outer loop
      vertex 41.000000 50.000000 24.000000
      vertex 41.000000 49.850651 24.205561
      vertex 41.000000 49.850651 23.794439
    endloop
  endfacet
  facet normal 0.000000 0.809017 0.587785
    outer loop
      vertex -39.000000 -38.690983 24.951057
      vertex -31.000000 -38.690983 24.951057
      vertex -39.000000 -38.000000 24.000000
    endloop
  endfacet
  facet normal 0.000000 0.809017 0.587785
    outer loop
      vertex -31.354685 -38.513743 24.707107
      vertex -31.000000 -38.690983 24.951057
      vertex -31.000000 -38.513743 24.707107
    endloop
  endfacet
  facet normal 0.000000 0.809017 0.587785
    outer loop
      vertex -39.000000 -38.000000 24.000000
      vertex -31.000000 -38.690983 24.951057
      vertex -31.354685 -38.513743 24.707107
    endloop
  endfacet
  facet normal 0.000000 0.809017 0.587785
    outer loop
      vertex -39.000000 -38.000000 24.000000
      vertex -31.000000 -38.398499 24.548487
      vertex -31.000000 -38.000000 24.000000
    endloop
  endfacet
  facet normal -0.000000 0.809017 0.587785
    outer loop
      vertex -31.000000 -38.398499 24.548487
      vertex -39.000000 -38.000000 24.000000
      vertex -31.354685 -38.513743 24.707107
    endloop
  endfacet
  facet normal 0.000000 -0.309018 0.951056
    outer loop
      vertex -39.000000 -38.690983 24.951057
      vertex -39.000000 -39.000000 24.850651
      vertex -31.000000 -39.000000 24.850651
    endloop
  endfacet
  facet normal 0.000000 -0.309018 0.951056
    outer loop
      vertex -31.000000 -38.690983 24.951057
      vertex -39.000000 -38.690983 24.951057
      vertex -31.000000 -39.000000 24.850651
    endloop
  endfacet
  facet normal -0.000000 -0.309018 0.951056
    outer loop
      vertex -39.000000 39.000000 24.850651
      vertex -39.000000 38.190983 24.587785
      vertex -31.000000 38.190983 24.587785
    endloop
  endfacet
  facet normal 0.000000 -0.309018 0.951056
    outer loop
      vertex -31.491563 38.558218 24.707107
      vertex -39.000000 39.000000 24.850651
      vertex -31.000000 38.398499 24.655211
    endloop
  endfacet
  facet normal 0.000000 -0.309018 0.951056
    outer loop
      vertex -31.000000 38.398499 24.655211
      vertex -39.000000 39.000000 24.850651
      vertex -31.000000 38.190983 24.587785
    endloop
  endfacet
  facet normal 0.000000 -0.309018 0.951056
    outer loop
      vertex -31.000000 38.558218 24.707107
      vertex -39.000000 39.000000 24.850651
      vertex -31.491563 38.558218 24.707107
    endloop
  endfacet
  facet normal 0.000000 -0.309018 0.951056
    outer loop
      vertex -31.000000 39.000000 24.850651
      vertex -39.000000 39.000000 24.850651
      vertex -31.000000 38.558218 24.707107
    endloop
  endfacet
  facet normal 0.000000 -1.000000 0.000000
    outer loop
      vertex -31.000000 38.190983 24.587785
      vertex -39.000000 38.190983 24.587785
      vertex -39.000000 38.190983 24.000000
    endloop
  endfacet
  facet normal 0.000000 -1.000000 0.000000
    outer loop
      vertex -31.000000 38.190983 24.000000
      vertex -31.000000 38.190983 24.587785
      vertex -39.000000 38.190983 24.000000
    endloop
  endfacet
  facet normal 0.000000 -0.000000 1.000000
    outer loop
      vertex -39.000000 38.190983 24.000000
      vertex -39.000000 38.000000 24.000000
      vertex -31.000000 38.000000 24.000000
    endloop
  endfacet
  facet normal 0.000000 0.000000 1.000000
    outer loop
      vertex -31.000000 38.190983 24.000000
      vertex -39.000000 38.190983 24.000000
      vertex -31.000000 38.149349 24.000000
    endloop
  endfacet
  facet normal -0.000000 0.000000 1.000000
    outer loop
      vertex -31.000000 38.149349 24.000000
      vertex -39.000000 38.190983 24.000000
      vertex -31.000000 38.000000 24.000000
    endloop
  endfacet
  facet normal 0.000000 -0.000000 1.000000
    outer loop
      vertex -30.781492 38.327501 24.000000
      vertex -31.000000 38.149349 24.000000
      vertex -30.690983 38.048943 24.000000
    endloop
  endfacet
  facet normal 0.000000 0.000000 1.000000
    outer loop
      vertex -30.000000 47.000000 24.000000
      vertex -30.149349 39.000000 24.000000
      vertex -30.000000 39.000000 24.000000
    endloop
  endfacet
  facet normal -0.000000 0.000000 1.000000
    outer loop
      vertex -30.781492 38.327501 24.000000
      vertex -31.000000 38.398499 24.000000
      vertex -31.000000 38.149349 24.000000
    endloop
  endfacet
  facet normal 0.000000 0.000000 1.000000
    outer loop
      vertex -30.000000 39.000000 24.000000
      vertex -30.781492 38.327501 24.000000
      vertex -30.690983 38.048943 24.000000
    endloop
  endfacet
  facet normal 0.000000 0.000000 0.000000
    outer loop
      vertex -31.000000 38.398499 24.000000
      vertex -31.000000 38.190983 24.000000
      vertex -31.000000 38.149349 24.000000
    endloop
  endfacet
  facet normal 0.000000 0.000000 1.000000
    outer loop
      vertex -30.149349 47.000000 24.000000
      vertex -30.149349 39.000000 24.000000
      vertex -30.000000 47.000000 24.000000
    endloop
  endfacet
  facet normal 0.000000 0.000000 0.000000
    outer loop
      vertex -30.292893 39.000000 24.000000
      vertex -30.000000 39.000000 24.000000
      vertex -30.149349 39.000000 24.000000
    endloop
  endfacet
  facet normal 0.000000 -0.000000 1.000000
    outer loop
      vertex -30.292893 39.000000 24.000000
      vertex -30.781492 38.327501 24.000000
      vertex -30.000000 39.000000 24.000000
    endloop
  endfacet
  facet normal -0.000000 -1.000000 -0.000000
    outer loop
      vertex -38.000000 38.000000 3.000000
      vertex -31.000000 38.000000 3.000000
      vertex -39.000000 38.000000 24.000000
    endloop
  endfacet
  facet normal 0.000000 -1.000000 0.000000
    outer loop
      vertex -39.000000 38.000000 24.000000
      vertex -39.000000 38.000000 4.000000
      vertex -38.850651 38.000000 4.000000
    endloop
  endfacet
  facet normal 0.000000 -1.000000 0.000000
    outer loop
      vertex -38.000000 38.000000 3.000000
      vertex -39.000000 38.000000 24.000000
      vertex -38.850651 38.000000 4.000000
    endloop
  endfacet
  facet normal -0.000000 -1.000000 0.000000
    outer loop
      vertex -38.951057 38.000000 3.690983
      vertex -38.000000 38.000000 3.000000
      vertex -38.850651 38.000000 4.000000
    endloop
  endfacet
  facet normal 0.000000 -1.000000 0.000000
    outer loop
      vertex -31.000000 38.000000 3.000000
      vertex -31.000000 38.000000 24.000000
      vertex -39.000000 38.000000 24.000000
    endloop
  endfacet
  facet normal 0.000000 0.000000 1.000000
    outer loop
      vertex -38.850651 -38.000000 4.000000
      vertex -38.850651 38.000000 4.000000
      vertex -39.000000 38.000000 4.000000
    endloop
  endfacet
  facet normal 0.000000 0.000000 1.000000
    outer loop
      vertex -39.000000 -38.000000 4.000000
      vertex -38.850651 -38.000000 4.000000
      vertex -39.000000 38.000000 4.000000
    endloop
  endfacet
  facet normal 0.000000 1.000000 0.000000
    outer loop
      vertex -39.000000 -38.000000 4.000000
      vertex -39.000000 -38.000000 24.000000
      vertex -38.850651 -38.000000 4.000000
    endloop
  endfacet
  facet normal 0.000000 1.000000 0.000000
    outer loop
      vertex -38.850651 -38.000000 4.000000
      vertex -39.000000 -38.000000 24.000000
      vertex -36.000000 -38.000000 24.000000
    endloop
  endfacet
  facet normal 0.000000 1.000000 0.000000
    outer loop
      vertex -38.850651 -38.000000 4.000000
      vertex -36.000000 -38.000000 24.000000
      vertex -31.000000 -38.000000 24.000000
    endloop
  endfacet
  facet normal 0.000000 1.000000 0.000000
    outer loop
      vertex -38.850651 -38.000000 4.000000
      vertex -31.000000 -38.000000 24.000000
      vertex -31.000000 -38.000000 3.000000
    endloop
  endfacet
  facet normal 0.000000 1.000000 0.000000
    outer loop
      vertex -38.850651 -38.000000 4.000000
      vertex -31.000000 -38.000000 3.000000
      vertex -38.000000 -38.000000 3.000000
    endloop
  endfacet
  facet normal 0.000000 1.000000 -0.000000
    outer loop
      vertex -38.850651 -38.000000 4.000000
      vertex -38.000000 -38.000000 3.000000
      vertex -38.951057 -38.000000 3.690983
    endloop
  endfacet
  facet normal -0.000000 -0.000000 -0.000000
    outer loop
      vertex -36.000000 -38.000000 24.000000
      vertex -39.000000 -38.000000 24.000000
      vertex -31.000000 -38.000000 24.000000
    endloop
  endfacet
  facet normal 1.000000 0.000000 0.000000
    outer loop
      vertex -31.000000 -38.690983 24.951057
      vertex -31.000000 -39.000000 24.850651
      vertex -31.000000 -39.000000 24.809017
    endloop
  endfacet
  facet normal 1.000000 0.000000 0.000000
    outer loop
      vertex -31.000000 -39.000000 24.707107
      vertex -31.000000 -38.690983 24.951057
      vertex -31.000000 -39.000000 24.809017
    endloop
  endfacet
  facet normal 1.000000 -0.000000 0.000000
    outer loop
      vertex -31.000000 -38.513743 24.707107
      vertex -31.000000 -38.690983 24.951057
      vertex -31.000000 -39.000000 24.707107
    endloop
  endfacet
  facet normal 0.000000 0.000000 1.000000
    outer loop
      vertex -31.000000 -47.000000 24.809017
      vertex -30.412215 -47.000000 24.809017
      vertex -31.000000 -39.000000 24.809017
    endloop
  endfacet
  facet normal 0.000000 0.000000 1.000000
    outer loop
      vertex -30.412215 -47.000000 24.809017
      vertex -30.412215 -39.000000 24.809017
      vertex -31.000000 -39.000000 24.809017
    endloop
  endfacet
  facet normal 0.951056 0.000000 0.309018
    outer loop
      vertex -30.379102 -39.000000 24.707107
      vertex -30.412215 -39.000000 24.809017
      vertex -30.412215 -47.000000 24.809017
    endloop
  endfacet
  facet normal 0.951056 0.000000 0.309018
    outer loop
      vertex -30.379102 -39.118657 24.707107
      vertex -30.379102 -39.000000 24.707107
      vertex -30.412215 -47.000000 24.809017
    endloop
  endfacet
  facet normal 0.951056 -0.000000 0.309018
    outer loop
      vertex -30.149349 -39.000000 24.000000
      vertex -30.292893 -39.000000 24.441782
      vertex -30.149349 -47.000000 24.000000
    endloop
  endfacet
  facet normal 0.951056 -0.000000 0.309018
    outer loop
      vertex -30.149349 -47.000000 24.000000
      vertex -30.379102 -39.118657 24.707107
      vertex -30.412215 -47.000000 24.809017
    endloop
  endfacet
  facet normal 0.951056 0.000000 0.309018
    outer loop
      vertex -30.292893 -39.000000 24.441782
      vertex -30.379102 -39.118657 24.707107
      vertex -30.149349 -47.000000 24.000000
    endloop
  endfacet
  facet normal 0.000000 0.000000 1.000000
    outer loop
      vertex -30.149349 -47.000000 24.000000
      vertex -30.000000 -47.000000 24.000000
      vertex -30.149349 -39.000000 24.000000
    endloop
  endfacet
  facet normal 0.000000 0.000000 1.000000
    outer loop
      vertex -30.000000 -47.000000 24.000000
      vertex -30.000000 -39.000000 24.000000
      vertex -30.149349 -39.000000 24.000000
    endloop
  endfacet
  facet normal 0.000000 0.000000 0.000000
    outer loop
      vertex -31.000000 -38.398499 24.000000
      vertex -31.000000 -38.149349 24.000000
      vertex -31.000000 -38.000000 24.000000
    endloop
  endfacet
  facet normal 0.000000 0.000000 1.000000
    outer loop
      vertex -31.000000 -38.398499 24.000000
      vertex -30.781492 -38.327501 24.000000
      vertex -31.000000 -38.149349 24.000000
    endloop
  endfacet
  facet normal 0.000000 0.000000 1.000000
    outer loop
      vertex -30.690983 -38.048943 24.000000
      vertex -30.149349 -39.000000 24.000000
      vertex -30.000000 -39.000000 24.000000
    endloop
  endfacet
  facet normal 0.000000 0.000000 1.000000
    outer loop
      vertex -30.690983 -38.048943 24.000000
      vertex -30.292893 -39.000000 24.000000
      vertex -30.149349 -39.000000 24.000000
    endloop
  endfacet
  facet normal 0.000000 -0.000000 1.000000
    outer loop
      vertex -30.690983 -38.048943 24.000000
      vertex -30.781492 -38.327501 24.000000
      vertex -30.292893 -39.000000 24.000000
    endloop
  endfacet
  facet normal 0.000000 0.000000 1.000000
    outer loop
      vertex -30.690983 -38.048943 24.000000
      vertex -31.000000 -38.149349 24.000000
      vertex -30.781492 -38.327501 24.000000
    endloop
  endfacet
  facet normal 1.000000 0.000000 0.000000
    outer loop
      vertex -30.000000 -46.000000 3.149349
      vertex -30.000000 -39.000000 3.000000
      vertex -30.000000 -47.000000 24.000000
    endloop
  endfacet
  facet normal 1.000000 0.000000 -0.000000
    outer loop
      vertex -30.000000 -47.000000 24.000000
      vertex -30.000000 -47.000000 4.000000
      vertex -30.000000 -46.809017 4.000000
    endloop
  endfacet
  facet normal 1.000000 0.000000 0.000000
    outer loop
      vertex -30.000000 -46.000000 3.149349
      vertex -30.000000 -47.000000 24.000000
      vertex -30.000000 -46.809017 4.000000
    endloop
  endfacet
  facet normal 1.000000 0.000000 0.000000
    outer loop
      vertex -30.000000 -46.809017 3.412215
      vertex -30.000000 -46.000000 3.149349
      vertex -30.000000 -46.809017 4.000000
    endloop
  endfacet
  facet normal 1.000000 0.000000 0.000000
    outer loop
      vertex -30.000000 -46.000000 3.000000
      vertex -30.000000 -39.000000 3.000000
      vertex -30.000000 -46.000000 3.149349
    endloop
  endfacet
  facet normal 1.000000 0.000000 0.000000
    outer loop
      vertex -30.000000 -39.000000 3.000000
      vertex -30.000000 -39.000000 24.000000
      vertex -30.000000 -47.000000 24.000000
    endloop
  endfacet
  facet normal 0.000000 0.000000 1.000000
    outer loop
      vertex 30.000000 -47.000000 4.000000
      vertex 30.000000 -46.809017 4.000000
      vertex -30.000000 -46.809017 4.000000
    endloop
  endfacet
  facet normal 0.000000 0.000000 1.000000
    outer loop
      vertex -30.000000 -47.000000 4.000000
      vertex 30.000000 -47.000000 4.000000
      vertex -30.000000 -46.809017 4.000000
    endloop
  endfacet
  facet normal -1.000000 -0.000000 -0.000000
    outer loop
      vertex 30.000000 -47.000000 4.000000
      vertex 30.000000 -47.000000 24.000000
      vertex 30.000000 -46.809017 4.000000
    endloop
  endfacet
  facet normal -1.000000 0.000000 -0.000000
    outer loop
      vertex 30.000000 -46.809017 4.000000
      vertex 30.000000 -47.000000 24.000000
      vertex 30.000000 -39.000000 24.000000
    endloop
  endfacet
  facet normal -1.000000 -0.000000 0.000000
    outer loop
      vertex 30.000000 -46.809017 4.000000
      vertex 30.000000 -39.000000 24.000000
      vertex 30.000000 -39.000000 3.000000
    endloop
  endfacet
  facet normal -1.000000 -0.000000 -0.000000
    outer loop
      vertex 30.000000 -46.809017 3.412215
      vertex 30.000000 -46.809017 4.000000
      vertex 30.000000 -46.000000 3.149349
    endloop
  endfacet
  facet normal -1.000000 0.000000 0.000000
    outer loop
      vertex 30.000000 -39.000000 3.000000
      vertex 30.000000 -46.000000 3.000000
      vertex 30.000000 -46.000000 3.149349
    endloop
  endfacet
  facet normal -1.000000 0.000000 0.000000
    outer loop
      vertex 30.000000 -46.809017 4.000000
      vertex 30.000000 -39.000000 3.000000
      vertex 30.000000 -46.000000 3.149349
    endloop
  endfacet
  facet normal 0.000000 -0.000000 1.000000
    outer loop
      vertex 30.000000 -39.000000 24.000000
      vertex 30.000000 -47.000000 24.000000
      vertex 30.149349 -47.000000 24.000000
    endloop
  endfacet
  facet normal 0.000000 0.000000 0.000000
    outer loop
      vertex 30.427939 -39.000000 24.000000
      vertex 30.000000 -39.000000 24.000000
      vertex 30.149349 -39.000000 24.000000
    endloop
  endfacet
  facet normal 0.000000 0.000000 1.000000
    outer loop
      vertex 30.149349 -39.000000 24.000000
      vertex 30.000000 -39.000000 24.000000
      vertex 30.149349 -47.000000 24.000000
    endloop
  endfacet
  facet normal 0.000000 -0.000000 0.000000
    outer loop
      vertex 30.190983 -39.000000 24.000000
      vertex 30.000000 -39.000000 24.000000
      vertex 30.427939 -39.000000 24.000000
    endloop
  endfacet
  facet normal 0.000000 0.000000 1.000000
    outer loop
      vertex 31.000000 -38.149349 24.000000
      vertex 30.427939 -38.584373 24.000000
      vertex 31.000000 -38.398499 24.000000
    endloop
  endfacet
  facet normal 0.000000 0.000000 1.000000
    outer loop
      vertex 30.190983 -38.412215 24.000000
      vertex 30.427939 -38.584373 24.000000
      vertex 31.000000 -38.149349 24.000000
    endloop
  endfacet
  facet normal 0.000000 0.000000 1.000000
    outer loop
      vertex 30.427939 -38.584373 24.000000
      vertex 30.190983 -39.000000 24.000000
      vertex 30.427939 -39.000000 24.000000
    endloop
  endfacet
  facet normal 0.000000 -0.000000 1.000000
    outer loop
      vertex 30.190983 -38.412215 24.000000
      vertex 30.190983 -39.000000 24.000000
      vertex 30.427939 -38.584373 24.000000
    endloop
  endfacet
  facet normal -0.951056 0.000000 0.309018
    outer loop
      vertex 30.149349 -39.000000 24.000000
      vertex 30.149349 -47.000000 24.000000
      vertex 30.412215 -39.000000 24.809017
    endloop
  endfacet
  facet normal -0.951056 0.000000 0.309018
    outer loop
      vertex 30.412215 -39.000000 24.809017
      vertex 30.149349 -47.000000 24.000000
      vertex 30.412215 -47.000000 24.809017
    endloop
  endfacet
  facet normal 0.000000 0.000000 1.000000
    outer loop
      vertex 31.000000 -39.000000 24.809017
      vertex 30.412215 -39.000000 24.809017
      vertex 30.412215 -47.000000 24.809017
    endloop
  endfacet
  facet normal -0.000000 0.000000 1.000000
    outer loop
      vertex 31.000000 -39.128136 24.809017
      vertex 31.000000 -39.000000 24.809017
      vertex 30.412215 -47.000000 24.809017
    endloop
  endfacet
  facet normal -0.000000 0.000000 1.000000
    outer loop
      vertex 31.000000 -47.000000 24.809017
      vertex 31.000000 -39.128136 24.809017
      vertex 30.412215 -47.000000 24.809017
    endloop
  endfacet
  facet normal -0.000000 -0.309018 0.951056
    outer loop
      vertex 39.000000 -39.000000 24.850651
      vertex 31.000000 -38.690983 24.951057
      vertex 31.000000 -39.000000 24.850651
    endloop
  endfacet
  facet normal 0.000000 -0.000000 0.000000
    outer loop
      vertex 31.000000 -39.000000 24.850651
      vertex 31.000000 -38.690983 24.951057
      vertex 31.000000 -39.128136 24.809017
    endloop
  endfacet
  facet normal 0.000000 -0.309018 0.951056
    outer loop
      vertex 39.000000 -38.690983 24.951057
      vertex 31.000000 -38.690983 24.951057
      vertex 39.000000 -39.000000 24.850651
    endloop
  endfacet
  facet normal 0.000000 0.809017 0.587785
    outer loop
      vertex 31.000000 -38.690983 24.951057
      vertex 39.000000 -38.690983 24.951057
      vertex 31.000000 -38.513743 24.707107
    endloop
  endfacet
  facet normal 0.000000 0.809017 0.587785
    outer loop
      vertex 31.353821 -38.513743 24.707107
      vertex 39.000000 -38.690983 24.951057
      vertex 39.000000 -38.000000 24.000000
    endloop
  endfacet
  facet normal 0.000000 0.809017 0.587785
    outer loop
      vertex 31.218508 -38.327501 24.450767
      vertex 39.000000 -38.000000 24.000000
      vertex 31.000000 -38.000000 24.000000
    endloop
  endfacet
  facet normal 0.000000 0.809017 0.587785
    outer loop
      vertex 31.000000 -38.398499 24.548487
      vertex 31.218508 -38.327501 24.450767
      vertex 31.000000 -38.000000 24.000000
    endloop
  endfacet
  facet normal 0.000000 0.809017 0.587785
    outer loop
      vertex 31.000000 -38.513743 24.707107
      vertex 39.000000 -38.690983 24.951057
      vertex 31.353821 -38.513743 24.707107
    endloop
  endfacet
  facet normal -0.000000 0.809017 0.587785
    outer loop
      vertex 31.353821 -38.513743 24.707107
      vertex 39.000000 -38.000000 24.000000
      vertex 31.218508 -38.327501 24.450767
    endloop
  endfacet
  facet normal 0.000000 -0.000000 -0.000000
    outer loop
      vertex 31.000000 -38.000000 24.000000
      vertex 39.000000 -38.000000 24.000000
      vertex 36.000000 -38.000000 24.000000
    endloop
  endfacet
  facet normal 0.000000 1.000000 0.000000
    outer loop
      vertex 31.000000 -38.000000 3.000000
      vertex 31.000000 -38.000000 24.000000
      vertex 38.000000 -38.000000 3.000000
    endloop
  endfacet
  facet normal 0.000000 1.000000 0.000000
    outer loop
      vertex 38.000000 -38.000000 3.000000
      vertex 31.000000 -38.000000 24.000000
      vertex 36.000000 -38.000000 24.000000
    endloop
  endfacet
  facet normal 0.000000 1.000000 0.000000
    outer loop
      vertex 38.000000 -38.000000 3.000000
      vertex 36.000000 -38.000000 24.000000
      vertex 39.000000 -38.000000 24.000000
    endloop
  endfacet
  facet normal 0.000000 1.000000 0.000000
    outer loop
      vertex 38.850651 -38.000000 4.000000
      vertex 39.000000 -38.000000 24.000000
      vertex 39.000000 -38.000000 4.000000
    endloop
  endfacet
  facet normal 0.000000 1.000000 0.000000
    outer loop
      vertex 38.000000 -38.000000 3.000000
      vertex 39.000000 -38.000000 24.000000
      vertex 38.850651 -38.000000 4.000000
    endloop
  endfacet
  facet normal -0.000000 1.000000 0.000000
    outer loop
      vertex 38.951057 -38.000000 3.690983
      vertex 38.000000 -38.000000 3.000000
      vertex 38.850651 -38.000000 4.000000
    endloop
  endfacet
  facet normal 0.000000 0.000000 1.000000
    outer loop
      vertex 38.850651 -38.000000 4.000000
      vertex 39.000000 -38.000000 4.000000
      vertex 39.000000 38.000000 4.000000
    endloop
  endfacet
  facet normal 0.000000 0.000000 1.000000
    outer loop
      vertex 38.850651 38.000000 4.000000
      vertex 38.850651 -38.000000 4.000000
      vertex 39.000000 38.000000 4.000000
    endloop
  endfacet
  facet normal 0.000000 -1.000000 0.000000
    outer loop
      vertex 31.000000 38.000000 24.000000
      vertex 31.000000 38.000000 3.000000
      vertex 38.000000 38.000000 3.000000
    endloop
  endfacet
  facet normal 0.000000 -1.000000 0.000000
    outer loop
      vertex 38.951057 38.000000 3.690983
      vertex 31.000000 38.000000 24.000000
      vertex 38.000000 38.000000 3.000000
    endloop
  endfacet
  facet normal 0.000000 -1.000000 0.000000
    outer loop
      vertex 38.850651 38.000000 4.000000
      vertex 31.000000 38.000000 24.000000
      vertex 38.951057 38.000000 3.690983
    endloop
  endfacet
  facet normal 0.000000 -1.000000 0.000000
    outer loop
      vertex 39.000000 38.000000 4.000000
      vertex 31.000000 38.000000 24.000000
      vertex 38.850651 38.000000 4.000000
    endloop
  endfacet
  facet normal 0.000000 -1.000000 0.000000
    outer loop
      vertex 39.000000 38.000000 24.000000
      vertex 31.000000 38.000000 24.000000
      vertex 39.000000 38.000000 4.000000
    endloop
  endfacet
  facet normal 0.000000 -0.000000 1.000000
    outer loop
      vertex 30.427939 38.584373 24.000000
      vertex 30.190983 38.412215 24.000000
      vertex 31.000000 38.149349 24.000000
    endloop
  endfacet
  facet normal 0.000000 0.000000 1.000000
    outer loop
      vertex 31.000000 38.000000 24.000000
      vertex 39.000000 38.000000 24.000000
      vertex 31.000000 38.149349 24.000000
    endloop
  endfacet
  facet normal -0.000000 0.000000 1.000000
    outer loop
      vertex 31.000000 38.398499 24.000000
      vertex 30.427939 38.584373 24.000000
      vertex 31.000000 38.190983 24.000000
    endloop
  endfacet
  facet normal 0.000000 0.000000 1.000000
    outer loop
      vertex 39.000000 38.000000 24.000000
      vertex 31.000000 38.190983 24.000000
      vertex 31.000000 38.149349 24.000000
    endloop
  endfacet
  facet normal 0.000000 0.000000 1.000000
    outer loop
      vertex 30.427939 38.584373 24.000000
      vertex 30.427939 39.000000 24.000000
      vertex 30.190983 39.000000 24.000000
    endloop
  endfacet
  facet normal -0.000000 -0.000000 1.000000
    outer loop
      vertex 31.000000 38.190983 24.000000
      vertex 30.427939 38.584373 24.000000
      vertex 31.000000 38.149349 24.000000
    endloop
  endfacet
  facet normal 0.000000 -0.000000 1.000000
    outer loop
      vertex 30.190983 39.000000 24.000000
      vertex 30.190983 38.412215 24.000000
      vertex 30.427939 38.584373 24.000000
    endloop
  endfacet
  facet normal 0.000000 0.000000 1.000000
    outer loop
      vertex 39.000000 38.190983 24.000000
      vertex 31.000000 38.190983 24.000000
      vertex 39.000000 38.000000 24.000000
    endloop
  endfacet
  facet normal 0.000000 -1.000000 0.000000
    outer loop
      vertex 39.000000 38.190983 24.587785
      vertex 31.000000 38.190983 24.587785
      vertex 31.000000 38.190983 24.000000
    endloop
  endfacet
  facet normal 0.000000 -1.000000 0.000000
    outer loop
      vertex 39.000000 38.190983 24.000000
      vertex 39.000000 38.190983 24.587785
      vertex 31.000000 38.190983 24.000000
    endloop
  endfacet
  facet normal 0.000000 -0.309018 0.951056
    outer loop
      vertex 31.218508 38.327501 24.632142
      vertex 31.000000 38.190983 24.587785
      vertex 39.000000 38.190983 24.587785
    endloop
  endfacet
  facet normal -0.000000 -0.309018 0.951056
    outer loop
      vertex 31.386133 38.558218 24.707107
      vertex 39.000000 38.190983 24.587785
      vertex 39.000000 39.000000 24.850651
    endloop
  endfacet
  facet normal 0.000000 -0.309018 0.951056
    outer loop
      vertex 31.386133 38.558218 24.707107
      vertex 31.218508 38.327501 24.632142
      vertex 39.000000 38.190983 24.587785
    endloop
  endfacet
  facet normal -0.000000 -0.309018 0.951056
    outer loop
      vertex 31.000000 39.000000 24.850651
      vertex 31.386133 38.558218 24.707107
      vertex 39.000000 39.000000 24.850651
    endloop
  endfacet
  facet normal 0.000000 -0.309018 0.951056
    outer loop
      vertex 31.000000 38.398499 24.655211
      vertex 31.000000 38.190983 24.587785
      vertex 31.218508 38.327501 24.632142
    endloop
  endfacet
  facet normal 0.000000 -0.000000 0.000000
    outer loop
      vertex 31.000000 38.558218 24.707107
      vertex 31.000000 39.000000 24.850651
      vertex 31.000000 39.309017 24.951057
    endloop
  endfacet
  facet normal 0.000000 -0.309018 0.951056
    outer loop
      vertex 31.000000 38.558218 24.707107
      vertex 31.386133 38.558218 24.707107
      vertex 31.000000 39.000000 24.850651
    endloop
  endfacet
  facet normal 0.000000 0.000000 1.000000
    outer loop
      vertex 31.000000 47.000000 24.809017
      vertex 30.412215 47.000000 24.809017
      vertex 30.412215 39.000000 24.809017
    endloop
  endfacet
  facet normal -0.000000 0.000000 1.000000
    outer loop
      vertex 31.000000 39.412215 24.809017
      vertex 31.000000 47.000000 24.809017
      vertex 30.412215 39.000000 24.809017
    endloop
  endfacet
  facet normal -0.000000 0.000000 1.000000
    outer loop
      vertex 31.000000 39.000000 24.809017
      vertex 31.000000 39.412215 24.809017
      vertex 30.412215 39.000000 24.809017
    endloop
  endfacet
  facet normal 0.951056 0.000000 0.309018
    outer loop
      vertex -30.149349 47.000000 24.000000
      vertex -30.412215 47.000000 24.809017
      vertex -30.412215 39.000000 24.809017
    endloop
  endfacet
  facet normal 0.951056 0.000000 0.309018
    outer loop
      vertex -30.379102 39.118657 24.707107
      vertex -30.149349 47.000000 24.000000
      vertex -30.412215 39.000000 24.809017
    endloop
  endfacet
  facet normal 0.951056 0.000000 0.309018
    outer loop
      vertex -30.379102 39.000000 24.707107
      vertex -30.379102 39.118657 24.707107
      vertex -30.412215 39.000000 24.809017
    endloop
  endfacet
  facet normal 0.951056 0.000000 0.309018
    outer loop
      vertex -30.149349 39.000000 24.000000
      vertex -30.149349 47.000000 24.000000
      vertex -30.292893 39.000000 24.441782
    endloop
  endfacet
  facet normal 0.951056 0.000000 0.309018
    outer loop
      vertex -30.379102 39.118657 24.707107
      vertex -30.292893 39.000000 24.441782
      vertex -30.149349 47.000000 24.000000
    endloop
  endfacet
  facet normal 0.000000 -0.000000 1.000000
    outer loop
      vertex -31.000000 47.000000 24.809017
      vertex -31.000000 39.000000 24.809017
      vertex -30.412215 39.000000 24.809017
    endloop
  endfacet
  facet normal 0.000000 0.000000 1.000000
    outer loop
      vertex -30.412215 47.000000 24.809017
      vertex -31.000000 47.000000 24.809017
      vertex -30.412215 39.000000 24.809017
    endloop
  endfacet
  facet normal -0.000000 -0.000000 0.000000
    outer loop
      vertex 30.149349 39.000000 24.000000
      vertex 30.048943 39.000000 23.690983
      vertex 30.412215 39.000000 24.809017
    endloop
  endfacet
  facet normal -0.951056 0.000000 0.309018
    outer loop
      vertex 30.149349 39.000000 24.000000
      vertex 30.412215 39.000000 24.809017
      vertex 30.412215 47.000000 24.809017
    endloop
  endfacet
  facet normal -0.951056 0.000000 0.309018
    outer loop
      vertex 30.149349 39.000000 24.000000
      vertex 30.412215 47.000000 24.809017
      vertex 30.149349 47.000000 24.000000
    endloop
  endfacet
  facet normal 0.000000 -0.000000 1.000000
    outer loop
      vertex 30.000000 47.000000 24.000000
      vertex 30.000000 39.000000 24.000000
      vertex 30.149349 39.000000 24.000000
    endloop
  endfacet
  facet normal 0.000000 0.000000 1.000000
    outer loop
      vertex 30.149349 47.000000 24.000000
      vertex 30.000000 47.000000 24.000000
      vertex 30.149349 39.000000 24.000000
    endloop
  endfacet
  facet normal -1.000000 -0.000000 -0.000000
    outer loop
      vertex 30.000000 39.000000 3.000000
      vertex 30.000000 39.000000 24.000000
      vertex 30.000000 46.000000 3.000000
    endloop
  endfacet
  facet normal -1.000000 0.000000 -0.000000
    outer loop
      vertex 30.000000 46.000000 3.149349
      vertex 30.000000 39.000000 24.000000
      vertex 30.000000 47.000000 24.000000
    endloop
  endfacet
  facet normal -1.000000 -0.000000 0.000000
    outer loop
      vertex 30.000000 46.000000 3.149349
      vertex 30.000000 47.000000 4.000000
      vertex 30.000000 46.309017 3.048943
    endloop
  endfacet
  facet normal -1.000000 0.000000 0.000000
    outer loop
      vertex 30.000000 46.000000 3.149349
      vertex 30.000000 47.000000 24.000000
      vertex 30.000000 47.000000 4.000000
    endloop
  endfacet
  facet normal -1.000000 0.000000 0.000000
    outer loop
      vertex 30.000000 46.000000 3.000000
      vertex 30.000000 39.000000 24.000000
      vertex 30.000000 46.000000 3.149349
    endloop
  endfacet
  facet normal 1.000000 0.000000 -0.000000
    outer loop
      vertex -30.000000 39.000000 24.000000
      vertex -30.000000 39.000000 3.000000
      vertex -30.000000 46.000000 3.000000
    endloop
  endfacet
  facet normal 1.000000 0.000000 0.000000
    outer loop
      vertex -30.000000 46.309017 3.048943
      vertex -30.000000 39.000000 24.000000
      vertex -30.000000 46.000000 3.149349
    endloop
  endfacet
  facet normal 1.000000 -0.000000 0.000000
    outer loop
      vertex -30.000000 46.000000 3.149349
      vertex -30.000000 39.000000 24.000000
      vertex -30.000000 46.000000 3.000000
    endloop
  endfacet
  facet normal 1.000000 -0.000000 0.000000
    outer loop
      vertex -30.000000 47.000000 4.000000
      vertex -30.000000 39.000000 24.000000
      vertex -30.000000 46.309017 3.048943
    endloop
  endfacet
  facet normal 1.000000 0.000000 0.000000
    outer loop
      vertex -30.000000 47.000000 4.000000
      vertex -30.000000 47.000000 24.000000
      vertex -30.000000 39.000000 24.000000
    endloop
  endfacet
  facet normal 0.000000 -1.000000 0.000000
    outer loop
      vertex -31.000000 39.000000 24.809017
      vertex -31.000000 39.000000 24.707107
      vertex -30.379102 39.000000 24.707107
    endloop
  endfacet
  facet normal 0.000000 -1.000000 0.000000
    outer loop
      vertex -30.412215 39.000000 24.809017
      vertex -31.000000 39.000000 24.809017
      vertex -30.379102 39.000000 24.707107
    endloop
  endfacet
  facet normal 0.000000 -0.000000 1.000000
    outer loop
      vertex -31.000000 38.558218 24.707107
      vertex -31.491563 38.558218 24.707107
      vertex -30.781492 38.327501 24.707107
    endloop
  endfacet
  facet normal 0.000000 0.000000 1.000000
    outer loop
      vertex -30.292893 39.000000 24.707107
      vertex -31.000000 38.558218 24.707107
      vertex -30.781492 38.327501 24.707107
    endloop
  endfacet
  facet normal 0.000000 0.000000 1.000000
    outer loop
      vertex -30.379102 39.000000 24.707107
      vertex -30.292893 39.000000 24.707107
      vertex -30.379102 39.118657 24.707107
    endloop
  endfacet
  facet normal 0.000000 0.000000 0.000000
    outer loop
      vertex -31.000000 39.000000 24.707107
      vertex -30.292893 39.000000 24.707107
      vertex -30.379102 39.000000 24.707107
    endloop
  endfacet
  facet normal 0.000000 -0.000000 1.000000
    outer loop
      vertex -31.000000 39.000000 24.707107
      vertex -31.000000 38.558218 24.707107
      vertex -30.292893 39.000000 24.707107
    endloop
  endfacet
  facet normal 1.000000 0.000000 0.000000
    outer loop
      vertex -31.000000 39.000000 24.850651
      vertex -31.000000 38.558218 24.707107
      vertex -31.000000 39.000000 24.707107
    endloop
  endfacet
  facet normal -0.309018 0.951056 -0.000000
    outer loop
      vertex 40.645315 49.486257 0.292893
      vertex 41.000000 49.601501 0.451513
      vertex 41.218508 49.672499 0.292893
    endloop
  endfacet
  facet normal -0.309018 0.951056 0.000000
    outer loop
      vertex 41.218508 49.672499 0.292893
      vertex 41.000000 49.601501 0.451513
      vertex 41.000000 49.601501 1.000000
    endloop
  endfacet
  facet normal -0.309018 0.951056 0.000000
    outer loop
      vertex 41.218508 49.672499 0.292893
      vertex 41.000000 49.601501 1.000000
      vertex 41.218508 49.672499 1.000000
    endloop
  endfacet
  facet normal 0.809017 0.587785 0.000000
    outer loop
      vertex 41.707107 49.000000 0.292893
      vertex 41.218508 49.672499 0.292893
      vertex 41.218508 49.672499 1.000000
    endloop
  endfacet
  facet normal 0.809017 0.587785 -0.000000
    outer loop
      vertex 41.707107 49.000000 0.513743
      vertex 41.707107 49.000000 0.292893
      vertex 41.218508 49.672499 1.000000
    endloop
  endfacet
  facet normal 0.809017 0.587785 -0.000000
    outer loop
      vertex 41.707107 49.000000 1.000000
      vertex 41.707107 49.000000 0.513743
      vertex 41.218508 49.672499 1.000000
    endloop
  endfacet
  facet normal 0.000000 1.000000 -0.000000
    outer loop
      vertex 41.707107 49.000000 1.000000
      vertex 41.850651 49.000000 1.000000
      vertex 41.707107 49.000000 0.513743
    endloop
  endfacet
  facet normal 0.000000 1.000000 0.000000
    outer loop
      vertex 41.707107 49.000000 0.513743
      vertex 41.850651 49.000000 1.000000
      vertex 41.951057 49.000000 0.690983
    endloop
  endfacet
  facet normal 0.951056 0.000000 0.309018
    outer loop
      vertex 41.951057 49.000000 0.690983
      vertex 41.850651 49.000000 1.000000
      vertex 41.850651 39.000000 1.000000
    endloop
  endfacet
  facet normal 0.951056 0.000000 0.309018
    outer loop
      vertex 41.951057 39.000000 0.690983
      vertex 41.951057 49.000000 0.690983
      vertex 41.850651 39.000000 1.000000
    endloop
  endfacet
  facet normal 0.951056 0.000000 0.309018
    outer loop
      vertex 41.951057 39.000000 0.690983
      vertex 41.850651 39.000000 1.000000
      vertex 41.850651 -49.000000 1.000000
    endloop
  endfacet
  facet normal 0.951056 0.000000 0.309018
    outer loop
      vertex 41.951057 -49.000000 0.690983
      vertex 41.951057 39.000000 0.690983
      vertex 41.850651 -49.000000 1.000000
    endloop
  endfacet
  facet normal 0.000000 -1.000000 0.000000
    outer loop
      vertex 41.850651 -49.000000 1.000000
      vertex 41.707107 -49.000000 1.000000
      vertex 41.707107 -49.000000 0.513743
    endloop
  endfacet
  facet normal 0.000000 -1.000000 0.000000
    outer loop
      vertex 41.951057 -49.000000 0.690983
      vertex 41.850651 -49.000000 1.000000
      vertex 41.707107 -49.000000 0.513743
    endloop
  endfacet
  facet normal 0.809017 0.587785 -0.000000
    outer loop
      vertex 41.707107 -49.000000 0.292893
      vertex 41.403133 -48.581615 0.292893
      vertex 41.707107 -49.000000 0.513743
    endloop
  endfacet
  facet normal 0.000000 0.000000 0.000000
    outer loop
      vertex 41.707107 -49.000000 1.000000
      vertex 41.707107 -49.000000 0.292893
      vertex 41.707107 -49.000000 0.513743
    endloop
  endfacet
  facet normal 0.809017 -0.587785 0.000000
    outer loop
      vertex 41.218508 -49.672499 1.000000
      vertex 41.218508 -49.672499 0.292893
      vertex 41.707107 -49.000000 0.292893
    endloop
  endfacet
  facet normal 0.809017 -0.587785 0.000000
    outer loop
      vertex 41.707107 -49.000000 1.000000
      vertex 41.218508 -49.672499 1.000000
      vertex 41.707107 -49.000000 0.292893
    endloop
  endfacet
  facet normal -0.309018 -0.951056 -0.000000
    outer loop
      vertex 41.000000 -49.601501 0.344789
      vertex 40.508437 -49.441782 0.292893
      vertex 41.218508 -49.672499 0.292893
    endloop
  endfacet
  facet normal -0.309018 -0.951056 0.000000
    outer loop
      vertex 41.218508 -49.672499 1.000000
      vertex 41.000000 -49.601501 0.344789
      vertex 41.218508 -49.672499 0.292893
    endloop
  endfacet
  facet normal -0.309018 -0.951056 0.000000
    outer loop
      vertex 41.000000 -49.601501 1.000000
      vertex 41.000000 -49.601501 0.344789
      vertex 41.218508 -49.672499 1.000000
    endloop
  endfacet
  facet normal 1.000000 0.000000 0.000000
    outer loop
      vertex 41.000000 -49.601501 1.000000
      vertex 41.000000 -49.809017 1.000000
      vertex 41.000000 -49.809017 0.412215
    endloop
  endfacet
  facet normal 1.000000 0.000000 0.000000
    outer loop
      vertex 41.000000 -49.601501 0.344789
      vertex 41.000000 -49.601501 1.000000
      vertex 41.000000 -49.809017 0.412215
    endloop
  endfacet
  facet normal 0.000000 -1.000000 0.000000
    outer loop
      vertex 41.000000 -49.809017 1.000000
      vertex -31.000000 -49.809017 1.000000
      vertex 41.000000 -49.809017 0.412215
    endloop
  endfacet
  facet normal 0.000000 -0.000000 0.000000
    outer loop
      vertex 41.000000 -49.809017 0.412215
      vertex -31.000000 -49.809017 0.412215
      vertex -41.000000 -49.809017 0.412215
    endloop
  endfacet
  facet normal 0.000000 -1.000000 0.000000
    outer loop
      vertex -31.000000 -49.809017 1.000000
      vertex -31.000000 -49.809017 0.412215
      vertex 41.000000 -49.809017 0.412215
    endloop
  endfacet
  facet normal 0.000000 -1.000000 0.000000
    outer loop
      vertex -31.000000 -49.809017 1.000000
      vertex -41.000000 -49.809017 1.000000
      vertex -41.000000 -49.809017 0.412215
    endloop
  endfacet
  facet normal 0.000000 -1.000000 0.000000
    outer loop
      vertex -31.000000 -49.809017 0.412215
      vertex -31.000000 -49.809017 1.000000
      vertex -41.000000 -49.809017 0.412215
    endloop
  endfacet
  facet normal -1.000000 0.000000 0.000000
    outer loop
      vertex -41.000000 -49.809017 1.000000
      vertex -41.000000 -49.601501 1.000000
      vertex -41.000000 -49.809017 0.412215
    endloop
  endfacet
  facet normal -1.000000 -0.000000 0.000000
    outer loop
      vertex -41.000000 -49.809017 0.412215
      vertex -41.000000 -49.601501 1.000000
      vertex -41.000000 -49.601501 0.344789
    endloop
  endfacet
  facet normal -0.309018 -0.951056 -0.000000
    outer loop
      vertex -41.000000 -49.601501 0.344789
      vertex -41.572061 -49.415627 0.292893
      vertex -40.781492 -49.672499 0.292893
    endloop
  endfacet
  facet normal -0.309018 -0.951056 -0.000000
    outer loop
      vertex -41.000000 -49.601501 0.344789
      vertex -41.000000 -49.601501 1.000000
      vertex -41.572061 -49.415627 1.000000
    endloop
  endfacet
  facet normal -0.309018 -0.951056 0.000000
    outer loop
      vertex -41.572061 -49.415627 1.000000
      vertex -41.572061 -49.415627 0.292893
      vertex -41.000000 -49.601501 0.344789
    endloop
  endfacet
  facet normal -0.309018 -0.951056 0.000000
    outer loop
      vertex -40.781492 -49.672499 0.367858
      vertex -41.000000 -49.601501 0.344789
      vertex -40.781492 -49.672499 0.292893
    endloop
  endfacet
  facet normal -1.000000 0.000000 0.000000
    outer loop
      vertex -41.572061 -48.584373 0.415626
      vertex -41.572061 -48.584373 0.292893
      vertex -41.572061 -49.000000 0.415626
    endloop
  endfacet
  facet normal -1.000000 0.000000 -0.000000
    outer loop
      vertex -41.572061 -49.415627 0.292893
      vertex -41.572061 -49.415627 1.000000
      vertex -41.572061 -49.000000 0.415626
    endloop
  endfacet
  facet normal -1.000000 -0.000000 0.000000
    outer loop
      vertex -41.572061 -49.415627 0.292893
      vertex -41.572061 -49.000000 0.415626
      vertex -41.572061 -48.584373 0.292893
    endloop
  endfacet
  facet normal -1.000000 0.000000 0.000000
    outer loop
      vertex -41.572061 -49.000000 0.415626
      vertex -41.572061 -49.415627 1.000000
      vertex -41.572061 -49.000000 1.000000
    endloop
  endfacet
  facet normal -0.309018 0.951056 0.000000
    outer loop
      vertex -41.403133 -48.529485 0.292893
      vertex -41.572061 -48.584373 0.292893
      vertex -41.572061 -48.584373 0.415626
    endloop
  endfacet
  facet normal 0.000000 -0.000000 -1.000000
    outer loop
      vertex -41.572061 -49.415627 0.292893
      vertex -41.572061 -48.584373 0.292893
      vertex -41.403133 -49.000000 0.292893
    endloop
  endfacet
  facet normal 0.000000 0.000000 -1.000000
    outer loop
      vertex -40.613867 -49.441782 0.292893
      vertex -40.781492 -49.672499 0.292893
      vertex -41.000000 -49.441782 0.292893
    endloop
  endfacet
  facet normal 0.000000 0.000000 -1.000000
    outer loop
      vertex -41.000000 -49.441782 0.292893
      vertex -41.403133 -49.000000 0.292893
      vertex -41.000000 -49.000000 0.292893
    endloop
  endfacet
  facet normal -0.000000 0.000000 -1.000000
    outer loop
      vertex -41.572061 -49.415627 0.292893
      vertex -41.403133 -49.000000 0.292893
      vertex -41.000000 -49.441782 0.292893
    endloop
  endfacet
  facet normal 0.000000 0.000000 -1.000000
    outer loop
      vertex -41.572061 -49.415627 0.292893
      vertex -41.000000 -49.441782 0.292893
      vertex -40.781492 -49.672499 0.292893
    endloop
  endfacet
  facet normal 0.000000 0.000000 -1.000000
    outer loop
      vertex -41.403133 -49.000000 0.292893
      vertex -41.572061 -48.584373 0.292893
      vertex -41.403133 -48.529485 0.292893
    endloop
  endfacet
  facet normal 0.000000 -1.000000 0.000000
    outer loop
      vertex -41.000000 -49.000000 0.149349
      vertex -41.403133 -49.000000 0.292893
      vertex -41.000000 -49.000000 -0.000000
    endloop
  endfacet
  facet normal 0.000000 -1.000000 0.000000
    outer loop
      vertex -41.000000 -49.000000 0.292893
      vertex -41.403133 -49.000000 0.292893
      vertex -41.000000 -49.000000 0.149349
    endloop
  endfacet
  facet normal 0.000000 -1.000000 0.000000
    outer loop
      vertex -40.794439 -49.000000 0.149349
      vertex -41.000000 -49.000000 0.149349
      vertex -41.000000 -49.000000 -0.000000
    endloop
  endfacet
  facet normal 0.000000 0.000000 -0.000000
    outer loop
      vertex -41.000000 49.000000 -0.000000
      vertex -41.000000 49.000000 0.000000
      vertex -41.000000 -49.000000 -0.000000
    endloop
  endfacet
  facet normal 0.000000 0.000000 -0.000000
    outer loop
      vertex -41.000000 -49.000000 -0.000000
      vertex -41.000000 49.000000 0.000000
      vertex -41.000000 -49.000000 0.000000
    endloop
  endfacet
  facet normal 0.000000 -0.000000 0.000000
    outer loop
      vertex -41.000000 -49.000000 -0.000000
      vertex -41.000000 -49.000000 0.000000
      vertex -40.794439 -49.000000 0.149349
    endloop
  endfacet
  facet normal 0.000000 0.000000 0.000000
    outer loop
      vertex -41.000000 49.000000 -0.000000
      vertex -41.403133 49.000000 0.292893
      vertex -41.000000 49.000000 0.000000
    endloop
  endfacet
  facet normal -1.000000 -0.000000 -0.000000
    outer loop
      vertex -41.572061 -39.415627 0.292893
      vertex -41.572061 -39.415627 0.415626
      vertex -41.572061 -38.584373 0.292893
    endloop
  endfacet
  facet normal -1.000000 0.000000 0.000000
    outer loop
      vertex -41.572061 -38.584373 0.292893
      vertex -41.572061 -39.415627 0.415626
      vertex -41.572061 -38.584373 0.415626
    endloop
  endfacet
  facet normal -0.309018 0.951056 0.000000
    outer loop
      vertex -41.403133 -38.529485 0.292893
      vertex -41.572061 -38.584373 0.292893
      vertex -41.572061 -38.584373 0.415626
    endloop
  endfacet
  facet normal -0.000000 -0.000000 -1.000000
    outer loop
      vertex -41.572061 -39.415627 0.292893
      vertex -41.572061 -38.584373 0.292893
      vertex -41.403133 -39.470515 0.292893
    endloop
  endfacet
  facet normal 0.000000 0.000000 -1.000000
    outer loop
      vertex -41.403133 -39.470515 0.292893
      vertex -41.572061 -38.584373 0.292893
      vertex -41.403133 -38.529485 0.292893
    endloop
  endfacet
  facet normal -0.309018 -0.951056 0.000000
    outer loop
      vertex -41.572061 -39.415627 0.415626
      vertex -41.572061 -39.415627 0.292893
      vertex -41.403133 -39.470515 0.292893
    endloop
  endfacet
  facet normal -1.000000 -0.000000 -0.000000
    outer loop
      vertex -41.572061 38.584373 0.292893
      vertex -41.572061 38.584373 0.415626
      vertex -41.572061 39.415627 0.292893
    endloop
  endfacet
  facet normal -1.000000 0.000000 0.000000
    outer loop
      vertex -41.572061 39.415627 0.292893
      vertex -41.572061 38.584373 0.415626
      vertex -41.572061 39.415627 0.415626
    endloop
  endfacet
  facet normal -0.309018 0.951056 0.000000
    outer loop
      vertex -41.403133 39.470515 0.292893
      vertex -41.572061 39.415627 0.292893
      vertex -41.572061 39.415627 0.415626
    endloop
  endfacet
  facet normal -0.000000 -0.000000 -1.000000
    outer loop
      vertex -41.572061 38.584373 0.292893
      vertex -41.572061 39.415627 0.292893
      vertex -41.403133 38.529485 0.292893
    endloop
  endfacet
  facet normal 0.000000 0.000000 -1.000000
    outer loop
      vertex -41.403133 38.529485 0.292893
      vertex -41.572061 39.415627 0.292893
      vertex -41.403133 39.470515 0.292893
    endloop
  endfacet
  facet normal -0.309018 -0.951056 0.000000
    outer loop
      vertex -41.572061 38.584373 0.415626
      vertex -41.572061 38.584373 0.292893
      vertex -41.403133 38.529485 0.292893
    endloop
  endfacet
  facet normal 0.000000 1.000000 0.000000
    outer loop
      vertex -41.000000 49.000000 0.000000
      vertex -41.403133 49.000000 0.292893
      vertex -41.000000 49.000000 0.292893
    endloop
  endfacet
  facet normal 0.000000 0.000000 0.000000
    outer loop
      vertex -41.000000 49.000000 0.000000
      vertex -41.000000 49.000000 0.292893
      vertex -41.000000 49.000000 0.149349
    endloop
  endfacet
  facet normal 0.000000 1.000000 -0.000000
    outer loop
      vertex -30.794439 49.000000 0.149349
      vertex 41.000000 49.000000 0.000000
      vertex -31.000000 49.000000 0.000000
    endloop
  endfacet
  facet normal 0.000000 1.000000 0.000000
    outer loop
      vertex -31.000000 49.000000 0.000000
      vertex -41.000000 49.000000 0.149349
      vertex -31.205561 49.000000 0.149349
    endloop
  endfacet
  facet normal 0.000000 1.000000 0.000000
    outer loop
      vertex -41.000000 49.000000 0.000000
      vertex -41.000000 49.000000 0.149349
      vertex -31.000000 49.000000 0.000000
    endloop
  endfacet
  facet normal 0.000000 0.000000 0.000000
    outer loop
      vertex -41.000000 49.000000 0.000000
      vertex -31.000000 49.000000 0.000000
      vertex 41.000000 49.000000 0.000000
    endloop
  endfacet
  facet normal 0.000000 1.000000 -0.000000
    outer loop
      vertex 31.000000 49.000000 0.149349
      vertex 41.000000 49.000000 0.000000
      vertex -30.794439 49.000000 0.149349
    endloop
  endfacet
  facet normal 0.000000 1.000000 -0.000000
    outer loop
      vertex 40.794439 49.000000 0.149349
      vertex 41.000000 49.000000 0.000000
      vertex 31.000000 49.000000 0.149349
    endloop
  endfacet
  facet normal -1.000000 0.000000 0.000000
    outer loop
      vertex -41.000000 49.000000 0.292893
      vertex -41.000000 49.486257 0.292893
      vertex -41.000000 49.000000 0.149349
    endloop
  endfacet
  facet normal -1.000000 -0.000000 0.000000
    outer loop
      vertex -41.000000 49.000000 0.149349
      vertex -41.000000 49.486257 0.292893
      vertex -41.000000 49.309017 0.048943
    endloop
  endfacet
  facet normal 0.000000 -0.309018 -0.951056
    outer loop
      vertex -41.000000 49.000000 0.149349
      vertex -41.000000 49.309017 0.048943
      vertex -31.205561 49.000000 0.149349
    endloop
  endfacet
  facet normal 0.000000 -0.309018 -0.951056
    outer loop
      vertex -31.205561 49.000000 0.149349
      vertex -41.000000 49.309017 0.048943
      vertex 31.000000 49.309017 0.048943
    endloop
  endfacet
  facet normal 0.000000 -0.309018 -0.951056
    outer loop
      vertex -30.794439 49.000000 0.149349
      vertex 31.000000 49.309017 0.048943
      vertex 31.000000 49.000000 0.149349
    endloop
  endfacet
  facet normal -0.000000 -0.309018 -0.951056
    outer loop
      vertex -31.205561 49.000000 0.149349
      vertex 31.000000 49.309017 0.048943
      vertex -30.794439 49.000000 0.149349
    endloop
  endfacet
  facet normal 0.000000 0.000000 -1.000000
    outer loop
      vertex 30.645315 49.486257 0.292893
      vertex 31.218508 49.672499 0.292893
      vertex 31.000000 49.486257 0.292893
    endloop
  endfacet
  facet normal -0.000000 0.000000 -1.000000
    outer loop
      vertex 31.000000 49.486257 0.292893
      vertex 31.218508 49.672499 0.292893
      vertex 31.353821 49.486257 0.292893
    endloop
  endfacet
  facet normal -0.309018 0.951056 -0.000000
    outer loop
      vertex 30.645315 49.486257 0.292893
      vertex 31.000000 49.601501 0.451513
      vertex 31.218508 49.672499 0.292893
    endloop
  endfacet
  facet normal -0.309018 0.951056 0.000000
    outer loop
      vertex 31.218508 49.672499 0.549233
      vertex 31.218508 49.672499 0.292893
      vertex 31.000000 49.601501 0.451513
    endloop
  endfacet
  facet normal -0.309018 0.951056 0.000000
    outer loop
      vertex -30.781492 49.672499 0.292893
      vertex -31.354685 49.486257 0.292893
      vertex -30.781492 49.672499 0.549233
    endloop
  endfacet
  facet normal 0.809017 0.587785 0.000000
    outer loop
      vertex -30.646179 49.486257 0.292893
      vertex -30.781492 49.672499 0.292893
      vertex -30.781492 49.672499 0.549233
    endloop
  endfacet
  facet normal 0.000000 0.000000 -1.000000
    outer loop
      vertex -30.646179 49.486257 0.292893
      vertex -31.354685 49.486257 0.292893
      vertex -30.781492 49.672499 0.292893
    endloop
  endfacet
  facet normal 0.809017 0.587785 0.000000
    outer loop
      vertex 31.353821 49.486257 0.292893
      vertex 31.218508 49.672499 0.292893
      vertex 31.218508 49.672499 0.549233
    endloop
  endfacet
  facet normal 0.000000 -0.309018 -0.951056
    outer loop
      vertex 31.000000 49.000000 0.149349
      vertex 31.000000 49.309017 0.048943
      vertex 40.794439 49.000000 0.149349
    endloop
  endfacet
  facet normal 0.000000 -0.309018 -0.951056
    outer loop
      vertex 40.794439 49.000000 0.149349
      vertex 31.000000 49.309017 0.048943
      vertex 41.000000 49.309017 0.048943
    endloop
  endfacet
  facet normal -0.000000 -0.309018 -0.951056
    outer loop
      vertex 40.794439 49.000000 0.149349
      vertex 41.000000 49.309017 0.048943
      vertex 41.000000 49.000000 0.149349
    endloop
  endfacet
  facet normal -0.000000 0.000000 -1.000000
    outer loop
      vertex 40.645315 49.486257 0.292893
      vertex 41.218508 49.672499 0.292893
      vertex 41.000000 49.486257 0.292893
    endloop
  endfacet
  facet normal -0.000000 0.000000 -1.000000
    outer loop
      vertex 41.000000 49.486257 0.292893
      vertex 41.218508 49.672499 0.292893
      vertex 41.707107 49.000000 0.292893
    endloop
  endfacet
  facet normal 0.000000 0.000000 -1.000000
    outer loop
      vertex 41.707107 49.000000 0.292893
      vertex 41.403133 48.581615 0.292893
      vertex 41.403133 49.000000 0.292893
    endloop
  endfacet
  facet normal 0.000000 0.000000 -1.000000
    outer loop
      vertex 41.000000 49.486257 0.292893
      vertex 41.403133 49.000000 0.292893
      vertex 41.000000 49.000000 0.292893
    endloop
  endfacet
  facet normal 0.000000 0.000000 -1.000000
    outer loop
      vertex 41.000000 49.486257 0.292893
      vertex 41.707107 49.000000 0.292893
      vertex 41.403133 49.000000 0.292893
    endloop
  endfacet
  facet normal 1.000000 -0.000000 0.000000
    outer loop
      vertex -31.000000 -38.000000 24.000000
      vertex -31.000000 -38.398499 24.548487
      vertex -31.000000 -38.398499 24.000000
    endloop
  endfacet
  facet normal -0.309018 0.951056 0.000000
    outer loop
      vertex -31.354685 -38.513743 24.707107
      vertex -30.781492 -38.327501 24.707107
      vertex -31.000000 -38.398499 24.548487
    endloop
  endfacet
  facet normal -0.309018 0.951056 0.000000
    outer loop
      vertex -31.000000 -38.398499 24.548487
      vertex -30.781492 -38.327501 24.707107
      vertex -30.781492 -38.327501 24.000000
    endloop
  endfacet
  facet normal -0.309018 0.951056 0.000000
    outer loop
      vertex -31.000000 -38.398499 24.548487
      vertex -30.781492 -38.327501 24.000000
      vertex -31.000000 -38.398499 24.000000
    endloop
  endfacet
  facet normal 0.000000 0.000000 1.000000
    outer loop
      vertex -30.379102 -39.000000 24.707107
      vertex -30.292893 -39.000000 24.707107
      vertex -30.781492 -38.327501 24.707107
    endloop
  endfacet
  facet normal 0.000000 0.000000 1.000000
    outer loop
      vertex -30.781492 -38.327501 24.707107
      vertex -31.354685 -38.513743 24.707107
      vertex -31.000000 -38.513743 24.707107
    endloop
  endfacet
  facet normal 0.000000 0.000000 1.000000
    outer loop
      vertex -31.000000 -39.000000 24.707107
      vertex -30.781492 -38.327501 24.707107
      vertex -31.000000 -38.513743 24.707107
    endloop
  endfacet
  facet normal 0.000000 0.000000 1.000000
    outer loop
      vertex -31.000000 -39.000000 24.707107
      vertex -30.379102 -39.000000 24.707107
      vertex -30.781492 -38.327501 24.707107
    endloop
  endfacet
  facet normal 0.000000 0.000000 1.000000
    outer loop
      vertex -30.379102 -39.118657 24.707107
      vertex -30.292893 -39.000000 24.707107
      vertex -30.379102 -39.000000 24.707107
    endloop
  endfacet
  facet normal -0.309018 -0.951056 0.000000
    outer loop
      vertex -30.781492 38.327501 24.707107
      vertex -31.491563 38.558218 24.707107
      vertex -31.000000 38.398499 24.655211
    endloop
  endfacet
  facet normal -0.309018 -0.951056 -0.000000
    outer loop
      vertex -31.000000 38.398499 24.000000
      vertex -30.781492 38.327501 24.707107
      vertex -31.000000 38.398499 24.655211
    endloop
  endfacet
  facet normal -0.309018 -0.951056 0.000000
    outer loop
      vertex -31.000000 38.398499 24.000000
      vertex -30.781492 38.327501 24.000000
      vertex -30.781492 38.327501 24.707107
    endloop
  endfacet
  facet normal 1.000000 0.000000 0.000000
    outer loop
      vertex -31.000000 38.398499 24.655211
      vertex -31.000000 38.190983 24.587785
      vertex -31.000000 38.190983 24.000000
    endloop
  endfacet
  facet normal 1.000000 -0.000000 0.000000
    outer loop
      vertex -31.000000 38.398499 24.000000
      vertex -31.000000 38.398499 24.655211
      vertex -31.000000 38.190983 24.000000
    endloop
  endfacet
  facet normal 0.809017 -0.587785 0.000000
    outer loop
      vertex -30.781492 38.327501 24.707107
      vertex -30.781492 38.327501 24.000000
      vertex -30.292893 39.000000 24.000000
    endloop
  endfacet
  facet normal 0.809017 -0.587785 0.000000
    outer loop
      vertex -30.292893 39.000000 24.707107
      vertex -30.781492 38.327501 24.707107
      vertex -30.292893 39.000000 24.000000
    endloop
  endfacet
  facet normal 0.809017 0.587785 0.000000
    outer loop
      vertex -30.292893 39.000000 24.441782
      vertex -30.379102 39.118657 24.707107
      vertex -30.292893 39.000000 24.707107
    endloop
  endfacet
  facet normal 0.000000 0.000000 0.000000
    outer loop
      vertex -30.292893 39.000000 24.000000
      vertex -30.292893 39.000000 24.441782
      vertex -30.292893 39.000000 24.707107
    endloop
  endfacet
  facet normal 0.000000 -1.000000 0.000000
    outer loop
      vertex -30.149349 39.000000 24.000000
      vertex -30.292893 39.000000 24.441782
      vertex -30.292893 39.000000 24.000000
    endloop
  endfacet
  facet normal 0.809017 -0.587785 0.000000
    outer loop
      vertex -30.690983 38.048943 24.000000
      vertex -30.690983 38.048943 3.000000
      vertex -30.000000 39.000000 3.000000
    endloop
  endfacet
  facet normal 0.809017 -0.587785 0.000000
    outer loop
      vertex -30.000000 39.000000 24.000000
      vertex -30.690983 38.048943 24.000000
      vertex -30.000000 39.000000 3.000000
    endloop
  endfacet
  facet normal -0.309018 -0.951056 0.000000
    outer loop
      vertex -31.000000 38.149349 24.000000
      vertex -31.000000 38.149349 3.000000
      vertex -30.690983 38.048943 3.000000
    endloop
  endfacet
  facet normal -0.309018 -0.951056 0.000000
    outer loop
      vertex -30.690983 38.048943 24.000000
      vertex -31.000000 38.149349 24.000000
      vertex -30.690983 38.048943 3.000000
    endloop
  endfacet
  facet normal 1.000000 0.000000 -0.000000
    outer loop
      vertex -31.000000 38.000000 24.000000
      vertex -31.000000 38.000000 3.000000
      vertex -31.000000 38.149349 3.000000
    endloop
  endfacet
  facet normal 1.000000 0.000000 0.000000
    outer loop
      vertex -31.000000 38.149349 24.000000
      vertex -31.000000 38.000000 24.000000
      vertex -31.000000 38.149349 3.000000
    endloop
  endfacet
  facet normal -0.000000 0.000000 1.000000
    outer loop
      vertex -30.690983 -38.048943 3.000000
      vertex -31.000000 -38.000000 3.000000
      vertex -31.000000 -38.149349 3.000000
    endloop
  endfacet
  facet normal 0.000000 0.000000 1.000000
    outer loop
      vertex 30.000000 -46.000000 3.000000
      vertex -31.000000 -38.000000 3.000000
      vertex -30.690983 -38.048943 3.000000
    endloop
  endfacet
  facet normal 0.000000 0.000000 1.000000
    outer loop
      vertex 30.000000 -39.000000 3.000000
      vertex 30.190983 -39.000000 3.000000
      vertex -31.000000 -38.000000 3.000000
    endloop
  endfacet
  facet normal 0.000000 0.000000 1.000000
    outer loop
      vertex -38.000000 -38.000000 3.000000
      vertex -31.000000 -38.000000 3.000000
      vertex 38.000000 38.000000 3.000000
    endloop
  endfacet
  facet normal 0.000000 0.000000 1.000000
    outer loop
      vertex 30.000000 -46.000000 3.000000
      vertex -30.690983 -38.048943 3.000000
      vertex -30.000000 -39.000000 3.000000
    endloop
  endfacet
  facet normal 0.000000 0.000000 1.000000
    outer loop
      vertex -30.000000 -46.000000 3.000000
      vertex 30.000000 -46.000000 3.000000
      vertex -30.000000 -39.000000 3.000000
    endloop
  endfacet
  facet normal 0.000000 0.000000 1.000000
    outer loop
      vertex 30.000000 -46.000000 3.000000
      vertex 30.000000 -39.000000 3.000000
      vertex -31.000000 -38.000000 3.000000
    endloop
  endfacet
  facet normal 0.000000 0.000000 1.000000
    outer loop
      vertex 30.190983 -38.412215 3.000000
      vertex 31.000000 -38.149349 3.000000
      vertex -31.000000 -38.000000 3.000000
    endloop
  endfacet
  facet normal 0.000000 0.000000 1.000000
    outer loop
      vertex 30.190983 -39.000000 3.000000
      vertex 30.190983 -38.412215 3.000000
      vertex -31.000000 -38.000000 3.000000
    endloop
  endfacet
  facet normal -0.000000 0.000000 1.000000
    outer loop
      vertex 31.000000 -38.000000 3.000000
      vertex 38.000000 38.000000 3.000000
      vertex -31.000000 -38.000000 3.000000
    endloop
  endfacet
  facet normal 0.000000 0.000000 1.000000
    outer loop
      vertex 31.000000 -38.149349 3.000000
      vertex 31.000000 -38.000000 3.000000
      vertex -31.000000 -38.000000 3.000000
    endloop
  endfacet
  facet normal -0.000000 0.000000 1.000000
    outer loop
      vertex 31.000000 38.000000 3.000000
      vertex 31.000000 38.149349 3.000000
      vertex -38.000000 -38.000000 3.000000
    endloop
  endfacet
  facet normal -0.000000 0.000000 1.000000
    outer loop
      vertex 38.000000 -38.000000 3.000000
      vertex 38.000000 38.000000 3.000000
      vertex 31.000000 -38.000000 3.000000
    endloop
  endfacet
  facet normal 0.000000 0.000000 1.000000
    outer loop
      vertex 38.000000 38.000000 3.000000
      vertex 31.000000 38.000000 3.000000
      vertex -38.000000 -38.000000 3.000000
    endloop
  endfacet
  facet normal -0.000000 0.000000 1.000000
    outer loop
      vertex 30.190983 38.412215 3.000000
      vertex 30.190983 39.000000 3.000000
      vertex -38.000000 -38.000000 3.000000
    endloop
  endfacet
  facet normal -0.000000 0.000000 1.000000
    outer loop
      vertex 30.000000 39.000000 3.000000
      vertex 30.000000 46.000000 3.000000
      vertex -38.000000 -38.000000 3.000000
    endloop
  endfacet
  facet normal -0.000000 0.000000 1.000000
    outer loop
      vertex 31.000000 38.149349 3.000000
      vertex 30.190983 38.412215 3.000000
      vertex -38.000000 -38.000000 3.000000
    endloop
  endfacet
  facet normal 0.000000 0.000000 1.000000
    outer loop
      vertex 30.190983 39.000000 3.000000
      vertex 30.000000 39.000000 3.000000
      vertex -38.000000 -38.000000 3.000000
    endloop
  endfacet
  facet normal 0.000000 0.000000 1.000000
    outer loop
      vertex 6.899187 42.461622 3.000000
      vertex 9.000000 41.526279 3.000000
      vertex 30.000000 46.000000 3.000000
    endloop
  endfacet
  facet normal -0.000000 0.000000 1.000000
    outer loop
      vertex -7.500000 32.000000 3.000000
      vertex -30.000000 39.000000 3.000000
      vertex -38.000000 -38.000000 3.000000
    endloop
  endfacet
  facet normal -0.000000 0.000000 1.000000
    outer loop
      vertex 2.350187 42.939741 3.000000
      vertex -30.000000 46.000000 3.000000
      vertex -30.000000 39.000000 3.000000
    endloop
  endfacet
  facet normal 0.000000 0.000000 1.000000
    outer loop
      vertex -30.000000 39.000000 3.000000
      vertex -30.690983 38.048943 3.000000
      vertex -38.000000 -38.000000 3.000000
    endloop
  endfacet
  facet normal -0.000000 0.000000 1.000000
    outer loop
      vertex 0.100813 42.461622 3.000000
      vertex 2.350187 42.939741 3.000000
      vertex -30.000000 39.000000 3.000000
    endloop
  endfacet
  facet normal 0.000000 0.000000 1.000000
    outer loop
      vertex -31.000000 38.000000 3.000000
      vertex -38.000000 38.000000 3.000000
      vertex -38.000000 -38.000000 3.000000
    endloop
  endfacet
  facet normal 0.000000 0.000000 1.000000
    outer loop
      vertex 4.649813 42.939741 3.000000
      vertex 6.899187 42.461622 3.000000
      vertex 30.000000 46.000000 3.000000
    endloop
  endfacet
  facet normal -0.000000 0.000000 1.000000
    outer loop
      vertex -7.259624 29.712971 3.000000
      vertex -7.500000 32.000000 3.000000
      vertex -38.000000 -38.000000 3.000000
    endloop
  endfacet
  facet normal -0.000000 0.000000 1.000000
    outer loop
      vertex -7.259624 34.287029 3.000000
      vertex -30.000000 39.000000 3.000000
      vertex -7.500000 32.000000 3.000000
    endloop
  endfacet
  facet normal 0.000000 0.000000 1.000000
    outer loop
      vertex 10.860437 23.825407 3.000000
      vertex 9.000000 22.473721 3.000000
      vertex -38.000000 -38.000000 3.000000
    endloop
  endfacet
  facet normal -0.000000 0.000000 1.000000
    outer loop
      vertex -6.549000 36.474103 3.000000
      vertex -30.000000 39.000000 3.000000
      vertex -7.259624 34.287029 3.000000
    endloop
  endfacet
  facet normal -0.000000 0.000000 1.000000
    outer loop
      vertex -5.399187 38.465638 3.000000
      vertex -30.000000 39.000000 3.000000
      vertex -6.549000 36.474103 3.000000
    endloop
  endfacet
  facet normal 0.000000 0.000000 1.000000
    outer loop
      vertex -3.860437 40.174593 3.000000
      vertex -30.000000 39.000000 3.000000
      vertex -5.399187 38.465638 3.000000
    endloop
  endfacet
  facet normal 0.000000 0.000000 1.000000
    outer loop
      vertex 9.000000 41.526279 3.000000
      vertex 10.860437 40.174593 3.000000
      vertex 30.000000 46.000000 3.000000
    endloop
  endfacet
  facet normal 0.000000 0.000000 1.000000
    outer loop
      vertex -2.000000 41.526279 3.000000
      vertex -30.000000 39.000000 3.000000
      vertex -3.860437 40.174593 3.000000
    endloop
  endfacet
  facet normal 0.000000 0.000000 1.000000
    outer loop
      vertex 0.100813 42.461622 3.000000
      vertex -30.000000 39.000000 3.000000
      vertex -2.000000 41.526279 3.000000
    endloop
  endfacet
  facet normal 0.000000 0.000000 1.000000
    outer loop
      vertex 2.350187 42.939741 3.000000
      vertex 4.649813 42.939741 3.000000
      vertex 30.000000 46.000000 3.000000
    endloop
  endfacet
  facet normal 0.000000 0.000000 1.000000
    outer loop
      vertex 30.000000 46.000000 3.000000
      vertex -30.000000 46.000000 3.000000
      vertex 2.350187 42.939741 3.000000
    endloop
  endfacet
  facet normal 0.000000 0.000000 1.000000
    outer loop
      vertex 10.860437 40.174593 3.000000
      vertex 12.399187 38.465638 3.000000
      vertex 30.000000 46.000000 3.000000
    endloop
  endfacet
  facet normal 0.000000 0.000000 1.000000
    outer loop
      vertex 6.899187 21.538378 3.000000
      vertex 4.649813 21.060259 3.000000
      vertex -38.000000 -38.000000 3.000000
    endloop
  endfacet
  facet normal -0.000000 0.000000 1.000000
    outer loop
      vertex 2.350187 21.060259 3.000000
      vertex 0.100813 21.538378 3.000000
      vertex -38.000000 -38.000000 3.000000
    endloop
  endfacet
  facet normal 0.000000 0.000000 1.000000
    outer loop
      vertex 30.000000 46.000000 3.000000
      vertex 12.399187 38.465638 3.000000
      vertex 13.549000 36.474103 3.000000
    endloop
  endfacet
  facet normal 0.000000 0.000000 1.000000
    outer loop
      vertex 4.649813 21.060259 3.000000
      vertex 2.350187 21.060259 3.000000
      vertex -38.000000 -38.000000 3.000000
    endloop
  endfacet
  facet normal 0.000000 0.000000 1.000000
    outer loop
      vertex 30.000000 46.000000 3.000000
      vertex 13.549000 36.474103 3.000000
      vertex 14.259624 34.287029 3.000000
    endloop
  endfacet
  facet normal 0.000000 0.000000 1.000000
    outer loop
      vertex 30.000000 46.000000 3.000000
      vertex 14.259624 34.287029 3.000000
      vertex 14.500000 32.000000 3.000000
    endloop
  endfacet
  facet normal 0.000000 0.000000 1.000000
    outer loop
      vertex 30.000000 46.000000 3.000000
      vertex 14.500000 32.000000 3.000000
      vertex 14.259624 29.712971 3.000000
    endloop
  endfacet
  facet normal 0.000000 0.000000 1.000000
    outer loop
      vertex 9.000000 22.473721 3.000000
      vertex 6.899187 21.538378 3.000000
      vertex -38.000000 -38.000000 3.000000
    endloop
  endfacet
  facet normal 0.000000 0.000000 1.000000
    outer loop
      vertex 30.000000 46.000000 3.000000
      vertex 14.259624 29.712971 3.000000
      vertex 13.549000 27.525897 3.000000
    endloop
  endfacet
  facet normal 0.000000 0.000000 1.000000
    outer loop
      vertex 30.000000 46.000000 3.000000
      vertex 12.399187 25.534362 3.000000
      vertex -38.000000 -38.000000 3.000000
    endloop
  endfacet
  facet normal 0.000000 0.000000 1.000000
    outer loop
      vertex 30.000000 46.000000 3.000000
      vertex 13.549000 27.525897 3.000000
      vertex 12.399187 25.534362 3.000000
    endloop
  endfacet
  facet normal 0.000000 0.000000 1.000000
    outer loop
      vertex 12.399187 25.534362 3.000000
      vertex 10.860437 23.825407 3.000000
      vertex -38.000000 -38.000000 3.000000
    endloop
  endfacet
  facet normal -0.000000 0.000000 1.000000
    outer loop
      vertex 0.100813 21.538378 3.000000
      vertex -2.000000 22.473721 3.000000
      vertex -38.000000 -38.000000 3.000000
    endloop
  endfacet
  facet normal -0.000000 0.000000 1.000000
    outer loop
      vertex -2.000000 22.473721 3.000000
      vertex -3.860437 23.825407 3.000000
      vertex -38.000000 -38.000000 3.000000
    endloop
  endfacet
  facet normal -0.000000 0.000000 1.000000
    outer loop
      vertex -3.860437 23.825407 3.000000
      vertex -5.399187 25.534362 3.000000
      vertex -38.000000 -38.000000 3.000000
    endloop
  endfacet
  facet normal -0.000000 0.000000 1.000000
    outer loop
      vertex -5.399187 25.534362 3.000000
      vertex -6.549000 27.525897 3.000000
      vertex -38.000000 -38.000000 3.000000
    endloop
  endfacet
  facet normal -0.000000 0.000000 1.000000
    outer loop
      vertex -6.549000 27.525897 3.000000
      vertex -7.259624 29.712971 3.000000
      vertex -38.000000 -38.000000 3.000000
    endloop
  endfacet
  facet normal 0.000000 0.000000 1.000000
    outer loop
      vertex -30.690983 38.048943 3.000000
      vertex -31.000000 38.000000 3.000000
      vertex -38.000000 -38.000000 3.000000
    endloop
  endfacet
  facet normal -0.000000 0.000000 1.000000
    outer loop
      vertex -30.690983 38.048943 3.000000
      vertex -31.000000 38.149349 3.000000
      vertex -31.000000 38.000000 3.000000
    endloop
  endfacet
  facet normal 0.587785 0.000000 0.809017
    outer loop
      vertex -38.951057 -38.000000 3.690983
      vertex -38.000000 -38.000000 3.000000
      vertex -38.000000 38.000000 3.000000
    endloop
  endfacet
  facet normal 0.587785 0.000000 0.809017
    outer loop
      vertex -38.951057 38.000000 3.690983
      vertex -38.951057 -38.000000 3.690983
      vertex -38.000000 38.000000 3.000000
    endloop
  endfacet
  facet normal 0.951056 0.000000 -0.309018
    outer loop
      vertex -38.850651 38.000000 4.000000
      vertex -38.850651 -38.000000 4.000000
      vertex -38.951057 -38.000000 3.690983
    endloop
  endfacet
  facet normal 0.951056 0.000000 -0.309018
    outer loop
      vertex -38.951057 38.000000 3.690983
      vertex -38.850651 38.000000 4.000000
      vertex -38.951057 -38.000000 3.690983
    endloop
  endfacet
  facet normal 1.000000 0.000000 -0.000000
    outer loop
      vertex -31.000000 -38.149349 24.000000
      vertex -31.000000 -38.149349 3.000000
      vertex -31.000000 -38.000000 3.000000
    endloop
  endfacet
  facet normal 1.000000 0.000000 0.000000
    outer loop
      vertex -31.000000 -38.000000 24.000000
      vertex -31.000000 -38.149349 24.000000
      vertex -31.000000 -38.000000 3.000000
    endloop
  endfacet
  facet normal 0.000000 1.000000 -0.000000
    outer loop
      vertex -31.000000 -39.000000 24.809017
      vertex -30.412215 -39.000000 24.809017
      vertex -31.000000 -39.000000 24.707107
    endloop
  endfacet
  facet normal 0.000000 1.000000 0.000000
    outer loop
      vertex -31.000000 -39.000000 24.707107
      vertex -30.412215 -39.000000 24.809017
      vertex -30.379102 -39.000000 24.707107
    endloop
  endfacet
  facet normal 0.809017 -0.587785 0.000000
    outer loop
      vertex -30.292893 -39.000000 24.707107
      vertex -30.379102 -39.118657 24.707107
      vertex -30.292893 -39.000000 24.441782
    endloop
  endfacet
  facet normal 0.809017 0.587785 0.000000
    outer loop
      vertex -30.292893 -39.000000 24.000000
      vertex -30.781492 -38.327501 24.000000
      vertex -30.781492 -38.327501 24.707107
    endloop
  endfacet
  facet normal 0.809017 0.587785 -0.000000
    outer loop
      vertex -30.292893 -39.000000 24.441782
      vertex -30.292893 -39.000000 24.000000
      vertex -30.781492 -38.327501 24.707107
    endloop
  endfacet
  facet normal 0.809017 0.587785 0.000000
    outer loop
      vertex -30.292893 -39.000000 24.707107
      vertex -30.292893 -39.000000 24.441782
      vertex -30.781492 -38.327501 24.707107
    endloop
  endfacet
  facet normal 0.000000 1.000000 0.000000
    outer loop
      vertex -30.292893 -39.000000 24.000000
      vertex -30.292893 -39.000000 24.441782
      vertex -30.149349 -39.000000 24.000000
    endloop
  endfacet
  facet normal -0.309018 0.951056 0.000000
    outer loop
      vertex -31.000000 -38.149349 3.000000
      vertex -31.000000 -38.149349 24.000000
      vertex -30.690983 -38.048943 3.000000
    endloop
  endfacet
  facet normal -0.309018 0.951056 0.000000
    outer loop
      vertex -30.690983 -38.048943 3.000000
      vertex -31.000000 -38.149349 24.000000
      vertex -30.690983 -38.048943 24.000000
    endloop
  endfacet
  facet normal 0.809017 0.587785 0.000000
    outer loop
      vertex -30.000000 -39.000000 3.000000
      vertex -30.690983 -38.048943 3.000000
      vertex -30.690983 -38.048943 24.000000
    endloop
  endfacet
  facet normal 0.809017 0.587785 -0.000000
    outer loop
      vertex -30.000000 -39.000000 24.000000
      vertex -30.000000 -39.000000 3.000000
      vertex -30.690983 -38.048943 24.000000
    endloop
  endfacet
  facet normal 0.000000 1.000000 0.000000
    outer loop
      vertex 30.000000 -46.000000 3.149349
      vertex 30.000000 -46.000000 3.000000
      vertex -30.000000 -46.000000 3.149349
    endloop
  endfacet
  facet normal 0.000000 1.000000 -0.000000
    outer loop
      vertex -30.000000 -46.000000 3.149349
      vertex 30.000000 -46.000000 3.000000
      vertex -30.000000 -46.000000 3.000000
    endloop
  endfacet
  facet normal -0.000000 0.309018 0.951056
    outer loop
      vertex 30.000000 -46.809017 3.412215
      vertex 30.000000 -46.000000 3.149349
      vertex -30.000000 -46.000000 3.149349
    endloop
  endfacet
  facet normal -0.000000 0.309018 0.951056
    outer loop
      vertex -30.000000 -46.809017 3.412215
      vertex 30.000000 -46.809017 3.412215
      vertex -30.000000 -46.000000 3.149349
    endloop
  endfacet
  facet normal -0.000000 1.000000 0.000000
    outer loop
      vertex 30.000000 -46.809017 3.412215
      vertex -30.000000 -46.809017 3.412215
      vertex 30.000000 -46.809017 4.000000
    endloop
  endfacet
  facet normal 0.000000 1.000000 0.000000
    outer loop
      vertex 30.000000 -46.809017 4.000000
      vertex -30.000000 -46.809017 3.412215
      vertex -30.000000 -46.809017 4.000000
    endloop
  endfacet
  facet normal 0.000000 1.000000 0.000000
    outer loop
      vertex 30.000000 -39.000000 3.000000
      vertex 30.000000 -39.000000 24.000000
      vertex 30.190983 -39.000000 3.000000
    endloop
  endfacet
  facet normal 0.000000 1.000000 0.000000
    outer loop
      vertex 30.190983 -39.000000 3.000000
      vertex 30.000000 -39.000000 24.000000
      vertex 30.190983 -39.000000 24.000000
    endloop
  endfacet
  facet normal -1.000000 -0.000000 -0.000000
    outer loop
      vertex 30.190983 -39.000000 3.000000
      vertex 30.190983 -39.000000 24.000000
      vertex 30.190983 -38.412215 3.000000
    endloop
  endfacet
  facet normal -1.000000 0.000000 0.000000
    outer loop
      vertex 30.190983 -38.412215 3.000000
      vertex 30.190983 -39.000000 24.000000
      vertex 30.190983 -38.412215 24.000000
    endloop
  endfacet
  facet normal -0.309018 0.951056 0.000000
    outer loop
      vertex 30.190983 -38.412215 3.000000
      vertex 30.190983 -38.412215 24.000000
      vertex 31.000000 -38.149349 3.000000
    endloop
  endfacet
  facet normal -0.309018 0.951056 -0.000000
    outer loop
      vertex 31.000000 -38.149349 3.000000
      vertex 30.190983 -38.412215 24.000000
      vertex 31.000000 -38.149349 24.000000
    endloop
  endfacet
  facet normal 0.000000 -0.000000 0.000000
    outer loop
      vertex 31.000000 -38.149349 3.000000
      vertex 31.000000 -38.149349 24.000000
      vertex 31.000000 -38.149349 23.794439
    endloop
  endfacet
  facet normal -1.000000 0.000000 0.000000
    outer loop
      vertex 31.000000 -38.398499 24.548487
      vertex 31.000000 -38.000000 24.000000
      vertex 31.000000 -38.149349 24.000000
    endloop
  endfacet
  facet normal -1.000000 0.000000 0.000000
    outer loop
      vertex 31.000000 -38.398499 24.548487
      vertex 31.000000 -38.149349 24.000000
      vertex 31.000000 -38.398499 24.000000
    endloop
  endfacet
  facet normal -1.000000 0.000000 0.000000
    outer loop
      vertex 31.000000 -38.149349 24.000000
      vertex 31.000000 -38.000000 24.000000
      vertex 31.000000 -38.149349 23.794439
    endloop
  endfacet
  facet normal -0.309018 0.951056 0.000000
    outer loop
      vertex 30.427939 -38.584373 24.000000
      vertex 30.427939 -38.584373 24.707107
      vertex 31.000000 -38.398499 24.000000
    endloop
  endfacet
  facet normal -0.309018 0.951056 0.000000
    outer loop
      vertex 31.000000 -38.398499 24.548487
      vertex 30.427939 -38.584373 24.707107
      vertex 31.218508 -38.327501 24.707107
    endloop
  endfacet
  facet normal -0.309018 0.951056 0.000000
    outer loop
      vertex 31.000000 -38.398499 24.000000
      vertex 30.427939 -38.584373 24.707107
      vertex 31.000000 -38.398499 24.548487
    endloop
  endfacet
  facet normal -0.309018 0.951056 0.000000
    outer loop
      vertex 31.000000 -38.398499 24.548487
      vertex 31.218508 -38.327501 24.707107
      vertex 31.218508 -38.327501 24.450767
    endloop
  endfacet
  facet normal -1.000000 -0.000000 -0.000000
    outer loop
      vertex 30.427939 -39.000000 24.000000
      vertex 30.427939 -39.000000 24.707107
      vertex 30.427939 -38.584373 24.000000
    endloop
  endfacet
  facet normal -1.000000 0.000000 0.000000
    outer loop
      vertex 30.427939 -38.584373 24.000000
      vertex 30.427939 -39.000000 24.707107
      vertex 30.427939 -38.584373 24.707107
    endloop
  endfacet
  facet normal 0.000000 1.000000 0.000000
    outer loop
      vertex 30.149349 -39.000000 24.000000
      vertex 30.412215 -39.000000 24.809017
      vertex 30.427939 -39.000000 24.000000
    endloop
  endfacet
  facet normal 0.000000 1.000000 0.000000
    outer loop
      vertex 30.427939 -39.000000 24.707107
      vertex 30.412215 -39.000000 24.809017
      vertex 31.000000 -39.000000 24.809017
    endloop
  endfacet
  facet normal 0.000000 1.000000 0.000000
    outer loop
      vertex 30.427939 -39.000000 24.000000
      vertex 30.412215 -39.000000 24.809017
      vertex 30.427939 -39.000000 24.707107
    endloop
  endfacet
  facet normal 0.000000 1.000000 0.000000
    outer loop
      vertex 30.427939 -39.000000 24.707107
      vertex 31.000000 -39.000000 24.809017
      vertex 31.000000 -39.000000 24.707107
    endloop
  endfacet
  facet normal -1.000000 -0.000000 0.000000
    outer loop
      vertex 31.000000 -39.128136 24.809017
      vertex 31.000000 -38.690983 24.951057
      vertex 31.000000 -39.000000 24.809017
    endloop
  endfacet
  facet normal -1.000000 -0.000000 0.000000
    outer loop
      vertex 31.000000 -39.000000 24.809017
      vertex 31.000000 -38.690983 24.951057
      vertex 31.000000 -38.513743 24.707107
    endloop
  endfacet
  facet normal -1.000000 0.000000 0.000000
    outer loop
      vertex 31.000000 -39.000000 24.809017
      vertex 31.000000 -38.513743 24.707107
      vertex 31.000000 -39.000000 24.707107
    endloop
  endfacet
  facet normal 0.000000 -0.000000 1.000000
    outer loop
      vertex 30.427939 -38.584373 24.707107
      vertex 30.427939 -39.000000 24.707107
      vertex 31.000000 -39.000000 24.707107
    endloop
  endfacet
  facet normal 0.000000 0.000000 1.000000
    outer loop
      vertex 31.218508 -38.327501 24.707107
      vertex 30.427939 -38.584373 24.707107
      vertex 31.000000 -38.513743 24.707107
    endloop
  endfacet
  facet normal 0.000000 0.000000 1.000000
    outer loop
      vertex 31.000000 -38.513743 24.707107
      vertex 30.427939 -38.584373 24.707107
      vertex 31.000000 -39.000000 24.707107
    endloop
  endfacet
  facet normal 0.000000 -0.000000 1.000000
    outer loop
      vertex 31.218508 -38.327501 24.707107
      vertex 31.000000 -38.513743 24.707107
      vertex 31.353821 -38.513743 24.707107
    endloop
  endfacet
  facet normal 0.809017 0.587785 0.000000
    outer loop
      vertex 31.353821 -38.513743 24.707107
      vertex 31.218508 -38.327501 24.450767
      vertex 31.218508 -38.327501 24.707107
    endloop
  endfacet
  facet normal -1.000000 -0.000000 -0.000000
    outer loop
      vertex 31.000000 -38.149349 3.000000
      vertex 31.000000 -38.149349 23.794439
      vertex 31.000000 -38.000000 3.000000
    endloop
  endfacet
  facet normal -1.000000 0.000000 0.000000
    outer loop
      vertex 31.000000 -38.000000 3.000000
      vertex 31.000000 -38.149349 23.794439
      vertex 31.000000 -38.000000 24.000000
    endloop
  endfacet
  facet normal -0.000000 0.000000 0.000000
    outer loop
      vertex 38.000000 12.500000 3.000000
      vertex 38.000000 38.000000 3.000000
      vertex 38.000000 -38.000000 3.000000
    endloop
  endfacet
  facet normal -0.587785 -0.000000 0.809017
    outer loop
      vertex 38.000000 -38.000000 3.000000
      vertex 38.951057 -38.000000 3.690983
      vertex 38.951057 38.000000 3.690983
    endloop
  endfacet
  facet normal -0.000000 0.000000 -0.000000
    outer loop
      vertex 38.000000 12.500000 3.000000
      vertex 38.000000 -38.000000 3.000000
      vertex 38.000000 38.000000 3.000000
    endloop
  endfacet
  facet normal -0.587785 -0.000000 0.809017
    outer loop
      vertex 38.000000 38.000000 3.000000
      vertex 38.000000 -38.000000 3.000000
      vertex 38.951057 38.000000 3.690983
    endloop
  endfacet
  facet normal -0.951056 -0.000000 -0.309018
    outer loop
      vertex 38.951057 -38.000000 3.690983
      vertex 38.850651 -38.000000 4.000000
      vertex 38.951057 38.000000 3.690983
    endloop
  endfacet
  facet normal -0.951056 -0.000000 -0.309018
    outer loop
      vertex 38.951057 38.000000 3.690983
      vertex 38.850651 -38.000000 4.000000
      vertex 38.850651 38.000000 4.000000
    endloop
  endfacet
  facet normal -1.000000 -0.000000 -0.000000
    outer loop
      vertex 31.000000 38.000000 3.000000
      vertex 31.000000 38.000000 24.000000
      vertex 31.000000 38.149349 3.000000
    endloop
  endfacet
  facet normal -1.000000 0.000000 0.000000
    outer loop
      vertex 31.000000 38.149349 3.000000
      vertex 31.000000 38.000000 24.000000
      vertex 31.000000 38.149349 24.000000
    endloop
  endfacet
  facet normal -1.000000 -0.000000 -0.000000
    outer loop
      vertex 30.190983 38.412215 3.000000
      vertex 30.190983 38.412215 24.000000
      vertex 30.190983 39.000000 3.000000
    endloop
  endfacet
  facet normal -1.000000 0.000000 0.000000
    outer loop
      vertex 30.190983 39.000000 23.587785
      vertex 30.190983 38.412215 24.000000
      vertex 30.190983 39.000000 24.000000
    endloop
  endfacet
  facet normal -1.000000 0.000000 0.000000
    outer loop
      vertex 30.190983 39.000000 3.000000
      vertex 30.190983 38.412215 24.000000
      vertex 30.190983 39.000000 23.587785
    endloop
  endfacet
  facet normal 0.000000 -1.000000 0.000000
    outer loop
      vertex 30.190983 39.000000 24.000000
      vertex 30.048943 39.000000 23.690983
      vertex 30.190983 39.000000 23.587785
    endloop
  endfacet
  facet normal 0.000000 -1.000000 0.000000
    outer loop
      vertex 30.412215 39.000000 24.809017
      vertex 30.048943 39.000000 23.690983
      vertex 30.190983 39.000000 24.000000
    endloop
  endfacet
  facet normal 0.000000 -1.000000 0.000000
    outer loop
      vertex 30.427939 39.000000 24.707107
      vertex 30.412215 39.000000 24.809017
      vertex 30.427939 39.000000 24.000000
    endloop
  endfacet
  facet normal 0.000000 -1.000000 0.000000
    outer loop
      vertex 31.000000 39.000000 24.707107
      vertex 30.412215 39.000000 24.809017
      vertex 30.427939 39.000000 24.707107
    endloop
  endfacet
  facet normal 0.000000 -1.000000 0.000000
    outer loop
      vertex 31.000000 39.000000 24.809017
      vertex 30.412215 39.000000 24.809017
      vertex 31.000000 39.000000 24.707107
    endloop
  endfacet
  facet normal -0.000000 -1.000000 0.000000
    outer loop
      vertex 30.190983 39.000000 24.000000
      vertex 30.427939 39.000000 24.000000
      vertex 30.412215 39.000000 24.809017
    endloop
  endfacet
  facet normal -1.000000 -0.000000 -0.000000
    outer loop
      vertex 30.427939 38.584373 24.000000
      vertex 30.427939 38.584373 24.707107
      vertex 30.427939 39.000000 24.000000
    endloop
  endfacet
  facet normal -1.000000 0.000000 0.000000
    outer loop
      vertex 30.427939 39.000000 24.000000
      vertex 30.427939 38.584373 24.707107
      vertex 30.427939 39.000000 24.707107
    endloop
  endfacet
  facet normal -0.309018 -0.951056 0.000000
    outer loop
      vertex 30.427939 38.584373 24.707107
      vertex 30.427939 38.584373 24.000000
      vertex 31.000000 38.398499 24.000000
    endloop
  endfacet
  facet normal -0.309018 -0.951056 0.000000
    outer loop
      vertex 31.218508 38.327501 24.707107
      vertex 30.427939 38.584373 24.707107
      vertex 31.000000 38.398499 24.655211
    endloop
  endfacet
  facet normal -0.309018 -0.951056 0.000000
    outer loop
      vertex 31.000000 38.398499 24.655211
      vertex 30.427939 38.584373 24.707107
      vertex 31.000000 38.398499 24.000000
    endloop
  endfacet
  facet normal -0.309018 -0.951056 0.000000
    outer loop
      vertex 31.218508 38.327501 24.707107
      vertex 31.000000 38.398499 24.655211
      vertex 31.218508 38.327501 24.632142
    endloop
  endfacet
  facet normal -1.000000 -0.000000 0.000000
    outer loop
      vertex 31.000000 38.190983 24.587785
      vertex 31.000000 38.398499 24.655211
      vertex 31.000000 38.190983 24.000000
    endloop
  endfacet
  facet normal -1.000000 -0.000000 0.000000
    outer loop
      vertex 31.000000 38.190983 24.000000
      vertex 31.000000 38.398499 24.655211
      vertex 31.000000 38.398499 24.000000
    endloop
  endfacet
  facet normal -0.309018 -0.951056 0.000000
    outer loop
      vertex 30.190983 38.412215 24.000000
      vertex 30.190983 38.412215 3.000000
      vertex 31.000000 38.149349 3.000000
    endloop
  endfacet
  facet normal -0.309018 -0.951056 0.000000
    outer loop
      vertex 31.000000 38.149349 24.000000
      vertex 30.190983 38.412215 24.000000
      vertex 31.000000 38.149349 3.000000
    endloop
  endfacet
  facet normal 0.809017 -0.587785 0.000000
    outer loop
      vertex 31.218508 38.327501 24.707107
      vertex 31.218508 38.327501 24.632142
      vertex 31.386133 38.558218 24.707107
    endloop
  endfacet
  facet normal 0.000000 -0.000000 1.000000
    outer loop
      vertex 30.427939 39.000000 24.707107
      vertex 30.427939 38.584373 24.707107
      vertex 31.218508 38.327501 24.707107
    endloop
  endfacet
  facet normal -0.000000 -0.000000 1.000000
    outer loop
      vertex 31.000000 38.558218 24.707107
      vertex 30.427939 39.000000 24.707107
      vertex 31.218508 38.327501 24.707107
    endloop
  endfacet
  facet normal 0.000000 0.000000 1.000000
    outer loop
      vertex 31.386133 38.558218 24.707107
      vertex 31.000000 38.558218 24.707107
      vertex 31.218508 38.327501 24.707107
    endloop
  endfacet
  facet normal 0.000000 0.000000 1.000000
    outer loop
      vertex 31.000000 38.558218 24.707107
      vertex 31.000000 39.000000 24.707107
      vertex 30.427939 39.000000 24.707107
    endloop
  endfacet
  facet normal -1.000000 0.000000 0.000000
    outer loop
      vertex 31.000000 38.558218 24.707107
      vertex 31.000000 39.309017 24.951057
      vertex 31.000000 39.000000 24.809017
    endloop
  endfacet
  facet normal -1.000000 -0.000000 0.000000
    outer loop
      vertex 31.000000 38.558218 24.707107
      vertex 31.000000 39.000000 24.809017
      vertex 31.000000 39.000000 24.707107
    endloop
  endfacet
  facet normal -1.000000 -0.000000 0.000000
    outer loop
      vertex 31.000000 39.000000 24.809017
      vertex 31.000000 39.309017 24.951057
      vertex 31.000000 39.412215 24.809017
    endloop
  endfacet
  facet normal 0.000000 -1.000000 0.000000
    outer loop
      vertex 30.000000 39.000000 24.000000
      vertex 30.000000 39.000000 3.000000
      vertex 30.190983 39.000000 3.000000
    endloop
  endfacet
  facet normal 0.000000 -1.000000 0.000000
    outer loop
      vertex 30.048943 39.000000 23.690983
      vertex 30.000000 39.000000 24.000000
      vertex 30.190983 39.000000 3.000000
    endloop
  endfacet
  facet normal 0.000000 -1.000000 0.000000
    outer loop
      vertex 30.190983 39.000000 23.587785
      vertex 30.048943 39.000000 23.690983
      vertex 30.190983 39.000000 3.000000
    endloop
  endfacet
  facet normal 0.000000 -1.000000 -0.000000
    outer loop
      vertex 30.048943 39.000000 23.690983
      vertex 30.149349 39.000000 24.000000
      vertex 30.000000 39.000000 24.000000
    endloop
  endfacet
  facet normal 0.000000 -1.000000 0.000000
    outer loop
      vertex 30.000000 46.000000 3.000000
      vertex 30.000000 46.000000 3.149349
      vertex -30.000000 46.000000 3.149349
    endloop
  endfacet
  facet normal -0.000000 -1.000000 -0.000000
    outer loop
      vertex -30.000000 46.000000 3.000000
      vertex 30.000000 46.000000 3.000000
      vertex -30.000000 46.000000 3.149349
    endloop
  endfacet
  facet normal -0.000000 0.309018 0.951056
    outer loop
      vertex 30.000000 46.000000 3.149349
      vertex 30.000000 46.309017 3.048943
      vertex -30.000000 46.309017 3.048943
    endloop
  endfacet
  facet normal -0.000000 0.309018 0.951056
    outer loop
      vertex -30.000000 46.000000 3.149349
      vertex 30.000000 46.000000 3.149349
      vertex -30.000000 46.309017 3.048943
    endloop
  endfacet
  facet normal 0.000000 -0.809017 0.587785
    outer loop
      vertex 30.000000 46.309017 3.048943
      vertex 30.000000 47.000000 4.000000
      vertex 0.000000 47.000000 4.000000
    endloop
  endfacet
  facet normal -0.000000 -0.809017 0.587785
    outer loop
      vertex -30.000000 46.309017 3.048943
      vertex 30.000000 46.309017 3.048943
      vertex -30.000000 47.000000 4.000000
    endloop
  endfacet
  facet normal -0.000000 -0.809017 0.587785
    outer loop
      vertex -30.000000 47.000000 4.000000
      vertex 30.000000 46.309017 3.048943
      vertex 0.000000 47.000000 4.000000
    endloop
  endfacet
  facet normal 0.809017 -0.587785 0.000000
    outer loop
      vertex 41.707107 49.000000 0.513743
      vertex 41.403133 48.581615 0.292893
      vertex 41.707107 49.000000 0.292893
    endloop
  endfacet
  facet normal 0.587785 -0.000000 -0.809017
    outer loop
      vertex 41.000000 49.000000 0.000000
      vertex 41.403133 49.000000 0.292893
      vertex 41.000000 39.000000 0.000000
    endloop
  endfacet
  facet normal 0.587785 0.000000 -0.809017
    outer loop
      vertex 41.000000 39.000000 0.000000
      vertex 41.403133 49.000000 0.292893
      vertex 41.403133 48.581615 0.292893
    endloop
  endfacet
  facet normal 0.587785 0.000000 -0.809017
    outer loop
      vertex 41.000000 39.000000 0.000000
      vertex 41.403133 48.581615 0.292893
      vertex 41.707107 49.000000 0.513743
    endloop
  endfacet
  facet normal 0.587785 0.000000 -0.809017
    outer loop
      vertex 41.707107 49.000000 0.513743
      vertex 41.951057 49.000000 0.690983
      vertex 41.000000 39.000000 0.000000
    endloop
  endfacet
  facet normal 0.587785 0.000000 -0.809017
    outer loop
      vertex 41.707107 39.000000 0.513743
      vertex 41.951057 49.000000 0.690983
      vertex 41.951057 39.000000 0.690983
    endloop
  endfacet
  facet normal 0.587785 -0.000000 -0.809017
    outer loop
      vertex 41.403133 39.418385 0.292893
      vertex 41.951057 49.000000 0.690983
      vertex 41.707107 39.000000 0.513743
    endloop
  endfacet
  facet normal 0.587785 -0.000000 -0.809017
    outer loop
      vertex 41.000000 39.000000 0.000000
      vertex 41.951057 49.000000 0.690983
      vertex 41.403133 39.418385 0.292893
    endloop
  endfacet
  facet normal 0.587785 0.000000 -0.809017
    outer loop
      vertex 41.000000 39.000000 0.000000
      vertex 41.403133 39.418385 0.292893
      vertex 41.403133 39.000000 0.292893
    endloop
  endfacet
  facet normal 0.000000 0.000000 0.000000
    outer loop
      vertex 41.000000 12.500000 0.000000
      vertex 41.000000 39.000000 0.000000
      vertex 41.000000 -39.000000 0.000000
    endloop
  endfacet
  facet normal 0.587785 0.000000 -0.809017
    outer loop
      vertex 41.000000 -39.000000 0.000000
      vertex 41.000000 39.000000 0.000000
      vertex 41.403133 39.000000 0.292893
    endloop
  endfacet
  facet normal 0.587785 0.000000 -0.809017
    outer loop
      vertex 41.000000 -39.000000 0.000000
      vertex 41.403133 39.000000 0.292893
      vertex 41.403133 38.581615 0.292893
    endloop
  endfacet
  facet normal 0.587785 -0.000000 -0.809017
    outer loop
      vertex 41.000000 -39.000000 0.000000
      vertex 41.403133 38.581615 0.292893
      vertex 41.707107 39.000000 0.513743
    endloop
  endfacet
  facet normal 0.587785 0.000000 -0.809017
    outer loop
      vertex 41.707107 39.000000 0.513743
      vertex 41.951057 39.000000 0.690983
      vertex 41.000000 -39.000000 0.000000
    endloop
  endfacet
  facet normal 0.000000 0.000000 0.000000
    outer loop
      vertex 41.951057 -39.000000 0.690983
      vertex 41.951057 39.000000 0.690983
      vertex 41.951057 -49.000000 0.690983
    endloop
  endfacet
  facet normal 0.587785 0.000000 -0.809017
    outer loop
      vertex 41.403133 -38.581615 0.292893
      vertex 41.951057 39.000000 0.690983
      vertex 41.707107 -39.000000 0.513743
    endloop
  endfacet
  facet normal 0.587785 0.000000 -0.809017
    outer loop
      vertex 41.951057 39.000000 0.690983
      vertex 41.951057 -39.000000 0.690983
      vertex 41.707107 -39.000000 0.513743
    endloop
  endfacet
  facet normal 0.587785 0.000000 -0.809017
    outer loop
      vertex 41.000000 -39.000000 0.000000
      vertex 41.951057 39.000000 0.690983
      vertex 41.403133 -38.581615 0.292893
    endloop
  endfacet
  facet normal 0.587785 0.000000 -0.809017
    outer loop
      vertex 41.000000 -39.000000 0.000000
      vertex 41.403133 -38.581615 0.292893
      vertex 41.403133 -39.000000 0.292893
    endloop
  endfacet
  facet normal 0.809017 0.587785 0.000000
    outer loop
      vertex 41.707107 39.000000 0.292893
      vertex 41.403133 39.418385 0.292893
      vertex 41.707107 39.000000 0.513743
    endloop
  endfacet
  facet normal 0.587785 -0.000000 -0.809017
    outer loop
      vertex 41.000000 -39.000000 0.000000
      vertex 41.403133 -39.000000 0.292893
      vertex 41.000000 -49.000000 0.000000
    endloop
  endfacet
  facet normal 0.587785 0.000000 -0.809017
    outer loop
      vertex 41.000000 -49.000000 0.000000
      vertex 41.403133 -39.000000 0.292893
      vertex 41.403133 -39.418385 0.292893
    endloop
  endfacet
  facet normal 0.587785 0.000000 -0.809017
    outer loop
      vertex 41.000000 -49.000000 0.000000
      vertex 41.403133 -39.418385 0.292893
      vertex 41.707107 -39.000000 0.513743
    endloop
  endfacet
  facet normal 0.587785 0.000000 -0.809017
    outer loop
      vertex 41.707107 -39.000000 0.513743
      vertex 41.951057 -39.000000 0.690983
      vertex 41.000000 -49.000000 0.000000
    endloop
  endfacet
  facet normal 0.587785 0.000000 -0.809017
    outer loop
      vertex 41.707107 -49.000000 0.513743
      vertex 41.951057 -39.000000 0.690983
      vertex 41.951057 -49.000000 0.690983
    endloop
  endfacet
  facet normal 0.587785 -0.000000 -0.809017
    outer loop
      vertex 41.403133 -48.581615 0.292893
      vertex 41.951057 -39.000000 0.690983
      vertex 41.707107 -49.000000 0.513743
    endloop
  endfacet
  facet normal 0.587785 -0.000000 -0.809017
    outer loop
      vertex 41.000000 -49.000000 0.000000
      vertex 41.951057 -39.000000 0.690983
      vertex 41.403133 -48.581615 0.292893
    endloop
  endfacet
  facet normal 0.587785 0.000000 -0.809017
    outer loop
      vertex 41.000000 -49.000000 0.000000
      vertex 41.403133 -48.581615 0.292893
      vertex 41.403133 -49.000000 0.292893
    endloop
  endfacet
  facet normal 0.000000 0.000000 -1.000000
    outer loop
      vertex 40.508437 -49.441782 0.292893
      vertex 41.000000 -49.441782 0.292893
      vertex 41.218508 -49.672499 0.292893
    endloop
  endfacet
  facet normal 0.000000 0.000000 -1.000000
    outer loop
      vertex 41.218508 -49.672499 0.292893
      vertex 41.000000 -49.441782 0.292893
      vertex 41.000000 -49.000000 0.292893
    endloop
  endfacet
  facet normal 0.000000 -0.000000 -1.000000
    outer loop
      vertex 41.218508 -49.672499 0.292893
      vertex 41.000000 -49.000000 0.292893
      vertex 41.403133 -49.000000 0.292893
    endloop
  endfacet
  facet normal -0.000000 -0.000000 -1.000000
    outer loop
      vertex 41.403133 -49.000000 0.292893
      vertex 41.403133 -48.581615 0.292893
      vertex 41.707107 -49.000000 0.292893
    endloop
  endfacet
  facet normal 0.000000 0.000000 -1.000000
    outer loop
      vertex 41.403133 -49.000000 0.292893
      vertex 41.707107 -49.000000 0.292893
      vertex 41.218508 -49.672499 0.292893
    endloop
  endfacet
  facet normal -0.000000 -0.309018 -0.951056
    outer loop
      vertex 40.508437 -49.441782 0.292893
      vertex 41.000000 -49.000000 0.149349
      vertex 41.000000 -49.441782 0.292893
    endloop
  endfacet
  facet normal 0.000000 -0.309018 -0.951056
    outer loop
      vertex 31.000000 -49.809017 0.412215
      vertex 31.218508 -49.672499 0.367858
      vertex 41.000000 -49.809017 0.412215
    endloop
  endfacet
  facet normal 0.000000 -0.309018 -0.951056
    outer loop
      vertex 31.000000 -49.809017 0.412215
      vertex 31.000000 -49.601501 0.344789
      vertex 31.218508 -49.672499 0.367858
    endloop
  endfacet
  facet normal 0.000000 -0.309018 -0.951056
    outer loop
      vertex 31.386133 -49.441782 0.292893
      vertex 31.000000 -49.441782 0.292893
      vertex 31.000000 -49.000000 0.149349
    endloop
  endfacet
  facet normal -0.000000 -0.309018 -0.951056
    outer loop
      vertex 31.386133 -49.441782 0.292893
      vertex 31.000000 -49.000000 0.149349
      vertex 41.000000 -49.809017 0.412215
    endloop
  endfacet
  facet normal 0.000000 -0.309018 -0.951056
    outer loop
      vertex 41.000000 -49.809017 0.412215
      vertex 31.000000 -49.000000 0.149349
      vertex 31.205561 -49.000000 0.149349
    endloop
  endfacet
  facet normal 0.000000 -0.309018 -0.951056
    outer loop
      vertex 40.508437 -49.441782 0.292893
      vertex 31.205561 -49.000000 0.149349
      vertex 41.000000 -49.000000 0.149349
    endloop
  endfacet
  facet normal 0.000000 -0.309018 -0.951056
    outer loop
      vertex 41.000000 -49.809017 0.412215
      vertex 31.205561 -49.000000 0.149349
      vertex 40.508437 -49.441782 0.292893
    endloop
  endfacet
  facet normal -0.000000 -0.309018 -0.951056
    outer loop
      vertex 31.386133 -49.441782 0.292893
      vertex 41.000000 -49.809017 0.412215
      vertex 31.218508 -49.672499 0.367858
    endloop
  endfacet
  facet normal -0.000000 -0.309018 -0.951056
    outer loop
      vertex 41.000000 -49.601501 0.344789
      vertex 41.000000 -49.809017 0.412215
      vertex 40.508437 -49.441782 0.292893
    endloop
  endfacet
  facet normal 0.000000 -0.309018 -0.951056
    outer loop
      vertex -41.000000 -49.809017 0.412215
      vertex -41.000000 -49.601501 0.344789
      vertex -40.781492 -49.672499 0.367858
    endloop
  endfacet
  facet normal 0.000000 -0.309018 -0.951056
    outer loop
      vertex -30.613867 -49.441782 0.292893
      vertex 31.000000 -49.809017 0.412215
      vertex -30.781492 -49.672499 0.367858
    endloop
  endfacet
  facet normal 0.000000 -0.309018 -0.951056
    outer loop
      vertex -40.613867 -49.441782 0.292893
      vertex -41.000000 -49.441782 0.292893
      vertex -41.000000 -49.000000 0.149349
    endloop
  endfacet
  facet normal 0.000000 -0.309018 -0.951056
    outer loop
      vertex 31.000000 -49.441782 0.292893
      vertex -40.794439 -49.000000 0.149349
      vertex 30.794439 -49.000000 0.149349
    endloop
  endfacet
  facet normal 0.000000 -0.309018 -0.951056
    outer loop
      vertex 31.000000 -49.441782 0.292893
      vertex 30.794439 -49.000000 0.149349
      vertex 31.000000 -49.000000 0.149349
    endloop
  endfacet
  facet normal -0.000000 -0.309018 -0.951056
    outer loop
      vertex 30.508437 -49.441782 0.292893
      vertex -40.794439 -49.000000 0.149349
      vertex 31.000000 -49.441782 0.292893
    endloop
  endfacet
  facet normal 0.000000 -0.309018 -0.951056
    outer loop
      vertex 31.000000 -49.809017 0.412215
      vertex -40.781492 -49.672499 0.367858
      vertex -30.781492 -49.672499 0.367858
    endloop
  endfacet
  facet normal 0.000000 -0.309018 -0.951056
    outer loop
      vertex 31.000000 -49.601501 0.344789
      vertex -40.794439 -49.000000 0.149349
      vertex 30.508437 -49.441782 0.292893
    endloop
  endfacet
  facet normal 0.000000 -0.309018 -0.951056
    outer loop
      vertex -41.000000 -49.809017 0.412215
      vertex -40.781492 -49.672499 0.367858
      vertex 31.000000 -49.809017 0.412215
    endloop
  endfacet
  facet normal 0.000000 -0.000000 0.000000
    outer loop
      vertex -41.000000 -49.809017 0.412215
      vertex 31.000000 -49.809017 0.412215
      vertex 41.000000 -49.809017 0.412215
    endloop
  endfacet
  facet normal 0.000000 -0.309018 -0.951056
    outer loop
      vertex -30.781492 -49.672499 0.367858
      vertex -40.613867 -49.441782 0.292893
      vertex -31.491563 -49.441782 0.292893
    endloop
  endfacet
  facet normal -0.000000 -0.309018 -0.951056
    outer loop
      vertex -40.613867 -49.441782 0.292893
      vertex -41.000000 -49.000000 0.149349
      vertex -31.491563 -49.441782 0.292893
    endloop
  endfacet
  facet normal -0.000000 -0.309018 -0.951056
    outer loop
      vertex -31.491563 -49.441782 0.292893
      vertex -41.000000 -49.000000 0.149349
      vertex -30.613867 -49.441782 0.292893
    endloop
  endfacet
  facet normal 0.000000 -0.309018 -0.951056
    outer loop
      vertex -40.613867 -49.441782 0.292893
      vertex -30.781492 -49.672499 0.367858
      vertex -40.781492 -49.672499 0.367858
    endloop
  endfacet
  facet normal 0.000000 -0.309018 -0.951056
    outer loop
      vertex 31.000000 -49.809017 0.412215
      vertex -30.613867 -49.441782 0.292893
      vertex -41.000000 -49.000000 0.149349
    endloop
  endfacet
  facet normal 0.000000 -0.309018 -0.951056
    outer loop
      vertex 31.000000 -49.809017 0.412215
      vertex -41.000000 -49.000000 0.149349
      vertex -40.794439 -49.000000 0.149349
    endloop
  endfacet
  facet normal 0.000000 -0.309018 -0.951056
    outer loop
      vertex 31.000000 -49.809017 0.412215
      vertex -40.794439 -49.000000 0.149349
      vertex 31.000000 -49.601501 0.344789
    endloop
  endfacet
  facet normal 0.809017 -0.587785 0.000000
    outer loop
      vertex -40.781492 -49.672499 0.367858
      vertex -40.781492 -49.672499 0.292893
      vertex -40.613867 -49.441782 0.292893
    endloop
  endfacet
  facet normal -1.000000 0.000000 0.000000
    outer loop
      vertex -41.000000 -49.000000 0.149349
      vertex -41.000000 -49.441782 0.292893
      vertex -41.000000 -49.000000 0.292893
    endloop
  endfacet
  facet normal 0.000000 -1.000000 0.000000
    outer loop
      vertex -40.794439 -49.000000 0.149349
      vertex -41.000000 -49.000000 0.000000
      vertex 31.000000 -49.000000 0.000000
    endloop
  endfacet
  facet normal 0.000000 -1.000000 0.000000
    outer loop
      vertex 30.794439 -49.000000 0.149349
      vertex -40.794439 -49.000000 0.149349
      vertex 31.000000 -49.000000 0.000000
    endloop
  endfacet
  facet normal 0.000000 0.000000 -1.000000
    outer loop
      vertex 41.000000 -49.000000 0.000000
      vertex 31.000000 -49.000000 0.000000
      vertex 31.000000 -39.000000 0.000000
    endloop
  endfacet
  facet normal -0.000000 0.000000 -0.000000
    outer loop
      vertex -41.000000 49.000000 0.000000
      vertex 41.000000 49.000000 0.000000
      vertex 31.000000 49.000000 0.000000
    endloop
  endfacet
  facet normal 0.000000 0.000000 -1.000000
    outer loop
      vertex -3.860437 23.825407 0.000000
      vertex 41.000000 -49.000000 0.000000
      vertex -5.399187 25.534362 0.000000
    endloop
  endfacet
  facet normal 0.000000 0.000000 -1.000000
    outer loop
      vertex 0.100813 21.538378 0.000000
      vertex 41.000000 -49.000000 0.000000
      vertex -2.000000 22.473721 0.000000
    endloop
  endfacet
  facet normal 0.000000 0.000000 -1.000000
    outer loop
      vertex -2.000000 22.473721 0.000000
      vertex 41.000000 -49.000000 0.000000
      vertex -3.860437 23.825407 0.000000
    endloop
  endfacet
  facet normal 0.000000 0.000000 -1.000000
    outer loop
      vertex 2.350187 21.060259 0.000000
      vertex 41.000000 -49.000000 0.000000
      vertex 0.100813 21.538378 0.000000
    endloop
  endfacet
  facet normal 0.000000 0.000000 -1.000000
    outer loop
      vertex 4.649813 21.060259 0.000000
      vertex 41.000000 -49.000000 0.000000
      vertex 2.350187 21.060259 0.000000
    endloop
  endfacet
  facet normal 0.000000 0.000000 -1.000000
    outer loop
      vertex 6.899187 21.538378 0.000000
      vertex 41.000000 -49.000000 0.000000
      vertex 4.649813 21.060259 0.000000
    endloop
  endfacet
  facet normal 0.000000 0.000000 -1.000000
    outer loop
      vertex 9.000000 22.473721 0.000000
      vertex 41.000000 -49.000000 0.000000
      vertex 6.899187 21.538378 0.000000
    endloop
  endfacet
  facet normal 0.000000 0.000000 -1.000000
    outer loop
      vertex 10.860437 23.825407 0.000000
      vertex 41.000000 -49.000000 0.000000
      vertex 9.000000 22.473721 0.000000
    endloop
  endfacet
  facet normal 0.000000 0.000000 -1.000000
    outer loop
      vertex 31.000000 39.000000 0.000000
      vertex 41.000000 -49.000000 0.000000
      vertex 10.860437 23.825407 0.000000
    endloop
  endfacet
  facet normal 0.000000 0.000000 -1.000000
    outer loop
      vertex 31.000000 39.000000 0.000000
      vertex 13.549000 27.525897 0.000000
      vertex 14.259624 29.712971 0.000000
    endloop
  endfacet
  facet normal -0.000000 -0.000000 -1.000000
    outer loop
      vertex 2.350187 42.939741 0.000000
      vertex -41.000000 49.000000 0.000000
      vertex 4.649813 42.939741 0.000000
    endloop
  endfacet
  facet normal 0.000000 0.000000 -1.000000
    outer loop
      vertex 31.000000 39.000000 0.000000
      vertex 6.899187 42.461622 0.000000
      vertex 4.649813 42.939741 0.000000
    endloop
  endfacet
  facet normal 0.000000 0.000000 -1.000000
    outer loop
      vertex 31.000000 39.000000 0.000000
      vertex 10.860437 40.174593 0.000000
      vertex 9.000000 41.526279 0.000000
    endloop
  endfacet
  facet normal 0.000000 0.000000 -1.000000
    outer loop
      vertex 31.000000 39.000000 0.000000
      vertex 13.549000 36.474103 0.000000
      vertex 12.399187 38.465638 0.000000
    endloop
  endfacet
  facet normal 0.000000 0.000000 -1.000000
    outer loop
      vertex 31.000000 39.000000 0.000000
      vertex 14.259624 34.287029 0.000000
      vertex 13.549000 36.474103 0.000000
    endloop
  endfacet
  facet normal 0.000000 0.000000 -1.000000
    outer loop
      vertex 31.000000 39.000000 0.000000
      vertex 12.399187 38.465638 0.000000
      vertex 10.860437 40.174593 0.000000
    endloop
  endfacet
  facet normal 0.000000 0.000000 -1.000000
    outer loop
      vertex 31.000000 39.000000 0.000000
      vertex 9.000000 41.526279 0.000000
      vertex 6.899187 42.461622 0.000000
    endloop
  endfacet
  facet normal 0.000000 0.000000 -1.000000
    outer loop
      vertex 31.000000 39.000000 0.000000
      vertex 4.649813 42.939741 0.000000
      vertex 31.000000 49.000000 0.000000
    endloop
  endfacet
  facet normal 0.000000 0.000000 -1.000000
    outer loop
      vertex 31.000000 39.000000 0.000000
      vertex 14.500000 32.000000 0.000000
      vertex 14.259624 34.287029 0.000000
    endloop
  endfacet
  facet normal -0.000000 0.000000 -1.000000
    outer loop
      vertex 31.000000 49.000000 0.000000
      vertex 41.000000 49.000000 0.000000
      vertex 31.000000 39.000000 0.000000
    endloop
  endfacet
  facet normal 0.000000 0.000000 -1.000000
    outer loop
      vertex 41.000000 49.000000 0.000000
      vertex 41.000000 -49.000000 0.000000
      vertex 31.000000 39.000000 0.000000
    endloop
  endfacet
  facet normal 0.000000 0.000000 -1.000000
    outer loop
      vertex 31.000000 39.000000 0.000000
      vertex 14.259624 29.712971 0.000000
      vertex 14.500000 32.000000 0.000000
    endloop
  endfacet
  facet normal 0.000000 0.000000 -1.000000
    outer loop
      vertex -41.000000 49.000000 0.000000
      vertex 31.000000 49.000000 0.000000
      vertex 4.649813 42.939741 0.000000
    endloop
  endfacet
  facet normal 0.000000 -0.000000 -1.000000
    outer loop
      vertex 0.100813 42.461622 0.000000
      vertex -41.000000 49.000000 0.000000
      vertex 2.350187 42.939741 0.000000
    endloop
  endfacet
  facet normal 0.000000 -0.000000 -1.000000
    outer loop
      vertex -2.000000 41.526279 0.000000
      vertex -41.000000 49.000000 0.000000
      vertex 0.100813 42.461622 0.000000
    endloop
  endfacet
  facet normal 0.000000 0.000000 -1.000000
    outer loop
      vertex 31.000000 39.000000 0.000000
      vertex 12.399187 25.534362 0.000000
      vertex 13.549000 27.525897 0.000000
    endloop
  endfacet
  facet normal 0.000000 0.000000 -1.000000
    outer loop
      vertex 31.000000 39.000000 0.000000
      vertex 10.860437 23.825407 0.000000
      vertex 12.399187 25.534362 0.000000
    endloop
  endfacet
  facet normal 0.000000 0.000000 -1.000000
    outer loop
      vertex -41.000000 49.000000 0.000000
      vertex -2.000000 41.526279 0.000000
      vertex -3.860437 40.174593 0.000000
    endloop
  endfacet
  facet normal 0.000000 0.000000 -1.000000
    outer loop
      vertex -41.000000 49.000000 0.000000
      vertex -3.860437 40.174593 0.000000
      vertex -5.399187 38.465638 0.000000
    endloop
  endfacet
  facet normal 0.000000 0.000000 -1.000000
    outer loop
      vertex -41.000000 49.000000 0.000000
      vertex -5.399187 38.465638 0.000000
      vertex -6.549000 36.474103 0.000000
    endloop
  endfacet
  facet normal 0.000000 0.000000 -1.000000
    outer loop
      vertex -41.000000 49.000000 0.000000
      vertex -6.549000 36.474103 0.000000
      vertex -7.259624 34.287029 0.000000
    endloop
  endfacet
  facet normal 0.000000 0.000000 -1.000000
    outer loop
      vertex -41.000000 49.000000 0.000000
      vertex -7.259624 34.287029 0.000000
      vertex -7.500000 32.000000 0.000000
    endloop
  endfacet
  facet normal 0.000000 0.000000 -1.000000
    outer loop
      vertex -41.000000 49.000000 0.000000
      vertex -7.500000 32.000000 0.000000
      vertex -7.259624 29.712971 0.000000
    endloop
  endfacet
  facet normal 0.000000 0.000000 -1.000000
    outer loop
      vertex -41.000000 49.000000 0.000000
      vertex -7.259624 29.712971 0.000000
      vertex -6.549000 27.525897 0.000000
    endloop
  endfacet
  facet normal 0.000000 0.000000 -1.000000
    outer loop
      vertex -41.000000 49.000000 0.000000
      vertex -6.549000 27.525897 0.000000
      vertex -5.399187 25.534362 0.000000
    endloop
  endfacet
  facet normal 0.000000 0.000000 -1.000000
    outer loop
      vertex -41.000000 49.000000 0.000000
      vertex -5.399187 25.534362 0.000000
      vertex 41.000000 -49.000000 0.000000
    endloop
  endfacet
  facet normal 0.000000 0.000000 -1.000000
    outer loop
      vertex -41.000000 49.000000 0.000000
      vertex 41.000000 -49.000000 0.000000
      vertex 31.000000 -39.000000 0.000000
    endloop
  endfacet
  facet normal 0.000000 0.000000 -1.000000
    outer loop
      vertex -41.000000 49.000000 0.000000
      vertex 31.000000 -39.000000 0.000000
      vertex 31.000000 -49.000000 0.000000
    endloop
  endfacet
  facet normal 0.000000 0.000000 -1.000000
    outer loop
      vertex -41.000000 49.000000 0.000000
      vertex 31.000000 -49.000000 0.000000
      vertex -41.000000 -49.000000 0.000000
    endloop
  endfacet
  facet normal 0.000000 0.000000 -0.000000
    outer loop
      vertex 41.000000 39.000000 0.000000
      vertex 41.000000 -49.000000 0.000000
      vertex 41.000000 49.000000 0.000000
    endloop
  endfacet
  facet normal 0.000000 0.000000 -0.000000
    outer loop
      vertex 41.000000 12.500000 0.000000
      vertex 41.000000 -49.000000 0.000000
      vertex 41.000000 39.000000 0.000000
    endloop
  endfacet
  facet normal 0.000000 0.000000 -0.000000
    outer loop
      vertex 41.000000 -39.000000 0.000000
      vertex 41.000000 -49.000000 0.000000
      vertex 41.000000 12.500000 0.000000
    endloop
  endfacet
  facet normal 0.000000 1.000000 0.000000
    outer loop
      vertex -31.000000 49.000000 0.000000
      vertex -31.205561 49.000000 0.149349
      vertex -30.794439 49.000000 0.149349
    endloop
  endfacet
  facet normal 0.000000 1.000000 0.000000
    outer loop
      vertex 40.794439 49.000000 0.149349
      vertex 41.000000 49.000000 0.149349
      vertex 41.000000 49.000000 0.000000
    endloop
  endfacet
  facet normal 0.000000 1.000000 0.000000
    outer loop
      vertex 41.403133 49.000000 0.292893
      vertex 41.000000 49.000000 0.149349
      vertex 41.000000 49.000000 0.292893
    endloop
  endfacet
  facet normal 0.000000 1.000000 0.000000
    outer loop
      vertex 41.000000 49.000000 0.000000
      vertex 41.000000 49.000000 0.149349
      vertex 41.403133 49.000000 0.292893
    endloop
  endfacet
  facet normal 1.000000 0.000000 0.000000
    outer loop
      vertex 41.000000 49.486257 0.292893
      vertex 41.000000 49.000000 0.292893
      vertex 41.000000 49.000000 0.149349
    endloop
  endfacet
  facet normal 1.000000 0.000000 0.000000
    outer loop
      vertex 41.000000 49.309017 0.048943
      vertex 41.000000 49.486257 0.292893
      vertex 41.000000 49.000000 0.149349
    endloop
  endfacet
  facet normal 0.994522 0.104528 0.000000
    outer loop
      vertex -7.500000 32.000000 3.000000
      vertex -7.259624 29.712971 3.000000
      vertex -7.259624 29.712971 0.000000
    endloop
  endfacet
  facet normal 0.994522 0.104528 0.000000
    outer loop
      vertex -7.500000 32.000000 0.000000
      vertex -7.500000 32.000000 3.000000
      vertex -7.259624 29.712971 0.000000
    endloop
  endfacet
  facet normal 0.994522 -0.104528 0.000000
    outer loop
      vertex -7.259624 34.287029 0.000000
      vertex -7.259624 34.287029 3.000000
      vertex -7.500000 32.000000 3.000000
    endloop
  endfacet
  facet normal 0.994522 -0.104528 0.000000
    outer loop
      vertex -7.500000 32.000000 0.000000
      vertex -7.259624 34.287029 0.000000
      vertex -7.500000 32.000000 3.000000
    endloop
  endfacet
  facet normal 0.951056 0.309017 0.000000
    outer loop
      vertex -7.259624 29.712971 3.000000
      vertex -6.549000 27.525897 3.000000
      vertex -6.549000 27.525897 0.000000
    endloop
  endfacet
  facet normal 0.951056 0.309017 0.000000
    outer loop
      vertex -7.259624 29.712971 0.000000
      vertex -7.259624 29.712971 3.000000
      vertex -6.549000 27.525897 0.000000
    endloop
  endfacet
  facet normal 0.866025 0.500000 0.000000
    outer loop
      vertex -6.549000 27.525897 3.000000
      vertex -5.399187 25.534362 3.000000
      vertex -5.399187 25.534362 0.000000
    endloop
  endfacet
  facet normal 0.866025 0.500000 0.000000
    outer loop
      vertex -6.549000 27.525897 0.000000
      vertex -6.549000 27.525897 3.000000
      vertex -5.399187 25.534362 0.000000
    endloop
  endfacet
  facet normal 0.743145 0.669131 0.000000
    outer loop
      vertex -5.399187 25.534362 3.000000
      vertex -3.860437 23.825407 3.000000
      vertex -3.860437 23.825407 0.000000
    endloop
  endfacet
  facet normal 0.743145 0.669131 0.000000
    outer loop
      vertex -5.399187 25.534362 0.000000
      vertex -5.399187 25.534362 3.000000
      vertex -3.860437 23.825407 0.000000
    endloop
  endfacet
  facet normal 0.587785 0.809017 -0.000000
    outer loop
      vertex -2.000000 22.473721 3.000000
      vertex -2.000000 22.473721 0.000000
      vertex -3.860437 23.825407 3.000000
    endloop
  endfacet
  facet normal 0.587785 0.809017 -0.000000
    outer loop
      vertex -3.860437 23.825407 3.000000
      vertex -2.000000 22.473721 0.000000
      vertex -3.860437 23.825407 0.000000
    endloop
  endfacet
  facet normal 0.406737 0.913545 -0.000000
    outer loop
      vertex 0.100813 21.538378 3.000000
      vertex 0.100813 21.538378 0.000000
      vertex -2.000000 22.473721 3.000000
    endloop
  endfacet
  facet normal 0.406737 0.913545 -0.000000
    outer loop
      vertex -2.000000 22.473721 3.000000
      vertex 0.100813 21.538378 0.000000
      vertex -2.000000 22.473721 0.000000
    endloop
  endfacet
  facet normal 0.207912 0.978148 -0.000000
    outer loop
      vertex 2.350187 21.060259 3.000000
      vertex 2.350187 21.060259 0.000000
      vertex 0.100813 21.538378 3.000000
    endloop
  endfacet
  facet normal 0.207912 0.978148 -0.000000
    outer loop
      vertex 0.100813 21.538378 3.000000
      vertex 2.350187 21.060259 0.000000
      vertex 0.100813 21.538378 0.000000
    endloop
  endfacet
  facet normal 0.000000 1.000000 0.000000
    outer loop
      vertex 4.649813 21.060259 3.000000
      vertex 4.649813 21.060259 0.000000
      vertex 2.350187 21.060259 3.000000
    endloop
  endfacet
  facet normal 0.000000 1.000000 -0.000000
    outer loop
      vertex 2.350187 21.060259 3.000000
      vertex 4.649813 21.060259 0.000000
      vertex 2.350187 21.060259 0.000000
    endloop
  endfacet
  facet normal -0.207912 0.978148 0.000000
    outer loop
      vertex 6.899187 21.538378 3.000000
      vertex 6.899187 21.538378 0.000000
      vertex 4.649813 21.060259 3.000000
    endloop
  endfacet
  facet normal -0.207912 0.978148 0.000000
    outer loop
      vertex 4.649813 21.060259 3.000000
      vertex 6.899187 21.538378 0.000000
      vertex 4.649813 21.060259 0.000000
    endloop
  endfacet
  facet normal -0.406737 0.913545 0.000000
    outer loop
      vertex 9.000000 22.473721 3.000000
      vertex 9.000000 22.473721 0.000000
      vertex 6.899187 21.538378 3.000000
    endloop
  endfacet
  facet normal -0.406737 0.913545 0.000000
    outer loop
      vertex 6.899187 21.538378 3.000000
      vertex 9.000000 22.473721 0.000000
      vertex 6.899187 21.538378 0.000000
    endloop
  endfacet
  facet normal -0.587785 0.809017 0.000000
    outer loop
      vertex 10.860437 23.825407 3.000000
      vertex 10.860437 23.825407 0.000000
      vertex 9.000000 22.473721 3.000000
    endloop
  endfacet
  facet normal -0.587785 0.809017 0.000000
    outer loop
      vertex 9.000000 22.473721 3.000000
      vertex 10.860437 23.825407 0.000000
      vertex 9.000000 22.473721 0.000000
    endloop
  endfacet
  facet normal -0.743145 0.669131 0.000000
    outer loop
      vertex 12.399187 25.534362 3.000000
      vertex 12.399187 25.534362 0.000000
      vertex 10.860437 23.825407 3.000000
    endloop
  endfacet
  facet normal -0.743145 0.669131 0.000000
    outer loop
      vertex 10.860437 23.825407 3.000000
      vertex 12.399187 25.534362 0.000000
      vertex 10.860437 23.825407 0.000000
    endloop
  endfacet
  facet normal -0.866025 0.500000 0.000000
    outer loop
      vertex 13.549000 27.525897 3.000000
      vertex 13.549000 27.525897 0.000000
      vertex 12.399187 25.534362 3.000000
    endloop
  endfacet
  facet normal -0.866025 0.500000 0.000000
    outer loop
      vertex 12.399187 25.534362 3.000000
      vertex 13.549000 27.525897 0.000000
      vertex 12.399187 25.534362 0.000000
    endloop
  endfacet
  facet normal -0.951056 0.309017 0.000000
    outer loop
      vertex 14.259624 29.712971 3.000000
      vertex 14.259624 29.712971 0.000000
      vertex 13.549000 27.525897 3.000000
    endloop
  endfacet
  facet normal -0.951056 0.309017 0.000000
    outer loop
      vertex 13.549000 27.525897 3.000000
      vertex 14.259624 29.712971 0.000000
      vertex 13.549000 27.525897 0.000000
    endloop
  endfacet
  facet normal -0.994522 0.104528 0.000000
    outer loop
      vertex 14.500000 32.000000 3.000000
      vertex 14.500000 32.000000 0.000000
      vertex 14.259624 29.712971 3.000000
    endloop
  endfacet
  facet normal -0.994522 0.104528 0.000000
    outer loop
      vertex 14.259624 29.712971 3.000000
      vertex 14.500000 32.000000 0.000000
      vertex 14.259624 29.712971 0.000000
    endloop
  endfacet
  facet normal -0.994522 -0.104528 0.000000
    outer loop
      vertex 14.500000 32.000000 3.000000
      vertex 14.259624 34.287029 3.000000
      vertex 14.500000 32.000000 0.000000
    endloop
  endfacet
  facet normal -0.994522 -0.104528 0.000000
    outer loop
      vertex 14.500000 32.000000 0.000000
      vertex 14.259624 34.287029 3.000000
      vertex 14.259624 34.287029 0.000000
    endloop
  endfacet
  facet normal -0.951056 -0.309017 0.000000
    outer loop
      vertex 14.259624 34.287029 3.000000
      vertex 13.549000 36.474103 3.000000
      vertex 14.259624 34.287029 0.000000
    endloop
  endfacet
  facet normal -0.951056 -0.309017 0.000000
    outer loop
      vertex 14.259624 34.287029 0.000000
      vertex 13.549000 36.474103 3.000000
      vertex 13.549000 36.474103 0.000000
    endloop
  endfacet
  facet normal -0.866025 -0.500000 0.000000
    outer loop
      vertex 13.549000 36.474103 3.000000
      vertex 12.399187 38.465638 3.000000
      vertex 13.549000 36.474103 0.000000
    endloop
  endfacet
  facet normal -0.866025 -0.500000 0.000000
    outer loop
      vertex 13.549000 36.474103 0.000000
      vertex 12.399187 38.465638 3.000000
      vertex 12.399187 38.465638 0.000000
    endloop
  endfacet
  facet normal -0.743145 -0.669131 0.000000
    outer loop
      vertex 12.399187 38.465638 3.000000
      vertex 10.860437 40.174593 3.000000
      vertex 12.399187 38.465638 0.000000
    endloop
  endfacet
  facet normal -0.743145 -0.669131 0.000000
    outer loop
      vertex 12.399187 38.465638 0.000000
      vertex 10.860437 40.174593 3.000000
      vertex 10.860437 40.174593 0.000000
    endloop
  endfacet
  facet normal -0.587785 -0.809017 -0.000000
    outer loop
      vertex 10.860437 40.174593 0.000000
      vertex 10.860437 40.174593 3.000000
      vertex 9.000000 41.526279 3.000000
    endloop
  endfacet
  facet normal -0.587785 -0.809017 -0.000000
    outer loop
      vertex 9.000000 41.526279 0.000000
      vertex 10.860437 40.174593 0.000000
      vertex 9.000000 41.526279 3.000000
    endloop
  endfacet
  facet normal -0.406737 -0.913545 -0.000000
    outer loop
      vertex 9.000000 41.526279 0.000000
      vertex 9.000000 41.526279 3.000000
      vertex 6.899187 42.461622 3.000000
    endloop
  endfacet
  facet normal -0.406737 -0.913545 -0.000000
    outer loop
      vertex 6.899187 42.461622 0.000000
      vertex 9.000000 41.526279 0.000000
      vertex 6.899187 42.461622 3.000000
    endloop
  endfacet
  facet normal -0.207912 -0.978148 -0.000000
    outer loop
      vertex 6.899187 42.461622 0.000000
      vertex 6.899187 42.461622 3.000000
      vertex 4.649813 42.939741 3.000000
    endloop
  endfacet
  facet normal -0.207912 -0.978148 -0.000000
    outer loop
      vertex 4.649813 42.939741 0.000000
      vertex 6.899187 42.461622 0.000000
      vertex 4.649813 42.939741 3.000000
    endloop
  endfacet
  facet normal 0.000000 -1.000000 0.000000
    outer loop
      vertex 4.649813 42.939741 0.000000
      vertex 4.649813 42.939741 3.000000
      vertex 2.350187 42.939741 3.000000
    endloop
  endfacet
  facet normal -0.000000 -1.000000 -0.000000
    outer loop
      vertex 2.350187 42.939741 0.000000
      vertex 4.649813 42.939741 0.000000
      vertex 2.350187 42.939741 3.000000
    endloop
  endfacet
  facet normal 0.207912 -0.978148 0.000000
    outer loop
      vertex 2.350187 42.939741 0.000000
      vertex 2.350187 42.939741 3.000000
      vertex 0.100813 42.461622 3.000000
    endloop
  endfacet
  facet normal 0.207912 -0.978148 0.000000
    outer loop
      vertex 0.100813 42.461622 0.000000
      vertex 2.350187 42.939741 0.000000
      vertex 0.100813 42.461622 3.000000
    endloop
  endfacet
  facet normal 0.406737 -0.913545 0.000000
    outer loop
      vertex 0.100813 42.461622 0.000000
      vertex 0.100813 42.461622 3.000000
      vertex -2.000000 41.526279 3.000000
    endloop
  endfacet
  facet normal 0.406737 -0.913545 0.000000
    outer loop
      vertex -2.000000 41.526279 0.000000
      vertex 0.100813 42.461622 0.000000
      vertex -2.000000 41.526279 3.000000
    endloop
  endfacet
  facet normal 0.587785 -0.809017 0.000000
    outer loop
      vertex -2.000000 41.526279 0.000000
      vertex -2.000000 41.526279 3.000000
      vertex -3.860437 40.174593 3.000000
    endloop
  endfacet
  facet normal 0.587785 -0.809017 0.000000
    outer loop
      vertex -3.860437 40.174593 0.000000
      vertex -2.000000 41.526279 0.000000
      vertex -3.860437 40.174593 3.000000
    endloop
  endfacet
  facet normal 0.743145 -0.669131 0.000000
    outer loop
      vertex -3.860437 40.174593 0.000000
      vertex -3.860437 40.174593 3.000000
      vertex -5.399187 38.465638 3.000000
    endloop
  endfacet
  facet normal 0.743145 -0.669131 0.000000
    outer loop
      vertex -5.399187 38.465638 0.000000
      vertex -3.860437 40.174593 0.000000
      vertex -5.399187 38.465638 3.000000
    endloop
  endfacet
  facet normal 0.866025 -0.500000 0.000000
    outer loop
      vertex -5.399187 38.465638 0.000000
      vertex -5.399187 38.465638 3.000000
      vertex -6.549000 36.474103 3.000000
    endloop
  endfacet
  facet normal 0.866025 -0.500000 0.000000
    outer loop
      vertex -6.549000 36.474103 0.000000
      vertex -5.399187 38.465638 0.000000
      vertex -6.549000 36.474103 3.000000
    endloop
  endfacet
  facet normal 0.951056 -0.309017 0.000000
    outer loop
      vertex -6.549000 36.474103 0.000000
      vertex -6.549000 36.474103 3.000000
      vertex -7.259624 34.287029 3.000000
    endloop
  endfacet
  facet normal 0.951056 -0.309017 0.000000
    outer loop
      vertex -7.259624 34.287029 0.000000
      vertex -6.549000 36.474103 0.000000
      vertex -7.259624 34.287029 3.000000
    endloop
  endfacet
  facet normal 0.000000 0.000000 -1.000000
    outer loop
      vertex 41.707107 39.000000 0.292893
      vertex 41.403133 39.000000 0.292893
      vertex 41.403133 39.418385 0.292893
    endloop
  endfacet
  facet normal 0.000000 -0.000000 -1.000000
    outer loop
      vertex 41.403133 38.581615 0.292893
      vertex 41.403133 39.000000 0.292893
      vertex 41.707107 39.000000 0.292893
    endloop
  endfacet
  facet normal 0.000000 0.000000 -1.000000
    outer loop
      vertex 41.403133 -38.581615 0.292893
      vertex 41.707107 -39.000000 0.292893
      vertex 41.403133 -39.000000 0.292893
    endloop
  endfacet
  facet normal 0.000000 0.000000 -1.000000
    outer loop
      vertex 41.403133 -39.000000 0.292893
      vertex 41.707107 -39.000000 0.292893
      vertex 41.403133 -39.418385 0.292893
    endloop
  endfacet
  facet normal 0.809017 0.587785 -0.000000
    outer loop
      vertex 41.707107 -39.000000 0.292893
      vertex 41.403133 -38.581615 0.292893
      vertex 41.707107 -39.000000 0.513743
    endloop
  endfacet
  facet normal 0.809017 -0.587785 0.000000
    outer loop
      vertex 41.707107 39.000000 0.513743
      vertex 41.403133 38.581615 0.292893
      vertex 41.707107 39.000000 0.292893
    endloop
  endfacet
  facet normal 0.000000 -1.000000 0.000000
    outer loop
      vertex 41.403133 -49.000000 0.292893
      vertex 41.000000 -49.000000 0.149349
      vertex 41.000000 -49.000000 0.000000
    endloop
  endfacet
  facet normal 0.000000 -1.000000 0.000000
    outer loop
      vertex 41.000000 -49.000000 0.292893
      vertex 41.000000 -49.000000 0.149349
      vertex 41.403133 -49.000000 0.292893
    endloop
  endfacet
  facet normal 0.809017 -0.587785 0.000000
    outer loop
      vertex 41.707107 -39.000000 0.513743
      vertex 41.403133 -39.418385 0.292893
      vertex 41.707107 -39.000000 0.292893
    endloop
  endfacet
  facet normal 1.000000 0.000000 0.000000
    outer loop
      vertex 41.000000 -49.000000 0.292893
      vertex 41.000000 -49.441782 0.292893
      vertex 41.000000 -49.000000 0.149349
    endloop
  endfacet
  facet normal 0.000000 -1.000000 0.000000
    outer loop
      vertex 31.205561 -49.000000 0.149349
      vertex 31.000000 -49.000000 0.000000
      vertex 41.000000 -49.000000 0.000000
    endloop
  endfacet
  facet normal 0.000000 -1.000000 0.000000
    outer loop
      vertex 41.000000 -49.000000 0.149349
      vertex 31.205561 -49.000000 0.149349
      vertex 41.000000 -49.000000 0.000000
    endloop
  endfacet
  facet normal 0.000000 0.000000 0.000000
    outer loop
      vertex 31.000000 -39.000000 -0.000000
      vertex 31.000000 -39.000000 0.000000
      vertex 31.000000 -49.000000 -0.000000
    endloop
  endfacet
  facet normal 0.000000 0.000000 0.000000
    outer loop
      vertex 31.000000 -49.000000 -0.000000
      vertex 31.000000 -39.000000 0.000000
      vertex 31.000000 -49.000000 0.000000
    endloop
  endfacet
  facet normal 0.000000 0.000000 0.000000
    outer loop
      vertex 31.000000 -49.000000 -0.000000
      vertex 31.000000 -49.000000 0.000000
      vertex 31.205561 -49.000000 0.149349
    endloop
  endfacet
  facet normal 0.000000 -1.000000 0.000000
    outer loop
      vertex 31.000000 -49.000000 0.149349
      vertex 30.794439 -49.000000 0.149349
      vertex 31.000000 -49.000000 -0.000000
    endloop
  endfacet
  facet normal 0.000000 -1.000000 0.000000
    outer loop
      vertex 31.205561 -49.000000 0.149349
      vertex 31.000000 -49.000000 0.149349
      vertex 31.000000 -49.000000 -0.000000
    endloop
  endfacet
  facet normal 0.000000 0.000000 -1.000000
    outer loop
      vertex 30.508437 -49.441782 0.292893
      vertex 31.000000 -49.441782 0.292893
      vertex 31.218508 -49.672499 0.292893
    endloop
  endfacet
  facet normal 0.000000 0.000000 -1.000000
    outer loop
      vertex 31.386133 -49.441782 0.292893
      vertex 31.218508 -49.672499 0.292893
      vertex 31.000000 -49.441782 0.292893
    endloop
  endfacet
  facet normal 0.809017 -0.587785 0.000000
    outer loop
      vertex 31.218508 -49.672499 0.367858
      vertex 31.218508 -49.672499 0.292893
      vertex 31.386133 -49.441782 0.292893
    endloop
  endfacet
  facet normal -0.309018 -0.951056 -0.000000
    outer loop
      vertex 31.000000 -49.601501 0.344789
      vertex 30.508437 -49.441782 0.292893
      vertex 31.218508 -49.672499 0.292893
    endloop
  endfacet
  facet normal -0.309018 -0.951056 0.000000
    outer loop
      vertex 31.218508 -49.672499 0.367858
      vertex 31.000000 -49.601501 0.344789
      vertex 31.218508 -49.672499 0.292893
    endloop
  endfacet
  facet normal 0.000000 0.000000 0.000000
    outer loop
      vertex 31.000000 -49.000000 -0.000000
      vertex 30.794439 -49.000000 0.149349
      vertex 31.000000 -49.000000 0.000000
    endloop
  endfacet
  facet normal -0.000000 0.000000 -0.000000
    outer loop
      vertex 31.000000 -49.000000 -0.000000
      vertex 31.000000 -49.000000 0.000000
      vertex 31.000000 -39.000000 0.000000
    endloop
  endfacet
  facet normal -0.000000 -0.000000 0.000000
    outer loop
      vertex 31.000000 -49.000000 -0.000000
      vertex 31.000000 -39.000000 0.000000
      vertex 31.000000 -39.000000 -0.000000
    endloop
  endfacet
  facet normal -0.309018 -0.951056 0.000000
    outer loop
      vertex -30.781492 -49.672499 0.367858
      vertex -31.491563 -49.441782 0.292893
      vertex -30.781492 -49.672499 0.292893
    endloop
  endfacet
  facet normal 0.000000 -0.000000 -1.000000
    outer loop
      vertex -30.781492 -49.672499 0.292893
      vertex -31.491563 -49.441782 0.292893
      vertex -30.613867 -49.441782 0.292893
    endloop
  endfacet
  facet normal 0.809017 -0.587785 0.000000
    outer loop
      vertex -30.781492 -49.672499 0.367858
      vertex -30.781492 -49.672499 0.292893
      vertex -30.613867 -49.441782 0.292893
    endloop
  endfacet
  facet normal -0.000000 0.000000 0.000000
    outer loop
      vertex 31.000000 49.000000 0.000000
      vertex 31.000000 49.000000 -0.000000
      vertex 31.000000 39.000000 0.000000
    endloop
  endfacet
  facet normal -0.000000 0.000000 0.000000
    outer loop
      vertex 31.000000 39.000000 0.000000
      vertex 31.000000 49.000000 -0.000000
      vertex 31.000000 39.000000 -0.000000
    endloop
  endfacet
  facet normal 0.000000 0.000000 0.000000
    outer loop
      vertex 31.000000 49.000000 -0.000000
      vertex 31.000000 49.000000 0.000000
      vertex 31.000000 39.000000 -0.000000
    endloop
  endfacet
  facet normal 0.000000 0.000000 0.000000
    outer loop
      vertex 31.000000 39.000000 -0.000000
      vertex 31.000000 49.000000 0.000000
      vertex 31.000000 39.000000 0.000000
    endloop
  endfacet
endsolid OpenSCAD_Model
